t,motion,speed,area,elong
0.0,,,19267.0,1.7317073170731707
0.19999979999999998,12.002317439968444,49.50419372727936,20281.0,1.9745762711864407
0.39999959999999996,6.785994827090717,9.496721391513136,20878.0,2.0252100840336134
0.5999994,9.849991036213696,40.16552516872333,22312.0,2.1166666666666667
0.7999991999999999,10.647997983278014,30.086185348320853,23801.0,2.2241379310344827
0.999999,,238.43988692862106,44509.0,3.3293413173652695
1.1999988,,247.9000765073305,21879.0,2.0491803278688523
1.3999986,,239.59447113865525,47453.0,2.947089947089947
1.5999983999999998,4.139456728317804,66.74857868944041,43146.0,3.0549450549450547
1.7999981999999999,,231.70693826130616,19765.0,1.6031746031746033
1.999998,,7.902817280550523,19639.0,1.5555555555555556
2.1999978,,266.8558536589509,40607.0,3.2941176470588234
2.3999976,,237.78269851131427,19912.0,1.5625
2.5999974,3.2178956089478046,6.872643824802383,19312.0,1.56
2.7999972,4.4286447375173195,11.18198158689195,19487.0,1.6166666666666667
2.999997,4.265540073129756,4.956076045005841,20238.0,1.6147540983606556
3.1999967999999996,4.391440828711939,26.23493088795212,19114.0,1.6722689075630253
3.3999965999999997,,4.612829395109299,19192.0,1.7024793388429753
3.5999963999999998,,3.031065821359678,18711.0,1.65
3.7999962,3.618653568949869,11.20564295858987,18731.0,1.6779661016949152
3.999996,3.401452003226674,9.198066264462634,18595.0,1.6218487394957983
4.1999958,15.028093582636474,58.58114499949752,21286.0,1.1935483870967742
4.3999956,15.903456297773346,74.95499465294705,24072.0,1.079268292682927
4.5999954,12.909608796111863,62.198167309144175,25102.0,1.0365853658536586
4.7999952,6.361482207786902,35.726719537001834,24477.0,0.975609756097561
4.999995,6.060115512893517,21.677236764818627,24586.0,0.975609756097561
5.1999948,,37.46836858427876,25342.0,1.006060606060606
5.399994599999999,,43.94703944399193,24462.0,0.9939024390243902
5.5999944,,25.71592347324362,24872.0,1.0
5.7999941999999995,,259.9074624563767,47378.0,2.30188679245283
5.999994,7.150659841262387,94.27726292949586,42586.0,2.9838709677419355
6.1999938,4.86184925059735,32.820734669669356,41433.0,3.213872832369942
6.399993599999999,,238.69276099419542,19695.0,1.6504065040650406
6.5999934,,257.79177787479705,40383.0,3.3
6.799993199999999,,225.79581920425778,18909.0,1.6
6.999993,3.3295206055508832,8.852604900022197,17835.0,1.6229508196721312
7.1999927999999995,2.38841335525197,3.8065312123861315,17641.0,1.6065573770491803
7.3999926,2.3608028063718445,3.085773437364542,17389.0,1.6198347107438016
7.5999924,,4.340668270253034,17478.0,1.6147540983606556
7.799992199999999,,2.9885321501342066,17308.0,1.6446280991735538
7.999992,2.0433395219308426,1.0073558285536985,17236.0,1.6198347107438016
8.1999918,10.202541575149043,28.65349427328599,19122.0,1.584
8.3999916,,253.31893139759825,39960.0,3.2705882352941176
8.5999914,,220.83925541922906,18212.0,1.653225806451613
8.7999912,15.58933615819209,69.6616234083628,19824.0,1.46875
8.999991,,25.340574537444013,19230.0,1.596774193548387
9.1999908,,29.933311939162056,19002.0,1.8583333333333334
9.399990599999999,8.356041131105398,46.46264238929984,19450.0,2.0847457627118646
9.5999904,14.182520074119827,103.93210999674486,19428.0,2.008403361344538
9.7999902,12.875417077870202,95.78876358477898,21279.0,1.9758064516129032
9.99999,5.193068265488588,41.56458061410413,19014.0,2.008403361344538
10.199989799999999,5.330357142857143,14.070285034157614,19264.0,2.0588235294117645
10.3999896,7.241296518607443,12.1182430838545,20825.0,1.8870967741935485
10.5999894,,251.63651654509093,44091.0,3.2325581395348837
10.799989199999999,,247.10131409372443,20915.0,1.952
10.999989,,260.5215566307132,43649.0,3.213872832369942
11.1999888,,251.1448163620563,20668.0,2.0491803278688523
11.399988599999999,6.601105881277705,14.811388515339067,21883.0,2.0396825396825395
11.599988399999999,,255.1899826133216,43242.0,2.865497076023392
11.7999882,,316.1733584759241,20713.0,2.0403225806451615
11.999988,6.9665803488542535,43.26088030801872,20467.0,2.0661157024793386
12.199987799999999,,130.30019067232044,22930.0,1.75
12.3999876,,25.929811289756877,22464.0,2.0826446280991737
12.5999874,17.13468054705042,58.17465270037448,24495.0,1.984251968503937
12.799987199999999,,395.6274954985749,45317.0,3.411042944785276
12.999986999999999,6.833798442634019,32.021642317988245,44434.0,3.411042944785276
13.1999868,,273.4507988104131,19623.0,2.051282051282051
13.3999866,,308.00567111453876,42713.0,3.3592814371257487
13.599986399999999,2.7729545671016287,7.8845817842562695,41996.0,3.3795180722891565
13.7999862,,311.2865327685801,18831.0,1.8547008547008548
13.999986,,311.4811321384293,42231.0,3.411042944785276
14.199985799999999,2.2844051982672444,1.819032492827953,42014.0,3.441717791411043
14.399985599999999,,309.3154470324519,18660.0,1.8956521739130434
14.5999854,,305.7133078527774,41986.0,3.441717791411043
14.7999852,2.259064783935287,1.3834838860862009,42279.0,3.441717791411043
14.999984999999999,2.2738948767864775,1.35633031469742,42122.0,3.432098765432099
15.1999848,2.1953472946081685,1.1530895895971365,42212.0,3.411042944785276
15.3999846,2.185321231367159,0.21901784992367024,42197.0,3.411042944785276
15.599984399999999,,340.27044183879354,19204.0,2.034782608695652
15.799984199999999,,331.9359812672519,41973.0,3.3652694610778444
15.999984,4.19494881566166,9.677192054049074,40149.0,3.3652694610778444
16.1999838,,354.7913793094835,17438.0,1.8487394957983194
16.3999836,,373.5946057266395,39232.0,3.411042944785276
16.5999834,,333.030477437245,16734.0,1.5833333333333333
16.7999832,7.546686746987952,11.416859707586953,15936.0,1.5897435897435896
16.999983,,369.1938402256142,37403.0,3.411042944785276
17.1999828,2.5577379840409917,1.4025616487196166,37471.0,3.411042944785276
17.399982599999998,,360.35510990901366,15813.0,1.6206896551724137
17.5999824,,359.68692061746003,37556.0,3.4691358024691357
17.7999822,7.3161098889855225,24.999984423141097,39094.0,3.3652694610778444
17.999982,,385.19681440047924,17129.0,1.8782608695652174
18.1999818,,360.33872545467585,39475.0,3.49685534591195
18.3999816,,364.08887679260687,16922.0,2.009009009009009
18.5999814,,365.34734796565874,39702.0,3.5569620253164556
18.799981199999998,2.308461712447538,1.9513971714319795,39791.0,3.5569620253164556
18.999981,,366.2243673031041,16968.0,2.054054054054054
19.1999808,2.4601453522447545,2.3142263431882792,17062.0,2.054054054054054
19.3999806,,364.1742589989375,39946.0,3.5345911949685536
19.5999804,,364.516883869273,17068.0,2.054054054054054
19.7999802,2.449309571580314,2.035153359431496,16946.0,2.018018018018018
19.99998,2.646746817538897,2.4541304802745385,16968.0,2.063063063063063
20.199979799999998,2.499529134785168,0.3920856144767491,16990.0,2.045045045045045
20.399979599999998,12.919693039342844,35.42835582620065,18504.0,1.9059829059829059
20.5999794,,350.8414121385007,41355.0,3.3493975903614457
20.7999792,,336.6043529230965,18571.0,1.9152542372881356
20.999979,5.461407702523241,14.027610127634,18825.0,2.0085470085470085
21.1999788,5.175857165428978,17.406747462815126,18987.0,1.9745762711864407
21.399978599999997,3.032528911654433,5.468991097030754,18937.0,2.0517241379310347
21.599978399999998,2.6678554319476233,2.0026299557023104,18787.0,2.0608695652173914
21.799978199999998,2.4275682289727083,1.1962717166415464,18797.0,2.0608695652173914
21.999978,,320.2955073751804,42146.0,3.411042944785276
22.1999778,,321.86819076719325,18857.0,2.043103448275862
22.3999776,2.5532164366039547,1.6552097592012764,18763.0,2.0608695652173914
22.5999774,,333.1704063507801,41565.0,3.4478527607361964
22.799977199999997,3.82825126339689,7.735222045724754,40961.0,3.3902439024390243
22.999976999999998,4.354925511876513,4.411486383646545,40879.0,3.462962962962963
23.199976799999998,,347.10832509987443,18020.0,1.9736842105263157
23.3999766,2.381730288381397,0.09001635465044434,17997.0,1.9736842105263157
23.5999764,,349.5516509807651,40590.0,3.462962962962963
23.7999762,,349.1723434670212,18146.0,1.9912280701754386
23.999976,,2.755419519621017,17894.0,1.9736842105263157
24.199975799999997,2.4911242603550297,0.3928438064197811,17914.0,1.9824561403508771
24.399975599999998,2.372624421780081,0.96484992752038,17943.0,2.0
24.599975399999998,5.320826353992183,8.88368705110428,17910.0,1.9224137931034482
24.7999752,,24.53662684491657,17755.0,1.56
24.999975,,373.5146503237301,39675.0,3.3652694610778444
25.1999748,6.982123077715669,5.850900973310588,38821.0,3.3652694610778444
25.3999746,,408.8155849375263,17972.0,1.6554621848739495
25.599974399999997,14.189772496445258,21.455016884178438,19692.0,1.7063492063492063
25.799974199999998,16.81062810583337,32.652237055074366,22337.0,1.7669172932330828
25.999973999999998,18.462200835760417,110.99299803072451,23691.0,1.791044776119403
26.1999738,10.6433574830885,23.04940056406255,24983.0,1.9545454545454546
26.3999736,5.277221777421937,3.21635672057757,24980.0,1.9393939393939394
26.5999734,6.076275766231761,30.699792187573593,25906.0,2.015151515151515
26.7999732,4.0725215173732865,9.236804508788941,25096.0,2.0551181102362204
26.999972999999997,4.125238454372033,27.577311312151377,22541.0,2.040650406504065
27.199972799999998,,274.2450957600417,44939.0,3.177142857142857
27.399972599999998,,268.975257556976,24275.0,1.7196969696969697
27.5999724,3.9479786489324464,18.58414857259601,22856.0,1.792
27.7999722,5.328291238782496,32.65143630740953,21618.0,1.784
27.999972,,242.29396861054468,43245.0,3.280701754385965
28.1999718,,232.79559374800206,21565.0,1.959016393442623
28.399971599999997,2.7009604122745374,3.7001463019442458,21345.0,1.9833333333333334
28.599971399999998,2.433684112929396,4.591720957912203,21571.0,2.0083333333333333
28.799971199999998,,246.86344939516212,42656.0,2.92814371257485
28.999971,,239.6724474659981,21890.0,1.9834710743801653
29.1999708,,3.9931052249857086,21485.0,2.008403361344538
29.3999706,4.584636179319666,9.562899610129996,22195.0,1.9754098360655739
29.5999704,,230.18936777245594,44294.0,3.264705882352941
29.799970199999997,,260.616025785954,24379.0,2.008130081300813
29.999969999999998,10.788580837864746,39.66301830828954,26114.0,1.8270676691729324
30.199969799999998,20.648722316865417,75.95962186573104,29350.0,1.4390243902439024
30.3999696,10.889922120190631,34.23362687725138,25809.0,1.2926829268292683
30.5999694,6.0392267348619475,21.509481131548686,23071.0,0.975609756097561
30.7999692,18.375921769798012,88.8888025620751,24952.0,1.1341463414634145
30.999969,20.403694025843862,69.18273161385179,27937.0,1.2682926829268293
31.199968799999997,,386.34623492400686,43228.0,3.1179775280898876
31.399968599999998,,290.8323966754928,21902.0,1.697674418604651
31.599968399999998,7.130637707948244,51.44423385239843,21640.0,1.779527559055118
31.7999682,3.693679775280899,12.441982618170835,21360.0,1.901639344262295
31.999968,2.8651439735777084,2.913901382617563,21497.0,1.9173553719008265
32.199967799999996,,254.2239814353545,43669.0,3.276470588235294
32.3999676,14.260987454471874,63.61240520563637,49420.0,2.9732620320855614
32.5999674,,258.3211038028742,26262.0,1.6853146853146854
32.7999672,8.016844446274865,50.90999247472352,24281.0,1.6397058823529411
32.999967,6.578218694885361,19.678133565358497,22680.0,1.6641221374045803
33.1999668,12.15743013391896,58.80956144317516,23223.0,1.6962962962962962
33.3999666,9.243307416546394,61.82635714862042,21479.0,1.5220588235294117
33.5999664,11.230295626679696,40.42346026614511,20465.0,1.4696969696969697
33.7999662,,31.24182255396841,20719.0,1.4846153846153847
33.999966,,296.0057713622064,41319.0,3.2011494252873565
34.1999658,,270.37340211928574,19039.0,1.625
34.3999656,,64.06832182009782,19892.0,1.59375
34.599965399999995,8.48218617704419,16.093140334375217,21023.0,1.669291338582677
34.799965199999995,13.78584110075455,47.654165761778664,22530.0,2.091666666666667
34.999964999999996,6.22051351841771,10.757483859828094,22044.0,1.92
35.1999648,9.408380920389654,29.670971127482424,23816.0,1.9307692307692308
35.3999646,5.559081293442127,17.985517617064716,23163.0,1.8161764705882353
35.5999644,9.247958556501887,62.25469825666332,22778.0,1.786764705882353
35.7999642,,270.29426028554667,44537.0,3.0655737704918034
35.999964,,257.3290085390567,21939.0,1.8923076923076922
36.1999638,3.755575212998743,13.200514824152533,21479.0,1.9603174603174602
36.3999636,8.14076982786174,13.4561520485145,21901.0,1.8307692307692307
36.5999634,4.922387773678915,25.467220015632154,20873.0,1.9838709677419355
36.7999632,6.839081532645728,16.89243396279494,21427.0,1.9754098360655739
36.999963,9.156228825863904,8.843288902204726,20662.0,1.8387096774193548
37.1999628,,294.61119460361147,42140.0,3.3058823529411763
37.399962599999995,,252.8653865506979,17909.0,1.598360655737705
37.599962399999995,,278.3606950780941,40081.0,3.2325581395348837
37.799962199999996,5.039460832193788,10.634810334864442,40952.0,3.2114285714285713
37.999962,,289.3506258996575,19278.0,1.515625
38.1999618,6.488636363636363,14.967019445564947,19272.0,1.5196850393700787
38.3999616,4.423758287142702,14.660315893304233,18402.0,1.6416666666666666
38.5999614,,293.6176954003006,39044.0,3.3652694610778444
38.7999612,,286.89001060279645,17409.0,1.6470588235294117
38.999961,2.6099830300193108,3.612624901599287,17089.0,1.652542372881356
39.1999608,,5.568629735560659,17245.0,1.6638655462184875
39.3999606,,1.94723639299035,16738.0,1.6610169491525424
39.5999604,2.4129376854599407,0.7673207446951412,16850.0,1.6694915254237288
39.7999602,2.4978036329098896,0.5152463225148566,16846.0,1.6694915254237288
39.99996,2.3596221959858323,2.254075241030994,16940.0,1.6610169491525424
40.199959799999995,2.3463405968735196,0.8525208978833713,16888.0,1.6694915254237288
40.399959599999995,2.4759590043923865,1.6220613232033592,17075.0,1.6694915254237288
40.599959399999996,2.811132393058216,2.267199082755108,17229.0,1.6694915254237288
40.799959199999996,15.404215481731129,25.31856339116389,18693.0,1.552
40.999959,12.095279762772835,37.767696991117944,20571.0,1.6220472440944882
41.1999588,12.165734998689842,14.356872077905871,22898.0,1.6222222222222222
41.3999586,11.172534094513162,70.15818717467019,22071.0,1.84
41.5999584,,259.1202302935069,43484.0,3.208092485549133
41.7999582,,254.8246040617047,21850.0,1.8031496062992125
41.999958,,239.95556148428903,43967.0,3.213872832369942
42.1999578,,341.8882640303809,23223.0,1.9844961240310077
42.3999576,8.264811133200796,7.661197190353581,25150.0,1.9923076923076923
42.5999574,,242.98874173114933,47747.0,3.157303370786517
42.799957199999994,,294.90322586858866,25227.0,1.8778625954198473
42.999956999999995,,72.39136548396948,22955.0,1.6793893129770991
43.199956799999995,,26.260680882507966,20722.0,1.6111111111111112
43.399956599999996,,8.109339636714472,20078.0,1.4545454545454546
43.599956399999996,,315.2879281423444,43354.0,3.0543478260869565
43.7999562,6.733024059671624,32.03978378979734,43974.0,2.88659793814433
43.999956,,332.6549538863868,23946.0,1.3221476510067114
44.1999558,6.8435747663551405,16.588968870548552,25680.0,1.445945945945946
44.3999556,6.374292997689795,41.59764460791259,25106.0,1.5664335664335665
44.5999554,,6.379122537661976,26445.0,1.5972222222222223
44.7999552,,29.129299910327454,26520.0,1.6083916083916083
44.999955,3.27969187138313,17.535588456062786,26093.0,1.591549295774648
45.1999548,4.943814432989691,7.889225471447193,27160.0,1.598639455782313
45.3999546,3.204853922245227,16.14215288742797,26082.0,1.5625
45.599954399999994,3.402316690010221,4.069751328112359,26417.0,1.5684931506849316
45.799954199999995,,12.160240392495028,27386.0,1.5666666666666667
45.999953999999995,,2.4023347127583716,26412.0,1.5374149659863945
46.199953799999996,4.516529082816601,26.608915358281788,26287.0,1.5442176870748299
46.399953599999996,3.221738299904489,8.624574879947192,26175.0,1.5616438356164384
46.5999534,2.7661729721433503,2.8965300635458866,26062.0,1.5724137931034483
46.7999532,2.975206923920027,3.2973820231754707,26459.0,1.5753424657534247
46.999953,,2.670451140531944,26736.0,1.564625850340136
47.1999528,,3.996455058236,26017.0,1.5972222222222223
47.3999526,3.545189163942083,22.576862646874414,25692.0,1.5655172413793104
47.5999524,3.231994487901755,10.184295482382156,24673.0,1.5774647887323943
47.7999522,4.563081758472015,21.649890716641853,24817.0,1.5704225352112675
47.999952,4.807830431727692,10.868824620270393,25618.0,1.527027027027027
48.1999518,7.873649210307565,9.343042565413679,27669.0,1.5460526315789473
48.399951599999994,3.602392553268853,15.023726209150517,27502.0,1.5771812080536913
48.599951399999995,5.1877669149048815,15.185521302962444,28333.0,1.5771812080536913
48.799951199999995,3.1356447468423148,4.2685448484455675,27631.0,1.570469798657718
48.999950999999996,2.9133485091614735,6.575296823664517,26797.0,1.5850340136054422
49.199950799999996,3.994634994634995,17.549432087729258,27027.0,1.5714285714285714
49.3999506,4.49459508644222,10.803446807244423,27475.0,1.4933333333333334
49.5999504,4.181051164950848,17.311067857540174,25838.0,1.5547945205479452
49.7999502,3.3733392204872956,7.177952834121883,24913.0,1.5902777777777777
49.99995,3.1247196052041275,12.221979135990173,24519.0,1.6083916083916083
50.1999498,,6.356133106284419,24618.0,1.5972222222222223
50.3999496,,2.5166732977586186,24332.0,1.6083916083916083
50.5999494,2.1893171896878347,0.3279026014166469,24282.0,1.6083916083916083
50.7999492,2.249285447993041,0.998302654917216,24141.0,1.6013986013986015
50.999949,,5.377423375864133,24288.0,1.6041666666666667
51.199948799999994,,2.0338312605625575,24006.0,1.619718309859155
51.399948599999995,2.1830327321309286,0.2585653119786752,23952.0,1.619718309859155
51.599948399999995,2.172857023620733,0.5163736681250158,23962.0,1.6013986013986015
51.799948199999996,2.1933491884674763,1.3184354855008622,23967.0,1.619718309859155
51.999947999999996,13.146173126521123,29.780090830474816,27529.0,1.570469798657718
52.1999478,16.208252122493477,75.43084245404992,30271.0,1.5157232704402517
52.3999476,7.738493653412343,24.854203394019464,29701.0,1.4634146341463414
52.5999474,5.018767635671632,21.025362999923907,30478.0,1.5375
52.7999472,3.7758032607954157,14.302993672575212,29318.0,1.451219512195122
52.999947,5.976566036421881,26.701413542571313,28719.0,1.603896103896104
53.1999468,4.092648856294744,16.752556148740158,28635.0,1.609271523178808
53.3999466,4.8117309417040355,28.008975908042263,27875.0,1.6122448979591837
53.5999464,3.8925021248290896,10.931838439429482,27061.0,1.6713286713286712
53.7999462,,12.86747404529628,27548.0,1.7013888888888888
53.999945999999994,,14.336336619365387,28834.0,1.7123287671232876
54.199945799999995,3.0379337895577865,3.7262757158869095,28787.0,1.7222222222222223
54.399945599999995,2.5840151488084606,10.486224990994135,27989.0,1.7013888888888888
54.599945399999996,,5.474703595422165,28294.0,1.696551724137931
54.799945199999996,,25.0481855628491,29886.0,1.609271523178808
54.999945,4.338089782314342,19.718293889018103,28803.0,1.653061224489796
55.1999448,5.728725406330197,13.382046407798319,29225.0,1.5466666666666666
55.3999446,4.116393895449209,13.647405877957462,28962.0,1.614864864864865
55.5999444,2.842041657780621,11.066405116661985,28134.0,1.6122448979591837
55.7999442,3.3800779865295993,10.688517799422026,28210.0,1.619047619047619
55.999944,2.8535784635587658,14.165236542158002,27414.0,1.5793103448275863
56.1999438,3.229831211557717,4.91475087703773,27964.0,1.554054054054054
56.3999436,2.694383979103178,5.1152581855848025,27564.0,1.5684931506849316
56.599943399999994,3.1393941630077853,7.066321039322881,27103.0,1.595890410958904
56.799943199999994,2.611121233101337,1.4576562719959978,27443.0,1.582191780821918
56.999942999999995,4.904347518483144,15.222692590898019,28269.0,1.5369127516778522
57.199942799999995,4.011054748994228,8.997472818029408,28585.0,1.4966887417218544
57.399942599999996,5.1786225707466755,15.778326293024778,29330.0,1.4294871794871795
57.599942399999996,,407.11893791321063,1859.0,7.25
57.7999422,,403.5670286213522,31513.0,1.451219512195122
57.999942,13.704909188994785,34.84136872697721,27805.0,1.2804878048780488
58.1999418,8.223666847783901,28.869315145360336,25766.0,1.1890243902439024
58.3999416,8.970409532076067,48.29038181622659,25346.0,1.146341463414634
58.5999414,6.699544893879461,13.476867527750372,23511.0,1.1219512195121952
58.7999412,13.653395024148708,42.6309784778581,24639.0,1.1646341463414633
58.999941,19.59487022067601,41.553346889772115,29319.0,1.3841463414634145
59.1999408,10.415941249089931,8.884349708754083,31591.0,1.5548387096774194
59.399940599999994,6.189109707776127,19.47840016153853,32304.0,1.4268292682926829
59.599940399999994,4.846149219619282,14.78961894654741,33253.0,1.4634146341463414
59.799940199999995,3.902480270574972,23.241893849192767,31932.0,1.4024390243902438
59.999939999999995,6.032256995093489,48.89779714363163,30164.0,1.3841463414634145
60.199939799999996,4.83664865279215,69.73013143345996,26091.0,1.1951219512195121
60.399939599999996,3.771296619707378,9.454681694294266,25767.0,1.1646341463414633
60.5999394,3.8711458995549903,14.25951053281961,25168.0,1.1219512195121952
60.7999392,4.315002797538167,13.942211814157128,25022.0,1.146341463414634
60.999939,4.685648570408851,19.52123666862809,25217.0,1.1524390243902438
61.1999388,,11.26881705175943,25181.0,1.1875
61.3999386,,5.1547369474432445,24405.0,1.1910828025477707
61.5999384,3.8914815406744445,6.628936676129674,25028.0,1.2025316455696202
61.7999382,3.1113012303430296,4.688816537111448,24546.0,1.169811320754717
61.999938,3.2987624264556703,3.224243326311514,24645.0,1.1341463414634145
62.199937799999994,6.043554647599591,32.739545718922855,24475.0,1.1761006289308176
62.399937599999994,2.7412117926691963,9.05197069376611,23981.0,1.206451612903226
62.599937399999995,8.285239808627574,39.86252225964056,25291.0,1.344155844155844
62.799937199999995,6.5246661516388915,13.211301297694298,27183.0,1.4569536423841059
62.999936999999996,4.926414274999013,33.032998670266956,25331.0,1.5985915492957747
63.199936799999996,6.910916535981879,66.80373213815004,22956.0,1.8818897637795275
63.3999366,,21.141803852174586,24575.0,1.7537313432835822
63.5999364,,26.145866483164024,26199.0,1.6762589928057554
63.7999362,3.2032824427480917,8.247607750171884,26200.0,1.7518248175182483
63.999936,5.2841060091539935,20.124562880820253,27092.0,1.789855072463768
64.19993579999999,3.6899218810426175,12.691126668595142,25858.0,1.8636363636363635
64.39993559999999,5.44039974313694,28.639304880119614,24916.0,1.8625954198473282
64.59993539999999,13.37617045334087,32.63785521874282,28301.0,1.7183098591549295
64.7999352,10.53587796255074,36.23810835355155,30548.0,1.5526315789473684
64.999935,,264.6089017372912,52490.0,2.4948979591836733
65.1999348,,276.5546647891026,29523.0,1.6216216216216217
65.3999346,7.50186245430089,21.29518386380219,28994.0,1.5677419354838709
65.5999344,6.9408279825463834,13.875553405743533,28189.0,1.4458598726114649
65.7999342,6.447978209161359,42.746787799326185,26066.0,1.3414634146341464
65.999934,6.497745114414565,43.30013635854313,23948.0,1.25
66.1999338,,298.4043386297547,47340.0,2.6908212560386473
66.3999336,,319.15277012971654,27552.0,1.5782312925170068
66.5999334,5.856984887578326,23.248258463739525,27130.0,1.6206896551724137
66.7999332,8.207009977705493,26.954705672673875,27361.0,1.4838709677419355
66.999933,5.387077248997503,17.608245758776523,26434.0,1.6275862068965516
67.1999328,5.82818561623396,24.041709179506213,26808.0,1.6971830985915493
67.3999326,5.696998882767654,12.740987176111853,25957.0,1.72992700729927
67.5999324,5.162945058317987,9.066272927000744,26064.0,1.6338028169014085
67.7999322,3.5831352097553495,9.232900072984494,26078.0,1.6083916083916083
67.999932,3.867448361546824,8.978426493408211,25756.0,1.6714285714285715
68.1999318,6.454404007438048,11.833247045139144,26351.0,1.6433566433566433
68.3999316,5.528170083523158,15.79515773832484,26340.0,1.7391304347826086
68.5999314,4.139801832118153,13.475131554101354,26745.0,1.7536231884057971
68.7999312,4.261015143444182,14.800683501855216,26282.0,1.6524822695035462
68.99993099999999,3.4988857296549605,1.8255949602767587,26026.0,1.6642857142857144
69.19993079999999,3.659826965775974,5.786597788112893,26122.0,1.6267605633802817
69.39993059999999,3.053279950723745,4.4906992385435025,25976.0,1.6571428571428573
69.59993039999999,4.4533390079702855,14.349669106443756,25846.0,1.6857142857142857
69.79993019999999,2.69205298013245,2.6064343888033448,25972.0,1.707142857142857
69.99992999999999,3.6284246575342465,9.223937035400663,25696.0,1.7681159420289856
70.19992979999999,6.223886699873615,24.892949618912645,26902.0,1.7625899280575539
70.3999296,3.2617612466921493,9.134685986528542,27208.0,1.7971014492753623
70.5999294,3.0093310848791455,9.052468056605237,26685.0,1.8102189781021898
70.7999292,2.613948546710177,4.38156491724551,26354.0,1.8235294117647058
70.999929,2.6170343137254903,3.4368889199559027,26112.0,1.8444444444444446
71.1999288,2.469366522811344,1.9567819422672854,25952.0,1.8507462686567164
71.3999286,3.254327308853311,8.450759133668386,26171.0,1.8582089552238805
71.5999284,12.97673231218089,45.36384432886169,27420.0,1.5364238410596027
71.7999282,,10.239109115257735,28016.0,1.3818181818181818
71.999928,,16.397707427060798,27104.0,1.5838926174496644
72.1999278,3.049843885189783,9.35055090857436,26583.0,1.6458333333333333
72.3999276,3.525980466961697,6.979987435994185,26212.0,1.6643356643356644
72.5999274,4.254113617749981,4.428639820609261,26862.0,1.6666666666666667
72.7999272,5.200877159817006,11.04091546103307,26449.0,1.6950354609929077
72.999927,3.8653254990466555,19.262718438770758,25699.0,1.7142857142857142
73.1999268,3.4563776918829374,3.3370922434776604,25354.0,1.7463768115942029
73.3999266,4.993634969325154,8.388987372986097,26080.0,1.6901408450704225
73.5999264,3.8743402669978266,12.36243713501148,25768.0,1.7391304347826086
73.7999262,3.0844518581736367,8.587295201740536,25778.0,1.707142857142857
73.999926,3.797707271885132,2.337431056117351,25908.0,1.7463768115942029
74.1999258,4.204815996265463,23.5656316870043,25706.0,1.6382978723404256
74.3999256,5.291690810059103,17.303488682297065,25887.0,1.7518248175182483
74.59992539999999,,8.636911492481975,25840.0,1.7463768115942029
74.79992519999999,,18.192182696243012,26261.0,1.702127659574468
74.99992499999999,4.04570973370761,4.667926345036118,26362.0,1.7391304347826086
75.19992479999999,4.985388507135846,16.103966932082656,26486.0,1.6013986013986015
75.39992459999999,4.421757571247861,14.843095065715348,26878.0,1.5753424657534247
75.59992439999999,4.239543292102759,21.339600965981507,26275.0,1.6083916083916083
75.79992419999999,2.829949725601566,11.424551222117037,26057.0,1.5985915492957747
75.999924,2.748924400737554,0.5804065699573225,26032.0,1.5763888888888888
76.1999238,3.166614822303445,5.035192191438035,25718.0,1.5555555555555556
76.3999236,2.9562736899691298,8.856073116712222,25591.0,1.5555555555555556
76.5999234,3.212876427829699,12.468698056339894,26001.0,1.5694444444444444
76.7999232,3.304331190694827,9.983658106247608,26136.0,1.5833333333333333
76.999923,3.2890695573622404,5.777948778329297,26568.0,1.5616438356164384
77.1999228,3.463598294210304,3.435371118596249,26029.0,1.5594405594405594
77.3999226,4.838185255198487,21.596892134250147,26450.0,1.5342465753424657
77.5999224,3.5604826546003014,13.145606360469047,26520.0,1.5238095238095237
77.7999222,3.171753968862643,8.915559411438267,26078.0,1.5068493150684932
77.999922,3.4595736724008974,9.334857543149926,26740.0,1.5405405405405406
78.1999218,3.156491469665672,22.509270877547813,26142.0,1.510204081632653
78.3999216,3.5212500943609872,6.555178957566526,26494.0,1.4503311258278146
78.5999214,3.126732449532992,3.927238666581212,26552.0,1.483221476510067
78.7999212,2.6356971929957838,3.0060162131162507,26327.0,1.5034013605442176
78.999921,3.1623675725472133,9.720013693394886,26052.0,1.5486111111111112
79.1999208,3.047662451103262,4.630407661475536,26331.0,1.5273972602739727
79.3999206,4.264227040627544,2.552336471566459,27026.0,1.5608108108108107
79.5999204,,27.472226597880457,27486.0,1.6013513513513513
79.7999202,,18.134823585962252,28066.0,1.7762237762237763
79.99992,5.607509801270785,18.358256530998755,29588.0,1.7777777777777777
80.19991979999999,3.5126850988919953,21.110909502869596,28971.0,1.7902097902097902
80.39991959999999,3.8962824227860624,14.427827050596298,28298.0,1.8848920863309353
80.59991939999999,3.5015888366952197,7.761882832608622,28952.0,1.8928571428571428
80.79991919999999,,295.68255931969816,50284.0,3.087912087912088
80.99991899999999,,249.3433251318345,25255.0,2.0153846153846153
81.19991879999999,4.321723608285939,7.028014896884564,24089.0,2.046875
81.39991859999999,3.197785917115931,5.376730187435576,24299.0,2.054263565891473
81.59991839999999,3.9008725157537567,8.186722274539452,24756.0,2.0229007633587788
81.7999182,3.6572779123369012,11.473152935190475,25598.0,2.0454545454545454
81.999918,3.032554905729827,13.307599556763119,24451.0,2.030534351145038
82.1999178,4.7972383110887264,29.693121532329748,23826.0,2.046153846153846
82.3999176,5.545476285372659,19.263318289623196,25090.0,2.0610687022900764
82.5999174,6.734539270253556,15.253704891833074,25872.0,1.9924242424242424
82.7999172,5.753302699597932,18.74531592535958,24374.0,2.0952380952380953
82.999917,5.753427004797807,4.738961399449015,23344.0,2.0161290322580645
83.1999168,14.386038616592405,92.6333626211927,23565.0,1.7573529411764706
83.3999166,8.69602173151069,28.034073383556315,22824.0,1.5323741007194245
83.5999164,12.049427297861536,40.29277478229525,17723.0,1.5483870967741935
83.7999162,12.778583980499972,10.8873367147785,17641.0,1.6166666666666667
83.999916,14.963141282833146,48.59682350588227,18693.0,1.7131147540983607
84.1999158,10.1362067161837,13.954387102427988,19118.0,1.6721311475409837
84.3999156,19.66420630161,61.79223302348251,21677.0,1.9833333333333334
84.5999154,9.942961165048544,19.448926778244967,21424.0,1.9836065573770492
84.7999152,10.83199481865285,32.387921084539684,23160.0,2.0396825396825395
84.999915,10.969702854923286,46.812840075216386,25745.0,2.1627906976744184
85.1999148,6.812260975982867,25.76128479836723,26148.0,2.0
85.3999146,6.523063886227986,35.45725284550252,27142.0,2.096296296296296
85.59991439999999,4.994424439540016,50.71438352660413,25827.0,1.962406015037594
85.79991419999999,,251.2747258946003,47390.0,2.7570621468926553
85.99991399999999,,236.86845095254438,25829.0,2.015625
86.19991379999999,,247.67641164765647,47014.0,3.1235955056179776
86.39991359999999,2.7792928863172226,8.689524097064151,47008.0,3.169491525423729
86.59991339999999,,248.92259818414496,24915.0,1.7954545454545454
86.79991319999999,5.649998049693802,22.172574841364817,25637.0,1.9206349206349207
86.99991299999999,3.6576410428367843,21.778233880608788,23858.0,1.828125
87.19991279999999,2.9876473891072433,6.6834204548238025,23153.0,1.8425196850393701
87.3999126,3.7389395914819645,22.00592253959758,23010.0,1.7692307692307692
87.5999124,2.6374372863295297,3.7954968113207452,22523.0,1.7906976744186047
87.7999122,2.383658810325477,2.2842391106750624,22275.0,1.7890625
87.999912,2.2554764265753176,1.6009201803862696,22186.0,1.7890625
88.1999118,2.1993679458239277,0.9401432359875402,22150.0,1.78125
88.3999116,2.1568450092714033,1.1033368280245912,22111.0,1.795275590551181
88.5999114,2.16884349437339,1.032095314114667,22127.0,1.795275590551181
88.7999112,2.1416949152542375,1.2328026380431436,22125.0,1.795275590551181
88.999911,2.104649059334298,0.4658626065258042,22112.0,1.795275590551181
89.1999108,,3.050092353405442,22323.0,1.78125
89.3999106,,2.5642628366823734,22065.0,1.795275590551181
89.5999104,2.3314801312431643,3.9248807291313086,21944.0,1.795275590551181
89.7999102,6.1363384366071045,17.268320126833203,23449.0,1.8359375
89.99991,,7.903047269694572,23526.0,1.813953488372093
90.1999098,,18.510278424813773,24341.0,1.875968992248062
90.3999096,3.0191831423414346,9.335583011583548,23823.0,1.9291338582677164
90.5999094,2.303700909510038,0.519842548989119,23859.0,1.9291338582677164
90.7999092,2.332327929286582,3.7994483715898415,23871.0,1.9291338582677164
90.999909,2.191254992642422,0.7634083553507971,23785.0,1.9133858267716535
91.19990879999999,2.246855213170114,1.4813446250331315,23690.0,1.9133858267716535
91.39990859999999,2.152886115444618,0.2530122211357198,23717.0,1.921259842519685
91.59990839999999,2.2030723905723906,0.9373356821323316,23760.0,1.9365079365079365
91.79990819999999,2.2232773109243698,1.566755165857388,23800.0,1.9291338582677164
91.99990799999999,2.1578174802885424,0.8124120209574411,23844.0,1.9291338582677164
92.19990779999999,2.14043268220962,0.11075873209641877,23805.0,1.9291338582677164
92.39990759999999,2.1629380902413433,1.282149514827628,23825.0,1.9444444444444444
92.59990739999999,3.155413587206146,7.694153579960098,23949.0,1.937007874015748
92.79990719999999,2.830922865013774,7.325200865284758,23232.0,1.96
92.999907,2.366101253741703,2.5913448051121666,23051.0,1.952
93.1999068,2.1592364958448753,1.5785742854199876,23104.0,1.952
93.3999066,2.1623023074928702,1.4668439113663059,23142.0,1.952
93.5999064,,3.2220339558698505,23472.0,1.9444444444444444
93.7999062,,254.50252875282558,45108.0,3.2427745664739884
93.999906,,256.80171350987206,23254.0,1.96
94.1999058,2.211699523257312,1.9225084837862383,23283.0,1.96
94.3999056,2.1637512356556496,0.404456629683644,23267.0,1.952
94.5999054,2.192604404602853,1.3335254179618263,23203.0,1.952
94.7999052,2.2849700442823653,3.0626413533483867,23034.0,1.952
94.999905,,2.706732637446709,23288.0,1.9365079365079365
95.1999048,,2.9305278890967315,23053.0,1.952
95.3999046,2.14623786407767,0.3805094970343232,23072.0,1.952
95.5999044,,248.31609614570013,45777.0,3.1179775280898876
95.7999042,6.280995252172355,46.694672672443076,44652.0,3.0382513661202184
95.999904,,229.16053143930463,22955.0,1.380281690140845
96.1999038,,38.4427768563582,20533.0,1.5038167938931297
96.3999036,,18.04617013197949,19534.0,1.6341463414634145
96.59990339999999,3.2612966601178783,10.042750868459546,19851.0,1.5952380952380953
96.79990319999999,14.271932577217914,49.907373141323816,22307.0,1.4558823529411764
96.99990299999999,,204.65554441944155,44444.0,2.482233502538071
97.19990279999999,,264.34940316891056,23504.0,1.256578947368421
97.39990259999999,4.269376139445951,26.04861847450932,22489.0,1.3013698630136987
97.59990239999999,6.64048809578421,44.54699460972895,21799.0,1.4191176470588236
97.79990219999999,5.363092600797519,18.025999199292272,22570.0,1.3263888888888888
97.99990199999999,2.3836844464365754,5.213509357833145,22310.0,1.3286713286713288
98.19990179999999,5.530550203382574,16.347119359536535,23355.0,1.243421052631579
98.39990159999999,2.9048386374826554,11.673905261016335,22341.0,1.261744966442953
98.5999014,4.258771140698093,18.87222176344147,22232.0,1.3286713286713288
98.7999012,6.909295129911414,22.142235525195805,23593.0,1.271523178807947
98.999901,2.8676470588235294,12.419153083992587,22508.0,1.2945205479452055
99.1999008,,272.3249069159364,43379.0,2.905759162303665
99.3999006,,295.0350553771674,24282.0,1.269736842105263
99.5999004,,279.7075239926735,43738.0,2.8223350253807107
99.7999002,,244.32575665035998,22357.0,1.3172413793103448
99.9999,2.470681100586378,4.251247148252666,22170.0,1.3426573426573427
100.1998998,2.378434845800972,5.553114396273556,22017.0,1.352112676056338
100.3998996,2.8640671540752773,8.867659581372282,22158.0,1.3857142857142857
100.5998994,12.654907281772953,65.84873826296672,24321.0,1.4680851063829787
100.7998992,,226.48986367044984,45794.0,2.921875
100.999899,4.646051952520214,17.62652876925229,46504.0,2.9263157894736844
101.1998988,4.4117257299192065,17.596624840143754,46786.0,2.876923076923077
101.3998986,,215.61875481997905,24768.0,1.4827586206896552
101.5998984,3.990008392949922,16.09390334463343,25021.0,1.5177304964539007
101.7998982,4.5396408782235556,32.10922179260034,24003.0,1.5
101.999898,8.560223063459112,66.6822487436799,24567.0,1.5664335664335665
102.19989779999999,,183.19852888759308,24335.0,1.4625850340136055
102.39989759999999,,38.10771242117903,22856.0,1.823076923076923
102.59989739999999,,269.13654275726924,44878.0,3.218390804597701
102.79989719999999,,359.60279140248525,23315.0,1.9921875
102.99989699999999,,98.97731407415324,26795.0,1.732394366197183
103.19989679999999,7.443434514247062,30.5163798821845,23654.0,1.8492063492063493
103.39989659999999,,39.66818269222188,20346.0,1.6746031746031746
103.59989639999999,5.704866109991362,13.679506538770376,20838.0,1.68503937007874
103.79989619999999,4.27542148998511,4.221581382234,20819.0,1.7480314960629921
103.99989599999999,3.0166392570378253,3.6841858722149556,20674.0,1.8
104.1998958,3.440128975523963,6.207046759264017,20469.0,1.7903225806451613
104.3998956,,2.7468636207243717,20715.0,1.776
104.5998954,,4.712382262424577,20757.0,1.7983870967741935
104.7998952,,6.305817591127854,21123.0,1.816
104.999895,,3.8129636187347047,20730.0,1.8455284552845528
105.1998948,,349.6091843836547,43190.0,3.2865497076023393
105.3998946,,343.028942164294,20442.0,1.8211382113821137
105.5998944,2.970770421989934,5.861635439258966,20664.0,1.853658536585366
105.7998942,2.6536923227002243,3.003497589543258,20502.0,1.8455284552845528
105.999894,2.52586542201478,0.5099539297791712,20568.0,1.8455284552845528
106.1998938,5.78315177923021,5.904360241312328,20655.0,1.7723577235772359
106.3998936,4.012637020726629,4.0081981543125185,20891.0,1.778688524590164
106.5998934,8.588269874287782,12.197586138160295,22114.0,1.951219512195122
106.7998932,,324.3997095555597,45190.0,3.2325581395348837
106.999893,,393.1279518243227,27820.0,1.5
107.1998928,7.625243664717349,27.162006679865133,28728.0,1.420731707317073
107.3998926,14.197075767519872,50.13759629231597,27426.0,1.3475609756097562
107.5998924,6.819605173587474,38.78944885432569,24973.0,1.0853658536585367
107.79989219999999,7.803114698192566,16.243844849397362,26391.0,1.2378048780487805
107.99989199999999,,278.6058869422175,51197.0,2.6226415094339623
108.19989179999999,,269.6600438999153,31697.0,1.4939024390243902
108.39989159999999,,383.25248385164514,48678.0,3.0108108108108107
108.59989139999999,6.386107237926226,49.25088986643232,47334.0,3.0549450549450547
108.79989119999999,,245.45374727187485,23412.0,1.8257575757575757
108.99989099999999,,267.22008398520455,45423.0,3.157303370786517
109.19989079999999,,268.54228221143416,23055.0,1.8244274809160306
109.39989059999999,,275.45023766108125,45400.0,3.1412429378531073
109.59989039999999,2.648713371358906,8.983195820056077,45934.0,3.1340782122905027
109.7998902,3.124805092167375,8.959105460336183,46817.0,3.106145251396648
109.99989,,253.42543214183448,24546.0,1.9097744360902256
110.1998898,,20.01650068602609,24657.0,1.8582089552238805
110.3998896,4.887818988746235,20.210397635953314,25236.0,1.962686567164179
110.5998894,,12.341530186409914,24666.0,2.015267175572519
110.7998892,2.522544705929843,1.0904631678868584,24773.0,2.030534351145038
110.999889,,1.1413299291502605,24371.0,2.0307692307692307
111.1998888,2.326541467206743,1.1710706548620902,24441.0,2.054263565891473
111.3998886,2.2554401178010473,1.2613779564184202,24448.0,2.062015503875969
111.5998884,2.288020599174398,1.5413007336112527,24467.0,2.062015503875969
111.7998882,2.507772654943082,2.9904670972332497,24509.0,2.0697674418604652
111.999888,,257.91920347169986,47628.0,3.159090909090909
112.1998878,2.430670416859074,1.254315270183114,47642.0,3.159090909090909
112.3998876,4.895597280673357,33.64903177951853,49424.0,3.1235955056179776
112.5998874,,275.97013548034397,27692.0,2.3046875
112.7998872,,249.63728634610575,51154.0,3.2011494252873565
112.999887,,337.3558874059677,31365.0,1.9466666666666668
113.19988679999999,,1218.7782778839714,5781.0,7.0
113.39988659999999,,1126.3143755333567,26290.0,2.0757575757575757
113.59988639999999,,283.54791805965,44766.0,3.1875
113.79988619999999,,313.6740559228121,22437.0,1.858267716535433
113.99988599999999,19.37713269184119,62.16993310730664,24734.0,1.4256756756756757
114.19988579999999,,79.45265786803994,24801.0,1.187878787878788
114.39988559999999,,79.91258347161049,24270.0,1.048780487804878
114.59988539999999,,17.398972428729067,24203.0,1.018181818181818
114.79988519999999,,11.010410985858647,23953.0,1.0304878048780488
114.99988499999999,,401.5264060168529,44566.0,2.650943396226415
115.19988479999999,8.961808016379242,105.27519795158888,38097.0,3.3095238095238093
115.3998846,,333.37345404742234,16625.0,1.3888888888888888
115.5998844,9.484415745684839,19.281281250930213,16106.0,1.4065040650406504
115.7998842,,332.4342902953865,36620.0,3.3652694610778444
115.999884,4.518205072384892,3.726573724464854,36748.0,3.3855421686746987
116.1998838,2.813153920087876,4.5524769366222255,36415.0,3.4478527607361964
116.3998836,3.128228476821192,4.36216473117647,36240.0,3.441717791411043
116.5998834,2.541564451382694,2.881095769126574,35872.0,3.4478527607361964
116.7998832,2.402599933192295,1.5956428815305148,35924.0,3.4478527607361964
116.999883,2.63574234962094,2.477172773092622,36142.0,3.3902439024390243
117.1998828,2.330406359934628,0.9537171142747072,36101.0,3.3902439024390243
117.3998826,2.302757363098856,1.451536400568369,36194.0,3.426829268292683
117.5998824,16.586424605709233,49.452575573260624,40706.0,3.0718232044198897
117.7998822,13.246653578440121,23.65691690172821,44824.0,2.9732620320855614
117.999882,,234.65708311183812,24412.0,1.8014705882352942
118.1998818,4.307654822335025,16.933575242708287,24625.0,1.7122302158273381
118.3998816,,231.86356940867384,46725.0,2.9838709677419355
118.5998814,,226.675428621121,24720.0,1.7338129496402879
118.79988119999999,,3.2799430818288196,24376.0,1.7445255474452555
118.99988099999999,2.308596318211703,1.4573221054351708,24336.0,1.7518248175182483
119.19988079999999,2.2687849391647483,1.1865437380283848,24328.0,1.7445255474452555
119.39988059999999,2.413527008624603,2.6901552772558426,24233.0,1.7720588235294117
119.59988039999999,2.375542602009178,1.8691204910650758,24189.0,1.7445255474452555
119.79988019999999,2.278514479282852,0.6417105404529959,24207.0,1.7591240875912408
119.99987999999999,5.672254080282311,3.851353584503977,24937.0,1.789855072463768
120.19987979999999,,19.68777535992238,24496.0,1.838235294117647
120.39987959999999,3.0050180081744973,8.379109655622543,24711.0,1.9111111111111112
120.59987939999999,,4.082512126629629,24355.0,1.9328358208955223
120.79987919999999,7.248969011429245,54.7374049841806,25461.0,2.1353383458646618
120.99987899999999,3.355335666304654,18.777337953988262,24861.0,2.0150375939849625
121.1998788,,230.64721562728866,47085.0,3.0382513661202184
121.3998786,,229.09631710402678,24539.0,1.962406015037594
121.5998784,4.490206567360711,13.572743962566756,24302.0,1.9694656488549618
121.7998782,5.210854828042328,6.651601452358621,24192.0,1.9772727272727273
121.999878,4.404621236646164,17.69094012864272,24712.0,2.106060606060606
122.1998778,2.5483713553739173,4.404475871166973,24591.0,2.1068702290076335
122.3998776,2.2559448545906924,0.3263938007180789,24517.0,2.0916030534351147
122.5998774,,232.34933448412417,47608.0,3.106145251396648
122.7998772,2.215367783201481,0.9741760803380811,47528.0,3.106145251396648
122.999877,,231.58092251889838,24441.0,2.0839694656488548
123.1998768,2.3066601210931106,1.3399077012558904,24444.0,2.0763358778625953
123.3998766,2.3840692711753118,1.9033599729874873,24368.0,2.045801526717557
123.5998764,5.028041153923744,15.535807727948574,24785.0,1.8602941176470589
123.7998762,10.537569805507413,73.56254700777234,25965.0,1.851063829787234
123.999876,6.063587866516102,27.546301129569724,25681.0,1.9343065693430657
124.19987579999999,5.462082335500057,15.207787745127902,26307.0,1.8642857142857143
124.39987559999999,6.703932267168391,48.24512108857339,26575.0,1.8857142857142857
124.59987539999999,,252.27500283158034,49849.0,2.9732620320855614
124.79987519999999,,262.9384566749041,25310.0,1.7971014492753623
124.99987499999999,,237.09139379536373,47873.0,2.865979381443299
125.19987479999999,6.152110742477977,43.454012910344844,43705.0,3.0053475935828877
125.39987459999999,5.25965284341071,13.433674947749777,43381.0,3.0054054054054054
125.59987439999999,,446.6767465819717,21830.0,1.4057971014492754
125.79987419999999,,381.47335398506107,44455.0,2.9263157894736844
125.99987399999999,,389.77582954079526,23355.0,1.3310344827586207
126.19987379999999,3.0049416375564455,9.33430339451002,23474.0,1.3541666666666667
126.39987359999999,3.284854161091785,11.763151523777115,22422.0,1.3636363636363635
126.59987339999999,3.9931108092373373,21.876659570658216,20612.0,1.3503649635036497
126.7998732,15.810288199102558,78.88194411460466,21617.0,1.2916666666666667
126.999873,,71.7458754085364,20681.0,1.446969696969697
127.1998728,,31.20303333064109,21198.0,1.3237410071942446
127.3998726,5.195029406184784,30.12620646034306,21084.0,1.3071428571428572
127.5998724,4.452450755840586,14.00473502604839,21830.0,1.2847222222222223
127.7998722,3.5779428314202115,12.166589071261843,22215.0,1.2689655172413794
127.999872,7.525083612040134,23.87529330912929,23023.0,1.103658536585366
128.19987179999998,12.501153612629022,47.74545764212181,24705.0,1.0426829268292683
128.39987159999998,7.843463257783704,19.930919863035083,25502.0,1.0
128.59987139999998,4.602970218816652,22.92549598280356,25318.0,1.0121951219512195
128.79987119999998,3.125845033801352,10.730115713717783,24999.0,1.0060975609756098
128.99987099999998,4.3117122902785585,19.035611038173514,24914.0,1.0121951219512195
129.19987079999999,3.821806777451939,7.977274005788393,24552.0,1.0121951219512195
129.39987059999999,8.85385804214256,21.861278065093774,26529.0,1.103658536585366
129.5998704,9.812902753368483,41.261322396970286,27312.0,1.1524390243902438
129.7998702,10.924213318697403,105.51861237410601,21864.0,1.2916666666666667
129.99987,3.563571183028041,12.671011355188767,20363.0,1.2887323943661972
130.1998698,5.158525734088887,16.193901701827087,21353.0,1.2916666666666667
130.3998696,10.69473735598516,84.248502087851,20484.0,1.3284671532846715
130.5998694,19.008325832583257,88.21507114007869,22220.0,1.3129251700680271
130.7998692,8.722506393861893,68.76552148553228,20332.0,1.6771653543307086
130.999869,8.72966282121107,55.91925314145233,20197.0,1.8666666666666667
131.1998688,4.663275147073006,16.07352458904464,20738.0,1.8925619834710743
131.3998686,3.6901387060848436,5.755729476017264,19754.0,1.8632478632478633
131.5998684,7.837220393952402,36.02623127640244,20967.0,2.043103448275862
131.7998682,,8.572701184604027,22129.0,1.9833333333333334
131.999868,,24.56611555070261,21590.0,2.0588235294117645
132.1998678,9.632936087196233,30.935370158251544,23579.0,2.031496062992126
132.3998676,,82.20099523460539,24832.0,1.8676470588235294
132.5998674,,62.98699027910009,23498.0,2.078125
132.7998672,3.7217580356381617,12.150970073921012,23458.0,2.2016129032258065
132.999867,4.5289389769798625,15.81383320729303,22893.0,2.278688524590164
133.1998668,5.7517140269932305,23.942349557411617,23191.0,2.375
133.3998666,,24.68588885138398,23054.0,2.441666666666667
133.5998664,,6.860195984086354,23225.0,2.425
133.7998662,,282.66356873772736,46518.0,3.276470588235294
133.999866,,287.97349409602475,23258.0,2.30327868852459
134.1998658,3.7815418114819312,7.607772486972,23881.0,2.24
134.3998656,2.9658985787570433,6.639409734334849,23782.0,2.3089430894308944
134.5998654,,288.2516383870321,45867.0,3.2254335260115607
134.7998652,,306.28178640504007,23333.0,2.238095238095238
134.999865,4.298224265368668,12.260765516131805,22188.0,2.3
135.1998648,,298.76874073931606,46571.0,3.3
135.3998646,,266.1974327317689,24996.0,2.408333333333333
135.5998644,13.431912719842371,49.717519875987506,27406.0,2.3865546218487395
135.7998642,10.906993147924224,35.07991816602409,29772.0,1.9387755102040816
135.999864,,226.33079905530832,52483.0,2.8223350253807107
136.1998638,,761.6208294541799,3679.0,4.548387096774194
136.3998636,,770.1059010918817,30064.0,1.606060606060606
136.5998634,,94.74927736702952,28914.0,1.548780487804878
136.7998632,5.806841458418681,38.90136877870052,24410.0,1.2073170731707317
136.999863,3.96316230643667,8.468324863869656,22667.0,1.0304878048780488
137.1998628,7.56302121591842,41.31732742803028,23143.0,1.0914634146341464
137.3998626,26.81881200320414,36.512682625900865,32458.0,1.5426829268292683
137.5998624,,151.4984966923125,26725.0,2.0681818181818183
137.7998622,,28.326833792083804,25400.0,1.9312977099236641
137.99986199999998,3.8348460358904224,19.65199007231537,24129.0,1.9
138.19986179999998,4.409972763461136,13.884121302310641,23865.0,2.031496062992126
138.39986159999998,4.01479613282892,16.822986896759016,23790.0,2.144
138.59986139999998,2.5415529332717424,0.7667527796943674,23813.0,2.1451612903225805
138.79986119999998,,321.03876555738714,47096.0,3.2325581395348837
138.99986099999998,2.1462798692754976,0.9644170048093929,47122.0,3.2674418604651163
139.19986079999998,,317.53044024259907,23937.0,2.1774193548387095
139.39986059999998,,317.32838163271344,46990.0,3.2325581395348837
139.59986039999998,,316.3154896093127,23843.0,2.1951219512195124
139.79986019999998,2.36090477989005,3.3089492729313252,23829.0,2.186991869918699
139.99985999999998,2.2930839240028518,1.1602941310693715,23843.0,2.178861788617886
140.19985979999998,2.2714237658733496,0.6477919718714422,23782.0,2.186991869918699
140.39985959999998,,317.1378593173722,46922.0,3.2514619883040936
140.59985939999999,,317.4779021938667,23778.0,2.1774193548387095
140.7998592,2.7773079338496967,3.550340853523817,23885.0,2.2195121951219514
140.999859,,324.509227200166,49481.0,3.213872832369942
141.1998588,,354.8377327427573,24344.0,1.921259842519685
141.3998586,,16.19958072564022,23398.0,2.016
141.5998584,,20.814828420700195,24090.0,2.1129032258064515
141.7998582,,328.1730455562335,47671.0,3.2705882352941176
141.999858,,309.3181733171247,24287.0,2.2704918032786887
142.1998578,2.309715932482503,1.8688540029235512,24290.0,2.2704918032786887
142.3998576,,304.2898688731361,47333.0,3.3
142.5998574,,306.6011780448363,24167.0,2.2540983606557377
142.7998572,2.309059276749099,1.30312399292272,24141.0,2.227642276422764
142.999857,,307.71258868871485,47211.0,3.2705882352941176
143.1998568,,307.8344683187563,24104.0,2.2459016393442623
143.3998566,2.3566596106752997,0.7280720885221302,24093.0,2.237704918032787
143.5998564,,308.1157149237997,47230.0,3.2705882352941176
143.7998562,2.199830651989839,0.8945144448858366,47240.0,3.276470588235294
143.999856,4.219407373897308,8.962687325493908,48631.0,3.238372093023256
144.1998558,,351.71695232783713,24162.0,1.984251968503937
144.3998556,4.130378933847142,16.154691688366572,23355.0,2.064516129032258
144.5998554,,331.91823052657475,48139.0,3.261627906976744
144.7998552,3.3290914715891513,9.570653771447251,48485.0,3.2514619883040936
144.999855,2.2966443786614774,2.1372768423063095,48307.0,3.280701754385965
145.1998548,,296.73265776831363,25013.0,2.2764227642276422
145.3998546,2.334385110037145,0.7249100003801935,25037.0,2.2601626016260163
145.5998544,,297.0464136675653,48201.0,3.257309941520468
145.7998542,2.1944386759147734,0.5894721066313354,48154.0,3.2514619883040936
145.999854,2.1948744552811785,1.0538358388336215,48190.0,3.2705882352941176
146.1998538,2.191762603383068,3.2793601297914536,48122.0,3.280701754385965
146.3998536,2.1344126193441264,3.682830603782844,48180.0,3.2514619883040936
146.5998534,,297.2275485841992,24922.0,2.252032520325203
146.7998532,2.209987144464085,0.8846822653322985,24892.0,2.2439024390243905
146.999853,,2.473051140705321,25162.0,2.2338709677419355
147.1998528,,3.295336383828835,24925.0,2.2439024390243905
147.3998526,,298.49828512885654,48022.0,3.2514619883040936
147.5998524,2.135960796580127,2.7708048042229168,47955.0,3.2865497076023393
147.7998522,2.191943177320919,3.073851098786407,48009.0,3.2514619883040936
147.999852,,300.0796555622893,24748.0,2.227642276422764
148.1998518,,298.99872111090974,47925.0,3.2865497076023393
148.3998516,,299.45290973273995,24653.0,2.2195121951219514
148.5998514,4.7172166964917395,38.6138629488475,24029.0,2.0317460317460316
148.7998512,4.05403414507323,10.711738173564274,23078.0,2.138211382113821
148.999851,3.468693009118541,1.4446694397910778,23030.0,2.153225806451613
149.19985079999998,2.875551478617918,2.061171282044367,22893.0,2.1370967741935485
149.39985059999998,,328.29941012633714,46050.0,3.257309941520468
149.59985039999998,2.1926829268292685,1.5292233643884459,45920.0,3.2514619883040936
149.79985019999998,,324.47062152906005,22879.0,2.1219512195121952
149.99984999999998,2.3476082599982573,2.903711835168527,22954.0,2.1463414634146343
150.19984979999998,2.2651069576961618,0.8851119906667976,22953.0,2.154471544715447
150.39984959999998,2.231645072634472,1.041510359629211,22923.0,2.154471544715447
150.59984939999998,,3.505276440707427,23235.0,2.129032258064516
150.79984919999998,,2.9835717359925273,22962.0,2.1463414634146343
150.99984899999998,2.3713874094123812,2.159181717163671,22906.0,2.154471544715447
151.19984879999998,,323.7045624928131,45987.0,3.2514619883040936
151.39984859999998,,322.1665909220089,22944.0,2.1463414634146343
151.59984839999998,2.304861050614165,1.7272823259216419,22958.0,2.154471544715447
151.79984819999999,,2.927498062881735,23230.0,2.1370967741935485
151.999848,,3.917268489475372,22894.0,2.154471544715447
152.1998478,,322.7413888418577,45989.0,3.2748538011695905
152.3998476,,322.16047622377005,22903.0,2.1463414634146343
152.5998474,,340.5696802442435,48712.0,3.1235955056179776
152.7998472,7.552631578947368,50.63460425113699,49020.0,3.0718232044198897
152.999847,,297.00373119816163,22308.0,1.744186046511628
153.1998468,,355.1235624658899,42922.0,3.1412429378531073
153.3998466,,272.80410455531563,22684.0,1.4236111111111112
153.5998464,,100.25899691678497,18954.0,1.4696969696969697
153.7998462,,18.64045423632804,18787.0,1.378787878787879
153.999846,,25.63293061692293,18683.0,1.3923076923076922
154.1998458,,9.595341400189257,19261.0,1.3863636363636365
154.3998456,3.6556298253795534,5.4904320211607125,19299.0,1.3759398496240602
154.5998454,,5.670536634789866,19739.0,1.4122137404580153
154.7998452,10.805883202542006,40.48885889702115,20771.0,1.3529411764705883
154.999845,6.765209940017138,24.087437723426422,19839.0,1.373134328358209
155.1998448,6.076630847715185,18.504196060305002,18426.0,1.4461538461538461
155.3998446,7.916738428417653,5.048497492209788,18580.0,1.4153846153846155
155.5998444,,77.65326345285423,19604.0,2.7022900763358777
155.7998442,,137.997265599584,18868.0,1.3432835820895523
155.999844,12.99479079146362,45.074310619053804,17853.0,1.366412213740458
156.1998438,12.440496575342467,3.648412944945822,18688.0,1.5234375
156.3998436,11.222760551248923,20.46053845038504,18576.0,1.5234375
156.5998434,9.313035977063988,4.05140693999776,19707.0,1.5748031496062993
156.7998432,6.7146187806934865,25.16663451473563,20159.0,1.523076923076923
156.999843,4.689420488597694,9.655165558590076,19689.0,1.5615384615384615
157.1998428,7.235873948324787,7.977685521291282,20087.0,1.474074074074074
157.3998426,6.484265383844458,5.559369047544101,19956.0,1.5075757575757576
157.5998424,,22.82250926966713,20467.0,1.5488721804511278
157.7998422,,13.042681129328077,20982.0,1.4666666666666666
157.999842,4.114279777673887,16.959376403226873,19251.0,1.4962406015037595
158.1998418,2.634104137171622,3.0279222474813894,19071.0,1.481203007518797
158.3998416,2.456177853783668,1.7607045319547314,18712.0,1.4696969696969697
158.5998414,2.409623026527763,2.0265954017007557,18622.0,1.4621212121212122
158.7998412,2.412720695426813,1.1214513949609872,18521.0,1.4696969696969697
158.999841,2.3124527894680047,1.3733930778185341,18534.0,1.4809160305343512
159.1998408,2.3409932476584623,0.882303094744395,18364.0,1.4809160305343512
159.3998406,2.490171724808295,3.80658748366227,18518.0,1.4732824427480915
159.5998404,2.322223422644771,1.4366686934963204,18512.0,1.4809160305343512
159.7998402,2.4977131656321463,2.1224797965435225,18366.0,1.4732824427480915
159.99984,,72.69580544679064,19968.0,2.6742424242424243
160.19983979999998,2.4396360288143857,71.2775532342276,18463.0,1.4924242424242424
160.39983959999998,,5.552941815532297,18124.0,1.4732824427480915
160.59983939999998,11.050863821138211,18.99045691242504,19680.0,1.416058394160584
160.79983919999998,5.295439074200136,17.799045890359604,19097.0,1.4850746268656716
160.99983899999998,4.205517241379311,13.424594135680728,18850.0,1.4809160305343512
161.19983879999998,8.83599419448476,2.067256060140623,18603.0,1.4885496183206106
161.39983859999998,7.701780977643047,14.958335789578257,18473.0,1.4015151515151516
161.59983839999998,7.6149729670087165,10.99795439921565,18126.0,1.4461538461538461
161.79983819999998,,259.68108528151885,39604.0,3.157303370786517
161.99983799999998,,257.27331804807454,17887.0,1.4307692307692308
162.19983779999998,3.2746365997899742,5.122218764593426,18093.0,1.4307692307692308
162.39983759999998,3.4681926773709653,9.625198945768238,17999.0,1.449612403100775
162.59983739999998,2.5360468357959296,0.9084467095957452,17935.0,1.449612403100775
162.79983719999998,,5.102121185642845,18126.0,1.476923076923077
162.99983699999999,,2.4654489507965596,17658.0,1.4728682170542635
163.19983679999999,2.4095042031223195,0.47582501543139855,17487.0,1.4609375
163.3998366,2.5163454431747114,0.60822535800768,17589.0,1.4765625
163.5998364,2.785787379192723,0.6402115754334177,17590.0,1.4573643410852712
163.7998362,2.7685083827850434,2.2738099500945177,17357.0,1.4609375
163.999836,2.6116426975305105,1.7843833428366604,17453.0,1.4453125
164.1998358,4.172883869495779,0.9496947700599419,17532.0,1.453125
164.3998356,4.695185580457726,6.533159274872476,16866.0,1.4453125
164.5998354,,265.5340101374673,38108.0,3.2114285714285713
164.7998352,2.5545023696682465,1.1142775579955346,38191.0,3.217142857142857
164.999835,,261.31017541984335,16861.0,1.4645669291338583
165.1998348,2.4794154339689896,0.5986434917941732,16833.0,1.4488188976377954
165.3998346,2.540727489564699,0.7935662213121556,16770.0,1.4488188976377954
165.5998344,3.3888657586391484,1.0464284813390026,16813.0,1.4488188976377954
165.7998342,3.73081254074557,3.8733394390604676,16873.0,1.421875
165.999834,10.691275887970813,18.41974340690259,18638.0,1.393939393939394
166.1998338,,23.867214043803163,17447.0,1.426356589147287
166.3998336,,13.108008414790781,17414.0,1.4296875
166.5998334,4.2541654571843255,1.968891233389475,17225.0,1.421875
166.7998332,3.829151871470982,1.098070773231633,17179.0,1.4296875
166.999833,2.5179306290417403,2.9451686366390004,17010.0,1.4375
167.1998328,,260.6622755563542,38543.0,3.1931818181818183
167.3998326,,207.99231682663418,19153.0,2.7421875
167.5998324,4.780094184877507,2.9504880297881475,18899.0,2.7209302325581395
167.7998322,,84.81650086370172,17151.0,1.4409448818897639
167.999832,3.786781877627277,2.0649153059185834,17128.0,1.4296875
168.1998318,,86.98258017247014,18929.0,2.7421875
168.3998316,4.574436645733284,2.8325651685257545,18949.0,2.7421875
168.5998314,,205.1549215674185,38468.0,3.2114285714285713
168.7998312,,258.6531096423027,16964.0,1.4409448818897639
168.999831,,260.8726722151569,38312.0,3.177142857142857
169.1998308,,260.64557735414746,16837.0,1.4251968503937007
169.3998306,2.4946946474888,0.7209585344384014,16964.0,1.4409448818897639
169.5998304,2.768341354619087,0.6362159000278638,17038.0,1.4330708661417322
169.7998302,2.3871746555176068,0.6302638021920265,16982.0,1.4251968503937007
169.99983,,81.2742257901139,18700.0,2.7131782945736433
170.1998298,,85.56725644599463,17763.0,1.4645669291338583
170.3998296,4.546303023528754,4.556173576541765,17893.0,1.503875968992248
170.5998294,11.296704980842913,16.130360087373543,19575.0,1.4883720930232558
170.7998292,5.7453102806484795,7.855187588575435,20417.0,1.4621212121212122
170.999829,3.478171334431631,10.958629721018772,19424.0,1.4580152671755726
171.19982879999998,4.2850590837964715,9.679604619688144,18533.0,1.476923076923077
171.39982859999998,3.694615221539114,6.395128761072014,18868.0,1.465648854961832
171.59982839999998,5.91837990258908,9.765627692817647,19505.0,1.4732824427480915
171.79982819999998,6.783981244206968,15.463920356346053,18341.0,1.476923076923077
171.99982799999998,4.169343065693431,7.916388462647239,17810.0,1.484375
172.19982779999998,,4.225506006814811,17974.0,1.5
172.39982759999998,,16.7433131748863,17862.0,1.4186046511627908
172.59982739999998,7.037611387570883,6.550781851288911,17282.0,1.4330708661417322
172.79982719999998,3.211018115111213,3.350434685784586,17444.0,1.4523809523809523
172.99982699999998,3.191544182233413,4.806227848679703,17077.0,1.4365079365079365
173.19982679999998,2.710857546171039,2.284864215542709,17002.0,1.4285714285714286
173.39982659999998,2.6004624414537263,1.2852980463469756,16867.0,1.4285714285714286
173.59982639999998,2.4172150097812555,0.6293434276658006,16869.0,1.4444444444444444
173.79982619999998,2.5713601819161034,2.0473523635259756,16711.0,1.4285714285714286
173.99982599999998,2.433313432835821,0.6466615169156688,16750.0,1.4285714285714286
174.19982579999999,2.5204202778107563,1.1231093192082526,16846.0,1.4285714285714286
174.39982559999999,2.7020843315764256,1.2126851940537222,16696.0,1.4444444444444444
174.5998254,,262.4047423312187,38093.0,3.1954022988505746
174.7998252,2.278138556592612,1.1836342390541015,38035.0,3.2298850574712645
174.999825,,261.42763997409696,16580.0,1.4126984126984128
175.1998248,2.4314482093331726,0.5221418233740986,16586.0,1.4206349206349207
175.3998246,2.4332171194998797,0.4779313826367414,16636.0,1.4206349206349207
175.5998244,2.6478906856017663,1.5873156582811774,16759.0,1.4285714285714286
175.7998242,2.8351437316209567,0.8761430417069012,16663.0,1.4206349206349207
175.999824,2.407469778071811,1.4493172401498018,16627.0,1.4206349206349207
176.1998238,2.366696562032885,0.501946807043277,16725.0,1.4206349206349207
176.3998236,,87.27237179743724,19172.0,2.7109375
176.5998234,,74.91947358677648,16694.0,1.44
176.7998232,20.582598051716225,51.23777939180118,19607.0,1.222972972972973
176.999823,,204.65144441625463,44129.0,2.6462264150943398
177.1998228,,221.06034569185695,19751.0,1.2569444444444444
177.3998226,10.976542137271938,17.957086548539017,19567.0,1.462686567164179
177.5998224,,248.82260894118255,40618.0,3.1340782122905027
177.7998222,,240.26535055852588,19675.0,1.4772727272727273
177.999822,,258.42732160332105,39780.0,3.175141242937853
178.1998218,,254.98843595890494,19431.0,1.6564885496183206
178.3998216,3.936788336703203,12.732847110369045,18794.0,1.5153846153846153
178.5998214,3.0460239797838593,4.821819063485305,18599.0,1.4923076923076923
178.7998212,3.8256747655804797,5.352522699222838,19303.0,1.6384615384615384
178.999821,4.487254114813328,12.703165237887777,19928.0,1.4924242424242424
179.1998208,,265.1799318062723,40062.0,3.1396648044692737
179.3998206,,246.4657932125624,18423.0,1.476923076923077
179.5998204,,7.040686836173789,18609.0,1.6412213740458015
179.7998202,,4.088498478591794,18368.0,1.6384615384615384
179.99982,2.424848053441384,3.006360210455476,18263.0,1.4923076923076923
180.1998198,,74.9589478318934,19801.0,2.6412213740458017
180.3998196,,72.2381855301093,18250.0,1.6923076923076923
180.5998194,2.341473362222789,69.7649706784571,19615.0,2.6615384615384614
180.7998192,2.3629793103448278,72.7006066839803,18125.0,1.4846153846153847
180.999819,,78.10731286862851,19773.0,2.633587786259542
181.1998188,,6.972532582830085,19362.0,2.6538461538461537
181.3998186,2.4050177368772814,0.9528322992681958,19451.0,2.6538461538461537
181.5998184,2.3774580602155315,70.06156021350203,18002.0,1.4923076923076923
181.7998182,2.317688536330083,2.487577343829374,18153.0,1.4846153846153847
181.999818,6.913550002721977,7.381827021281499,18369.0,1.4427480916030535
182.19981779999998,5.129196723978955,6.85513520949979,18437.0,1.465648854961832
182.39981759999998,3.5271213898664877,7.483734557883119,17901.0,1.558139534883721
182.59981739999998,3.3062929179050937,72.08526212000616,19514.0,2.6769230769230767
182.79981719999998,,9.974789670893143,21170.0,2.648854961832061
182.99981699999998,,6.811493554272603,19836.0,2.6769230769230767
183.19981679999998,9.445126373932935,74.73321257331858,17923.0,1.4806201550387597
183.39981659999998,6.052907007169397,81.13816487670032,19109.0,2.703125
183.59981639999998,3.2754187994416006,71.21010550724607,17192.0,1.4173228346456692
183.79981619999998,5.787498630437164,6.863029793122749,18254.0,1.5039370078740157
183.99981599999998,,70.02558934527464,20642.0,2.6538461538461537
184.19981579999998,5.195089285714285,3.4451626850125345,20160.0,2.6875
184.39981559999998,,68.20716899977039,19387.0,1.46875
184.59981539999998,,76.35364187829832,21213.0,2.6384615384615384
184.79981519999998,,9.706208347395375,19791.0,2.671875
184.99981499999998,,12.483832890548157,20011.0,2.6511627906976742
185.19981479999998,2.7761663286004055,7.012333958571348,19720.0,2.643410852713178
185.39981459999998,,79.1238701110734,17682.0,1.453125
185.59981439999999,2.5495981387478848,74.22237539963703,18912.0,2.65625
185.7998142,2.461055408970976,2.027200755934129,18950.0,2.65625
185.999814,,7.13619361527365,19152.0,2.635658914728682
186.1998138,2.5564208435687035,0.27358027737036,19133.0,2.635658914728682
186.3998136,,6.808178442802362,18778.0,2.65625
186.5998134,,4.617060321771245,18946.0,2.635658914728682
186.7998132,,6.87027404758657,18695.0,2.677165354330709
186.999813,2.3058308365982945,72.02447612585887,17356.0,1.4409448818897639
187.1998128,2.361858049624928,0.21292269678110293,17330.0,1.5118110236220472
187.3998126,,6.6971622466794285,17702.0,1.697674418604651
187.5998124,,67.35666204839876,18641.0,2.677165354330709
187.7998122,2.425901278861177,74.8019800193326,17281.0,1.4566929133858268
187.999812,2.5078748536767055,74.99066748373819,18794.0,2.677165354330709
188.1998118,2.4230728051391863,0.40990814033386413,18680.0,2.677165354330709
188.3998116,,6.543116189942622,18930.0,2.65625
188.5998114,,92.25604409983187,18288.0,1.4045801526717556
188.7998112,,74.05636323094924,19684.0,2.633587786259542
188.999811,,15.474080525356,18448.0,2.753968253968254
189.1998108,9.818519851265442,81.8061971977411,16674.0,1.4206349206349207
189.3998106,9.750669305086719,26.76037967980454,17182.0,1.3937007874015748
189.5998104,,60.80873666993154,21834.0,1.1575757575757575
189.7998102,,41.02206159340453,20119.0,1.3507462686567164
189.99981,11.250579017395161,21.76377176849986,20293.0,1.5419847328244274
190.1998098,11.747805642633228,10.493561097976556,19140.0,1.549618320610687
190.3998096,,10.728359881320861,18464.0,1.7829457364341086
190.5998094,,71.4668008084776,19582.0,2.6923076923076925
190.7998092,3.265600262051646,65.39533937968032,18317.0,1.5384615384615385
190.999809,3.4233580624045383,2.5088253064841384,18332.0,1.7209302325581395
191.1998088,4.1282945736434105,7.853571360185041,18060.0,1.5
191.3998086,,85.09351159858157,20012.0,2.6846153846153844
191.5998084,,103.03121533749437,18249.0,1.3740458015267176
191.7998082,,115.16225793179112,19480.0,2.646153846153846
191.999808,,14.861973064096802,18816.0,2.671875
192.1998078,,162.1338362424171,20182.0,1.4264705882352942
192.3998076,,26.389628356125108,21052.0,1.7
192.5998074,9.619764658954926,31.339936173011488,20056.0,1.903225806451613
192.7998072,12.0640554875561,43.695716000500056,22059.0,1.8615384615384616
192.999807,7.093203622343764,12.840169197067958,22306.0,1.992063492063492
193.19980679999998,7.306543737351023,36.97950370760089,22235.0,1.875
193.39980659999998,4.294221907125133,10.184906158565813,22568.0,2.031496062992126
193.59980639999998,3.4235547166498397,14.350404915239313,22781.0,2.078740157480315
193.79980619999998,,8.192462404332597,22651.0,2.2283464566929134
193.99980599999998,,2.540369461550679,22248.0,2.112
194.19980579999998,,54.557455280955175,23747.0,3.2440944881889764
194.39980559999998,,54.97820913195647,22222.0,2.112
194.59980539999998,,4.340815591966406,22571.0,2.2125984251968505
194.79980519999998,2.3051486906347094,3.3265373192147303,22530.0,2.126984126984127
194.99980499999998,,3.3761742481591206,22276.0,2.12
195.19980479999998,2.465990534144692,1.279759183228701,22185.0,2.088
195.39980459999998,2.321936296562894,0.4708941015449204,22228.0,2.152
195.59980439999998,2.3496860986547086,0.3512994639602333,22300.0,2.224
195.79980419999998,,3.198525662383587,22623.0,2.246031746031746
195.99980399999998,,3.0382310458277515,22166.0,2.096
196.19980379999998,2.271571544495537,0.4534334935018704,22182.0,2.096
196.39980359999998,2.343346282410335,1.080973350634992,22138.0,2.024
196.59980339999998,2.42253330322872,2.135617227468431,22145.0,2.129032258064516
196.79980319999999,2.2843758486466914,0.4775685170191389,22094.0,2.1129032258064515
196.99980299999999,,5.433796066468409,22450.0,2.1904761904761907
197.1998028,5.549402919062362,15.346306696797589,22610.0,2.109375
197.3998026,,43.84743465000911,23114.0,3.232
197.5998024,,49.572878909043816,22389.0,2.261904761904762
197.7998022,,3.4936271173148317,21995.0,2.192
197.999802,,2.999503091092431,22185.0,2.1587301587301586
198.1998018,,3.779763268621851,21929.0,2.193548387096774
198.3998016,,6.418041486595086,22450.0,2.1904761904761907
198.5998014,2.68183042931561,4.1115714287181415,22268.0,2.1587301587301586
198.7998012,,3.602880724660566,22049.0,2.192
198.999801,2.313120776452447,1.224480307991611,22049.0,2.184
199.1998008,,59.75289987620616,23441.0,3.1825396825396823
199.3998006,2.2835787394505296,56.67344124885261,22276.0,2.1904761904761907
199.5998004,,4.3211896471244735,22043.0,2.184
199.7998002,,59.44892865996039,23421.0,3.1825396825396823
199.9998,,75.16698806314454,23135.0,2.0
200.1997998,5.5408033641421,24.054070269425644,22829.0,1.853846153846154
200.3997996,5.032630267226658,20.429760350935677,21667.0,2.078740157480315
200.5997994,7.719030765042199,14.43617796276234,22038.0,1.853846153846154
200.7997992,5.367229027039519,10.081040782108998,21635.0,1.7251908396946565
200.999799,,84.95200564824388,22331.0,2.7593984962406015
201.1997988,,61.22450100391558,20625.0,1.6893939393939394
201.3997986,7.361553453439178,5.191714605230564,21037.0,1.6466165413533835
201.5997984,5.4002422886963,3.8097931412411703,21462.0,1.696969696969697
201.7997982,9.029706962989515,35.10152020236305,22318.0,1.5144927536231885
201.999798,4.384850141204336,14.81526877532321,21954.0,1.644927536231884
202.1997978,,15.370851972057533,21992.0,1.7173913043478262
202.3997976,,17.933723309593223,22222.0,1.6762589928057554
202.5997974,6.452447187690168,20.608554983186615,23006.0,1.5944055944055944
202.7997972,6.136898739998161,18.2085877821288,21746.0,1.6153846153846154
202.999797,12.071070157832315,47.02720917553754,21922.0,1.7536231884057971
203.1997968,,224.60800591759823,43865.0,3.0549450549450547
203.3997966,,223.90411558720766,23283.0,1.9044117647058822
203.5997964,3.9291764911361455,15.282525395877784,22902.0,1.8529411764705883
203.7997962,2.9904841402337228,53.34348569493969,23960.0,2.786764705882353
203.999796,,53.874382853798615,22478.0,1.8805970149253732
204.1997958,2.5621211440887253,2.3938896392070346,22271.0,1.9097744360902256
204.39979559999998,2.487983468846862,1.7137478898889735,22261.0,1.9097744360902256
204.59979539999998,2.3890632003585837,1.8503357546876817,22310.0,1.8796992481203008
204.79979519999998,2.4064956650644627,3.5596491307329825,22261.0,1.887218045112782
204.99979499999998,2.3184770436730124,0.7961713558085828,22325.0,1.9393939393939394
205.19979479999998,2.8290376081402124,2.0473296791863005,22309.0,1.9323308270676691
205.39979459999998,,217.31609789926307,44125.0,3.1277777777777778
205.59979439999998,,219.81071382696737,22522.0,1.9393939393939394
205.79979419999998,,52.66142819308621,24151.0,2.917293233082707
205.99979399999998,2.6292407446140973,1.3212353143616953,23905.0,2.9022556390977443
206.19979379999998,,54.624508366993226,22490.0,1.9696969696969697
206.39979359999998,2.929996204613503,41.434047781107424,23713.0,2.9923664122137406
206.59979339999998,,10.556778603367176,23950.0,2.9323308270676693
206.79979319999998,,54.99444275907564,22587.0,1.9772727272727273
206.99979299999998,2.297223083396076,1.046478046066881,22579.0,1.9696969696969697
207.19979279999998,2.3805439516487423,0.5611656352153956,22502.0,1.946969696969697
207.39979259999998,2.458135299604673,0.8397423470893534,22513.0,1.9696969696969697
207.59979239999998,,2.8318234899710304,22889.0,1.962406015037594
207.79979219999998,,2.715953549470843,22650.0,1.9696969696969697
207.99979199999999,3.5262781701984527,45.998434550240546,23784.0,3.0229007633587788
208.19979179999999,9.192597841036969,82.38138836605395,23993.0,1.9318181818181819
208.3997916,,78.74326369251992,24522.0,2.984848484848485
208.5997914,,46.060758715711316,22825.0,1.9179104477611941
208.7997912,,228.11069153566146,43874.0,3.11731843575419
208.999791,2.4902942448171497,2.360948264261641,43943.0,3.111731843575419
209.1997908,,221.65539357640876,22317.0,1.984732824427481
209.3997906,9.515566572833075,29.31745541447552,23801.0,2.1068702290076335
209.5997904,5.357882480143053,24.796398414541763,24047.0,2.030534351145038
209.7997902,4.283917108267632,30.894595001934395,23211.0,2.068702290076336
209.99979,,949.4471492979878,5798.0,7.103448275862069
210.1997898,,961.4878458735869,23789.0,2.1297709923664123
210.3997896,4.124205378973105,70.38149400101668,24540.0,3.007575757575758
210.5997894,,116.46326613875924,25750.0,2.276923076923077
210.7997892,4.7396773206912375,17.652082590955178,26156.0,2.2846153846153845
210.999789,,141.47522610835452,24036.0,3.022727272727273
211.1997888,,58.965950242485974,22861.0,2.1307692307692307
211.3997886,3.627631040596445,23.928662756061293,21997.0,2.0229007633587788
211.5997884,,218.90647212397496,43391.0,2.741573033707865
211.7997882,,223.6645073796132,22186.0,2.068702290076336
211.999788,,216.62024342795792,44290.0,3.1292134831460676
212.1997878,,235.44015589294742,22813.0,1.9696969696969697
212.3997876,8.571215117556582,71.66947440247178,22755.0,1.900763358778626
212.5997874,,51.21757413809669,24112.0,1.984732824427481
212.7997872,,258.10909521370405,46053.0,3.1179775280898876
212.999787,,225.16223467631877,23746.0,1.8914728682170543
213.1997868,,245.66985441807196,45023.0,3.1235955056179776
213.3997866,9.199858130874269,29.9961606891584,45112.0,2.657608695652174
213.5997864,4.205864808761423,36.680040583459466,41911.0,3.0718232044198897
213.7997862,,262.7271579350147,20532.0,1.4850746268656716
213.999786,3.407825695867273,17.661121554573192,20011.0,1.5076923076923077
214.1997858,,288.8472064337984,42302.0,3.1235955056179776
214.3997856,,287.28936424305584,21786.0,1.6875
214.5997854,,85.79694199255725,25358.0,1.7669172932330828
214.7997852,13.683244872550947,73.83717789238375,30522.0,1.7581699346405228
214.999785,,62.897135805339595,32832.0,1.6242424242424243
215.1997848,,86.68331667883804,27495.0,1.4085365853658536
215.39978459999998,5.746399523903987,50.62974831590169,25205.0,1.298780487804878
215.59978439999998,4.281451911601301,28.455330458930277,24299.0,1.2439024390243902
215.79978419999998,27.382854804180834,81.78312232226837,31764.0,1.579268292682927
215.99978399999998,,345.6326196702871,52190.0,2.989247311827957
216.19978379999998,,216.33022407898804,26291.0,1.855072463768116
216.39978359999998,,13.354718763821168,27192.0,2.014705882352941
216.59978339999998,3.1676208530805687,19.300469599212235,26375.0,1.9779411764705883
216.79978319999998,,230.06703015066154,49106.0,3.088888888888889
216.99978299999998,2.7996803851980987,11.248227094701924,48183.0,3.1931818181818183
217.19978279999998,2.44690126380651,1.8339466538376776,47713.0,3.165714285714286
217.39978259999998,,237.02730150201126,24712.0,2.2125984251968505
217.59978239999998,2.263732251521298,1.3039046188869008,24650.0,2.238095238095238
217.79978219999998,,238.96658499900096,47876.0,3.1954022988505746
217.99978199999998,2.1693938887961264,0.4408214226691177,47912.0,3.177142857142857
218.19978179999998,,236.8959417782136,24544.0,2.238095238095238
218.39978159999998,2.236010425999837,2.509073130225413,24554.0,2.238095238095238
218.59978139999998,,239.4342956181977,47720.0,3.1954022988505746
218.79978119999998,,235.16586998475628,24774.0,2.220472440944882
218.99978099999998,2.1965870582539937,0.4618545751572819,24788.0,2.220472440944882
219.19978079999998,,3.058847567286942,24478.0,2.2301587301587302
219.39978059999999,,239.15964532302257,47653.0,3.1954022988505746
219.5997804,,237.1053879492399,24395.0,2.2301587301587302
219.7997802,2.186919710417604,1.5460117538702243,24449.0,2.2301587301587302
219.99978,2.309555854643338,2.6370699993824833,24519.0,2.2301587301587302
220.1997798,2.30583261503099,3.2799723776634435,24363.0,2.2301587301587302
220.3997796,2.1995324419653843,1.2657502652844579,24382.0,2.238095238095238
220.5997794,,236.38250001284163,47667.0,3.2241379310344827
220.7997792,,237.1562544712248,24376.0,2.238095238095238
220.999779,,4.4965170115644355,24670.0,2.220472440944882
221.1997788,,238.88283610173292,47516.0,3.1954022988505746
221.3997786,2.16637970856255,0.20597551684054416,47626.0,3.189655172413793
221.5997784,,238.03496365679368,24345.0,2.238095238095238
221.7997782,,237.57153660089418,47686.0,3.2427745664739884
221.999778,2.1701591038063013,0.5862651849159828,47579.0,3.2427745664739884
222.1997778,2.186607749830048,11.390175684733105,47072.0,2.8265895953757227
222.3997776,2.1642007177485363,10.50474280597978,47649.0,3.213872832369942
222.5997774,,238.89494353362412,24311.0,2.256
222.7997772,2.257304157909919,0.8632863287216536,24267.0,2.248
222.999777,2.363430033425494,2.378400462498969,24233.0,2.256
223.1997768,2.220641596569355,0.6025922520458556,24252.0,2.248
223.3997766,2.1996778057747117,0.5231359003358493,24209.0,2.248
223.5997764,,3.1257622102765614,24441.0,2.246031746031746
223.7997762,,2.3859433597406325,24112.0,2.248
223.999776,,236.61875613977054,47452.0,3.213872832369942
224.1997758,2.1556393988575766,0.6075401415768075,47443.0,3.213872832369942
224.3997756,,238.90047095651286,24168.0,2.248
224.5997754,,238.8098656731279,47386.0,3.2254335260115607
224.7997752,2.1536548351741,0.21152290657821973,47444.0,3.213872832369942
224.999775,2.1576387865518623,0.676426402072095,47501.0,3.2427745664739884
225.1997748,2.1619133878170023,1.566679611363645,47476.0,3.213872832369942
225.3997746,,237.52521125256982,24149.0,2.256
225.5997744,2.197399036064484,0.609440712236923,24068.0,2.248
225.7997742,,237.24925759401452,47499.0,3.2485549132947975
225.999774,2.1778887694674505,1.0662866656277978,47451.0,3.2427745664739884
226.1997738,,238.11992629699824,24094.0,2.248
226.39977359999997,,237.5702935062522,47405.0,3.213872832369942
226.59977339999998,,237.94301224470465,24105.0,2.256
226.79977319999998,,2.6640223473563363,24390.0,2.238095238095238
226.99977299999998,,2.6996823319039005,24068.0,2.248
227.19977279999998,,239.84908641972493,47429.0,3.2427745664739884
227.39977259999998,2.1595149056643637,1.0864498001832665,47331.0,3.213872832369942
227.59977239999998,2.1999788583509514,4.072776141048238,47300.0,3.2427745664739884
227.79977219999998,2.2342490958695516,4.006422870841997,47283.0,3.213872832369942
227.99977199999998,,236.07243715437846,24331.0,2.238095238095238
228.19977179999998,,236.1588798759691,47281.0,3.213872832369942
228.39977159999998,2.183307645208285,0.3997743418510611,47363.0,3.213872832369942
228.59977139999998,,236.76462825589746,24001.0,2.248
228.79977119999998,,238.6230312411836,47316.0,3.208092485549133
228.99977099999998,,239.07770394097562,24038.0,2.24
229.19977079999998,,236.33246272709624,47368.0,3.213872832369942
229.39977059999998,,238.1553679093565,24163.0,2.264
229.59977039999998,,12.97007159942294,24392.0,2.094488188976378
229.79977019999998,,14.237813835346572,25100.0,2.1171875
229.99976999999998,,244.28326796030208,47666.0,3.177142857142857
230.19976979999998,,247.6437622821752,24774.0,2.141732283464567
230.39976959999998,2.563996961094006,2.594874869863139,25009.0,2.1328125
230.59976939999999,2.7809954021134144,10.929762569339767,24794.0,2.0697674418604652
230.7997692,2.2136842105263157,1.1173714495597615,24700.0,2.054263565891473
230.999769,2.2383508172725053,1.0713519062383225,24594.0,2.054263565891473
231.1997688,2.2045843172380097,0.5606309513545898,24562.0,2.078125
231.3997686,2.232963098580089,0.6790711130560355,24579.0,2.0703125
231.5997684,2.2420519936334324,1.855486335648138,24503.0,2.078125
231.7997682,4.537096774193548,8.792865199826565,25420.0,2.045801526717557
231.999768,2.5041709700484627,10.545668743892854,25174.0,1.9924242424242424
232.1997678,2.6067583974099553,2.7604588539230073,24710.0,2.0
232.3997676,2.53390659385443,6.037984649614825,24538.0,1.946969696969697
232.5997674,4.199020885151407,8.615184077523052,25329.0,2.082706766917293
232.7997672,2.9139441909300166,5.040518793254951,24763.0,2.0839694656488548
232.999767,2.4343873036489834,2.7874982544310676,24637.0,2.1307692307692307
233.1997668,2.336591499026606,1.894869708868761,24656.0,2.123076923076923
233.3997666,,243.829864302121,47658.0,3.1412429378531073
233.5997664,,242.65908857908892,24537.0,2.147286821705426
233.7997662,2.235450384175249,2.4042498232028797,24468.0,2.1307692307692307
233.999766,,3.638385276104087,24780.0,2.1297709923664123
234.1997658,2.203889001417865,0.4320097530958104,24685.0,2.1307692307692307
234.3997656,,3.5492032469509436,24421.0,2.147286821705426
234.5997654,,3.63570222726397,24707.0,2.1384615384615384
234.7997652,,3.3413213648312263,24520.0,2.13953488372093
234.999765,2.261902810784233,3.294031033007975,24406.0,2.147286821705426
235.1997648,,3.844340203302297,24728.0,2.1384615384615384
235.3997646,,3.186017018742515,24445.0,2.13953488372093
235.5997644,2.2574695684249355,0.893984046492973,24399.0,2.147286821705426
235.7997642,2.323775192528265,1.0735762433826264,24412.0,2.147286821705426
235.999764,2.210815014941258,1.0714622491992178,24429.0,2.147286821705426
236.1997638,2.1989419291338583,0.1315879729864297,24384.0,2.13953488372093
236.3997636,,3.5228649010015864,24697.0,2.1307692307692307
236.5997634,,4.5122940193415175,24315.0,2.13953488372093
236.7997632,2.2414600098538346,0.25457766732936443,24356.0,2.147286821705426
236.999763,2.211985541772776,1.8327527364627332,24346.0,2.13953488372093
237.1997628,,2.9919813219266373,24628.0,2.1307692307692307
237.39976259999997,,2.0875740169189743,24183.0,2.1640625
237.59976239999997,2.1787365813377373,1.7181454810812302,24220.0,2.1640625
237.79976219999998,2.187497414256754,0.689852280094985,24171.0,2.15625
237.99976199999998,2.26119988438829,2.1083386389832333,24219.0,2.173228346456693
238.19976179999998,2.267389228022092,3.55634786632163,24081.0,2.1811023622047245
238.39976159999998,2.1755301524188204,0.7441504180009985,24144.0,2.1811023622047245
238.59976139999998,2.1660305343511452,0.6362670225114716,24104.0,2.1811023622047245
238.79976119999998,2.2054766146070675,0.10982527908453507,24139.0,2.1811023622047245
238.99976099999998,2.212833781825709,2.1665546731746717,24155.0,2.15625
239.19976079999998,2.1935870418577745,0.4233756991369474,24201.0,2.1811023622047245
239.39976059999998,5.319052140200966,13.296981319683416,25278.0,2.0522388059701493
239.59976039999998,3.0256651273039354,9.040686036813756,24469.0,2.1307692307692307
239.79976019999998,6.587911036251579,25.708065339250425,26123.0,2.1503759398496243
239.99975999999998,5.8247300695163435,14.397481683595881,27044.0,2.0
240.19975979999998,4.177093963419421,56.35553670525233,25478.0,1.854014598540146
240.39975959999998,3.0888500325309045,11.614650084859935,24592.0,1.8955223880597014
240.59975939999998,3.9080264720855253,23.866940971324322,23572.0,1.992063492063492
240.79975919999998,2.962512882171075,9.709238024522996,23288.0,2.0
240.99975899999998,2.3334478316874194,3.4424926471957744,23290.0,2.032
241.19975879999998,2.1866162375897193,0.3930298167087073,23267.0,2.007936507936508
241.39975859999998,,4.672713938884218,23382.0,2.0238095238095237
241.59975839999998,,2.831436541187603,23414.0,2.129032258064516
241.79975819999999,2.514698919640167,3.5624891013559616,23233.0,2.138211382113821
241.99975799999999,,2.600386116902973,23426.0,2.120967741935484
242.1997578,,3.2482873513352337,23012.0,2.130081300813008
242.3997576,,1.893955397940379,23254.0,2.120967741935484
242.5997574,,3.4393937313192127,22944.0,2.1219512195121952
242.7997572,2.180292129932418,0.11766550585358793,22935.0,2.1219512195121952
242.999757,2.171185701830863,1.4069931790048356,22940.0,2.1219512195121952
243.1997568,,3.77598436088946,23136.0,2.120967741935484
243.3997566,,2.9297786802495023,22921.0,2.1219512195121952
243.5997564,2.3271550970449377,1.9014767993532555,22876.0,2.113821138211382
243.7997562,2.1989324933280834,0.5324458383317476,22857.0,2.113821138211382
243.999756,2.3078571116260767,1.9225200302614442,22871.0,2.1219512195121952
244.1997558,2.2225917983281542,0.5723686245846931,22849.0,2.139344262295082
244.3997556,2.2967916775941952,1.7991875446609515,22878.0,2.113821138211382
244.5997554,2.3407407407407406,2.472039389664729,22815.0,2.1219512195121952
244.7997552,,2.782554601820534,23050.0,2.120967741935484
244.999755,2.377347009735744,0.25638363533802216,23008.0,2.1219512195121952
245.1997548,,3.2341818060359024,22774.0,2.1311475409836067
245.3997546,2.188101410431038,1.1321326685649602,22759.0,2.1311475409836067
245.5997544,2.2565380374862185,2.7453187962779784,22675.0,2.1311475409836067
245.7997542,,3.2586966645090385,23005.0,2.130081300813008
245.999754,,2.9276881132027643,22747.0,2.1311475409836067
246.1997538,2.143876651982379,0.9384500064017548,22700.0,2.1311475409836067
246.3997536,2.1912921224902244,1.2061103531957866,22761.0,2.1311475409836067
246.5997534,2.1684108697563977,0.5516948707754553,22742.0,2.139344262295082
246.7997532,2.1745366284201237,1.543743097505911,22660.0,2.1311475409836067
246.999753,2.2459023635962008,1.3851220976367986,22635.0,2.1311475409836067
247.1997528,2.1660708769142505,0.5514085208119707,22659.0,2.1311475409836067
247.3997526,,2.773957719008859,22892.0,2.1219512195121952
247.5997524,,3.3373868477716324,22677.0,2.1311475409836067
247.7997522,2.2075237884487717,1.4747968243164138,22595.0,2.1311475409836067
247.999752,2.21115590802357,0.9262931520089505,22571.0,2.1311475409836067
248.1997518,2.1856528867029996,0.7005060946767903,22569.0,2.1311475409836067
248.39975159999997,2.166888062345023,0.6334070839563704,22584.0,2.1311475409836067
248.59975139999997,,2.9502157810922167,22868.0,2.130081300813008
248.79975119999997,,2.7485360799491745,22615.0,2.1311475409836067
248.99975099999997,2.1916467357604748,0.5362759180161961,22578.0,2.1311475409836067
249.19975079999998,3.9121986789053786,9.391695374073974,23314.0,2.0725806451612905
249.39975059999998,7.285058311999675,27.867416585936784,24609.0,1.9172932330827068
249.59975039999998,3.2914162556472,13.113555991779593,24127.0,1.9692307692307693
249.79975019999998,2.403975421666873,3.1802003794965783,24249.0,1.9389312977099236
249.99974999999998,,267.0847547375335,44871.0,3.177142857142857
250.19974979999998,,259.18943456624265,23302.0,1.9453125
250.39974959999998,2.279460841676418,4.5123875610994935,23073.0,1.9453125
250.59974939999998,2.3483631337997752,2.449579882816219,23154.0,1.9375
250.79974919999998,2.3334495380861076,4.484456706420086,22948.0,1.9448818897637796
250.99974899999998,2.0941048034934497,0.48838306487827976,22900.0,1.9606299212598426
251.19974879999998,2.287042365753243,3.548876941336635,22589.0,1.9682539682539681
251.39974859999998,2.0907887187182768,0.7833238117207929,22657.0,1.952755905511811
251.59974839999998,,3.089412196048795,22900.0,1.952755905511811
251.79974819999998,,3.519140965926572,22676.0,1.9603174603174602
251.99974799999998,2.1387722632253503,1.7169143701542848,22627.0,1.9682539682539681
252.19974779999998,2.1845101500441304,1.1435726045626369,22660.0,1.9682539682539681
252.39974759999998,2.2712810741347984,3.095496029318196,22567.0,1.9682539682539681
252.59974739999998,2.377950667491822,2.90186527212134,22622.0,1.9682539682539681
252.79974719999998,3.205973622963538,3.6931295904099506,23202.0,1.9609375
252.99974699999999,2.6724175775933974,7.9061538962960345,22779.0,1.921875
253.19974679999999,2.716684674950477,4.341848610323855,22212.0,1.9285714285714286
253.3997466,2.1660328396939734,0.18462438133234818,22351.0,1.968503937007874
253.5997464,2.130956109346338,0.7182622386515476,22351.0,1.9841269841269842
253.7997462,2.120708154506438,2.356877599067287,22368.0,1.9841269841269842
253.999746,2.0906859463560497,0.3621841839423477,22407.0,1.9841269841269842
254.1997458,2.1092052088010775,2.2886864741656527,22270.0,1.9682539682539681
254.3997456,2.1714973691251225,2.5902963597162207,22426.0,1.9761904761904763
254.5997454,2.0816253468182224,1.68322218318446,22346.0,1.9682539682539681
254.7997452,2.0864385524901468,0.3170373631046162,22328.0,1.9682539682539681
254.999745,2.122316926234995,2.670777948343875,22409.0,1.9761904761904763
255.1997448,2.1087716154466447,2.234099655306189,22322.0,1.9761904761904763
255.3997446,2.092396664574554,1.2098841892139782,22306.0,1.9761904761904763
255.5997444,2.114443249058634,1.5748400676692218,22308.0,1.9682539682539681
255.7997442,2.0867326378005644,1.114353653768942,22333.0,1.9682539682539681
255.999744,,251.993019783514,44560.0,3.1954022988505746
256.19974379999996,,253.17342163821112,22381.0,1.9761904761904763
256.39974359999997,,259.4992348986382,44120.0,2.810344827586207
256.59974339999997,,257.56049766164887,22540.0,1.9606299212598426
256.79974319999997,2.1807982261640797,1.0612442222643181,22550.0,1.9606299212598426
256.99974299999997,,251.55833694278374,44564.0,3.1954022988505746
257.19974279999997,,255.18261949694585,22340.0,1.992063492063492
257.39974259999997,,254.38022647761767,44509.0,3.2298850574712645
257.59974239999997,,251.18017187126813,22202.0,1.9761904761904763
257.79974219999997,2.276156806587309,4.101345972601312,22346.0,1.9841269841269842
257.99974199999997,3.285094390265724,6.159754189758447,22354.0,1.9140625
258.19974179999997,2.5788384542714473,2.1389768789616426,22229.0,1.8661417322834646
258.39974159999997,,3.958169721104527,22170.0,1.874015748031496
258.59974139999997,,5.010440836104468,21942.0,1.858267716535433
258.79974119999997,4.143135259501792,9.569761967051189,22601.0,1.7923076923076924
258.999741,2.938450231959947,7.973448128864833,21771.0,1.8031496062992125
259.1997408,2.295432458697765,1.430895882355614,21609.0,1.795275590551181
259.3997406,2.2662011173184355,2.789582000498091,21480.0,1.8031496062992125
259.5997404,2.1888118397170384,1.1581877962365152,21487.0,1.795275590551181
259.7997402,2.2161444997905124,0.3271699912356753,21481.0,1.811023622047244
259.99974,,3.3815167443909924,21674.0,1.796875
260.1997398,,2.754550813447453,21415.0,1.8031496062992125
260.3997396,2.105710416958491,0.57277042137327,21417.0,1.811023622047244
260.5997394,2.0991180176396473,0.20200700350543763,21429.0,1.811023622047244
260.7997392,2.1090534979423867,0.4054945903502585,21384.0,1.8031496062992125
260.999739,2.116895276438369,0.44993108516087177,21361.0,1.8031496062992125
261.1997388,2.1464606134623514,1.3531082207308485,21289.0,1.8031496062992125
261.3997386,2.1636671209059726,1.0417727787506663,21281.0,1.811023622047244
261.5997384,2.1803956580987736,1.3067576269754722,21281.0,1.8095238095238095
261.7997382,,3.529999842059687,21466.0,1.8031496062992125
261.999738,,2.985221004291581,21240.0,1.795275590551181
262.1997378,2.2910479422995333,2.8440474991321483,21213.0,1.8095238095238095
262.3997376,2.248855322161907,2.0614084558624044,21185.0,1.8174603174603174
262.5997374,,3.38674296287109,22048.0,1.7984496124031009
262.7997372,3.4805514092545438,7.2052904109555955,22778.0,1.8244274809160306
262.999737,3.4022021848448065,4.5728054166795555,23068.0,1.876923076923077
263.1997368,,15.704740625028538,23658.0,1.9384615384615385
263.3997366,4.543286255036835,24.63047059775104,24569.0,2.116279069767442
263.5997364,2.699742802621754,6.7639119686715885,24106.0,2.1015625
263.7997362,,3.3517157290825157,24293.0,2.0930232558139537
263.999736,,2.020923968709253,23955.0,2.1181102362204722
264.1997358,2.184196208094421,1.2095740072266556,23893.0,2.1181102362204722
264.3997356,2.1483401622209213,1.148656892275319,23918.0,2.1102362204724407
264.5997354,2.16490681923352,1.1147479789293817,23771.0,2.1023622047244093
264.7997352,2.1765347656413914,0.7804555834113908,23831.0,2.1102362204724407
264.999735,2.1441384537645276,1.2629321068859123,23748.0,2.1023622047244093
265.1997348,2.2380311316785866,1.4256781711018942,23770.0,2.1023622047244093
265.3997346,2.1803188797030537,0.9539329682643248,23708.0,2.094488188976378
265.5997344,2.2200490030415683,1.2668552995943863,23672.0,2.1023622047244093
265.7997342,,3.1288191246940267,23963.0,2.1015625
265.999734,,3.415002387623687,23655.0,2.094488188976378
266.1997338,2.1816177717483467,0.5269803510928387,23588.0,2.094488188976378
266.3997336,2.1373893898979635,0.14467665373691,23619.0,2.094488188976378
266.5997334,2.148964991745333,0.21403971784864034,23623.0,2.094488188976378
266.7997332,2.1834928432285934,1.3346357073699413,23614.0,2.094488188976378
266.999733,,4.136089895472412,23970.0,2.1015625
267.1997328,,2.779247888741559,23703.0,2.125984251968504
267.3997326,7.489447895366333,21.650400270742693,25919.0,2.1068702290076335
267.5997324,,277.68414922248047,46721.0,3.1235955056179776
267.7997322,,248.93648988548964,24295.0,1.7985074626865671
267.999732,3.442005575961411,16.4186795879739,22597.0,1.702290076335878
268.1997318,5.137617945522521,16.408186898726363,22468.0,1.5441176470588236
268.3997316,5.5779056073919735,38.653713409937446,22078.0,1.4676258992805755
268.5997314,3.340940825268429,14.652084943321261,20769.0,1.474074074074074
268.7997312,3.3220443666683823,3.0163797727945068,19429.0,1.3582089552238805
268.999731,3.235959134989369,13.063202155446875,19283.0,1.4015151515151516
269.1997308,2.5957190073973035,4.997057404361526,19061.0,1.3969465648854962
269.3997306,3.238635755206939,13.102496791475316,18677.0,1.4153846153846155
269.5997304,2.510616730687153,2.182287716992857,18744.0,1.4153846153846155
269.7997302,2.426725513134106,3.469422898971402,18806.0,1.4076923076923078
269.99973,2.1611682566753716,1.9426316820630596,18763.0,1.4045801526717556
270.1997298,,1040.8998889890725,5718.0,6.9655172413793105
270.3997296,,1041.5247106573677,18437.0,1.4153846153846155
270.5997294,,1.5214869888361342,18693.0,1.3969465648854962
270.7997292,,1.3436526469989756,18388.0,1.4076923076923078
270.999729,2.082622630235211,0.6368982401529069,18409.0,1.4076923076923078
271.1997288,2.1041734594065864,0.27974997487283715,18402.0,1.4
271.3997286,2.125483150960858,0.8640672403435836,18369.0,1.4076923076923078
271.5997284,2.0810590409916276,0.362765330876657,18394.0,1.4076923076923078
271.7997282,2.0464192424902046,0.3070975812058224,18376.0,1.4076923076923078
271.999728,2.0408608008716973,0.5160349467193449,18355.0,1.4
272.1997278,,2.5946680669048363,18546.0,1.3893129770992367
272.3997276,,2.3213459903748204,18367.0,1.4076923076923078
272.5997274,2.1079978237214365,0.2841468593790241,18380.0,1.4076923076923078
272.7997272,,2.328930050351775,18594.0,1.3969465648854962
272.999727,,3.5610215892601476,18447.0,1.4
273.1997268,2.1632541929862774,1.5270215227839425,18364.0,1.4076923076923078
273.3997266,2.078809964103122,0.3772540958848768,18386.0,1.4076923076923078
273.5997264,7.196047710502375,14.144085288050745,19786.0,1.3777777777777778
273.7997262,2.8158816456688798,8.930254491025664,19129.0,1.3969465648854962
273.999726,2.70657908347988,4.9471739902811604,19334.0,1.4198473282442747
274.1997258,,10.779399487762928,18672.0,1.4153846153846155
274.3997256,,10.753597748894473,18831.0,1.4453125
274.5997254,4.81991785352323,24.79186444268567,18747.0,1.426356589147287
274.7997252,13.636838989739543,47.244492108303895,20272.0,1.391304347826087
274.999725,17.916918001885016,92.05772496872125,21220.0,1.7890625
275.1997248,,344.7102751202556,43545.0,2.5348837209302326
275.3997246,,267.66656729872204,25746.0,1.9784172661870503
275.5997244,7.795228628230617,23.234619368970694,23641.0,2.057377049180328
275.7997242,,25.12955164149009,20941.0,1.904
275.99972399999996,,296.686976687756,42879.0,3.1166666666666667
276.19972379999996,,266.1024794471039,18859.0,1.4765625
276.39972359999996,7.0969051541539185,15.955360479678513,16996.0,1.4878048780487805
276.59972339999996,,305.4716608031982,38266.0,3.3117647058823527
276.79972319999996,,303.9434716443011,15917.0,1.4833333333333334
276.99972299999996,3.327022920096239,1.9902721076049463,15794.0,1.4833333333333334
277.19972279999996,,312.3481457815631,37700.0,3.3452380952380953
277.39972259999996,,311.08787459644753,15594.0,1.495798319327731
277.59972239999996,,311.4851865356961,37633.0,3.3652694610778444
277.79972219999996,,308.7385593743181,15847.0,1.4916666666666667
277.99972199999996,,1.951223020676499,15574.0,1.4873949579831933
278.19972179999996,,310.10778118059653,37600.0,3.3592814371257487
278.39972159999996,,310.8892212976637,15589.0,1.4873949579831933
278.59972139999996,,313.0068412876033,37530.0,3.3652694610778444
278.79972119999996,,312.4353540556622,15821.0,1.4833333333333334
278.99972099999997,7.259698601948799,10.640222397928413,16523.0,1.4471544715447155
279.19972079999997,,10.51913108456564,16307.0,1.4793388429752066
279.39972059999997,4.87400111503438,7.081516292250016,16143.0,1.4833333333333334
279.59972039999997,3.6830691731170906,2.5710045394483343,16278.0,1.5
279.79972019999997,4.337267117953633,7.504361135841907,16693.0,1.5294117647058822
279.99971999999997,10.453353089671825,20.77275112028435,18222.0,1.5901639344262295
280.19971979999997,3.0589343081865517,5.79667817023548,18054.0,1.5819672131147542
280.39971959999997,3.9579034941763727,11.171938395213212,18030.0,1.4552845528455285
280.59971939999997,3.1644800363491794,7.54376925256157,17607.0,1.4508196721311475
280.79971919999997,4.234571943034867,8.19307622944348,18327.0,1.4516129032258065
280.99971899999997,,2.787939798316143,18469.0,1.432
281.19971879999997,,8.214820134442592,17066.0,1.4796747967479675
281.39971859999997,6.1808763483454205,9.881378955668175,16409.0,1.5083333333333333
281.5997184,6.066993666956414,6.604134883961995,16106.0,1.4916666666666667
281.7997182,3.464865885908576,3.4224589948670348,15882.0,1.504201680672269
281.999718,2.6104099956049476,0.6575370941619525,15927.0,1.504201680672269
282.1997178,2.602668690318093,2.07932848345725,15813.0,1.504201680672269
282.3997176,2.525880048031347,1.3017944131506716,15823.0,1.495798319327731
282.5997174,,3.794500224356116,15886.0,1.5083333333333333
282.7997172,,2.614723114147645,15860.0,1.5126050420168067
282.999717,,315.1887964937114,37666.0,3.3855421686746987
283.1997168,,315.0543770365008,15886.0,1.5169491525423728
283.3997166,2.4912746585735963,0.39772772350438096,15816.0,1.504201680672269
283.5997164,2.4671362978803697,0.6418699223729246,15899.0,1.504201680672269
283.7997162,2.4809692971327073,1.19913272287433,15764.0,1.5169491525423728
283.999716,,3.6802489000777396,16009.0,1.504201680672269
284.1997158,2.615666770282872,1.7653156821447402,16085.0,1.5083333333333333
284.3997156,,7.543748331825908,15869.0,1.5338983050847457
284.5997154,3.9537255401873925,1.5349567084782387,15689.0,1.5169491525423728
284.7997152,3.200910643141719,2.3600152974146096,15813.0,1.5254237288135593
284.999715,2.443922862217711,0.7759382847512553,15764.0,1.5254237288135593
285.1997148,,4.259754606603501,15928.0,1.5126050420168067
285.3997146,,12.511267997865579,16165.0,1.4833333333333334
285.5997144,,12.615195238949095,16389.0,1.4471544715447155
285.7997142,,17.099067897362968,16357.0,1.462809917355372
285.999714,12.151788550733846,11.308424345057588,15739.0,1.4705882352941178
286.1997138,14.356078752117778,7.516571833270986,17117.0,1.512396694214876
286.3997136,12.357646654051264,15.411399226064914,17439.0,1.6302521008403361
286.5997134,,6.841595010199495,18120.0,1.6942148760330578
286.7997132,11.228434420614429,12.902773576576315,18977.0,1.7704918032786885
286.999713,,4.741966411198801,18395.0,1.8319327731092436
287.1997128,5.4480880153813285,5.68802409814887,18724.0,1.8823529411764706
287.3997126,3.6116087609382284,4.005640130532468,19313.0,1.9243697478991597
287.5997124,3.8783275756959967,3.985105923662358,19684.0,1.9333333333333333
287.7997122,2.988654286441109,9.562417523791325,19655.0,1.9333333333333333
287.999712,,10.939505421198056,19235.0,1.9008264462809918
288.1997118,,2.7276377653862443,18833.0,1.9411764705882353
288.3997116,,1.6916089234158462,19095.0,1.9083333333333334
288.5997114,,8.019415581049948,19368.0,1.9333333333333333
288.7997112,5.480087209302326,7.813009119846774,20640.0,2.0655737704918034
288.999711,3.193957258658806,13.28181886976485,20355.0,1.910569105691057
289.1997108,3.5112441588785046,80.12810948502357,20544.0,3.1322314049586777
289.3997106,,13.491363970196886,20696.0,3.0901639344262297
289.5997104,,194.30772167749242,41449.0,3.2325581395348837
289.7997102,,265.1518797176972,20159.0,1.8709677419354838
289.99971,4.912644147361975,16.146894461125882,19598.0,1.8951612903225807
290.1997098,4.104132231404959,4.422820913054016,19965.0,2.008
290.3997096,3.322832595678209,10.956607044904361,19205.0,1.8780487804878048
290.5997094,6.117747168005105,10.842892902341614,18803.0,1.8211382113821137
290.7997092,,5.826961578724611,19348.0,1.6587301587301588
290.999709,7.656015037593985,8.670935222923726,18620.0,1.6260162601626016
291.1997088,5.704359445465174,11.2371964027665,17961.0,1.6311475409836065
291.3997086,3.3772804532577902,4.996780005533492,17650.0,1.628099173553719
291.5997084,,2.5253518061736577,17335.0,1.6583333333333334
291.7997082,2.4449059651551863,1.3639006180722812,17334.0,1.65
291.999708,2.473604913947963,0.6112065011492499,17257.0,1.6554621848739495
292.1997078,2.533996393881231,0.552279136621425,17193.0,1.6554621848739495
292.3997076,,3.985213260326085,17331.0,1.65
292.5997074,,2.943946272839885,17184.0,1.6638655462184875
292.7997072,2.43463785046729,1.2969905926971674,17120.0,1.6638655462184875
292.999707,2.3855294737458292,0.7358374772963313,17083.0,1.6554621848739495
293.1997068,2.39732300105671,0.5617832721128315,17034.0,1.6722689075630253
293.3997066,2.557400046761749,0.12788700836445863,17108.0,1.6722689075630253
293.5997064,2.539717848153135,1.22974485646857,17083.0,1.6470588235294117
293.7997062,,4.147670262375644,17214.0,1.6722689075630253
293.999706,2.4178748180494907,1.5636198461096662,17175.0,1.625
294.1997058,,2.876722387097375,16993.0,1.6638655462184875
294.3997056,2.454042603271743,0.7110531508275756,16994.0,1.6638655462184875
294.5997054,,2.2380399306626,17180.0,1.6333333333333333
294.7997052,,2.6091827376046433,16938.0,1.6470588235294117
294.999705,2.9566245124689754,1.5431653299640498,16922.0,1.638655462184874
295.1997048,3.5921533923303834,1.844360508734958,16950.0,1.6554621848739495
295.3997046,,3.1999349764529574,17098.0,1.638655462184874
295.5997044,,3.724900499427893,16862.0,1.652542372881356
295.7997042,,3.4077222052866976,16971.0,1.6083333333333334
295.999704,,2.297452572357716,16767.0,1.6440677966101696
296.1997038,8.844083499472264,18.640461419823186,17054.0,1.5289256198347108
296.3997036,5.879286020977734,8.67185056330014,16303.0,1.546218487394958
296.5997034,4.0096717833520525,2.242315227875409,16026.0,1.564102564102564
296.7997032,8.040676077265973,6.920188175520173,16152.0,1.5423728813559323
296.999703,,8.073766614102148,16570.0,1.4471544715447155
297.1997028,,4.541951047300282,15304.0,1.495798319327731
297.3997026,10.61734907979138,13.564620871947806,16681.0,1.4416666666666667
297.5997024,5.824613519248257,2.3530158464522586,16495.0,1.453781512605042
297.7997022,3.7164782867340866,5.418683111312337,16810.0,1.4333333333333333
297.999702,7.6045360566380555,9.918814229510593,15961.0,1.45
298.19970179999996,4.559058761319321,8.13411386027776,15129.0,1.4830508474576272
298.39970159999996,,6.878468440746451,16295.0,1.453781512605042
298.59970139999996,4.407105197087622,4.124325032257137,15932.0,1.4583333333333333
298.79970119999996,2.983519605985982,1.7299406753521398,15837.0,1.45
298.99970099999996,13.600784457927315,11.439843314550059,16317.0,1.4227642276422765
299.19970079999996,,11.95997236908389,16408.0,1.4710743801652892
299.39970059999996,6.609857666728821,12.566126800682559,16089.0,1.5423728813559323
299.59970039999996,8.210155231662519,10.527504027488863,16878.0,1.5206611570247934
299.79970019999996,6.373160224961111,4.580646370639782,16714.0,1.6115702479338843
299.99969999999996,,10.889226129068362,16876.0,1.6528925619834711
300.19969979999996,3.0577595920061675,2.0451817345652583,16863.0,1.6611570247933884
300.39969959999996,,3.017306854825053,16707.0,1.65
300.59969939999996,2.6631604255574923,2.2287003025045613,16637.0,1.680672268907563
300.79969919999996,2.8409904534606207,1.8115591931825925,16760.0,1.7142857142857142
300.99969899999996,3.266901998324758,1.7178980035148652,16714.0,1.7142857142857142
301.19969879999996,,22.873670751075736,16456.0,1.5833333333333333
301.39969859999997,,19.22017242049519,16243.0,1.5210084033613445
301.59969839999997,6.737176938369782,3.4180862092709776,15090.0,1.5169491525423728
301.79969819999997,,8.177051043959596,15142.0,1.4873949579831933
301.99969799999997,,16.36791815462633,16052.0,1.5210084033613445
302.19969779999997,4.371207908557306,3.421143186448183,16185.0,1.55
302.39969759999997,4.855430267062315,5.275233646749755,16850.0,1.4710743801652892
302.59969739999997,2.857151395612934,1.6675953758648108,16731.0,1.4344262295081966
302.79969719999997,,13.217137399048955,16196.0,1.5163934426229508
302.99969699999997,,2.727124903350386,15724.0,1.4666666666666666
303.19969679999997,8.99187725631769,11.780304641437302,15512.0,1.4583333333333333
303.39969659999997,4.369448903156768,10.160395147869705,14952.0,1.4915254237288136
303.59969639999997,3.8953394396551726,5.553099992179753,14848.0,1.4830508474576272
303.79969619999997,,4.657749524512545,14927.0,1.4705882352941178
303.999696,,0.8492395002755175,14539.0,1.4871794871794872
304.1996958,2.4808780891895625,1.8015830306486322,14486.0,1.4871794871794872
304.3996956,2.5700805840622634,0.4414322698270293,14519.0,1.4745762711864407
304.5996954,2.4676929449123293,0.9860452544774612,14486.0,1.4871794871794872
304.7996952,2.4400138217000693,0.6532276117171008,14470.0,1.4871794871794872
304.999695,2.4912292723036864,0.7879420888531357,14594.0,1.4871794871794872
305.1996948,2.5593454394807704,1.3495191134789364,14483.0,1.4871794871794872
305.3996946,2.6216571073180845,0.37149393867748276,14471.0,1.4871794871794872
305.5996944,,3.312281168049653,14547.0,1.4745762711864407
305.7996942,,4.272033928927787,14558.0,1.4871794871794872
305.999694,2.7925348420035876,2.3791642381312825,14494.0,1.4871794871794872
306.1996938,2.666227918254243,0.9142555525468209,14435.0,1.4871794871794872
306.3996936,2.5621704135442687,1.0185554371789074,14412.0,1.4871794871794872
306.5996934,2.619266374330062,0.6834972758593547,14367.0,1.4871794871794872
306.7996932,2.5300827710927174,1.2148302611578532,14377.0,1.4871794871794872
306.999693,,2.6280930147609083,14574.0,1.4745762711864407
307.1996928,,4.604438858356581,14312.0,1.4871794871794872
307.3996926,2.6225377601447764,2.6513826902915945,14367.0,1.4786324786324787
307.5996924,,4.0175182436639165,14577.0,1.4745762711864407
307.7996922,,3.600186322330683,14435.0,1.4871794871794872
307.999692,11.14710776808893,14.678416361191653,15023.0,1.4786324786324787
308.1996918,5.027514295324588,6.517347112997648,14865.0,1.4913793103448276
308.3996916,,4.673017760298801,14907.0,1.4871794871794872
308.5996914,,3.8913091447511623,14484.0,1.4655172413793103
308.7996912,3.5990276183401986,3.253803453095549,14809.0,1.4700854700854702
308.999691,,3.350484680978776,15280.0,1.4406779661016949
309.1996908,2.7921004685059865,3.0673613984502435,15368.0,1.4444444444444444
309.3996906,,3.7464372110276787,15200.0,1.4615384615384615
309.5996904,,3.0092442613459522,15311.0,1.4406779661016949
309.7996902,2.9257822771496187,1.5365172718994686,15212.0,1.452991452991453
309.99969,,5.652938031965714,15328.0,1.4786324786324787
310.1996898,,2.9238402558189365,15222.0,1.4453781512605042
310.3996896,,2.6396885970504536,14925.0,1.4615384615384615
310.5996894,3.081374200067363,1.6209478521034368,14845.0,1.4741379310344827
310.7996892,3.1108048511576625,1.0759336538258173,14512.0,1.4615384615384615
310.999689,2.8516468498018313,0.9231115871004261,14634.0,1.4741379310344827
311.1996888,2.6629720853858787,0.30118779129489015,14616.0,1.4615384615384615
311.3996886,3.9538217658005377,0.6265582096535552,14509.0,1.4655172413793103
311.5996884,16.00563656414655,17.527883777741653,16322.0,1.4049586776859504
311.7996882,8.107526210683973,27.122553708538685,16024.0,1.5677966101694916
311.999688,5.070316894805925,6.155042827657758,15999.0,1.6206896551724137
312.1996878,7.447907062511525,2.9188042831487717,16269.0,1.6551724137931034
312.3996876,20.53367591299142,77.39644965839074,20044.0,1.9579831932773109
312.5996874,10.448522069103255,34.77984061269136,20028.0,2.098360655737705
312.7996872,7.2594930213464695,24.36726949122307,19488.0,1.8699186991869918
312.999687,,10.069958725430704,19214.0,1.910569105691057
313.1996868,,2.897840402177397,18989.0,1.8934426229508197
313.3996866,2.8309622552364955,1.3958555979702578,19049.0,1.9669421487603307
313.5996864,2.5539690094663916,3.0837589876987836,18909.0,1.9583333333333333
313.7996862,2.958657018197297,2.1518752957920406,18794.0,1.95
313.999686,2.4392171422509814,0.981151922532026,18854.0,1.9504132231404958
314.1996858,,6.147266158836858,19182.0,2.122950819672131
314.3996856,2.4557519802759273,2.5637328531655244,19063.0,1.959016393442623
314.5996854,,2.75494906680381,18735.0,1.9504132231404958
314.7996852,2.3606959863364647,0.5534723434115973,18736.0,1.9504132231404958
314.999685,,2.976165934772658,18995.0,1.9262295081967213
315.1996848,,3.681103398872414,18770.0,1.9421487603305785
315.3996846,,4.7026869077635665,18980.0,1.9672131147540983
315.5996844,,4.751800367190232,18797.0,1.9338842975206612
315.7996842,2.611466666666667,1.167583581211227,18750.0,1.9338842975206612
315.999684,,39.16037540632982,19535.0,1.6589147286821706
316.1996838,,12.248708332221122,16926.0,1.5081967213114753
316.3996836,6.132391771568929,9.728550710168482,16285.0,1.5867768595041323
316.5996834,3.3959879761977794,4.039185850458831,16301.0,1.6333333333333333
316.7996832,2.532313341493268,0.02973449162772953,16340.0,1.6198347107438016
316.999683,14.072093023255814,35.781215419613666,18060.0,1.4765625
317.1996828,2.7536037546094536,3.1600361479151258,17898.0,1.4453125
317.3996826,2.475107247685708,2.0200534081662713,17716.0,1.4881889763779528
317.5996824,,3.5799901842826984,17815.0,1.46875
317.7996822,,35.39988953857057,20084.0,1.4074074074074074
317.999682,6.775509095845778,27.641772295997907,18415.0,1.3923076923076922
318.1996818,3.616693591814755,4.9549047873792915,18570.0,1.3923076923076922
318.3996816,5.550478269910585,8.222560914624756,19236.0,1.4
318.5996814,,5.991554373308712,19046.0,1.366412213740458
318.7996812,,1.574634060695606,18211.0,1.3565891472868217
318.999681,2.8204815942430113,0.8365568901816336,18065.0,1.3461538461538463
319.1996808,2.885075034106412,1.200779676477066,18325.0,1.3565891472868217
319.3996806,3.338749302065885,4.714776999324029,17910.0,1.3565891472868217
319.5996804,2.4413037370047768,1.7764668172353122,17795.0,1.359375
319.7996802,2.6994836293480113,1.9190111603507785,17623.0,1.3488372093023255
319.99968,,3.916786867036195,17698.0,1.3410852713178294
320.19967979999996,,4.694498701800849,17561.0,1.3410852713178294
320.39967959999996,2.4808721393601276,2.115544116843323,17566.0,1.3515625
320.59967939999996,,0.7501174792950628,17756.0,1.3410852713178294
320.79967919999996,,0.9520822036614975,17445.0,1.3515625
320.99967899999996,,46.370007696774096,19215.0,1.4210526315789473
321.19967879999996,,37.82060971285553,19335.0,1.625
321.39967859999996,7.599800399201597,27.365394494294243,19038.0,1.669291338582677
321.59967839999996,2.5901682858204595,1.390525711503477,18837.0,1.6614173228346456
321.79967819999996,2.5176195038858724,2.4151638590714097,18786.0,1.669291338582677
321.99967799999996,,3.2436879484756376,18931.0,1.6484375
322.19967779999996,,2.5251963167752236,18742.0,1.6614173228346456
322.39967759999996,2.342870869588427,0.6711604706622485,18733.0,1.669291338582677
322.59967739999996,2.3672816465820623,0.8538567955255365,18754.0,1.669291338582677
322.79967719999996,2.465320081222614,1.0099227097776646,18714.0,1.669291338582677
322.99967699999996,,2.7875931530031783,18913.0,1.65625
323.19967679999996,,2.3358134033622195,18621.0,1.6614173228346456
323.39967659999996,2.4439611191665325,0.7656604500058481,18621.0,1.6614173228346456
323.59967639999996,2.345110443920223,0.20227271492994414,18652.0,1.6614173228346456
323.79967619999996,,27.60691828194401,18723.0,1.5317460317460319
323.99967599999997,,8.892717152551665,18218.0,1.5396825396825398
324.19967579999997,2.78021978021978,2.5221417125761394,17836.0,1.544
324.39967559999997,2.4424529365347762,0.7528996521137921,17742.0,1.544
324.59967539999997,,3.1304482630310564,17890.0,1.5317460317460319
324.79967519999997,,2.5479793345601167,17636.0,1.536
324.99967499999997,2.522981014451686,0.6169533014952164,17645.0,1.552
325.19967479999997,2.414984119782214,0.55868762690022,17632.0,1.544
325.39967459999997,2.474643199638969,0.5571304245315236,17727.0,1.544
325.59967439999997,,35.572069073398396,19028.0,1.3409090909090908
325.79967419999997,,20.994639915335785,19715.0,1.356060606060606
325.99967399999997,10.91661227154047,17.354866888907154,18384.0,1.3282442748091603
326.19967379999997,4.371423627134287,16.16911957211103,17336.0,1.3700787401574803
326.39967359999997,2.9035743487910293,2.098596702339685,17122.0,1.3622047244094488
326.5996734,2.581503502678519,0.39929224390160445,16987.0,1.3622047244094488
326.7996732,2.4655879939031538,1.8018662776644947,17058.0,1.3622047244094488
326.999673,,1.799367752742056,17365.0,1.3515625
327.1996728,,2.71021748908351,17131.0,1.3622047244094488
327.3996726,11.938856790261962,17.076528114595277,17827.0,1.3968253968253967
327.5996724,31.010035783325794,47.34235591768331,24313.0,1.469387755102041
327.7996722,,379.0088105154992,46345.0,2.9732620320855614
327.999672,,239.77938375119115,28642.0,1.730263157894737
328.1996718,,13.839904873197652,28596.0,1.8541666666666667
328.3996716,6.815224938785952,66.75064375469859,27363.0,1.7430555555555556
328.5996714,,271.9252324731407,44180.0,2.629032258064516
328.7996712,3.4409256135515904,18.103310206934772,42091.0,2.681318681318681
328.999671,4.514542735867258,24.6512050888624,41464.0,2.618279569892473
329.1996708,5.56782250242483,7.527633835731898,41240.0,2.9270833333333335
329.3996706,,217.18871248670968,20464.0,1.3985507246376812
329.5996704,,230.78541339659918,40703.0,3.0054054054054054
329.7996702,3.1860482485622525,10.843584945043917,40167.0,2.6721311475409837
329.99967,4.508790531377143,24.218846733026584,40555.0,3.1954022988505746
330.1996698,4.7359838114510175,14.84005755876467,42005.0,3.1235955056179776
330.3996696,2.872246907649814,6.292270424893798,41635.0,3.175141242937853
330.5996694,2.350839679984624,0.5485746090833725,41623.0,3.153409090909091
330.7996692,2.2208869126306934,1.6160108116553824,41605.0,3.1412429378531073
330.999669,2.1732041076453186,0.7249568816015007,41581.0,3.159090909090909
331.1996688,2.160620140109295,1.8271316597504024,41539.0,3.159090909090909
331.3996686,2.2168616688333573,1.8035241477785628,41538.0,3.159090909090909
331.5996684,6.874911777160872,18.793668357081255,42506.0,2.941798941798942
331.7996682,,236.69615473904344,20696.0,1.7878787878787878
331.999668,,898.7301054664172,5835.0,7.137931034482759
332.1996678,,1043.1703704900679,22853.0,1.8208955223880596
332.3996676,,21.40944017043969,23298.0,1.6642335766423357
332.5996674,,5.404794133797012,23259.0,1.6544117647058822
332.7996672,,268.775419184532,44318.0,2.609625668449198
332.999667,,269.8361134795213,23893.0,1.7194244604316546
333.1996668,,223.5585111786276,44654.0,3.1954022988505746
333.3996666,14.205570607998267,94.03021945944302,46135.0,3.0494505494505493
333.5996664,,314.46503400303766,20709.0,1.6328125
333.7996662,,388.95409257237833,41134.0,3.2241379310344827
333.999666,7.441556826660035,34.03709424605163,40210.0,3.3493975903614457
334.1996658,,404.027580681211,16787.0,1.5666666666666667
334.3996656,11.177817531305903,40.83107629831529,16770.0,1.4959349593495934
334.5996654,3.195569464899362,7.19612725176859,16296.0,1.4672131147540983
334.7996652,,1.9206097938517086,16532.0,1.4552845528455285
334.999665,,1.218351145665848,16371.0,1.4672131147540983
335.1996648,2.641935682982532,2.6268943164811795,16201.0,1.459016393442623
335.3996646,2.4215401716791205,0.768317710079639,16193.0,1.459016393442623
335.5996644,2.647974108420987,1.7558457842059725,16067.0,1.4710743801652892
335.7996642,2.536538580533383,1.42664772165773,16161.0,1.459016393442623
335.999664,2.51659176260543,0.9023531801695278,16243.0,1.459016393442623
336.1996638,2.5325407525432038,1.3477932751389379,16318.0,1.4672131147540983
336.3996636,,4.172290275443439,16376.0,1.4672131147540983
336.5996634,,3.7620529502760647,16021.0,1.462809917355372
336.7996632,2.484158662841462,0.6549321419930135,16034.0,1.462809917355372
336.999663,2.457141072097963,0.11530742119741515,16006.0,1.4545454545454546
337.1996628,2.4354617018618017,0.6782934940997302,16006.0,1.462809917355372
337.3996626,,378.9163962712091,40131.0,3.159090909090909
337.5996624,,420.43980068986997,17039.0,1.4918032786885247
337.7996622,8.860999171956943,17.167786407792562,18115.0,1.4488188976377954
337.999662,3.346857962697274,6.992823609834968,17425.0,1.464
338.1996618,2.95554924780017,2.909330114851329,17615.0,1.48
338.3996616,3.127959610027855,3.295563572647612,17232.0,1.4838709677419355
338.5996614,,4.194165582552745,17622.0,1.48
338.7996612,,2.505609043405082,17456.0,1.4838709677419355
338.999661,3.1298439569298093,1.3528374515594321,17367.0,1.4838709677419355
339.1996608,2.6715207583804466,2.6301468854807992,17511.0,1.4919354838709677
339.3996606,2.5090279780790308,1.454102989063843,17335.0,1.4838709677419355
339.5996604,,3.2038851478387538,17597.0,1.48
339.7996602,,4.051478106176048,17357.0,1.4838709677419355
339.99966,2.5339497255128576,1.0185703964821944,17305.0,1.4838709677419355
340.1996598,2.513852014313748,1.636629637302349,17326.0,1.4838709677419355
340.3996596,2.476355648051798,1.0970763585521492,17298.0,1.4838709677419355
340.5996594,2.6304995617879054,1.6872219475480288,17115.0,1.4838709677419355
340.7996592,2.4520795660036168,0.684414043151781,17143.0,1.4758064516129032
340.999659,2.764807959278112,2.227247235572036,17288.0,1.4838709677419355
341.1996588,2.5071035082632647,1.8184909226871677,17245.0,1.4838709677419355
341.3996586,2.53399416909621,0.521825570634704,17150.0,1.4959349593495934
341.5996584,2.4695459579180508,1.2242764919283073,17157.0,1.4959349593495934
341.7996582,,2.458191186634252,17271.0,1.48
341.999658,,3.1935351833797343,17159.0,1.4838709677419355
342.19965779999995,,3.2039580065301663,17374.0,1.4919354838709677
342.39965759999995,,2.169881177996518,17237.0,1.4959349593495934
342.59965739999996,2.4454899227507694,0.33561040243963947,17217.0,1.4959349593495934
342.79965719999996,2.540802051760317,0.8057821141827101,17156.0,1.4959349593495934
342.99965699999996,2.4260100128070787,0.5114345373056011,17178.0,1.4838709677419355
343.19965679999996,2.4391497313711747,0.5996712192981858,17124.0,1.4838709677419355
343.39965659999996,13.143782733113763,25.39746978700961,18521.0,1.4242424242424243
343.59965639999996,9.787117783419804,33.36149284701188,18118.0,1.5669291338582678
343.79965619999996,,396.62191871411306,40211.0,3.2325581395348837
343.99965599999996,,479.5544252072114,18788.0,1.3185185185185184
344.19965579999996,,454.01681827031183,40933.0,3.1292134831460676
344.39965559999996,5.1631165644171775,4.276058230412605,40750.0,3.159090909090909
344.59965539999996,4.623448887138074,2.586050870206509,40616.0,3.2298850574712645
344.79965519999996,5.605437930690103,25.488196309609403,40052.0,3.2485549132947975
344.99965499999996,4.714711729622266,6.491684280706963,40240.0,3.2514619883040936
345.19965479999996,3.4589992073435782,15.547178558651474,39109.0,3.3254437869822486
345.39965459999996,2.432657895414403,2.339375754337946,38839.0,3.3452380952380953
345.59965439999996,2.3699115953947367,1.370578173291485,38912.0,3.3095238095238093
345.79965419999996,2.5204579677034116,4.190014856154754,38518.0,3.3452380952380953
345.99965399999996,2.340099280089404,3.1309054696423173,38477.0,3.3095238095238093
346.19965379999996,7.924014318718424,14.718083738296853,39389.0,3.2674418604651163
346.39965359999997,6.082931995259588,3.320865906277469,39659.0,3.2325581395348837
346.59965339999997,4.381736218444101,11.253853288797975,38820.0,3.2705882352941176
346.79965319999997,2.9259412709099384,5.725690855632226,38618.0,3.3195266272189348
346.99965299999997,5.700391153904016,19.159011941155775,39882.0,3.2674418604651163
347.19965279999997,5.9522948505189115,10.039357757362444,40373.0,3.254335260115607
347.39965259999997,4.265339047138896,12.717279774190866,39670.0,3.2267441860465116
347.59965239999997,3.2580803008060983,6.912939043098564,38829.0,3.3
347.79965219999997,4.826356071501952,5.123343158989759,38936.0,3.3652694610778444
347.99965199999997,3.695060625398851,1.744936586501597,39175.0,3.3452380952380953
348.19965179999997,3.440771995624316,14.61525586944443,38394.0,3.3353293413173652
348.39965159999997,2.907308891742446,4.1033093632961934,38159.0,3.3433734939759034
348.59965139999997,2.9316044608089853,5.8971737426708914,37751.0,3.3493975903614457
348.79965119999997,,458.083448061297,15131.0,1.453781512605042
348.999651,,468.10324104731103,37135.0,3.3493975903614457
349.1996508,2.3488917650865555,0.14346384630308184,37086.0,3.3493975903614457
349.3996506,2.3506602673608286,2.9555147451977697,36879.0,3.4
349.5996504,2.347704655766154,0.5570434871202977,36879.0,3.3696969696969696
349.7996502,2.3668379767378958,0.827896973428105,36970.0,3.3855421686746987
349.99965,2.3414911781445644,0.4721444875748502,36897.0,3.3696969696969696
350.1996498,2.3959514829186226,0.9246429175679427,36853.0,3.3795180722891565
350.3996496,,468.13100820910347,14707.0,1.4576271186440677
350.5996494,,470.93787042375965,36782.0,3.3696969696969696
350.7996492,10.093872397443826,26.68205893329912,38808.0,3.3095238095238093
350.999649,8.090390712897618,12.105383754857698,39108.0,3.3392857142857144
351.1996488,4.268206268749354,7.309279921707325,38668.0,3.3095238095238093
351.3996486,6.792318521076257,13.393728614153465,37649.0,3.3795180722891565
351.5996484,7.631285620618349,27.28108763021186,39654.0,3.3095238095238093
351.7996482,7.184945017012673,5.449545869701461,40558.0,3.3058823529411763
351.999648,3.340168938280218,4.225368877229605,40133.0,3.289940828402367
352.1996478,,434.05227848711746,17203.0,1.6694214876033058
352.3996476,,447.6745394419602,39915.0,3.3095238095238093
352.5996474,4.109687365734072,8.1424802801665,39567.0,3.3696969696969696
352.7996472,4.147081373952157,7.112746017041237,39128.0,3.355421686746988
352.999647,3.0794025361097423,7.620230346234664,38563.0,3.3696969696969696
353.1996468,2.501208074614845,0.866436091126176,38491.0,3.4207317073170733
353.3996466,2.328303160956858,0.26144991496616377,38501.0,3.426829268292683
353.5996464,2.5439304563800063,2.1538620941124074,38652.0,3.3963414634146343
353.7996462,5.480549025555471,13.77050612632512,39561.0,3.3154761904761907
353.999646,5.138954564144737,7.615239782653409,38912.0,3.426829268292683
354.1996458,4.833827581682194,16.543130632275197,38105.0,3.426829268292683
354.3996456,2.829500396510706,1.661205940954536,37830.0,3.3902439024390243
354.5996454,6.534903540714341,12.898514160333573,38721.0,3.375757575757576
354.7996452,5.094551323770599,9.741829812254027,38413.0,3.3696969696969696
354.999645,3.2371576922063205,4.445083350432284,37941.0,3.3902439024390243
355.1996448,4.701855906579085,7.451204646862415,38364.0,3.3902439024390243
355.3996446,4.171901472696468,2.9178664026145684,38365.0,3.4207317073170733
355.5996444,4.623453773948824,2.141311272754967,38885.0,3.426829268292683
355.7996442,6.7919100096490785,15.5574119077641,39382.0,3.3652694610778444
355.999644,4.014638064148402,16.56411060215128,38598.0,3.375757575757576
356.1996438,3.9823722970855533,3.245521836624693,38292.0,3.4
356.3996436,2.393901189819557,5.166386737053745,38073.0,3.4060606060606062
356.5996434,2.377489724944673,2.0786312378808613,37956.0,3.4060606060606062
356.7996432,2.3172135258559248,2.008952819032411,37883.0,3.3841463414634148
356.999643,2.3041827100585475,0.23488202695645968,37918.0,3.3902439024390243
357.1996428,2.3242608236536433,0.6216644749925451,37880.0,3.426829268292683
357.3996426,2.3338523249063177,0.2598443725741368,37894.0,3.4207317073170733
357.5996424,2.3081513559187767,0.5682968445324537,37871.0,3.3902439024390243
357.7996422,2.3580568720379147,0.4989859586354413,37980.0,3.426829268292683
357.999642,2.374930568413257,2.8001758129769163,37807.0,3.4207317073170733
358.1996418,2.2993116544030383,0.9376394829811471,37917.0,3.3902439024390243
358.3996416,2.3118336324290087,2.265566849887231,37892.0,3.426829268292683
358.5996414,2.319271383315734,1.7319206169467243,37880.0,3.3902439024390243
358.7996412,2.389593607426356,1.5803264988358652,37919.0,3.426829268292683
358.999641,7.9711452449715035,20.849228085914135,39127.0,3.3452380952380953
359.1996408,6.008617754145166,10.730971995303763,38177.0,3.3696969696969696
359.3996406,,451.4702548450659,15461.0,1.5299145299145298
359.5996404,2.997163852004641,3.938614176181276,15514.0,1.5169491525423728
359.7996402,,450.07405256235074,37946.0,3.3902439024390243
359.99964,,449.37799564717847,15419.0,1.5213675213675213
360.1996398,,453.34986236999055,37730.0,3.3696969696969696
360.3996396,2.30877063055438,0.9369284856271285,37808.0,3.412121212121212
360.5996394,3.1354910360145962,4.449269482610803,37818.0,3.3902439024390243
360.7996392,3.0750032942416654,1.6988689600757232,37945.0,3.426829268292683
360.999639,2.536569937534593,2.8808739725539243,37941.0,3.3696969696969696
361.1996388,4.285368582654628,9.748911601530576,38431.0,3.3855421686746987
361.3996386,9.082899782614005,31.447856289444832,40941.0,3.2485549132947975
361.5996384,,444.2161558773574,22166.0,1.5957446808510638
361.7996382,16.520460038336527,24.92643479498361,23998.0,1.8345864661654134
361.999638,15.179551909119596,61.569994324711026,25352.0,1.8686131386861313
362.1996378,6.322402597402597,15.353434264643157,24640.0,1.9166666666666667
362.3996376,17.94560966939211,141.36516772342594,25317.0,1.962406015037594
362.5996374,,263.1516741282438,48721.0,3.1235955056179776
362.7996372,,296.01900022301623,25020.0,2.1796875
362.999637,,286.2690092054158,47862.0,3.153409090909091
363.1996368,2.987485202097074,14.26012984146341,47304.0,3.1954022988505746
363.3996366,,284.38699351617873,24920.0,2.2580645161290325
363.5996364,7.485080016725586,34.214707399319444,26307.0,2.2125984251968505
363.7996362,,23.329516164753077,25628.0,2.25
363.999636,,277.86915094533066,47994.0,3.2514619883040936
364.1996358,2.1719411703348284,1.3733745233174217,47935.0,3.2514619883040936
364.39963559999995,,280.3885646366406,25136.0,2.2357723577235773
364.59963539999995,,3.5611006680754427,25326.0,2.2419354838709675
364.79963519999995,,281.9047250038073,47850.0,3.2514619883040936
364.99963499999996,2.1522818187530106,2.0861070592198474,47747.0,3.2514619883040936
365.19963479999996,2.1290248197216166,0.5774658135315146,47704.0,3.2514619883040936
365.39963459999996,2.190513154030126,0.8032462628396003,47666.0,3.2705882352941176
365.59963439999996,,286.1397705493597,24776.0,2.2459016393442623
365.79963419999996,5.971690323595329,14.330190535523387,25433.0,2.1023622047244093
365.99963399999996,4.275775185922705,10.132465415273291,24607.0,2.208
366.19963379999996,,13.795604214389488,25194.0,2.296
366.39963359999996,,277.62240267857834,48476.0,3.189655172413793
366.59963339999996,,282.7472990106355,25840.0,2.1904761904761907
366.79963319999996,,291.19647011000006,47509.0,3.2325581395348837
366.99963299999996,,283.8012539204493,24362.0,2.268292682926829
367.19963279999996,,0.7765628492799383,23877.0,2.3140495867768593
367.39963259999996,,290.74589091687307,46755.0,3.3095238095238093
367.59963239999996,,290.8976534785173,23755.0,2.3333333333333335
367.79963219999996,2.461758398856326,1.1352796300043067,23783.0,2.3333333333333335
367.99963199999996,,289.88133672067266,46568.0,3.3035714285714284
368.19963179999996,2.4650230464144065,2.6315282341609154,46645.0,3.3095238095238093
368.39963159999996,2.2198720572080903,3.762362271813493,46427.0,3.3154761904761907
368.59963139999996,2.285042514815769,2.958749649572731,46572.0,3.3095238095238093
368.79963119999996,,290.81338969912815,23677.0,2.3333333333333335
368.99963099999997,,290.15976844147986,46430.0,3.3095238095238093
369.19963079999997,,289.71835510939144,23620.0,2.3333333333333335
369.39963059999997,2.3753425812708184,1.4055227385846607,23717.0,2.3333333333333335
369.59963039999997,,293.51619416393044,46731.0,3.3095238095238093
369.79963019999997,2.37172226615092,1.509320388537059,46793.0,3.3035714285714284
369.99962999999997,2.348658104706234,1.3104159873883916,46874.0,3.3095238095238093
370.19962979999997,2.362881955612737,3.1145816241642827,46635.0,3.3095238095238093
370.39962959999997,2.5526602215250658,2.9601882618241806,46857.0,3.289940828402367
370.59962939999997,,294.8637457113216,23627.0,2.2975206611570247
370.79962919999997,2.6072349237205765,3.5046582040194543,23663.0,2.3333333333333335
370.99962899999997,2.4319648959959497,0.7945403180425565,23701.0,2.3333333333333335
371.19962879999997,2.366523896357237,0.9718056449612907,23581.0,2.316666666666667
371.39962859999997,,292.86616360026,46590.0,3.3095238095238093
371.5996284,,292.46373800921464,23641.0,2.3333333333333335
371.7996282,,291.27378254072903,46510.0,3.3035714285714284
371.999628,,291.66530451469765,23578.0,2.3333333333333335
372.1996278,2.671777062510588,2.9858518306344046,23612.0,2.3333333333333335
372.3996276,2.836485455008057,2.551920194784354,23582.0,2.316666666666667
372.5996274,2.6031424227065383,2.1945128529108957,23676.0,2.3333333333333335
372.7996272,2.4540483255616787,1.143082760893691,23590.0,2.3333333333333335
372.999627,2.558545176760175,0.47342135697285914,23563.0,2.3333333333333335
373.1996268,,290.20545513581897,46514.0,3.3095238095238093
373.3996266,,290.6350670642057,23590.0,2.325
373.5996264,,3.981793013908059,23936.0,2.322314049586777
373.7996262,,286.41182122506115,46424.0,3.3095238095238093
373.999626,2.3245470585703836,1.6998180805229912,46474.0,3.3095238095238093
374.1996258,,289.251169298175,23656.0,2.325
374.3996256,,291.0221263234159,46420.0,3.3154761904761907
374.5996254,,288.9086750820591,23674.0,2.35
374.7996252,,288.31570436191504,46409.0,3.3095238095238093
374.999625,,288.5807453390447,23666.0,2.3333333333333335
375.1996248,,287.5566837719871,46485.0,3.3095238095238093
375.3996246,,285.4287807161319,23877.0,2.322314049586777
375.5996244,,3.9019635858180233,23608.0,2.325
375.7996242,2.5929726762109886,1.2755544054141104,23679.0,2.3333333333333335
375.999624,,60.06318752588746,26122.0,1.7123287671232876
376.1996238,,21.491535187235804,23941.0,1.837037037037037
376.3996236,,293.07372246376974,45826.0,3.1235955056179776
376.5996234,4.413065866654726,15.131075963726989,44666.0,3.088888888888889
376.7996232,,318.51249964938614,21962.0,1.618320610687023
376.999623,4.118435754189944,1.263303430275507,21480.0,1.6153846153846154
377.1996228,3.35729186421392,8.908916265045585,21092.0,1.6
377.3996226,2.5662054866162696,2.641879411541512,21033.0,1.6124031007751938
377.5996224,3.0219380179144513,7.011666428679503,20877.0,1.5846153846153845
377.7996222,2.675892345867532,3.985439464045852,20956.0,1.6046511627906976
377.999622,2.748764691772607,5.311391037702396,20845.0,1.5923076923076922
378.1996218,,2.673272635782557,21082.0,1.5846153846153845
378.3996216,,6.215295991580554,20713.0,1.5891472868217054
378.5996214,,12.097862435661762,23947.0,1.7703703703703704
378.7996212,,28.173645119581714,23069.0,1.9153846153846155
378.999621,,2.469493330207588,23433.0,1.8854961832061068
379.1996208,,3.3887034970947183,23052.0,1.9
379.3996206,,305.00229281103753,45580.0,3.1235955056179776
379.5996204,,302.4462871721015,23040.0,1.9
379.7996202,3.253041152618411,4.622929976953711,23182.0,1.876923076923077
379.99962,3.7413527397260276,8.318808077442602,23360.0,1.9612403100775193
380.1996198,,4.001596631983056,23511.0,1.916030534351145
380.3996196,,296.1177134120466,45807.0,3.1412429378531073
380.5996194,,297.56355656024925,23210.0,1.930232558139535
380.7996192,8.462687806092804,30.856649540133226,24094.0,1.762962962962963
380.999619,5.553218142548596,16.29698391128298,23150.0,1.8625954198473282
381.1996188,3.7376916524701875,14.415240131232146,23480.0,1.9612403100775193
381.3996186,2.5539174031271243,2.6542878872143443,23536.0,1.9534883720930232
381.5996184,2.403349200952057,0.4542143779352677,23528.0,1.9534883720930232
381.7996182,2.3615824025918664,3.191952217767318,23458.0,1.9612403100775193
381.999618,2.5348051170153596,2.430709199394185,23373.0,1.9609375
382.1996178,2.4607666580910728,2.3044187939881398,23322.0,1.9689922480620154
382.3996176,2.307587032760243,1.1204894480929544,23382.0,1.9612403100775193
382.5996174,,3.4234699184682356,23563.0,1.9461538461538461
382.7996172,,2.4643052893849893,23322.0,1.9534883720930232
382.999617,,2.8156707277273316,23570.0,1.9538461538461538
383.1996168,,3.221905274867527,23301.0,1.96875
383.3996166,,7.169106169511117,23668.0,1.976923076923077
383.5996164,,3.1483916018018325,23344.0,2.0
383.7996162,,2.6976936722039433,23580.0,1.9844961240310077
383.999616,4.025637824114538,9.208385764504525,24027.0,1.871212121212121
384.1996158,,39.24248172705533,24344.0,1.8805970149253732
384.3996156,4.593822134553238,19.82082255844142,23827.0,1.9389312977099236
384.5996154,2.392593524576413,0.6876490940566625,23844.0,1.9236641221374047
384.7996152,,3.6946346655776177,24055.0,1.9166666666666667
384.999615,,2.8018520331695953,23749.0,1.9236641221374047
385.1996148,2.3898690471177733,2.3648324882373544,23749.0,1.9312977099236641
385.3996146,2.3026343519494206,1.2989252807064737,23725.0,1.9461538461538461
385.5996144,,297.46275758030555,46054.0,3.1235955056179776
385.7996142,,295.8140410289308,23930.0,1.9090909090909092
385.999614,,33.80164310242094,24169.0,1.7835820895522387
386.1996138,5.19039986136984,32.95321883799268,23083.0,1.9296875
386.39961359999995,3.2576051779935273,7.0694297729274505,23175.0,1.9609375
386.59961339999995,7.579516042890596,31.81481763389792,24341.0,1.8088235294117647
386.79961319999995,3.186143147896879,12.077984291407747,23584.0,1.8074074074074074
386.99961299999995,,9.278114231341549,23458.0,1.828358208955224
387.19961279999995,2.3231435431315384,2.344331385084617,23324.0,1.8134328358208955
387.39961259999995,2.2417902769441826,0.9032780553401256,23326.0,1.8345864661654134
387.59961239999996,,2.50129138891957,23064.0,1.8484848484848484
387.79961219999996,,3.4106775076810445,23232.0,1.8270676691729324
387.99961199999996,4.207722007722007,5.369673644940802,23310.0,1.8059701492537314
388.19961179999996,,37.68023183242469,23665.0,1.9090909090909092
388.39961159999996,18.206242248863166,122.20947020758898,24190.0,1.6363636363636365
388.59961139999996,,17.26748101120125,23053.0,1.6524822695035462
388.79961119999996,,44.269285714223884,21122.0,1.5507246376811594
388.99961099999996,7.788044266176968,30.32126927672352,20693.0,1.744360902255639
389.19961079999996,,78.32637521772209,21616.0,2.734848484848485
389.39961059999996,,11.708698905686356,20190.0,2.8188976377952755
389.59961039999996,4.91488717249735,7.3570747993337005,19809.0,2.848
389.79961019999996,2.9645322182477707,2.6217571192483673,19849.0,2.856
389.99960999999996,2.5953400162557574,71.0725882949277,18455.0,1.664
390.19960979999996,2.5364870381710554,66.64838447509817,19596.0,2.8870967741935485
390.39960959999996,2.378184591914569,1.3289674593454903,19665.0,2.8870967741935485
390.59960939999996,,10.071434268630355,20098.0,2.864
390.79960919999996,,72.91962267330469,18580.0,1.8870967741935485
390.99960899999996,2.309007303218826,1.0919429709828583,18485.0,1.846774193548387
391.19960879999996,2.718537458450524,64.55633715629457,19555.0,2.8870967741935485
391.39960859999997,2.406487194888877,68.58238348062925,18313.0,1.6693548387096775
391.59960839999997,,248.7685833565787,43882.0,3.2032967032967035
391.79960819999997,,210.24584345233188,20518.0,2.7890625
391.99960799999997,15.001409957215092,52.27291968260656,20568.0,1.3732394366197183
392.19960779999997,,39.95537028793386,19427.0,1.5514705882352942
392.39960759999997,,48.28965704994402,20165.0,2.485294117647059
392.59960739999997,,3.7905498217536087,20832.0,2.5
392.79960719999997,4.990755873340143,65.65459515800774,19580.0,1.626865671641791
392.99960699999997,,58.89005486826401,19769.0,2.6106870229007635
393.19960679999997,,20.19957945207449,19293.0,2.6640625
393.39960659999997,,18.499834315871723,18388.0,2.744
393.59960639999997,4.779364633117796,14.262236382351611,17785.0,2.7804878048780486
393.79960619999997,,9.756906962561299,17860.0,2.7580645161290325
393.99960599999997,,8.385239514605702,17451.0,2.772357723577236
394.1996058,,8.662931451598867,17520.0,2.75
394.3996056,10.829050454403008,13.313580438289103,19146.0,2.6929133858267718
394.5996054,,4.24077003303387,18218.0,2.7580645161290325
394.7996052,,2.289211023239132,18970.0,2.736
394.999605,3.3640397211071202,1.0144664952747533,18932.0,2.736
395.1996048,6.349669883189437,8.346241522469652,19690.0,2.7142857142857144
395.3996046,5.675957637388692,66.94554004001526,18979.0,1.7086614173228347
395.5996044,,59.49351628696343,19796.0,2.6984126984126986
395.7996042,,13.163272625024181,19449.0,2.6984126984126986
395.999604,5.110090272955505,5.500670808664342,18721.0,2.72
396.1996038,,2.8538115052210555,17782.0,2.7642276422764227
396.3996036,2.8022132344680375,1.3094816583516558,17802.0,2.7419354838709675
396.5996034,2.5774063271258694,1.9095405024293202,17828.0,2.7419354838709675
396.7996032,,8.467284379691709,17992.0,2.72
396.999603,,7.540495523536902,17719.0,2.7419354838709675
397.1996028,2.49301668080294,0.5568197780505735,17685.0,2.7338709677419355
397.3996026,18.68511528259539,58.3784142965471,19604.0,1.5820895522388059
397.5996024,7.918542173560422,2.895036839077766,19728.0,1.5801526717557253
397.7996022,,67.28781764094859,20529.0,2.549618320610687
397.999602,2.4756727769110762,1.466181477574518,20512.0,2.537878787878788
398.1996018,,8.91297526097547,20319.0,2.576923076923077
398.3996016,3.076598018263066,1.9544814903718464,20588.0,2.5692307692307694
398.5996014,,10.500525397849062,20329.0,2.5572519083969465
398.7996012,,66.60725423845359,18587.0,1.5923076923076922
398.999601,,70.04517096969596,19917.0,2.549618320610687
399.1996008,9.133238455120969,19.03772742453742,20377.0,2.553030303030303
399.3996006,,37.37769507592792,20825.0,2.4191176470588234
399.5996004,15.537859518685188,93.74253046123967,20444.0,1.3525179856115108
399.7996002,,52.03067162579234,19940.0,1.5
399.9996,6.263699427347642,72.40935110939512,21479.0,2.5
400.1995998,12.158019305736032,67.7777292512791,21548.0,1.6642335766423357
400.3995996,,169.80056671700908,46932.0,2.8316326530612246
400.5995994,6.692662805360234,22.39869196661114,46789.0,3.010752688172043
400.7995992,4.538539148712559,6.969179089747751,47575.0,2.6432432432432433
400.999599,3.7491255758403,13.192419056378913,46888.0,3.088888888888889
401.1995988,2.8110036735210913,4.96536687484089,47366.0,3.088888888888889
401.3995986,,196.68501007944192,25244.0,1.9393939393939394
401.5995984,,200.70036943942256,47066.0,3.106145251396648
401.7995982,2.168371073776479,14.839123062721978,46546.0,2.716666666666667
401.999598,2.2333808116669145,15.154211992983747,47039.0,3.088888888888889
402.1995978,5.150603037057095,30.992162596663746,48007.0,3.0833333333333335
402.3995976,,297.94781495474365,26674.0,2.1824817518248176
402.5995974,,196.03963164343298,53370.0,2.6721311475409837
402.7995972,,191.15321530450763,28075.0,2.172932330827068
402.999597,,229.92405457223566,49497.0,3.088888888888889
403.1995968,3.193649027283747,10.501102592123683,50323.0,3.0549450549450547
403.3995966,,212.50751869718977,26398.0,2.2061068702290076
403.5995964,,223.3806557827242,49112.0,3.1179775280898876
403.7995962,,221.79558766617075,26316.0,2.230769230769231
403.999596,,220.3201728380066,49294.0,3.1235955056179776
404.1995958,2.19487314689002,1.5886378115774984,49309.0,3.1179775280898876
404.3995956,2.285021002406101,11.066509048523171,49042.0,2.752808988764045
404.5995954,2.2735199073227244,12.74233473206583,49203.0,3.1179775280898876
404.7995952,,234.75600875437385,27269.0,2.1333333333333333
404.999595,3.7560620932853457,11.799618304857663,27507.0,2.0
405.1995948,4.296687025726448,30.374478093354064,27015.0,1.962962962962963
405.3995946,,216.36970050872225,49400.0,3.0549450549450547
405.5995944,,254.390289432611,28794.0,2.1366906474820144
405.7995942,,177.682670864812,52856.0,2.941798941798942
405.999594,5.674509648845302,51.204749929129235,50576.0,2.6666666666666665
406.1995938,4.359547568797,12.468638185726789,48803.0,2.9945945945945946
406.3995936,,402.95021023391746,25681.0,1.704225352112676
406.5995934,4.048750115303016,76.31386704270798,21682.0,1.4275362318840579
406.7995932,3.8549655850540807,10.274774866222366,20340.0,1.4328358208955223
406.999593,5.679450178545223,12.230206573335272,20443.0,1.3237410071942446
407.1995928,,96.6981274216734,20566.0,1.4732824427480915
407.3995926,,7.35316409066736,20508.0,1.5454545454545454
407.5995924,5.187834326761425,29.106197587736766,19629.0,1.6904761904761905
407.7995922,2.5448635921584684,2.014971472125941,19537.0,1.6825396825396826
407.999592,2.5233539094650204,2.4150062062427318,19440.0,1.6825396825396826
408.1995918,2.3329905388728918,1.1880904592077806,19448.0,1.704
408.3995916,2.4022894101945487,0.7365650538368632,19481.0,1.696
408.59959139999995,2.3491631584351578,2.4998987955116285,19478.0,1.728
408.79959119999995,2.4601647648774496,1.5699440712054118,19543.0,1.712
408.99959099999995,,429.09305454103105,42272.0,3.213872832369942
409.19959079999995,,427.402774485034,19712.0,1.7063492063492063
409.39959059999995,2.3346702543534548,0.8626839293668946,19697.0,1.728
409.59959039999995,6.618930279750688,17.43984173185444,20697.0,1.6363636363636365
409.79959019999995,,27.59004227905711,20195.0,1.5846153846153845
409.99958999999996,2.783007396899382,3.5265585800534174,19738.0,1.5859375
410.19958979999996,3.0043800886323817,9.786696382512604,19406.0,1.5984251968503937
410.39958959999996,6.75992688128364,29.648111698091103,19694.0,1.5078125
410.59958939999996,14.665257457723731,78.06889006043461,21052.0,1.536764705882353
410.79958919999996,14.491602228319614,21.477858966581667,24054.0,1.8984375
410.99958899999996,9.602663568850351,72.9970868420265,24103.0,1.6589147286821706
411.19958879999996,,54.300173432328535,25197.0,1.187878787878788
411.39958859999996,,49.59171850017276,25371.0,1.1402439024390243
411.59958839999996,4.239204150835478,22.738267766140257,24477.0,1.0548780487804879
411.79958819999996,,46.53481982565489,25378.0,1.1272727272727272
411.99958799999996,11.58115201942649,32.249107396848565,28003.0,1.2303030303030302
412.19958779999996,,102.17576282406533,21552.0,1.5407407407407407
412.39958759999996,6.866317169069463,34.44049642527551,22127.0,1.6946564885496183
412.59958739999996,13.934662236987819,76.07829767267498,22575.0,1.75
412.79958719999996,7.198332236120255,19.75045862613143,22785.0,1.876923076923077
412.99958699999996,4.4339387693761,6.827582705627378,23289.0,1.937007874015748
413.19958679999996,,383.62346225394134,46588.0,3.213872832369942
413.39958659999996,,282.9593051040559,22856.0,2.2
413.59958639999996,,318.45671311968175,45994.0,3.3095238095238093
413.79958619999996,,280.41095409134044,23668.0,2.047244094488189
413.99958599999997,,72.83778683412764,22488.0,2.048780487804878
414.19958579999997,,4.8593670671208375,21865.0,2.1
414.39958559999997,,304.30035009566757,42975.0,3.2325581395348837
414.59958539999997,,290.7428607826202,20883.0,1.9918032786885247
414.79958519999997,3.1263733604375394,5.255374839090568,20661.0,2.025
414.99958499999997,,290.8960395607304,42681.0,3.341317365269461
415.19958479999997,2.271112781601635,1.2022231994174777,42569.0,3.3293413173652695
415.39958459999997,,287.11114793066497,20435.0,2.0672268907563027
415.59958439999997,2.4481427174975563,1.9386438223639921,20460.0,2.0762711864406778
415.79958419999997,,288.0401120636875,42542.0,3.3493975903614457
415.99958399999997,,287.3089579557145,20333.0,2.0762711864406778
416.19958379999997,,3.223516224508245,20539.0,2.0588235294117645
416.39958359999997,,7.844733795725626,20509.0,2.0504201680672267
416.5995834,3.763423971728674,10.703000267836467,20374.0,2.0762711864406778
416.7995832,2.6595158433379256,3.5444974184757365,20324.0,2.0854700854700856
416.999583,2.407587835842929,0.33725196750946007,20322.0,2.094017094017094
417.1995828,3.039601518962371,2.4279881577732496,20277.0,2.094017094017094
417.3995826,,3.3713148522690086,20529.0,2.093220338983051
417.5995824,,2.7515183918142387,20251.0,2.094017094017094
417.7995822,,3.115443818799079,20496.0,2.093220338983051
417.999582,2.9578993692239988,1.8760914676320506,20451.0,2.0756302521008405
418.1995818,,4.598190901516207,20363.0,2.1016949152542375
418.3995816,,287.2724605559518,42641.0,3.3293413173652695
418.5995814,,284.18447168593,20543.0,2.058333333333333
418.7995812,,284.87020288529914,42469.0,3.3493975903614457
418.999581,2.2802555305808587,0.4952773829933012,42265.0,3.3493975903614457
419.1995808,,281.7477390572191,20450.0,2.092436974789916
419.3995806,,2.889686640875656,20226.0,2.1016949152542375
419.5995804,,284.24533735464837,42403.0,3.3493975903614457
419.7995802,,285.0720866767204,20125.0,2.1016949152542375
419.99958,2.38439406716603,1.174025763377614,20159.0,2.1016949152542375
420.1995798,,5.060709055926424,20451.0,2.1596638655462184
420.3995796,,3.1154448883093844,20159.0,2.1610169491525424
420.5995794,,284.7484349587311,42374.0,3.3433734939759034
420.7995792,2.2101289265617208,2.9420447339180997,42117.0,3.3493975903614457
420.999579,,283.847611723196,20000.0,2.1016949152542375
421.1995788,,284.59107606421946,41989.0,3.3433734939759034
421.3995786,,281.6415342883961,20212.0,2.092436974789916
421.5995784,16.837544499435616,77.81952722946268,23034.0,1.7744360902255638
421.7995782,4.141973648830331,10.259366025642148,22314.0,1.806201550387597
421.999578,,3.782966653816723,22419.0,1.821705426356589
422.1995778,,291.7905606583777,45792.0,3.100558659217877
422.3995776,,265.7320105561258,22751.0,1.9603174603174602
422.5995774,,277.24046661479315,44715.0,3.1714285714285713
422.7995772,2.27844652388503,2.2056110816870635,44777.0,3.2011494252873565
422.999577,2.2448597297176756,1.3834429776749186,44842.0,3.1954022988505746
423.1995768,,282.35962782062853,22654.0,1.9523809523809523
423.3995766,2.3974200388761266,0.643244101316983,22636.0,1.9444444444444444
423.5995764,,296.8306255994349,43769.0,2.8265895953757227
423.7995762,,287.8427328919839,22422.0,2.015873015873016
423.999576,,3.726945266234216,22118.0,2.024
424.1995758,2.4866802813705466,1.226119983031991,22035.0,2.024
424.3995756,,2.96061045504399,22223.0,2.007936507936508
424.5995754,,284.4263185789517,44418.0,3.2427745664739884
424.7995752,2.427032872946849,0.6237317220561456,44383.0,3.244186046511628
424.999575,,286.3211699921313,22014.0,2.024
425.1995748,,4.360093806208297,22254.0,2.007936507936508
425.3995746,,3.7277687907204777,22148.0,2.007936507936508
425.5995744,2.379117911791179,0.8255204567015699,22220.0,2.0238095238095237
425.7995742,11.55040313979779,26.624030740522066,23441.0,1.835820895522388
425.999574,29.329996392496394,231.59948259176036,22176.0,1.7266187050359711
426.1995738,14.071288148286838,47.08940688752589,21364.0,1.6865671641791045
426.3995736,9.720488934890827,47.63225080726954,20289.0,1.5692307692307692
426.5995734,,10.695521867997579,20408.0,1.5813953488372092
426.7995732,3.7699303118667524,2.346175203241482,20233.0,1.573643410852713
426.999573,7.451465339566682,11.433308277684976,19893.0,1.550387596899225
427.1995728,,290.7924918289481,41198.0,3.157303370786517
427.3995726,,243.2939123774334,20364.0,1.6176470588235294
427.5995724,,279.94884942511726,40257.0,3.0549450549450547
427.7995722,,218.12802830680025,21251.0,2.2836879432624113
427.999572,,161.2864148003363,44980.0,2.7389162561576357
428.1995718,8.98565103502631,34.89088676452189,43139.0,2.910994764397906
428.3995716,,211.16504596427035,22633.0,1.6267605633802817
428.5995714,6.578343268974108,19.504724974464306,22478.0,1.6762589928057554
428.7995712,4.487676957189152,52.34719301814264,23452.0,2.6715328467153285
428.999571,4.9447109892620515,64.20690212929598,21885.0,1.8208955223880596
429.1995708,,47.539504650154704,23673.0,2.7777777777777777
429.3995706,,45.55432463321709,22225.0,1.8656716417910448
429.5995704,,191.4215089625553,45585.0,3.0382513661202184
429.7995702,,196.36115063816885,23184.0,2.022727272727273
429.99957,3.948707043211977,8.5961140256737,23512.0,1.9481481481481482
430.1995698,,12.056783534532505,23594.0,2.030075187969925
430.3995696,,6.08228223937683,23331.0,2.0610687022900764
430.59956939999995,3.1318750790238967,6.37594114081555,23727.0,2.099236641221374
430.79956919999995,3.13918230396421,11.109994893398211,24141.0,2.1603053435114505
430.99956899999995,3.904717853839038,19.856649715242458,23782.0,2.0
431.19956879999995,,197.07769319066742,45933.0,3.0382513661202184
431.39956859999995,3.525495125931807,8.714441176229878,45342.0,2.7318435754189943
431.59956839999995,,201.73049672422758,23714.0,2.1796875
431.79956819999995,,21.3529958938264,24445.0,2.2093023255813953
431.99956799999995,,195.23913169190834,46302.0,3.159090909090909
432.19956779999995,,192.16036715247887,24390.0,2.2421875
432.39956759999995,,196.28682564045178,46573.0,3.177142857142857
432.59956739999996,4.024139170136761,20.702160330464828,47309.0,3.177142857142857
432.79956719999996,5.9046448255373205,17.6534797644049,48807.0,3.1412429378531073
432.99956699999996,3.766653320127284,19.87529057487084,47453.0,3.1954022988505746
433.19956679999996,,213.9696511277671,23723.0,1.8270676691729324
433.39956659999996,,130.73804036659897,20905.0,2.6240601503759398
433.59956639999996,,195.38469738839984,40174.0,3.157303370786517
433.79956619999996,3.8484818143132493,3.3373987784423145,39949.0,3.1235955056179776
433.99956599999996,,195.51395051097097,20437.0,2.6793893129770994
434.19956579999996,,197.8260975928696,39987.0,3.1235955056179776
434.39956559999996,2.2551570293505776,0.8839947234782096,39897.0,3.151685393258427
434.59956539999996,2.2379086936869066,1.078990425972674,39822.0,3.134831460674157
434.79956519999996,,225.60414975758638,18981.0,1.7099236641221374
434.99956499999996,,212.9648175978097,40569.0,3.0934065934065935
435.19956479999996,,224.48872614853397,21446.0,1.7407407407407407
435.39956459999996,,40.45914397624032,22232.0,2.787878787878788
435.59956439999996,3.155453545641467,48.03366504511815,20913.0,1.8106060606060606
435.79956419999996,,58.96878873647097,22513.0,2.7518796992481205
435.99956399999996,,57.0916253909993,20992.0,1.8257575757575757
436.19956379999996,,198.9436367254227,42309.0,2.9893617021276597
436.39956359999996,11.067272727272726,54.35923253267517,44000.0,2.30188679245283
436.59956339999997,,236.29316629280112,23564.0,1.1829268292682926
436.79956319999997,,121.01189534607806,21458.0,2.265734265734266
436.99956299999997,11.942179052506185,3.7476662768553863,21826.0,2.5441176470588234
437.19956279999997,,50.48774111617885,19422.0,1.6946564885496183
437.39956259999997,,222.54816877684593,40130.0,3.088888888888889
437.59956239999997,2.3746837979312243,1.9111834056851906,39927.0,3.1222222222222222
437.79956219999997,,196.68660469053566,19929.0,2.6412213740458017
437.99956199999997,,195.73028301404747,40015.0,3.106145251396648
438.19956179999997,2.205439048166571,1.6219914021994206,40007.0,3.11731843575419
438.39956159999997,2.211889671067465,0.9245924315992634,39917.0,3.1396648044692737
438.59956139999997,,222.6378951939819,18956.0,1.717557251908397
438.79956119999997,2.617521688982498,54.74501287651194,19941.0,2.6564885496183206
438.99956099999997,2.268489086670905,55.08105902965616,18876.0,1.702290076335878
439.1995608,2.5118114463652956,1.0981854650822422,18626.0,1.6793893129770991
439.3995606,2.2969657843770173,0.83832405303898,18588.0,1.6641221374045803
439.5995604,,61.91178874552062,20089.0,2.621212121212121
439.7995602,2.3802217382696496,1.6600329218589283,20204.0,2.6136363636363638
439.99956,2.377511820330969,2.7646550958816936,20304.0,2.621212121212121
440.1995598,,6.128801380456882,19805.0,2.6136363636363638
440.3995596,,10.198595064204094,20905.0,2.4671532846715327
440.5995594,,195.7949045508179,40497.0,3.0382513661202184
440.7995592,,186.05765017624583,20019.0,2.5
440.999559,2.8518331990330377,0.5425277178381515,19856.0,2.4925373134328357
441.1995588,2.4656565149766694,2.0081581514866977,19931.0,2.4776119402985075
441.3995586,2.420257807022275,59.61935019441351,18541.0,1.5522388059701493
441.5995584,,3.10296253623421,18299.0,1.5263157894736843
441.7995582,,64.41662267130766,19855.0,2.4962406015037595
441.999558,,198.317758397353,39164.0,3.0944444444444446
442.1995578,,202.9406121616798,19413.0,2.4962406015037595
442.3995576,2.3422047325635584,1.5529684907263221,19313.0,2.5
442.5995574,2.8393891807007092,57.75054581329833,18467.0,1.5454545454545454
442.7995572,7.960868504513296,42.21066934893853,20495.0,2.485074626865672
442.999557,5.195090508674867,51.886563207169715,18617.0,1.556390977443609
443.1995568,,61.21147057455781,20942.0,2.4962962962962965
443.3995566,,200.93730462405995,39925.0,3.088888888888889
443.5995564,,241.99265602966798,21555.0,1.713235294117647
443.7995562,,188.38852665052434,45479.0,2.865979381443299
443.999556,5.525673356078747,13.970584904216194,47189.0,2.7939698492462313
444.1995558,9.996922377824596,48.38462676604065,48414.0,2.7524752475247523
444.3995556,,194.2960075302716,27491.0,1.695945945945946
444.5995554,,207.700931660964,48544.0,2.865979381443299
444.7995552,3.60596467844052,1.8717693303700902,48016.0,2.5416666666666665
444.999555,2.8559117118234236,13.050916070286855,48387.0,2.9263157894736844
445.1995548,2.320717255072284,1.1061642621444914,48351.0,2.941798941798942
445.3995546,2.2602571058892273,13.764808986525539,47918.0,2.582010582010582
445.5995544,2.1800467976725404,15.785760143014011,48293.0,2.941798941798942
445.7995542,2.2074057199660366,0.6713544882290107,48287.0,2.9574468085106385
445.999554,,198.97966765903092,26656.0,1.8794326241134751
446.1995538,,197.92610863759683,48385.0,2.9574468085106385
446.3995536,,196.91044802492047,27123.0,2.0144927536231885
446.5995534,,199.8755403565022,48312.0,2.9574468085106385
446.7995532,2.584772632457238,4.614898545613663,47940.0,2.989247311827957
446.999553,2.2651811745106207,0.7946374355652754,48020.0,2.989247311827957
447.1995528,2.245958861416996,0.01495182404822246,48130.0,2.989247311827957
447.3995526,,200.98462719904282,26090.0,1.9565217391304348
447.5995524,,200.9956175586055,47950.0,2.989247311827957
447.7995522,2.2072635276407127,1.1264717101052097,47828.0,2.989247311827957
447.999552,2.1681177012264032,0.6188063844540782,47782.0,2.989247311827957
448.1995518,2.178995471902844,1.0899130510329396,47923.0,2.989247311827957
448.3995516,2.182848910047607,1.874869106366073,47892.0,2.989247311827957
448.5995514,2.192336573359476,1.1426058836038662,47942.0,2.9946236559139785
448.7995512,2.1674143003192223,0.7272389298478372,47929.0,2.989247311827957
448.999551,2.222958149641671,1.9548644026473339,47861.0,2.989247311827957
449.1995508,,200.53654501104643,25947.0,1.9565217391304348
449.3995506,,195.8837844805647,48063.0,2.9574468085106385
449.5995504,3.838118548472917,11.422546460074864,46985.0,2.9679144385026737
449.7995502,4.387870356912983,19.005609079246042,48163.0,3.0217391304347827
449.99955,,200.64158747210578,26001.0,1.9854014598540146
450.1995498,2.3300153727901614,0.7630768876045867,26020.0,1.9854014598540146
450.3995496,2.304232905573645,0.615903790902869,26105.0,1.9854014598540146
450.5995494,,201.49399446666422,47968.0,3.0054054054054054
450.7995492,,200.94061748235887,25988.0,2.0
450.999549,,204.07013126064103,47347.0,2.629032258064516
451.1995488,4.014390614449696,9.756670866266065,47392.0,2.9365079365079363
451.3995486,3.311080404179981,14.96578944942969,46316.0,2.629032258064516
451.5995484,2.383129756347125,16.95111772862374,46911.0,3.0
451.7995482,2.5236064315264213,6.463393596258563,46894.0,2.9838709677419355
451.999548,2.16035463864794,1.5083542701143755,46921.0,2.989247311827957
452.1995478,2.1327186185993896,0.4438608833201906,46851.0,2.9838709677419355
452.3995476,2.125053469073488,0.7185563674995653,46756.0,2.989247311827957
452.59954739999995,2.13038007081005,1.6728688148939779,46886.0,2.989247311827957
452.79954719999995,2.1577991840919286,0.6499330245038152,46819.0,2.989247311827957
452.99954699999995,2.1792076461929044,0.11526487344281015,46873.0,2.9838709677419355
453.19954679999995,6.82603970141908,23.95510723316642,48764.0,2.865979381443299
453.39954659999995,5.03432447386217,24.599264106110866,48799.0,2.9263157894736844
453.59954639999995,,197.81571663301239,26513.0,1.9714285714285715
453.79954619999995,,176.32388419832907,49779.0,2.836734693877551
453.99954599999995,,215.09385581619648,28354.0,1.8391608391608392
454.19954579999995,,190.6424352065067,51191.0,2.9210526315789473
454.39954559999995,,404.0329877558476,25868.0,1.6506849315068493
454.59954539999995,4.049528199330347,9.584515229482202,22997.0,1.446808510638298
454.79954519999995,5.78743687967961,34.3762551292841,22972.0,1.4295774647887325
454.99954499999996,4.618561550402182,37.814935103114934,21259.0,1.5112781954887218
455.19954479999996,9.687579329102448,36.4901180890468,22060.0,1.3333333333333333
455.39954459999996,9.247998428213567,91.04148487615625,20359.0,1.4242424242424243
455.59954439999996,,27.75204090248076,20099.0,1.348148148148148
455.79954419999996,,31.318704336727343,20239.0,1.549618320610687
455.99954399999996,6.400038465237042,15.235286798524196,20798.0,1.7401574803149606
456.19954379999996,3.2786502335751915,8.363147096574806,20122.0,1.814516129032258
456.39954359999996,2.74606685096758,6.528309115968863,19895.0,1.853658536585366
456.59954339999996,2.8527445817297954,6.956082632910064,19748.0,1.8688524590163935
456.79954319999996,2.997209070520807,3.6433429582416816,20065.0,1.8455284552845528
456.99954299999996,3.3967261904761905,8.416322805641958,20160.0,1.8617886178861789
457.19954279999996,2.742134577751016,3.5649448959001067,19929.0,1.8524590163934427
457.39954259999996,2.571098730110927,4.1759734132728425,19923.0,1.884297520661157
457.59954239999996,2.4077464788732392,2.1168525246631402,19880.0,1.860655737704918
457.79954219999996,,427.9785687952929,43308.0,3.289940828402367
457.99954199999996,,426.52690377696024,19907.0,1.860655737704918
458.19954179999996,2.302271929384623,0.6967461982964592,19939.0,1.884297520661157
458.39954159999996,2.3435218288937008,1.1648046426638254,19859.0,1.8677685950413223
458.59954139999996,2.283576072166507,0.8556351566609476,19843.0,1.8677685950413223
458.79954119999996,2.4061557030778515,1.9576346539373133,19884.0,1.8760330578512396
458.99954099999997,2.355620496800524,1.5964057618784335,19847.0,1.884297520661157
459.19954079999997,2.2881202553918856,1.328302676327938,19891.0,1.884297520661157
459.39954059999997,2.279793006430868,0.5939449916435032,19904.0,1.8925619834710743
459.59954039999997,2.344749661025461,1.4846192985844906,19913.0,1.9083333333333334
459.79954019999997,2.2974454390023133,1.2648706816587987,19886.0,1.8916666666666666
459.99953999999997,2.394642767232264,1.391727691346301,19861.0,1.8760330578512396
460.19953979999997,,4.125391265089046,20104.0,1.9256198347107438
460.39953959999997,,3.0282875291972338,19832.0,1.9083333333333334
460.59953939999997,5.487407262787974,13.80066071542452,20488.0,1.776
460.79953919999997,4.2700900631935115,29.96278078450847,20097.0,1.744
460.99953899999997,,21.764908770367256,19574.0,1.8677685950413223
461.19953879999997,,2.9157019925558276,19265.0,1.8916666666666666
461.39953859999997,,2.8971164307643322,19520.0,1.859504132231405
461.5995384,,2.6681705214655898,19300.0,1.8916666666666666
461.7995382,2.288088067296708,0.794259401608483,19258.0,1.875
461.999538,,4.06228272910731,19505.0,1.884297520661157
462.1995378,,3.9532413725494107,19264.0,1.8916666666666666
462.3995376,,3.5612072042071428,19461.0,1.8760330578512396
462.5995374,,437.2774467568747,42587.0,3.3452380952380953
462.7995372,,439.624682550333,19211.0,1.8833333333333333
462.999537,2.2657957739148538,0.9405552084887003,19214.0,1.8916666666666666
463.1995368,,7.951533243914871,19856.0,1.7804878048780488
463.3995366,,5.886678919418252,18974.0,1.8166666666666667
463.5995364,6.196487320949537,21.18752444326638,19757.0,1.7741935483870968
463.7995362,,458.27024711579503,42328.0,3.2705882352941176
463.999536,,436.78220483927856,20119.0,1.782258064516129
464.1995358,4.135459962942561,14.780895116025764,19969.0,1.8770491803278688
464.3995356,17.992068195286503,91.9959695775403,21937.0,1.7218045112781954
464.5995354,,45.37014545601049,22505.0,1.9444444444444444
464.7995352,,64.49058866045718,22694.0,1.9682539682539681
464.999535,21.541627651345518,137.14978722054806,24563.0,1.8518518518518519
465.1995348,,86.21059655943439,23639.0,1.9848484848484849
465.3995346,,47.451730451575074,23023.0,1.8333333333333333
465.5995344,4.581987075928917,7.299515283177523,22284.0,1.967741935483871
465.7995342,5.009188361408882,7.931841907650717,21549.0,2.0163934426229506
465.999534,,17.004917693163783,22238.0,2.057377049180328
466.1995338,,271.0507853837046,43503.0,3.3095238095238093
466.3995336,,272.222920853479,21109.0,2.066666666666667
466.5995334,,2.8602432695263,20810.0,2.0847457627118646
466.7995332,2.7011196002114266,4.314596661716914,20811.0,2.1025641025641026
466.999533,,289.3148548007517,42523.0,2.9575757575757575
467.1995328,,292.01799884969773,20722.0,2.0677966101694913
467.3995326,,283.51476485750584,42962.0,3.3493975903614457
467.5995324,,281.1821085005311,20794.0,2.0847457627118646
467.7995322,2.4553786782440907,1.618607521836088,20730.0,2.0762711864406778
467.999532,2.4611584657109646,1.1103837865357535,20648.0,2.0762711864406778
468.1995318,,3.2557101558868853,20922.0,2.0672268907563027
468.3995316,2.5546190476190476,1.5476126513961368,21000.0,2.0588235294117645
468.5995314,,280.5724796183282,42948.0,3.381818181818182
468.7995312,2.5687030031292326,3.5021668370724095,42822.0,3.3493975903614457
468.999531,2.187211275572735,17.36895119287481,42428.0,2.9457831325301207
469.1995308,,288.4199911360863,20954.0,2.0504201680672267
469.3995306,,3.0412671950048416,20664.0,2.0677966101694913
469.5995304,2.308487512680547,0.5576865197412524,20701.0,2.0677966101694913
469.7995302,2.3222801428709334,1.0876870391627067,20718.0,2.0762711864406778
469.99953,2.3077888840600704,0.2575957663601924,20709.0,2.0762711864406778
470.1995298,,2.9903955026760176,20921.0,2.0504201680672267
470.3995296,2.2936765689177574,0.2533561540354993,20938.0,2.0504201680672267
470.5995294,4.088975858166729,7.768183108498955,21208.0,2.033333333333333
470.7995292,,26.736683987704378,21569.0,1.9836065573770492
470.999529,5.5163157649036,23.80069792097693,21421.0,1.9836065573770492
471.1995288,11.645266644893388,48.33825777422169,21433.0,1.6488549618320612
471.3995286,6.22439336516218,11.100112979036313,20317.0,1.6929133858267718
471.5995284,,8.928470934650175,19289.0,1.6935483870967742
471.7995282,5.395596629518891,9.903797914726956,18395.0,1.6666666666666667
471.999528,4.474144129196394,9.511128084901957,18081.0,1.7416666666666667
472.1995278,3.2972778974104138,0.9057741299202757,18111.0,1.743801652892562
472.3995276,,5.145237746737322,17703.0,1.7478991596638656
472.5995274,,3.306223385431102,17961.0,1.7416666666666667
472.7995272,,2.6942950921455697,17590.0,1.7478991596638656
472.999527,2.647560424666817,2.697865075975851,17708.0,1.771186440677966
473.1995268,,4.171992797000549,17776.0,1.7394957983193278
473.3995266,,283.95637972086524,39403.0,3.3433734939759034
473.5995264,,283.2515525504106,17738.0,1.7394957983193278
473.7995262,2.463548973759418,86.93793170325637,19245.0,3.1512605042016806
473.999526,,86.62445886900471,17619.0,1.771186440677966
474.1995258,,277.62193626233363,40227.0,3.3095238095238093
474.3995256,,204.78669221332754,20420.0,3.1596638655462184
474.5995254,11.161941766201371,37.187751140283225,20847.0,1.9322033898305084
474.79952519999995,,59.798273411859135,22677.0,3.15
474.99952499999995,3.5711348324437835,2.9255223220713074,22858.0,3.211864406779661
475.19952479999995,4.562218890554723,9.641495376216097,22011.0,3.176470588235294
475.39952459999995,,87.24069812191969,19900.0,1.7950819672131149
475.59952439999995,,259.75110089428483,41162.0,3.2705882352941176
475.79952419999995,,254.7342098416523,19375.0,1.875
475.99952399999995,3.138363821138211,8.348768009076338,19680.0,2.066666666666667
476.19952379999995,,253.59905446924415,40943.0,3.3233532934131738
476.39952359999995,2.416191199157627,1.239119403138239,40837.0,3.3293413173652695
476.59952339999995,,251.87508414105247,19631.0,2.0416666666666665
476.79952319999995,,5.572572565053373,19319.0,1.9406779661016949
476.99952299999995,2.5164551738367895,1.5422745646675944,19386.0,1.9406779661016949
477.19952279999995,,4.840640486185305,19522.0,2.0504201680672267
477.39952259999995,,3.71344033289065,19281.0,1.8728813559322033
477.59952239999996,2.3819322069037008,0.3837772961848677,19294.0,1.8898305084745763
477.79952219999996,,257.5671489163181,40755.0,3.3433734939759034
477.99952199999996,,256.400457112604,19315.0,1.9322033898305084
478.19952179999996,2.337961044343141,0.6016915306127861,19304.0,1.9322033898305084
478.39952159999996,2.577466961485062,4.044042479849543,19447.0,2.093220338983051
478.59952139999996,,263.13919247222896,40290.0,2.9457831325301207
478.79952119999996,,265.93804470470593,19262.0,1.8898305084745763
478.99952099999996,2.3581252919499662,0.5770814605425535,19267.0,1.8644067796610169
479.19952079999996,,254.8654204515284,40660.0,3.3696969696969696
479.39952059999996,,253.03154946247793,19300.0,1.8983050847457628
479.59952039999996,,69.994749768695,21062.0,3.1333333333333333
479.79952019999996,,69.29996957911605,19223.0,1.9152542372881356
479.99951999999996,3.7447234707836623,66.10824998726636,20468.0,3.1864406779661016
480.19951979999996,,8.46987818460641,20728.0,3.1512605042016806
480.39951959999996,,200.32066865703862,41031.0,3.3433734939759034
480.59951939999996,,253.2631570035838,19163.0,1.8898305084745763
480.79951919999996,4.223221665775271,66.53255686980876,20567.0,3.1779661016949152
480.99951899999996,,212.04596274252333,41107.0,3.3902439024390243
481.19951879999996,2.6210756343328883,1.49735450811278,41185.0,3.3696969696969696
481.39951859999996,9.059229218776562,32.461784534672695,41179.0,3.1235955056179776
481.59951839999997,,273.5055097699276,20896.0,1.2916666666666667
481.79951819999997,13.414002036659879,102.51796159577133,19640.0,2.5185185185185186
481.99951799999997,8.942023574590644,26.147970243511164,18749.0,2.5572519083969465
482.19951779999997,,11.565942334724452,19355.0,2.6589147286821704
482.39951759999997,10.38960642733652,29.349523542886875,19666.0,2.75968992248062
482.59951739999997,,95.69078591217875,17684.0,1.4960629921259843
482.79951719999997,,21.66279578999521,18802.0,1.4850746268656716
482.99951699999997,,23.58039466293478,17133.0,1.6
483.19951679999997,,10.747093285733552,18030.0,1.9838709677419355
483.39951659999997,,8.533573111498447,17810.0,1.6829268292682926
483.59951639999997,,69.86064441186119,19368.0,3.056451612903226
483.79951619999997,,78.54956201389723,17769.0,1.7131147540983607
483.99951599999997,,18.667830477392233,17951.0,1.6666666666666667
484.1995158,,26.048726984421826,16781.0,1.6065573770491803
484.3995156,,3.6685856692851164,17101.0,1.639344262295082
484.5995154,2.920372285418821,79.21033207987206,18373.0,3.0
484.7995152,2.7411253887226428,72.52636650099534,17043.0,1.959016393442623
484.999515,,7.832570201089799,16587.0,1.6363636363636365
485.1995148,2.4631041729210446,1.570539683720803,16655.0,1.6363636363636365
485.3995146,,2.6135973695490735,16854.0,1.6311475409836065
485.5995144,,2.0167945832428433,16571.0,1.6583333333333334
485.7995142,,8.86218998816447,17047.0,2.0991735537190084
485.999514,2.5569187212457236,7.639563814119397,16954.0,1.819672131147541
486.1995138,,2.474042201344182,16518.0,1.65
486.3995136,2.4443036447019066,0.32999382564601276,16572.0,1.6583333333333334
486.5995134,,7.025873634634645,16953.0,1.9917355371900827
486.7995132,,6.880019294820024,16572.0,1.6583333333333334
486.999513,7.739465177784308,8.42327394059308,17015.0,1.6311475409836065
487.1995128,,8.500409625761675,16799.0,1.7851239669421488
487.3995126,,27.36659650316534,18339.0,1.6774193548387097
487.5995124,,20.27543651872587,18534.0,1.7398373983739837
487.7995122,3.7738935214881333,5.8530194839315115,18708.0,2.139344262295082
487.999512,,23.842365558809092,18783.0,1.884297520661157
488.1995118,4.931174934725848,10.422362897802396,19150.0,1.9416666666666667
488.3995116,,4.087292568125173,19167.0,1.9421487603305785
488.5995114,,44.18704834885679,20507.0,2.033333333333333
488.7995112,8.009262594555652,38.431374372205326,19433.0,1.8373983739837398
488.999511,,77.48158582510756,20432.0,1.96
489.1995108,,217.57827950976156,44811.0,3.1954022988505746
489.3995106,,308.630453097207,22056.0,1.968
489.5995104,,107.52051247166405,22629.0,1.905511811023622
489.7995102,5.739744026473308,56.081636201630666,20549.0,1.6796875
489.99951,12.214384356184057,83.01989857635846,18103.0,1.7301587301587302
490.1995098,17.610386890738706,116.68040519405497,19101.0,1.3955223880597014
490.3995096,14.780675652021705,56.87400101296581,17139.0,1.4140625
490.5995094,12.030290650169254,40.69389507873229,17134.0,1.5433070866141732
490.7995092,15.447984226638303,35.09103296248895,19273.0,1.784
490.999509,15.476744186046512,39.85397844244131,21672.0,1.8015267175572518
491.1995088,14.733719553450609,43.90181069478328,23648.0,1.8692307692307693
491.3995086,,9.240710048308602,23762.0,1.9689922480620154
491.5995084,7.4857805191041935,27.741969183214877,24157.0,2.078740157480315
491.7995082,,7.48537824783994,23851.0,2.1774193548387095
491.999508,,9.548957590011387,24124.0,2.1774193548387095
492.1995078,,356.7790729894478,47606.0,3.257309941520468
492.3995076,,354.72344271766747,23763.0,2.2131147540983607
492.5995074,,357.2219964670952,47765.0,3.2514619883040936
492.7995072,6.968303179880474,12.289721547003671,49027.0,3.2514619883040936
492.999507,,379.1167722370203,23607.0,2.064
493.1995068,4.236397504765205,13.287148662097712,23084.0,2.0317460317460316
493.3995066,4.484214918177182,18.90369304043274,21571.0,2.1083333333333334
493.5995064,3.625968815537522,3.905606382555879,21934.0,2.090909090909091
493.7995062,3.9637434851574893,5.910474616882451,22065.0,2.0826446280991737
493.999506,3.3379197229942137,3.2173588978247163,21949.0,2.098360655737705
494.1995058,2.522278469466867,1.6927558748042137,21927.0,2.1074380165289255
494.3995056,2.504496690253367,0.6855069004714491,21905.0,2.115702479338843
494.5995054,,3.342153523520333,22129.0,2.0901639344262297
494.7995052,,2.9886144091870497,21940.0,2.15
494.999505,,4.007477884927675,22132.0,2.15702479338843
495.1995048,,2.1035263407327456,21868.0,2.158333333333333
495.3995046,2.574693728286707,0.966677837597746,21876.0,2.158333333333333
495.5995044,,381.2687649240567,45985.0,3.2958579881656807
495.7995042,4.122131129810292,18.46728323773564,46229.0,3.238372093023256
495.999504,,376.1037236226097,23106.0,2.1557377049180326
496.1995038,11.670346494762288,46.057546067324274,24820.0,2.1023622047244093
496.3995036,,412.9800863821738,50205.0,3.0494505494505493
496.5995034,9.119776181418626,29.346987048964575,54151.0,3.0662983425414363
496.79950319999995,9.495107193545978,102.11967033023156,53548.0,2.9263157894736844
496.99950299999995,4.434523318200577,55.86580190606576,48460.0,2.7111111111111112
497.19950279999995,,282.694048638957,23689.0,1.8
497.39950259999995,,77.48263542705892,21051.0,1.5112781954887218
497.59950239999995,,3.0045747672385095,21184.0,1.623076923076923
497.79950219999995,,325.5202928072673,43767.0,3.106145251396648
497.99950199999995,,325.77971545499616,22860.0,1.7846153846153847
498.19950179999995,,292.54529001861,44084.0,3.088888888888889
498.39950159999995,,320.0381855138391,20893.0,1.6106870229007633
498.59950139999995,,27.220474981074474,20044.0,1.5426356589147288
498.79950119999995,4.761305204478831,13.20671547309951,20809.0,1.6640625
498.99950099999995,2.679326970382761,10.311738779681729,20326.0,1.6535433070866141
499.19950079999995,2.6543222150420043,8.20227499553989,20117.0,1.6377952755905512
499.39950059999995,,3.472651342109438,20054.0,1.6171875
499.59950039999995,2.7240897755610973,2.7797317358928235,20050.0,1.6535433070866141
499.79950019999995,,4.455914589488547,19750.0,1.688
499.99949999999995,2.5713842494441286,4.927985372332414,19339.0,1.685483870967742
500.19949979999996,,346.3829268552447,41488.0,3.2267441860465116
500.39949959999996,,342.0586163600333,19731.0,1.7016129032258065
500.59949939999996,2.642539551235653,5.882088804167459,19342.0,1.7154471544715446
500.79949919999996,2.551324503311258,1.5381734888829581,19328.0,1.6774193548387097
500.99949899999996,2.465877365318995,0.6046017310149029,19342.0,1.7096774193548387
501.19949879999996,3.4641722555594776,6.5137159171071195,19831.0,1.688
501.39949859999996,,5.16392367887413,20221.0,1.6456692913385826
501.59949839999996,,2.7877216256973627,19946.0,1.6904761904761905
501.79949819999996,2.6873405691992196,4.978566775532916,19993.0,1.6904761904761905
501.99949799999996,2.840535912158759,4.662813003681201,19854.0,1.6377952755905512
502.19949779999996,2.534954095501872,3.735782982864685,19497.0,1.6507936507936507
502.39949759999996,,8.774737018373646,20314.0,1.6875
502.59949739999996,,19.4919056889422,20293.0,1.6875
502.79949719999996,2.6738990439391688,5.1481334328309565,20187.0,1.7165354330708662
502.99949699999996,3.3727837323449865,17.258272126424846,19966.0,1.6929133858267718
503.19949679999996,2.5467115848753017,3.3310844896040988,19888.0,1.6953125
503.39949659999996,,351.5398710097534,41777.0,3.1875
503.59949639999996,,347.64137851667914,19888.0,1.7007874015748032
503.79949619999996,3.0249776097124093,4.273215290549515,20098.0,1.6875
503.99949599999997,,335.5256323813496,42608.0,3.1235955056179776
504.19949579999997,,340.2740442266186,20132.0,1.7109375
504.39949559999997,5.351063829787234,30.330370265443563,20680.0,1.8346456692913387
504.59949539999997,2.5575982788969296,3.545000460412985,20452.0,1.8333333333333333
504.79949519999997,6.081699652940625,23.33931608318005,21322.0,1.8548387096774193
504.99949499999997,,19.953114962115524,22507.0,1.864
505.19949479999997,,289.6022870217334,46275.0,2.752808988764045
505.39949459999997,,307.32937430091386,24550.0,1.9047619047619047
505.59949439999997,,285.1156733936537,47826.0,3.088888888888889
505.79949419999997,,317.0327045723452,28709.0,1.396341463414634
505.99949399999997,15.815561639780968,59.53473966156933,27028.0,1.2926829268292683
506.19949379999997,3.5550001879063475,5.435897305823706,26609.0,1.274390243902439
506.39949359999997,14.952213840603477,23.183812695883265,30490.0,1.4146341463414633
506.5994934,,410.63960653396833,46696.0,3.213872832369942
506.7994932,,291.14286153314373,24374.0,2.08
506.999493,9.784297452070712,49.41522751094522,24098.0,2.0610687022900764
507.1994928,11.9781086985599,108.7638489176264,22429.0,2.0
507.3994926,5.3210238005289,9.642368913220485,21176.0,1.9193548387096775
507.5994924,,317.14183891396,41320.0,3.280701754385965
507.7994922,,296.0104371006918,18085.0,1.492063492063492
507.999492,7.021275324209646,19.446256162663612,16733.0,1.4758064516129032
508.1994918,,316.43868478077957,37470.0,3.3058823529411763
508.3994916,10.502975890245132,34.31062573882534,39652.0,2.989247311827957
508.5994914,8.142987739298773,64.68631061183252,37192.0,3.2196531791907512
508.7994912,7.128906460115109,4.4513701276341315,37182.0,3.280701754385965
508.999491,7.809247782882786,20.50709466482874,37436.0,3.3095238095238093
509.1994908,,287.56027114828083,16546.0,1.6134453781512605
509.3994906,,278.6022261814018,37207.0,3.3696969696969696
509.5994904,,281.36693031224655,15671.0,1.646551724137931
509.7994902,,3.002300378343259,15769.0,1.623931623931624
509.99949,,278.88695678319635,37259.0,3.4207317073170733
510.1994898,,278.59334189441046,15706.0,1.623931623931624
510.3994896,2.4867436255232778,0.5641722964629343,15766.0,1.641025641025641
510.5994894,,279.84708260335447,37305.0,3.3902439024390243
510.7994892,5.925888324873096,8.229928577623083,37430.0,3.289940828402367
510.999489,,263.88409866247747,14457.0,1.5299145299145298
511.1994888,,284.9977554626851,35863.0,3.3902439024390243
511.3994886,,281.0205681958534,14536.0,1.5726495726495726
511.5994884,,282.2781864871459,35805.0,3.426829268292683
511.7994882,2.2838830921126445,0.4715579505824411,35652.0,3.441717791411043
511.999488,,284.1397044289805,14322.0,1.5826086956521739
512.1994877999999,,2.674504185924301,14403.0,1.5517241379310345
512.3994875999999,2.299423250642763,0.14991665263255366,14391.0,1.547008547008547
512.5994873999999,,1.9733806966865384,14181.0,1.5565217391304347
512.7994871999999,,2.988332314333682,14397.0,1.5689655172413792
512.9994869999999,,281.9911335902227,35651.0,3.411042944785276
513.1994867999999,2.339706374902311,1.0946852382320442,35828.0,3.4478527607361964
513.3994865999999,2.2285258473508915,0.4473823192430475,35729.0,3.4049079754601226
513.5994863999999,2.365976198495565,1.198858836294355,35628.0,3.411042944785276
513.7994861999999,2.2378433138226024,1.4051113786799951,35536.0,3.411042944785276
513.9994859999999,2.2827867706673377,0.48084072193641647,35769.0,3.4478527607361964
514.1994857999999,,283.7553619233636,14186.0,1.5739130434782609
514.3994855999999,,283.3002168354169,35785.0,3.441717791411043
514.5994853999999,,280.2383832197215,14327.0,1.5603448275862069
514.7994851999999,,280.93947296364405,35638.0,3.432098765432099
514.9994849999999,,281.6617997445307,14364.0,1.5826086956521739
515.1994847999999,,283.99624489738943,35653.0,3.432098765432099
515.3994845999999,2.7133902336644744,0.8701367337082996,35735.0,3.4049079754601226
515.5994843999999,,284.2778561734776,14155.0,1.5614035087719298
515.7994841999999,,285.0355033566941,35787.0,3.411042944785276
515.9994839999999,2.2517002994766155,0.64503974899159,35729.0,3.4691358024691357
516.1994837999999,,285.0111337423759,14119.0,1.5565217391304347
516.3994835999999,,283.94122877022016,35884.0,3.4691358024691357
516.5994833999999,2.4070654918906786,1.7653628706675886,35638.0,3.411042944785276
516.7994831999999,2.3351886209029065,0.5368291307468371,35574.0,3.411042944785276
516.9994829999999,2.3084175273689245,2.088080479622461,35533.0,3.4691358024691357
517.1994827999999,,283.9895312829309,13948.0,1.5217391304347827
517.3994825999999,,285.13029593622406,35262.0,3.432098765432099
517.5994823999999,,285.82819473475314,14150.0,1.543859649122807
517.7994821999999,,3.5889262512411095,14338.0,1.543103448275862
517.999482,,3.0788812121796867,14022.0,1.5043478260869565
518.1994818,,1.4055086048684773,14222.0,1.543103448275862
518.3994816,,2.295206049526877,14219.0,1.5304347826086957
518.5994814,,284.4521081096919,35803.0,3.3902439024390243
518.7994812,5.177910398503892,12.007098759544736,36361.0,3.3696969696969696
518.999481,,275.5932273946178,14617.0,1.4322033898305084
519.1994808,,278.83292993537896,36163.0,3.3696969696969696
519.3994806,,282.8397937922478,14748.0,1.4285714285714286
519.5994804,,241.2933037653699,24793.0,1.6853146853146854
519.7994802,8.703643816041815,11.174065196473865,26593.0,1.9124087591240877
519.99948,,17.08222694055396,26430.0,1.911764705882353
520.1994798,2.5629936208991495,5.621181258544043,26336.0,1.9185185185185185
520.3994796,,7.782165420309605,26117.0,1.9259259259259258
520.5994794,,275.19114552866336,48229.0,3.0549450549450547
520.7994792,,277.94236357955185,27549.0,1.9568345323741008
520.999479,,443.1052355681428,40490.0,3.159090909090909
521.1994788,10.373434450729972,30.381255625826967,40481.0,3.016304347826087
521.3994786,,279.81689089771004,21986.0,2.048
521.5994784,8.400935967241146,14.234219651610905,22223.0,2.0555555555555554
521.7994782,6.313011951121257,4.183566273907631,22341.0,2.161290322580645
521.999478,,8.04157644125383,23036.0,2.2777777777777777
522.1994778,2.5847567809908094,15.890163768351538,22305.0,2.0
522.3994776,,4.896475755414291,22161.0,2.0
522.5994774,,247.9735656776904,44687.0,3.2514619883040936
522.7994772,,248.43968326266665,21860.0,2.0901639344262297
522.999477,,246.17906792184536,44655.0,3.2514619883040936
523.1994768,2.3342422887796155,1.8819317926983656,44740.0,3.2705882352941176
523.3994766,,248.7568812095362,21858.0,2.0813008130081303
523.5994764,,249.76020355531463,44830.0,3.2705882352941176
523.7994762,2.2999730845146242,2.6051842634214575,44584.0,3.276470588235294
523.999476,2.298194263070203,3.1644321814147753,44414.0,3.2705882352941176
524.1994758,2.295705632812323,17.539032741423764,44081.0,2.8705882352941177
524.3994756,,251.77751876920956,22085.0,2.0813008130081303
524.5994754,2.5966900929494448,1.2537956730980164,22055.0,2.0813008130081303
524.7994752,,245.03762557348037,44595.0,3.2514619883040936
524.999475,,246.35654767649697,21783.0,2.0901639344262297
525.1994748,,3.13256986527936,22022.0,2.0806451612903225
525.3994746,,33.54270290186939,22054.0,1.9921259842519685
525.5994744,3.1168632893823736,11.981133262818187,21615.0,2.024193548387097
525.7994742,,5.582727541257938,21814.0,2.032
525.999474,2.2859441813416708,0.740787281303884,21749.0,1.984
526.1994738,2.299958626396359,1.8107169233187754,21753.0,2.0
526.3994736,2.3170495879184125,2.1012379562560795,21719.0,2.008
526.5994734,2.3758488474153463,2.240842320100537,21647.0,2.0403225806451615
526.7994732,,3.4853361859719416,21343.0,2.032258064516129
526.999473,,4.219781181878022,21611.0,2.0403225806451615
527.1994728,2.392201409495549,2.1760300711263723,21568.0,2.0403225806451615
527.3994726,,225.08516099039812,45773.0,3.0718232044198897
527.5994724,3.8225530496611486,12.757533484681435,45005.0,3.177142857142857
527.7994722,,245.67300877753,22760.0,2.078740157480315
527.999472,,245.91523131509908,45089.0,3.177142857142857
528.1994718,13.46292092319334,98.73844414663841,47574.0,3.100558659217877
528.3994716,,359.53796823280953,21706.0,2.2698412698412698
528.5994714,13.310838445807772,75.13239911033016,18582.0,1.90625
528.7994712,,451.93790009689036,41254.0,3.0382513661202184
528.999471,,377.11556389125593,17318.0,1.375
529.1994708,,404.9607517402362,39162.0,3.2705882352941176
529.3994706,3.7106540690087173,4.436931624019261,38314.0,3.3095238095238093
529.5994704,,409.70337385151106,16984.0,1.4552845528455285
529.7994702,,9.35900419526718,15767.0,1.4745762711864407
529.99947,,7.998944968164749,15763.0,1.4705882352941178
530.1994698,2.7387909319899246,0.4968917087824956,15880.0,1.4705882352941178
530.3994696,,3.323443786036315,15704.0,1.4830508474576272
530.5994694,2.738933248163526,0.7563767033111487,15655.0,1.4830508474576272
530.7994692,3.654424148205726,5.681773616628955,15438.0,1.4830508474576272
530.999469,2.769286040890979,2.103165295855257,15309.0,1.4745762711864407
531.1994688,17.53396423594984,22.624378897742343,17224.0,1.408
531.3994686,,384.94129979301687,38398.0,3.3392857142857144
531.5994684,,429.898917069299,16251.0,1.5423728813559323
531.7994682,16.861388565475824,129.88329952120355,16319.0,1.694915254237288
531.999468,10.6685095871074,41.8466575214115,17002.0,1.4715447154471544
532.1994678,,485.67337511715306,38846.0,3.2514619883040936
532.3994676,,459.5987552409277,16096.0,1.3571428571428572
532.5994674,8.898907587835843,15.714110779562168,16935.0,1.3333333333333333
532.7994672,9.525029899196992,8.452203974998692,17559.0,1.3565891472868217
532.999467,8.899570354457573,17.15813634982195,16758.0,1.4112903225806452
533.1994668,,476.64586153033173,38288.0,3.3392857142857144
533.3994666,4.303194270179841,4.781523567013257,38256.0,3.3095238095238093
533.5994664,2.7004026209836582,4.083161938491846,38001.0,3.3353293413173652
533.7994662,2.5378146830104127,1.7732492096151624,37935.0,3.3293413173652695
533.999466,3.228421492350269,3.576528850639093,38302.0,3.3353293413173652
534.1994658,3.1664030787073645,2.8298703546575075,37938.0,3.3592814371257487
534.3994656,,487.9846267542513,15282.0,1.5126050420168067
534.5994654,2.5611963793781976,0.7465793751793032,15246.0,1.504201680672269
534.7994652,,493.2547210935276,37653.0,3.3493975903614457
534.999465,2.273687843470412,0.9923972492602108,37667.0,3.3493975903614457
535.1994648,,492.93225197242265,15218.0,1.5210084033613445
535.3994646,,5.588513930382072,15190.0,1.5
535.5994644,,493.8053509938444,37522.0,3.3855421686746987
535.7994642,,495.88663737202353,14990.0,1.5126050420168067
535.999464,,497.1789315064544,37530.0,3.3795180722891565
536.1994638,2.273840395669028,0.26290806285208024,37405.0,3.3493975903614457
536.3994636,2.2753166248062846,0.33521843615143876,37426.0,3.3493975903614457
536.5994634,2.3291257472245945,0.7324269651988888,37472.0,3.3855421686746987
536.7994632,2.382229428024665,0.7690831339753952,37624.0,3.355421686746988
536.999463,,496.7254920361439,15057.0,1.5210084033613445
537.1994628,,3.173538522393462,15170.0,1.5
537.3994626,,3.297703059957496,14953.0,1.504201680672269
537.5994624,,485.9772364695418,38142.0,3.3293413173652695
537.7994622,,488.44958236777757,16712.0,1.4146341463414633
537.999462,5.008374083129584,4.938982151366396,16360.0,1.4344262295081966
538.1994618,4.506716853786748,6.913036910736894,15409.0,1.4416666666666667
538.3994616,,482.7546899517599,38236.0,3.3392857142857144
538.5994614,,482.7732654090935,15333.0,1.4132231404958677
538.7994612,,3.670879734322497,15903.0,1.4262295081967213
538.999461,,12.12841964298703,16826.0,1.4065040650406504
539.1994608,,12.40066699146386,16560.0,1.4715447154471544
539.3994606,,481.45268026526395,38370.0,3.3392857142857144
539.5994604,2.5398704373390224,1.3258909003535295,38437.0,3.289940828402367
539.7994602,2.3192282622865337,0.3851446065913574,38355.0,3.289940828402367
539.99946,,483.6844733449447,15778.0,1.5245901639344261
540.1994598,,484.78773178954276,38252.0,3.3452380952380953
540.3994596,,484.47668195495754,15554.0,1.5289256198347108
540.5994594,,2.566979647098763,15409.0,1.5416666666666667
540.7994592,,484.69346127177545,38373.0,3.3392857142857144
540.999459,,483.41174794462677,15746.0,1.5206611570247934
541.1994588,2.8814292071968977,3.926474356658766,15729.0,1.5289256198347108
541.3994586,2.608106380258279,1.090814724073497,15642.0,1.5206611570247934
541.5994584,,478.80382066017745,38496.0,3.3452380952380953
541.7994582,10.864859457837351,48.43240028581207,39988.0,3.175141242937853
541.999458,7.021225557897798,53.28810819837346,41271.0,3.1340782122905027
542.1994578,,540.1122830037734,21427.0,1.2602739726027397
542.3994576,16.223000097914422,68.59267942485147,20426.0,1.6194029850746268
542.5994574,,38.94186798861887,22042.0,1.6691176470588236
542.7994572,,10.750004748199492,23203.0,1.7727272727272727
542.999457,7.859421779346709,22.14030951479269,22379.0,1.858267716535433
543.1994568,5.78133692238672,19.612975575746535,22290.0,1.928
543.3994566,19.624723247232474,99.68026502866817,24390.0,1.9402985074626866
543.5994564,14.214470689790474,87.87985973331915,25486.0,2.037878787878788
543.7994562,,316.75991678179054,47415.0,3.100558659217877
543.999456,,329.7642238624459,24460.0,2.068702290076336
544.1994558,,332.60172088241256,47653.0,3.1235955056179776
544.3994556,2.6758668750263968,6.166744265613999,47354.0,3.153409090909091
544.5994554,,329.709018603815,24291.0,2.1328125
544.7994552,,330.7258241419334,47227.0,3.159090909090909
544.999455,,328.90038668605246,24137.0,2.1328125
545.1994548,,3.5375831628014223,24435.0,2.1484375
545.3994546,,2.8285959013495034,24079.0,2.15748031496063
545.5994544,2.437484423028994,0.45434565206626143,24074.0,2.1653543307086616
545.7994542,2.620775657812695,1.0208565920286947,24057.0,2.1496062992125986
545.999454,,14.77634917975883,25410.0,2.007575757575758
546.1994538,,39.458814139062426,27148.0,2.1496062992125986
546.3994536,,1260.6454644904466,5952.0,6.451612903225806
546.5994534,,1395.9366721451797,21645.0,1.669291338582677
546.7994532,,385.0454598260372,44292.0,3.1875
546.999453,2.9220247172087306,8.307402358342323,43937.0,3.217142857142857
547.1994528,,397.64869380553216,20814.0,1.811023622047244
547.3994526,2.79703589644885,4.209936119228676,20782.0,1.8031496062992125
547.5994524,2.514498677566723,1.3407999004837123,20795.0,1.811023622047244
547.7994522,,4.44572647212042,21050.0,1.8046875
547.999452,,2.7596666624398907,20881.0,1.811023622047244
548.1994518,2.5684990853952057,0.7958464586753174,20774.0,1.8253968253968254
548.3994516,2.625675414897723,2.038265548946951,20728.0,1.811023622047244
548.5994514,19.054012038107388,37.57315308358309,25087.0,1.8059701492537314
548.7994512,9.318118609406953,55.893659842651054,24450.0,1.9615384615384615
548.999451,3.7092428791690337,11.010049814911566,24646.0,1.9692307692307693
549.1994508,2.4507374151870964,0.7630310669637106,24613.0,1.9692307692307693
549.3994506,2.3806734992679357,1.0112144261379832,24588.0,1.976923076923077
549.5994504,,2.8782876137001443,24789.0,1.9618320610687023
549.7994502,2.407595344529016,1.6038749197135693,24831.0,1.9618320610687023
549.99945,,2.424238476434766,24543.0,1.9692307692307693
550.1994498,,20.339256580117087,27546.0,1.9154929577464788
550.3994496,11.391640005564057,81.73631816890493,28756.0,2.05
550.5994494,,105.54146820831544,27505.0,2.0
550.7994492,,314.3795067407359,47021.0,2.5416666666666665
550.999449,,179.57801324293467,19785.0,1.5378787878787878
551.1994488,,221.2733767157906,41056.0,3.0382513661202184
551.3994486,,233.7226000335505,19510.0,1.5357142857142858
551.5994484,,244.1674809670988,40805.0,3.1954022988505746
551.7994482,5.8843626147594446,27.907750161183213,39866.0,3.3293413173652695
551.9994479999999,8.361105842185129,25.202898096081274,42176.0,3.1235955056179776
552.1994477999999,12.031338246435705,63.28597674037067,43557.0,3.0382513661202184
552.3994475999999,8.561426097766727,33.95747703714962,45046.0,3.088888888888889
552.5994473999999,,212.73766864030702,23470.0,2.0229007633587788
552.7994471999999,,225.96758458348066,43313.0,2.8372093023255816
552.9994469999999,,228.21506085453868,22498.0,2.1774193548387095
553.1994467999999,,7.466918870955875,21867.0,2.1048387096774195
553.3994465999999,,16.400300887240064,22860.0,2.1338582677165356
553.5994463999999,,229.56871828927999,44125.0,3.2705882352941176
553.7994461999999,,217.0934385914859,22079.0,2.203252032520325
553.9994459999999,,226.05556106496672,43362.0,2.8823529411764706
554.1994457999999,2.212597349364667,17.89397364432392,43914.0,3.264705882352941
554.3994455999999,2.1780518442388948,1.3154542842016383,43785.0,3.289940828402367
554.5994453999999,,220.90557750467696,21722.0,2.256198347107438
554.7994451999999,,221.71964222070633,43804.0,3.289940828402367
554.9994449999999,,222.98841490144906,22011.0,2.1147540983606556
555.1994447999999,,222.73263795352753,43835.0,3.289940828402367
555.3994445999999,,221.51563955522576,21639.0,2.2479338842975207
555.5994443999999,2.2149562965360956,1.1468258645535816,21623.0,2.239669421487603
555.7994441999999,,4.470031053194593,21938.0,2.2479338842975207
555.9994439999999,,219.07958087519867,43728.0,3.3095238095238093
556.1994437999999,,223.903937927149,21708.0,2.275
556.3994435999999,,3.640118232365468,21817.0,2.1404958677685952
556.5994433999999,,4.398944483233048,21621.0,2.272727272727273
556.7994431999999,2.197880022218108,0.738946641210268,21604.0,2.2666666666666666
556.9994429999999,,3.333253862945183,21868.0,2.256198347107438
557.1994427999999,,3.8096688272139723,21608.0,2.2416666666666667
557.3994425999999,,3.1390086751316644,21827.0,2.1404958677685952
557.5994423999999,2.4115629145131043,1.9307901047155689,21863.0,2.239669421487603
557.7994421999999,,219.4831150714627,43355.0,3.2976190476190474
557.9994419999999,,222.1834561182055,21444.0,2.1416666666666666
558.1994417999999,,3.3654933263511304,21721.0,2.231404958677686
558.3994415999999,2.199577322429477,2.5331369798374945,21766.0,2.12396694214876
558.5994413999999,2.444136785269279,1.110612618889656,21669.0,2.1074380165289255
558.7994411999999,,2.7520132905088825,21469.0,2.2416666666666667
558.9994409999999,,4.542181048150101,21636.0,2.256198347107438
559.1994407999999,,226.67949255451785,42954.0,2.9107142857142856
559.3994405999999,,231.01605956027396,21463.0,2.191666666666667
559.5994403999999,11.469932998324959,25.207846215948305,23880.0,2.0
559.7994401999999,,110.80407873401607,24545.0,1.7697841726618706
559.9994399999999,,13.994984021657169,24259.0,1.9097744360902256
560.1994397999999,21.784778792924975,227.16743839021453,22219.0,1.816793893129771
560.3994395999999,7.578462887200468,77.00910367916599,20532.0,1.856
560.5994393999999,,65.59476129203406,20387.0,1.606060606060606
560.7994391999999,8.630936775234446,13.018326662890582,19834.0,1.4285714285714286
560.9994389999999,10.370972407011049,43.55378763550686,17287.0,1.432
561.1994387999999,4.582425519109239,12.834051171730142,16615.0,1.4308943089430894
561.3994385999999,,12.735162155788483,16162.0,1.4227642276422765
561.5994383999999,,5.1897828457736574,16028.0,1.4227642276422765
561.7994381999999,,2.7205915960004012,16076.0,1.4262295081967213
561.9994379999999,,435.3018553008537,39114.0,3.2325581395348837
562.1994377999999,,468.43649117958387,16157.0,1.4
562.3994375999999,5.2011322228006245,5.850406223556072,15368.0,1.401639344262295
562.5994373999999,,3.7650325638148825,15322.0,1.45
562.7994371999999,5.3524179733825274,2.00474229171148,15178.0,1.45
562.999437,,118.59104330932867,18387.0,1.2846715328467153
563.1994368,,43.31347826195687,20987.0,1.5970149253731343
563.3994366,14.219120458891013,86.7458843385489,20920.0,1.7578125
563.5994364,3.3036833855799372,7.592071431148296,20416.0,1.7716535433070866
563.7994362,4.651481861237245,6.6338938788925175,20481.0,1.811023622047244
563.999436,,421.85459587715684,43870.0,3.177142857142857
564.1994358,,481.0092458915999,20574.0,1.7619047619047619
564.3994356,5.2580417108518915,21.18850016654197,19803.0,1.8032786885245902
564.5994354,,449.8956955445428,43700.0,3.3058823529411763
564.7994352,2.5253827558420627,2.8394872575272894,43435.0,3.2705882352941176
564.999435,,446.2169837688662,19522.0,1.8264462809917354
565.1994348,,440.62155224151985,43676.0,3.3058823529411763
565.3994346,7.465465049104564,9.57843984382778,43275.0,3.3058823529411763
565.5994344,5.047051715804737,14.900351614292758,41380.0,3.177142857142857
565.7994342,,515.5515097934593,18084.0,1.5396825396825398
565.999434,,9.176859817726001,18229.0,1.6048387096774193
566.1994338,5.824432729773092,10.210870683424467,17452.0,1.5772357723577235
566.3994336,,7.013769406105943,17169.0,1.56
566.5994334,,34.34811939231447,17723.0,1.7073170731707317
566.7994332,3.481931177350673,10.824649716664666,17378.0,1.7154471544715446
566.999433,11.884029019030596,16.191583835123875,19022.0,1.6640625
567.1994328,26.711734592642564,97.74335794241689,25199.0,1.6853146853146854
567.3994326,8.638158649982781,18.338097398044688,26133.0,1.927007299270073
567.5994324,5.329009908966406,54.23707624796706,24826.0,1.9699248120300752
567.7994322,4.277960111083059,27.41235881104148,23766.0,1.9765625
567.999432,,372.79309558074414,45819.0,3.2325581395348837
568.1994318,,314.22127468124063,23627.0,2.138211382113821
568.3994316,2.900984682713348,8.960586560162918,23764.0,2.089430894308943
568.5994314,,331.85866002907335,46651.0,3.2705882352941176
568.7994312,2.1575983383653456,1.1165325388176048,46701.0,3.264705882352941
568.999431,,327.54929937572507,23328.0,2.1147540983606556
569.1994308,2.2382303624403455,1.166680406805084,23259.0,2.1147540983606556
569.3994306,2.597191807290996,1.948618178936465,23289.0,2.1311475409836067
569.5994304,7.174611376652456,41.121582735141786,23223.0,2.0234375
569.7994302,17.3877451846616,159.3400204412199,22636.0,1.9448818897637796
569.99943,,290.53593008503753,44305.0,3.2325581395348837
570.1994298,5.715302574155756,43.431152609214735,42849.0,3.3095238095238093
570.3994296,,234.5407563333324,21614.0,2.007751937984496
570.5994294,7.675853749072012,19.77711508078796,21552.0,1.7404580152671756
570.7994292,5.703270583761172,24.475788986847355,21036.0,1.7890625
570.999429,,6.671727114339012,21160.0,1.8046875
571.1994288,4.282602252519265,13.713405613727558,20244.0,1.8629032258064515
571.3994286,,6.3008741821357175,19980.0,1.8688524590163935
571.5994284,,5.726331498445698,20163.0,1.853658536585366
571.7994282,,3.7466523560014906,19912.0,1.819672131147541
571.999428,,4.297456075445475,20187.0,1.8770491803278688
572.1994278,,3.2547427452888864,20034.0,1.819672131147541
572.3994276,2.458831808585503,2.3974729671599855,19894.0,1.834710743801653
572.5994274,2.6505408957638257,2.575635871122754,19782.0,1.834710743801653
572.7994272,,3.720252044088575,20071.0,1.8934426229508197
572.999427,,2.6383782981916717,19845.0,2.0330578512396693
573.1994268,,4.420231168916404,20171.0,2.040983606557377
573.3994266,,251.61083121379968,41612.0,3.3095238095238093
573.5994264,,256.14814817241336,19905.0,1.85
573.7994262,,5.705223572821113,20145.0,2.041322314049587
573.999426,2.9382796453083513,5.583008509136028,19961.0,1.884297520661157
574.1994258,2.410904721373855,0.19372120856897795,19973.0,1.8760330578512396
574.3994256,,25.07685728358832,21436.0,1.734375
574.5994254,6.625448998671456,16.624667265912233,20323.0,1.8455284552845528
574.7994252,3.969933976637887,8.887172697191534,19690.0,2.0330578512396693
574.999425,,4.317139994993348,19879.0,2.0082644628099175
575.1994248,2.36540293389217,63.2315086663356,20996.0,3.074380165289256
575.3994246,2.381371710360791,62.74168554326696,19873.0,2.0
575.5994244,2.336838911922338,1.9260423011187684,19778.0,1.875
575.7994242,2.5459367304413716,70.58340398306342,21116.0,3.1083333333333334
575.999424,2.2871779418411933,66.36159455043655,19911.0,2.0833333333333335
576.1994238,,5.832849663624914,19520.0,2.0168067226890756
576.3994236,2.246284391874518,2.2664823721586824,19445.0,1.8416666666666666
576.5994234,,251.4404307707468,41172.0,3.3293413173652695
576.7994232,,202.20488769813787,20953.0,3.1083333333333334
576.999423,2.3170608449565395,63.72321094118416,19788.0,2.0083333333333333
577.1994228,2.3213398874980995,0.38038924878444297,19733.0,2.0166666666666666
577.3994226,2.3859737894044426,0.8005177501924087,19763.0,2.05
577.5994224,2.711846372111877,1.2717908640177729,19736.0,1.8583333333333334
577.7994222,5.03557587200636,8.628273589512517,20126.0,2.024793388429752
577.999422,2.587503730972043,0.4086854990705318,20102.0,2.0826446280991737
578.1994218,,4.926255193483679,19760.0,1.8583333333333334
578.3994216,,4.309787945619337,20065.0,1.9834710743801653
578.5994214,2.3113589756414745,1.1867309696471393,19993.0,1.8512396694214877
578.7994212,,28.011931367062918,21781.0,1.8846153846153846
578.999421,5.412288056642445,20.8449977552079,21468.0,1.7251908396946565
579.1994208,,13.04695823936275,20931.0,1.7265625
579.3994206,2.5914552095347942,3.9049918754508868,20808.0,1.9291338582677164
579.5994204,,4.253626194119081,20479.0,1.7857142857142858
579.7994202,9.254285043437427,19.181065608165344,21295.0,1.8604651162790697
579.99942,13.139022875973065,87.49617346568695,20939.0,1.7318840579710144
580.1994198,,157.10146027562757,20935.0,2.4074074074074074
580.3994196,8.94344473007712,16.732207691108876,20617.0,2.4586466165413534
580.5994194,,14.19464138744664,19452.0,2.523076923076923
580.7994192,3.3784381915902624,4.967197115767943,18978.0,2.5625
580.999419,,10.215521203259108,19370.0,2.5426356589147288
581.1994188,2.4482794686748246,2.6186652244639985,19122.0,2.5426356589147288
581.3994186,2.37234221598878,64.59818603597704,17825.0,1.5703125
581.5994184,,60.97409098325371,18590.0,2.574803149606299
581.7994182,2.337292416832375,0.6887402589081116,18607.0,2.574803149606299
581.999418,,8.52673423192079,18970.0,2.5546875
582.1994178,,8.089779406461872,18470.0,2.5826771653543306
582.3994176,,7.006084338990245,18867.0,2.5625
582.5994174,2.3476215644820297,2.777445254124288,18920.0,2.5625
582.7994172,,6.208548952193755,18548.0,2.574803149606299
582.999417,,9.278816182704011,18827.0,2.5546875
583.1994168,2.739856801909308,1.6742337005603583,18855.0,2.574803149606299
583.3994166,13.567239737356523,21.836081182267655,19951.0,2.443609022556391
583.5994164,6.440910016286645,15.253428298320637,19648.0,2.4545454545454546
583.7994162,,76.98311510181443,18153.0,1.5303030303030303
583.999416,,66.04966546619022,18898.0,2.5546875
584.1994158,3.560262690423642,4.004180791620589,18577.0,2.5625
584.3994156,,5.76628141775332,18241.0,2.574803149606299
584.5994154,,6.916066953514075,18514.0,2.5546875
584.7994152,,7.235673941339028,18217.0,2.5826771653543306
584.999415,,31.796052209263316,21681.0,2.297872340425532
585.1994148,6.612885517516718,18.619149266817875,20038.0,2.425373134328358
585.3994146,,40.616694701504635,20314.0,2.4776119402985075
585.5994144,13.419833550586583,46.15678371054709,19946.0,1.583941605839416
585.7994142,13.451995258790992,24.543830666857872,20248.0,1.651851851851852
585.999414,,193.62720134721863,43979.0,2.8958333333333335
586.1994138,,227.59015820779055,23693.0,1.696551724137931
586.3994136,,209.12781638166314,46654.0,2.957894736842105
586.5994134,4.984057221647707,26.6375430183927,46416.0,2.5654450261780104
586.7994132,,206.4751025583175,24770.0,1.7692307692307692
586.999413,,212.14096231264315,46006.0,2.629032258064516
587.1994128,3.1247321505099857,22.063078175456358,46668.0,3.0434782608695654
587.3994126,2.5592035031916516,16.03122461540416,45901.0,2.6868131868131866
587.5994124,2.4437995743857615,20.533008701874817,46521.0,3.0994475138121547
587.7994122,2.3210129752369437,4.695161399285206,46319.0,3.0718232044198897
587.999412,,201.6935425706053,24860.0,1.962686567164179
588.1994118,,205.42325737999013,45755.0,2.701657458563536
588.3994116,2.1522666141835596,0.499368260633854,45729.0,2.701657458563536
588.5994114,,204.4964415149053,24732.0,1.9776119402985075
588.7994112,,200.31776635741016,46116.0,3.088888888888889
588.999411,3.590781094311831,5.77267065660628,46166.0,3.0549450549450547
589.1994108,,238.74623834127985,23854.0,1.9541984732824427
589.3994106,,93.850651495382,23625.0,1.878787878787879
589.5994104,,225.71393853703074,45751.0,3.159090909090909
589.7994102,9.497129319360553,72.33341491236234,46853.0,3.0718232044198897
589.99941,4.928984526745379,19.797271334521227,45821.0,3.0718232044198897
590.1994098,5.284030495667714,15.948547394211525,44203.0,3.182857142857143
590.3994096,,434.0684983150929,20267.0,1.937007874015748
590.5994094,12.751586986708986,43.61495184772368,20164.0,1.7591240875912408
590.7994092,12.607771215418092,49.886841985381,16085.0,1.8032786885245902
590.999409,,8.729132218364056,17088.0,1.7380952380952381
591.1994088,,72.18201353875608,17226.0,1.7857142857142858
591.3994086,16.363248960312163,8.299296453329525,19477.0,1.8688524590163935
591.5994084,9.282254028625763,23.03124707973334,19982.0,1.814516129032258
591.7994082,,426.9464504101973,43491.0,3.2865497076023393
591.999408,,323.79055733634846,21557.0,1.779527559055118
592.1994078,,37.1977739945732,21796.0,1.8709677419354838
592.3994076,,320.34680467072945,44620.0,3.3293413173652695
592.5994074,3.3569229365749083,6.514376468411808,43847.0,3.289940828402367
592.7994072,,325.8871454759052,21421.0,1.9916666666666667
592.999407,,9.048666855394053,22092.0,1.9758064516129032
593.1994068,,2.8449844645499547,21527.0,2.0327868852459017
593.3994066,2.926904235904332,16.997320046228392,20822.0,1.95
593.5994064,,342.70456348768477,43673.0,3.289940828402367
593.7994062,,340.168600354295,20583.0,1.9579831932773109
593.999406,,350.522191496574,43453.0,3.3293413173652695
594.1994058,2.6284327323162273,1.6845191933063353,43260.0,3.3233532934131738
594.3994056,,335.1892656151009,20709.0,1.9916666666666667
594.5994054,5.536531085752166,23.543400094100832,21119.0,1.9666666666666666
594.7994052,3.3410529344073647,7.897113812225445,20856.0,2.0252100840336134
594.999405,,4.493617774704444,21098.0,2.025
595.1994048,,322.3386658953273,43374.0,3.3293413173652695
595.3994046,,319.74344592192534,21054.0,2.025
595.5994044,,2.806370165488839,20824.0,2.033613445378151
595.7994042,,321.4026954810777,43252.0,3.3493975903614457
595.999404,,322.3072126421535,20765.0,2.033613445378151
596.1994037999999,2.6092070378404433,1.2942212968051823,20745.0,2.0
596.3994035999999,,3.5353079916158454,20951.0,2.025
596.5994033999999,,22.436954982932825,21486.0,2.042016806722689
596.7994031999999,6.458230096769669,44.314707485161456,21391.0,1.975206611570248
596.9994029999999,23.182441052780796,180.50104673223652,21163.0,1.6766917293233083
597.1994027999999,,279.5971503498661,42436.0,3.111731843575419
597.3994025999999,,183.5688705738659,20596.0,2.6538461538461537
597.5994023999999,,90.76277132714615,17627.0,1.7419354838709677
597.7994021999999,,80.12627267453264,19032.0,2.813008130081301
597.9994019999999,5.458960176991151,14.244573412152643,18080.0,2.84297520661157
598.1994017999999,6.1319713180059185,13.580387326763184,17572.0,2.8907563025210083
598.3994015999999,,4.615087289341684,17009.0,2.9316239316239314
598.5994013999999,,8.846271558057099,17363.0,2.9401709401709404
598.7994011999999,,195.7956327354463,37040.0,3.4478527607361964
598.9994009999999,,193.9963333066361,17343.0,2.9316239316239314
599.1994007999999,,187.14558704768191,37881.0,3.2485549132947975
599.3994005999999,7.538982277325625,19.307707215813615,39441.0,3.1222222222222222
599.5994003999999,,184.73253020721396,18246.0,2.550387596899225
599.7994001999999,6.088482834994463,7.202620984118962,18060.0,2.611111111111111
599.9993999999999,,8.36523560683705,17036.0,2.653225806451613
600.1993997999999,,205.0906578594309,36990.0,3.2865497076023393
600.3993995999999,,203.36683766607547,17250.0,2.682926829268293
600.5993993999999,,205.66582440675754,36790.0,3.257309941520468
600.7993991999999,,198.08886766665444,17291.0,2.661290322580645
600.9993989999999,2.421374927787406,0.5286139848269228,17310.0,2.682926829268293
601.1993987999999,,10.910036904886406,16978.0,2.682926829268293
601.3993985999999,,10.795828709252815,17344.0,2.6451612903225805
601.5993983999999,,18.20104918756925,16906.0,2.6991869918699187
601.7993981999999,,207.46848040224242,36895.0,3.2705882352941176
601.9993979999999,,194.63238561293045,16808.0,2.6910569105691056
602.1993977999999,,199.66732471255597,36343.0,3.3254437869822486
602.3993975999999,,204.61972344381385,16483.0,2.7355371900826446
602.5993973999999,,204.185417237802,36365.0,3.3254437869822486
602.7993971999999,,197.79845422515166,16656.0,2.6910569105691056
602.9993969999999,2.4687649880095925,0.6442655097969455,16680.0,2.7131147540983607
603.1993967999999,,9.254194512486633,16447.0,2.7666666666666666
603.3993965999999,,202.96255385183397,36365.0,3.3452380952380953
603.5993963999999,,202.95931544905054,16097.0,2.7355371900826446
603.7993961999999,,206.03834730672887,35947.0,3.289940828402367
603.9993959999999,,199.5682353954388,16388.0,2.7355371900826446
604.1993957999999,2.514156423897756,0.9666300779182202,16353.0,2.7355371900826446
604.3993955999999,,199.73194218396554,35983.0,3.3452380952380953
604.5993953999999,,233.29343061724575,18255.0,2.6692913385826773
604.7993951999999,3.870328297171419,13.22461307409877,17606.0,2.6746031746031744
604.9993949999999,3.244453160017929,3.3676543844802445,17848.0,2.696
605.1993947999999,,209.94512905301522,37437.0,3.2674418604651163
605.3993945999999,,198.4745438445266,17669.0,2.6666666666666665
605.5993943999999,2.8573922838637005,4.0581657014462715,17755.0,2.688
605.7993941999999,2.4693692673536405,2.021175933799157,17662.0,2.688
605.9993939999999,2.7237730751913554,2.8119276864553044,17768.0,2.688
606.1993937999999,2.84038549270073,1.6060204805541187,17536.0,2.688
606.3993935999999,2.406712172923777,2.3042662571633765,17580.0,2.68
606.5993933999999,,8.073248475952596,17225.0,2.7016129032258065
606.7993931999999,2.5509990097279664,0.9832920254258433,17167.0,2.7016129032258065
606.9993929999999,,205.75620207656232,37038.0,3.2865497076023393
607.1993927999999,,200.8719454894363,17547.0,2.7096774193548385
607.3993925999999,,199.76822576497284,36956.0,3.2865497076023393
607.5993923999999,3.1200108902804247,1.790600338467536,36730.0,3.2705882352941176
607.7993921999999,,198.25722914366904,16845.0,2.7154471544715446
607.999392,,8.401578984483926,16553.0,2.737704918032787
608.1993918,,205.76124387063345,36612.0,3.2705882352941176
608.3993916,,204.7341333840926,16500.0,2.737704918032787
608.5993914,2.439902824172487,0.5520966371315574,16465.0,2.737704918032787
608.7993912,,9.397481631295292,16962.0,2.7154471544715446
608.999391,2.6523122238586154,1.6799553380468606,16975.0,2.7154471544715446
609.1993908,2.7944086790653313,1.592463375225105,16776.0,2.7154471544715446
609.3993906,,8.931987685366176,16533.0,2.737704918032787
609.5993904,,10.448581249417783,16869.0,2.7154471544715446
609.7993902,,8.592927668239573,16483.0,2.737704918032787
609.99939,,5.633761284878697,16730.0,2.7154471544715446
610.1993898,,4.909430634264769,16453.0,2.737704918032787
610.3993896,2.551118885336872,0.976502533959291,16579.0,2.737704918032787
610.5993894,,8.847792373658923,16618.0,2.7154471544715446
610.7993892,2.348253604391627,2.0782153442712263,16577.0,2.7154471544715446
610.999389,2.3749773564398287,0.9298684004313531,16561.0,2.7154471544715446
611.1993888,,200.8037672207638,36168.0,3.289940828402367
611.3993886,,200.33761184285962,16649.0,2.737704918032787
611.5993884,,200.62568167424422,36118.0,3.3254437869822486
611.7993882,,207.5000734576098,16401.0,2.737704918032787
611.999388,,28.180718722795074,18325.0,2.627906976744186
612.1993878,11.620204250621033,38.17592605528969,18115.0,2.62992125984252
612.3993876,7.7128389782828854,13.759802511987674,17774.0,2.725806451612903
612.5993874,,9.951886048830852,17632.0,2.772357723577236
612.7993872,,206.0140039211772,37533.0,3.2705882352941176
612.999387,5.698418129655463,13.820999090312558,37993.0,3.3058823529411763
613.1993868,,188.32179636198387,17641.0,2.860655737704918
613.3993866,7.862836228431999,16.949628648798576,17213.0,2.772357723577236
613.5993864,,203.94550533848218,36429.0,3.3
613.7993862,,263.9715419439127,16761.0,1.5182481751824817
613.999386,,59.34856442398813,19210.0,1.01875
614.1993858,,306.1820317766554,37730.0,3.2114285714285713
614.3993856,5.194027397260274,15.587152555486798,36500.0,3.23121387283237
614.5993854,7.556410944206009,11.306867509984926,37280.0,3.2325581395348837
614.7993852,2.9872335762423976,8.546556270584157,36502.0,3.2865497076023393
614.999385,2.2961353321413838,2.380158747943021,36355.0,3.3058823529411763
615.1993848,2.306003373613915,1.3029286771689979,36163.0,3.3058823529411763
615.3993846,,209.813022260481,16157.0,2.7398373983739837
615.5993844,2.7943515561400214,1.495286321647567,15969.0,2.762295081967213
615.7993842,,210.84917631521873,36018.0,3.3058823529411763
615.999384,,209.28777710541394,15915.0,2.7540983606557377
616.1993838,2.3645833333333335,85.80280117615534,14496.0,1.3852459016393444
616.3993836,,258.8581303547364,36029.0,3.3058823529411763
616.5993834,2.4114600642516892,1.360266949002423,36108.0,3.2705882352941176
616.7993832,2.2665706849770197,0.2624279662127309,36118.0,3.3058823529411763
616.999383,,201.14740391575103,16130.0,2.7235772357723578
617.1993828,2.474922982131855,0.7158515839863395,16230.0,2.7235772357723578
617.3993826,,203.11026822452487,35826.0,3.3
617.5993824,2.333249832999332,1.1863778344265468,35928.0,3.3058823529411763
617.7993822,2.357040853470725,1.9348438592967476,35713.0,3.3254437869822486
617.999382,,210.34103863063308,15734.0,2.7459016393442623
618.1993818,,6.085626257970532,16063.0,2.7235772357723578
618.3993816,,205.38539805445436,35743.0,3.3058823529411763
618.5993814,,205.24109166372716,16296.0,2.7459016393442623
618.7993812,6.099958424897547,10.468208376438229,16837.0,2.731707317073171
618.999381,,211.88511522142164,35820.0,3.331360946745562
619.1993808,3.351107762709973,1.8988207282593452,35838.0,3.3195266272189348
619.3993806,,254.379066357031,15294.0,1.685483870967742
619.5993804,23.20287121450278,16.071720527187896,19086.0,1.717557251908397
619.7993802,,211.2082342086496,42515.0,3.1235955056179776
619.99938,11.801243630323029,76.05492440370656,44547.0,3.169491525423729
620.1993798,,285.6920247800009,23564.0,1.9699248120300752
620.3993796,10.22639933166249,65.8532484642447,23940.0,1.9615384615384615
620.5993794,5.011694430422345,20.162518920312074,23772.0,2.0625
620.7993792,,108.51465507770621,24950.0,2.1338582677165356
620.999379,,52.7601518682906,24990.0,2.129032258064516
621.1993788,5.996525648886164,13.113993738237108,24465.0,2.2479338842975207
621.3993786,,9.102156300929229,25062.0,2.185483870967742
621.5993784,,13.665770593259879,23967.0,2.2295081967213113
621.7993782,4.636739417989418,6.054631543683354,24192.0,2.2333333333333334
621.999378,15.230852994555354,59.869308869085586,27550.0,2.007518796992481
622.1993778,,305.3419066581678,51263.0,2.6226415094339623
622.3993776,,336.6129694739986,26696.0,1.4024390243902438
622.5993774,4.192024255695456,16.910591946103875,23747.0,1.25
622.7993772,3.5560593220338985,9.809834054105398,23600.0,1.3658536585365855
622.999377,,36.42614101982002,23226.0,1.206060606060606
623.1993768,,26.134924926110894,22827.0,1.1829268292682926
623.3993766,30.14072318575173,154.18000401343858,27849.0,1.548780487804878
623.5993764,,1050.390317848956,5766.0,7.0
623.7993762,,1127.6403735849144,24171.0,2.0625
623.999376,,204.5366932474416,23035.0,1.9922480620155039
624.1993758,,353.99564796915655,41910.0,3.3095238095238093
624.3993756,5.81296598034859,36.72311204858413,40506.0,3.3452380952380953
624.5993754,,426.78940093830136,16477.0,1.735042735042735
624.7993752,5.453542185831257,3.5467377856088085,16854.0,1.7521367521367521
624.999375,,12.682941479879307,16007.0,1.7719298245614035
625.1993748,,430.20392315987124,39404.0,3.4691358024691357
625.3993746,,429.5231069824862,16310.0,1.7826086956521738
625.5993744,2.6560743094597896,1.5207759906244596,16364.0,1.791304347826087
625.7993742,2.749044036018256,1.5225770987464726,16214.0,1.7826086956521738
625.999374,,2.5546906270332097,16032.0,1.823008849557522
626.1993738,,44.4863523893007,18138.0,1.9682539682539681
626.3993736,18.822799161045292,119.60616261411694,17641.0,1.288888888888889
626.5993734,10.522740315638451,48.47579390123894,13940.0,1.4285714285714286
626.7993732,12.58544731045264,16.08759836916972,14073.0,1.4912280701754386
626.999373,,15.721432939592319,14829.0,1.4661016949152543
627.1993728,11.930303597032603,7.090779451660153,16041.0,1.475
627.3993726,10.095445411922304,33.43780414225569,14930.0,1.4416666666666667
627.5993724,,482.4527012371906,38112.0,3.3254437869822486
627.7993722,7.527614138438881,11.04362707947523,38024.0,3.4207317073170733
627.999372,,483.69726919275087,15710.0,1.6581196581196582
628.1993718,,52.65955193705583,16379.0,1.8214285714285714
628.3993716,,442.5151023383455,42117.0,3.2514619883040936
628.5993714,,458.3537479044592,20307.0,1.8083333333333333
628.7993712,10.558199741113214,25.27585523037509,20086.0,1.9075630252100841
628.999371,,399.9067041914578,46030.0,3.3195266272189348
629.1993708,,374.9694988658196,21502.0,2.025
629.3993706,,69.7314347896034,21458.0,2.0338983050847457
629.5993704,4.429215343574648,12.505450038122827,21742.0,2.1440677966101696
629.7993702,,26.10542829366269,21454.0,2.2
629.99937,,8.172762335443227,20975.0,2.2389380530973453
630.1993698,,347.2712302312154,43898.0,3.5125
630.3993696,,345.16688631374944,20822.0,2.267857142857143
630.5993694,2.3670087199498964,1.2004386558006286,20757.0,2.267857142857143
630.7993692,2.280274144505044,0.29793507575648576,20719.0,2.2589285714285716
630.999369,2.3227878670788256,1.516173065697666,20704.0,2.2589285714285716
631.1993688,2.3652228560379,2.0478601381609938,20686.0,2.2882882882882885
631.3993686,,348.5179211990504,43736.0,3.49685534591195
631.5993684,,349.24915824226235,20638.0,2.2972972972972974
631.7993682,2.4566636051626625,3.387423580826132,20687.0,2.315315315315315
631.999368,,2.176969756963889,21096.0,2.2920353982300883
632.1993678,,22.750034170873437,21871.0,2.110169491525424
632.3993676,,88.78160203433534,22277.0,2.115702479338843
632.5993674,,74.80957417759868,24504.0,1.9763779527559056
632.7993672,5.279507248954905,46.86385951125535,22486.0,1.8548387096774193
632.999367,13.210396254227001,79.09524852215387,23066.0,1.697674418604651
633.1993668,,20.54167220204355,22217.0,1.765625
633.3993666,,1138.5340712493553,6105.0,6.516129032258065
633.5993664,,1145.570960707377,19151.0,1.6031746031746033
633.7993662,,9.642646300345477,18940.0,1.7338709677419355
633.999366,,8.693869140219824,18774.0,1.7642276422764227
634.1993658,2.860990162876955,1.7010779953684116,18603.0,1.7540983606557377
634.3993656,2.594747322533771,0.33460314838757765,18581.0,1.7540983606557377
634.5993654,2.6351680467608376,2.8992426286157937,18477.0,1.7622950819672132
634.7993652,2.5229477815327592,1.5801563129011114,18346.0,1.7622950819672132
634.999365,2.384586139474256,0.11749915256966417,18412.0,1.7459016393442623
635.1993648,2.637253293969712,2.9505375585452494,18291.0,1.7540983606557377
635.3993646,2.3792877072049894,0.24412769706606077,18279.0,1.7377049180327868
635.5993644,2.567399487207463,1.7796143073752573,18331.0,1.7540983606557377
635.7993642,,3.802429465434026,18452.0,1.7704918032786885
635.999364,,3.0081623161569206,18240.0,1.7459016393442623
636.1993638,2.4342995434794568,1.57049867829987,18181.0,1.7520661157024793
636.3993636,2.5049799152589007,1.5975156787893718,18173.0,1.7603305785123966
636.5993634,,3.8105477609609153,18293.0,1.7540983606557377
636.7993632,,2.9365097723081104,18165.0,1.7685950413223142
636.999363,,2.0850839543523887,18365.0,1.7459016393442623
637.1993628,2.368504108396365,0.34678991273190396,18377.0,1.7540983606557377
637.3993626,2.3943116060705316,0.8575302774338216,18318.0,1.7540983606557377
637.5993624,2.353368271645376,0.6383155530179161,18318.0,1.7540983606557377
637.7993622,,2.3601562454690894,18104.0,1.7685950413223142
637.999362,2.4055739514348784,0.3354885088886349,18120.0,1.7685950413223142
638.1993618,,1.6172412439921482,18314.0,1.7540983606557377
638.3993616,,10.692121641461096,18560.0,1.7933884297520661
638.5993614,,220.26102497663624,20386.0,2.8702290076335877
638.7993612,15.619470314318976,89.15218476717779,20616.0,2.5182481751824817
638.999361,7.783247068765184,17.56478891753611,18934.0,2.6589147286821704
639.1993608,5.0248403122782115,14.981801151676152,18317.0,2.7142857142857144
639.3993606,,3.97825974060749,17722.0,2.7804878048780486
639.5993604,,17.308293179297493,18496.0,2.728
639.7993602,4.125375214408233,1.8191152478983525,18656.0,2.7580645161290325
639.99936,,2.346246882219449,17896.0,2.772357723577236
640.1993598,,1.6856038917318266,18650.0,2.7661290322580645
640.3993595999999,9.879695270341763,20.03678146003915,18902.0,2.834710743801653
640.5993593999999,,204.02713048380747,40328.0,3.3505747126436782
640.7993591999999,,228.85564619262985,18189.0,2.6904761904761907
640.9993589999999,,19.139240320864513,17645.0,2.7642276422764227
641.1993587999999,7.060632740505958,10.270497098898828,17037.0,2.8264462809917354
641.3993585999999,3.969172525689562,10.31483929925994,16641.0,2.8333333333333335
641.5993583999999,,6.860259727162072,15884.0,2.889830508474576
641.7993581999999,,10.491214853013243,15915.0,2.889830508474576
641.9993579999999,,103.36129235286,14024.0,1.4871794871794872
642.1993577999999,,103.99383908500806,15804.0,2.889830508474576
642.3993575999999,,8.734042339417288,15395.0,2.9145299145299144
642.5993573999999,2.5237957261861643,93.87702865629112,13805.0,1.4741379310344827
642.7993571999999,2.5524329950559457,96.30365939955993,15372.0,2.9310344827586206
642.9993569999999,2.778594929359396,0.7365973270110914,15501.0,2.9310344827586206
643.1993567999999,2.921892108913059,96.16886788660587,13699.0,1.4482758620689655
643.3993565999999,,104.14304402008067,15677.0,2.905982905982906
643.5993563999999,2.5726093591047814,0.9272287884968894,15728.0,2.905982905982906
643.7993561999999,2.6882958199356914,3.583215787874103,15550.0,2.905982905982906
643.9993559999999,,9.825794262616972,15251.0,2.939655172413793
644.1993557999999,,9.077020743028815,15632.0,2.939655172413793
644.3993555999999,2.5221470513147817,4.015963336957735,15668.0,2.9145299145299144
644.5993553999999,,102.97087860104328,13584.0,1.4695652173913043
644.7993551999999,,106.05240068872567,15415.0,2.939655172413793
644.9993549999999,2.4023958266245895,0.1980880965483931,15527.0,2.939655172413793
645.1993547999999,,7.417110242117186,15175.0,2.9565217391304346
645.3993545999999,,6.833372375846209,16180.0,2.8739495798319328
645.5993543999999,4.03182610861983,14.516862256904979,16056.0,2.9310344827586206
645.7993541999999,,6.052604768862432,15433.0,2.982456140350877
645.9993539999999,4.386431976530987,93.26372766630674,13635.0,1.4695652173913043
646.1993537999999,,97.79958617410831,15986.0,2.973913043478261
646.3993535999999,,8.725420255084435,15642.0,2.965217391304348
646.5993533999999,,13.550782263486532,15464.0,2.965217391304348
646.7993531999999,4.242210658059417,0.5194440160607391,15181.0,2.965217391304348
646.9993529999999,,105.51199030286966,13196.0,1.4649122807017543
647.1993527999999,16.49667978357108,75.41620262436358,16264.0,2.923076923076923
647.3993525999999,,21.595116817061115,16026.0,2.982608695652174
647.5993523999999,5.152667922159448,10.052945157524144,15930.0,2.973913043478261
647.7993521999999,2.8582395087001022,2.3942849590690307,15632.0,2.973913043478261
647.9993519999999,,9.064808625940643,15225.0,2.991228070175439
648.1993517999999,,10.523782402216888,15550.0,2.965217391304348
648.3993515999999,2.5196129032258066,1.0008480871278929,15500.0,2.991228070175439
648.5993513999999,2.5101498151631105,2.280032984959549,15419.0,2.991228070175439
648.7993511999999,2.4183074042992705,1.2436237068619078,15491.0,2.991228070175439
648.9993509999999,2.408683310754145,0.33987166240187544,15501.0,2.991228070175439
649.1993507999999,,10.621219363254363,15159.0,3.017699115044248
649.3993505999999,2.6983416688602264,1.2178186205638057,15196.0,3.017699115044248
649.5993503999999,,18.15744187114224,17718.0,2.8181818181818183
649.7993501999999,,13.400316748013868,15894.0,3.0
649.9993499999999,,18.799437610651438,15822.0,3.017699115044248
650.1993497999999,2.6353820598006643,1.8675313369616402,15652.0,3.017699115044248
650.3993495999999,,8.88185311037185,15354.0,3.0357142857142856
650.5993493999999,,9.456782169733529,15819.0,3.017699115044248
650.7993491999999,3.7357682619647354,4.937752766369545,15880.0,3.017699115044248
650.9993489999999,4.649914821124361,5.199239998133,16436.0,2.965217391304348
651.1993487999999,,2.9118966317815853,15870.0,3.0357142857142856
651.3993485999999,,214.00005704703804,37807.0,3.5548780487804876
651.5993483999999,,208.7288956297871,16101.0,3.0088495575221237
651.7993481999999,2.7799479166666665,2.543404783960723,16128.0,3.0088495575221237
651.9993479999999,3.166261606530816,4.725010325684824,16047.0,3.0088495575221237
652.1993477999999,,10.121381250692469,15695.0,3.0357142857142856
652.3993475999999,,7.829206554696031,16038.0,3.0088495575221237
652.5993473999999,2.5765680919193823,2.8379036376073605,15927.0,3.0088495575221237
652.7993471999999,,7.506248921179771,15498.0,3.0357142857142856
652.999347,,8.77152635656396,15915.0,3.0088495575221237
653.1993468,,8.680633956113136,15553.0,3.0267857142857144
653.3993466,,6.563408340801431,16138.0,3.0088495575221237
653.5993464,2.8616655196145904,1.275896035966016,15983.0,3.0088495575221237
653.7993462,,8.7155456076024,15523.0,3.0357142857142856
653.999346,,7.813039278639386,15919.0,3.0088495575221237
654.1993458,6.43209424403345,12.298464452630592,16383.0,2.991228070175439
654.3993456,6.5255951259343,7.3978779315242535,15921.0,2.9565217391304346
654.5993454,3.199125142639787,5.487560860067638,15774.0,2.982456140350877
654.7993452,,211.13020528513664,37553.0,3.533333333333333
654.999345,,215.5109340717242,15376.0,3.0088495575221237
655.1993448,,7.940847790301242,15810.0,2.982456140350877
655.3993446,2.4478668452267076,1.3825962861442647,15681.0,2.982456140350877
655.5993444,,209.84086241941523,37557.0,3.5609756097560976
655.7993442,,215.2979317476731,15277.0,3.0088495575221237
655.999344,2.4060719834282756,0.8110012418347708,15448.0,3.0088495575221237
656.1993438,2.8387470251495466,2.0021463095964207,15547.0,3.0088495575221237
656.3993436,2.3692128882288372,1.1653154129651568,15487.0,3.0088495575221237
656.5993434,,11.678622772809112,15743.0,2.982456140350877
656.7993432,,6.9957067687802885,15392.0,3.0
656.999343,2.5580253295425175,0.16044267229002118,15476.0,3.0
657.1993428,,5.361924084205082,15815.0,2.982456140350877
657.3993426,,5.318290099755318,15347.0,3.0
657.5993424,,9.238202914266644,15733.0,2.982456140350877
657.7993422,3.086849883655116,4.842534197613927,15901.0,2.982456140350877
657.999342,,5.642304996254775,15601.0,3.0
658.1993418,,4.3462515649881,16035.0,2.982456140350877
658.3993416,6.3667067231674155,3.160212365878304,15811.0,3.0088495575221237
658.5993414,6.257875872476891,4.352961241877171,15903.0,2.982456140350877
658.7993412,,4.894210068012279,15206.0,3.0
658.999341,2.6587478671741698,2.5461937562260557,15238.0,3.0267857142857144
659.1993408,,4.817722649323975,15713.0,2.973684210526316
659.3993406,2.5930724823604874,2.6611255416759305,15590.0,3.0
659.5993404,2.4912269342829396,0.8370731648629177,15445.0,3.0
659.7993402,,7.904535320701232,15256.0,3.0267857142857144
659.99934,2.991702320757163,4.190828683758752,15426.0,3.0357142857142856
660.1993398,,11.131261113955057,15502.0,3.0
660.3993396,,7.894947037193926,15221.0,3.0267857142857144
660.5993394,,8.93957017197356,15430.0,3.0
660.7993392,,9.969813559289495,15251.0,3.0267857142857144
660.999339,,9.345079680297957,15512.0,3.0
661.1993388,2.445524165004183,1.6601388501749132,15539.0,3.0
661.3993386,2.416394283150676,1.8331338607559913,15603.0,3.0
661.5993384,2.471025260029718,2.0144557632991646,15479.0,3.0
661.7993382,2.4511486835312337,0.0983317630372795,15496.0,3.0
661.999338,2.3845160457157615,0.302550153054059,15487.0,3.0
662.1993378,,8.776578222720385,15228.0,3.0267857142857144
662.3993376,2.3848040840681564,0.8261749511800706,15083.0,3.0267857142857144
662.5993374,2.6916890080428955,1.2163091800939487,15293.0,3.0267857142857144
662.7993372,,5.9037593720472366,15702.0,3.0088495575221237
662.999337,2.8770191131990477,5.0016923664387845,15539.0,3.0
663.1993368,2.4367170347410565,1.6758054142257885,15486.0,3.0088495575221237
663.3993366,3.216104654854893,4.604534829993518,15747.0,3.0
663.5993364,2.5078898613684277,3.5613521364970433,15653.0,3.0088495575221237
663.7993362,2.5256803372939824,3.83767491000507,15654.0,3.0088495575221237
663.999336,2.9907036797934152,7.569032647695178,15490.0,3.0
664.1993358,2.559223300970874,4.256575179215057,15450.0,3.0
664.3993356,2.423934700173533,0.4480142373374373,15559.0,3.0
664.5993354,,7.798174644616108,15316.0,3.0267857142857144
664.7993352,,10.319099489787789,15469.0,3.0
664.999335,,7.203288499400582,15185.0,3.017857142857143
665.1993348,,7.204698235482471,15631.0,3.0
665.3993346,2.423859333889495,1.3275905170434508,15583.0,3.0
665.5993344,,210.49890025977368,37207.0,3.5548780487804876
665.7993342,,216.93488687762883,15296.0,3.0267857142857144
665.999334,,8.538932776757303,15609.0,3.0
666.1993338,,5.644336300837565,15213.0,3.017857142857143
666.3993336,,6.31843636671376,15744.0,3.0
666.5993334,,101.75085995221468,13728.0,1.5178571428571428
666.7993332,,105.62867018995836,15500.0,3.0
666.999333,2.8141881105931934,2.4713018703486003,15661.0,3.0
667.1993328,,210.18163254180666,37395.0,3.5609756097560976
667.3993326,,209.8575890437299,15584.0,3.0
667.5993324,2.448897153116184,6.542866544858905,15596.0,3.0
667.7993322,5.85687756147541,2.452838760604232,15616.0,3.0088495575221237
667.999332,3.7014944356120827,2.66939101050252,15725.0,2.982456140350877
668.1993318,,12.300849587055872,15881.0,2.982456140350877
668.3993316,,10.688531726157342,16001.0,2.982456140350877
668.5993314,2.845969773299748,3.1102881302081467,15880.0,3.0
668.7993312,2.4279492520355994,1.2206191119194647,15843.0,2.973684210526316
668.999331,2.334717764772513,3.4401431933628803,15891.0,3.0
669.1993308,,9.692080990607387,15520.0,3.0267857142857144
669.3993306,,213.9526157893043,37717.0,3.5548780487804876
669.5993304,,208.281391462801,15811.0,3.0
669.7993302,2.4419833878681096,2.110087890675162,15892.0,2.973684210526316
669.99933,2.6433869751068646,2.2903499715332507,15908.0,3.0
670.1993298,2.4277896590766135,1.7734495234146073,15898.0,3.0
670.3993296,,208.67930268109922,37633.0,3.5548780487804876
670.5993294,,207.84146618656538,15882.0,2.973684210526316
670.7993292,,8.696891323284625,15488.0,3.0267857142857144
670.999329,2.7408963585434174,0.4895455744218223,15708.0,3.0
671.1993288,,8.58932525933489,15821.0,3.0
671.3993286,,8.670683085787406,15532.0,3.017857142857143
671.5993284,,7.573031145777963,15877.0,2.973684210526316
671.7993282,2.3843919686829147,0.8488599304432752,15838.0,2.9911504424778763
671.999328,2.491214859437751,0.5993603739151903,15936.0,2.9649122807017543
672.1993278,,7.555609254516734,15594.0,3.017857142857143
672.3993276,2.4651639344262297,3.2891591267295652,15616.0,2.9911504424778763
672.5993274,2.6549752681955416,2.643244400571646,15567.0,3.017857142857143
672.7993272,2.454446507458864,3.29531769963978,15619.0,3.017857142857143
672.999327,,12.066113564201748,15817.0,2.9911504424778763
673.1993268,2.497738409347908,2.4506879405263993,15918.0,3.0
673.3993266,2.8960949703217747,0.8047399957379441,16005.0,3.0
673.5993264,3.0070253164556964,1.500924443524676,15800.0,2.9911504424778763
673.7993262,2.441570760086,1.1392152905497293,15814.0,3.0
673.999326,2.926307847082495,2.0426543173615324,15904.0,3.0
674.1993258,2.4676091737354695,2.3087765438419825,15915.0,2.9911504424778763
674.3993256,2.7501426126640047,2.653762025080442,15777.0,2.9911504424778763
674.5993254,4.451963293588864,3.9372215993666235,16019.0,3.0088495575221237
674.7993252,2.7279712792089184,1.0109476429671784,15877.0,3.0
674.999325,2.959529617814474,2.985678427257102,15987.0,3.0088495575221237
675.1993248,,7.888003329792132,15725.0,3.0267857142857144
675.3993246,,7.87117650449197,16128.0,3.0
675.5993244,2.504042445679636,2.8106520519187224,15832.0,3.0
675.7993242,,7.497410374360114,15611.0,3.017857142857143
675.999324,,8.751481115263688,15904.0,3.0
676.1993238,2.491721750078691,0.8740959802317848,15885.0,3.0
676.3993236,,8.80159244475485,15620.0,3.017857142857143
676.5993234,2.377549711353432,0.22237987672274942,15590.0,3.017857142857143
676.7993232,,10.66150792556019,15831.0,3.0
676.999323,2.4463691709031568,0.44602724820379225,15933.0,2.9911504424778763
677.1993228,,9.05322878537806,15476.0,3.017857142857143
677.3993226,2.961376135055634,1.722795588465727,15638.0,3.017857142857143
677.5993224,,9.395371760595829,15827.0,3.0
677.7993222,11.366307024744929,24.643875998188996,17054.0,2.991304347826087
677.999322,8.564049829592197,10.546972116280456,17018.0,3.0
678.1993218,,5.229182144833806,16532.0,2.982456140350877
678.3993216,,5.0556601255025875,17038.0,2.991228070175439
678.5993214,3.063872970391595,10.297182479518616,16752.0,2.982456140350877
678.7993212,,6.3611000664347515,16419.0,3.0088495575221237
678.999321,,10.055164421439565,16692.0,3.0088495575221237
679.1993208,,5.042794609271036,16443.0,3.0267857142857144
679.3993206,2.4299248212211966,1.724283180018236,16361.0,3.0267857142857144
679.5993204,3.0172882790304056,3.4045925755706823,16543.0,3.0088495575221237
679.7993202,,9.80600371087325,16690.0,3.0088495575221237
679.99932,2.310038195273335,0.28731997684761623,16756.0,3.0088495575221237
680.1993198,2.5586957815196048,0.836709160764752,16807.0,3.0088495575221237
680.3993196,,205.18855494046787,38652.0,3.567073170731707
680.5993194,,204.49000795403475,16774.0,2.973684210526316
680.7993192,2.4210777870713347,1.2851990630847974,16738.0,3.0
680.999319,2.494796028233042,0.9928769333251424,16718.0,3.0088495575221237
681.1993188,2.410614192009541,0.6462194379647542,16770.0,3.0088495575221237
681.3993186,2.3470426245210727,0.4074759498139229,16704.0,3.0
681.5993184,2.405737460487863,0.44870867568339484,16767.0,3.0
681.7993182,,8.672511263909112,16571.0,3.0
681.999318,,8.994810592121764,16691.0,3.0088495575221237
682.1993178,2.3412760338515097,1.3449067760959452,16661.0,3.0
682.3993176,,6.300297086637149,16386.0,3.0267857142857144
682.5993174,,6.849928626901542,16638.0,3.0
682.7993172,2.393169039358775,0.8805828571852881,16718.0,3.0
682.999317,2.376238805970149,0.7472948581733276,16750.0,3.0
683.1993168,2.4106320636249476,1.499236519112211,16723.0,3.0
683.3993166,,6.761529517376476,16407.0,3.0267857142857144
683.5993164,,8.107707264070273,16805.0,3.0
683.7993162,2.7711985688729874,3.944463727362764,16770.0,3.0088495575221237
683.999316,,5.701741196220831,16521.0,3.0267857142857144
684.1993158,,4.925872870836714,16760.0,3.0088495575221237
684.3993155999999,2.5871999042088247,3.977202135532209,16703.0,3.0
684.5993153999999,2.3774001192605843,0.7069904505581888,16770.0,3.0
684.7993151999999,2.455123971903704,0.756395951564123,16657.0,3.0
684.9993149999999,2.4440177607104285,2.2114050630567315,16666.0,3.0
685.1993147999999,2.678765771691682,1.320870855918972,16723.0,3.0
685.3993145999999,2.6846933269380657,3.1727343330783118,16679.0,3.0
685.5993143999999,,6.469043874834862,16378.0,3.0267857142857144
685.7993141999999,2.5472065171135023,0.4433369169294974,16449.0,3.0267857142857144
685.9993139999999,,6.431322912780937,16694.0,3.0
686.1993137999999,2.4022691799735862,0.9215713182865994,16658.0,3.0
686.3993135999999,5.850749087246633,85.37233638603719,15886.0,1.8771929824561404
686.5993133999999,4.647277886150027,86.19580574249701,16917.0,3.0
686.7993131999999,,10.911456297585945,16641.0,3.0357142857142856
686.9993129999999,,7.563595404449297,16938.0,2.913793103448276
687.1993127999999,6.382200932812303,11.01265685271837,15866.0,2.9565217391304346
687.3993125999999,,21.172235233450913,17012.0,2.7916666666666665
687.5993123999999,18.84673679448026,91.74902072586018,17682.0,1.544776119402985
687.7993121999999,,108.10701661104335,18244.0,2.5307692307692307
687.9993119999999,,190.61852828230664,39333.0,3.1235955056179776
688.1993117999999,,194.1907324124979,21368.0,2.75
688.3993115999999,,122.50386935621475,21311.0,1.984251968503937
688.5993113999999,,212.77623828816624,42990.0,3.2514619883040936
688.7993111999999,,241.71129050050854,20839.0,2.2540983606557377
688.9993109999999,8.647771952817825,57.49767824906936,21364.0,2.081967213114754
689.1993107999999,,120.34274486631632,22855.0,2.111111111111111
689.3993105999999,,84.45164608528482,22387.0,2.0555555555555554
689.5993103999999,,3.1316897150543235,22651.0,1.9291338582677164
689.7993101999999,,25.870400098938955,20961.0,2.092436974789916
689.9993099999999,6.89255917733799,56.66441633114397,20616.0,2.1440677966101696
690.1993097999999,14.54904876672991,120.68919625884989,19501.0,2.194915254237288
690.3993095999999,,4.479784865571923,19159.0,2.3739837398373984
690.5993093999999,,31.76408510700268,16499.0,1.5166666666666666
690.7993091999999,10.686129404576006,35.80855352499343,14729.0,1.5175438596491229
690.9993089999999,7.104985754985755,15.109583810554504,14040.0,1.5267857142857142
691.1993087999999,4.872835416352959,11.633671666630452,13282.0,1.4954954954954955
691.3993085999999,,7.267570439177811,13833.0,1.5
691.5993083999999,,1.8532917481526021,13540.0,1.4954954954954955
691.7993081999999,2.9073760224007072,1.7254119622812667,13571.0,1.4954954954954955
691.9993079999999,4.843633438162803,11.689897932500951,13673.0,1.4690265486725664
692.1993077999999,,12.141402969697829,13452.0,1.4910714285714286
692.3993075999999,3.6125450180072027,2.4736625919070976,13328.0,1.5135135135135136
692.5993073999999,,3.634620158354627,13068.0,1.509090909090909
692.7993071999999,,4.0287517743127434,13194.0,1.5135135135135136
692.9993069999999,,3.023013784605244,12916.0,1.5321100917431192
693.1993067999999,,3.5285861350319285,13281.0,1.5135135135135136
693.3993065999999,,3.2883570324806617,13045.0,1.5272727272727273
693.5993063999999,,3.1171029486393986,13080.0,1.5135135135135136
693.7993061999999,,4.643045929267475,12827.0,1.5321100917431192
693.9993059999999,2.7098890798312762,1.156612464620554,12802.0,1.5412844036697249
694.1993057999999,2.9715212404081957,0.8547719003859382,12641.0,1.5321100917431192
694.3993055999999,,2.3685687552626975,12835.0,1.5363636363636364
694.5993053999999,2.776610644257703,1.7594549895240383,12852.0,1.5272727272727273
694.7993051999999,2.7835147744945568,0.5837610776379291,12860.0,1.5272727272727273
694.9993049999999,,4.958102128824256,12610.0,1.5045871559633028
695.1993047999999,2.5698890649762283,2.89937262538045,12620.0,1.5185185185185186
695.3993045999999,,4.150653110676631,12736.0,1.5363636363636364
695.5993043999999,2.5163183845973234,0.1255451572550292,12777.0,1.5596330275229358
695.7993041999999,,3.5077353214927145,12544.0,1.5321100917431192
695.9993039999999,3.4118574582150742,1.9235718081937714,12684.0,1.5185185185185186
696.1993037999999,2.685437047641772,1.1522454343663318,12573.0,1.5185185185185186
696.3993035999999,,3.0092551002178807,12698.0,1.5137614678899083
696.5993033999999,2.644779163724798,0.9470495474049583,12747.0,1.5454545454545454
696.7993031999999,,13.775532411813295,13220.0,1.518181818181818
696.9993029999999,,8.85774195628633,13137.0,1.518181818181818
697.1993027999999,2.7535692588092346,1.9784094771524299,13168.0,1.518181818181818
697.3993025999999,,3.42628275455066,13019.0,1.537037037037037
697.5993023999999,2.7043750956096066,1.016462873025448,13074.0,1.5321100917431192
697.7993021999999,,2.531455084896822,13332.0,1.5272727272727273
697.999302,18.618728028124,56.16717399504657,15645.0,1.5126050420168067
698.1993018,,30.117685671288328,14754.0,1.5614035087719298
698.3993016,8.644451761606849,5.158781252128686,15185.0,1.6754385964912282
698.5993014,,5.656413010777091,15622.0,1.719298245614035
698.7993012,3.276062900407688,3.9995795173661954,15453.0,1.719298245614035
698.999301,2.4801551389786685,0.4890340522573254,15470.0,1.7105263157894737
699.1993008,,463.8469469630367,38275.0,3.5125
699.3993006,,465.25104359800304,15272.0,1.7345132743362832
699.5993004,,1.2985796271705032,15381.0,1.6578947368421053
699.7993002,,17.621290802255135,15301.0,1.6228070175438596
699.9993,33.859058078559414,145.83918809993216,20214.0,1.2816901408450705
700.1992998,,58.21371535312789,19292.0,1.6507936507936507
700.3992996,5.472735944041121,16.532174206937114,18871.0,1.717741935483871
700.5992994,6.425455902740748,11.948027563939513,18754.0,1.6693548387096775
700.7992992,,453.3889023248882,41405.0,3.2865497076023393
700.999299,2.981415158261543,4.438416566114081,41324.0,3.3452380952380953
701.1992988,3.233821602953436,2.7072743568028197,41985.0,3.3254437869822486
701.3992986,3.175494392501016,0.34410627289113566,41819.0,3.3254437869822486
701.5992984,,453.08475599060176,18331.0,1.743801652892562
701.7992982,8.385368227533254,4.4086162628994785,18494.0,1.8487394957983194
701.999298,,469.21750284270126,41111.0,3.3
702.1992978,10.967103132374033,50.67891782107806,43226.0,2.9574468085106385
702.3992976,,372.94835005552727,24175.0,1.7226277372262773
702.5992974,6.433374316360707,33.15783725898585,23587.0,1.8106060606060606
702.7992972,5.638667728237792,41.058741350349244,22608.0,1.858267716535433
702.999297,,351.50113632301935,45252.0,3.213872832369942
703.1992968,,348.41515849893125,22695.0,1.9047619047619047
703.3992966,3.5742938471644408,7.5549450509100335,22835.0,1.880952380952381
703.5992964,,2.4890908033169468,22648.0,1.896
703.7992962,5.6663282870636005,24.510204502509428,22657.0,1.9919354838709677
703.999296,3.1786600496277915,8.635612899846832,22568.0,2.0813008130081303
704.1992958,,40.760174279008574,23220.0,2.120967741935484
704.3992956,,65.23442430582668,23019.0,1.9224806201550388
704.5992954,,55.60786028520535,22202.0,1.7185185185185186
704.7992952,,9.0456994300675,20513.0,1.765625
704.999295,,24.331595609314153,20257.0,1.896
705.1992948,,101.46299237743189,19601.0,1.734375
705.3992946,,200.47699302017196,21887.0,2.7153846153846155
705.5992944,8.292397364419665,16.646667511518622,19730.0,2.816
705.7992942,,16.04891337655671,19745.0,2.8095238095238093
705.999294,10.332141005702436,36.939726235305024,19290.0,1.753968253968254
706.1992938,,10.212758813134508,19254.0,1.824
706.3992936,,59.04818456203567,20059.0,2.869918699186992
706.5992934,,11.138430979769817,20615.0,2.846774193548387
706.7992932,6.2381773753054475,9.778587962797136,20871.0,2.7421875
706.999293,,213.34975687721249,42992.0,3.2937853107344632
707.1992928,2.292066747459681,0.6151381476631174,42908.0,3.288135593220339
707.3992926,,206.53514673752574,20552.0,2.808
707.5992924,2.3598393967585567,1.1025905521246304,20423.0,2.808
707.7992922,2.3490071095856826,0.8435064695736533,20395.0,2.8
707.999292,7.070237589154976,11.355886501801558,21171.0,2.6923076923076925
708.1992918,5.356782211865229,22.90989386489041,20598.0,2.7244094488188977
708.3992916,,208.13406530485176,42166.0,3.2752808988764044
708.5992914,,210.1083570243255,19582.0,2.753968253968254
708.7992912,,10.22679338640366,19188.0,2.776
708.999291,,5.325380926958685,19399.0,2.776
709.1992908,,213.27576316792133,41589.0,3.3068181818181817
709.3992906,,229.75780902614542,21078.0,2.6363636363636362
709.5992904,4.422987366856576,8.943063604021635,20185.0,2.697674418604651
709.7992902,4.33413715146948,13.437161550460177,19905.0,2.7244094488188977
709.99929,16.657541420681774,95.89882855769139,21004.0,2.3503649635036497
710.1992898,11.593799822852082,23.76939979081286,22580.0,2.2413793103448274
710.3992896,,210.70641526156325,41196.0,2.9893617021276597
710.5992894,3.657051282051282,8.028934924947874,40560.0,3.0543478260869565
710.7992892,2.7513395763433324,5.713907911675756,39938.0,3.0437158469945356
710.999289,4.954279246025887,5.063863299513211,40638.0,3.0543478260869565
711.1992888,,201.524777859785,21417.0,2.316546762589928
711.3992886,,217.63979291072928,39707.0,3.1235955056179776
711.5992884,6.787889581478184,22.240469844080845,39305.0,3.2705882352941176
711.7992882,7.937164287442536,21.747232833420107,41330.0,3.159090909090909
711.999288,5.363627486879043,20.432928872073273,40965.0,3.2298850574712645
712.1992878,3.3548971312662994,3.0694729332001143,41412.0,3.2241379310344827
712.3992876,,190.18081527503804,21464.0,3.0952380952380953
712.5992874,,58.218113593632815,20458.0,2.120967741935484
712.7992872,3.4608015549796374,55.98954867519753,21608.0,3.193548387096774
712.999287,6.053640362689649,7.972473635445827,22278.0,3.1904761904761907
713.1992868,,185.94504804871428,42051.0,3.2865497076023393
713.3992866,3.8273332395818684,8.59764453264257,42666.0,3.2674418604651163
713.5992864,2.7887186794917467,7.111303480416735,42105.0,3.3
713.7992862,2.3236962662299128,0.576169530010227,42129.0,3.3254437869822486
713.999286,7.986173269892118,14.985299793487306,42454.0,3.151685393258427
714.1992858,11.326898438687541,57.156855427458765,46051.0,3.0773480662983426
714.3992856,7.804939258667022,49.74510993335182,45027.0,3.169491525423729
714.5992854,5.565101339124141,8.982384800631884,44208.0,3.2057142857142855
714.7992852,2.569399103946687,4.6763331052834065,44417.0,3.2114285714285713
714.999285,12.184929059379927,48.870129100306215,47575.0,2.528497409326425
715.1992848,4.49265186497143,5.662672470636435,47427.0,2.836734693877551
715.3992846,,205.5068969027015,25475.0,1.63013698630137
715.5992844,,227.09327704349303,45146.0,2.9263157894736844
715.7992842,4.896252182868401,6.007594672659294,44666.0,2.8860103626943006
715.999284,3.5154571116372244,12.364085028326093,43928.0,2.9735449735449735
716.1992838,3.828120649651972,10.218421617320137,43100.0,3.021505376344086
716.3992836,,187.42460534488305,23070.0,2.652173913043478
716.5992834,,46.60205540325926,21791.0,1.75
716.7992832,,214.83251154474902,42859.0,3.0108108108108107
716.999283,,217.44289430220226,22321.0,1.7007299270072993
717.1992828,,173.22378327679243,47842.0,2.8512820512820514
717.3992826,11.72188408606319,74.972327350569,51590.0,2.9263157894736844
717.5992824,4.134417530784186,57.41416767431905,49376.0,2.528497409326425
717.7992822,,197.01267778433433,27299.0,1.717241379310345
717.999282,,219.86128772764343,44023.0,2.9679144385026737
718.1992818,,273.31333628855305,21322.0,1.3661971830985915
718.3992816,,263.4981518845095,42846.0,3.0718232044198897
718.5992814,3.0687008433620773,16.76557903603494,42212.0,3.106145251396648
718.7992812,,261.1433223414307,20336.0,1.6692307692307693
718.999281,,260.4161639712227,41827.0,3.175141242937853
719.1992808,2.2216679058834816,1.5788575361935058,41693.0,3.164772727272727
719.3992806,,260.4576204275672,20326.0,1.682170542635659
719.5992804,,263.14153270641464,41685.0,3.159090909090909
719.7992802,,261.56971793715644,20242.0,1.6953125
719.99928,,5.5412958980587925,20275.0,1.6875
720.1992798,,28.77914193612729,22448.0,1.8692307692307693
720.3992796,,229.51973670879642,45623.0,3.111731843575419
720.5992794,4.233945261091655,12.266443874079489,44831.0,2.741573033707865
720.7992792,,302.12720018214367,22420.0,1.8372093023255813
720.999279,6.752191165569267,34.32789128036112,22933.0,1.8854961832061068
721.1992788,,34.20062831229182,21608.0,2.062992125984252
721.3992786,,17.243114397383852,21732.0,1.968503937007874
721.5992784,,304.442787167508,43838.0,3.2325581395348837
721.7992782,,303.37611493390784,21542.0,2.008
721.999278,,299.32964141317046,44244.0,3.1954022988505746
722.1992778,,298.41119764145446,21664.0,2.007936507936508
722.3992776,4.662697869622736,14.518356901412892,21921.0,2.0
722.5992774,4.293876422614385,14.622471821757108,21703.0,2.0403225806451615
722.7992772,,258.6383127644033,45686.0,3.189655172413793
722.999277,,396.7843570823974,22092.0,1.8345864661654134
723.1992768,7.485068646829425,39.09848920854673,18719.0,1.4645669291338583
723.3992766,,16.616780920924896,17205.0,1.459016393442623
723.5992764,,40.94293251322868,19780.0,1.4328358208955223
723.7992762,4.0493770189201665,4.590731651399289,19503.0,1.443609022556391
723.999276,4.396287677904649,20.27690929030454,18479.0,1.4803149606299213
724.1992758,8.118934492519207,17.278073229125972,19784.0,1.4402985074626866
724.3992756,7.3067790118728455,17.636441948325096,20888.0,1.434782608695652
724.5992754,,368.3961408990233,43413.0,3.07103825136612
724.7992752,,371.7482743237612,19287.0,1.6062992125984252
724.999275,6.337531223980017,24.196693077024122,19216.0,1.743801652892562
725.1992748,,2.384681026712071,18880.0,1.773109243697479
725.3992746,2.4394540549119186,0.747280826963569,18903.0,1.773109243697479
725.5992744,,4.487686199049714,18961.0,1.7583333333333333
725.7992742,2.3906546990496302,0.12566828056103804,18940.0,1.75
725.999274,,2.9890407502239285,18772.0,1.7881355932203389
726.1992738,2.499574014909478,1.4416933174661921,18780.0,1.7796610169491525
726.3992736,20.453028549382715,95.01434859872187,20736.0,1.4202898550724639
726.5992734,11.293615969346765,122.76949223324768,16181.0,1.416
726.7992732,,21.543758946384134,15633.0,1.4545454545454546
726.999273,,9.558941653561611,14826.0,1.4745762711864407
727.1992728,,7.170986020632602,15023.0,1.453781512605042
727.3992726,,2.389393729032165,14867.0,1.4830508474576272
727.5992724,,3.0782410096023773,15132.0,1.4705882352941178
727.7992722,,3.394060153575231,14917.0,1.4957264957264957
727.999272,2.777504813757387,0.6803654305775458,15061.0,1.4830508474576272
728.1992718,,3.7053454201219274,15237.0,1.4915254237288136
728.3992716,,26.56031879136319,16709.0,1.432
728.5992713999999,11.608827570414473,15.311106489049395,17468.0,1.3333333333333333
728.7992711999999,,7.473203320693169,16807.0,1.3565891472868217
728.9992709999999,11.927464700737223,38.45044296538569,16006.0,1.330708661417323
729.1992707999999,11.830031475652657,14.311058491388309,16203.0,1.4603174603174602
729.3992705999999,7.240567200986437,24.643660087562836,16220.0,1.5241935483870968
729.5992703999999,5.226540810660744,17.24106880094918,16209.0,1.5365853658536586
729.7992701999999,11.001697504668138,6.784823681606263,17673.0,1.5826771653543308
729.9992699999999,,458.0778594240518,44030.0,3.106145251396648
730.1992697999999,8.931280333290383,15.417465630318288,46566.0,3.257309941520468
730.3992695999999,,350.9407354765922,23635.0,1.936
730.5992693999999,,364.88014584084425,46247.0,3.213872832369942
730.7992691999999,,352.59788942468884,22496.0,1.9516129032258065
730.9992689999999,,77.01695174341529,23479.0,1.8244274809160306
731.1992687999999,,379.6287428419944,45637.0,3.213872832369942
731.3992685999999,,279.1854273826122,23772.0,2.1818181818181817
731.5992683999999,2.728209733983406,5.83600390454465,23382.0,2.2016806722689077
731.7992681999999,2.8440974174849676,1.5586275279966386,23117.0,2.1416666666666666
731.9992679999999,,298.6138337419816,45552.0,3.3293413173652695
732.1992677999999,,299.95794181561934,23062.0,2.1166666666666667
732.3992675999999,2.3627126035761012,3.1136113262107226,22930.0,2.1166666666666667
732.5992673999999,,299.583026546184,45307.0,3.3293413173652695
732.7992671999999,2.2286734558920775,2.945574946667004,45366.0,3.3293413173652695
732.9992669999999,,305.04941491383613,22543.0,2.1176470588235294
733.1992667999999,2.23895101171459,0.3007483215676546,22536.0,2.1260504201680672
733.3992665999999,,303.68755077020194,45158.0,3.3532934131736525
733.5992663999999,,302.01322950116617,22549.0,2.1176470588235294
733.7992661999999,2.4090221549959963,3.062844600597725,22478.0,2.1092436974789917
733.9992659999999,2.2347888013530954,0.948713720551473,22467.0,2.1092436974789917
734.1992657999999,,303.50561874452745,45221.0,3.3795180722891565
734.3992655999999,,304.5697194410599,22434.0,2.1176470588235294
734.5992653999999,2.2836907953529937,0.6260816931627646,22380.0,2.1186440677966103
734.7992651999999,,296.4397803851707,44445.0,3.3293413173652695
734.9992649999999,,350.09028782218076,23307.0,1.8661417322834646
735.1992647999999,,19.95332431860607,23321.0,1.8267716535433072
735.3992645999999,,1254.1993952534879,5605.0,6.9655172413793105
735.5992643999999,,1268.7954072822968,23576.0,1.8031496062992125
735.7992641999999,,32.56339313512992,21959.0,1.9333333333333333
735.9992639999999,,12.671751885533054,21699.0,1.901639344262295
736.1992637999999,3.3189435774309723,7.191935138145338,20825.0,1.9166666666666667
736.3992635999999,,331.88398047799296,43005.0,3.289940828402367
736.5992633999999,,335.0372413391145,20643.0,1.9166666666666667
736.7992631999999,,336.61194161143186,44192.0,3.2705882352941176
736.9992629999999,,260.9900911129711,22352.0,1.8125
737.1992627999999,,100.89180559171447,21502.0,1.7936507936507937
737.3992625999999,6.787144362486829,18.789050793276864,21827.0,1.7131782945736433
737.5992623999999,,25.0751328976836,20548.0,1.5859375
737.7992621999999,7.094732390395188,27.425958434649928,21281.0,1.5333333333333334
737.9992619999999,,18.532479854696316,20910.0,1.606060606060606
738.1992617999999,4.2690589711417815,6.88775795249412,19925.0,1.6124031007751938
738.3992615999999,5.7286129458388375,37.62597549003915,18925.0,1.4732824427480915
738.5992613999999,,9.411069034214737,17923.0,1.40625
738.7992611999999,,135.72957859518232,20203.0,2.8870967741935485
738.9992609999999,7.223080441079323,37.308371953064444,19679.0,2.8095238095238093
739.1992607999999,,171.46166976325875,41662.0,2.931578947368421
739.3992605999999,,230.5056575774577,18431.0,1.5746268656716418
739.5992603999999,,63.5587032347429,18454.0,2.635658914728682
739.7992601999999,,7.824609421457637,17508.0,2.809917355371901
739.9992599999999,,10.23722770704298,18567.0,2.7419354838709675
740.1992597999999,,2.7460558791799614,17826.0,2.809917355371901
740.3992595999999,,13.546658375940801,17923.0,2.7868852459016393
740.5992593999999,,214.2844284137328,39835.0,3.409356725146199
740.7992591999999,,211.6256865618991,17791.0,2.809917355371901
740.9992589999999,3.0568181818181817,1.9586067816996175,17600.0,2.8333333333333335
741.1992587999999,2.6705426356589146,2.7097606933599185,17544.0,2.8333333333333335
741.3992585999999,3.0877978753947746,1.5997980062584833,17415.0,2.8333333333333335
741.5992583999999,2.484986982933179,0.7002382973738926,17285.0,2.8333333333333335
741.7992581999999,2.3816537168038967,2.8792654960306736,17246.0,2.8333333333333335
741.9992579999999,2.492133924969746,4.370737699931342,17353.0,2.8333333333333335
742.1992577999999,2.6453859207677453,0.7069918943803589,17089.0,2.857142857142857
742.3992575999999,2.359310143232973,2.6517056404867185,17105.0,2.857142857142857
742.5992573999999,2.412176225716929,1.3234503432112061,17296.0,2.857142857142857
742.7992571999999,2.4552554315913095,0.3377269132846842,17030.0,2.857142857142857
742.999257,2.3488642981945254,0.8980650203630851,17170.0,2.857142857142857
743.1992568,2.4648626341233344,2.2261765133614997,16962.0,2.857142857142857
743.3992566,,7.085355681865895,16707.0,2.8813559322033897
743.5992564,,8.049333214388081,17128.0,2.857142857142857
743.7992562,4.993838284020229,13.158174259848556,17203.0,2.85
743.999256,,17.948544338894806,17694.0,2.7642276422764227
744.1992558,,10.289439570143276,17611.0,2.7419354838709675
744.3992556,7.102060957910014,9.807868502823188,17225.0,2.8583333333333334
744.5992554,3.199903776762088,5.1991217045486255,16628.0,2.8583333333333334
744.7992552,,8.922036171858666,16327.0,2.8823529411764706
744.999255,,9.397982933531727,16758.0,2.8823529411764706
745.1992548,2.57719383420318,1.1340106149805225,16478.0,2.8823529411764706
745.3992546,2.6385600096159627,0.6198049334903545,16639.0,2.8823529411764706
745.5992544,,98.14645210069186,14837.0,1.4745762711864407
745.7992542,,98.59965159409973,16737.0,2.8823529411764706
745.999254,,217.50404738024733,38629.0,3.429411764705882
746.1992538,,215.4737309113981,16542.0,2.8823529411764706
746.3992536,2.656890781867965,0.7867367367294255,16435.0,2.8739495798319328
746.5992534,,21.133065230774324,16546.0,2.899159663865546
746.7992532,,25.293927253431583,16781.0,2.8583333333333334
746.999253,,214.9791265337345,38568.0,3.429411764705882
747.1992528,,210.3833418353233,15908.0,2.906779661016949
747.3992526,3.0380309001063366,1.1557310896931483,15987.0,2.906779661016949
747.5992524,,104.45768137194179,14166.0,1.4700854700854702
747.7992522,2.5786773090079818,3.478346682526368,14032.0,1.4615384615384615
747.999252,2.5353581142339077,93.69544570374067,15442.0,2.9316239316239314
748.1992518,2.54791875268202,92.25506004590315,13982.0,1.452991452991453
748.3992516,,98.25290373928539,16002.0,2.906779661016949
748.5992514,12.140865988803839,23.385452024953327,17506.0,2.7886178861788617
748.7992512,,3.7678422304263646,16780.0,2.8823529411764706
748.999251,,16.157854234621666,16711.0,2.8983050847457625
749.1992508,4.9186809182558,5.466193652329794,16466.0,2.8983050847457625
749.3992506,,6.911383731971356,16058.0,2.9482758620689653
749.5992504,,221.2104966524076,38355.0,3.4702380952380953
749.7992502,2.294498381877023,0.31480476163544757,38316.0,3.4702380952380953
749.99925,,216.42065646336474,16329.0,2.9145299145299144
750.1992498,2.583786120029637,2.6244364270676477,16196.0,2.9145299145299144
750.3992496,,5.46020545047144,15753.0,2.9310344827586206
750.5992494,,82.85738328394886,14698.0,1.811965811965812
750.7992492,,80.87730630517233,15823.0,2.939655172413793
750.999249,,221.02060740363814,38182.0,3.4702380952380953
751.1992488,,214.63826655139647,16071.0,2.9145299145299144
751.3992486,2.645257100426954,1.3203248453323908,16161.0,2.9145299145299144
751.5992484,,88.41031086664401,14472.0,1.8695652173913044
751.7992482,,90.10301778162633,16190.0,2.905982905982906
751.999248,,213.34723575813982,38242.0,3.4702380952380953
752.1992478,,213.49192585343692,16026.0,2.905982905982906
752.3992476,2.6514086696933887,0.04672142434856139,16079.0,2.939655172413793
752.5992474,2.792518056670165,3.5732064307751603,16199.0,2.9145299145299144
752.7992472,2.9195876288659792,4.349559038998251,16005.0,2.905982905982906
752.999247,2.574570147022178,1.8935643158915019,16052.0,2.9310344827586206
753.1992468,2.679512680258578,2.4117337564490504,16088.0,2.905982905982906
753.3992466,2.459847633320844,1.2603505497544645,16014.0,2.939655172413793
753.5992464,2.426955761059735,1.581588786581593,16004.0,2.939655172413793
753.7992462,,9.205271868923777,15730.0,2.965217391304348
753.999246,2.6136031049182415,2.7825302758272294,15717.0,2.965217391304348
754.1992458,,14.011725053354752,18328.0,2.8181818181818183
754.3992456,5.849179225726932,9.31932536476324,17849.0,2.7704918032786887
754.5992454,15.649468085106383,23.485058674884016,18800.0,2.5572519083969465
754.7992452,9.851116083610762,5.738306919095198,18323.0,2.5891472868217056
754.999245,7.96690345495641,7.392343797607468,18582.0,2.62015503875969
755.1992448,7.676763673423168,18.741212239342307,17662.0,2.736
755.3992446,4.388901614935288,9.69432121568111,17462.0,2.7903225806451615
755.5992444,3.0504070673826433,3.978978562033915,17319.0,2.821138211382114
755.7992442,2.804338421605587,76.11749062109692,16181.0,1.7967479674796747
755.999244,3.403573006754624,4.228097954420731,15841.0,1.8211382113821137
756.1992438,,13.0350080282996,15506.0,1.4710743801652892
756.3992436,2.480412002857823,84.22595642991288,16796.0,2.8677685950413223
756.5992434,2.316249347939489,84.47981179165721,15336.0,1.462809917355372
756.7992432,,91.98125290104483,17217.0,2.8442622950819674
756.999243,,9.135476948129131,16848.0,2.8677685950413223
757.1992428,,9.1466871140293,16926.0,2.8677685950413223
757.3992426,2.3878540594879074,1.2125104577722303,16911.0,2.87603305785124
757.5992424,,200.9486738929284,36574.0,3.3392857142857144
757.7992422,,202.10117598736832,16864.0,2.8595041322314048
757.999242,,205.66473858798076,36172.0,3.3652694610778444
758.1992418,,202.2880201415553,16442.0,2.8916666666666666
758.3992416,3.324996957527078,5.356648558743776,16434.0,2.9166666666666665
758.5992414,,199.38590187378477,36682.0,3.3452380952380953
758.7992412,,261.9324231556006,15172.0,1.5083333333333333
758.999241,3.091385179366326,0.7000134920256604,15276.0,1.525
759.1992408,4.665553626285561,5.050792719856514,14974.0,1.5
759.3992406,,81.92381441950502,16615.0,2.9173553719008263
759.5992404,,102.08290893089038,15313.0,1.525
759.7992402,17.46281744676005,65.26209125003759,17562.0,1.6370967741935485
759.99924,22.36751515151515,128.15325068007562,20625.0,1.8294573643410852
760.1992398,18.01428696260049,121.32290277942647,22888.0,1.9692307692307693
760.3992396,,75.03362233508683,22054.0,1.9523809523809523
760.5992394,12.71483308587576,94.61464031240979,20879.0,2.0555555555555554
760.7992392,18.09472556145746,106.2145060214486,21462.0,1.8
760.999239,15.996645129224651,78.23187983533904,16096.0,1.776
761.1992388,15.659164194505353,24.961399720288416,15506.0,1.920353982300885
761.3992386,,0.950026885274403,14802.0,1.8909090909090909
761.5992384,12.288355681016231,41.790632728051314,14170.0,1.8918918918918919
761.7992382,11.034494749287155,4.637658063490886,14379.0,1.8558558558558558
761.999238,27.277801794012753,84.11952061648891,18506.0,1.32
762.1992378,7.180493044189853,20.75947937644009,19552.0,1.3051948051948052
762.3992376,,79.20506187095087,16006.0,1.7083333333333333
762.5992374,10.654584080196509,14.514594368772707,15063.0,1.8189655172413792
762.7992372,7.248658925782577,10.219142784949485,14727.0,1.8928571428571428
762.999237,,30.742457156677812,15278.0,1.831858407079646
763.1992368,9.078533367165694,7.148802790263443,15764.0,1.8407079646017699
763.3992366,7.0478691173500305,6.458648564254175,14853.0,1.8157894736842106
763.5992364,9.763278107315744,14.840035178602932,14667.0,1.8347826086956522
763.7992362,12.003698971013518,42.538370387263875,14869.0,1.8859649122807018
763.999236,37.69539488320356,100.83570699757051,22475.0,1.6307692307692307
764.1992358,,81.35045873875035,26316.0,1.7463768115942029
764.3992356,12.865509761388287,51.1561110984982,25816.0,1.2625
764.5992354,,25.84333963712222,24656.0,1.3161290322580645
764.7992352,4.831443389592124,53.589979214694644,22752.0,1.3586206896551725
764.999235,8.48464314001584,34.02941661205715,22726.0,1.1132075471698113
765.1992348,5.369890510948905,24.194609537875962,21920.0,1.277027027027027
765.3992346,,17.66116232647181,21213.0,1.1946308724832215
765.5992344,,6.664556406248574,20747.0,1.2244897959183674
765.7992342,,13.524886062028113,20441.0,1.2620689655172415
765.999234,5.194035018300524,33.6142745461098,20218.0,1.1917808219178083
766.1992338,,16.468753364637895,20666.0,1.2123287671232876
766.3992336,3.1092614417599687,5.541241938676072,20364.0,1.2430555555555556
766.5992334,,23.71808796114139,19452.0,1.2411347517730495
766.7992332,5.640434738854785,16.638811073434113,19874.0,1.3021582733812949
766.999233,4.359736303251261,12.346385104510398,20023.0,1.2447552447552448
767.1992328,,18.26013641100407,19143.0,1.2681159420289856
767.3992326,,27.794292891948754,19893.0,1.496124031007752
767.5992324,18.96068679180002,95.12834907356606,23122.0,1.9421487603305785
767.7992322,9.04355919583023,69.37737759239204,21488.0,2.293577981651376
767.999232,,17.052383664401994,20982.0,2.1818181818181817
768.1992318,10.274789102475452,54.9360520359423,21693.0,2.0165289256198347
768.3992316,,59.28371919972661,22509.0,2.0737704918032787
768.5992314,18.79023746701847,153.81751163347806,22740.0,1.8503937007874016
768.7992312,6.113565426170468,10.921081829138997,20825.0,1.7419354838709677
768.999231,5.8902990097106045,45.60178463081459,20802.0,2.1463414634146343
769.1992308,9.7889014936661,134.27625098836148,21156.0,2.937984496124031
769.3992306,,96.68030183560988,18875.0,2.7580645161290325
769.5992304,,138.96174726687073,17015.0,1.3282442748091603
769.7992302,4.60800394647592,15.370625460039463,16217.0,1.373015873015873
769.99923,12.913065358243694,44.77762011427267,15897.0,1.302325581395349
770.1992298,9.619758117523334,31.930488649983424,15214.0,1.251908396946565
770.3992296,,17.333347401532446,16158.0,1.1666666666666667
770.5992294,,9.279134389575576,16009.0,1.2074074074074075
770.7992292,4.178622713367048,6.501064572866346,16017.0,1.2074074074074075
770.999229,3.5999871811306243,6.440365775640329,15602.0,1.2238805970149254
771.1992288,3.1796256994018908,2.0414107894822444,15549.0,1.2406015037593985
771.3992286,3.77887724744535,4.88900771584354,15462.0,1.2481203007518797
771.5992284,5.390266839073704,103.21905163726187,17014.0,2.6363636363636362
771.7992282,3.3534592800612715,95.11070288907742,15668.0,1.2878787878787878
771.999228,,4.108392291100484,15260.0,1.2769230769230768
772.1992278,,2.948549073921447,15696.0,1.2803030303030303
772.3992276,,7.378505069188124,15312.0,1.2442748091603053
772.5992274,,2.7396724129069603,16025.0,1.2706766917293233
772.7992271999999,3.9641275465013286,4.622876946488121,15806.0,1.2727272727272727
772.9992269999999,2.7696571938320376,1.3257846470447114,15694.0,1.2651515151515151
773.1992267999999,,5.994641193437948,15914.0,1.282442748091603
773.3992265999999,6.351858534824973,7.67536701079914,16626.0,1.2857142857142858
773.5992263999999,,8.786616064449138,16894.0,1.218978102189781
773.7992261999999,5.985259027520017,88.5711143645605,18859.0,2.573529411764706
773.9992259999999,,82.81937498409016,17019.0,1.3059701492537314
774.1992257999999,,2.787819944482431,17119.0,1.288888888888889
774.3992255999999,4.7741131806857275,4.627656469535977,16858.0,1.2426470588235294
774.5992253999999,3.8773776447958967,90.03322361756659,18716.0,2.5661764705882355
774.7992251999999,3.3909457799613967,90.63761565003298,17097.0,1.2666666666666666
774.9992249999999,,4.698906368160086,16762.0,1.2781954887218046
775.1992247999999,,10.064733256519844,16803.0,1.3082706766917294
775.3992245999999,3.318993650982021,2.0200140556241353,16853.0,1.291044776119403
775.5992243999999,9.24468935587026,13.102269503458787,17512.0,1.2805755395683454
775.7992241999999,6.269979132592634,6.883955794757373,17731.0,1.1549295774647887
775.9992239999999,,8.466053550951608,17825.0,1.1398601398601398
776.1992237999999,,11.987854441467782,18788.0,1.0945945945945945
776.3992235999999,,25.6174106100181,19099.0,1.1700680272108843
776.5992233999999,,4.901919864174173,19569.0,1.1768707482993197
776.7992231999999,9.625399593141529,16.10408106118867,20646.0,1.167785234899329
776.9992229999999,8.104430690637587,8.159093710056144,20358.0,1.1756756756756757
777.1992227999999,9.757412143601401,38.99679817139621,21114.0,1.174496644295302
777.3992225999999,8.451492871873038,13.575515917568929,22306.0,1.2281879194630871
777.5992223999999,6.986217888618039,12.244802926651598,21332.0,1.1972789115646258
777.7992221999999,11.6796612389226,15.632489843717838,22907.0,1.4315068493150684
777.9992219999999,,15.245461468691337,22872.0,1.5177304964539007
778.1992217999999,4.718349016253208,9.462140140463537,23380.0,1.4822695035460993
778.3992215999999,,230.01068724484867,44063.0,2.9263157894736844
778.5992213999999,,245.6684107330491,22839.0,1.3404255319148937
778.7992211999999,,12.665349794519047,22769.0,1.3380281690140845
778.9992209999999,8.201338890994064,19.599228517051227,23751.0,1.5106382978723405
779.1992207999999,,24.66777432386613,23896.0,1.3401360544217686
779.3992205999999,5.576849854042391,19.257968981619506,23637.0,1.4166666666666667
779.5992203999999,6.146703114645461,25.117988846749828,24144.0,1.36
779.7992201999999,7.683493457015074,24.867991014126574,24148.0,1.4755244755244756
779.9992199999999,6.77164822167779,32.01448525504885,23674.0,1.5703703703703704
780.1992197999999,5.673072761113275,21.8163537077962,23103.0,1.4233576642335766
780.3992195999999,6.325711247008774,15.067892652930393,22566.0,1.5289855072463767
780.5992193999999,8.251381635653805,22.74227814769993,19723.0,1.4776119402985075
780.7992191999999,5.769333676357088,21.716115113721646,19435.0,1.7709923664122138
780.9992189999999,3.3889901926962693,65.64511117985391,20291.0,2.7384615384615385
781.1992187999999,,70.71649755730017,18582.0,1.6046511627906976
781.3992185999999,,73.26581815775842,20135.0,2.730769230769231
781.5992183999999,2.465526343575124,62.67921037428951,18942.0,1.751937984496124
781.7992181999999,2.973576936299789,65.8082139626099,20361.0,2.723076923076923
781.9992179999999,,96.84721862858908,19706.0,1.65625
782.1992177999999,,33.786142950806806,19801.0,1.816
782.3992175999999,,5.127457710727336,19364.0,1.8699186991869918
782.5992173999999,,3.8223227898512904,19515.0,1.8387096774193548
782.7992171999999,2.390558607109545,2.6893668077367368,19298.0,1.6774193548387097
782.9992169999999,2.3426794506348796,3.217879834476215,19295.0,1.8387096774193548
783.1992167999999,,3.3981892443884374,18964.0,1.8442622950819672
783.3992165999999,2.9255787158269615,2.6769626008505885,19094.0,1.7073170731707317
783.5992163999999,2.813013232909671,2.823288286138965,19119.0,1.8524590163934427
783.7992161999999,,103.99363316541975,21463.0,2.267857142857143
783.9992159999999,,99.42089266255537,22433.0,1.9098360655737705
784.1992157999999,,10.112154144993152,21856.0,1.8770491803278688
784.3992155999999,2.5370833333333334,7.5230479454803065,21600.0,1.8688524590163935
784.5992153999999,,2.7684519421267386,21055.0,1.8677685950413223
784.7992151999999,,2.732583123946662,21240.0,1.860655737704918
784.9992149999999,2.169065936659272,0.6310462281361188,21187.0,1.8760330578512396
785.1992147999999,,295.9533590186421,42317.0,2.9107142857142856
785.3992145999999,,299.40076315787155,20986.0,1.8760330578512396
785.5992143999999,,287.28291939425145,42627.0,3.3452380952380953
785.7992141999999,,287.2804978224591,21047.0,1.8760330578512396
785.9992139999999,,287.707660211886,42696.0,3.3095238095238093
786.1992137999999,2.1418715064200016,1.797928355279976,42757.0,3.3095238095238093
786.3992135999999,,295.22591657256123,20658.0,1.8512396694214877
786.5992133999999,11.536048431480463,35.35179407778146,23621.0,1.9047619047619047
786.7992131999999,,11.025931304976522,23575.0,1.9841269841269842
786.9992129999999,,271.78698500075114,45618.0,3.213872832369942
787.1992127999999,2.2781928605758726,2.0427530702792525,45774.0,3.213872832369942
787.3992125999999,,266.42438181698986,23693.0,2.0403225806451615
787.5992123999999,4.486063464837049,40.136646519574676,23320.0,1.7734375
787.7992121999999,,11.4033380994083,23116.0,1.674074074074074
787.9992119999999,,47.5423764038011,19964.0,1.5703125
788.1992118,,87.61726532944414,20101.0,1.3357664233576643
788.3992116,12.397811792605369,41.18920175928161,18554.0,1.6015625
788.5992114,,242.4047446257566,42982.0,3.2485549132947975
788.7992112,,351.3349199767745,21990.0,1.921875
788.999211,,238.57885596672622,45866.0,3.1235955056179776
789.1992108,6.643795097028638,44.09982732743393,44626.0,3.1714285714285713
789.3992106,,313.6795370419729,21805.0,2.246031746031746
789.5992104,,321.2194173135533,43735.0,3.1954022988505746
789.7992102,3.0455510430127375,8.343582869448197,43336.0,3.2427745664739884
789.99921,3.0924024163568773,3.332510624272077,43040.0,3.2325581395348837
790.1992098,,324.72672234854616,20098.0,2.2845528455284554
790.3992096,,7.044551948176322,19986.0,2.225806451612903
790.5992094,,90.35233860236112,20878.0,1.9606299212598426
790.7992092,,163.36364292998513,18910.0,2.0236220472440944
790.999209,7.662806386327861,49.662548060545646,17788.0,2.104
791.1992088,,12.269367226123594,16592.0,2.1311475409836067
791.3992086,,11.860709938175773,16613.0,2.1487603305785123
791.5992084,4.159861094479703,3.146764068178646,16702.0,2.1475409836065573
791.7992082,3.0910326086956523,4.39964306847927,16928.0,2.1735537190082646
791.999208,2.79625954657526,4.949430359320507,16629.0,2.165289256198347
792.1992078,3.000593788967401,4.609824207852954,16841.0,2.165289256198347
792.3992076,2.73447242206235,4.096794311428043,16680.0,2.1735537190082646
792.5992074,,9.58894297742942,17034.0,2.2
792.7992072,,96.71087362663043,17068.0,1.6111111111111112
792.999207,8.797914398670716,22.54052692640027,17453.0,1.53125
793.1992068,,52.23886301435458,18084.0,1.823076923076923
793.3992066,,60.530485280688254,22935.0,1.8837209302325582
793.5992064,,17.963885291849827,22330.0,1.967741935483871
793.7992062,4.735179109173446,6.565301118765202,22249.0,2.008130081300813
793.999206,3.0165047670444323,1.5655455665786753,22236.0,2.024390243902439
794.1992058,,12.454529290190578,23192.0,1.9767441860465116
794.3992056,,8.971891166881461,22338.0,2.0476190476190474
794.5992054,,4.750941062078676,22621.0,2.031496062992126
794.7992052,,3.378723513357418,22394.0,2.0476190476190474
794.999205,,9.296882715268806,22175.0,2.0476190476190474
795.1992048,,1.9901125364167507,21792.0,2.064516129032258
795.3992046,2.5649204821485863,3.9925467803156103,21819.0,2.032
795.5992044,,17.40431646926285,23992.0,1.8473282442748091
795.7992042,,17.07206727755518,25858.0,1.9343065693430657
795.999204,4.9961573931755305,8.881696350002494,26024.0,1.851063829787234
796.1992038,29.440967819322115,219.8774989150737,29179.0,1.944055944055944
796.3992036,,385.9796462555267,48080.0,2.808080808080808
796.5992034,12.854911916301253,191.13198519013233,38997.0,3.1931818181818183
796.7992032,,188.7517801000352,20487.0,2.7674418604651163
796.999203,17.25001139107851,34.73172296912008,21947.0,2.9
797.1992028,15.746280344557556,40.7149296536693,24263.0,2.878787878787879
797.3992026,6.859576466569892,6.279758137431188,23422.0,2.9160305343511452
797.5992024,13.51557340473003,43.739540715484424,22410.0,3.108527131782946
797.7992022,,122.98916500954286,36712.0,2.8471337579617835
797.999202,,252.53235699053272,20686.0,2.1478260869565218
798.1992018,,2.689241232061288,21070.0,2.163793103448276
798.3992016,,281.97059184470595,43687.0,3.411042944785276
798.5992014,,280.8372783055729,21143.0,2.1810344827586206
798.7992012,,280.9797141446753,43755.0,3.441717791411043
798.999201,,280.39763383590656,21478.0,2.1538461538461537
799.1992008,,192.33990155922024,46818.0,3.0054054054054054
799.3992006,,448.9229432787905,23209.0,1.8652482269503545
799.5992004,,152.1370501677773,16337.0,1.4435483870967742
799.7992002,,13.915946247641473,15407.0,1.6050420168067228
799.9992,,25.88906848830266,15838.0,1.6115702479338843
800.1991998,,6.090114493455924,15330.0,1.4958677685950412
800.3991996,,62.2616869687556,18863.0,1.5190839694656488
800.5991994,,18.90952875162,19619.0,1.676923076923077
800.7991992,10.033887956037246,46.1232626065339,19653.0,1.7384615384615385
800.999199,3.7404851526557925,7.372980140770432,19128.0,1.7364341085271318
801.1991988,2.8558866891322663,3.2564124130015433,18992.0,1.744186046511628
801.3991986,,0.9440759714183234,19270.0,1.7307692307692308
801.5991984,3.1554735419482274,1.3601854754349862,19238.0,1.7307692307692308
801.7991982,10.642782426778243,32.17808690605011,21032.0,1.5985401459854014
801.999198,,119.01163058515263,29510.0,1.5365853658536586
802.1991978,5.043158567774936,69.77786250943646,21896.0,1.6923076923076923
802.3991976,,37.73708274789388,21016.0,1.5648854961832062
802.5991974,,447.39436234005785,43280.0,3.1954022988505746
802.7991972,6.049004074241738,12.033315765593787,44180.0,3.213872832369942
802.999197,,376.5074561280786,23557.0,1.6277372262773722
803.1991968,7.691111293499672,17.786140716771616,24368.0,1.4013157894736843
803.3991966,,55.105110450634925,23029.0,1.2420382165605095
803.5991964,,85.38815117508442,24009.0,1.1402439024390243
803.7991962,,43.05411972894197,22477.0,0.9515151515151515
803.999196,14.023485079171742,45.56527862658749,26272.0,1.290909090909091
804.1991958,24.107993955128453,144.26307965103652,25807.0,1.6783216783216783
804.3991956,,44.298783446999195,20702.0,1.976
804.5991954,5.4834136795379695,30.316554854156305,20951.0,2.096774193548387
804.7991952,6.680683373448487,29.875560586865987,21189.0,2.161290322580645
804.999195,,4.285716606845185,21414.0,2.1507936507936507
805.1991948,,331.21295044706164,43691.0,3.2196531791907512
805.3991946,,333.36203790413344,21180.0,2.152
805.5991944,,2.8793442053913596,21383.0,2.142857142857143
805.7991942,,2.289921542268202,21174.0,2.152
805.999194,,5.637868934606992,21240.0,2.062992125984252
806.1991938,15.833507488679903,75.60483550619679,22968.0,1.6083916083916083
806.3991936,,381.2618852544307,44177.0,3.2514619883040936
806.5991934,,226.16457020137753,21288.0,2.158333333333333
806.7991932,,48.40684107376439,20515.0,1.910569105691057
806.999193,,95.4347487857419,21076.0,3.3628318584070795
807.1991928,,197.7348388708594,40829.0,3.5796178343949046
807.3991926,,205.07543815848607,20042.0,3.2869565217391306
807.5991924,11.402877003282487,48.906949838533095,20716.0,3.074380165289256
807.7991922,8.515861279397033,9.941886074318504,20963.0,2.992
807.999192,,209.17675534722864,39824.0,3.3855421686746987
808.1991918,,201.34326714325485,19319.0,3.128205128205128
808.3991916,,8.221421855338717,19595.0,3.110169491525424
808.5991914,2.3804386364787518,2.2748938403530197,19743.0,3.1367521367521367
808.7991912,,6.152980589859428,19339.0,3.163793103448276
808.999191,2.5487777777777776,74.57943230258509,18000.0,2.0344827586206895
809.1991908,2.505644867592737,73.91671385710747,19221.0,3.1551724137931036
809.3991906,,64.79661132180311,18397.0,2.1367521367521367
809.5991904,,62.42895052723713,19181.0,3.163793103448276
809.7991902,,204.6966586125984,39706.0,3.4207317073170733
809.99919,,251.59919053348926,17986.0,2.0517241379310347
810.1991898,,248.51949397774143,40667.0,3.2705882352941176
810.3991896,,190.2011692388776,20671.0,3.0165289256198347
810.5991894,,186.72426092475393,40614.0,3.2114285714285713
810.7991892,6.8176193884855305,7.356444538407783,39116.0,3.2485549132947975
810.999189,,273.80979128894876,16449.0,1.376
811.1991888,8.004543060310771,32.25515247727266,15188.0,1.4491525423728813
811.3991886,5.158236847450741,4.781022603136522,14769.0,1.4406779661016949
811.5991884,,292.3990458184107,36169.0,3.4060606060606062
811.7991882,,291.4933486006839,14770.0,1.4615384615384615
811.999188,,291.66313069896376,36216.0,3.4060606060606062
812.1991878,2.991752634192089,3.295677772788333,36254.0,3.4390243902439024
812.3991876,,292.9183436474644,14509.0,1.4322033898305084
812.5991874,,278.93702138712456,37339.0,3.3652694610778444
812.7991872,4.977841353809613,6.954133291494022,37051.0,3.4060606060606062
812.999187,,200.36032796263697,18597.0,3.0695652173913044
813.1991868,11.732663877266388,50.67537433845441,17925.0,1.706896551724138
813.3991866,,230.97197447580902,39269.0,3.3855421686746987
813.5991864,,191.07733776232308,19352.0,2.933333333333333
813.7991862,3.3154814776111605,4.279703183557115,19139.0,2.9915254237288136
813.999186,,191.44394794837382,38901.0,3.4060606060606062
814.1991858,,190.06903461595888,19268.0,2.9915254237288136
814.3991856,,8.394518136409104,18788.0,3.017094017094017
814.5991854,,8.211659062418283,19161.0,2.9915254237288136
814.7991852,,191.71597919185015,38935.0,3.4060606060606062
814.999185,,210.57465008164007,19838.0,2.8306451612903225
815.1991848,,206.55515978764447,39049.0,3.3652694610778444
815.3991846,,191.60869478630124,19201.0,2.957983193277311
815.5991844,,18.27541238069824,19042.0,2.8925619834710745
815.7991842,,43.06914934646531,19633.0,2.736
815.999184,8.658460275939888,18.71397662205547,19497.0,2.627906976744186
816.1991838,,184.7295784242317,39677.0,3.1049723756906076
816.3991836,,257.7501246111762,17584.0,1.373015873015873
816.5991834,,274.0968915069141,38653.0,3.159090909090909
816.7991832,,198.86353263978995,18586.0,2.6171875
816.9991829999999,11.06108402638371,17.68960298187519,17435.0,2.712
817.1991827999999,5.131535367873196,10.889598438766036,16908.0,2.7642276422764227
817.3991825999999,,92.76945367847821,14903.0,1.3770491803278688
817.5991823999999,6.879809976247031,4.89786017684933,14735.0,1.371900826446281
817.7991821999999,,103.80155297021085,16393.0,2.7868852459016393
817.9991819999999,3.1865441539220525,1.5912481722337322,16216.0,2.7868852459016393
818.1991817999999,2.4991398377979848,3.732066045429027,16276.0,2.7868852459016393
818.3991815999999,,96.36289864621216,14386.0,1.396694214876033
818.5991813999999,,241.01329744865146,38411.0,3.254335260115607
818.7991811999999,,196.93333226736206,17575.0,2.7642276422764227
818.9991809999999,,211.61327940729083,40639.0,3.238888888888889
819.1991807999999,,25.783959844372543,38020.0,3.175141242937853
819.3991805999999,,247.8775093151204,16923.0,1.734375
819.5991803999999,,263.42457631071136,37026.0,3.2485549132947975
819.7991801999999,,260.26565046238,14923.0,1.360655737704918
819.9991799999999,,10.106162701988849,15305.0,1.7096774193548387
820.1991797999999,,256.43877776359716,36245.0,3.3058823529411763
820.3991795999999,,268.9748683171666,14858.0,1.3495934959349594
820.5991793999999,2.9984871406959153,2.0919205165038375,14542.0,1.3414634146341464
820.7991791999999,,270.6952187829402,35911.0,3.2865497076023393
820.9991789999999,,208.67350815248423,16291.0,2.725806451612903
821.1991787999999,,221.5448062927421,38224.0,3.3448275862068964
821.3991785999999,,26.08825487982982,35921.0,3.2865497076023393
821.5991783999999,2.3844222507392736,0.8152859902979864,35846.0,3.2865497076023393
821.7991781999999,2.742494034075143,2.998922291112857,36038.0,3.280701754385965
821.9991779999999,,223.61645390436132,18161.0,2.6904761904761907
822.1991777999999,,218.59638846664538,36997.0,3.2923976608187133
822.3991775999999,3.801425690050562,9.265693881333736,36193.0,3.3058823529411763
822.5991773999999,,202.15563866813588,16651.0,2.7154471544715446
822.7991771999999,,201.92474382732667,36223.0,3.276470588235294
822.9991769999999,,200.88057902582025,16519.0,2.707317073170732
823.1991767999999,,202.4914603555486,36108.0,3.2705882352941176
823.3991765999999,2.3693224331439655,0.9927441220998651,36085.0,3.331360946745562
823.5991763999999,,201.19403939462543,16544.0,2.707317073170732
823.7991761999999,2.369998172848529,3.6740174960066487,16419.0,2.707317073170732
823.9991759999999,2.4863625392227853,1.2883963171375898,16572.0,2.707317073170732
824.1991757999999,,201.74309948887725,36028.0,3.3254437869822486
824.3991755999999,,208.47506717888888,16249.0,2.7295081967213113
824.5991753999999,,15.514174657305347,18206.0,2.6507936507936507
824.7991751999999,,232.04606523407998,39094.0,3.3505747126436782
824.9991749999999,,29.139129558588404,36828.0,3.2790697674418605
825.1991747999999,13.537547635059404,42.63101768986105,40149.0,2.9732620320855614
825.3991745999999,7.480966509101881,14.599400777938554,39772.0,3.088888888888889
825.5991743999999,3.6378393578403805,8.520651737219495,39118.0,3.175141242937853
825.7991741999999,,190.459218113505,19057.0,2.7734375
825.9991739999999,,196.89554488233242,38379.0,3.2196531791907512
826.1991737999999,2.3916615003099815,1.0033995622787657,38712.0,3.2298850574712645
826.3991735999999,2.2002643582832264,1.5144006483659744,38584.0,3.2427745664739884
826.5991733999999,2.306117683686177,1.6597845386088994,38544.0,3.2485549132947975
826.7991731999999,2.1721547937729033,0.9409951481454811,38477.0,3.2485549132947975
826.9991729999999,,229.85025133741757,17651.0,1.880952380952381
827.1991727999999,,229.75968239137984,38497.0,3.2485549132947975
827.3991725999999,2.154087642373453,0.2883736291155788,38543.0,3.2485549132947975
827.5991723999999,2.1590393491355706,1.385532499546192,38349.0,3.208092485549133
827.7991721999999,2.157277117191962,0.22108437223623495,38518.0,3.2427745664739884
827.9991719999999,2.1573808903931266,0.8711983767587831,38410.0,3.254335260115607
828.1991717999999,2.2375674759433593,0.20958065443431073,38347.0,3.2485549132947975
828.3991715999999,2.1562157650372997,0.48051753032973304,38338.0,3.213872832369942
828.5991713999999,7.029767160263364,19.06887064533308,39641.0,3.157303370786517
828.7991711999999,3.8337330135891285,8.462939647031776,38781.0,3.159090909090909
828.9991709999999,3.557887429242764,12.5374446259108,37452.0,3.2241379310344827
829.1991707999999,2.7203837447450683,4.176361670506747,37108.0,3.235632183908046
829.3991705999999,2.3501176979896643,1.2027889680746884,36959.0,3.2298850574712645
829.5991703999999,2.1966166527489697,2.802544988017184,37123.0,3.235632183908046
829.7991701999999,2.2943259535587814,3.5993212218468855,36993.0,3.2298850574712645
829.9991699999999,2.197090161717778,2.1006071454660193,36978.0,3.2298850574712645
830.1991697999999,2.4483716914442977,1.4123526169370457,37063.0,3.2298850574712645
830.3991695999999,,255.73142504495956,18708.0,1.8267716535433072
830.5991693999999,11.24782671341434,31.957345256132847,20821.0,2.9763779527559056
830.7991691999999,,169.42943407110062,43606.0,3.0718232044198897
830.9991689999999,,270.466276310655,21093.0,1.7846153846153847
831.1991687999999,8.52304065474602,34.36337574042756,22482.0,2.0606060606060606
831.3991685999999,9.811015642211942,90.14466243698904,22695.0,2.0238095238095237
831.5991683999999,15.800576465182338,146.9554829060144,23939.0,2.134920634920635
831.7991681999999,12.540488816235397,91.99581638065933,25081.0,1.9772727272727273
831.9991679999999,,344.8619685512308,43982.0,3.2514619883040936
832.1991677999999,2.9809793790864614,4.084991755288002,43742.0,3.276470588235294
832.3991675999999,3.156982119100769,6.978232685622657,44349.0,3.3
832.5991673999999,2.992303722485247,3.940913664793765,44567.0,3.2958579881656807
832.7991671999999,,322.9030431461871,21383.0,2.0
832.9991669999999,2.9519806808154927,6.743425451554047,21533.0,2.049586776859504
833.1991668,2.925736829890926,3.933047013977709,21545.0,2.074380165289256
833.3991666,3.6191737534272037,2.6523588129642186,21519.0,1.983739837398374
833.5991664,4.645955451348183,5.792221921598175,21325.0,2.0
833.7991662,,4.56763029228838,21116.0,2.033333333333333
833.999166,3.0273172122191077,2.970818808461352,21049.0,2.0416666666666665
834.1991658,,331.03070489561964,44568.0,3.3452380952380953
834.3991656,,327.8255231533417,21120.0,2.0082644628099175
834.5991654,,48.11264448653895,20246.0,1.880952380952381
834.7991652,,83.53578678840591,19977.0,1.8045112781954886
834.999165,4.6541970310391365,16.067350135516445,18525.0,1.864
835.1991648,,411.0177493945412,41573.0,3.3652694610778444
835.3991646,,407.54642528273814,17697.0,1.9576271186440677
835.5991644,,15.092233457385785,17734.0,1.8403361344537814
835.7991642,,404.3102556293847,41449.0,3.3452380952380953
835.999164,2.31807989970345,1.4682900836003887,41477.0,3.3452380952380953
836.1991638,,401.70525695562026,18058.0,1.834710743801653
836.3991636,3.928769605345111,2.4445270425925343,17661.0,1.8181818181818181
836.5991634,,8.276831499243254,17780.0,1.7377049180327868
836.7991632,,9.659018719307742,17315.0,1.7666666666666666
836.999163,2.9499071279312745,0.6094213322954704,17228.0,1.7583333333333333
837.1991628,,2.6252224340058654,16977.0,1.7563025210084033
837.3991626,,423.8840443965212,40385.0,3.3592814371257487
837.5991624,,422.54023542417764,17242.0,1.7666666666666666
837.7991622,2.418017600741084,0.7852526629353545,17272.0,1.7666666666666666
837.999162,2.4142566191446027,1.0008305608262538,17185.0,1.7666666666666666
838.1991618,,420.71196742152,40219.0,3.3855421686746987
838.3991616,,421.6275612871591,17233.0,1.781512605042017
838.5991614,,2.9937172174433195,17051.0,1.7881355932203389
838.7991612,2.4967301007482474,0.94419420866031,16973.0,1.7796610169491525
838.999161,2.4545240339302543,0.24394238109345434,16976.0,1.7796610169491525
839.1991608,2.6389181594661046,1.916014298705189,17082.0,1.7881355932203389
839.3991606,,391.2937764334376,42090.0,3.2413793103448274
839.5991604,,512.8600111214353,17921.0,1.7099236641221374
839.7991602,,64.20979625286705,16225.0,1.7380952380952381
839.99916,14.823642364236424,25.418428783681215,16665.0,1.688
840.1991598,11.27644406531806,35.975238769403845,16412.0,1.6129032258064515
840.3991596,9.402085897518948,16.803817411053824,15437.0,1.65
840.5991594,16.606749007498898,22.48790132475969,18136.0,1.6015625
840.7991592,7.058099599313108,19.078816348261903,17470.0,1.7603305785123966
840.999159,6.386670724284845,17.595890162674255,16430.0,1.7083333333333333
841.1991588,,12.079280576064614,16057.0,1.5416666666666667
841.3991586,,22.2057122405288,15019.0,1.5254237288135593
841.5991584,,23.436120891545993,15718.0,1.5083333333333333
841.7991582,,10.355990423100833,15449.0,1.5083333333333333
841.999158,,3.806894940616659,15030.0,1.5169491525423728
842.1991578,,5.690079510012873,14916.0,1.495798319327731
842.3991576,,4.22397357280694,14649.0,1.5169491525423728
842.5991574,,2.8474653768458107,14829.0,1.5254237288135593
842.7991572,,1.7294385997611965,14492.0,1.5128205128205128
842.999157,2.706555455986765,0.7413543920871356,14507.0,1.5128205128205128
843.1991568,,3.149341379977633,14701.0,1.5
843.3991566,,2.708177463088227,14436.0,1.5128205128205128
843.5991564,,3.5160315805042814,14458.0,1.4915254237288136
843.7991562,,3.01019954111591,14412.0,1.5213675213675213
843.999156,,3.091392678313449,14572.0,1.5084745762711864
844.1991558,,6.396093638913895,14686.0,1.5128205128205128
844.3991556,7.0038015463917525,7.794590039570911,15520.0,1.5213675213675213
844.5991554,,10.551303794629684,14827.0,1.5169491525423728
844.7991552,,3.5125931259153793,14606.0,1.5213675213675213
844.999155,2.7454344979670595,3.102333106803838,14511.0,1.5128205128205128
845.1991548,2.6632828040331984,0.7281957952323919,14579.0,1.5213675213675213
845.3991546,,3.7995744127871713,14774.0,1.5084745762711864
845.5991544,2.591501493347814,0.3586670835196082,14732.0,1.5
845.7991542,,3.011915935732086,14423.0,1.543103448275862
845.999154,2.5606645525989244,0.6056796681233173,14506.0,1.5258620689655173
846.1991538,,2.9010997416327977,14520.0,1.5042735042735043
846.3991536,5.1480660757453665,8.725089117709771,14892.0,1.495798319327731
846.5991534,4.415277586444414,5.307910400484953,14518.0,1.5128205128205128
846.7991532,3.318234610917538,6.5180251184073486,14637.0,1.5299145299145298
846.999153,3.286462641301351,5.025049719451741,14508.0,1.5128205128205128
847.1991528,2.8201448775439806,0.8232441514158205,14495.0,1.5213675213675213
847.3991526,2.9145714682594805,1.3503196339442605,14398.0,1.5213675213675213
847.5991524,2.633556392025652,1.4460207820070738,14346.0,1.5042735042735043
847.7991522,21.783041816286342,17.826730841110862,17266.0,1.5403225806451613
847.999152,,28.266965787141597,19740.0,1.6692307692307693
848.1991518,10.885097682871422,18.976468124871015,22010.0,1.6715328467153285
848.3991516,13.7348930262943,34.3483682615412,24492.0,1.7388059701492538
848.5991514,7.2638922888616895,26.839131435201768,24510.0,1.9541984732824427
848.7991512,6.313532774688699,21.460395193795915,25538.0,1.946969696969697
848.999151,,54.64007964782382,24693.0,1.946969696969697
849.1991508,4.81781045751634,47.59624248476088,23256.0,2.015625
849.3991506,,366.77128525371404,46486.0,3.2114285714285713
849.5991504,7.129909749586882,52.67404370902074,47202.0,2.778409090909091
849.7991502,,323.5975060362216,27170.0,2.022727272727273
849.99915,3.5075867186050824,13.547016385318905,26955.0,2.0692307692307694
850.1991498,2.71456419868791,8.242524691025839,26675.0,2.1015625
850.3991496,,1263.5936120516637,5567.0,6.896551724137931
850.5991494,,1228.134477902987,26346.0,2.053435114503817
850.7991492,,342.88015354185967,46962.0,2.989247311827957
850.999149,,160.691689058256,21670.0,2.2113821138211383
851.1991488,,263.88596896044237,42356.0,3.2732558139534884
851.3991486,6.408135853401132,24.72690276646171,41692.0,3.2298850574712645
851.5991484,,248.8477727108677,19374.0,1.721311475409836
851.7991482,,101.82253015878958,20414.0,2.926829268292683
851.999148,,96.2178212547763,18146.0,1.75
852.1991478,,86.63764852463125,19663.0,3.0588235294117645
852.3991476,2.889349628982977,70.52277290113229,18328.0,1.9663865546218486
852.5991474,2.5527042224721397,75.49292589848089,19562.0,3.0847457627118646
852.7991472,2.537472238004235,2.877326015670118,19361.0,3.111111111111111
852.999147,3.152497808939527,1.1204931372596305,19397.0,3.111111111111111
853.1991468,3.4919367383977185,0.5360999067187474,19285.0,3.1025641025641026
853.3991466,3.8289582301469376,66.60225742540041,18171.0,1.982905982905983
853.5991464,2.6694448731800176,76.8313364589684,19437.0,3.1206896551724137
853.7991462,2.6145948332965334,74.05850814628299,18116.0,2.0517241379310347
853.999146,,3.3353671658909,17801.0,2.0434782608695654
854.1991458,,75.20255151814803,19314.0,3.1206896551724137
854.3991456,2.3648835536870054,71.27121839947274,18077.0,2.0172413793103448
854.5991454,,244.10327214016445,39103.0,3.4478527607361964
854.7991452,,249.89540656317288,18067.0,1.8189655172413792
854.999145,4.307114646492741,3.084714223425148,17977.0,1.8275862068965518
855.1991448,,257.22403636722083,39430.0,3.355421686746988
855.3991446,,188.5824538058917,19022.0,2.9745762711864407
855.5991444,,194.69704429519075,38773.0,3.426829268292683
855.7991442,,200.42858067056767,19775.0,2.9166666666666665
855.999144,4.29958762886598,12.925431309425926,19400.0,2.9159663865546217
856.1991438,,184.69700020207046,39171.0,3.2674418604651163
856.3991436,4.359255761721243,3.9093548200239194,39181.0,3.3176470588235296
856.5991434,,189.22307019239994,19390.0,2.9745762711864407
856.7991432,,19.03448048394571,18711.0,3.043859649122807
856.999143,,197.79339594286182,38497.0,3.4906832298136647
857.1991428,,183.5704951515123,18552.0,3.0982142857142856
857.3991426,2.582386822414814,1.819574003554913,18577.0,3.0982142857142856
857.5991424,2.429165316920419,1.4484275768016042,18522.0,3.0982142857142856
857.7991422,,186.12804926898804,38103.0,3.5345911949685536
857.999142,,186.32697884128686,18523.0,3.0982142857142856
858.1991418,,5.726796811195602,18159.0,3.1545454545454548
858.3991416,,191.75810753976432,38021.0,3.518987341772152
858.5991414,,186.15677884409612,18457.0,3.126126126126126
858.7991412,,186.16410868339852,37954.0,3.5569620253164556
858.999141,,185.56279639620232,18546.0,3.126126126126126
859.1991408,,6.7762382195624635,18176.0,3.1545454545454548
859.3991406,,6.529968901192926,18377.0,3.126126126126126
859.5991404,2.4026972864648215,2.2910451004087933,18463.0,3.126126126126126
859.7991402,,9.744419554939086,18040.0,3.1545454545454548
859.99914,,7.8989291156966805,18392.0,3.126126126126126
860.1991398,,186.36476516297336,37970.0,3.5569620253164556
860.3991396,,186.37893635404217,18419.0,3.126126126126126
860.5991394,2.4264681825617536,2.3392341665073926,18339.0,3.126126126126126
860.7991392,,5.618199615016687,18045.0,3.1545454545454548
860.9991389999999,,8.159644503613123,18404.0,3.126126126126126
861.1991387999999,,184.94236151227324,37822.0,3.5569620253164556
861.3991385999999,,185.9547716642114,18370.0,3.126126126126126
861.5991383999999,,186.8508572357928,37793.0,3.550632911392405
861.7991381999999,,189.8555878246468,18088.0,3.18348623853211
861.9991379999999,2.4398352632207234,72.60306478012689,16754.0,1.990909090909091
862.1991377999999,,78.0179527866888,18414.0,3.1545454545454548
862.3991375999999,2.5447793559579313,1.4794908889338838,18446.0,3.1545454545454548
862.5991373999999,2.585924266433528,1.8644810044719369,18301.0,3.1545454545454548
862.7991371999999,,185.91656270035486,37828.0,3.6153846153846154
862.9991369999999,2.197880794701987,0.25070091817096024,37750.0,3.573248407643312
863.1991367999999,,185.05323767321286,18348.0,3.1545454545454548
863.3991365999999,,185.0831027559263,37757.0,3.5796178343949046
863.5991363999999,2.289677077818952,0.9997511026906183,37780.0,3.5796178343949046
863.7991361999999,2.234058851497702,1.1447593534540916,37858.0,3.5796178343949046
863.9991359999999,2.271528603514335,0.8877846377766686,37845.0,3.5796178343949046
864.1991357999999,2.269684048836039,1.0687700028683629,37759.0,3.5796178343949046
864.3991355999999,,186.15549946988077,18574.0,3.1171171171171173
864.5991353999999,2.939407125373946,3.261916796945808,18385.0,3.1454545454545455
864.7991351999999,3.5808799387107366,3.0158144153279967,18274.0,3.1545454545454548
864.9991349999999,,183.58049158653785,37619.0,3.573248407643312
865.1991347999999,,228.34911707981814,16664.0,2.0458715596330275
865.3991345999999,,228.9710146191347,37592.0,3.6025641025641026
865.5991343999999,2.2335009177240446,1.066634177285706,37593.0,3.5796178343949046
865.7991341999999,,190.47935928377152,17858.0,3.1743119266055047
865.9991339999999,,190.3616245215751,37647.0,3.5796178343949046
866.1991337999999,2.2019677000185633,1.732776594191267,37709.0,3.5796178343949046
866.3991335999999,,190.18433220887894,17936.0,3.1743119266055047
866.5991333999999,,189.0260179134596,37667.0,3.5796178343949046
866.7991331999999,,182.77905832223072,18207.0,3.1454545454545455
866.9991329999999,,183.80084386563323,37661.0,3.6025641025641026
867.1991327999999,,190.12665436203062,17929.0,3.1743119266055047
867.3991325999999,,7.839353960559038,18309.0,3.1454545454545455
867.5991323999999,2.5564050382267203,1.4668925908412394,18181.0,3.1545454545454548
867.7991321999999,2.6118778526407302,3.383656206299437,18404.0,3.1454545454545455
867.9991319999999,2.6545863260047153,2.4321382911672593,18239.0,3.1545454545454548
868.1991317999999,2.307510576341959,0.457018363243663,18201.0,3.1454545454545455
868.3991315999999,,8.392716023832646,17869.0,3.1743119266055047
868.5991313999999,,10.87310778962441,18325.0,3.1454545454545455
868.7991311999999,2.2990220182483747,1.0551803690028894,18303.0,3.1454545454545455
868.9991309999999,2.8287332307015616,4.048445476478748,18188.0,3.1743119266055047
869.1991307999999,,184.22883963557305,37617.0,3.5961538461538463
869.3991305999999,2.367833802667233,0.18908682844701122,37642.0,3.6025641025641026
869.5991303999999,,189.4743091885561,17808.0,3.2037037037037037
869.7991301999999,,6.833947882699096,18693.0,3.1171171171171173
869.9991299999999,,187.52506675743868,37909.0,3.5477707006369426
870.1991297999999,,182.93685230478195,18482.0,3.1454545454545455
870.3991295999999,,7.817506950739089,18056.0,3.1743119266055047
870.5991293999999,,188.84556090492705,37868.0,3.5796178343949046
870.7991291999999,,187.80396571954353,18174.0,3.1743119266055047
870.9991289999999,,7.544073499962244,18530.0,3.1454545454545455
871.1991287999999,2.4259591836734695,2.4309085501197605,18375.0,3.1454545454545455
871.3991285999999,2.3177926822618464,0.27029106051388435,18339.0,3.1454545454545455
871.5991283999999,,5.648308812429406,18150.0,3.1743119266055047
871.7991281999999,,4.76750108197358,18318.0,3.1454545454545455
871.9991279999999,,184.9331787514514,37888.0,3.5796178343949046
872.1991277999999,2.226971338000264,1.1274073273356506,37855.0,3.5923566878980893
872.3991275999999,,183.001946104049,18483.0,3.1454545454545455
872.5991273999999,2.3908927697078504,2.163128886808075,18381.0,3.1454545454545455
872.7991271999999,,183.77605427040027,37951.0,3.5796178343949046
872.9991269999999,,183.66743610872078,18317.0,3.1454545454545455
873.1991267999999,2.308189421092647,2.4040339335593437,18414.0,3.1454545454545455
873.3991265999999,,183.52679688809835,37883.0,3.5796178343949046
873.5991263999999,,184.16633997272524,18467.0,3.1171171171171173
873.7991261999999,2.4976138828633405,1.502866260903808,18440.0,3.108108108108108
873.9991259999999,2.3157637872132746,0.9763217149075508,18441.0,3.108108108108108
874.1991257999999,2.6333714161362276,1.5931379158023187,18381.0,3.1454545454545455
874.3991255999999,,183.72490679124175,37900.0,3.5796178343949046
874.5991253999999,,200.44875629606702,19114.0,2.905982905982906
874.7991251999999,6.057628247834777,10.165825784020607,18012.0,2.982456140350877
874.9991249999999,18.21387923654127,38.22688030071803,19857.0,2.549618320610687
875.1991247999999,12.690575972490866,11.647261594609514,18612.0,2.6171875
875.3991245999999,12.538188761593016,24.727347832779586,18330.0,2.8306451612903225
875.5991243999999,5.751065457327068,11.845296429269759,18302.0,2.808
875.7991241999999,15.545805998125585,160.14441687652314,17072.0,1.5118110236220472
875.9991239999999,,33.66158716982359,18417.0,1.8968253968253967
876.1991237999999,,235.28282255318442,40632.0,3.3254437869822486
876.3991235999999,,260.00318838554693,20135.0,2.12396694214876
876.5991233999999,5.973756634558679,15.0845988334481,20348.0,1.8512396694214877
876.7991231999999,,235.4131475960212,41815.0,3.3293413173652695
876.9991229999999,4.574712090976847,15.962114699357011,41593.0,3.3254437869822486
877.1991227999999,,297.4165623218661,19340.0,2.0083333333333333
877.3991225999999,,53.101721848041876,20958.0,2.1610169491525424
877.5991223999999,,257.01758736872046,45469.0,3.4207317073170733
877.7991221999999,,315.6573189243636,24513.0,2.3333333333333335
877.9991219999999,3.5491575331261247,16.36220755991207,24452.0,2.408695652173913
878.1991218,,312.9194531567823,45855.0,3.0185185185185186
878.3991216,,312.312514643918,24133.0,2.4298245614035086
878.5991214,,304.43690676480037,46462.0,3.432098765432099
878.7991212,,304.9622026094947,24204.0,2.4260869565217393
878.999121,,3.0026933932326907,24441.0,2.417391304347826
879.1991208,2.3624279111620106,0.9297832069598663,24449.0,2.4051724137931036
879.3991206,,60.98633223290817,21247.0,2.103448275862069
879.5991204,,10.759749092641002,20277.0,2.076923076923077
879.7991202,18.52308370907665,152.7030200366138,20404.0,1.886178861788618
879.99912,,61.26619981370492,18838.0,1.7560975609756098
880.1991198,6.19936988724298,24.968766347948275,18092.0,1.6910569105691058
880.3991196,,44.52503075088773,16788.0,1.596774193548387
880.5991194,5.846489897457679,12.572472381741633,16481.0,1.5528455284552845
880.7991192,4.397431101134805,18.74086035964982,16038.0,1.5
880.999119,,1.603099155655238,15942.0,1.5378151260504203
881.1991188,,9.045118351745614,16097.0,1.5916666666666666
881.3991186,17.303279631760645,90.93773255123943,17380.0,1.696
881.5991184,10.932311391644124,46.27027951819612,16635.0,1.8699186991869918
881.7991182,,13.253377297129617,15427.0,2.0085470085470085
881.999118,8.70854306005654,12.878044073010782,14503.0,1.956896551724138
882.1991178,,16.12916440164395,14380.0,1.9
882.3991176,9.401743211532015,11.864292834258094,14915.0,1.8677685950413223
882.5991174,8.734458259325045,24.96094035835596,14638.0,1.9655172413793103
882.7991172,7.066553143181496,13.738851890575718,14094.0,1.9736842105263157
882.999117,4.749076421586381,4.973652294297147,13805.0,1.9823008849557522
883.1991168,,5.364419487690209,13373.0,1.9910714285714286
883.3991166,,3.2540437783813205,13772.0,2.0
883.5991164,3.1065772998453265,2.45314555481504,13577.0,1.9821428571428572
883.7991162,2.9915501165501164,1.1855099099068467,13728.0,1.9910714285714286
883.999116,17.2137891809909,56.283980413907024,15824.0,1.8916666666666666
884.1991158,7.2020134228187915,19.87719579820667,14900.0,2.0
884.3991156,5.400446958586493,17.512125641963234,14319.0,2.017857142857143
884.5991154,3.061659910390442,4.450286983504887,14061.0,2.036036036036036
884.7991152,3.3844163312248416,7.880854635923889,13912.0,2.027027027027027
884.999115,2.865270308519672,6.898966070286671,14132.0,2.036036036036036
885.1991148,2.7420901932712956,3.8861772247221547,13970.0,2.027027027027027
885.3991146,2.6715999712623035,0.5336175418260538,13919.0,2.027027027027027
885.5991144,2.595690839418697,2.948919418306498,13831.0,2.027027027027027
885.7991142,,519.4153250047098,35928.0,3.6025641025641026
885.999114,,521.0395648856133,13896.0,2.0454545454545454
886.1991138,,3.1185170108107476,13520.0,2.0458715596330275
886.3991136,4.126426559952572,5.018953345394657,13494.0,2.0458715596330275
886.5991134,16.492999637286907,29.979733721599015,13785.0,2.018018018018018
886.7991132,,14.371341557596958,13425.0,2.018181818181818
886.999113,3.2091810119979134,5.991920809963568,13419.0,2.0090909090909093
887.1991128,3.6098287416232315,6.484483579467763,13430.0,2.0
887.3991126,3.161157949712751,2.943154477104021,13403.0,1.990909090909091
887.5991124,3.1507394339764283,2.686020533516215,13321.0,1.981818181818182
887.7991122,,5.325787424623339,13315.0,1.9727272727272727
887.999112,,3.5315147141733463,13332.0,1.981818181818182
888.1991118,17.546754380076525,53.3314836257422,14897.0,2.0258620689655173
888.3991116,5.386249490973259,15.120352636419794,14734.0,2.043859649122807
888.5991114,,1.3595204946577668,14376.0,2.0442477876106193
888.7991112,39.936493225649855,80.34174906105441,22659.0,1.619718309859155
888.999111,10.046312414109025,43.12693279039384,21830.0,1.8951612903225807
889.1991108,,45.16173460073367,24467.0,1.9922480620155039
889.3991106,,105.19534623621075,23306.0,2.1129032258064515
889.5991104,19.919965502371713,187.25771809003308,23190.0,2.112
889.7991102,,1124.6482381095364,5770.0,7.0
889.99911,,1004.9864771416272,21398.0,1.8031496062992125
890.1991098,,44.882833049441814,20969.0,1.6616541353383458
890.3991096,,38.55038310060378,20579.0,1.832
890.5991094,4.3205498555633035,13.938638286979735,20078.0,1.8688524590163935
890.7991092,2.4957646233271515,1.7525155025824954,19951.0,1.8760330578512396
890.999109,2.426983098170215,3.7679831516394353,20057.0,2.0165289256198347
891.1991088,2.6350822632423756,2.2123196701170236,19936.0,1.8760330578512396
891.3991086,2.5035049068696176,2.705352180324177,19972.0,2.041322314049587
891.5991084,2.2942235558889723,0.8827847665118874,19995.0,2.024793388429752
891.7991082,2.7079323926808594,1.3824364009139274,20057.0,2.090909090909091
891.999108,,40.579737392948076,20785.0,1.853846153846154
892.1991078,,69.16730665305042,21799.0,2.8897637795275593
892.3991076,,77.28470658007603,19692.0,1.9274193548387097
892.5991074,,10.425840621208566,19248.0,1.935483870967742
892.7991072,4.059270889553996,65.89042847079891,20381.0,2.9596774193548385
892.999107,,31.72909553192069,20267.0,2.732824427480916
893.1991068,,36.43872233083455,19732.0,2.7364341085271318
893.3991066,4.844905505341003,15.109728338214921,19472.0,2.744186046511628
893.5991064,3.494469140907681,4.204715645870234,19346.0,2.75968992248062
893.7991062,2.8763922140106173,0.6105293265169156,19214.0,2.8031496062992125
893.999106,2.887907465825447,6.87538745815747,19020.0,2.765625
894.1991058,2.7851360467731054,71.1836046692361,17788.0,1.75
894.3991056,3.286780829069646,71.95072667823719,19154.0,2.765625
894.5991054,3.1038670002084636,0.5470470780034247,19188.0,2.744186046511628
894.7991052,,95.5709311283295,20261.0,1.71875
894.999105,,76.88535472216805,23264.0,2.9133858267716537
895.1991048,7.736936853766617,78.92158542897582,21664.0,2.0
895.3991046,6.263228399196249,5.5264358277627155,20902.0,1.874015748031496
895.5991044,2.8332851080246915,4.264974623020441,20736.0,1.7857142857142858
895.7991042,2.951274542748788,4.148806911805158,20831.0,1.9285714285714286
895.999104,2.6766891891891893,1.9060068452613028,20720.0,1.9603174603174602
896.1991038,2.655980554026784,55.945891349781846,21804.0,2.9365079365079363
896.3991036,2.365015704276395,54.62678933592067,20695.0,1.9285714285714286
896.5991034,7.717085919634107,24.45754276040218,21427.0,1.696969696969697
896.7991032,5.129176814417925,20.593333212808062,20530.0,1.9206349206349207
896.999103,,4.2885708632280775,20306.0,1.9516129032258065
897.1991028,2.610048799920327,4.292952871287221,20082.0,1.935483870967742
897.3991026,,4.721504201136823,20402.0,1.9444444444444444
897.5991024,2.2857915171769796,1.657898856831878,20347.0,1.976
897.7991022,2.381127091282653,3.114757759924516,20442.0,1.936
897.999102,2.315399705738107,0.7544430652927313,20390.0,1.96
898.1991018,10.94266735761059,26.089714342111243,21227.0,1.8473282442748091
898.3991016,,264.8255559576198,41805.0,2.99468085106383
898.5991014,,206.35792667476267,18020.0,1.578125
898.7991012,4.844086021505376,69.77871408444379,18972.0,2.5669291338582676
898.999101,,31.967881962031782,19272.0,2.6587301587301586
899.1991008,6.034421797004992,21.472593447742035,19232.0,2.6991869918699187
899.3991006,3.6137773771013415,3.839749762109652,18857.0,2.721311475409836
899.5991004,2.6240513094601816,1.1123718769173871,18710.0,2.721311475409836
899.7991002,2.7466385446875825,2.654476723970813,18965.0,2.6991869918699187
899.9991,2.7297682521247952,2.588328397298235,18943.0,2.6910569105691056
900.1990998,2.392127895320002,1.6404325669794915,18953.0,2.6910569105691056
900.3990996,2.3310117302052786,1.6647190596217374,19096.0,2.721311475409836
900.5990994,2.5558856294095804,1.551565868059427,18851.0,2.721311475409836
900.7990992,2.3594056778986467,0.49054100465064887,18845.0,2.7131147540983607
900.999099,,7.366547509410109,18516.0,2.743801652892562
901.1990988,,7.262597229591366,18795.0,2.7131147540983607
901.3990986,2.6804906542056073,1.4312188891423843,18832.0,2.7131147540983607
901.5990984,3.0177704253161854,5.4239661236891195,18739.0,2.721311475409836
901.7990982,,20.53981375475255,18528.0,2.6693548387096775
901.999098,3.060887512899897,7.037686113543985,18411.0,2.682926829268293
902.1990978,2.614106674438939,64.80262075106343,17155.0,1.6504065040650406
902.3990976,,73.17368734454071,18749.0,2.661290322580645
902.5990974,2.3665070740760665,2.861776419402765,18589.0,2.661290322580645
902.7990972,2.7720188091086806,5.4379494922289595,18927.0,2.661290322580645
902.999097,2.8581449306642206,6.082139059358905,18533.0,2.661290322580645
903.1990968,2.576854003803085,4.551973628116958,18932.0,2.64
903.3990966,2.4441294463760364,5.235127082568656,18695.0,2.661290322580645
903.5990964,5.0598107387462745,17.850359272266,19127.0,2.68
903.7990962,19.082501188777936,92.99757401544423,21030.0,1.5142857142857142
903.999096,9.07865402646109,96.18689169081853,19198.0,2.7016129032258065
904.1990958,3.293194816097382,4.745625766671294,19059.0,2.7235772357723578
904.3990956,2.7441040218993473,3.9334496670900996,18996.0,2.7235772357723578
904.5990954,,75.04783431736442,17822.0,1.632
904.7990952,,66.85698882915152,18845.0,2.693548387096774
904.999095,2.64666737649063,2.615987089625732,18784.0,2.693548387096774
905.1990947999999,,11.016838245802798,18249.0,2.7154471544715446
905.3990945999999,,7.333608997292542,18410.0,2.693548387096774
905.5990943999999,13.792501107120012,19.217034130493197,20323.0,2.595419847328244
905.7990941999999,16.779237904692614,55.072926554010735,21992.0,1.4647887323943662
905.9990939999999,12.653010101010102,46.03034950685677,24750.0,1.2666666666666666
906.1990937999999,5.4630995504735305,39.395305095392914,22913.0,1.4496644295302012
906.3990935999999,8.582520502741787,64.44812310984592,20607.0,2.677165354330709
906.5990933999999,6.14038596140386,6.688089502093034,20002.0,2.6984126984126986
906.7990931999999,5.0328944074500575,2.660357802665223,19973.0,2.6904761904761907
906.9990929999999,2.4113089848073246,1.6614902221129577,19878.0,2.6904761904761907
907.1990927999999,2.542113240229512,63.580436022581694,18474.0,1.72
907.3990925999999,3.2737500630644267,58.84288989216517,19821.0,2.72
907.5990923999999,2.808943295057919,1.1139809864559107,19769.0,2.72
907.7990921999999,,62.57286894367397,18537.0,1.688
907.9990919999999,,34.419382138325645,21794.0,1.5683453237410072
908.1990917999999,3.6673143452916923,13.940556999762922,21101.0,1.6492537313432836
908.3990915999999,2.4135445319169118,2.4550972141480654,21086.0,1.6541353383458646
908.5990913999999,11.815062985794693,28.272133265714178,22386.0,1.5492957746478873
908.7990911999999,4.573430952266269,15.60556950684011,20761.0,1.5735294117647058
908.9990909999999,4.150859998078216,5.5836763904731335,20814.0,1.6176470588235294
909.1990907999999,3.0459338437093746,4.623838279911241,20769.0,1.6176470588235294
909.3990905999999,2.5583296831654256,3.4596505453588176,20547.0,1.6
909.5990903999999,,15.570836056666666,22426.0,1.5217391304347827
909.7990901999999,,22.49592715665941,22593.0,1.7037037037037037
909.9990899999999,6.449995313525166,10.924113409099949,21338.0,1.7575757575757576
910.1990897999999,5.221995830174374,12.51250073427364,21104.0,1.7633587786259541
910.3990895999999,2.4191041020802446,58.51337303942185,22257.0,2.732824427480916
910.5990893999999,2.2498812351543944,55.739467475715564,21050.0,1.786259541984733
910.7990891999999,2.470124441911276,3.1499746032808056,21054.0,1.7557251908396947
910.9990889999999,10.354110464290786,23.2110225770589,21129.0,1.6277372262773722
911.1990887999999,4.775883188789259,11.388145654137634,20409.0,1.6742424242424243
911.3990885999999,2.586464759768181,60.13907211138982,21396.0,2.6515151515151514
911.5990883999999,,878.8091826189477,5776.0,7.0344827586206895
911.7990881999999,,918.043781052197,20349.0,1.8625954198473282
911.9990879999999,2.354821127737588,5.035621240779302,20182.0,1.7099236641221374
912.1990877999999,,245.0845247892729,43475.0,3.2032967032967035
912.3990875999999,,222.87802229934093,21940.0,2.4782608695652173
912.5990873999999,5.550047348484848,7.67300500479368,21120.0,2.514705882352941
912.7990871999999,15.485433571219083,69.19346594655313,20458.0,2.381294964028777
912.9990869999999,23.369585444019435,197.12062271579623,19346.0,1.4525547445255473
913.1990867999999,,64.68491132007371,21763.0,1.7196969696969697
913.3990865999999,,214.43046907580927,45948.0,3.159090909090909
913.5990863999999,,421.1498973487852,23549.0,2.1219512195121952
913.7990861999999,,88.2221480989651,21469.0,1.8790322580645162
913.9990859999999,10.8623446730495,96.14059196454254,19636.0,1.9365079365079365
914.1990857999999,6.3812480434102055,6.59663251985814,19166.0,1.859375
914.3990855999999,,10.12222770668474,18479.0,1.8888888888888888
914.5990853999999,,8.832924175307502,17986.0,1.9024390243902438
914.7990851999999,,6.829751526698447,18039.0,1.903225806451613
914.9990849999999,2.676531237808616,1.5086533226973144,17943.0,1.9112903225806452
915.1990847999999,2.7144761693145205,2.1948353771272227,18002.0,1.8951612903225807
915.3990845999999,2.50431654676259,0.8194568238517296,18070.0,1.8951612903225807
915.5990843999999,,3.8126102245501245,17727.0,1.8780487804878048
915.7990841999999,,4.896600954766035,17967.0,1.903225806451613
915.9990839999999,,120.61091826569354,19910.0,1.5925925925925926
916.1990837999999,,29.920010877424332,18115.0,1.6511627906976745
916.3990835999999,,40.401420185354944,20890.0,1.4513888888888888
916.5990833999999,,75.25367336815069,22915.0,1.7692307692307692
916.7990831999999,,112.35792085217295,22882.0,2.1176470588235294
916.9990829999999,,190.62115615812309,24099.0,2.0852713178294575
917.1990827999999,,1206.7442730739388,6629.0,6.181818181818182
917.3990825999999,,1023.4115371887762,46065.0,3.3058823529411763
917.5990823999999,,231.56964153894685,24526.0,1.7463768115942029
917.7990821999999,,37.25833089950489,21851.0,1.6307692307692307
917.9990819999999,11.196059374447783,62.639351838633104,22636.0,1.5185185185185186
918.1990817999999,8.456217246307766,39.8221085679523,20990.0,2.0161290322580645
918.3990815999999,,267.5221832454608,41281.0,3.426829268292683
918.5990813999999,4.070324986680874,17.80302489398818,41294.0,3.4478527607361964
918.7990811999999,2.435918088403993,3.5508298165704977,40971.0,3.462962962962963
918.9990809999999,,236.91302669943443,20292.0,2.103448275862069
919.1990807999999,2.441565465362112,1.1916904876224548,20339.0,2.0775862068965516
919.3990805999999,,235.52802288319106,41034.0,3.4691358024691357
919.5990803999999,,236.82688687747697,20124.0,1.9739130434782608
919.7990801999999,2.4454545454545453,3.1066623459373623,20240.0,2.1130434782608694
919.9990799999999,2.3105174464710547,2.9255197402484203,20176.0,1.9391304347826086
920.1990797999999,2.2229112919230007,2.336054402532896,20156.0,2.1130434782608694
920.3990795999999,,235.9515307829298,41104.0,3.462962962962963
920.5990793999999,2.187161094224924,0.6034254314100096,41125.0,3.4691358024691357
920.7990791999999,2.1777869569443093,2.6616629052640137,41156.0,3.4691358024691357
920.9990789999999,,243.12268067574405,19806.0,1.956140350877193
921.1990787999999,,241.30329513873085,40928.0,3.432098765432099
921.3990785999999,2.266336633663366,17.589080591401636,40400.0,3.006172839506173
921.5990783999999,2.2059593657566796,14.880023650907692,41246.0,3.4691358024691357
921.7990781999999,,233.83046056764383,20130.0,2.1043478260869564
921.9990779999999,2.2258435966756784,3.2524631315513144,19974.0,1.9739130434782608
922.1990777999999,2.277683643974883,3.188324027505815,20066.0,2.1043478260869564
922.3990775999999,2.411502556644931,62.454853694031534,21317.0,3.226086956521739
922.5990773999999,2.2633687162026837,65.15778524470367,19972.0,1.9652173913043478
922.7990771999999,2.2424015571193294,1.8775878800517785,20037.0,2.0869565217391304
922.9990769999999,2.3938864216195785,60.040628016973834,21166.0,3.226086956521739
923.1990768,,188.90600283430703,41291.0,3.3652694610778444
923.3990766,,187.41058449018496,21180.0,2.8203125
923.5990764,8.263426500047697,47.16321772606896,20966.0,2.6343283582089554
923.7990762,,172.15138112698438,42157.0,2.9322916666666665
923.999076,,174.77873415562857,19668.0,2.4074074074074074
924.1990758,10.434995009717918,24.81601976043107,19037.0,2.546153846153846
924.3990756,5.872395833333333,20.562183053752957,17664.0,2.672
924.5990754,2.9198056587596457,2.5884743702715274,17495.0,2.7154471544715446
924.7990752,2.793671834476399,3.081121172419803,17351.0,2.7235772357723578
924.999075,2.7002692021307064,2.6081531858917155,17459.0,2.7235772357723578
925.1990748,3.0553065145252374,3.882979409092589,17177.0,2.7154471544715446
925.3990746,2.43673540720028,2.889548223813923,17166.0,2.7459016393442623
925.5990744,2.411027568922306,2.698729730515106,17157.0,2.7459016393442623
925.7990742,,8.587655352321526,16732.0,2.768595041322314
925.999074,,4.088813794599772,17151.0,2.731707317073171
926.1990738,,150.56053850902427,41599.0,2.911917098445596
926.3990736,,157.68907999215202,18307.0,2.511627906976744
926.5990734,8.019656425503799,32.423032740951825,18162.0,2.578125
926.7990732,,194.15649449983755,40006.0,3.182857142857143
926.999073,,285.7281592720181,21141.0,1.8091603053435115
927.1990728,,225.70574265357413,43386.0,3.2485549132947975
927.3990726,,245.23784386962274,22061.0,2.2083333333333335
927.5990724,,202.59604059961038,43615.0,3.4478527607361964
927.7990722,,357.5034974575998,22697.0,2.0236220472440944
927.999072,,269.23583962593125,44935.0,3.2674418604651163
928.1990718,3.7866703527080885,15.4740635226175,43407.0,3.3353293413173652
928.3990716,5.213913724767259,24.43781609771202,43396.0,3.3795180722891565
928.5990714,3.186315518893277,9.32093677265087,42793.0,3.462962962962963
928.7990712,2.5181824559762402,0.9438844753233767,42761.0,3.4691358024691357
928.999071,2.4298986486486487,4.401684288060883,42624.0,3.4906832298136647
929.1990708,2.3195665460015986,2.053603875190407,42542.0,3.484472049689441
929.3990706,,376.2236601454327,19387.0,2.1415929203539825
929.5990704,,379.08927912192,42398.0,3.50625
929.7990702,2.246141137597357,0.39933979670740793,42370.0,3.5125
929.99907,2.2642764476943036,4.008807310306328,42395.0,3.5125
930.1990698,2.211507082554922,2.4378801323906285,42287.0,3.5345911949685536
930.3990696,,375.4062154244164,19217.0,2.1415929203539825
930.5990694,,374.88799590373753,42180.0,3.5345911949685536
930.7990692,2.2544992589455854,6.26722182615341,42507.0,3.547169811320755
930.999069,2.2168382940706257,1.2617717185575466,42534.0,3.540880503144654
931.1990688,3.76738303007798,8.290857371931878,43088.0,3.4478527607361964
931.3990686,,450.1601874983258,19211.0,2.064
931.5990684,,466.16572385553957,39730.0,3.2865497076023393
931.7990682,6.364938993130319,9.974175739193182,39012.0,3.3117647058823527
931.999068,,441.01092657815826,15660.0,1.7622950819672132
932.1990678,6.135095753538717,17.249183139074532,14412.0,1.7586206896551724
932.3990676,4.880439287194364,10.837202542344299,14478.0,1.7652173913043478
932.5990674,3.4151551229077666,6.748737237291241,14279.0,1.7565217391304349
932.7990672,,4.147086156205286,13795.0,1.736842105263158
932.999067,,4.820087657420256,13944.0,1.763157894736842
933.1990668,15.617493830545653,29.52310666561452,14588.0,1.725
933.3990666,13.388555039606665,11.777588121029874,14644.0,1.7692307692307692
933.5990664,,426.3833360914463,38676.0,3.432926829268293
933.7990662,,473.81160697319706,15316.0,1.5344827586206897
933.999066,18.935970388376333,17.00753170365351,18101.0,1.6583333333333334
934.1990658,13.411254100428968,29.006791335306378,19815.0,1.771186440677966
934.3990656,,66.24056587452809,20266.0,1.8907563025210083
934.5990654,,38.705708348694316,20827.0,2.0
934.7990652,,9.136006043161649,20367.0,1.9915254237288136
934.999065,19.378661377369806,155.6450974461678,21679.0,2.0330578512396693
935.1990648,12.489197812215131,86.61036132641398,21940.0,1.921875
935.3990646,4.94190685373616,9.045812644409065,22309.0,1.8294573643410852
935.5990644,,286.00449094884925,43401.0,3.2241379310344827
935.7990642,,217.3798182907112,21754.0,2.128787878787879
935.999064,,32.14002248756811,20602.0,1.821705426356589
936.1990638,,36.42883887744257,18698.0,1.9661016949152543
936.3990636,4.0173099666702505,6.757279690720005,18602.0,1.8448275862068966
936.5990634,,70.03016089332121,19891.0,3.094017094017094
936.7990632,,65.18583712768674,18517.0,2.017391304347826
936.999063,2.5423938806291746,3.275444536131972,18564.0,2.017391304347826
937.1990628,,67.97499317040514,19905.0,3.1206896551724137
937.3990626,3.2266007391868943,4.795279805254101,20022.0,3.1206896551724137
937.5990624,2.4995494593512215,1.2433399759765142,19976.0,3.1478260869565218
937.7990622,2.437945638771243,70.77943272103937,18653.0,2.034782608695652
937.999062,2.302766161132665,66.46660186749575,19847.0,3.1478260869565218
938.1990618,2.388074683798434,3.6754108946075443,19924.0,3.1478260869565218
938.3990616,,193.56436489296672,39748.0,3.4691358024691357
938.5990614,,199.56077397627658,19536.0,3.175438596491228
938.7990612,,200.61195323115973,39651.0,3.462962962962963
938.999061,2.1691635297981455,1.2530825470352587,39583.0,3.4691358024691357
939.1990608,,194.17443620198196,19962.0,3.139130434782609
939.3990606,6.755168766227522,11.069330055427162,20798.0,3.042016806722689
939.5990604,4.665549366589442,6.89459961386055,20287.0,3.094017094017094
939.7990602,,60.52502594945663,18711.0,2.017391304347826
939.99906,,241.1604753819403,39976.0,3.4478527607361964
940.1990598,,193.94749747458528,20130.0,3.1120689655172415
940.3990596,,194.48937490822976,39862.0,3.4478527607361964
940.5990594,,236.4201381723155,18903.0,2.0
940.7990592,2.323317435082141,1.9691950678849828,18870.0,2.0521739130434784
940.999059,,234.87636994798726,39870.0,3.4478527607361964
941.1990588,2.363371508941129,0.8425698667404465,39816.0,3.4691358024691357
941.3990586,,192.30525083665768,20029.0,3.139130434782609
941.5990584,,192.20178009697244,39840.0,3.4691358024691357
941.7990582,,234.6083231688742,18803.0,2.0608695652173914
941.999058,2.287872340425532,0.6831032548747372,18800.0,2.0608695652173914
942.1990578,2.2881984943272187,1.8461121893876353,18862.0,2.026086956521739
942.3990576,,233.8829936883906,39719.0,3.4691358024691357
942.5990574,,234.38557314634076,18782.0,2.026086956521739
942.7990572,,234.74685037419025,39655.0,3.432098765432099
942.999057,,191.69397121668925,20020.0,3.139130434782609
943.1990568,,191.88490065501003,39702.0,3.45679012345679
943.3990566,,191.0653186853547,20019.0,3.139130434782609
943.5990564,,191.09584634501354,39781.0,3.4691358024691357
943.7990562,2.22953915890204,1.6665838764960326,39710.0,3.4691358024691357
943.999056,,191.3843654984388,19933.0,3.139130434782609
944.1990558,,191.6403523266842,39743.0,3.432098765432099
944.3990556,,238.78676642995893,18955.0,1.9913793103448276
944.5990554,,0.4305798662209854,18505.0,2.043859649122807
944.7990552,,237.4757007752273,39786.0,3.432098765432099
944.999055,,234.083703094385,18731.0,2.008695652173913
945.1990548,,243.7334840607421,39208.0,3.031055900621118
945.3990546,2.258372005518625,18.698450707023085,39865.0,3.4906832298136647
945.5990544,,236.55299994466748,18541.0,2.088495575221239
945.7990542,,236.86807133168386,39681.0,3.453416149068323
945.999054,2.281879363166089,0.785217838047444,39822.0,3.4906832298136647
946.1990538,2.2205841725895974,0.8209038982880084,39817.0,3.453416149068323
946.3990536,,190.88388721719318,19963.0,3.1578947368421053
946.5990534,2.3100165355514357,2.1616726776135935,19957.0,3.1578947368421053
946.7990532,2.3562765160968304,2.166871862819741,20035.0,3.1578947368421053
946.999053,,189.61866063435718,39744.0,3.4906832298136647
947.1990528,,189.78043377386533,19997.0,3.1578947368421053
947.3990526,2.2742577938286686,64.46731827057563,18829.0,2.192982456140351
947.5990524,,46.06475437151261,20516.0,3.094017094017094
947.7990522,,16.586801290974385,20172.0,3.130434782608696
947.999052,,189.7803541391929,39846.0,3.432098765432099
948.1990518,,229.02100492303552,19141.0,1.991304347826087
948.3990516,7.678753777222049,17.806641648349068,19194.0,1.9243697478991597
948.5990514,6.7294099725804815,74.60548254927006,19694.0,2.925
948.7990512,4.78637888131559,79.55563424455113,18486.0,1.9327731092436975
948.999051,12.724669393968224,58.350653686799106,21022.0,2.6818181818181817
949.1990508,6.457252836304701,36.87889109145442,19744.0,2.7401574803149606
949.3990505999999,7.388434642280796,20.886773963685773,18590.0,2.814516129032258
949.5990503999999,,16.57747410940797,17206.0,2.9495798319327733
949.7990501999999,,8.03623108706482,17599.0,2.925
949.9990499999999,3.098815125574012,2.565152580362858,17639.0,2.925
950.1990497999999,,8.167120842794365,17175.0,2.9495798319327733
950.3990495999999,,8.000323926471982,17545.0,2.9495798319327733
950.5990493999999,2.4742873432155075,1.1765418140112722,17540.0,2.9495798319327733
950.7990491999999,,8.022474331264826,17084.0,2.9661016949152543
950.9990489999999,,8.565208382200234,17477.0,2.9495798319327733
951.1990487999999,2.5648466117216118,1.6346001559154908,17472.0,2.9495798319327733
951.3990485999999,2.6506567675613937,2.0086248393188817,17510.0,2.9495798319327733
951.5990483999999,2.8048176107877603,2.809510315263395,17353.0,2.9745762711864407
951.7990481999999,2.40747372068846,1.486886880535286,17314.0,2.9495798319327733
951.9990479999999,2.7420241709147146,1.9883938104322674,17459.0,2.9745762711864407
952.1990477999999,3.7139655172413795,0.4622846691133764,17400.0,2.9745762711864407
952.3990475999999,4.864152892561983,6.625048554259827,17424.0,2.9661016949152543
952.5990473999999,,10.57219756684317,17035.0,2.9914529914529915
952.7990471999999,,8.680760107099259,17354.0,2.9661016949152543
952.9990469999999,2.4473000288766964,0.9208592913632316,17315.0,2.9661016949152543
953.1990467999999,,7.451329791629011,17058.0,2.9914529914529915
953.3990465999999,,6.223447217858555,17401.0,2.9745762711864407
953.5990463999999,2.429939776312016,3.007205212664881,17435.0,2.9745762711864407
953.7990461999999,2.4885487397859363,1.0039168032542731,17378.0,2.9661016949152543
953.9990459999999,,9.358561721161864,17169.0,2.9914529914529915
954.1990457999999,,7.195375439352432,17352.0,2.9661016949152543
954.3990455999999,3.5170119199166763,3.3012139313820046,17282.0,2.9661016949152543
954.5990453999999,3.8066524471090104,2.415258966118668,17347.0,2.9661016949152543
954.7990451999999,3.2871150074979814,2.41632596404633,17338.0,2.9661016949152543
954.9990449999999,2.781169315508635,1.5682104897072844,17429.0,2.9661016949152543
955.1990447999999,9.922249199867565,11.205117178706466,18122.0,2.908333333333333
955.3990445999999,4.750237629298295,10.875169615702946,17885.0,2.9491525423728815
955.5990443999999,4.075725965604736,0.5511598622690991,17735.0,2.9743589743589745
955.7990441999999,2.476004748177039,2.005330110251928,17691.0,2.9491525423728815
955.9990439999999,2.3673446517622008,4.205563950987333,17847.0,2.9491525423728815
956.1990437999999,2.3693835193807145,1.615096752373663,17827.0,2.9491525423728815
956.3990435999999,2.5325230699977492,1.1461328607300691,17772.0,2.9743589743589745
956.5990433999999,3.419938564646747,2.5208354609953423,17905.0,2.965811965811966
956.7990431999999,19.892849654015517,58.4499156817926,19076.0,2.5968992248062017
956.9990429999999,10.56860630144763,29.890527750133007,17615.0,2.523076923076923
957.1990427999999,,174.5209489404414,40460.0,2.9893617021276597
957.3990425999999,,174.40795764071407,21348.0,2.6240601503759398
957.5990423999999,15.970495396755808,116.40555470750836,22810.0,1.8059701492537314
957.7990421999999,8.341992851538663,43.661122705644324,22942.0,2.030534351145038
957.9990419999999,,97.33964016177191,23566.0,1.9844961240310077
958.1990417999999,,78.83421183733128,23646.0,1.96875
958.3990415999999,3.232957758733197,1.9105015027123662,22987.0,1.9609375
958.5990413999999,,241.1232709138224,44796.0,3.169491525423729
958.7990411999999,3.287655848918225,23.650890163827626,43632.0,3.159090909090909
958.9990409999999,,262.04485059650534,21221.0,1.856
959.1990407999999,4.24578094372998,19.802218413904534,20917.0,1.7401574803149606
959.3990405999999,,292.2578474718632,41519.0,3.2865497076023393
959.5990403999999,2.267620958967043,4.253188949268824,41357.0,3.2514619883040936
959.7990401999999,,265.86489017347697,19760.0,1.7338709677419355
959.9990399999999,,2.2662022718903674,19378.0,1.7154471544715446
960.1990397999999,,3.887750876142509,19544.0,1.717741935483871
960.3990395999999,,267.5982832163437,40982.0,3.276470588235294
960.5990393999999,,265.2729551908162,19444.0,1.7235772357723578
960.7990391999999,,264.06818223749417,40889.0,3.276470588235294
960.9990389999999,,263.03450084793616,19354.0,1.7235772357723578
961.1990387999999,,276.04714047222785,40383.0,2.8823529411764706
961.3990385999999,2.464463051309512,18.85952569088935,41084.0,3.2514619883040936
961.5990383999999,8.770130444395313,49.82943010765641,45230.0,3.177142857142857
961.7990381999999,10.123626664408645,62.741176125779,47239.0,3.07103825136612
961.9990379999999,7.596077831888362,56.4198562523556,45791.0,3.2427745664739884
962.1990377999999,5.068145554472121,28.12257668204921,45124.0,3.2865497076023393
962.3990375999999,,405.98813662587946,20362.0,2.04
962.5990373999999,8.374681528662421,46.43285826266851,18840.0,2.0080645161290325
962.7990371999999,,377.32735170487405,42468.0,3.2114285714285713
962.9990369999999,,412.60696185827186,19099.0,1.75
963.1990367999999,8.749564094284791,48.26736270067191,15485.0,1.4193548387096775
963.3990365999999,,34.41971733626148,16257.0,1.8455284552845528
963.5990363999999,8.26486935411742,17.507340287831187,15653.0,1.834710743801653
963.7990361999999,30.219309701492538,82.90647378930137,21440.0,1.5539568345323742
963.9990359999999,9.193097278463132,32.21902893266988,21238.0,1.6356589147286822
964.1990357999999,5.268858604792543,27.69302430288449,19739.0,1.6456692913385826
964.3990355999999,9.609604379198805,40.28135620709611,20095.0,1.6587301587301588
964.5990353999999,,37.58664669697344,20431.0,1.5891472868217054
964.7990351999999,,7.060753981219153,20278.0,1.6076923076923078
964.9990349999999,9.603279147982063,21.898774895616334,21408.0,1.4785714285714286
965.1990347999999,,50.013864455141295,19496.0,1.6428571428571428
965.3990345999999,,78.98020301408829,20880.0,1.6984126984126984
965.5990343999999,5.253021110163967,14.991919283004329,19943.0,1.685483870967742
965.7990341999999,,2.034721375576425,19655.0,1.7073170731707317
965.9990339999999,,8.705873078974031,19330.0,1.7049180327868851
966.1990337999999,2.530910220565393,1.3830664024574806,19314.0,1.7272727272727273
966.3990335999999,2.5607168983174837,3.014077984626939,19138.0,1.7272727272727273
966.5990333999999,2.4735304855786784,0.4202552406772104,19173.0,1.7272727272727273
966.7990331999999,2.8105489210140373,3.1119751976038694,19092.0,1.7272727272727273
966.9990329999999,,1.075540482719027,18745.0,1.7333333333333334
967.1990327999999,,2.7611368863582766,19059.0,1.7355371900826446
967.3990325999999,,3.2618440859666844,18779.0,1.75
967.5990323999999,,3.392589828881032,18895.0,1.7272727272727273
967.7990321999999,,1.5214656686772552,18663.0,1.7563025210084033
967.9990319999999,,1.4882764623979796,18949.0,1.7416666666666667
968.1990318,,2.1891077496558795,18671.0,1.7478991596638656
968.3990316,,4.070286841627003,18822.0,1.75
968.5990314,2.517837205593067,0.9404223764053415,18809.0,1.7416666666666667
968.7990312,2.4999198675142904,1.000293874788115,18719.0,1.7416666666666667
968.999031,2.4692668872052077,0.6666057095001618,18742.0,1.7333333333333334
969.1990308,2.4344868223698306,1.528343356471691,18668.0,1.7563025210084033
969.3990306,2.6837137372013653,1.270776302635828,18752.0,1.75
969.5990304,,0.504980165986101,18388.0,1.7627118644067796
969.7990302,,2.884130191010268,18725.0,1.7647058823529411
969.99903,2.4748166782636623,0.5577516257038219,18683.0,1.7563025210084033
970.1990298,,3.794670280032983,18510.0,1.7563025210084033
970.3990296,2.5007880006521384,2.477846843297066,18401.0,1.7966101694915255
970.5990294,10.392287513116475,9.797718100965136,19060.0,1.75
970.7990292,,53.76697445157795,21249.0,1.8709677419354838
970.999029,5.845243534679704,17.55025521858029,21886.0,1.9262295081967213
971.1990288,8.040989368245322,46.04890722675149,22762.0,2.125
971.3990286,,336.29264224000946,44083.0,3.280701754385965
971.5990284,,287.03350262948015,23162.0,1.6923076923076923
971.7990282,10.786433300081617,80.67959951547611,22054.0,1.8114754098360655
971.999028,8.164381625441695,28.872701687541106,21225.0,1.717741935483871
972.1990278,12.619825550575875,96.48188054510528,20751.0,1.811023622047244
972.3990276,12.547245733314833,77.39406573813164,21621.0,1.7185185185185186
972.5990274,6.445030995738086,117.58067066864447,20648.0,2.779527559055118
972.7990272,5.7997209348681915,18.509337000033746,20067.0,2.8015873015873014
972.999027,,208.27669394285434,39275.0,3.3254437869822486
973.1990268,7.839433233586536,11.562099327244104,39099.0,3.2045454545454546
973.3990266,5.038603470386558,2.821723324210585,38209.0,3.1864406779661016
973.5990264,7.015835697878665,18.09619934419925,37005.0,3.2923976608187133
973.7990262,,190.32828654079248,16442.0,2.7704918032786887
973.999026,,125.19112529627711,14727.0,1.4049586776859504
974.1990258,,17.66828575968813,15168.0,1.5083333333333333
974.3990256,9.22789824854045,6.0233615014602195,14388.0,1.4201680672268908
974.5990254,5.147131624927199,1.7872028474764354,13736.0,1.3949579831932772
974.7990252,3.9464380146558886,3.1753227433538993,13237.0,1.3898305084745763
974.999025,3.0779358353510897,3.0481090839219065,13216.0,1.4188034188034189
975.1990248,2.6601106330669944,1.6394942016680998,13016.0,1.4102564102564104
975.3990246,,281.04310455897405,34340.0,3.4662576687116564
975.5990244,2.491380321332239,1.8836400246808265,34108.0,3.426829268292683
975.7990242,,284.9884005345794,12737.0,1.3879310344827587
975.999024,,2.8539855457041394,12938.0,1.4017094017094016
976.1990238,,3.542971011850773,12681.0,1.3879310344827587
976.3990236,,3.380100564780608,12929.0,1.4396551724137931
976.5990234,14.837331927234379,27.15842636323724,15172.0,1.314516129032258
976.7990232,7.513466042154567,15.971180157773183,13664.0,1.376068376068376
976.999023,,289.7378169191538,34269.0,3.4478527607361964
977.1990228,,286.32081861616695,12676.0,1.391304347826087
977.3990226,,287.04018838117844,34269.0,3.4478527607361964
977.5990224,,288.38060788108476,12447.0,1.391304347826087
977.7990222,,4.293580935248739,12571.0,1.4086956521739131
977.999022,2.335907643312102,0.25173319672573535,12560.0,1.4086956521739131
978.1990218,,286.8742501123675,34070.0,3.4753086419753085
978.3990216,2.2540193867689693,0.547110907483961,34147.0,3.4753086419753085
978.5990214,,287.1376930749786,12326.0,1.4035087719298245
978.7990212,,4.907986454158584,12493.0,1.4
978.999021,3.1541804962857594,2.7385175661985826,12654.0,1.4086956521739131
979.1990208,2.999919465249255,3.5601416760672557,12417.0,1.382608695652174
979.3990206,2.313443623514295,0.746618050607058,12452.0,1.4
979.5990204,2.5336312135961063,2.112920724948963,12533.0,1.391304347826087
979.7990202,3.890584832904884,3.6964966972714968,12448.0,1.391304347826087
979.99902,3.4911223588013174,1.3848675643892228,12447.0,1.391304347826087
980.1990198,3.673980198019802,1.4460159634631602,12625.0,1.4
980.3990196,2.558358614082708,0.5715898474565432,12526.0,1.4
980.5990194,2.554002541296061,0.3970039846073321,12592.0,1.4086956521739131
980.7990192,2.7630090497737556,3.1419397646025993,12376.0,1.391304347826087
980.999019,2.33544812078381,0.16674640430876891,12452.0,1.391304347826087
981.1990188,2.382015306122449,0.7220083420021393,12544.0,1.4
981.3990186,2.367856571154154,0.8577500344793263,12494.0,1.4
981.5990184,,4.650885767333751,12404.0,1.424778761061947
981.7990182,,3.3782492429298205,12603.0,1.4210526315789473
981.999018,2.898067206672548,1.3552340462895658,12469.0,1.391304347826087
982.1990178,2.4331421184455038,0.35583248301473897,12377.0,1.391304347826087
982.3990176,2.4597194388777557,1.3614762555225388,12475.0,1.4
982.5990174,2.3662481892805407,1.1153852369190895,12426.0,1.412280701754386
982.7990172,2.4853862212943634,2.018048437487406,12454.0,1.412280701754386
982.999017,2.7227032227032226,1.2819056377575413,12474.0,1.391304347826087
983.1990168,,286.0526130781536,33883.0,3.5031055900621118
983.3990166,,286.57827559820316,12430.0,1.412280701754386
983.5990164,2.457220534143611,0.9336881555323842,12506.0,1.412280701754386
983.7990162,,286.06463772217523,33842.0,3.4906832298136647
983.999016,,286.64908525928195,12455.0,1.391304347826087
984.1990158,2.3698398648104932,0.3255521531558133,12427.0,1.4035087719298245
984.3990156,,2.877392668524698,12191.0,1.3893805309734513
984.5990154,,2.0760103107307786,12618.0,1.4
984.7990152,2.561555590901861,0.33004183978165674,12574.0,1.391304347826087
984.999015,2.6050806451612902,1.7250157463060403,12400.0,1.4035087719298245
985.1990148,2.279893065456902,0.5132757137428496,12344.0,1.394736842105263
985.3990146,,287.5834689869736,33758.0,3.4968944099378882
985.5990144,,289.8115459011871,12297.0,1.407079646017699
985.7990142,2.6064082602638696,0.6281361183512003,12203.0,1.407079646017699
985.999014,,2.9986999300264587,12375.0,1.412280701754386
986.1990138,2.386213560959897,0.6828333177879876,12418.0,1.4035087719298245
986.3990136,,3.305834279807414,12361.0,1.424778761061947
986.5990134,,3.6121940689060636,12370.0,1.4035087719298245
986.7990132,2.3626947165569296,0.27020774753490695,12454.0,1.4210526315789473
986.999013,2.82477006026007,1.0590226854791789,12612.0,1.4424778761061947
987.1990128,2.9959667661531015,1.1732443381240871,12397.0,1.394736842105263
987.3990126,2.4080064051240995,1.187063738276618,12490.0,1.424778761061947
987.5990124,2.86244765742277,1.851374172859026,12657.0,1.4513274336283186
987.7990122,3.0182200987934245,1.1776818091631631,12349.0,1.412280701754386
987.999012,,3.4966668341411395,12200.0,1.407079646017699
988.1990118,,3.2147184147282752,12422.0,1.415929203539823
988.3990116,2.511196725258849,1.6020275593466637,12459.0,1.4424778761061947
988.5990114,2.7082893561743933,1.9282504522206432,12317.0,1.424778761061947
988.7990112,2.3268042912873863,0.48463292742077685,12304.0,1.415929203539823
988.999011,2.2542496357455075,0.36697009075120124,12354.0,1.415929203539823
989.1990108,2.2782326712606404,0.23423418970742255,12335.0,1.415929203539823
989.3990106,2.5039987074884884,0.9841149137093477,12379.0,1.4336283185840708
989.5990104,,3.764781149022112,12328.0,1.4285714285714286
989.7990102,,3.4868938636264617,12351.0,1.4298245614035088
989.99901,2.3504703211157962,0.7511949214139926,12332.0,1.407079646017699
990.1990098,,2.9970781665922677,12100.0,1.4107142857142858
990.3990096,,3.456006936902074,12309.0,1.415929203539823
990.5990094,2.527735039274435,0.9887969975680437,12349.0,1.415929203539823
990.7990092,3.6930915509909332,1.5935174656077988,12463.0,1.415929203539823
990.999009,2.9237935977066414,3.216893344504444,12558.0,1.4513274336283186
991.1990088,3.366280964797914,2.558861962457043,12272.0,1.4336283185840708
991.3990086,2.410583644935783,1.7499984231963595,12302.0,1.424778761061947
991.5990084,,2.85687618452496,12214.0,1.4285714285714286
991.7990082,,3.58463879312047,12248.0,1.415929203539823
991.999008,2.4186292025337015,1.1386398328641447,12314.0,1.4336283185840708
992.1990078,2.5011035723044226,1.2231807128098608,12233.0,1.415929203539823
992.3990076,2.3992482431769897,0.4250004276378278,12238.0,1.3982300884955752
992.5990074,2.7740481365209693,1.0695179567921518,12423.0,1.4424778761061947
992.7990072,,3.5202187086098005,12212.0,1.4375
992.999007,,5.053269507911873,12223.0,1.407079646017699
993.1990068,,3.973870343443516,12091.0,1.4107142857142858
993.3990066,,2.3549644317996363,12456.0,1.4424778761061947
993.5990063999999,2.639638171298183,2.1010995413544165,12271.0,1.415929203539823
993.7990061999999,2.4850819672131146,0.3567691474243057,12200.0,1.415929203539823
993.9990059999999,2.4255683207039844,0.7196060413079989,12273.0,1.407079646017699
994.1990057999999,,2.5580518352348434,12083.0,1.4196428571428572
994.3990055999999,,3.075580760324475,12268.0,1.415929203539823
994.5990053999999,2.3897239013233134,0.45408258648546906,12242.0,1.415929203539823
994.7990051999999,2.370158054213414,0.8597118964698738,12211.0,1.407079646017699
994.9990049999999,2.3052320813514844,0.28526028986369106,12194.0,1.415929203539823
995.1990047999999,,289.4767100586638,33593.0,3.51875
995.3990045999999,,290.7822296063921,12455.0,1.415929203539823
995.5990043999999,,289.2769792910101,33556.0,3.51875
995.7990041999999,,287.8164202493599,12193.0,1.407079646017699
995.9990039999999,2.3743539256706865,0.25647577253493636,12189.0,1.3982300884955752
996.1990037999999,3.544378698224852,3.3333898380766134,12506.0,1.424778761061947
996.3990035999999,3.309662589278384,3.8508858697627337,12181.0,1.407079646017699
996.5990033999999,3.0206890999838993,3.2156161185636023,12422.0,1.415929203539823
996.7990031999999,3.0273627801234166,3.6009663322343757,12316.0,1.407079646017699
996.9990029999999,2.446066041581737,0.804220971773075,12265.0,1.407079646017699
997.1990027999999,,2.843206507347699,12179.0,1.4017857142857142
997.3990025999999,2.505390612041798,0.5900050778509298,12058.0,1.4017857142857142
997.5990023999999,,2.916966828529386,12209.0,1.3982300884955752
997.7990021999999,2.329354047424366,0.13605395078503074,12230.0,1.3982300884955752
997.9990019999999,2.339471315164907,0.21741935167612897,12219.0,1.407079646017699
998.1990017999999,,3.3126580941782557,12069.0,1.4017857142857142
998.3990015999999,4.269293924466338,2.0157477689210888,12180.0,1.4414414414414414
998.5990013999999,,2.885041078505223,12465.0,1.424778761061947
998.7990011999999,,287.8128768659012,33694.0,3.51875
998.9990009999999,,287.35839810520207,12263.0,1.3982300884955752
999.1990007999999,2.5404742436631236,0.25446220583064616,12230.0,1.407079646017699
999.3990005999999,,289.38074298546985,33562.0,3.51875
999.5990003999999,,288.0520958544637,12185.0,1.3982300884955752
999.7990001999999,2.3149683882092127,0.49430038567962586,12179.0,1.407079646017699
999.9989999999999,2.3892512176999916,1.4145134438914293,12113.0,1.3982300884955752
1000.1989997999999,2.667382151407579,1.5542639276079864,12113.0,1.3982300884955752
1000.3989995999999,2.6364683617213855,0.5419910095573501,12153.0,1.3982300884955752
1000.5989993999999,2.431128791645947,0.2715308677769776,12066.0,1.3893805309734513
1000.7989991999999,2.3977753797625967,0.3410164751853066,12047.0,1.3982300884955752
1000.9989989999999,2.4284067517496912,0.1639130087286807,12145.0,1.3982300884955752
1001.1989987999999,2.690433652752964,0.7216149674438866,12314.0,1.415929203539823
1001.3989985999999,2.835549277048363,1.156765328023778,12034.0,1.3982300884955752
1001.5989983999999,2.395581664736058,0.8811259244976165,12086.0,1.3982300884955752
1001.7989981999999,2.494195142033759,0.7845433035509849,12145.0,1.3982300884955752
1001.9989979999999,2.4794168806427566,1.1572293158263376,12073.0,1.4017857142857142
1002.1989977999999,2.3752390454810013,0.13523206963136347,12027.0,1.4017857142857142
1002.3989975999999,,287.6307801530156,33385.0,3.540880503144654
1002.5989973999999,,287.87529019288866,12182.0,1.3982300884955752
1002.7989971999999,2.8005310321938266,2.5853979468214723,12052.0,1.3982300884955752
1002.9989969999999,2.3802117802779614,0.7048347524009593,12088.0,1.3893805309734513
1003.1989967999999,2.8191848497324004,1.2397737106693814,12145.0,1.3893805309734513
1003.3989965999999,2.8157392818641678,1.723552100097707,12059.0,1.4017857142857142
1003.5989963999999,2.472130878000658,0.9668383666681744,12164.0,1.3893805309734513
1003.7989961999999,,2.668715143958961,11841.0,1.375
1003.9989959999999,2.5011798415641326,0.6833214958313412,11866.0,1.3839285714285714
1004.1989957999999,2.72347133493736,1.0890543015469136,12053.0,1.3928571428571428
1004.3989955999999,,3.281239072945316,12253.0,1.407079646017699
1004.5989953999999,,286.9335326236728,33534.0,3.547169811320755
1004.7989951999999,,291.0786799673962,12388.0,1.3859649122807018
1004.9989949999999,,11.760296353578445,12770.0,1.3706896551724137
1005.1989947999999,,6.634885324668025,12946.0,1.3846153846153846
1005.3989945999999,4.8125048483438055,5.449370310331023,12891.0,1.3675213675213675
1005.5989943999999,,2.6701870800885414,12532.0,1.373913043478261
1005.7989941999999,2.898253309313073,2.488806422522954,12767.0,1.382608695652174
1005.9989939999999,,3.9376867744198534,12819.0,1.3793103448275863
1006.1989937999999,2.3990426116299144,0.6997189561477604,12743.0,1.3706896551724137
1006.3989935999999,2.3773466833541925,1.9346094118415922,12784.0,1.3706896551724137
1006.5989933999999,2.661934683112249,1.4469464683196496,12891.0,1.3706896551724137
1006.7989931999999,,1.6044562368379758,12504.0,1.3652173913043477
1006.9989929999999,,3.229950465889496,12837.0,1.3793103448275863
1007.1989927999999,2.3337746281442255,1.115330044486641,12841.0,1.3620689655172413
1007.3989925999999,22.115806451612904,43.81153591125534,15500.0,1.32
1007.5989923999999,29.099974943623153,57.37459997488899,19955.0,1.381294964028777
1007.7989921999999,,10.20008891651797,23615.0,1.8091603053435115
1007.9989919999999,,265.3209935212652,44742.0,3.0944444444444446
1008.1989917999999,,226.3936928271395,24321.0,1.9318181818181819
1008.3989915999999,7.334314326589005,23.20674661366553,24465.0,1.818840579710145
1008.5989913999999,,91.09954918575906,25925.0,1.644736842105263
1008.7989911999999,,75.52021349340984,18915.0,1.4885496183206106
1008.9989909999999,,222.2007932702425,39618.0,3.1235955056179776
1009.1989907999999,,229.6991390497572,17177.0,1.3307692307692307
1009.3989905999999,,20.33137257423261,19562.0,1.2971014492753623
1009.5989903999999,6.97701752544863,43.46590534447485,19058.0,1.5419847328244274
1009.7989901999999,,228.93693362996535,39354.0,3.2485549132947975
1009.9989899999999,,232.253988542358,18140.0,1.59375
1010.1989897999999,8.770671702735811,16.078242512263092,19592.0,1.6946564885496183
1010.3989895999999,,197.4903685471328,41119.0,3.07103825136612
1010.5989893999999,,227.8416562772705,20213.0,2.130081300813008
1010.7989891999999,5.757556091229372,23.54988888043003,21572.0,3.3388429752066116
1010.9989889999999,11.049869637354824,132.87592721644543,21095.0,1.928
1011.1989887999999,,61.09738839689717,20715.0,1.9917355371900827
1011.3989885999999,8.568669332848573,28.5766775494351,22004.0,1.9098360655737705
1011.5989883999999,,290.14379849336336,42887.0,3.164772727272727
1011.7989881999999,,297.79892430291574,20780.0,1.584
1011.9989879999999,,292.006598147362,43212.0,3.1875
1012.1989877999999,5.270404226965609,25.837157007087086,42773.0,3.2514619883040936
1012.3989875999999,,295.13899374746137,20826.0,1.8852459016393444
1012.5989873999999,5.283868846298384,10.681644766232555,21288.0,1.9090909090909092
1012.7989871999999,,72.07228766343626,20868.0,1.934959349593496
1012.9989869999999,,40.43520839570582,20487.0,2.0168067226890756
1013.1989868,8.231267301646882,30.149279681078866,21313.0,1.7716535433070866
1013.3989866,5.589645831243102,21.111415021830734,19934.0,1.7154471544715446
1013.5989864,,43.44766002566822,18976.0,1.8782608695652174
1013.7989862,,17.398174879793018,17822.0,1.9363636363636363
1013.998986,4.054607135040491,4.727490668544144,18276.0,1.927927927927928
1014.1989858,3.358687795385043,8.046872162998543,17985.0,1.9724770642201834
1014.3989856,,360.2531322803865,40633.0,3.608974358974359
1014.5989854,,359.9839701482343,17954.0,1.981651376146789
1014.7989852,2.562081286288522,1.5464200440728983,17912.0,1.981651376146789
1014.998985,2.725602947744529,2.670812804005846,17912.0,1.981651376146789
1015.1989848,,360.6658202253567,40671.0,3.6258064516129034
1015.3989846,2.311324007486947,2.8362392107511836,40604.0,3.6258064516129034
1015.5989844,,365.8428568886348,17912.0,2.009259259259259
1015.7989842,5.557823129251701,8.073104884999738,18669.0,1.9464285714285714
1015.998984,,27.674653872807966,18616.0,2.017857142857143
1016.1989838,,7.475354291246257,18277.0,1.990990990990991
1016.3989836,4.627400631252341,9.565243302755578,18693.0,2.1
1016.5989834,4.276034511183162,3.899617658060607,18197.0,2.090909090909091
1016.7989832,9.169383779349944,19.51341701641706,19506.0,1.95
1016.998983,7.746165868906906,20.39785837378773,20474.0,2.0344827586206895
1017.1989828,15.083031853878055,51.67155176814654,22666.0,1.9268292682926829
1017.3989826,7.060618888371502,16.775534694071627,23623.0,1.7761194029850746
1017.5989824,7.578465424692138,48.82435835961927,22169.0,1.9579831932773109
1017.7989822,7.339391785551099,26.60182424920648,19697.0,1.8461538461538463
1017.998982,,366.8595748421451,41522.0,3.4691358024691357
1018.1989818,,365.4628559090775,17980.0,1.954954954954955
1018.3989816,,379.9488527511604,40237.0,3.49685534591195
1018.5989814,2.67097147748156,6.527209052834179,39723.0,3.550632911392405
1018.7989812,2.73697653247016,2.806476177864747,39544.0,3.5632911392405062
1018.998981,,379.3791515181966,16941.0,1.8909090909090909
1019.1989808,,4.956681647087235,17186.0,1.837837837837838
1019.3989806,,394.7965064365475,39135.0,3.6025641025641026
1019.5989804,,385.8274363411072,16773.0,1.7657657657657657
1019.7989802,,2.2826395632201675,16559.0,1.7889908256880733
1019.99898,,394.18709255842754,38675.0,3.608974358974359
1020.1989798,,384.493514516107,16400.0,1.7272727272727273
1020.3989796,7.201349693251534,1.8483057820198614,16300.0,1.7155963302752293
1020.5989794,3.390727250277812,1.6763684486750696,16198.0,1.6972477064220184
1020.7989792,,392.3955418788326,38243.0,3.5796178343949046
1020.998979,,411.92202046821353,18067.0,1.8
1021.1989788,5.364804252727172,24.55864401468394,18059.0,1.8839285714285714
1021.3989786,,383.4414061738388,40090.0,3.608974358974359
1021.5989784,,378.9819026613071,17341.0,1.926605504587156
1021.7989782,3.8966368227731865,1.9514314004727131,17424.0,1.9454545454545455
1021.998978,3.0494137832427795,3.052765975988636,17485.0,1.9454545454545455
1022.1989778,,376.10167869634427,40262.0,3.6025641025641026
1022.3989776,2.273533356514828,0.7295941268790878,40262.0,3.6025641025641026
1022.5989774,,376.5701946205211,17357.0,1.9724770642201834
1022.7989772,2.393097885579305,0.6903459341052751,17357.0,1.981651376146789
1022.998977,2.569612242549764,0.8471567739779805,17382.0,1.9541284403669725
1023.1989768,2.599329905840217,0.4908593583205769,17311.0,1.9541284403669725
1023.3989766,,375.3199993545231,40706.0,3.4968944099378882
1023.5989764,,386.41150376446956,17457.0,1.990909090909091
1023.7989762,3.451611023713803,3.1592033413819767,17163.0,1.9908256880733946
1023.998976,7.14318538444295,15.501145572981113,17844.0,1.9469026548672566
1024.1989758,3.843094304818999,11.415984959380486,17348.0,2.018181818181818
1024.3989755999999,,3.251464164527456,17310.0,2.018348623853211
1024.5989754,,2.6516663894075094,17413.0,2.0275229357798166
1024.7989751999999,,2.820246293727228,17159.0,2.037037037037037
1024.998975,2.5889444281093796,1.211868110847319,17005.0,2.0
1025.1989747999999,,380.43091740744836,40355.0,3.6025641025641026
1025.3989746,,378.6315007801412,17160.0,2.0091743119266057
1025.5989743999999,,376.8466258580015,40152.0,3.5641025641025643
1025.7989742,,377.0111233617681,17123.0,2.0091743119266057
1025.9989739999999,2.363201493408004,0.47694453630915706,17142.0,2.018348623853211
1026.1989738,2.3387191195410373,0.7287990532574333,17082.0,2.018348623853211
1026.3989735999999,,376.2017225660404,40166.0,3.608974358974359
1026.5989734,,378.41156588000086,17091.0,2.0275229357798166
1026.7989731999999,,381.5495382349467,40235.0,3.6025641025641026
1026.998973,,382.1982008216164,17100.0,2.018348623853211
1027.1989727999999,,2.7556591781143593,16860.0,2.037037037037037
1027.3989726,,2.9973633382587024,17072.0,2.036697247706422
1027.5989723999999,2.4693495554515676,0.1745514042695158,17096.0,2.0462962962962963
1027.7989722,,381.99821651580896,40157.0,3.6258064516129034
1027.9989719999999,2.2407803712735777,0.019854973540596135,40186.0,3.6258064516129034
1028.1989718,2.192349753939454,0.6256723110184748,40234.0,3.6258064516129034
1028.3989715999999,,382.0482946187302,17032.0,2.0462962962962963
1028.5989714,,377.159484007192,40510.0,3.6025641025641026
1028.7989711999999,,386.934948670773,17716.0,2.036697247706422
1028.998971,2.4230311951537113,0.3413053805473714,17663.0,2.036697247706422
1029.1989707999999,,388.35400731835307,40440.0,3.608974358974359
1029.3989706,,388.9132850619966,17660.0,2.036697247706422
1029.5989703999999,,387.42984821810154,40385.0,3.6258064516129034
1029.7989702,2.3840077502049333,1.607325814036149,40257.0,3.6258064516129034
1029.9989699999999,,388.1184451583623,17574.0,2.0275229357798166
1030.1989698,2.4887481623883296,2.1954697756064565,17686.0,2.0275229357798166
1030.3989695999999,2.33299365942029,0.5728683913074595,17664.0,2.0555555555555554
1030.5989694,2.4874893131946423,1.6038871111679402,17545.0,2.036697247706422
1030.7989691999999,,386.3308753622178,40327.0,3.6258064516129034
1030.998969,2.229804116042648,2.692941202909958,40330.0,3.632258064516129
1031.1989687999999,,389.1998093201414,17530.0,2.0462962962962963
1031.3989686,2.3847162817222696,0.8374344399596482,17535.0,2.0555555555555554
1031.5989683999999,2.3718073252956975,0.47928910478647485,17501.0,2.0462962962962963
1031.7989682,,385.7706174481317,40356.0,3.6258064516129034
1031.9989679999999,,388.22025120084703,17579.0,2.0555555555555554
1032.1989678,2.49075811863732,0.6556301228117319,17583.0,2.0555555555555554
1032.3989675999999,2.3693534605525493,0.36234831304397647,17555.0,2.0555555555555554
1032.5989674,2.499685983442763,0.9558802286339817,17515.0,2.0555555555555554
1032.7989671999999,,385.78452979937805,40565.0,3.6193548387096772
1032.998967,3.5134061569016883,4.8998295144123345,40280.0,3.5961538461538463
1033.1989667999999,,387.6476270459834,17166.0,2.0
1033.3989666,2.552362595642778,2.2478845800718155,17121.0,2.0
1033.5989663999999,,388.6007844647876,40241.0,3.6025641025641026
1033.7989662,,386.95911339430927,17255.0,1.981651376146789
1033.9989659999999,,385.9123234120796,40123.0,3.6258064516129034
1034.1989658,2.223952095808383,0.7288417604023377,40080.0,3.6193548387096772
1034.3989655999999,,386.45732752213064,17262.0,2.009259259259259
1034.5989654,2.41354299640246,0.19782811074130088,17234.0,2.009259259259259
1034.7989651999999,,1.9758472004244638,17019.0,2.0186915887850465
1034.998965,,3.128066621690008,17222.0,2.009259259259259
1035.1989647999999,,2.242422583636955,16955.0,2.0186915887850465
1035.3989646,,3.024514791259364,17172.0,2.0
1035.5989643999999,4.449980162103951,5.147477709125759,17643.0,1.9636363636363636
1035.7989642,,371.2569315095992,41834.0,3.4691358024691357
1035.998964,,461.7864087943572,20380.0,1.6615384615384616
1036.1989638,6.540309234479172,15.591290056899373,21149.0,1.6015037593984962
1036.3989636,8.930425398989039,18.590262264579287,17607.0,1.488
1036.5989634,6.013986013986014,15.276940211755184,16588.0,1.576271186440678
1036.7989632,,9.152204593576663,16601.0,1.6638655462184875
1036.998963,,11.612439154842892,15391.0,1.7079646017699115
1037.1989628,,7.629674644309024,15200.0,1.7321428571428572
1037.3989626,2.737428702550318,0.9545685660790635,15253.0,1.7589285714285714
1037.5989624,2.5451754099431634,1.1640506374617545,15307.0,1.7589285714285714
1037.7989622,,3.685890769181935,14946.0,1.7747747747747749
1037.998962,2.838491167485722,0.2483478567380051,15058.0,1.7747747747747749
1038.1989618,,3.295833538299889,15123.0,1.7321428571428572
1038.3989616,3.388782706122718,1.5458839935314412,15173.0,1.7232142857142858
1038.5989614,,2.41917591471694,14942.0,1.7387387387387387
1038.7989612,,3.0073966231169815,15112.0,1.7142857142857142
1038.998961,2.7303808329483203,0.6561271510762069,15151.0,1.7410714285714286
1039.1989608,,3.25714380860582,14894.0,1.7207207207207207
1039.3989606,,3.1478488374298514,15098.0,1.7410714285714286
1039.5989604,2.4852561129149824,0.01640445798069485,15091.0,1.7232142857142858
1039.7989602,2.5425052966101696,0.4913632762408363,15104.0,1.7321428571428572
1039.99896,2.436998740637635,0.42504220834214734,15087.0,1.7321428571428572
1040.1989598,2.4584191982982118,1.021909125047944,15043.0,1.7142857142857142
1040.3989596,,2.5710124287751754,14868.0,1.7477477477477477
1040.5989594,,2.277705581852698,15049.0,1.7232142857142858
1040.7989592,,3.2319799234309827,14813.0,1.7207207207207207
1040.998959,,3.708542091164533,15042.0,1.7410714285714286
1041.1989588,,473.1778163166164,37973.0,3.5345911949685536
1041.3989586,2.2639412059110184,0.08445158968136385,37963.0,3.547169811320755
1041.5989584,,472.97528804439133,15034.0,1.7410714285714286
1041.7989582,2.495042257270247,0.6032409874699202,15027.0,1.7232142857142858
1041.998958,,3.083351233638535,14812.0,1.7387387387387387
1042.1989578,,473.9919006341176,37896.0,3.5569620253164556
1042.3989576,,474.56442606778916,14912.0,1.7387387387387387
1042.5989574,,2.4548594481475936,15108.0,1.7410714285714286
1042.7989572,,2.8005324058252046,14849.0,1.7387387387387387
1042.998957,,471.37871369867025,37827.0,3.5632911392405062
1043.1989568,,472.63626285000225,15027.0,1.7567567567567568
1043.3989566,2.601486640326793,2.31065450536572,14933.0,1.7477477477477477
1043.5989564,,3.2572684331925257,14762.0,1.7363636363636363
1043.7989562,,3.2130915983653363,15019.0,1.7567567567567568
1043.998956,2.419946452476573,1.8477934975451282,14940.0,1.7387387387387387
1044.1989558,2.4689912163960606,2.194690048036492,15028.0,1.7657657657657657
1044.3989556,2.455643815499633,0.49113428962568634,14981.0,1.7567567567567568
1044.5989554,2.5465549348230914,0.4607007375892882,15036.0,1.7657657657657657
1044.7989552,,3.28104969748496,14743.0,1.7636363636363637
1044.998955,2.5522398159426176,0.30910985892749115,14778.0,1.7636363636363637
1045.1989548,2.488553766727804,0.8329283749687036,14721.0,1.7636363636363637
1045.3989546,,3.408158559355546,14969.0,1.7657657657657657
1045.5989544,2.562608695652174,0.8543351243223897,14950.0,1.7477477477477477
1045.7989542,2.5730578290621224,1.1839176695048235,14906.0,1.7567567567567568
1045.998954,,2.9998989426239917,14760.0,1.7818181818181817
1046.1989538,,3.21157225719327,15001.0,1.7657657657657657
1046.3989536,,2.484016599400489,14848.0,1.7727272727272727
1046.5989534,2.437610559259763,1.0895776991836017,14698.0,1.7818181818181817
1046.7989532,,3.0718887103981807,15065.0,1.7657657657657657
1046.998953,2.501169551560516,0.3671118560227123,14963.0,1.7567567567567568
1047.1989528,,2.5747251481342697,14824.0,1.790909090909091
1047.3989526,,474.120298788268,37778.0,3.5569620253164556
1047.5989524,,473.0703988187534,14764.0,1.7727272727272727
1047.7989522,,3.1725133260262743,15023.0,1.7837837837837838
1047.998952,,1.7898310087134808,14762.0,1.7727272727272727
1048.1989518,,2.8554196268863006,14928.0,1.7818181818181817
1048.3989516,,2.7326520471754208,14763.0,1.798165137614679
1048.5989514,,12.794418698530018,16478.0,1.6837606837606838
1048.7989512,,6.895015159647525,15529.0,1.7589285714285714
1048.998951,3.5018719080090923,7.722756073585494,14958.0,1.7545454545454546
1049.1989508,,2.623382213982148,15263.0,1.7747747747747749
1049.3989506,,3.2870375124613087,14975.0,1.7636363636363637
1049.5989504,,2.408727946401331,15197.0,1.7657657657657657
1049.7989502,2.4945440116394417,1.3602957705907064,15121.0,1.7477477477477477
1049.99895,2.483690648428252,1.6315622697890895,15206.0,1.7567567567567568
1050.1989498,2.6025943396226414,0.4136416158112271,15264.0,1.7657657657657657
1050.3989496,2.601970638804391,1.1233032791246393,15122.0,1.7477477477477477
1050.5989494,2.4967268399127156,0.4685935237332511,15123.0,1.7657657657657657
1050.7989492,2.5373871796561036,0.2641490724229058,15179.0,1.7567567567567568
1050.998949,2.462686567164179,0.7876250838566061,15142.0,1.7477477477477477
1051.1989488,,3.3287956652728834,14973.0,1.7727272727272727
1051.3989486,,2.9468574019018225,15143.0,1.7567567567567568
1051.5989484,2.4388313658247047,0.9948640050186455,15163.0,1.7567567567567568
1051.7989482,2.5822476641663377,0.5215757593629615,15198.0,1.7818181818181817
1051.998948,,2.179858806962254,14952.0,1.7545454545454546
1052.1989478,,2.8821832114110846,15210.0,1.7567567567567568
1052.3989476,,3.4600165477437326,14999.0,1.7798165137614679
1052.5989474,,3.6979148305203196,15182.0,1.7818181818181817
1052.7989472,2.549475904805854,1.096569706218542,15169.0,1.7567567567567568
1052.998947,2.6265713907635306,0.9725019729001222,15114.0,1.7567567567567568
1053.1989468,2.516724945569704,0.06854329908670215,15157.0,1.7657657657657657
1053.3989466,2.5120525451559934,0.5520382488997552,15225.0,1.790909090909091
1053.5989464,,2.6178918514599543,15004.0,1.7798165137614679
1053.7989462,,2.5514874253598356,15174.0,1.7747747747747749
1053.998946,,2.9331314641125923,14939.0,1.7889908256880733
1054.1989458,,3.175351756471389,15185.0,1.7818181818181817
1054.3989456,2.500296892524906,0.672938666570173,15157.0,1.7636363636363637
1054.5989454,,3.227604923478782,14947.0,1.7889908256880733
1054.7989452,,470.501482433168,38203.0,3.5859872611464967
1054.998945,,469.059250918732,15113.0,1.7818181818181817
1055.1989448,2.503430984428609,0.2265376033525832,15156.0,1.790909090909091
1055.3989446,,2.657301409577373,14937.0,1.798165137614679
1055.5989444,,2.855151795160182,15133.0,1.7818181818181817
1055.7989442,3.2903666146645865,4.71176629694501,15384.0,1.8
1055.998944,4.412595293337753,7.384531185509277,15085.0,1.7567567567567568
1056.1989438,,4.070399554788545,14966.0,1.7798165137614679
1056.3989436,2.8670109315270604,1.658464150707199,14911.0,1.7798165137614679
1056.5989434,,2.73457317617371,14999.0,1.7545454545454546
1056.7989432,2.4677011188066063,1.0102267681745118,15016.0,1.7636363636363637
1056.998943,2.462460275423729,1.2366602859531395,15104.0,1.7636363636363637
1057.1989428,,3.586638421084741,14800.0,1.7889908256880733
1057.3989426,,4.478438229358527,15178.0,1.7727272727272727
1057.5989424,,5.183853458611233,14785.0,1.7706422018348624
1057.7989422,,3.164385022968177,15034.0,1.7545454545454546
1057.998942,,2.4552131215133564,14793.0,1.7798165137614679
1058.1989418,2.471844791455418,0.5445488293866733,14793.0,1.7962962962962963
1058.3989416,2.494414731568614,1.5313933569021896,14771.0,1.7798165137614679
1058.5989414,,2.927960292436044,15000.0,1.7727272727272727
1058.7989412,,2.2742478743920587,14789.0,1.7798165137614679
1058.998941,,3.5548122239110627,15138.0,1.7818181818181817
1059.1989408,,4.3490075494985145,14746.0,1.761467889908257
1059.3989406,2.443978065127615,0.914374545072871,14771.0,1.7798165137614679
1059.5989404,2.4973031283710894,0.19425913149759735,14832.0,1.7798165137614679
1059.7989401999998,,3.7332946783787517,14975.0,1.798165137614679
1059.99894,,4.0056158181255235,14792.0,1.7706422018348624
1060.1989397999998,3.0051438240270727,1.664088844249901,14775.0,1.7798165137614679
1060.3989396,2.5186234817813764,1.085679624585525,14820.0,1.7798165137614679
1060.5989393999998,2.547598253275109,0.7731019236079529,14885.0,1.787037037037037
1060.7989392,2.5283604235516286,1.1402947630029552,14827.0,1.787037037037037
1060.9989389999998,2.471385032170674,0.6525200154744281,14765.0,1.787037037037037
1061.1989388,2.441588156123822,2.1075228034888323,14860.0,1.798165137614679
1061.3989385999998,2.43322718341351,2.3188472398859323,14759.0,1.787037037037037
1061.5989384,,2.8992753946275,14983.0,1.7798165137614679
1061.7989381999998,2.453531598513011,0.9774369406688935,15064.0,1.7706422018348624
1061.998938,,2.6847112980155243,14939.0,1.8148148148148149
1062.1989377999998,2.474542025862069,1.32002753386476,14848.0,1.8148148148148149
1062.3989376,,474.0801254572667,38070.0,3.6025641025641026
1062.5989373999998,,472.39917062837736,15011.0,1.7636363636363637
1062.7989372,2.4683098591549295,0.6414628082975267,15052.0,1.7727272727272727
1062.9989369999998,,5.056194389118248,15055.0,1.7798165137614679
1063.1989368,7.300690562315028,15.17980040837222,15205.0,1.7232142857142858
1063.3989365999998,,14.53701866959495,15099.0,1.6875
1063.5989364,,7.156115751273943,14821.0,1.5945945945945945
1063.7989361999998,,9.595119529386459,15749.0,1.6695652173913043
1063.998936,,10.780011508872875,15647.0,1.6379310344827587
1064.1989357999998,,9.389982823624953,15522.0,1.5739130434782609
1064.3989356,3.138855516914322,4.0730843858544254,15815.0,1.5726495726495726
1064.5989353999998,,4.427073158442577,15609.0,1.5391304347826087
1064.7989352,,6.370262494161521,15584.0,1.6724137931034482
1064.9989349999998,,6.020747710719907,15411.0,1.5304347826086957
1065.1989348,2.9220609389302994,3.3993068521469625,15294.0,1.6869565217391305
1065.3989345999998,,3.8621236512252297,15505.0,1.6637931034482758
1065.5989344,,6.105684614660993,15378.0,1.5217391304347827
1065.7989341999998,,447.4684936286733,38086.0,3.4753086419753085
1065.998934,,448.43028532757535,15299.0,1.5304347826086957
1066.1989337999998,2.540097125607035,3.2182293213250195,15238.0,1.6403508771929824
1066.3989336,,4.032393847838697,15648.0,1.6724137931034482
1066.5989333999999,,10.52485207959199,15538.0,1.6608695652173913
1066.7989332,,12.535534543818768,15261.0,1.6814159292035398
1066.9989329999999,3.5028439153439153,4.267389675350543,15120.0,1.6725663716814159
1067.1989328,2.7523118887632227,2.0397815675140647,15031.0,1.6460176991150441
1067.3989325999999,,2.7878253349588897,14866.0,1.6607142857142858
1067.5989324,,2.8484235609377895,15126.0,1.654867256637168
1067.7989321999999,,461.41836342606075,37553.0,3.48125
1067.998932,,461.4944339083319,14821.0,1.6785714285714286
1068.1989317999999,,4.216494020336286,14983.0,1.654867256637168
1068.3989316,2.5618965172804153,0.4762348668553651,15017.0,1.654867256637168
1068.5989313999999,,461.772117407818,37868.0,3.51875
1068.7989312,,463.48291899974237,15045.0,1.6725663716814159
1068.9989309999999,,3.2807403934840056,14850.0,1.6964285714285714
1069.1989308,3.7606234181430667,5.728431651639014,15014.0,1.6785714285714286
1069.3989305999999,,447.11541229569633,38260.0,3.547169811320755
1069.5989304,,463.1698933199287,15009.0,1.6846846846846846
1069.7989301999999,,4.757337163361017,15023.0,1.6785714285714286
1069.99893,,468.71488453395517,37618.0,3.5632911392405062
1070.1989297999999,2.392070717764133,3.477675601993513,37784.0,3.5632911392405062
1070.3989296,,467.82587347753974,15002.0,1.6696428571428572
1070.5989293999999,21.588736340711684,57.18272686286637,17845.0,1.4330708661417322
1070.7989292,,497.93943158876914,39078.0,3.377245508982036
1070.9989289999999,,375.40841086649556,18761.0,1.6
1071.1989288,10.066173882435763,24.108239324393804,19887.0,1.8083333333333333
1071.3989285999999,,386.7339342236473,43891.0,3.3392857142857144
1071.5989284,7.501967993079584,31.33806840333352,46240.0,3.3855421686746987
1071.7989281999999,8.427110942824688,76.58736720215443,44897.0,2.8596491228070176
1071.998928,7.2174020711391265,13.1784776402005,44420.0,3.0549450549450547
1072.1989277999999,,229.59361080666898,23319.0,1.7625899280575539
1072.3989276,,284.8194953850782,42518.0,3.157303370786517
1072.5989273999999,4.023064903565848,2.1428073029283694,42879.0,3.157303370786517
1072.7989272,,223.70463056706336,20852.0,1.96875
1072.9989269999999,,21.841495256686365,20200.0,1.8046875
1073.1989268,,52.45909328781152,21216.0,2.8661417322834644
1073.3989265999999,2.9150469751951085,64.34180792838849,20117.0,1.873015873015873
1073.5989264,2.473853427895981,59.928056839827576,21150.0,2.92
1073.7989261999999,,194.9120333765892,41143.0,3.2865497076023393
1073.998926,,230.56415803288363,19943.0,1.928
1074.1989257999999,,231.90808242606602,41084.0,3.257309941520468
1074.3989256,2.170915383115617,1.7473715777676233,41032.0,3.2865497076023393
1074.5989253999999,,193.21548205734203,21006.0,2.935483870967742
1074.7989252,,193.87638494638495,41168.0,3.280701754385965
1074.9989249999999,2.2658900618856936,0.4142274297079945,41205.0,3.2865497076023393
1075.1989248,,229.61452203797418,19930.0,1.91869918699187
1075.3989245999999,3.521456305783874,4.586329511540847,19831.0,1.8709677419354838
1075.5989244,,4.389727328366222,19643.0,1.9426229508196722
1075.7989241999999,,61.87517855109045,21056.0,2.959349593495935
1075.998924,2.66061002617274,61.52248247914579,19868.0,1.9193548387096775
1076.1989237999999,,227.63838533917442,41752.0,3.2674418604651163
1076.3989236,,240.92546274174975,19755.0,1.944
1076.5989233999999,4.462501820299986,69.67687902802977,20601.0,2.959349593495935
1076.7989232,5.009335450652038,4.0098153236173975,20781.0,2.959349593495935
1076.9989229999999,3.1692166610357644,0.9407380571948725,20719.0,2.967479674796748
1077.1989228,,193.19031064875418,40682.0,3.3058823529411763
1077.3989225999999,2.362507392075695,1.3035528768369788,40584.0,3.3254437869822486
1077.5989224,2.241099805365986,1.0718766484659186,40589.0,3.3254437869822486
1077.7989221999999,,198.48292112856117,20329.0,3.0082644628099175
1077.998922,,198.8021973748445,40591.0,3.3254437869822486
1078.1989217999999,,193.6856079638685,20591.0,2.9836065573770494
1078.3989216,2.4062817596670376,2.576670579818299,20663.0,2.9918032786885247
1078.5989213999999,2.3570838797416096,1.9273232298951437,20589.0,2.9836065573770494
1078.7989212,,192.97788523918996,40371.0,3.3254437869822486
1078.9989209999999,,195.28001406475275,20434.0,2.9836065573770494
1079.1989208,2.663312883435583,2.469818376970274,20375.0,3.0082644628099175
1079.3989205999999,2.402754467370915,5.742199774729042,20258.0,2.9836065573770494
1079.5989204,,196.251977651629,40162.0,3.3511904761904763
1079.7989201999999,,234.28361115868879,19090.0,1.9256198347107438
1079.99892,,237.01679887007717,40342.0,3.3452380952380953
1080.1989197999999,,235.01566730907766,19143.0,1.975206611570248
1080.3989196,2.7806333859510657,63.0382596284634,20272.0,3.0082644628099175
1080.5989193999999,2.456768193929262,60.884131103655605,19141.0,1.9504132231404958
1080.7989192,,234.6657640591633,40399.0,3.3452380952380953
1080.998919,,233.87146956647882,19136.0,1.9256198347107438
1081.1989188,5.4613695153497,58.000813432999486,20489.0,2.935483870967742
1081.3989186,8.560989372707608,19.4720798345979,21266.0,2.936
1081.5989184,6.187117857895847,44.12388363767654,18972.0,1.949579831932773
1081.7989182,13.433974447673078,12.799741119186498,21681.0,1.91869918699187
1081.998918,5.02515537141166,40.42282914706629,20274.0,1.7685950413223142
1082.1989178,4.799969852276154,18.73345447412868,19902.0,1.9830508474576272
1082.3989176,3.51477153032051,13.396438204491954,19937.0,1.8559322033898304
1082.5989174,3.1570536828963793,4.088097557074893,20025.0,2.0
1082.7989172,2.7120916375590713,3.8771775957547003,19468.0,2.026086956521739
1082.998917,3.265225734774265,6.016152485152438,19802.0,1.8547008547008548
1083.1989168,2.824648637678218,7.705960176323011,19709.0,2.0
1083.3989166,2.6221285780358703,2.572135096182767,19459.0,1.8717948717948718
1083.5989164,,5.997355685837795,19726.0,2.0
1083.7989162,,3.4772837619192103,19791.0,1.8559322033898304
1083.998916,2.586129640002037,2.351897415279429,19639.0,1.8389830508474576
1084.1989158,12.801540093143357,40.70351329029,21687.0,1.7230769230769232
1084.3989156,12.83304925091953,72.54371497855853,22294.0,1.669172932330827
1084.5989154,4.367788907438323,5.331955018481066,21564.0,1.6893939393939394
1084.7989152,3.2526286405508515,6.30979842192991,21494.0,1.6842105263157894
1084.998915,,54.915951324232545,20527.0,1.4253731343283582
1085.1989148,,38.243279752052224,19314.0,1.3233082706766917
1085.3989146,16.062781175756964,65.90607378634417,19783.0,1.5833333333333333
1085.5989144,28.37259267940154,176.14547384624186,25599.0,1.625
1085.7989142,,59.63276275699489,21813.0,1.7692307692307692
1085.998914,14.645836360994041,132.39946253630063,20643.0,1.7777777777777777
1086.1989138,,272.70708277363127,17319.0,1.173913043478261
1086.3989136,,62.02901975417131,15687.0,1.3937007874015748
1086.5989134,,14.81168241600118,15294.0,1.392
1086.7989132,,2.550295908979724,15099.0,1.4227642276422765
1086.998913,,6.352892093427286,15172.0,1.424
1087.1989128,4.781203733504989,7.2318765477800495,15535.0,1.432
1087.3989126,4.074792597319719,1.2856358150556375,15670.0,1.464
1087.5989124,37.594130675526024,143.24929993951307,23478.0,1.5136986301369864
1087.7989122,10.753801679074925,18.998304017990996,25252.0,1.8962962962962964
1087.998912,4.061307953980813,6.985576269172171,26163.0,1.8623188405797102
1088.1989118,,4.519860006454309,26243.0,1.8840579710144927
1088.3989116,,9.870575091293519,27233.0,1.832167832167832
1088.5989114,3.6822077968654736,8.154358151365509,27883.0,1.7619047619047619
1088.7989112,3.59621147260274,12.625842638088187,28032.0,1.7862068965517242
1088.998911,3.5050236621769204,6.191876804217615,27470.0,1.7793103448275862
1089.1989108,2.978436755038648,3.309073223107231,27686.0,1.7862068965517242
1089.3989106,3.238100377765785,10.468730367285199,27795.0,1.7986111111111112
1089.5989104,,5.349192428959283,27716.0,1.832167832167832
1089.7989102,,34.61804768363486,26326.0,1.6736111111111112
1089.99891,,28.282474077793267,23846.0,1.7266187050359711
1090.1989098,,46.654813384644626,19924.0,1.7580645161290323
1090.3989096,,405.989296172527,43401.0,3.2865497076023393
1090.5989094,,293.61125582332,23340.0,1.872
1090.7989092,,63.593239469804594,24705.0,1.2195121951219512
1090.998909,,59.10101737137902,24638.0,1.0909090909090908
1091.1989088,3.9125209861270656,7.741572224351121,22634.0,0.9212121212121213
1091.3989086,6.699110192721292,17.570084952936735,23713.0,1.0545454545454545
1091.5989084,21.344909478901357,49.33215295811333,29054.0,1.387878787878788
1091.7989082,14.137806990274015,119.09582143970452,22517.0,1.806201550387597
1091.998908,11.923016938872763,74.28388819195541,23083.0,1.8074074074074074
1092.1989078,,300.6841412396412,44834.0,2.7570621468926553
1092.3989076,,302.569179721581,22610.0,1.9453125
1092.5989074,,5.08365292354716,22782.0,1.953125
1092.7989072,2.257936856916718,0.8711045573451011,22742.0,1.953125
1092.998907,2.3831788021268183,1.7937167492824615,22757.0,1.984375
1093.1989068,3.2204962149389575,5.284236511171945,22853.0,2.0
1093.3989066,6.206892156029574,12.55239935712192,23534.0,1.8549618320610688
1093.5989064,,6.064495770570525,22599.0,1.8409090909090908
1093.7989062,,16.225163342643874,22009.0,1.8984375
1093.998906,3.052816259569814,6.310064846804751,21944.0,1.9206349206349207
1094.1989058,8.618163445749653,37.65719769593216,23751.0,2.007751937984496
1094.3989056,,323.1957219811331,42935.0,2.629032258064516
1094.5989054,,230.72370065095888,17204.0,1.3650793650793651
1094.7989052,,59.258126292890395,16238.0,1.2983870967741935
1094.998905,9.377905859750241,1.2622595649064536,15615.0,1.319672131147541
1095.1989048,4.381724632017716,5.102859486217657,15354.0,1.3114754098360655
1095.3989046,4.380227886451953,2.6605315673454997,15183.0,1.322314049586777
1095.5989044,20.562886713916075,54.25041237005395,17778.0,1.434108527131783
1095.7989042,,217.2518920637018,20947.0,1.753968253968254
1095.998904,,16.31735326621423,20913.0,1.9083333333333334
1096.1989038,12.182811016144349,97.92904943412358,18954.0,1.6062992125984252
1096.3989036,,105.49767031688916,16686.0,1.638655462184874
1096.5989034,,40.006678252114604,17199.0,1.5511811023622046
1096.7989032,,7.578341408224199,15923.0,1.5934959349593496
1096.998903,3.434702088255955,2.3802754109719837,15659.0,1.5163934426229508
1097.1989028,,6.676112531857297,15634.0,1.5853658536585367
1097.3989026,,8.529820796131233,16207.0,1.4796747967479675
1097.5989024,,45.75808122575503,19118.0,1.2344827586206897
1097.7989022,9.18251980577562,26.781211991655507,19565.0,1.06875
1097.998902,,54.1400327405258,16200.0,1.3858267716535433
1098.1989018,,520.1604645171313,39138.0,3.3117647058823527
1098.3989016,,536.5247435317214,15647.0,1.5528455284552845
1098.5989014,8.1862897985705,18.56726248496816,15390.0,1.4603174603174602
1098.7989012,,8.299463253861552,15220.0,1.4274193548387097
1098.998901,,46.634015845328946,15826.0,1.40625
1099.1989008,21.597617697107204,56.94478828974977,17630.0,1.362962962962963
1099.3989006,,447.13523939493007,48486.0,2.7198067632850242
1099.5989004,,237.7022174059873,23426.0,1.762962962962963
1099.7989002,11.870291245204045,106.73524251698879,22936.0,2.0078125
1099.9989,20.181023768836415,143.42846287241244,25748.0,1.8955223880597014
1100.1988998,10.93537401175755,46.9522469946062,24665.0,2.024
1100.3988996,,246.01673562448465,47246.0,2.9679144385026737
1100.5988994,,226.21356164935906,23146.0,1.9112903225806452
1100.7988992,3.009558888011927,6.792787576185604,22806.0,2.0
1100.998899,2.6779036198090163,4.579728831850812,22515.0,2.2
1101.1988988,2.3433635430153132,2.975760528496231,22399.0,2.05
1101.3988986,,3.8459310818839723,22245.0,2.0
1101.5988984,,20.930537055430786,22963.0,1.9268292682926829
1101.7988982,28.15311072554088,102.6039184349794,28241.0,1.4
1101.998898,,71.57710472823237,23442.0,1.2073170731707317
1102.1988978,,37.960549980653376,22311.0,1.1454545454545455
1102.3988976,14.627303310650662,9.021787346170223,26158.0,1.3272727272727274
1102.5988974,22.246130783566972,129.4424721258856,24682.0,1.6115107913669064
1102.7988972,6.514613077921497,24.74393606144279,22343.0,1.7421875
1102.998897,3.4249502982107356,12.868938075382502,22132.0,1.7874015748031495
1103.1988968,2.5578597146893944,2.4137731665091167,21941.0,1.7857142857142858
1103.3988966,2.2776251945436234,1.224121103399792,21846.0,1.816
1103.5988964,2.522201347202493,2.142908335670536,21823.0,1.816
1103.7988962,2.4586923466801824,1.899748609240573,21703.0,1.816
1103.9988959999998,2.527129279320845,0.8326643537183068,21674.0,1.8225806451612903
1104.1988958,2.3054990757855824,0.6732963462336515,21640.0,1.8306451612903225
1104.3988955999998,2.31939551270165,1.3237914570414815,21572.0,1.8306451612903225
1104.5988954,2.4836504710881213,1.508146614127801,21652.0,1.8306451612903225
1104.7988951999998,2.3119448556624724,1.3043754976396051,21616.0,1.8306451612903225
1104.998895,2.283752327746741,1.3937273727592603,21480.0,1.8387096774193548
1105.1988947999998,,3.6082324789818374,21399.0,1.8373983739837398
1105.3988946,,4.027113540914288,21490.0,1.8306451612903225
1105.5988943999998,2.7141800360626935,3.5771071646297643,21629.0,1.8306451612903225
1105.7988942,2.8398847690735063,2.916169478282167,21522.0,1.8064516129032258
1105.9988939999998,,303.6211465143121,42315.0,2.8596491228070176
1106.1988938,,253.90922194001928,22257.0,1.9
1106.3988935999998,10.193270101520424,93.38751263080994,20981.0,1.786259541984733
1106.5988934,6.378947368421053,10.764362452429996,21090.0,1.8527131782945736
1106.7988931999998,7.073192880494006,85.43924884136254,22024.0,2.8203125
1106.998893,,100.84300641196378,19193.0,1.393939393939394
1107.1988927999998,,13.238143676563451,17690.0,1.376923076923077
1107.3988926,4.304005638435334,12.625930356583954,17026.0,1.4285714285714286
1107.5988923999998,3.002309592867118,86.3585823750198,18618.0,2.8253968253968256
1107.7988922,,213.32780446664077,38120.0,3.2674418604651163
1107.9988919999998,,214.4078698960228,18557.0,2.848
1108.1988918,2.5867837228615493,89.92640370156367,16858.0,1.432
1108.3988915999998,2.2738257418705206,1.5052136703233534,16883.0,1.448
1108.5988914,2.663118050626922,0.4672114901322373,16908.0,1.432
1108.7988911999998,2.4852595724688746,1.176375327221682,17028.0,1.432
1108.998891,10.119635081899233,89.36876408403086,19292.0,2.8174603174603177
1109.1988907999998,6.945719925202576,19.278624801074304,19252.0,2.824
1109.3988906,,176.62468849373047,40915.0,2.9010416666666665
1109.5988903999998,,173.71541167317417,19596.0,2.5
1109.7988902,,211.26361765098795,38272.0,3.157303370786517
1109.9988899999998,,205.04008223843988,18338.0,2.744186046511628
1110.1988898,4.444529955008288,88.2354086076915,16892.0,1.421875
1110.3988895999998,5.250406976744186,9.725887265477505,17200.0,1.4375
1110.5988894,,261.31795493585196,37884.0,3.2241379310344827
1110.7988891999998,2.7111180756875344,2.8998601215707023,38289.0,3.217142857142857
1110.998889,,263.6693259185126,16237.0,1.3253968253968254
1111.1988887999998,7.829222623966942,7.651560593573978,15488.0,1.3225806451612903
1111.3988886,,5.620405745300096,15552.0,1.3252032520325203
1111.5988883999999,,5.813430432448187,16109.0,1.3253968253968254
1111.7988882,,3.404317888390172,15718.0,1.304
1111.9988879999999,,3.6991401313350294,15882.0,1.3095238095238095
1112.1988878,,278.81227217236517,36690.0,3.2674418604651163
1112.3988875999999,3.059609539716875,1.8774652471668725,36521.0,3.2674418604651163
1112.5988874,6.301659830989017,7.43865281445668,36329.0,3.2674418604651163
1112.7988871999999,,284.0761913138969,15289.0,1.336
1112.998887,11.534499814517126,5.598894262232511,16174.0,1.3412698412698412
1113.1988867999999,,3.3440195796766963,15410.0,1.312
1113.3988866,,94.50131420436394,18464.0,2.682170542635659
1113.5988863999999,,212.73401182611792,37968.0,3.1931818181818183
1113.7988862,,269.7050103599633,16647.0,1.302325581395349
1113.9988859999999,,58.12005348894467,18260.0,1.5193798449612403
1114.1988858,6.091164568345324,29.350807765401075,17792.0,1.5748031496062993
1114.3988855999999,,3.023210924027897,17486.0,1.5714285714285714
1114.5988854,,5.191344915294705,18377.0,1.5426356589147288
1114.7988851999999,13.88916180534234,91.13966623933277,19542.0,1.5075757575757576
1114.998885,4.292722399231275,11.243934368290356,19773.0,1.5846153846153845
1115.1988847999999,4.900854449027696,20.986040472637363,20364.0,1.7829457364341086
1115.3988846,3.8287157287157285,13.16493485758685,20790.0,1.8828125
1115.5988843999999,3.759820645287065,18.353570987336404,20518.0,1.896
1115.7988842,,252.46009980109122,45116.0,3.2514619883040936
1115.9988839999999,5.851672047698725,3.60474372635812,42433.0,3.3
1116.1988838,,461.72427198296697,19152.0,1.5725190839694656
1116.3988835999999,14.81306990881459,53.35974961888278,19082.0,1.3043478260869565
1116.5988834,,39.436703611046944,16630.0,1.3206106870229009
1116.7988831999999,,10.113234110599135,17039.0,1.2900763358778626
1116.998883,,9.730661544918139,16809.0,1.3
1117.1988827999999,7.219029102618628,12.80772662306887,16459.0,1.2651515151515151
1117.3988826,19.490419131401993,95.41873398982281,19779.0,1.3426573426573427
1117.5988823999999,,32.77199213861721,19658.0,1.4962962962962962
1117.7988822,,21.228190492545544,18036.0,1.4615384615384615
1117.9988819999999,11.91191378114496,4.310655440657427,18743.0,1.5572519083969465
1118.1988818,,29.45506747852486,20091.0,1.5877862595419847
1118.3988815999999,25.85065070059457,80.8174545436875,24051.0,1.1829268292682926
1118.5988814,,46.529682706844646,23022.0,1.0606060606060606
1118.7988811999999,14.117907957140348,64.93844440797112,22772.0,1.0121212121212122
1118.998881,11.219215385924603,37.480213684967474,23502.0,0.9454545454545454
1119.1988807999999,,12.01084765995594,22738.0,0.9207317073170732
1119.3988806,6.09882257774582,24.694350965659353,22252.0,0.9146341463414634
1119.5988803999999,,24.357325411235017,22975.0,0.9757575757575757
1119.7988802,10.939971362484854,90.88046529514831,18158.0,1.3868613138686132
1119.9988799999999,17.537309253814925,56.19883096540307,21429.0,1.6014492753623188
1120.1988798,,67.71899115192606,26286.0,1.6394557823129252
1120.3988795999999,,74.3440549986846,25568.0,1.9850746268656716
1120.5988794,3.1617494617654094,10.966641348896024,25082.0,1.9037037037037037
1120.7988791999999,,50.31687357293335,21902.0,1.889763779527559
1120.998879,4.179251842581004,25.19180949412241,21573.0,1.9274193548387097
1121.1988787999999,,23.82643403558536,22077.0,1.983739837398374
1121.3988786,14.890489654862888,121.01778662280516,22281.0,2.0161290322580645
1121.5988783999999,,306.4347793092973,45825.0,3.280701754385965
1121.7988782,2.6383438933799432,5.164809483046261,45770.0,3.2514619883040936
1121.9988779999999,,335.88428079145973,21919.0,2.0655737704918034
1122.1988778,,358.52530454998384,47251.0,2.778409090909091
1122.3988775999999,11.491455290271858,83.35563476326078,48334.0,3.1166666666666667
1122.5988774,,272.4078836793221,24422.0,2.062992125984252
1122.7988771999999,20.147795470913017,137.85256012606962,24994.0,1.8309859154929577
1122.998877,7.011966456232922,14.621432922911948,21226.0,1.6717557251908397
1123.1988767999999,6.328196705473165,15.122307534830043,20701.0,1.753968253968254
1123.3988766,3.6219100298595133,9.114475524879287,20429.0,1.9262295081967213
1123.5988763999999,2.785735279710003,4.0910603950949325,20414.0,1.9426229508196722
1123.7988762,,2.8285457017872426,20173.0,1.9173553719008265
1123.9988759999999,,2.8741914240012725,20383.0,1.9504132231404958
1124.1988758,2.3321110785176495,4.5149825977855125,20454.0,2.1322314049586777
1124.3988755999999,2.3452023803668913,4.001921969680072,20333.0,1.9008264462809918
1124.5988754,9.115898058252426,16.84543867535372,21424.0,1.921259842519685
1124.7988751999999,8.869490962569381,54.00215333724976,21079.0,2.0078125
1124.998875,6.823400765445599,70.42627661137627,21948.0,2.968503937007874
1125.1988747999999,10.392444722943335,64.51691021051447,22342.0,1.976
1125.3988746,6.15340631414329,44.505266758193024,20462.0,1.7559055118110236
1125.5988743999999,,3.381217762303506,19876.0,1.728
1125.7988742,,6.686163626229266,20074.0,1.752
1125.998874,2.3506307197625524,3.3414730735522555,20215.0,1.84
1126.1988738,2.351383282465295,2.8467796737593236,20314.0,1.976
1126.3988736,2.398457327693456,3.854675920820801,20095.0,1.8
1126.5988734,2.412758411498437,68.37596273231681,21429.0,3.0
1126.7988732,,70.10364690122003,19788.0,1.7741935483870968
1126.998873,,5.48342037857018,20109.0,1.967741935483871
1127.1988728,,248.1974530559188,41512.0,3.2865497076023393
1127.3988726,,247.54484036875536,20131.0,2.0080645161290325
1127.5988724,2.405051310152436,0.7960831594334649,20074.0,1.9919354838709677
1127.7988722,6.1459140201394264,8.450264002926126,20656.0,1.7578125
1127.998872,3.641862013218582,5.852340516119194,21031.0,1.7734375
1128.1988718,2.4598220657500356,3.732268324421478,21019.0,1.734375
1128.3988716,3.7556239640066305,1.6892419062328194,21115.0,1.7364341085271318
1128.5988714,3.960900072586499,8.20322238544187,20665.0,1.90625
1128.7988712,4.487250608272506,9.152067387903639,20550.0,1.921259842519685
1128.998871,,255.82595865837362,41518.0,2.820809248554913
1129.1988708,,256.034791754184,20912.0,1.9682539682539681
1129.3988706,3.2446237858212923,5.365327997041228,20693.0,1.7890625
1129.5988704,3.110267034990792,64.52464249925468,21720.0,2.9606299212598426
1129.7988702,2.421353013530135,66.26619063068831,20325.0,1.9206349206349207
1129.99887,2.4330541028370436,63.16494519680776,21607.0,2.9606299212598426
1130.1988698,2.451272270549379,2.3462035571857363,21497.0,2.984126984126984
1130.3988696,,9.984975265989636,21014.0,3.008
1130.5988694,,56.841268188682385,20185.0,1.9133858267716535
1130.7988692,6.280193939393939,10.517504473577972,20625.0,1.796875
1130.998869,6.600769415724934,11.001521185416625,20795.0,1.78125
1131.1988688,2.5759502818326347,2.8422892402020574,20757.0,1.9606299212598426
1131.3988686,2.436167629777109,5.203600044138855,20593.0,1.7874015748031495
1131.5988684,2.6411060708425826,2.5851493887853674,20722.0,1.7734375
1131.7988682,4.002908385845855,5.7848211732023245,20630.0,1.703125
1131.998868,7.040117726964002,90.76076977121238,22085.0,2.9291338582677167
1132.1988678,3.231779992184447,67.32020054250204,20472.0,1.9516129032258065
1132.3988676,2.4023504169308043,0.9361920325503547,20507.0,2.032258064516129
1132.5988674,,241.44205000546836,41832.0,3.2865497076023393
1132.7988672,,247.6029048101206,20044.0,1.7967479674796747
1132.998867,,4.961828271637782,20341.0,1.9516129032258065
1133.1988668,2.393823341680169,0.5049414847464753,20367.0,1.9268292682926829
1133.3988666,2.328767123287671,2.92864734950699,20367.0,1.991869918699187
1133.5988664,2.42177240187608,3.6278744511935344,20255.0,1.8048780487804879
1133.7988662,2.4080371706786616,2.2392960743438195,20231.0,1.991869918699187
1133.998866,2.3165383718217867,63.34734143761237,21435.0,3.024390243902439
1134.1988658,2.556371703228987,61.65559609152845,20285.0,1.967479674796748
1134.3988656,,241.6310045282103,41700.0,3.3058823529411763
1134.5988654,,260.251030007285,21616.0,1.7209302325581395
1134.7988652,10.157987487884395,42.50699977467625,22698.0,1.779527559055118
1134.998865,13.177083333333334,55.428387195888874,22368.0,1.3655172413793104
1135.1988648,10.559676845688735,64.03819621067393,19681.0,2.533333333333333
1135.3988646,7.494962993421052,25.51880331476781,19456.0,2.514925373134328
1135.5988644,,72.08153237195636,17611.0,1.6307692307692307
1135.7988642,,70.3213767823642,19070.0,2.5801526717557253
1135.998864,2.424373244564652,4.357079152984435,19226.0,2.5801526717557253
1136.1988638,2.417137181095776,1.580640774227554,19128.0,2.6
1136.3988636,2.4949660007379686,1.3584180791008476,18971.0,2.5801526717557253
1136.5988634,2.6214378056320613,71.47397685910576,17791.0,1.6384615384615384
1136.7988632,2.409181636726547,72.73463352476625,19038.0,2.6
1136.998863,2.4166710519391676,0.32164006707097337,19003.0,2.6
1137.1988628,2.3358451072736788,2.9467152263383047,19110.0,2.6
1137.3988626,2.336801924283623,1.0441831161059665,19124.0,2.6
1137.5988624,5.293862592267589,2.346875539464932,19373.0,2.5801526717557253
1137.7988622,3.8313779267611356,2.1361210589907813,19689.0,2.5877862595419847
1137.998862,3.0745429685521852,3.272895676439901,19747.0,2.6076923076923078
1138.1988618,3.1295167061432245,6.041600062572084,19843.0,2.5877862595419847
1138.3988616,2.752029668236945,0.7983840667896228,19954.0,2.6076923076923078
1138.5988614,2.5557682619647357,3.758559915086601,19850.0,2.6076923076923078
1138.7988612,,70.14733672869775,18030.0,1.627906976744186
1138.998861,,75.03136534201079,19442.0,2.6
1139.1988608,2.362465739256348,0.8011760472374135,19337.0,2.6
1139.3988606,2.2939720517712576,1.2526628302782246,19393.0,2.6
1139.5988604,2.291150351094589,0.009946232745048529,19368.0,2.6
1139.7988602,2.3303096653112294,0.34770052430876247,19182.0,2.6
1139.99886,2.3500752347844136,3.1219826645101096,19273.0,2.6
1140.1988598,2.321899184271073,3.785328973905761,19124.0,2.6
1140.3988596,2.4325441951824667,1.39495935143052,19346.0,2.6
1140.5988594,2.410903978337846,1.5236065667559187,19204.0,2.6
1140.7988592,2.383769769250713,2.7025842546150916,19285.0,2.6
1140.998859,2.4123452921823594,1.4967862677432298,19149.0,2.6
1141.1988588,,200.63510189369399,38904.0,3.175141242937853
1141.3988586,,202.7351561401263,19290.0,2.635658914728682
1141.5988584,14.578858727957202,32.563595214337454,20188.0,2.3884892086330933
1141.7988582,,207.86847328265415,39995.0,3.0543478260869565
1141.998858,11.106025915209461,38.669798876015676,39745.0,3.0054054054054054
1142.1988578,,195.92148422997857,19941.0,2.5955882352941178
1142.3988576,,75.91392529559982,18218.0,1.6842105263157894
1142.5988574,,7.912827669982426,18971.0,1.8955223880597014
1142.7988572,3.65436628577419,3.8534543566373283,19078.0,1.7164179104477613
1142.998857,2.7243265993265995,2.976603145636835,19008.0,1.7185185185185186
1143.1988568,,236.58376103654516,39819.0,3.0773480662983426
1143.3988566,,233.45932634418014,19106.0,1.7164179104477613
1143.5988564,,2.1754472649208494,18490.0,1.75
1143.7988562,,238.9026668031179,39751.0,3.1222222222222222
1143.998856,,229.8887919760133,18231.0,1.7067669172932332
1144.1988558,3.8714453464032266,53.92689930404072,19587.0,2.6766917293233083
1144.3988556,6.102484640895993,79.9030845945304,18393.0,1.8244274809160306
1144.5988554,4.952932056038541,5.972067738331332,18059.0,1.9083969465648856
1144.7988552,4.728949858088931,76.51299222526762,19026.0,2.7709923664122136
1144.998855,4.59809077397965,72.38409246613062,17494.0,1.8384615384615384
1145.1988548,2.8543751672464546,73.66687632806034,18685.0,2.776923076923077
1145.3988546,11.899478047282775,81.38391442473343,16285.0,1.328125
1145.5988544,,267.60338104133575,37013.0,3.2298850574712645
1145.7988542,,202.58319965263638,16488.0,2.661417322834646
1145.998854,,96.25381630218916,14421.0,1.2936507936507937
1146.1988538,,104.81329025711365,16117.0,2.6825396825396823
1146.3988536,,191.6069605211046,37565.0,3.1931818181818183
1146.5988534,,198.77629213316067,17197.0,2.7734375
1146.7988532,4.309003888722704,7.386643956326283,16715.0,2.7936507936507935
1146.998853,6.405518617021277,100.79996907314467,15040.0,1.3650793650793651
1147.1988528,5.2687720249390075,3.053567993101367,14756.0,1.3253968253968254
1147.3988526,2.949587978671837,3.1473448606328844,14441.0,1.32
1147.5988524,2.4922699849170438,104.86847322854979,15912.0,2.72
1147.7988522,,101.70966054036384,13961.0,1.3306451612903225
1147.998852,,277.3087778310448,35467.0,3.2732558139534884
1148.1988517999998,,273.612385287837,14210.0,1.344
1148.3988516,,258.5364950859601,36589.0,3.2865497076023393
1148.5988513999998,,265.71924145589384,14788.0,1.435483870967742
1148.7988512,3.2161059460905626,6.2021995198452995,14951.0,1.3951612903225807
1148.9988509999998,,260.5286266494794,37535.0,3.2485549132947975
1149.1988508,10.796141479099678,21.266956340261224,38875.0,3.1396648044692737
1149.3988505999998,5.610601180891036,15.49263881318641,37260.0,3.254335260115607
1149.5988504,,269.25128916989576,15352.0,1.4112903225806452
1149.7988501999998,,274.19152358471894,36395.0,3.2865497076023393
1149.99885,,270.3067647322296,14632.0,1.401639344262295
1150.1988497999998,,277.2628120291443,35867.0,3.3058823529411763
1150.3988496,,208.71473235208816,15934.0,2.7886178861788617
1150.5988493999998,2.450192659970943,0.4574476860729511,15831.0,2.7886178861788617
1150.7988492,2.4086547507055505,2.619550220534381,15945.0,2.7886178861788617
1150.9988489999998,,209.597753453853,35543.0,3.3058823529411763
1151.1988488,9.308086246290411,28.277027064702207,38077.0,3.175141242937853
1151.3988485999998,,250.46523304287862,16519.0,1.4682539682539681
1151.5988484,3.7050324174127818,4.444793054145139,16195.0,1.4409448818897639
1151.7988481999998,3.7798904867922256,5.777863927066766,16619.0,1.4488188976377954
1151.998848,2.6304719845431963,84.478904233411,18115.0,2.765625
1152.1988477999998,2.9193618744936747,79.5003125843934,16047.0,1.4960629921259843
1152.3988476,,1.9919599404278474,15513.0,1.4365079365079365
1152.5988473999998,,3.7436888395224015,15580.0,1.4409448818897639
1152.7988472,,2.9136563599270744,15343.0,1.4365079365079365
1152.9988469999998,,266.78104591802355,36515.0,3.2298850574712645
1153.1988468,,266.60036090477024,15355.0,1.4365079365079365
1153.3988465999998,,238.5938070370836,38997.0,3.0824175824175826
1153.5988464,,310.60031351270635,20918.0,1.5034965034965035
1153.7988461999998,,239.4539008279645,45179.0,2.657608695652174
1153.998846,,246.8708154078694,24851.0,1.832116788321168
1154.1988457999998,,219.31410901447626,47311.0,3.0994475138121547
1154.3988456,12.615440755863267,92.46299735452638,50697.0,3.021505376344086
1154.5988453999998,5.948934818432704,33.34165136011746,50367.0,3.0718232044198897
1154.7988452,3.871606867399884,14.315614294608523,49917.0,3.0549450549450547
1154.9988449999998,2.909285945595855,4.655552376244583,49408.0,3.0773480662983426
1155.1988448,2.7951596501932072,1.5025419693215056,49170.0,3.1049723756906076
1155.3988445999998,3.295518064423999,21.00503435365932,49019.0,2.652173913043478
1155.5988444,3.0197615872952697,12.611180042594917,50249.0,2.989247311827957
1155.7988441999998,,250.51541990207988,26780.0,2.028776978417266
1155.998844,,261.7580998683697,49567.0,3.0324324324324325
1156.1988437999998,,256.7816775819152,26428.0,2.036231884057971
1156.3988436,,257.12875965611806,49472.0,3.0489130434782608
1156.5988433999999,2.1479491788544816,11.089220447036999,48956.0,2.6630434782608696
1156.7988432,2.2300320786129046,11.044373398833528,49254.0,3.0217391304347827
1156.9988429999999,2.141936660385387,1.686457173383686,49353.0,3.0489130434782608
1157.1988428,2.1227365817061052,1.415176045130293,49317.0,3.0434782608695654
1157.3988425999999,2.1433960733409054,0.47701142836073135,49304.0,3.0489130434782608
1157.5988424,,257.6994008708394,26268.0,2.065693430656934
1157.7988421999999,,246.89941580908524,50275.0,3.0053475935828877
1157.998842,,253.3338318558225,26850.0,2.0145985401459856
1158.1988417999999,,251.95858395556183,49991.0,3.060109289617486
1158.3988416,2.2912493777999003,4.4015104001048755,50225.0,3.0382513661202184
1158.5988413999999,2.3520437708420694,2.2008821348831105,50079.0,3.0824175824175826
1158.7988412,,259.45853781550545,26867.0,2.0814814814814815
1158.9988409999999,2.549453872028421,2.9509535773962314,26459.0,2.0814814814814815
1159.1988408,,266.9293902902976,49532.0,3.07103825136612
1159.3988405999999,2.4309280026003575,3.0287281180643926,49224.0,3.087912087912088
1159.5988404,,268.396747504063,25972.0,2.074626865671642
1159.7988401999999,,264.20059424857743,48823.0,3.0382513661202184
1159.99884,,289.68993805877403,24402.0,2.286764705882353
1160.1988397999999,,146.48810229575903,19279.0,2.234375
1160.3988396,12.00775711496969,61.77798037991135,19466.0,2.1044776119402986
1160.5988393999999,,15.61101453088959,18870.0,2.1076923076923078
1160.7988392,8.165008911631116,32.2756375202027,17393.0,1.3082706766917294
1160.9988389999999,,475.0665337103135,40569.0,3.162921348314607
1161.1988388,3.1689116311736525,8.129306488751208,39867.0,3.1931818181818183
1161.3988385999999,,471.8601982323994,16854.0,1.3333333333333333
1161.5988384,,470.62266311698136,39450.0,3.1988636363636362
1161.7988381999999,,470.80532911912684,16701.0,1.3333333333333333
1161.998838,,43.64829875344183,19207.0,1.4475524475524475
1162.1988377999999,14.582124993684635,37.01958939465441,19793.0,1.6488549618320612
1162.3988376,,24.250436962675057,21655.0,1.6940298507462686
1162.5988373999999,,30.37523623324806,23559.0,1.75
1162.7988372,3.5154021800008617,5.242218629837155,23211.0,1.8208955223880596
1162.9988369999999,5.039836219397765,8.752333772749045,23446.0,1.7956204379562044
1163.1988368,,14.325474263685964,22831.0,1.8074074074074074
1163.3988365999999,2.936993579809608,8.48208999955585,22585.0,1.8
1163.5988364,,397.4539168024123,45329.0,3.0773480662983426
1163.7988361999999,,393.9462539074273,22250.0,1.8270676691729324
1163.998836,,395.79575712968517,45361.0,3.1166666666666667
1164.1988357999999,,391.4722830647403,22420.0,1.8195488721804511
1164.3988356,2.2414346179550013,0.35992474670873414,22445.0,1.8134328358208955
1164.5988353999999,,391.0404950163689,45328.0,3.1049723756906076
1164.7988352,2.394292524663974,6.076764580020859,45309.0,3.07103825136612
1164.9988349999999,,382.9808852552021,22685.0,1.7777777777777777
1165.1988348,2.5955392660796495,4.79571157739667,22373.0,1.8045112781954886
1165.3988345999999,2.3327499551247532,1.1804401872968537,22284.0,1.8045112781954886
1165.5988344,,2.509692671096289,22045.0,1.83206106870229
1165.7988341999999,,2.9269374872045373,22229.0,1.8106060606060606
1165.998834,2.253166262462948,1.2222090175738747,22266.0,1.8181818181818181
1166.1988337999999,2.2201289043133365,0.6580535905443826,22187.0,1.8181818181818181
1166.3988336,,2.2012887662686214,21929.0,1.8091603053435115
1166.5988333999999,,48.09288938774485,24183.0,2.0381679389312977
1166.7988332,10.022179403082978,57.99593533155664,24392.0,1.962686567164179
1166.9988329999999,14.586006852515185,85.21446205348434,25684.0,1.8380281690140845
1167.1988328,,13.249262701097368,23601.0,1.889763779527559
1167.3988325999999,,13.428512941769021,22811.0,1.9758064516129032
1167.5988324,,5.3244886574529,22396.0,2.016260162601626
1167.7988321999999,,3.7855304288489444,22696.0,2.0
1167.998832,,1.5880853630145233,22363.0,2.040983606557377
1168.1988317999999,,3.7207179773963794,22568.0,2.048780487804878
1168.3988316,4.037192270360893,9.173972071323375,22666.0,2.008
1168.5988313999999,2.729866441851178,3.047824840313873,22537.0,2.032258064516129
1168.7988312,2.3686500888099467,0.5605606941991735,22520.0,2.024193548387097
1168.9988309999999,2.401535661976832,1.2591654037787527,22531.0,2.032258064516129
1169.1988308,5.872597372666513,13.474819539639475,21695.0,1.9453125
1169.3988305999999,,335.02695509823684,43787.0,3.2514619883040936
1169.5988304,2.383225071225071,1.2545377449787265,43875.0,3.2982456140350878
1169.7988301999999,,334.1041756196389,20845.0,1.91869918699187
1169.99883,,5.677537047549417,21169.0,2.0161290322580645
1170.1988297999999,2.3711197867072937,1.486543664822432,21004.0,1.934959349593496
1170.3988296,,5.418850969618921,20749.0,1.9098360655737705
1170.5988293999999,,331.34135733397795,43505.0,3.323529411764706
1170.7988292,,333.69727249869675,21041.0,1.91869918699187
1170.998829,13.41709264500866,21.0240061245246,23671.0,1.8571428571428572
1171.1988288,3.2033948906043417,8.448833093681234,23447.0,1.8396946564885497
1171.3988286,,322.9484128408044,45640.0,3.159090909090909
1171.5988284,,316.95230019068407,23061.0,1.8396946564885497
1171.7988282,2.735363612496718,4.830977737099164,22854.0,1.853846153846154
1171.998828,3.915576028930601,12.453723105259003,23228.0,1.9147286821705427
1172.1988278,6.0835619328972355,32.39631721938377,23695.0,2.0714285714285716
1172.3988276,5.048620401337793,14.058746486000132,23920.0,2.015625
1172.5988274,18.047795754786996,67.48359010953726,26948.0,1.6666666666666667
1172.7988272,6.0857265877287405,41.37386951081572,23225.0,1.8432835820895523
1172.998827,,3.2198304372490814,22567.0,1.8181818181818181
1173.1988268,,8.036328733388368,22554.0,1.83206106870229
1173.3988266,5.830623655913978,12.701197096283426,23250.0,1.83206106870229
1173.5988264,10.810154271241078,25.262527882525788,26058.0,1.9696969696969697
1173.7988262,,34.35756833558508,26008.0,1.9166666666666667
1173.998826,9.602551164574335,34.77284576380507,24773.0,2.0390625
1174.1988258,4.664455262137595,29.742404340725287,23213.0,1.876923076923077
1174.3988256,,11.157686528561493,23288.0,1.937984496124031
1174.5988254,2.3706807187284036,3.317307793949423,23152.0,1.9147286821705427
1174.7988252,,285.46578128974124,45358.0,3.1875
1174.998825,,282.844973769123,23191.0,1.930232558139535
1175.1988248,2.3012784641212174,1.4096583786886925,23231.0,1.9069767441860466
1175.3988246,5.439253140595422,37.49331321449335,23244.0,1.803030303030303
1175.5988244,2.6494662690695363,1.9238615779801331,23139.0,1.8181818181818181
1175.7988242,,7.6351829237100395,22731.0,1.8549618320610688
1175.998824,2.687136627906977,12.926685643157901,22016.0,1.8244274809160306
1176.1988238,,17.312047852548442,23389.0,1.7651515151515151
1176.3988236,5.574246278303657,33.734927042775126,23981.0,1.937984496124031
1176.5988234,11.805204774881972,32.53051938403549,26053.0,1.837037037037037
1176.7988232,7.006845450784218,15.65894737904907,26587.0,1.8014705882352942
1176.998823,,1086.5552665806906,5531.0,10.24
1177.1988228,,1102.5540045033677,27083.0,1.4645161290322581
1177.3988226,,23.807600058883384,26763.0,1.8955223880597014
1177.5988224,,43.736572878513996,24142.0,1.8333333333333333
1177.7988222,5.8568185639818395,10.166711650179028,23788.0,1.7703703703703704
1177.998822,11.801321398124466,94.55655246116784,23460.0,1.6304347826086956
1178.1988218,6.080896216074012,15.78578127378036,22807.0,1.6742424242424243
1178.3988216,,3.8482527784359486,22084.0,1.7
1178.5988214,2.717898920554627,2.6986583755085958,22141.0,1.7153846153846153
1178.7988212,,9.820111691435855,22375.0,1.7121212121212122
1178.998821,5.832052093696301,9.021071557550982,22114.0,1.7923076923076924
1179.1988208,,277.17760611955697,43811.0,3.151685393258427
1179.3988206,,275.310305702615,21851.0,1.7751937984496124
1179.5988204,,4.518070680634959,22198.0,1.7557251908396947
1179.7988202,3.6473186119873815,3.5737168639173724,22190.0,1.7615384615384615
1179.99882,,136.74703215891827,21967.0,1.1948051948051948
1180.1988198,,154.69342135022407,20123.0,2.58955223880597
1180.3988196,,171.44816177615684,18411.0,1.3609022556390977
1180.5988194,,75.25860675964837,18067.0,1.4274809160305344
1180.7988192,5.566790137747424,5.588531181596345,17278.0,1.3893129770992367
1180.998819,,3.007079718060666,16804.0,1.4375
1181.1988188,4.392798786181139,4.037140688263636,17136.0,1.4609375
1181.3988186,,28.44133136558963,16985.0,1.5354330708661417
1181.5988184,5.077490349714813,5.496983298909761,17357.0,1.5433070866141732
1181.7988182,4.0303667898777364,4.2157528458206155,17585.0,1.5511811023622046
1181.998818,3.7892313967717497,6.077966186704668,17161.0,1.5390625
1182.1988178,,300.1151245785612,39579.0,3.2369942196531793
1182.3988176,,314.5902507345695,17929.0,1.6031746031746033
1182.5988174,3.27730531932633,0.9705007532408324,17991.0,1.5826771653543308
1182.7988172,,4.211128259669944,18399.0,1.5859375
1182.998817,,308.68884983645563,40126.0,3.2057142857142855
1183.1988168,,301.9980854303123,18268.0,1.5307692307692307
1183.3988166,4.893443496801706,18.55159545519333,18760.0,1.6171875
1183.5988164,9.487374266554903,59.247940820436526,19088.0,1.7109375
1183.7988162,,244.63607505865468,44605.0,3.2114285714285713
1183.998816,,400.08357655280236,22556.0,1.8203125
1184.1988158,11.7719828466408,22.572711198832884,24485.0,1.8661417322834646
1184.3988156,14.02116119488844,134.17335623560595,24337.0,1.3503184713375795
1184.5988154,16.847703180212015,68.9495875348624,25470.0,1.187878787878788
1184.7988152,13.160014160545181,68.74381307404585,22598.0,0.9818181818181818
1184.998815,,28.643267393043086,22309.0,0.9939024390243902
1185.1988148,2.955780621241579,2.2568449448844987,22117.0,0.975609756097561
1185.3988146,,17.00932937815922,22665.0,1.084848484848485
1185.5988144,8.76297739356305,9.698240162612267,24639.0,1.1696969696969697
1185.7988142,,145.4177361773419,19753.0,1.5112781954887218
1185.998814,,55.23534740286724,16795.0,1.6031746031746033
1186.1988138,16.430749251877366,37.313345471252596,17711.0,1.7251908396946565
1186.3988136,19.98017799352751,61.90799729784801,19776.0,1.4866666666666666
1186.5988134,15.277529761904763,44.03160777981288,18816.0,1.5673758865248226
1186.7988132,,45.443436077727306,21228.0,1.6515151515151516
1186.998813,8.771310807138327,33.817054337864256,22078.0,1.6888888888888889
1187.1988128,,90.49559737275038,23428.0,1.791044776119403
1187.3988126,,33.38468085179829,24830.0,1.8880597014925373
1187.5988124,,26.38656137269776,23685.0,1.878787878787879
1187.7988122,4.0073588158614015,15.254758422114941,23781.0,1.900763358778626
1187.998812,,5.332540914777925,22851.0,1.9919354838709677
1188.1988118,3.098862961779077,15.076553328994438,21899.0,1.9836065573770492
1188.3988116,,5.070921866748559,21982.0,2.0
1188.5988114,10.53665358603991,70.27376663502513,23954.0,2.191666666666667
1188.7988112,,41.999472832133875,25107.0,2.336206896551724
1188.998811,7.754482976538431,21.11971378520564,25318.0,2.376068376068376
1189.1988108,,76.71834416630028,24098.0,2.0076335877862594
1189.3988106,15.96385344438518,137.8466829739799,24373.0,1.802919708029197
1189.5988104,,21.319168905781208,22217.0,1.7846153846153847
1189.7988102,,17.686387811733084,22849.0,1.7238805970149254
1189.99881,5.685710288219383,18.786098195275763,21442.0,1.7846153846153847
1190.1988098,,5.089813074633576,21206.0,1.8125
1190.3988096,,4.49044671815853,21444.0,1.806201550387597
1190.5988094,2.383759004584152,1.2166434234109558,21378.0,1.84375
1190.7988092,2.4955346705942865,1.0316179533638021,21387.0,1.8046875
1190.998809,2.316945508926068,1.242735621060225,21398.0,1.8203125
1191.1988088,2.35051787973942,1.156301057609607,21337.0,1.8203125
1191.3988086,2.3133976924888158,1.5219512262376322,21235.0,1.8125
1191.5988084,2.305162992274355,0.39195872504417284,21228.0,1.8203125
1191.7988082,2.364589730265955,1.5968610790187363,21169.0,1.8125
1191.998808,,4.354400252602566,21053.0,1.8425196850393701
1192.1988078,2.328566661899995,0.23297432990845826,20979.0,1.8425196850393701
1192.3988075999998,,4.371812119847269,21141.0,1.8267716535433072
1192.5988074,2.841136021100226,2.171386410660615,21232.0,1.828125
1192.7988071999998,,274.08635865527555,43080.0,3.1954022988505746
1192.998807,,271.1238080071452,21488.0,1.8515625
1193.1988067999998,13.190312334568555,62.62317806783857,22668.0,1.9852941176470589
1193.3988066,7.703700393278512,41.29984966486558,22376.0,1.669064748201439
1193.5988063999998,,274.54640078406317,44232.0,3.1684782608695654
1193.7988062,,983.1103435077101,6003.0,7.344827586206897
1193.9988059999998,,957.4017202663205,41089.0,3.2114285714285713
1194.1988058,3.8397503108921995,5.876555997215566,41011.0,3.2114285714285713
1194.3988055999998,2.98721019234093,3.846138625920136,40501.0,3.2241379310344827
1194.5988054,2.390837508947745,0.9824196192804453,40513.0,3.2298850574712645
1194.7988051999998,2.3402323440881614,1.6952095478139366,40199.0,3.2241379310344827
1194.998805,,22.30276821971601,42759.0,3.2752808988764044
1195.1988047999998,,22.272238491870795,40445.0,3.235632183908046
1195.3988046,2.2458149340119253,1.385187342296888,40083.0,3.2196531791907512
1195.5988043999998,2.2227725224109753,0.6124414066379598,40382.0,3.2427745664739884
1195.7988042,2.4138025571368042,1.7185205040048226,40123.0,3.2485549132947975
1195.9988039999998,2.370758408877,3.9029965208549395,40374.0,3.2485549132947975
1196.1988038,3.8042747714356313,1.9524510315475228,40470.0,3.2485549132947975
1196.3988035999998,2.7136333176143554,1.547308844004209,40291.0,3.2485549132947975
1196.5988034,2.8706853675519746,1.4854405643307254,40212.0,3.2485549132947975
1196.7988031999998,2.4653714115130105,0.7410083374521529,40198.0,3.2485549132947975
1196.998803,,24.47696164130552,38177.0,2.835294117647059
1197.1988027999998,,22.653064532583265,40170.0,3.235632183908046
1197.3988026,3.0496746901516465,4.714543361279141,40423.0,3.2485549132947975
1197.5988023999998,3.0126924316418355,1.228267274458911,40339.0,3.254335260115607
1197.7988022,2.3248952470681576,0.20041389428522638,40333.0,3.254335260115607
1197.9988019999998,2.421097004562587,0.4558636983781057,40328.0,3.2485549132947975
1198.1988018,2.282723552027781,0.6906284269060158,40315.0,3.2485549132947975
1198.3988015999998,2.2675288637827657,0.49989463117795463,40362.0,3.2485549132947975
1198.5988014,2.2490779018243927,1.1352636251991035,40397.0,3.2485549132947975
1198.7988011999998,2.2495788743559255,0.17834608339211785,40368.0,3.260115606936416
1198.998801,2.6711569529017023,0.6712962387227042,40235.0,3.260115606936416
1199.1988007999998,,203.05081558889748,21182.0,2.8582089552238807
1199.3988006,11.883624866132898,48.44450008145367,19609.0,2.5338345864661656
1199.5988003999998,,213.74862104236968,41390.0,3.156756756756757
1199.7988002,,235.14775656242014,20315.0,2.4893617021276597
1199.9987999999998,17.006511538829837,70.77291729753246,20886.0,1.7352941176470589
1200.1987998,,195.81808244689745,42748.0,3.0549450549450547
1200.3987995999998,,190.0035553720355,20575.0,1.992063492063492
1200.5987994,7.237154341614606,15.40855370257259,20649.0,1.992
1200.7987991999998,7.590651119595501,27.875171227259138,19382.0,1.9761904761904763
1200.998799,5.21443758226182,6.195516327730607,19754.0,1.8968253968253967
1201.1987987999998,2.727740607308286,1.0223035790590687,19430.0,1.8492063492063493
1201.3987986,2.7009671381031612,4.074975081269072,19232.0,1.8492063492063493
1201.5987983999999,,213.75575786951623,40621.0,3.2485549132947975
1201.7987982,,186.57377583558184,20509.0,2.888888888888889
1201.9987979999999,2.253157121879589,2.4008765426328504,20430.0,2.888888888888889
1202.1987978,2.2267929214529647,57.56369522691038,19326.0,1.8571428571428572
1202.3987975999999,2.3333822809593734,58.99785934846687,20430.0,2.888888888888889
1202.5987974,2.215042592977353,57.53737966506252,19252.0,1.8492063492063493
1202.7987971999999,,211.79357261334354,40452.0,3.2485549132947975
1202.998797,2.166945533551432,20.795864890275325,40043.0,2.832369942196532
1203.1987967999999,2.2752718932649385,18.052878012121358,40549.0,3.2485549132947975
1203.3987966,5.090583740387871,9.506235719276788,41354.0,3.1954022988505746
1203.5987963999999,,207.87933890260655,20414.0,2.0236220472440944
1203.7987962,,192.0943951059334,42748.0,3.2241379310344827
1203.9987959999999,2.5744442106739602,3.488388992756942,42777.0,3.213872832369942
1204.1987958,,204.46959703469145,21821.0,2.0
1204.3987955999999,,3.587421412491385,21483.0,1.9761904761904763
1204.5987954,,208.05727300523895,42976.0,3.2485549132947975
1204.7987951999999,,205.52600420950893,21868.0,2.0236220472440944
1204.998795,2.2349320102903345,0.34275075142836425,21768.0,2.0
1205.1987947999999,2.4950709415883545,1.3876630923297504,21708.0,2.007936507936508
1205.3987946,,204.77695894274495,42849.0,3.2485549132947975
1205.5987943999999,2.115821258865663,1.5579919467265662,42721.0,3.2485549132947975
1205.7987942,,203.36709092757934,21744.0,2.0
1205.9987939999999,,208.6085702240721,42338.0,2.8265895953757227
1206.1987938,2.350934655967059,18.235434089518275,42743.0,3.2427745664739884
1206.3987935999999,2.9291813758229175,19.417171786421388,41924.0,2.8430232558139537
1206.5987934,,248.84238882122298,22930.0,1.9699248120300752
1206.7987931999999,,65.54342768335106,25845.0,2.0303030303030303
1206.998793,,206.5426691715257,48142.0,3.0718232044198897
1207.1987927999999,,370.2170313635124,32298.0,2.2013422818791946
1207.3987926,,140.47738579068127,25984.0,1.6713286713286712
1207.5987923999999,,323.12635581115063,45883.0,3.021505376344086
1207.7987922,,515.0045581659847,20093.0,1.2083333333333333
1207.9987919999999,,42.75137645469498,20319.0,1.3120567375886525
1208.1987918,,15.16550924650973,19902.0,1.3868613138686132
1208.3987915999999,6.51361280257662,32.06228554595519,19871.0,1.3430656934306568
1208.5987914,,8.291031407128074,19974.0,1.3043478260869565
1208.7987911999999,,25.571569329995008,18811.0,1.373134328358209
1208.998791,3.8373522964230338,8.251639511651835,18703.0,1.4772727272727273
1209.1987907999999,20.629076945511105,84.64352717003138,20573.0,1.452054794520548
1209.3987906,,58.6196258657613,22143.0,1.6170212765957446
1209.5987903999999,,398.90638325400596,45828.0,3.087912087912088
1209.7987902,4.9648556803028345,5.309715474058408,46494.0,3.087912087912088
1209.9987899999999,,338.4013647120851,22776.0,1.9307692307692308
1210.1987898,3.926546279333508,12.030197778459739,22926.0,1.8846153846153846
1210.3987895999999,,9.8087845893138,22892.0,1.930232558139535
1210.5987894,,2.5897779626760107,22488.0,1.953125
1210.7987891999999,,9.134543999991712,22692.0,2.0
1210.998789,2.5268427035061642,4.470225710400127,22874.0,2.015625
1211.1987887999999,,3.5568130085703866,22529.0,2.0476190476190474
1211.3987886,,3.5247490822400436,22782.0,2.031496062992126
1211.5987883999999,2.3312439729990357,0.38396237753649154,22814.0,2.031496062992126
1211.7987882,2.4191959180082696,1.0149303398738585,22734.0,2.0393700787401574
1211.9987879999999,,2.7644446288007862,22447.0,2.072
1212.1987878,,2.931748742429107,22677.0,2.0396825396825395
1212.3987875999999,,5.422338796135015,22362.0,1.9841269841269842
1212.5987874,,10.157772160366632,23184.0,1.9922480620155039
1212.7987871999999,2.5304215558452845,1.7958282923270983,23010.0,2.015625
1212.998787,,354.9989838967936,44848.0,2.702857142857143
1213.1987867999999,,363.8849458911421,22606.0,2.031496062992126
1213.3987866,,7.2986632658806645,22902.0,2.0078125
1213.5987863999999,,5.380115502984768,22692.0,2.015748031496063
1213.7987862,,3.4841138988419775,22925.0,2.015625
1213.9987859999999,2.5407184584532216,4.429121467741927,22938.0,1.9922480620155039
1214.1987858,2.4004721724303764,2.7883827826140557,22873.0,1.9922480620155039
1214.3987855999999,,4.47408430304031,22581.0,2.015748031496063
1214.5987854,6.431515817037631,14.418637398125346,23677.0,1.8432835820895523
1214.7987851999999,4.998595864181771,0.7480392731707943,23502.0,1.8692307692307693
1214.998785,,15.21432760580402,23135.0,1.8702290076335877
1215.1987847999999,2.96265778401122,4.101649946520377,22816.0,1.8846153846153846
1215.3987846,,369.7114045212215,44831.0,2.772727272727273
1215.5987843999999,,377.26907359289135,22428.0,1.8914728682170543
1215.7987842,,388.0100464754053,46211.0,2.6333333333333333
1215.998784,,364.5213132602934,23877.0,1.9224806201550388
1216.1987838,2.5606175332323744,1.9644074218362795,23772.0,1.9296875
1216.3987836,4.348337707786527,36.456511177522586,22860.0,1.874015748031496
1216.5987834,3.010327490148118,5.415300799958095,22077.0,1.888
1216.7987832,4.128789595323333,1.8514368238322398,22067.0,1.9285714285714286
1216.998783,3.2436807596653856,12.012990323303116,22115.0,1.936
1217.1987828,5.46780378156816,20.315383814316533,22689.0,1.8984375
1217.3987826,3.5351673789173788,10.509042662335935,22464.0,1.889763779527559
1217.5987824,3.5309511592107103,17.04416241001208,21437.0,1.795275590551181
1217.7987822,10.665175772269365,50.86742727185013,23923.0,1.6666666666666667
1217.998782,4.180616557553659,14.415337082805626,24134.0,1.6985294117647058
1218.1987818,,9.276791924583947,23023.0,1.6764705882352942
1218.3987816,11.003937007874017,44.6951962257511,24130.0,1.7388059701492538
1218.5987814,,10.119004951042694,23563.0,1.7651515151515151
1218.7987812,,3.851123412705699,23081.0,1.7923076923076924
1218.998781,,77.62534557472702,23096.0,1.5755395683453237
1219.1987808,,37.81117143254231,22313.0,1.7037037037037037
1219.3987806,2.871586287042417,3.1743014224184196,22373.0,1.7313432835820894
1219.5987804,,14.83377983700525,23274.0,1.5714285714285714
1219.7987802,6.746187760385067,20.215955466212893,24723.0,1.6041666666666667
1219.99878,3.2668606080472014,13.877561472735017,24406.0,1.5714285714285714
1220.1987798,10.08979089790898,39.90556322556861,26016.0,1.4394904458598725
1220.3987796,9.808573807885876,41.47109903942198,27619.0,1.3272727272727274
1220.5987794,,11.705957807465271,24483.0,1.2929936305732483
1220.7987792,4.075948275862069,20.013817502446955,23200.0,1.230263157894737
1220.998779,,15.417985689196437,22743.0,1.2348993288590604
1221.1987788,,17.796023115732265,23557.0,1.2156862745098038
1221.3987786,,27.88339614338247,22418.0,1.3310810810810811
1221.5987784,16.297523685601593,95.85708542698858,24593.0,1.457516339869281
1221.7987782,29.584403491755577,244.01997489721856,25775.0,2.028985507246377
1221.998778,16.721237384817904,162.90096652390017,22790.0,1.96875
1222.1987778,,89.2651756970213,21772.0,1.532846715328467
1222.3987776,,168.09259862844462,19865.0,2.474074074074074
1222.5987774,,193.23763762885181,38886.0,2.688888888888889
1222.7987772,14.407547264179254,88.5157690087924,39988.0,3.3254437869822486
1222.998777,7.772660128344836,53.711281026369456,41295.0,3.4539877300613497
1223.1987768,,242.90999091952634,18053.0,2.0789473684210527
1223.3987766,,94.41772026764895,21555.0,1.8846153846153846
1223.5987764,,196.75067303816084,50923.0,3.0382513661202184
1223.7987762,8.040877292493855,26.744191123580478,52890.0,2.601063829787234
1223.998776,5.707273769673208,18.197489023423625,54071.0,2.9627659574468086
1224.1987758,,263.77210801332456,32272.0,2.192857142857143
1224.3987756,,264.32092037635897,54895.0,2.6226415094339623
1224.5987754,8.279072228218315,66.63109990750242,47253.0,2.311320754716981
1224.7987752,3.2423659533541715,9.111987595208108,45749.0,2.30188679245283
1224.998775,6.757443471995592,14.932614149211345,47189.0,2.650943396226415
1225.1987748,6.806031959411114,29.43767411519956,46121.0,2.297169811320755
1225.3987746,,268.79349117302183,25483.0,1.006060606060606
1225.5987744,8.061278828458436,51.76392343919908,25539.0,1.0
1225.7987742,,275.65495224172287,44664.0,2.650943396226415
1225.998774,,249.0183030726067,22215.0,1.0731707317073171
1226.1987738,,51.73645727254762,21552.0,1.4475524475524475
1226.3987736,,307.18849050969715,27907.0,1.7808219178082192
1226.5987734,5.489232635729451,38.85524082685626,26376.0,1.9777777777777779
1226.7987732,,269.70291493911765,50821.0,2.56020942408377
1226.998773,5.564821753559576,20.26123567916973,46705.0,2.9526315789473685
1227.1987728,,383.1918166384691,19534.0,1.3602941176470589
1227.3987726,4.213889517772244,26.729001729561183,17668.0,1.496
1227.5987724,,28.545472663643412,16632.0,1.5714285714285714
1227.7987722,9.525387829870056,47.12080556105344,17469.0,1.4918032786885247
1227.998772,,26.121737495915287,17818.0,1.504
1228.1987718,,47.2337721812993,18155.0,1.4453125
1228.3987716,,17.419115669183604,17973.0,1.4296875
1228.5987714,3.5079096661575386,8.962973371993312,18332.0,1.378787878787879
1228.7987712,,7.821690209108075,18954.0,1.2695035460992907
1228.998771,11.36873502747898,58.961265413408974,21289.0,1.1366459627329193
1229.1987708,16.675464856432097,74.64588473751162,23717.0,0.9757575757575757
1229.3987706,5.441688676130736,13.151004905174112,24232.0,0.9575757575757575
1229.5987704,2.878781625325024,2.668360371925913,24229.0,0.9575757575757575
1229.7987702,,52.77253904088078,24323.0,1.0
1229.99877,,89.01999932704905,25576.0,1.1151515151515152
1230.1987698,,130.08589634766784,18670.0,1.2446043165467626
1230.3987696,,23.7592755944922,18560.0,1.2127659574468086
1230.5987694,10.978910811354943,71.5486120872079,19868.0,1.385185185185185
1230.7987692,3.5856684491978608,17.389064421787708,18700.0,1.4090909090909092
1230.998769,3.8154233115701595,12.792773808401217,18686.0,1.4885496183206106
1231.1987688,5.323060630129732,20.057365061970664,18885.0,1.4887218045112782
1231.3987686,18.7308252313184,87.5380307552425,21291.0,1.5460992907801419
1231.5987684,10.566463309847054,26.884824938165558,23276.0,1.711111111111111
1231.7987682,,16.99320976406045,25042.0,1.8602941176470589
1231.998768,,38.163771793940434,22372.0,1.9523809523809523
1232.1987678,,11.69124201835453,22816.0,1.9291338582677164
1232.3987676,19.53231558803062,143.98263380893857,22992.0,2.056451612903226
1232.5987674,,341.8254545265386,49138.0,3.087912087912088
1232.7987672,6.258926475296127,48.732189483059656,46855.0,3.175141242937853
1232.998767,,354.527563352591,22787.0,2.031496062992126
1233.1987668,2.7490649887798653,1.3908506238045695,22727.0,2.015748031496063
1233.3987666,2.5491990846681922,2.9844522985513118,22724.0,2.0078740157480315
1233.5987664,2.520917738242029,2.4785527605467204,22708.0,2.0396825396825395
1233.7987662,,368.76822984469015,45806.0,3.260115606936416
1233.998766,,369.94932944325205,22507.0,2.032
1234.1987658,3.9944335725157645,4.514302054794588,22995.0,2.047244094488189
1234.3987656,,0.44705359867697964,23539.0,2.015625
1234.5987654,,1.0536515901160186,23052.0,2.031496062992126
1234.7987652,4.902764741018858,15.18905688847661,23438.0,2.0555555555555554
1234.998765,2.763496143958869,1.5478736662453012,23340.0,2.064
1235.1987648,,353.9794137575876,46501.0,3.213872832369942
1235.3987646,,351.18761606739804,23495.0,2.0476190476190474
1235.5987644,,3.0897407940366013,23246.0,2.064
1235.7987642,,355.60840819540203,46449.0,3.2790697674418605
1235.998764,,353.3578257772301,23460.0,2.0634920634920637
1236.1987638,,2.9860541126685356,23175.0,2.056
1236.3987636,,355.6183928354567,46288.0,3.2674418604651163
1236.5987633999998,2.4495483870967742,0.997602844413829,46500.0,3.2674418604651163
1236.7987632,,354.4305501638927,23137.0,2.096774193548387
1236.9987629999998,5.172892435690636,13.923013396962753,23558.0,1.9606299212598426
1237.1987628,2.903754966038703,3.738104688408744,23409.0,1.9841269841269842
1237.3987625999998,,3.463021805354397,23631.0,1.968503937007874
1237.5987624,,2.2154789937788024,23391.0,2.008
1237.7987621999998,2.5033548442241123,0.7188432039261555,23399.0,1.9841269841269842
1237.998762,,3.447407082553715,23783.0,1.9763779527559056
1238.1987617999998,2.497107874181972,2.1716196179000824,23685.0,1.9763779527559056
1238.3987616,2.3719906917706792,0.49114467869913014,23635.0,1.968503937007874
1238.5987613999998,2.3867625290759147,0.6288594798346652,23645.0,1.9763779527559056
1238.7987612,,2.2326162485495624,23381.0,1.992063492063492
1238.9987609999998,,24.360293252805885,23383.0,1.96875
1239.1987608,3.8574946137273005,4.9835459855606405,22743.0,2.015873015873016
1239.3987605999998,4.547242881661752,1.1252847107430795,22723.0,1.9761904761904763
1239.5987604,2.861466362999299,2.047207555451086,22832.0,1.9761904761904763
1239.7987601999998,,1.8839541938664397,22544.0,2.0
1239.99876,,3.1731839341329775,22776.0,1.9841269841269842
1240.1987597999998,2.6932475039411456,1.9058055672338419,22836.0,1.992063492063492
1240.3987596,2.483947161228239,0.4410878590266573,22862.0,1.9761904761904763
1240.5987593999998,,18.898041350595996,21870.0,1.9682539682539681
1240.7987592,,389.79669150756644,44764.0,3.213872832369942
1240.9987589999998,3.321944306986369,2.0681255434387946,44458.0,3.238372093023256
1241.1987588,,376.72065038960466,22269.0,1.96
1241.3987585999998,,20.85128271903619,23000.0,2.056451612903226
1241.5987584,,365.4991171005957,46339.0,3.238372093023256
1241.7987581999998,2.253977198838268,1.4304552279613667,46138.0,3.2732558139534884
1241.998758,,362.9794034480125,23076.0,2.032
1242.1987577999998,,2.079016300112669,22823.0,2.0483870967741935
1242.3987576,,2.5282981087051453,23018.0,2.032
1242.5987573999998,2.3998610990537372,0.9122402806960069,23038.0,2.032
1242.7987572,,364.7545731357563,46178.0,3.2674418604651163
1242.9987569999998,,366.13196129568007,22790.0,2.064516129032258
1243.1987568,,3.268627727542903,22977.0,2.024
1243.3987565999998,,3.180160746860622,22833.0,2.0725806451612905
1243.5987564,,21.975488408871122,23923.0,1.9097744360902256
1243.7987561999998,13.791990653076024,94.67854653892667,24821.0,1.9849624060150375
1243.998756,,361.5891178448932,48519.0,2.637837837837838
1244.1987557999998,5.984824363719064,13.218630095174444,48367.0,2.6868131868131866
1244.3987556,,1061.1934258017493,5889.0,7.137931034482759
1244.5987553999998,,1059.3817070498108,48762.0,2.768361581920904
1244.7987552,,282.41042498388555,25589.0,2.159090909090909
1244.9987549999998,3.346819911470063,7.837284539669717,25754.0,2.1666666666666665
1245.1987548,,271.847494324552,47462.0,2.7374301675977653
1245.3987545999998,2.3244743901678206,13.235729755605343,48087.0,3.1508379888268156
1245.5987544,2.2926793496480053,16.7867076164293,47728.0,2.747191011235955
1245.7987541999998,,274.2088995465125,25516.0,2.1908396946564888
1245.998754,,272.7913782909474,47590.0,2.741573033707865
1246.1987537999998,2.1415542466273987,1.4006436797492992,47367.0,2.747191011235955
1246.3987536,2.0752928288531223,1.7706857786481207,47468.0,2.752808988764045
1246.5987533999999,,270.5448377842366,25700.0,2.198473282442748
1246.7987532,2.2263020732039362,0.2237557893772116,25709.0,2.1908396946564888
1246.9987529999999,2.2200551691984924,1.3466622095520215,25739.0,2.198473282442748
1247.1987528,2.1942367601246104,1.0481129318283569,25680.0,2.1908396946564888
1247.3987525999999,2.2862745098039214,2.775788163668993,25755.0,2.3282442748091605
1247.5987524,,259.62338953737594,47941.0,3.157303370786517
1247.7987521999999,2.090068651813166,15.820104445381373,47486.0,2.741573033707865
1247.998752,,273.33182386782664,25413.0,2.207692307692308
1248.1987517999999,,4.437747729946023,25756.0,2.3206106870229006
1248.3987516,2.2763337360196405,2.8255771542908388,25661.0,2.2061068702290076
1248.5987513999999,2.2028239332241206,0.09674895233605146,25638.0,2.183206106870229
1248.7987512,,259.9751110070375,47490.0,3.1235955056179776
1248.9987509999999,,268.25614868905484,25152.0,2.0923076923076924
1249.1987508,,1168.4502311799868,5730.0,7.0
1249.3987505999999,,1166.724033761775,25445.0,2.1603053435114505
1249.5987504,,265.729498211355,47622.0,3.1235955056179776
1249.7987501999999,,267.9064178478697,25108.0,2.169230769230769
1249.99875,,275.97769490456176,47125.0,2.752808988764045
1250.1987497999999,,276.2655510714372,25106.0,2.1538461538461537
1250.3987496,,276.38819107374843,47045.0,2.747191011235955
1250.5987493999999,,275.8256379871064,25042.0,2.1769230769230767
1250.7987492,,265.2498776636318,47518.0,3.157303370786517
1250.9987489999999,2.130220716645275,2.5715760904606424,47527.0,3.175141242937853
1251.1987488,,264.015055877797,25386.0,2.2
1251.3987485999999,2.268273378447901,1.329831170592227,25269.0,2.1769230769230767
1251.5987484,2.486356276902421,1.333391005728462,25323.0,2.1769230769230767
1251.7987481999999,,2.8251944717263844,25003.0,2.201550387596899
1251.998748,,268.9666673324584,47507.0,3.169491525423729
1252.1987477999999,,266.6422232372551,25302.0,2.1769230769230767
1252.3987476,2.250444892632578,0.6220340142385076,25287.0,2.2
1252.5987473999999,2.238955902709116,0.6072643052930996,25285.0,2.2
1252.7987472,,263.6053510864981,47341.0,3.169491525423729
1252.9987469999999,5.917864849059267,12.323017378495978,49589.0,3.0382513661202184
1253.1987468,10.039111389236545,90.02122223678192,47940.0,2.6149732620320854
1253.3987465999999,4.441282099188308,10.284867720685638,48171.0,2.8958333333333335
1253.5987464,9.813932380304061,102.60758888673199,44070.0,2.963157894736842
1253.7987461999999,6.691463414634146,69.46258570947538,41000.0,2.56020942408377
1253.998746,4.453132086882023,24.642258522189543,39686.0,3.037837837837838
1254.1987457999999,,216.72902903648128,18023.0,1.7727272727272727
1254.3987456,,210.22314635197603,40361.0,2.6666666666666665
1254.5987453999999,14.997870001374192,72.20986149223668,43662.0,3.2114285714285713
1254.7987452,,195.58268477151887,25267.0,2.8308823529411766
1254.9987449999999,,177.9989145298763,45488.0,3.1049723756906076
1255.1987448,6.414451261077028,1.2251196745500283,45477.0,3.1222222222222222
1255.3987445999999,,177.10826577306352,25129.0,3.045801526717557
1255.5987444,2.6367910667058476,52.18959688443268,23821.0,2.122137404580153
1255.7987441999999,,180.39336649475663,47458.0,3.1452513966480447
1255.998744,,236.68396682789108,26444.0,2.2248062015503876
1256.1987437999999,,998.6255118755008,6005.0,6.483870967741935
1256.3987436,,989.7839244800324,23654.0,2.131782945736434
1256.5987433999999,6.6691515018636265,34.14878510234102,22805.0,2.253968253968254
1256.7987432,,232.71932759643028,44556.0,3.2485549132947975
1256.9987429999999,2.4492056388453793,3.4449380045628737,44690.0,3.2674418604651163
1257.1987428,3.209070571486679,3.0684237323420587,44253.0,3.261627906976744
1257.3987425999999,2.767877335021937,3.8666363219125173,44218.0,3.2674418604651163
1257.5987424,2.3880455193321417,1.5213380775985075,44201.0,3.2674418604651163
1257.7987421999999,2.3134341837886656,0.4919291362240773,44290.0,3.2674418604651163
1257.998742,2.3614411651973937,1.882484134192898,44353.0,3.2674418604651163
1258.1987417999999,,236.84054701592066,22649.0,2.104
1258.3987416,,236.89680216687492,44273.0,3.261627906976744
1258.5987413999999,2.470049025196671,19.19284378374485,43855.0,2.853801169590643
1258.7987412,,257.69980283713085,24035.0,2.0697674418604652
1258.9987409999999,10.417190775681341,77.36273912207602,23850.0,2.4603174603174605
1259.1987408,18.89742545217533,154.6001537765399,24548.0,2.1343283582089554
1259.3987405999999,,288.4980862098587,44575.0,3.2114285714285713
1259.5987404,,352.1611621101116,20908.0,1.984375
1259.7987401999999,,339.8593375821833,44750.0,3.2298850574712645
1259.99874,,376.48430826047087,22434.0,1.936
1260.1987397999999,,335.7860086456519,45248.0,3.2114285714285713
1260.3987396,,359.6919256251435,23811.0,1.7769230769230768
1260.5987393999999,7.443006542189963,76.26266827475739,20941.0,1.7301587301587302
1260.7987392,13.040600974825386,96.45745232722837,19901.0,1.976
1260.998739,8.234941006002899,41.08188275685879,19324.0,1.9076923076923078
1261.1987388,6.579942118008387,46.16121433759369,16931.0,1.4094488188976377
1261.3987386,,20.43706137415846,16742.0,1.4206349206349207
1261.5987384,,8.633291538603713,15956.0,1.4634146341463414
1261.7987382,,2.8271688510846666,16280.0,1.44
1261.998738,3.8176571319845247,8.805351760430897,15767.0,1.4308943089430894
1262.1987378,,2.1168510669391964,15595.0,1.4508196721311475
1262.3987376,,3.9551457346572865,15826.0,1.4552845528455285
1262.5987374,2.7121985453617454,4.480869801081684,15674.0,1.4390243902439024
1262.7987372,2.660253943824548,0.8466117334433563,15594.0,1.4308943089430894
1262.998737,2.5151069005249007,0.5206089998493517,15622.0,1.4426229508196722
1263.1987368,,2.365782970030152,15509.0,1.4545454545454546
1263.3987366,,6.207505456028286,15814.0,1.4672131147540983
1263.5987364,,3.146974902928055,15701.0,1.487603305785124
1263.7987362,2.7522305667886258,3.829202623980023,15579.0,1.487603305785124
1263.998736,,91.1054453148823,17346.0,1.4153846153846155
1264.1987358,7.216905240742932,26.608257963937834,16906.0,1.3435114503816794
1264.3987356,,12.849863247520174,17017.0,1.3461538461538463
1264.5987354,,36.97927205409395,18781.0,1.1805555555555556
1264.7987352,,557.6588501059653,40593.0,3.1333333333333333
1264.998735,,497.2138926996982,19202.0,1.5112781954887218
1265.1987348,,7.7853080486528885,19886.0,1.606060606060606
1265.3987346,,9.230558402500586,21247.0,1.5693430656934306
1265.5987344,,96.56692116002911,22283.0,1.6814814814814816
1265.7987342,9.84957316547383,46.97761939695531,23194.0,1.762962962962963
1265.998734,,19.935696090259693,23643.0,1.875968992248062
1266.1987338,5.98670367551596,11.10214551572008,22337.0,1.8461538461538463
1266.3987336,,51.65955477862121,22903.0,1.8923076923076922
1266.5987334,,343.967742888198,46034.0,3.134831460674157
1266.7987332,,382.3701030054177,24183.0,1.871212121212121
1266.998733,,19.114590508868655,24046.0,1.7969924812030076
1267.1987328,,370.94838390307376,48334.0,2.9735449735449735
1267.3987326,,266.92754422926276,25378.0,1.7883211678832116
1267.5987324,,33.623649546360824,25477.0,1.7555555555555555
1267.7987322,,311.8937578139719,46703.0,2.637837837837838
1267.998732,,289.20391377498595,27897.0,1.8661971830985915
1268.1987318,,275.8326469884364,54806.0,2.777227722772277
1268.3987316,5.529567923837422,11.251043259707968,54620.0,2.520618556701031
1268.5987314,3.484456103142267,33.22513792490925,53751.0,2.865979381443299
1268.7987312,,311.7287667464796,33071.0,1.713375796178344
1268.998731,,6.3164316615730955,28678.0,1.5333333333333334
1269.1987308,,306.4165833162612,48862.0,2.791044776119403
1269.3987306,,347.04478579280544,25367.0,1.5410958904109588
1269.5987304,,379.81236672949836,45525.0,2.957894736842105
1269.7987302,,331.8327203066506,23356.0,1.6071428571428572
1269.99873,,9.494352278682301,23303.0,1.669064748201439
1270.1987298,2.6399557183002638,5.338519228664638,23486.0,1.6762589928057554
1270.3987296,,332.7027322073217,45934.0,3.0
1270.5987294,,323.218408536063,23706.0,1.7050359712230216
1270.7987292,,327.08186412844077,45788.0,2.989247311827957
1270.998729,,325.9314161098293,23430.0,1.7391304347826086
1271.1987288,,328.50196760486153,45685.0,3.0054054054054054
1271.3987286,,325.98419818330984,23254.0,1.7445255474452555
1271.5987284,,326.8929715331615,45728.0,3.037837837837838
1271.7987282,2.0919969428976963,2.2082293033242557,45795.0,3.0434782608695654
1271.998728,,326.6321025939499,23419.0,1.7445255474452555
1272.1987278,,2.681130790336861,23148.0,1.7591240875912408
1272.3987276,2.154058602684158,0.267113407118171,23173.0,1.7664233576642336
1272.5987274,,2.9964875825067803,23407.0,1.7591240875912408
1272.7987272,,324.73170628315853,45646.0,3.0543478260869565
1272.998727,,327.55957543425717,23117.0,1.7720588235294117
1273.1987268,,1.2515313970131383,23587.0,1.7122302158273381
1273.3987266,11.126155082362395,73.28012457688907,24890.0,1.6805555555555556
1273.5987264,,3.4077388252321046,24397.0,1.7253521126760563
1273.7987262,4.129144287848806,13.12654527016586,24763.0,1.7464788732394365
1273.998726,,336.5139567920616,47718.0,2.9735449735449735
1274.1987258,2.6056385370055253,6.989877067305134,47601.0,2.931578947368421
1274.3987256,2.574823774943033,4.999848860012637,46957.0,2.9263157894736844
1274.5987254,2.191710964173041,11.030210830560359,46278.0,2.5873015873015874
1274.7987252,,344.53471025085526,24558.0,1.7588652482269505
1274.998725,,353.504318564781,46791.0,2.601063829787234
1275.1987248,,350.3892843484408,24691.0,1.75177304964539
1275.3987246,,2.2884782711853004,24430.0,1.7714285714285714
1275.5987244,,342.97600897262464,47204.0,2.978723404255319
1275.7987242,,344.32925183881935,24345.0,1.7642857142857142
1275.998724,,3.88845833989721,24503.0,1.7588652482269505
1276.1987238,,343.1392693202925,47097.0,2.9574468085106385
1276.3987236,,344.04758713091513,24287.0,1.7841726618705036
1276.5987234,2.243736607878688,1.778004854587037,24268.0,1.7642857142857142
1276.7987232,2.202459050212485,1.2185300814275053,24237.0,1.7841726618705036
1276.998723,,345.3365579478091,47124.0,3.0
1277.1987228,,345.27732744464066,24223.0,1.7841726618705036
1277.3987226,,3.2462611907202907,24447.0,1.7714285714285714
1277.5987224,,2.4649213728157235,24180.0,1.79136690647482
1277.7987222,,354.86857797300314,46592.0,2.6149732620320854
1277.998722,2.159323694129171,15.794044316770467,46961.0,3.0106951871657754
1278.1987218,,340.784604717979,24394.0,1.7785714285714285
1278.3987216,,342.30076413615586,47010.0,3.0268817204301075
1278.5987214,,343.13892780854246,24411.0,1.7785714285714285
1278.7987212,,344.1845212045206,47005.0,2.989247311827957
1278.998721,,343.75612618513986,24334.0,1.7985611510791366
1279.1987208,2.2604756047560475,0.7848928329101881,24390.0,1.7985611510791366
1279.3987206,,351.8127877316402,46486.0,2.6236559139784945
1279.5987204,,352.5276142550982,24332.0,1.79136690647482
1279.7987202,,2.7910236137125444,24115.0,1.8043478260869565
1279.99872,2.2830392360390284,1.3738357588112895,24085.0,1.8115942028985508
1280.1987198,,345.95426958578474,46991.0,3.0161290322580645
1280.3987196,,344.3972719869094,24265.0,1.79136690647482
1280.5987194,,2.917304180663569,24038.0,1.8043478260869565
1280.7987191999998,,3.1462506286211704,24314.0,1.7985611510791366
1280.998719,,3.3976033887563837,24062.0,1.818840579710145
1281.1987187999998,2.1905414952416575,0.8580009304682253,24063.0,1.8115942028985508
1281.3987186,2.2158581159661073,0.1295714215430941,24076.0,1.8043478260869565
1281.5987183999998,2.3223952694261683,1.7661690334980609,24014.0,1.8115942028985508
1281.7987182,2.194452542584649,0.18302289023389776,24011.0,1.8115942028985508
1281.9987179999998,,346.3219133801718,46942.0,3.0161290322580645
1282.1987178,,343.97025115792576,24251.0,1.8129496402877698
1282.3987175999998,,343.498267915534,46912.0,3.021505376344086
1282.5987174,2.09474730450941,9.90079539371436,46281.0,2.629032258064516
1282.7987171999998,2.125362195329811,9.383325227341775,46936.0,3.021505376344086
1282.998717,,343.81906736039974,24253.0,1.7985611510791366
1283.1987167999998,,2.980587775270257,23980.0,1.8115942028985508
1283.3987166,2.2553014206557513,0.9165669624453094,24003.0,1.8043478260869565
1283.5987163999998,,343.91305959250036,46783.0,3.021505376344086
1283.7987162,2.104350985169039,0.5703521138134064,46794.0,3.021505376344086
1283.9987159999998,2.1064529914529913,2.2040762241626632,46800.0,3.0054054054054054
1284.1987158,2.128669568185697,1.0338270499512634,46872.0,3.0054054054054054
1284.3987155999998,2.141430096051227,0.4584715449428455,46850.0,3.0054054054054054
1284.5987154,2.0932346226878025,0.5432069918948398,46871.0,3.0324324324324325
1284.7987151999998,,343.4713350224743,24192.0,1.8057553956834533
1284.998715,,342.6884061893966,46849.0,3.0324324324324325
1285.1987147999998,2.1128349178910977,12.806134035574198,46280.0,2.6432432432432433
1285.3987146,2.1068655060590546,11.259288790259433,46872.0,3.037837837837838
1285.5987143999998,3.3737198842880973,7.22042734318607,47359.0,2.989247311827957
1285.7987142,2.698533120376597,2.8825909331098925,47584.0,3.037837837837838
1285.9987139999998,2.1705677078900334,13.936931139709364,46996.0,2.6630434782608696
1286.1987138,,342.4278165255119,24690.0,1.8613138686131387
1286.3987135999998,,333.57411648575277,47417.0,3.0489130434782608
1286.5987134,2.110067340778113,0.7481856026438319,47371.0,3.0489130434782608
1286.7987131999998,2.108729622434327,1.1291139890738389,47356.0,3.0489130434782608
1286.998713,,332.1156739457758,24697.0,1.8613138686131387
1287.1987127999998,,332.7398931360355,47367.0,3.0543478260869565
1287.3987126,2.0927612450829485,11.757863262061246,46776.0,2.652173913043478
1287.5987123999998,2.1436490001279154,2.3622726343565676,46906.0,2.657608695652174
1287.7987122,,342.91377550811086,24591.0,1.8613138686131387
1287.9987119999998,,3.2488731515249283,24368.0,1.8613138686131387
1288.1987118,,3.0933093469471897,24624.0,1.8613138686131387
1288.3987115999998,,332.65424418318713,47256.0,3.027173913043478
1288.5987114,,332.73585042622665,24573.0,1.8613138686131387
1288.7987111999998,,333.4252336458723,47311.0,3.0543478260869565
1288.998711,,333.33931942027283,24621.0,1.8686131386861313
1289.1987107999998,2.2533333333333334,1.2232784816514093,24525.0,1.854014598540146
1289.3987106,2.215519348268839,0.8044847227527295,24550.0,1.8613138686131387
1289.5987103999998,4.1550145979641755,10.51475535810579,25346.0,1.8129496402877698
1289.7987102,,337.5884698597129,47348.0,3.0489130434782608
1289.9987099999998,2.123135900244334,0.6323082941563549,47476.0,3.0489130434782608
1290.1987098,,336.19465458387316,24477.0,1.875
1290.3987095999998,2.165399394979969,0.6543994150253666,24462.0,1.875
1290.5987094,2.2005158226552584,1.0189231670045908,24427.0,1.8823529411764706
1290.7987091999998,,2.92816245187658,24679.0,1.8613138686131387
1290.998709,2.161032749675746,0.548885337540665,24672.0,1.8686131386861313
1291.1987087999998,2.1773604802076574,0.22892393121827023,24656.0,1.8613138686131387
1291.3987086,2.183660236667207,0.21836787067232885,24676.0,1.8613138686131387
1291.5987083999999,,3.4632311977827617,24407.0,1.8676470588235294
1291.7987082,,344.8944163520331,46800.0,2.652173913043478
1291.9987079999999,,344.16821020575526,24389.0,1.8823529411764706
1292.1987078,2.223988498665024,0.7226012339238916,24345.0,1.8823529411764706
1292.3987075999999,,334.9393413746802,47148.0,3.0543478260869565
1292.5987074,,332.9891114546958,24590.0,1.875
1292.7987071999999,,332.0466720120259,47154.0,3.0543478260869565
1292.998707,,334.5189850514492,24335.0,1.8823529411764706
1293.1987067999999,2.178340805330482,0.6286500882166083,24313.0,1.8962962962962964
1293.3987066,,343.7577908713721,46711.0,2.6775956284153004
1293.5987063999999,,341.87542545328745,24556.0,1.8823529411764706
1293.7987062,,2.638217557921059,24307.0,1.8962962962962964
1293.9987059999999,,3.189680839055547,24508.0,1.8897058823529411
1294.1987058,,3.002528464157292,24294.0,1.8962962962962964
1294.3987055999999,,3.1105572145775273,24533.0,1.8759124087591241
1294.5987054,,2.717439704559121,24291.0,1.9037037037037037
1294.7987051999999,2.1676555418211785,0.7772865510058815,24270.0,1.8823529411764706
1294.998705,,336.5043979107546,47202.0,3.0382513661202184
1295.1987047999999,2.082598440255849,0.5842193409223303,47059.0,3.0382513661202184
1295.3987046,,333.90895480569185,24523.0,1.8897058823529411
1295.5987043999999,,2.88406018822298,24248.0,1.8962962962962964
1295.7987042,,3.1184027756574544,24483.0,1.8897058823529411
1295.9987039999999,2.2638501884936897,0.41515441186719343,24404.0,1.8823529411764706
1296.1987038,2.2249027237354086,1.171846828306712,24415.0,1.8823529411764706
1296.3987035999999,2.263291866814468,1.1998771301598676,24357.0,1.8823529411764706
1296.5987034,,3.155291099598972,24108.0,1.8962962962962964
1296.7987031999999,,2.983402644830446,24323.0,1.8823529411764706
1296.998703,2.20207424479381,0.6486520608646947,24298.0,1.8823529411764706
1297.1987027999999,2.185737772297575,1.1930127993221376,24330.0,1.8897058823529411
1297.3987026,,334.1707813960898,46934.0,3.07103825136612
1297.5987023999999,,336.7763984993869,24028.0,1.8962962962962964
1297.7987022,,347.21051325252137,46444.0,2.6721311475409837
1297.9987019999999,2.1414777319324516,12.886675653717921,47018.0,3.0655737704918034
1298.1987018,,332.5315875380154,24377.0,1.9338235294117647
1298.3987015999999,,332.7479489829281,47129.0,3.07103825136612
1298.5987014,,336.0730303142266,24298.0,1.9037037037037037
1298.7987011999999,,3.6176848514770596,24072.0,1.8962962962962964
1298.998701,,2.8363495903338305,24339.0,1.8823529411764706
1299.1987007999999,,2.7430868507690027,24094.0,1.9037037037037037
1299.3987006,,3.280385411622842,24317.0,1.8962962962962964
1299.5987003999999,2.1780416649545957,0.5328856362456598,24337.0,1.8823529411764706
1299.7987002,,3.306711316718795,24227.0,1.9037037037037037
1299.9986999999999,,3.333034442153845,24438.0,1.8897058823529411
1300.1986998,,298.18902939985077,47426.0,2.4948979591836733
1300.3986995999999,,403.2953983268867,22613.0,1.5683453237410072
1300.5986994,,14.170313780282617,21950.0,1.6544117647058822
1300.7986991999999,,4.798316399609352,21293.0,1.6296296296296295
1300.998699,2.3291690327465457,1.4996548276917974,21132.0,1.5925925925925926
1301.1986987999999,5.337280279039883,12.177396807997068,21789.0,1.4744525547445255
1301.3986986,,10.402651960990738,21448.0,1.4233576642335766
1301.5986983999999,3.869240230863847,21.86293158954055,21138.0,1.4028776978417266
1301.7986982,,4.169093293029203,20808.0,1.4087591240875912
1301.9986979999999,15.442492891864624,112.7578565113029,21806.0,1.3288590604026846
1302.1986978,,44.87238048098687,20192.0,1.2907801418439717
1302.3986975999999,12.489324694525372,47.354930803844994,22997.0,1.3783783783783783
1302.5986974,11.466863390092879,95.88899708497819,20672.0,1.6616541353383458
1302.7986971999999,,31.721108931503274,19366.0,1.6124031007751938
1302.998697,,23.040759219696,19501.0,1.5
1303.1986967999999,,22.115828804635907,17858.0,1.376923076923077
1303.3986966,,72.52364126295713,20822.0,1.2040816326530612
1303.5986963999999,10.007789905774793,50.61320136959837,21438.0,1.460431654676259
1303.7986962,,8.983983367262885,20723.0,1.5413533834586466
1303.9986959999999,3.1670969942027574,9.797631073682817,20527.0,1.549618320610687
1304.1986958,2.4134967527711315,1.5784125197218581,20479.0,1.549618320610687
1304.3986955999999,2.4220807619417855,2.545491201275031,20579.0,1.5648854961832062
1304.5986954,2.336390243902439,0.8709406024417484,20500.0,1.5615384615384615
1304.7986951999999,,24.622424665426067,20702.0,1.621212121212121
1304.998695,3.794570835144665,6.811459307498862,20703.0,1.633587786259542
1305.1986947999999,,5.155214446311993,20535.0,1.646153846153846
1305.3986946,,5.798139137988584,20710.0,1.6488549618320612
1305.5986943999999,8.379988142472751,32.91830503132252,21927.0,1.4928571428571429
1305.7986942,,9.123969651876008,21966.0,1.49645390070922
1305.998694,5.475639929821405,14.971475313527357,22229.0,1.5333333333333334
1306.1986938,,24.959724010893922,21157.0,1.5895522388059702
1306.3986936,,5.402757145604953,20698.0,1.6488549618320612
1306.5986934,6.3305092507785306,13.845332899425946,21836.0,1.5909090909090908
1306.7986932,3.6495755683481317,21.66255384551724,20498.0,1.5681818181818181
1306.998693,,11.639894131349324,20374.0,1.6259541984732824
1307.1986928,,6.6025226678595095,19532.0,1.65625
1307.3986926,,8.398747247766684,19405.0,1.62015503875969
1307.5986924,,5.450739314478371,19150.0,1.640625
1307.7986922,,7.915123133234784,19424.0,1.518796992481203
1307.998692,16.074700627257176,74.53886040852477,21044.0,1.4202898550724639
1308.1986918,,22.195560120351395,20732.0,1.627906976744186
1308.3986916,,9.129883388358076,20565.0,1.625
1308.5986914,,4.540637973245063,20459.0,1.6171875
1308.7986912,3.7411949985682926,6.071989080819006,20954.0,1.6
1308.998691,22.993026151930263,113.95069414995278,24090.0,1.5734265734265733
1309.1986908,,416.59905224076675,45067.0,3.1222222222222222
1309.3986906,,374.45919155868137,23670.0,1.791044776119403
1309.5986904,,361.83407482812095,46466.0,3.1931818181818183
1309.7986902,,365.3425460824588,22178.0,1.8503937007874016
1309.99869,,6.8625870730441925,21445.0,2.0
1310.1986898,,10.602873562159225,21468.0,2.033613445378151
1310.3986896,,9.803907922631373,21519.0,1.9916666666666667
1310.5986894,,21.25009176236169,22214.0,1.9669421487603307
1310.7986892,,364.84185406413377,44069.0,3.3855421686746987
1310.998689,3.4527740129313216,7.440354117358945,45007.0,3.3652694610778444
1311.1986888,,385.5591025949176,19765.0,1.915966386554622
1311.3986886,,390.0080058386209,43785.0,3.4060606060606062
1311.5986884,2.861362686359203,2.6446727099723044,43062.0,3.412121212121212
1311.7986882,,407.29645656892166,19542.0,2.0344827586206895
1311.998688,3.556732846414978,5.649159474359629,19442.0,1.9915966386554622
1312.1986878,,408.6965005299858,43278.0,3.3511904761904763
1312.3986876,2.537946324387398,3.9516619194534623,42850.0,3.3855421686746987
1312.5986874,2.7097275722838448,4.589666542243734,43094.0,3.3855421686746987
1312.7986872,2.346544034386338,0.8874915726825969,43273.0,3.391566265060241
1312.998687,2.6914539145621252,3.6501740102660705,43517.0,3.3855421686746987
1313.1986868,,396.70928040268,20537.0,2.0588235294117645
1313.3986866,,12.028177660982305,19601.0,1.9830508474576272
1313.5986864,,9.21974179180971,19180.0,1.9914529914529915
1313.7986862,,8.359219451406906,19272.0,2.060344827586207
1313.998686,3.661136604306389,2.576586534103487,19831.0,2.0254237288135593
1314.1986858,,14.15686336637487,20467.0,2.0598290598290596
1314.3986856,7.723250691287435,25.0853081921702,21337.0,2.0
1314.5986854,,122.01490765473268,22539.0,1.9448818897637796
1314.7986852,,154.7823258886471,23437.0,1.816793893129771
1314.998685,10.319475732131886,65.63287799526285,24415.0,2.015267175572519
1315.1986848,,60.47152011536928,23494.0,1.625
1315.3986846,8.189622166246851,39.69821633736624,19850.0,1.608
1315.5986844,,43.22769890623093,21807.0,1.3402777777777777
1315.7986842,7.597636106420846,37.214014060494826,21913.0,1.296551724137931
1315.998684,7.680199461630114,15.412074601465624,22661.0,1.24
1316.1986838,,15.411360707609589,21517.0,1.3333333333333333
1316.3986836,9.83752307286631,25.020049398325977,22754.0,1.2091503267973855
1316.5986834,5.350783056318981,11.541302101928142,22923.0,1.2384105960264902
1316.7986832,7.635108815310357,16.498721724994816,23618.0,1.1923076923076923
1316.998683,,19.66225453049169,23354.0,1.263157894736842
1317.1986828,,295.57812969227234,44882.0,2.819095477386935
1317.3986826,,299.7328665037295,23921.0,1.2272727272727273
1317.5986824,,12.16399886735331,23366.0,1.3
1317.7986822,,291.21129826518836,44377.0,2.887179487179487
1317.998682,2.570638806778437,2.6329101318819292,44317.0,2.876923076923077
1318.1986818,,301.0411474962319,21698.0,1.3493150684931507
1318.3986816,,42.791888678339554,21165.0,1.4420289855072463
1318.5986814,4.8539418283889075,28.142721137738075,20663.0,1.4814814814814814
1318.7986812,5.083366395556437,18.334318693129745,20164.0,1.4848484848484849
1318.998681,4.066857544705646,5.739911476756446,19908.0,1.4924242424242424
1319.1986808,,1074.8285610319072,5818.0,7.0344827586206895
1319.3986806,,1071.9925188956552,18993.0,1.5426356589147288
1319.5986804,3.4391949152542374,3.352829697026228,18880.0,1.546875
1319.7986802,3.02158576392545,1.579046080564363,18994.0,1.6171875
1319.99868,,295.86198931378635,40602.0,3.1988636363636362
1320.1986798,,300.6218958441273,19071.0,1.5348837209302326
1320.3986796,7.214362767760826,9.571717616044612,19467.0,1.4076923076923078
1320.5986794,,9.227130518674702,19978.0,1.3893129770992367
1320.7986792,,15.917612088983297,20679.0,1.3407407407407408
1320.998679,6.440095684039088,26.166569195059182,19648.0,1.3157894736842106
1321.1986788,,313.2622438674032,40996.0,3.0934065934065935
1321.3986786,,301.4926739570363,19739.0,1.3082706766917294
1321.5986784,5.023688140480973,8.94694966320824,19419.0,1.3181818181818181
1321.7986782,,3.390853972300153,19462.0,1.2932330827067668
1321.998678,,3.7080912831423003,19424.0,1.300751879699248
1322.1986778,4.607264241870847,4.521496822899436,19713.0,1.2985074626865671
1322.3986776,,305.6221434394092,41145.0,3.0934065934065935
1322.5986774,,300.52825245288324,19638.0,1.3233082706766917
1322.7986772,4.676144851388245,3.218945207433982,19413.0,1.2985074626865671
1322.998677,3.788129459207941,8.329784197907303,19342.0,1.3082706766917294
1323.1986768,5.82585381091212,15.738299707087583,19208.0,1.2954545454545454
1323.3986766,4.436931348221671,3.762231610606153,19344.0,1.3257575757575757
1323.5986764,7.47096248791164,19.94559450077794,19647.0,1.3037037037037038
1323.7986762,4.551764466592088,6.664549452414806,19666.0,1.3059701492537314
1323.998676,4.938308977035491,12.78768456581156,19160.0,1.2932330827067668
1324.1986758,,24.215037641914076,19674.0,1.2985074626865671
1324.3986756,,17.0192149248415,19218.0,1.2857142857142858
1324.5986754,4.9047768863719785,3.4458423902267152,19071.0,1.3257575757575757
1324.7986752,,7.284228396618036,18354.0,1.3181818181818181
1324.9986749999998,,7.663795786260964,18142.0,1.3435114503816794
1325.1986748,2.725982593270137,1.420563949043063,18039.0,1.3435114503816794
1325.3986745999998,2.7078614071305025,0.6870715410779062,17923.0,1.3358778625954197
1325.5986744,,1.3922475271163148,17666.0,1.3643410852713178
1325.7986741999998,,323.40865783207636,39349.0,3.157303370786517
1325.998674,,320.08340500595466,17752.0,1.3643410852713178
1326.1986737999998,5.599965794424492,5.225463677780544,17541.0,1.3671875
1326.3986736,,4.470057549707624,17443.0,1.3671875
1326.5986733999998,4.155177420291539,2.590812451059763,17219.0,1.3779527559055118
1326.7986732,4.40932129332945,1.9327296998874173,17165.0,1.3779527559055118
1326.9986729999998,,4.013262844393041,17457.0,1.3779527559055118
1327.1986728,2.9443037974683546,2.9690303740542023,17380.0,1.3779527559055118
1327.3986725999998,,4.358277320274127,17229.0,1.3779527559055118
1327.5986724,,3.937283724650706,17304.0,1.3779527559055118
1327.7986721999998,2.6658428645324443,0.9380311779006841,17399.0,1.3779527559055118
1327.998672,2.6982868387544854,2.0548650938957036,17278.0,1.3779527559055118
1328.1986717999998,6.386210356167438,10.091683026973833,17941.0,1.3461538461538463
1328.3986716,4.9727992654653965,7.027022442735871,17426.0,1.3700787401574803
1328.5986713999998,4.81858432857559,5.751702218351691,17165.0,1.3650793650793651
1328.7986712,2.9972475989693135,3.6063830953570237,17076.0,1.392
1328.9986709999998,,2.084563702618972,16799.0,1.4112903225806452
1329.1986708,,7.667640138962837,16941.0,1.4193548387096775
1329.3986705999998,,332.987052248963,38398.0,3.2982456140350878
1329.5986704,2.635683175547036,1.5687885732435471,38343.0,3.2923976608187133
1329.7986701999998,,331.5817101518371,16921.0,1.4193548387096775
1329.99867,,331.8576898627943,38542.0,3.2923976608187133
1330.1986697999998,,328.97262271469896,16907.0,1.4274193548387097
1330.3986696,2.4920541147279494,1.1227820538903501,16927.0,1.4274193548387097
1330.5986693999998,,2.122165892411694,16750.0,1.4390243902439024
1330.7986692,,2.8470950013753646,16895.0,1.4274193548387097
1330.9986689999998,,329.70543847896994,38595.0,3.2923976608187133
1331.1986688,2.305886919394488,0.6382724645146552,38645.0,3.2865497076023393
1331.3986685999998,2.2926161318658607,1.1402922016164683,38706.0,3.2865497076023393
1331.5986684,,330.6342455067998,16729.0,1.4390243902439024
1331.7986681999998,,20.21746213654808,18008.0,1.596774193548387
1331.998668,,311.3166907130765,39815.0,3.2865497076023393
1332.1986677999998,2.630621146036998,0.7132782620228006,39894.0,3.2865497076023393
1332.3986676,,298.0342822702354,18351.0,1.6341463414634145
1332.5986673999998,2.775908221797323,0.5314300993433286,18305.0,1.6341463414634145
1332.7986672,,3.686772420792775,18476.0,1.6209677419354838
1332.9986669999998,2.597195888633869,88.59232703728723,20042.0,3.1129032258064515
1333.1986668,,88.8813098604369,18318.0,1.6422764227642277
1333.3986665999998,,2.8173312016427814,18471.0,1.6209677419354838
1333.5986664,2.620402873035589,1.7427052366674682,18517.0,1.6451612903225807
1333.7986661999998,,3.6110960770507967,18371.0,1.6585365853658536
1333.998666,,8.234586917312196,19635.0,1.6349206349206349
1334.1986657999998,,15.408373645889876,19723.0,1.7258064516129032
1334.3986656,,281.6898885809777,41717.0,3.2427745664739884
1334.5986653999998,2.5739620830333574,0.9565891995100491,41670.0,3.2674418604651163
1334.7986652,,269.6678350128243,20156.0,1.872
1334.9986649999998,,5.5028488047141675,20443.0,2.04
1335.1986648,,5.712052400238061,20071.0,1.8225806451612903
1335.3986645999998,,271.3805627094168,41736.0,3.2674418604651163
1335.5986644,4.7638337807978335,9.659957040045878,42089.0,3.2241379310344827
1335.7986641999998,,282.39273537708686,19369.0,1.656
1335.998664,,287.07519302902404,40224.0,3.2674418604651163
1336.1986637999998,2.7558506639939866,2.874499320348006,39910.0,3.2865497076023393
1336.3986636,,312.9007461246001,18020.0,1.4919354838709677
1336.5986633999999,3.019513558848197,3.5345936238776123,17885.0,1.4838709677419355
1336.7986632,,316.5404150575116,39566.0,3.2865497076023393
1336.9986629999999,,302.178417366654,18046.0,1.5241935483870968
1337.1986628,,2.3575303538588774,17886.0,1.5284552845528456
1337.3986625999999,,2.1472159460525977,18120.0,1.5241935483870968
1337.5986624,2.5253685198476234,1.2468015890705395,18113.0,1.5241935483870968
1337.7986621999999,,306.5070783626485,39771.0,3.2982456140350878
1337.998662,2.3144496504723007,0.9256771588015003,39911.0,3.2923976608187133
1338.1986617999999,,304.2940666621054,18200.0,1.5483870967741935
1338.3986616,,12.679450740908024,18320.0,1.596774193548387
1338.5986613999999,,312.19925956754014,40950.0,3.110497237569061
1338.7986612,,188.42742109356539,20585.0,2.7615384615384615
1338.9986609999999,,66.49047956268132,21779.0,2.6402877697841727
1339.1986608,,16.41284296776916,18414.0,1.5298507462686568
1339.3986605999999,,242.07787562699895,38249.0,3.2045454545454546
1339.5986604,,217.11436287787032,20808.0,2.4014598540145986
1339.7986601999999,8.405147526544992,6.223320642508098,20437.0,2.4388489208633093
1339.99866,10.642409454093105,57.41771721796181,20901.0,1.4726027397260273
1340.1986597999999,,226.4186018373321,40292.0,3.0053475935828877
1340.3986596,2.961364196010835,3.2793040917626493,40610.0,3.0106951871657754
1340.5986593999999,,209.34054958845508,20035.0,1.589928057553957
1340.7986592,3.574511608877979,4.431010556076395,19554.0,1.5724637681159421
1340.9986589999999,3.524766377765942,57.04800127035804,20653.0,2.4855072463768115
1341.1986588,2.6670640680074644,54.10963302516021,19292.0,1.583941605839416
1341.3986585999999,2.5461898265445333,52.69134667220364,20524.0,2.4963503649635035
1341.5986584,,190.7510904342221,39974.0,3.0597826086956523
1341.7986581999999,2.182596719669463,0.9194467860021631,39935.0,3.0597826086956523
1341.998658,,190.1841418286292,20440.0,2.489051094890511
1342.1986577999999,2.719004635276897,2.4762680010936977,20495.0,2.5036496350364965
1342.3986576,4.709699135207913,65.84154169059718,19311.0,1.6102941176470589
1342.5986573999999,,217.9887411431066,39762.0,3.098901098901099
1342.7986572,,188.66707926812407,20239.0,2.533333333333333
1342.9986569999999,8.120149713365235,13.462810358606657,21107.0,2.54014598540146
1343.1986568,11.590182223875047,86.62815799004377,21512.0,1.7518248175182483
1343.3986565999999,,140.6001577305694,24895.0,1.8661971830985915
1343.5986564,,58.07396442042156,28031.0,1.993006993006993
1343.7986561999999,7.283708346176239,39.711729032233045,29199.0,1.8943661971830985
1343.998656,,215.1063117692625,50179.0,2.9627659574468086
1344.1986557999999,4.9275673099833215,35.9108006261164,50364.0,3.0
1344.3986556,12.622981867276716,78.20120377192472,53329.0,2.757425742574257
1344.5986553999999,,267.66305837404843,27575.0,2.089041095890411
1344.7986552,,232.2875073412526,48393.0,2.808080808080808
1344.9986549999999,,421.1756822668298,21886.0,1.3333333333333333
1345.1986548,8.307877711531143,32.69575247356211,23649.0,1.3421052631578947
1345.3986545999999,,13.049340781042526,25001.0,1.3790849673202614
1345.5986544,3.5912600763682647,23.254121892719212,23570.0,1.3733333333333333
1345.7986541999999,,8.636154186164244,22734.0,1.3716216216216217
1345.998654,2.339954873246914,1.749597209064953,22603.0,1.380952380952381
1346.1986537999999,,4.579140448485729,22567.0,1.3716216216216217
1346.3986536,2.361477107478077,1.1021727780793464,22693.0,1.3716216216216217
1346.5986533999999,,4.497263390870627,22085.0,1.3673469387755102
1346.7986532,,3.3686449036723136,22514.0,1.3716216216216217
1346.9986529999999,2.467080689437919,2.588286218491302,22221.0,1.364864864864865
1347.1986528,,3.907859778276261,22146.0,1.3767123287671232
1347.3986525999999,2.2842772995015856,0.7790803485167926,22070.0,1.3767123287671232
1347.5986524,2.2788029925187034,0.42505409303717673,22055.0,1.3767123287671232
1347.7986521999999,,3.167011516691068,22218.0,1.3673469387755102
1347.998652,2.3651914200380126,1.5355079948698582,22098.0,1.3673469387755102
1348.1986517999999,,5.08817209997469,22185.0,1.3835616438356164
1348.3986516,2.397081930415264,1.7445647183219508,22275.0,1.36986301369863
1348.5986513999999,,4.641178361232481,22560.0,1.380952380952381
1348.7986512,2.9465970863231137,4.71244276679437,22995.0,1.385135135135135
1348.9986509999999,,39.34324691992227,25460.0,1.3397435897435896
1349.1986508,3.0619529705965394,5.87011168971467,24793.0,1.3311688311688312
1349.3986505999999,,47.2494337918792,24679.0,1.3421052631578947
1349.5986504,,18.192116105843976,23955.0,1.3311258278145695
1349.7986501999999,,8.76272264894521,24688.0,1.3443708609271523
1349.99865,4.349942632355352,26.87769934646783,24404.0,1.3866666666666667
1350.1986497999999,,2.127747484421685,23767.0,1.435374149659864
1350.3986496,,22.510336507851722,23198.0,1.4413793103448276
1350.5986493999999,,353.4772482899268,45644.0,2.8958333333333335
1350.7986492,,357.4916980482959,22548.0,1.4482758620689655
1350.998649,,365.6185821528791,45285.0,2.9424083769633507
1351.1986488,,373.5305531476862,22261.0,1.4583333333333333
1351.3986486,2.7910687267892347,4.147868542226112,21811.0,1.4791666666666667
1351.5986484,9.006157003591586,50.25384830575156,23388.0,1.4285714285714286
1351.7986482,9.632949318479133,54.96691929255137,23697.0,1.3933333333333333
1351.998648,4.466773320206744,13.483709800245775,24378.0,1.3506493506493507
1352.1986478,,353.91666645133336,46252.0,2.882051282051282
1352.3986476,,356.3589839504594,24039.0,1.3733333333333333
1352.5986474,,14.587055418048717,23467.0,1.3741496598639455
1352.7986472,,377.1880538890264,44070.0,3.0543478260869565
1352.998647,3.14559195101409,10.534374122311977,43931.0,3.037837837837838
1353.1986468,,379.94474936036613,22945.0,1.4577464788732395
1353.3986466,,26.91123172119014,23387.0,1.5357142857142858
1353.5986464,3.985379212862759,24.236942226689706,22639.0,1.4680851063829787
1353.7986462,4.7488103760475004,17.857500788760657,23747.0,1.5174825174825175
1353.998646,2.6189008948168158,1.5298965050943683,23692.0,1.5104895104895104
1354.1986458,,9.358262816745611,23304.0,1.5390070921985815
1354.3986456,,25.51918289458931,22962.0,1.5766423357664234
1354.5986454,4.736791304712745,10.773849359205695,23829.0,1.5454545454545454
1354.7986452,,3.882658084413495,22995.0,1.5827338129496402
1354.998645,3.3358931843965443,6.07136554595283,22918.0,1.5714285714285714
1355.1986448,3.1109427099120945,2.8376423211075545,23093.0,1.5928571428571427
1355.3986446,5.997775855677746,18.098908773510185,24279.0,1.5486111111111112
1355.5986444,3.0469310956356246,13.532810470960355,23119.0,1.5492957746478873
1355.7986442,,5.274667558715333,23126.0,1.5633802816901408
1355.998644,2.2275865063170235,1.0288698732436699,23033.0,1.5673758865248226
1356.1986438,2.2054936961136864,0.7540856736696071,23081.0,1.5633802816901408
1356.3986436,,2.520691738291274,22820.0,1.5714285714285714
1356.5986434,,3.1606954418671163,23059.0,1.5673758865248226
1356.7986432,2.1975853563546672,0.8408086769149042,23109.0,1.5673758865248226
1356.998643,6.508582658217695,20.09582431422648,24934.0,1.5135135135135136
1357.1986428,10.226192668999817,46.29946196551982,27145.0,1.3734177215189873
1357.3986426,4.154293348739799,3.505264464529378,27694.0,1.4012738853503184
1357.5986424,,7.949448641949207,27029.0,1.3974358974358974
1357.7986422,3.66737272923099,8.572363937905697,27854.0,1.414012738853503
1357.998642,2.643246129204485,2.0119877186457655,28095.0,1.3987341772151898
1358.1986418,,4.458315314256144,27703.0,1.3522012578616351
1358.3986416,,4.153459442002257,27780.0,1.3836477987421383
1358.5986414,,0.9009912823023738,27859.0,1.3478260869565217
1358.7986412,,14.30616702580245,27743.0,1.2926829268292683
1358.998641,,12.917753410112114,28216.0,1.309090909090909
1359.1986408,,15.022016357069289,27942.0,1.2926829268292683
1359.3986406,,12.056002780037234,27575.0,1.284848484848485
1359.5986404,,5.825117819878638,27724.0,1.3048780487804879
1359.7986402,2.8276373891424544,6.459485651561956,26949.0,1.2804878048780488
1359.99864,2.360452606195511,2.455025130561516,26955.0,1.2865853658536586
1360.1986398,2.4489448981854465,3.7056479497016226,27059.0,1.33125
1360.3986396,,10.27495541956333,27626.0,1.2727272727272727
1360.5986394,2.828111044953855,9.116978669967143,26872.0,1.2666666666666666
1360.7986392,,14.866731717832232,27612.0,1.2865853658536586
1360.998639,3.065517113233491,9.353046873696435,26909.0,1.274390243902439
1361.1986388,,2.578750282563848,27506.0,1.2666666666666666
1361.3986386,,5.421954923735128,27056.0,1.2804878048780488
1361.5986384,,7.004382644709409,27218.0,1.284848484848485
1361.7986382,2.99740335734923,7.594396638227985,27343.0,1.2666666666666666
1361.998638,2.9111997365628772,7.331632179956296,27331.0,1.2787878787878788
1362.1986378,2.7420179732592973,3.4583582943086886,27374.0,1.2727272727272727
1362.3986376,,5.558991561053649,27331.0,1.2804878048780488
1362.5986374,2.6218165594675984,6.309068806278348,26897.0,1.2682926829268293
1362.7986372,3.1240782184393,9.360894538078535,27257.0,1.3048780487804879
1362.998637,,11.17954494441888,26973.0,1.2545454545454546
1363.1986368,2.464992361292246,3.9775034537725333,26837.0,1.2606060606060605
1363.3986366,,5.942838131569174,26778.0,1.2804878048780488
1363.5986364,,3.134044369384282,27642.0,1.284848484848485
1363.7986362,2.612453702005941,5.1922433892967055,27269.0,1.2666666666666666
1363.998636,2.849140582594536,2.447611519503484,27635.0,1.290909090909091
1364.1986358,,7.7591307281868405,27022.0,1.2621951219512195
1364.3986356,2.515846954211711,5.1765223448222795,27103.0,1.274390243902439
1364.5986354,,6.738210829818594,27061.0,1.2727272727272727
1364.7986352,,9.389363252677168,27330.0,1.2804878048780488
1364.998635,,6.2002958972470035,27352.0,1.2606060606060605
1365.1986348,,6.3110009200524475,27606.0,1.298780487804878
1365.3986346,2.584929804036268,7.695268454469945,27352.0,1.274390243902439
1365.5986344,2.479756491125128,4.229683164776796,27268.0,1.2804878048780488
1365.7986342,2.4406223500350257,2.7597696307697333,27123.0,1.2804878048780488
1365.998634,,6.441071663122292,27123.0,1.2787878787878788
1366.1986338,2.828945894477428,3.094961686983174,26781.0,1.31055900621118
1366.3986336,,349.3422961105631,49342.0,2.6462264150943398
1366.5986334,,355.75097076157846,27202.0,1.290909090909091
1366.7986332,,4.8718119966773274,26792.0,1.2804878048780488
1366.998633,,8.227631986826816,27104.0,1.3167701863354038
1367.1986328,,3.4603598565104594,26825.0,1.3125
1367.3986326,,10.804010049423047,27811.0,1.2787878787878788
1367.5986324,,359.43987427808196,49690.0,2.641509433962264
1367.7986322,,358.78356691876354,28368.0,1.2317073170731707
1367.998632,3.338148890578558,6.78648682126633,28934.0,1.2378048780487805
1368.1986318,,10.134787450448204,29501.0,1.2484848484848485
1368.3986316,,10.695994393438781,29398.0,1.2378048780487805
1368.5986314,,10.430658791140571,29064.0,1.206060606060606
1368.7986311999998,3.122464185321909,0.6607665816762469,29527.0,1.2424242424242424
1368.998631,,6.327064140748428,29447.0,1.2621951219512195
1369.1986307999998,3.141410709431911,7.490031628494697,29432.0,1.2621951219512195
1369.3986306,3.079123781148429,11.644969110151756,29536.0,1.2682926829268293
1369.5986303999998,2.6757967446313775,3.8039894525762894,29244.0,1.2682926829268293
1369.7986302,2.5677033492822967,2.942144793166352,29260.0,1.2621951219512195
1369.9986299999998,2.7922926862657858,6.745694044587189,29219.0,1.2804878048780488
1370.1986298,,9.354444694107945,29145.0,1.2484848484848485
1370.3986295999998,2.567696209568148,3.1556915614664147,28783.0,1.2363636363636363
1370.5986294,,2.4833101178976658,28839.0,1.2560975609756098
1370.7986291999998,2.7334251704284553,3.441778837754384,28311.0,1.225609756097561
1370.998629,,4.160633101956229,28940.0,1.2484848484848485
1371.1986287999998,2.739386296763346,2.237628289273772,28548.0,1.2363636363636363
1371.3986286,,2.5236637709578806,28570.0,1.25
1371.5986283999998,2.811464789718808,3.4168005968835877,28557.0,1.2621951219512195
1371.7986282,2.6002892620290674,3.408061138104116,28348.0,1.2439024390243902
1371.9986279999998,,8.703249138366225,28938.0,1.2666666666666666
1372.1986278,,5.109797993337,28520.0,1.2621951219512195
1372.3986275999998,,5.195205382488861,28755.0,1.2727272727272727
1372.5986274,,4.525788621217572,28191.0,1.2378048780487805
1372.7986271999998,,5.282094389491932,28525.0,1.2424242424242424
1372.998627,2.7727510917030567,5.742989958782987,28625.0,1.2606060606060605
1373.1986267999998,,5.188494797018611,28287.0,1.25
1373.3986266,2.982939218777369,6.98357931499832,28545.0,1.274390243902439
1373.5986263999998,,3.5929952094773343,28687.0,1.2545454545454546
1373.7986262,2.440688685874912,3.9425495234529166,28460.0,1.2484848484848485
1373.9986259999998,,2.3448222892142994,28284.0,1.2560975609756098
1374.1986258,2.471554273093228,3.569344031632319,28071.0,1.2621951219512195
1374.3986255999998,3.4069273999311847,11.837404141929737,26157.0,1.170731707317073
1374.5986254,,19.48787619245135,26305.0,1.2236024844720497
1374.7986251999998,,23.912307475441445,25056.0,1.3355263157894737
1374.998625,,12.598073372864311,24714.0,1.3758389261744965
1375.1986247999998,2.3805597302896135,3.9119578248351417,24619.0,1.3691275167785235
1375.3986246,,1.8466132171755936,24157.0,1.380952380952381
1375.5986243999998,2.2458907521168854,1.0744631422365611,24092.0,1.3972602739726028
1375.7986242,,3.043074228232887,24273.0,1.380952380952381
1375.9986239999998,,3.069185752485639,24101.0,1.3904109589041096
1376.1986238,2.2252084110986687,0.1704656648643077,24111.0,1.3972602739726028
1376.3986235999998,2.311648388168827,2.0842474298922826,24072.0,1.3972602739726028
1376.5986234,,4.456689250540517,24131.0,1.404109589041096
1376.7986231999998,,36.12843630601904,23073.0,1.3916083916083917
1376.998623,,15.300711719600443,22512.0,1.2
1377.1986227999998,,55.006909637830695,22922.0,1.236842105263158
1377.3986226,3.025655021834061,11.349211598376938,21984.0,1.2635135135135136
1377.5986223999998,2.6145611270738716,6.874240073768224,21578.0,1.2808219178082192
1377.7986222,,4.4926076687344665,21637.0,1.272108843537415
1377.9986219999998,2.420139534883721,2.8004567378666616,21500.0,1.2808219178082192
1378.1986218,2.3192368396620555,1.1121475202309394,21542.0,1.273972602739726
1378.3986215999998,,8.188050154307152,20975.0,1.2847222222222223
1378.5986214,,5.440660539091248,20876.0,1.2847222222222223
1378.7986211999998,,2.036612807839364,20711.0,1.2937062937062938
1378.998621,2.2675168501187994,0.8897490905372237,20623.0,1.2867132867132867
1379.1986207999998,2.4662452347633064,2.702597437847982,20723.0,1.3028169014084507
1379.3986206,5.105516871987145,24.18126010050244,20537.0,1.3214285714285714
1379.5986203999998,,45.50698481094161,22042.0,1.2244897959183674
1379.7986202,,67.28566180818342,20172.0,1.3405797101449275
1379.9986199999998,5.523807144641519,37.69553336112078,20015.0,1.3381294964028776
1380.1986198,7.162744900020198,51.60749753674656,19804.0,1.2877697841726619
1380.3986195999998,,32.22579043448262,20461.0,1.3285714285714285
1380.5986194,5.164205524758932,2.128038087355131,21467.0,1.3496503496503496
1380.7986191999998,6.32945566286216,18.662851200576902,22780.0,1.2933333333333332
1380.998619,3.2513435659314673,8.339609257041687,23259.0,1.2451612903225806
1381.1986187999998,2.849141904051266,7.834604238051039,22783.0,1.2142857142857142
1381.3986186,3.141733357584576,12.339985225896593,21992.0,1.236842105263158
1381.5986183999999,,5.724649474297244,21164.0,1.2702702702702702
1381.7986182,2.325479971557241,2.5914489033478976,21095.0,1.277027027027027
1381.9986179999999,,2.2015679124725946,21410.0,1.2684563758389262
1382.1986178,,2.5801655221310598,21173.0,1.2925170068027212
1382.3986175999999,2.366102972349145,3.836781746189636,21229.0,1.2857142857142858
1382.5986174,,11.655735916905929,23448.0,1.3221476510067114
1382.7986171999999,6.778350072967637,40.94979617154326,23298.0,1.4452054794520548
1382.998617,11.101711451685027,67.42042865282743,24599.0,1.5174825174825175
1383.1986167999999,,98.66557054231785,23943.0,1.435374149659864
1383.3986166,5.5394274028629855,18.538313089306047,24450.0,1.3116883116883118
1383.5986163999999,12.805458105572326,69.4989337104893,24514.0,1.1646341463414633
1383.7986162,,21.2996178090799,23348.0,1.2025316455696202
1383.9986159999999,,7.79343312364047,22953.0,1.2307692307692308
1384.1986158,,21.55981085551093,24180.0,1.1925465838509317
1384.3986155999999,6.088179013550982,22.22632446511509,25607.0,1.1575757575757575
1384.5986154,2.942439690121623,6.827772698997942,24913.0,1.1575757575757575
1384.7986151999999,,9.190337633836705,23724.0,1.1585365853658536
1384.998615,3.1433126434826972,12.269678226753715,23522.0,1.2075471698113207
1385.1986147999999,,40.64299465497014,25438.0,1.3548387096774193
1385.3986146,4.007189646908452,18.260495847488162,25036.0,1.4144736842105263
1385.5986143999999,,37.3606277675405,27459.0,1.3974358974358974
1385.7986142,3.778166308023363,12.648235287608797,26024.0,1.4193548387096775
1385.9986139999999,5.224452692977804,27.776174657282937,26402.0,1.5
1386.1986138,,23.3274573876715,25613.0,1.4967320261437909
1386.3986135999999,,7.385957839072197,24649.0,1.570469798657718
1386.5986134,3.294305202405457,4.82233359841312,24777.0,1.6013513513513513
1386.7986131999999,3.332936344969199,6.685292267096474,24350.0,1.6054421768707483
1386.998613,2.7345696899449434,3.6539377508013215,24157.0,1.63013698630137
1387.1986127999999,,6.224273178237314,24208.0,1.6122448979591837
1387.3986126,,1.7099209448016757,23927.0,1.6344827586206896
1387.5986123999999,2.321829922844683,1.0674920601203557,23848.0,1.6344827586206896
1387.7986122,2.3488352675962263,0.3276122792202381,23954.0,1.6369863013698631
1387.9986119999999,2.332624379665541,1.3399571219356952,23979.0,1.6232876712328768
1388.1986118,2.871186440677966,5.820514478865041,23895.0,1.6482758620689655
1388.3986115999999,13.938139774652036,44.24231880024905,27158.0,1.474025974025974
1388.5986114,,30.66237013538427,29011.0,1.481012658227848
1388.7986111999999,,6.946207079512181,28743.0,1.4746835443037976
1388.998611,4.007726535821462,14.437501070047846,28991.0,1.5
1389.1986107999999,4.236565021195132,16.629284965142077,29252.0,1.577922077922078
1389.3986106,,6.964824662487616,29301.0,1.5384615384615385
1389.5986103999999,4.688593659746526,19.2046784893301,29431.0,1.618421052631579
1389.7986102,3.9262346322150448,13.731060166193407,28794.0,1.5677419354838709
1389.9986099999999,,4.438819280586417,28950.0,1.6013071895424837
1390.1986098,,319.5988461783133,51166.0,2.808080808080808
1390.3986095999999,,335.02187800937065,28145.0,1.605263157894737
1390.5986094,,334.22094745643625,51285.0,2.8527918781725887
1390.7986091999999,2.9613234746111754,4.4678078749892265,50987.0,2.8527918781725887
1390.998609,,360.1813203833587,27081.0,1.6490066225165563
1391.1986087999999,4.508303249097473,34.00034689046016,26315.0,1.6357615894039734
1391.3986086,,8.858318322339597,26510.0,1.64
1391.5986083999999,3.115455746367239,12.512136081349931,26495.0,1.6756756756756757
1391.7986082,,12.475429533365878,28696.0,1.6291390728476822
1391.9986079999999,,351.83614725269524,53119.0,2.8383838383838382
1392.1986078,,309.29404369224443,28754.0,1.8758620689655172
1392.3986075999999,,17.916742623825172,27090.0,1.8652482269503545
1392.5986074,,337.3464518699763,50484.0,2.957894736842105
1392.7986071999999,2.333999800059982,2.957569473804126,50015.0,2.9735449735449735
1392.998607,2.2207365941080526,2.148138880690181,49661.0,2.9893617021276597
1393.1986067999999,,354.89093356904124,26838.0,1.7132867132867133
1393.3986066,,42.558451024816655,29256.0,1.5286624203821657
1393.5986063999999,,12.938019344175725,28041.0,1.6689189189189189
1393.7986062,,36.82691040631946,26907.0,1.6158940397350994
1393.9986059999999,3.2296838254507447,10.857879233939501,26789.0,1.62
1394.1986058,,20.627399829394744,25719.0,1.653061224489796
1394.3986055999999,3.723323170731707,15.256554839960854,26240.0,1.6308724832214765
1394.5986054,,5.99450856152556,26460.0,1.6375838926174497
1394.7986051999999,2.607621009268795,4.031563227275183,26217.0,1.6216216216216217
1394.998605,3.01474478680361,13.657654589319227,25704.0,1.6827586206896552
1395.1986047999999,,6.085444167770935,25889.0,1.7054794520547945
1395.3986046,,12.099984857207936,27055.0,1.631578947368421
1395.5986043999999,,17.942287188042307,26636.0,1.596026490066225
1395.7986042,,8.63436838106231,26588.0,1.576158940397351
1395.998604,,3.7098335421620736,25962.0,1.5933333333333333
1396.1986038,,6.549868261377194,26090.0,1.610738255033557
1396.3986036,2.6575792287132494,7.915153198372324,26190.0,1.6375838926174497
1396.5986034,,15.795916689496737,25868.0,1.7241379310344827
1396.7986032,,10.02003042698805,26006.0,1.678082191780822
1396.998603,,10.064676935970743,25820.0,1.7412587412587412
1397.1986028,3.323550628345799,4.769372506768605,26339.0,1.7412587412587412
1397.3986026,,3.5393651432139266,26612.0,1.7191780821917808
1397.5986024,,8.267813640797856,26494.0,1.7054794520547945
1397.7986022,2.9018750933811446,5.506061751274007,26772.0,1.6756756756756757
1397.998602,,8.231816288876356,26945.0,1.7210884353741496
1398.1986018,3.0815857836677836,4.227077521873305,26561.0,1.7054794520547945
1398.3986016,,3.678849679598253,26369.0,1.7054794520547945
1398.5986014,,12.734975387128872,26448.0,1.6734693877551021
1398.7986012,,11.309153812399991,25804.0,1.7152777777777777
1398.998601,,368.18669281626455,49409.0,2.9424083769633507
1399.1986008,,375.2416171045776,26789.0,1.7272727272727273
1399.3986006,,8.615961625989673,26447.0,1.7222222222222223
1399.5986004,,11.39773637875007,26288.0,1.7464788732394365
1399.7986002,2.9395891298547854,13.600709705527189,26237.0,1.767605633802817
1399.9986,3.2605593715608516,2.549572822358901,26351.0,1.7588652482269505
1400.1985998,,5.210464861522892,26293.0,1.7482517482517483
1400.3985996,3.1465449216548302,6.0294803503764856,26613.0,1.7222222222222223
1400.5985994,,3.818890037862179,26275.0,1.7202797202797202
1400.7985992,,1.694783603556141,26837.0,1.7310344827586206
1400.998599,2.509743319136105,2.315589955744773,26531.0,1.7241379310344827
1401.1985988,,7.347711486614439,26303.0,1.6849315068493151
1401.3985986,,7.214526713390217,26326.0,1.7241379310344827
1401.5985984,3.046668690241311,3.695680633163848,26356.0,1.6870748299319729
1401.7985982,2.3923751429660696,2.5241292502362445,26230.0,1.710344827586207
1401.998598,,17.129689824987963,27374.0,1.6711409395973154
1402.1985978,8.602818481385404,52.30142263191223,28526.0,1.7414965986394557
1402.3985976,3.496792827938032,22.976331843729362,26659.0,1.7132867132867133
1402.5985974,,13.125844008666244,27618.0,1.7832167832167831
1402.7985972,2.825816079089722,8.322121341885426,26805.0,1.7605633802816902
1402.998597,,352.68439716374604,49722.0,2.9735449735449735
1403.1985968,,354.9762889018189,26100.0,1.7785714285714285
1403.3985966,,3.0220800154148146,26250.0,1.7588652482269505
1403.5985964,2.3399688485355012,1.3090931729826258,26323.0,1.7464788732394365
1403.7985962,2.268194121459342,2.0792597225700007,26231.0,1.7394366197183098
1403.998596,,358.96348645501,49248.0,2.9574468085106385
1404.1985958,2.2468735431826015,1.7271094933399305,49337.0,2.9735449735449735
1404.3985956,,362.6573228701894,25719.0,1.7642857142857142
1404.5985954,,9.5804740915211,25351.0,1.8394160583941606
1404.7985952,,1.7215799434147419,24990.0,1.8602941176470589
1404.998595,,4.832420460389133,25188.0,1.8455882352941178
1405.1985948,,4.6697281714513155,25160.0,1.8529411764705883
1405.3985946,2.51177920556027,2.829727589749038,24747.0,1.8666666666666667
1405.5985944,,2.8585941890430613,25106.0,1.8529411764705883
1405.7985942,,4.064235977748138,25001.0,1.8529411764705883
1405.998594,,4.990256776247726,24917.0,1.8529411764705883
1406.1985938,2.214463340285577,0.6792048887493272,24932.0,1.8455882352941178
1406.3985936,,4.03120196583561,24824.0,1.8592592592592592
1406.5985934,,3.120681832522627,25109.0,1.8248175182481752
1406.7985932,,1.0201490981123806,24607.0,1.8518518518518519
1406.998593,,3.2666173889382626,24869.0,1.8455882352941178
1407.1985928,,369.70734940131723,48217.0,3.0765027322404372
1407.3985926,,371.3056687030957,24816.0,1.8455882352941178
1407.5985924,,5.069534148277668,24840.0,1.8455882352941178
1407.7985922,2.776604161721655,3.254670307639165,25278.0,1.8394160583941606
1407.998592,,0.8260540466866357,24771.0,1.8592592592592592
1408.1985918,2.3197865682419962,2.241313426850561,24926.0,1.8529411764705883
1408.3985916,2.432055048086596,1.7262730542463471,24851.0,1.8529411764705883
1408.5985914,,16.875844933633857,25943.0,1.6875
1408.7985912,3.8356084418500225,75.5447808319244,22270.0,1.375
1408.998591,2.577585050739863,3.4048576456193094,22369.0,1.3793103448275863
1409.1985908,,1.2760163982696495,22039.0,1.408450704225352
1409.3985906,,5.387247843885908,22014.0,1.4154929577464788
1409.5985904,,2.469909580410888,21809.0,1.4285714285714286
1409.7985902,,4.914371164349499,21656.0,1.4113475177304964
1409.99859,,1.5879908047225806,21237.0,1.4316546762589928
1410.1985898,,89.58897762662093,21022.0,1.2206896551724138
1410.3985896,4.140890435866798,32.83503042923544,19249.0,1.328358208955224
1410.5985894,3.4524566248111292,11.353074785100405,19193.0,1.371212121212121
1410.7985892,,3.646253487278901,18694.0,1.4045801526717556
1410.998589,2.393991416309013,1.955200023428663,18640.0,1.4198473282442747
1411.1985888,4.8194213155703585,18.92288897950543,19216.0,1.325925925925926
1411.3985886,,6.045381534991816,19210.0,1.3235294117647058
1411.5985884,,1.287646189772589,18888.0,1.335820895522388
1411.7985882,2.6592021276595745,5.99273467218836,18800.0,1.3507462686567164
1411.998588,,2.78470382367609,18925.0,1.3333333333333333
1412.1985878,2.866402535657686,5.869520746637259,18930.0,1.3432835820895523
1412.3985876,2.5608234227507864,4.5786512268233,18751.0,1.335820895522388
1412.5985874,2.4182572172895953,3.577266009528733,18809.0,1.335820895522388
1412.7985872,2.644095744680851,5.53382056919276,18800.0,1.3432835820895523
1412.9985869999998,2.4925127442650807,3.9677709521363567,18832.0,1.3609022556390977
1413.1985868,2.9350989218046686,5.044798716629659,19106.0,1.3407407407407408
1413.3985865999998,19.63974922803406,77.27842019312772,21374.0,1.28
1413.5985864,9.703577757555438,46.71907999365573,20879.0,1.5035971223021583
1413.7985861999998,8.462332817759986,29.992657917383,21982.0,1.625
1413.998586,,25.458338891599144,22186.0,1.6865671641791045
1414.1985857999998,5.335641477785901,9.68132807617276,23251.0,1.7426470588235294
1414.3985856,3.412705272255834,5.5536604898297615,23140.0,1.7555555555555555
1414.5985853999998,3.1670597315724027,4.299648145669371,23321.0,1.6985294117647058
1414.7985852,4.173779432132964,11.566327767697398,23104.0,1.7313432835820894
1414.9985849999998,,19.27799268836401,23120.0,1.8059701492537314
1415.1985848,2.667099173911163,3.2059898698596134,23121.0,1.8195488721804511
1415.3985845999998,5.035497368065866,19.27697583304225,22227.0,1.9
1415.5985844,,188.79902682596932,25707.0,1.86986301369863
1415.7985841999998,,47.09060607627109,25104.0,1.9844961240310077
1415.998584,,337.0915521579335,44582.0,2.6193181818181817
1416.1985837999998,,267.1462673960401,24194.0,1.8962962962962964
1416.3985836,6.529477519251469,36.16386226481948,24154.0,1.8120300751879699
1416.5985833999998,,20.83464853368962,23656.0,1.7348484848484849
1416.7985832,5.788532760276165,14.835408083307874,21871.0,1.7328244274809161
1416.9985829999998,6.086246528110334,17.455657382798172,20882.0,1.606060606060606
1417.1985828,3.536954716428118,5.527825613208218,20471.0,1.5954198473282444
1417.3985825999998,,8.034403850703432,20328.0,1.7109375
1417.5985824,2.609584318360914,5.002957388635667,20304.0,1.7322834645669292
1417.7985821999998,,7.598494078265908,20257.0,1.6640625
1417.998582,4.521594846517983,10.95994422449573,20491.0,1.75
1418.1985817999998,3.9254541051101963,6.435976402573863,20645.0,1.7578125
1418.3985816,4.84082845910442,6.888962319155629,20858.0,1.8046875
1418.5985813999998,,4.472863127456214,20828.0,1.8425196850393701
1418.7985812,4.338243106195972,2.1136658492873104,20707.0,1.8650793650793651
1418.9985809999998,,3.3671361393603854,21025.0,1.937007874015748
1419.1985808,,6.521780372252069,20717.0,1.8031496062992125
1419.3985805999998,,4.622884347195562,20881.0,1.8671875
1419.5985804,,3.278339462871624,20194.0,1.880952380952381
1419.7985801999998,,305.47555765083086,42473.0,3.2298850574712645
1419.99858,,299.4023696592056,20685.0,2.0078740157480315
1420.1985797999998,2.4209911969262197,1.3314115897395646,20561.0,2.015748031496063
1420.3985796,,5.692444786343227,20221.0,1.9206349206349207
1420.5985793999998,,4.116125293360185,20484.0,1.8976377952755905
1420.7985792,2.330515927301153,1.1381810992540864,20468.0,1.921259842519685
1420.9985789999998,2.346075185040904,1.0591147222036283,20536.0,1.905511811023622
1421.1985788,2.350371959289854,77.02724045615409,21911.0,3.1968503937007875
1421.3985785999998,2.350180681707198,77.29769898895603,20478.0,1.905511811023622
1421.5985784,4.412942542077771,9.491150182995328,20676.0,1.8503937007874016
1421.7985781999998,,297.705604645002,42660.0,3.254335260115607
1421.998578,,291.43692691490696,20938.0,1.858267716535433
1422.1985777999998,4.413185564080705,7.4177688660633985,21114.0,1.873015873015873
1422.3985776,,2.734401477051305,20913.0,1.92
1422.5985773999998,,4.6009944702981285,21180.0,1.9047619047619047
1422.7985772,,3.618711317196319,20839.0,1.92
1422.9985769999998,,3.446965849316255,21076.0,1.880952380952381
1423.1985768,,2.9585383910034277,20825.0,1.92
1423.3985765999998,,2.871237136956866,21044.0,1.8888888888888888
1423.5985764,4.993867041198502,5.282299803170225,21360.0,1.8571428571428572
1423.7985761999998,,281.5251601599437,42918.0,3.2325581395348837
1423.998576,,279.2950003653639,21313.0,1.9126984126984128
1424.1985757999998,,280.43573236681254,43109.0,3.2325581395348837
1424.3985756,,279.6537447579322,21340.0,1.9206349206349207
1424.5985753999998,,2.8406476104525167,21158.0,1.9435483870967742
1424.7985752,,2.932868388783365,21358.0,1.928
1424.9985749999998,2.4768629666243,1.8334761762478615,21243.0,1.9206349206349207
1425.1985748,,279.2919791988476,43029.0,3.2674418604651163
1425.3985745999998,,277.9179568469469,21312.0,1.9206349206349207
1425.5985744,,3.3201692340429,21053.0,1.9516129032258065
1425.7985741999998,,3.501630177786572,21348.0,1.936
1425.998574,,2.7030357482112373,21098.0,1.9435483870967742
1426.1985737999998,,2.8731140176119596,21219.0,1.928
1426.3985736,,2.1683688744206346,21019.0,1.9274193548387097
1426.5985733999999,,2.758181748015261,21235.0,1.928
1426.7985732,2.336851529001555,0.5951430929265396,21223.0,1.936
1426.9985729999999,2.3822725129655824,0.5209761735982686,21210.0,1.936
1427.1985728,,278.18171220916537,42801.0,3.2674418604651163
1427.3985725999999,,279.741820471161,21002.0,1.935483870967742
1427.5985724,,2.626133831221761,21143.0,1.92
1427.7985721999999,2.449069931716506,1.1873568920843482,21235.0,1.936
1427.998572,,3.062656461533916,21035.0,1.9435483870967742
1428.1985717999999,,3.1754125124172994,21201.0,1.944
1428.3985716,,277.9810025185796,42767.0,3.2732558139534884
1428.5985713999999,,277.32475097965795,21242.0,1.944
1428.7985712,2.4652941731986022,0.9751533400057802,21178.0,1.944
1428.9985709999999,2.2930515017418323,1.3149830896886308,21242.0,1.944
1429.1985708,,277.79881569493176,42838.0,3.2674418604651163
1429.3985705999999,,278.7293775315232,21170.0,1.928
1429.5985704,2.6636864147569526,0.754784405759356,21251.0,1.936
1429.7985701999999,,279.89754552615733,42910.0,3.2325581395348837
1429.99857,,279.7489988545391,21157.0,1.928
1430.1985697999999,2.3523129991022067,0.39986440248693295,21163.0,1.944
1430.3985696,2.3221552373775434,0.9090382366383387,21232.0,1.928
1430.5985693999999,2.296750082785373,1.0038263320885874,21139.0,1.936
1430.7985692,2.4077642391612355,1.146788889514141,21174.0,1.936
1430.9985689999999,2.315239984882842,0.6075662585105255,21168.0,1.936
1431.1985688,,2.704084116342328,20986.0,1.9516129032258065
1431.3985685999999,,279.7829781945717,42742.0,3.2865497076023393
1431.5985684,2.3132664956866402,3.0324381014691952,42890.0,3.2865497076023393
1431.7985681999999,,281.2554039528709,20934.0,1.9435483870967742
1431.998568,,1.462510701975241,21153.0,1.936
1432.1985677999999,2.394233041834082,0.9921330564517618,21155.0,1.944
1432.3985676,2.316811566811567,0.42301381600884613,21164.0,1.936
1432.5985673999999,2.3262052325306333,0.5450182260662236,21137.0,1.928
1432.7985672,2.4491993765055975,0.6130807328205888,21171.0,1.928
1432.9985669999999,2.5034476244450743,0.7201562095942914,21174.0,1.936
1433.1985668,2.6480767422176243,1.4208327642752219,21266.0,1.9516129032258065
1433.3985665999999,2.688393826402983,0.17396956502019081,21187.0,1.9596774193548387
1433.5985664,,275.1423731806036,42838.0,3.261627906976744
1433.7985661999999,,272.33191076382906,21325.0,1.9435483870967742
1433.998566,2.5895229186155286,1.2066922163163278,21380.0,1.936
1434.1985657999999,2.4104116791062293,2.363870598253872,21303.0,1.9193548387096775
1434.3985656,,276.2173095702855,43065.0,3.2923976608187133
1434.5985653999999,,272.8138144307716,21402.0,1.967741935483871
1434.7985652,2.2730085798677857,2.3070642244678288,21329.0,1.9516129032258065
1434.9985649999999,,2.7329639957151324,21123.0,1.967479674796748
1435.1985648,,3.119897141152122,21302.0,1.9516129032258065
1435.3985645999999,,2.847109327966972,21086.0,1.967479674796748
1435.5985644,2.367401215805471,1.158872182666374,21056.0,1.967479674796748
1435.7985641999999,,2.8132540193538698,21296.0,1.9435483870967742
1435.998564,5.956731897320381,6.330695451815488,21309.0,1.904
1436.1985637999999,9.016250291851506,21.501443488116266,21415.0,1.7559055118110236
1436.3985636,4.917544359047348,17.08671020039304,21078.0,1.7086614173228347
1436.5985633999999,8.537010612681708,15.806584336658718,22426.0,1.6893939393939394
1436.7985632,4.733738687782806,14.89938291741674,21216.0,1.697674418604651
1436.9985629999999,5.79525107045543,10.874419091787304,20552.0,1.5590551181102361
1437.1985628,3.3674921996879874,2.1703643797144094,20512.0,1.5234375
1437.3985625999999,6.8327412970668835,15.808201095899696,19706.0,1.5275590551181102
1437.5985624,3.9901276683723577,6.029675405867248,19347.0,1.5354330708661417
1437.7985621999999,,16.46007636442187,19560.0,1.4360902255639099
1437.998562,3.7227495733788394,17.163743620196097,18752.0,1.4765625
1438.1985617999999,,326.8527014125154,40446.0,3.2045454545454546
1438.3985616,,323.73719583709925,18710.0,1.484375
1438.5985613999999,2.5760210379434336,2.420023869263019,18633.0,1.4765625
1438.7985612,2.6509869126796826,0.9777640369666706,18644.0,1.5
1438.9985609999999,,327.7889899758761,40225.0,3.235632183908046
1439.1985608,,328.3701984035093,18603.0,1.484375
1439.3985605999999,,2.657187345866974,18338.0,1.4803149606299213
1439.5985604,,3.2235904800002033,18493.0,1.4765625
1439.7985601999999,2.4561346888279276,1.3281079447144437,18591.0,1.4881889763779528
1439.99856,2.3653887688984883,0.9771463406253034,18520.0,1.46875
1440.1985597999999,,2.424645135909655,18327.0,1.4881889763779528
1440.3985596,3.6588608633802044,1.434217843212564,18277.0,1.507936507936508
1440.5985593999999,,17.306965625776012,19195.0,1.6171875
1440.7985592,,313.7246225660366,40768.0,3.2298850574712645
1440.998559,,310.72446637062956,19264.0,1.609375
1441.1985588,2.397427252450853,0.2970714084561513,19279.0,1.6171875
1441.3985586,2.318363118363118,1.1181202274033524,19305.0,1.6299212598425197
1441.5985584,2.4119916579770595,0.95842583563464,19180.0,1.6220472440944882
1441.7985582,,2.1242312067428433,19023.0,1.6428571428571428
1441.998558,,2.6532659257940288,19192.0,1.6299212598425197
1442.1985578,,2.4881289667312783,19029.0,1.6428571428571428
1442.3985576,,17.104130983966893,20598.0,1.6412213740458015
1442.5985574,5.9421985290488175,16.490843414398128,20259.0,1.7165354330708662
1442.7985572,2.809564092356688,1.749369740445524,20096.0,1.7142857142857142
1442.998557,,3.1524147285186968,19903.0,1.736
1443.1985568,,294.9326804685403,41661.0,3.254335260115607
1443.3985566,2.882815884476534,1.362581990090064,41550.0,3.2485549132947975
1443.5985564,,294.50482788674043,19970.0,1.6825396825396826
1443.7985562,,2.8468461101938654,19696.0,1.696
1443.998556,,296.545395502275,41380.0,3.2485549132947975
1444.1985558,,295.12695296565226,19844.0,1.6666666666666667
1444.3985556,,295.90309086056175,41363.0,3.254335260115607
1444.5985554,,294.9107753867843,19878.0,1.6746031746031746
1444.7985552,,297.28947445094514,41460.0,3.2485549132947975
1444.998555,,298.3126352407181,19764.0,1.6746031746031746
1445.1985548,2.377612469004605,0.11641719075301955,19761.0,1.6746031746031746
1445.3985546,2.3867810292633704,0.7163383562581263,19820.0,1.6666666666666667
1445.5985544,2.4007866471685744,0.7182497973129806,19831.0,1.6825396825396826
1445.7985542,2.402991107518189,0.7946155671673631,19792.0,1.6825396825396826
1445.998554,2.367300495600283,0.40817801661926884,19774.0,1.6825396825396826
1446.1985538,,294.803558307933,41337.0,3.2674418604651163
1446.3985536,6.1975001775442085,8.238561915630527,42243.0,3.2298850574712645
1446.5985534,6.354729006635116,39.84232891219284,42049.0,3.0934065934065935
1446.7985532,,179.09383256000478,19887.0,2.7709923664122136
1446.998553,,230.95378781509416,39984.0,3.07103825136612
1447.1985528,,208.64358684343378,21370.0,2.326241134751773
1447.3985526,,219.9034701112239,39590.0,3.1049723756906076
1447.5985524,9.200080956236011,31.631346609530773,41998.0,3.07103825136612
1447.7985522,,222.57983889690166,21216.0,1.6357142857142857
1447.998552,4.8219745809541354,59.761038470948854,21716.0,2.5869565217391304
1448.1985518,3.9779941383935222,49.99486366532634,20131.0,1.686131386861314
1448.3985516,4.8726186395024245,13.04493350922923,20419.0,1.7426470588235294
1448.5985514,,213.88093452234853,41356.0,3.07103825136612
1448.7985512,2.186566802404499,3.5367753123670873,41256.0,3.07103825136612
1448.998551,,220.30633347308438,20881.0,1.7720588235294117
1449.1985508,4.1505791505791505,7.663503234749626,21238.0,1.8235294117647058
1449.3985506,3.3037220607158178,4.237543174133616,20983.0,1.7925925925925925
1449.5985504,,2.5748705046203026,20713.0,1.8432835820895523
1449.7985502,,4.477209277529563,20916.0,1.8
1449.99855,2.3117568724436413,0.8748980685708764,21026.0,1.8074074074074074
1450.1985498,,213.43160624377086,42144.0,3.0934065934065935
1450.3985496,,213.32618246057422,20875.0,1.8
1450.5985494,,214.46483860875736,42063.0,3.087912087912088
1450.7985492,,213.78982315823902,20815.0,1.8
1450.998549,2.428578299345902,1.70637697593668,20792.0,1.8208955223880596
1451.1985488,2.3893950349481803,1.144955785190144,20745.0,1.8
1451.3985486,2.275139396269948,1.0203941217616506,20804.0,1.837037037037037
1451.5985484,2.250924103499592,0.4548900140074756,20831.0,1.8074074074074074
1451.7985482,2.2877093631520853,0.7967925347898359,20837.0,1.7925925925925925
1451.998548,2.442836337156381,53.34592566995748,21972.0,2.748148148148148
1452.1985478,,59.5635968266228,20971.0,1.6402877697841727
1452.3985476,,14.390118008310111,20853.0,1.5886524822695036
1452.5985474,,5.6487135621004,20377.0,1.5928571428571427
1452.7985472,3.792202747973006,2.344763575207536,20597.0,1.6285714285714286
1452.998547,,62.22122848624184,21610.0,2.50354609929078
1453.1985468,3.689385094376338,58.50173096379954,20556.0,1.574468085106383
1453.3985466,4.126433387469856,3.5028499540419755,20319.0,1.6524822695035462
1453.5985464,5.388619799918519,51.49792904503186,22091.0,2.475177304964539
1453.7985462,5.307418007788674,61.92927228913937,21313.0,1.4444444444444444
1453.998546,6.482632024851736,3.6426677405644545,21246.0,1.5069444444444444
1454.1985458,,58.63770236336568,21421.0,2.375886524822695
1454.3985456,,207.58495441819363,41308.0,2.9893617021276597
1454.5985454,,197.86134949681525,21458.0,2.375886524822695
1454.7985452,4.1973644803833485,55.71468077999296,20034.0,1.5460992907801419
1454.998545,3.182011131025375,54.152667893123756,21202.0,2.4184397163120566
1455.1985448,3.3389465243321808,52.776057706233786,19953.0,1.50354609929078
1455.3985446,2.3299588438431336,57.8451364034957,21139.0,2.397163120567376
1455.5985444,2.621806387225549,58.07000125238215,20040.0,1.5319148936170213
1455.7985442,2.3349788082772376,2.4085952519135385,20055.0,1.475177304964539
1455.998544,,2.9902783742567793,19822.0,1.5
1456.1985438,,59.804073256356794,21103.0,2.3900709219858154
1456.3985436,2.316821367683273,1.2738994230146563,21116.0,2.382978723404255
1456.5985434,2.256142998632269,0.5404479829884352,21203.0,2.4
1456.7985432,2.2306766917293235,56.93896682549901,19950.0,1.5785714285714285
1456.998543,4.072741049441182,58.230002083437896,21116.0,2.3857142857142857
1457.1985427999998,4.410865874363328,59.17978513969405,20026.0,1.50354609929078
1457.3985426,3.7301940369143396,57.54206448838913,21130.0,2.368794326241135
1457.5985423999998,3.657286180085277,57.25309115528613,19935.0,1.4539007092198581
1457.7985422,6.0019581925882415,4.53279771218497,20427.0,1.4859154929577465
1457.9985419999998,,10.389299682231279,20397.0,1.4929577464788732
1458.1985418,,6.48335014331927,20232.0,1.4788732394366197
1458.3985415999998,6.584371742044382,5.271482118946007,20143.0,1.5208333333333333
1458.5985414,3.5329380107634045,6.149874557186078,20068.0,1.619718309859155
1458.7985411999998,,3.0022161210577587,19718.0,1.5642857142857143
1458.998541,,8.53413798202567,20407.0,1.5957446808510638
1459.1985407999998,3.667975845647798,0.6897467550281798,20369.0,1.6453900709219857
1459.3985406,2.6245700245700245,1.1323170709512844,20350.0,1.6453900709219857
1459.5985403999998,2.7417719050173095,5.593427966063003,20509.0,1.8071428571428572
1459.7985402,2.432777415447685,49.41058379972065,21466.0,2.5428571428571427
1459.9985399999998,2.560007925107732,52.01111774061429,20189.0,1.7142857142857142
1460.1985398,2.4541093858174268,4.086345014185099,20222.0,1.8142857142857143
1460.3985395999998,2.256905389936794,5.058882915681069,20093.0,1.6428571428571428
1460.5985394,2.329844651992303,57.0192264492062,21307.0,2.5357142857142856
1460.7985391999998,2.7415202480503615,0.9846639248045354,21286.0,2.5323741007194243
1460.998539,,56.39256003752703,19970.0,1.6231884057971016
1461.1985387999998,,4.071177264347734,19981.0,1.6906474820143884
1461.3985386,2.4701026776726396,0.9714211948948321,19868.0,1.5971223021582734
1461.5985383999998,2.4634183059012447,1.0251167845902864,19928.0,1.6474820143884892
1461.7985382,,39.82857064133389,20548.0,1.3566433566433567
1461.9985379999998,,7.653183703182323,20899.0,1.4444444444444444
1462.1985378,5.6645850216904226,6.450495833651584,20977.0,1.4615384615384615
1462.3985375999998,2.55384908900124,2.7325130390525088,20966.0,1.4265734265734267
1462.5985374,3.305396855375608,5.8456412908717565,21179.0,1.2916666666666667
1462.7985371999998,,3.5153992301139656,20883.0,1.3076923076923077
1462.998537,,8.259571285072733,21038.0,1.4236111111111112
1463.1985367999998,7.784369845735908,3.8759656742697803,20614.0,1.4930555555555556
1463.3985366,24.657955258206147,130.18630187127314,23915.0,1.4625850340136055
1463.5985363999998,19.76219711853307,190.07728117413555,24432.0,1.9253731343283582
1463.7985362,,198.85241501487536,28300.0,1.836734693877551
1463.9985359999998,9.496444378139142,177.60523510160658,20109.0,1.8396946564885497
1464.1985358,,39.101362345262814,18673.0,1.7037037037037037
1464.3985355999998,,44.79778714658199,19100.0,1.9927536231884058
1464.5985354,,162.7983994819028,11827.0,1.1884057971014492
1464.7985351999998,3.4030098871292327,7.829154920372198,11429.0,1.1838235294117647
1464.998535,,2.6063268613658814,11362.0,1.1777777777777778
1465.1985347999998,2.6246791183500044,2.507226313276691,11297.0,1.1940298507462686
1465.3985346,,182.80930264134935,18705.0,2.1185185185185187
1465.5985343999998,2.8896677050882658,176.06299854759166,11556.0,1.2
1465.7985342,2.3909434363858884,174.44537461917335,18793.0,2.1185185185185187
1465.9985339999998,2.5905566086506977,173.59492601972698,11606.0,1.2074074074074075
1466.1985338,,178.0561493012649,18891.0,2.1194029850746268
1466.3985335999998,18.62360325234178,33.73322326255052,21031.0,2.1310344827586207
1466.5985334,,49.998107645127234,18938.0,1.625
1466.7985331999998,3.264367206155479,7.688267521642914,18845.0,1.6746031746031746
1466.998533,,4.228494406943275,18687.0,1.6825396825396826
1467.1985327999998,2.398683013009262,1.6613868899575104,18679.0,1.704
1467.3985326,,4.278128001683128,18893.0,1.6825396825396826
1467.5985323999998,2.336072526773407,1.454234898372351,18862.0,1.6904761904761905
1467.7985322,2.3177678949597627,0.7549035488225573,18888.0,1.6825396825396826
1467.9985319999998,2.33051742344245,0.9127879802959059,18940.0,1.6904761904761905
1468.1985318,,2.0866154109027,18647.0,1.696
1468.3985315999998,,29.630360993244405,19671.0,1.413533834586466
1468.5985314,,16.702961292294376,18980.0,1.4153846153846155
1468.7985311999998,2.829005799070059,3.553716395470295,19141.0,1.4076923076923078
1468.998531,,4.043944406404743,19248.0,1.3969465648854962
1469.1985307999998,7.583777960188796,31.72866656064919,19492.0,1.4222222222222223
1469.3985306,8.655687781109446,21.430666373774574,21344.0,1.4305555555555556
1469.5985303999998,5.983407293073509,32.26996098478051,20732.0,1.5746268656716418
1469.7985302,,7.525278737972593,20404.0,1.689922480620155
1469.9985299999998,,4.741233817430095,20654.0,1.6923076923076923
1470.1985298,2.3671810749359006,1.8434755684213011,20671.0,1.7
1470.3985295999998,2.5339561450215404,0.8602532864443462,20659.0,1.6923076923076923
1470.5985294,5.490031035455657,18.79796230019482,21266.0,1.7692307692307692
1470.7985291999998,,61.43153274898453,22260.0,1.4620689655172414
1470.998529,6.987834895389567,51.39542022253611,21126.0,1.6240601503759398
1471.1985287999998,,89.79499204417675,24124.0,1.6785714285714286
1471.3985286,,465.1872677195043,46543.0,2.6285714285714286
1471.5985283999999,,294.5327258248749,22013.0,1.8267716535433072
1471.7985282,14.503685910709848,75.94411441513245,24146.0,1.8333333333333333
1471.9985279999999,,17.64001789624037,23472.0,1.96875
1472.1985278,2.4367088607594938,1.5165907694734602,23384.0,1.968503937007874
1472.3985275999999,2.489683219178082,4.382249890300306,23360.0,2.0
1472.5985274,,301.7588480968799,44899.0,2.6627906976744184
1472.7985271999999,,304.5024685126636,23027.0,2.024193548387097
1472.998527,,4.115681594034062,23166.0,2.008
1473.1985267999999,2.3634283246977548,0.5193813719530145,23160.0,2.032258064516129
1473.3985266,2.302227209944751,1.7546359308129267,23168.0,2.008
1473.5985263999999,3.5128831146183024,5.237213741567927,22937.0,1.9838709677419355
1473.7985262,22.300374770751933,120.01565715861562,25082.0,1.6986301369863013
1473.9985259999999,,321.4770127345292,42746.0,3.2241379310344827
1474.1985258,7.453008677509602,86.01686706817948,42178.0,2.422857142857143
1474.3985255999999,,331.7453045980431,24914.0,1.4533333333333334
1474.5985254,,204.49136355143293,44212.0,2.6556603773584904
1474.7985251999999,,314.6912047616261,21763.0,1.1515151515151516
1474.998525,16.23673374252195,11.49542605096711,25742.0,1.2666666666666666
1475.1985247999999,,417.35020359602754,41779.0,3.157303370786517
1475.3985246,10.800935269505292,68.40192939620829,40630.0,3.0994475138121547
1475.5985243999999,,193.81277566224725,19132.0,2.477272727272727
1475.7985242,,36.78047561374491,18430.0,2.553030303030303
1475.9985239999999,12.691829048632716,29.337710369028365,18321.0,2.734375
1476.1985238,,199.37146765337525,38142.0,3.2790697674418605
1476.3985235999999,3.9640183530548176,29.926079747056164,37269.0,2.7283236994219653
1476.5985234,,271.13402151066606,17701.0,1.546875
1476.7985231999999,3.5095828635851185,88.15609772777476,18627.0,2.8976377952755907
1476.998523,3.4025929325378614,83.65023446562704,17432.0,1.5511811023622046
1477.1985227999999,,3.503525420480204,16978.0,1.576
1477.3985226,,7.644003999575879,17464.0,1.9206349206349207
1477.5985223999999,,249.52715415276884,37723.0,2.754385964912281
1477.7985222,,261.79423145417127,16968.0,1.6504065040650406
1477.9985219999999,,273.28658314581867,36899.0,2.764705882352941
1478.1985218,,269.37288808133184,16064.0,1.5241935483870968
1478.3985215999999,,277.3574196139978,36172.0,2.7529411764705882
1478.5985214,,271.2814800784488,15242.0,1.5081967213114753
1478.7985211999999,,263.1558308994017,36523.0,3.3058823529411763
1478.998521,,262.98596472846583,15584.0,1.5203252032520325
1479.1985207999999,7.698555846688197,15.962323970095662,16411.0,1.472
1479.3985206,,143.18058684484907,21739.0,1.9384615384615385
1479.5985203999999,,190.63435297871635,28356.0,1.9305555555555556
1479.7985202,,256.3611157899977,50810.0,2.8969072164948453
1479.9985199999999,10.325442166223196,66.96719744404439,51112.0,2.701923076923077
1480.1985198,,289.8454807269098,25706.0,1.6428571428571428
1480.3985195999999,,86.70916482397699,25155.0,1.6556291390728477
1480.5985194,,98.47473092925419,24050.0,1.6
1480.7985191999999,12.330269669730331,65.09111075605877,19802.0,1.4788732394366197
1480.998519,,54.99316693799099,21449.0,1.8015267175572518
1481.1985187999999,19.138207777235845,115.7133186396897,22553.0,1.968503937007874
1481.3985186,,340.93719328137064,49279.0,3.1396648044692737
1481.5985183999999,4.193407490560261,6.255421888528776,48995.0,3.1049723756906076
1481.7985182,,353.2390120567563,24807.0,2.1171875
1481.9985179999999,2.7377258915720453,4.832460858170417,25012.0,2.140625
1482.1985178,,355.64376558768396,48653.0,3.177142857142857
1482.3985175999999,,354.4237114562043,24984.0,2.1328125
1482.5985174,,355.03688079670604,48683.0,3.2114285714285713
1482.7985171999999,2.197117257499026,2.128325146605741,48773.0,3.2114285714285713
1482.998517,2.1827128533859304,1.4129251176024211,48672.0,3.2057142857142855
1483.1985167999999,,352.63063199464995,24918.0,2.1484375
1483.3985166,,352.3887859936919,48564.0,3.2298850574712645
1483.5985163999999,2.226368108007985,1.4874869069042895,48589.0,3.2298850574712645
1483.7985162,,352.3986684572749,24927.0,2.1328125
1483.9985159999999,2.381993182273912,0.9826804355760064,24935.0,2.140625
1484.1985158,2.4014707064212812,1.1992714850266006,24886.0,2.1484375
1484.3985155999999,2.3845165950957177,1.7785231632338274,24917.0,2.1328125
1484.5985154,,352.75018350341617,48557.0,3.2298850574712645
1484.7985151999999,,352.0924408289756,24901.0,2.15748031496063
1484.998515,,2.888093286293017,24592.0,2.1666666666666665
1485.1985147999999,,353.9551463862572,48542.0,3.2298850574712645
1485.3985146,,352.1237581340927,24890.0,2.141732283464567
1485.5985143999999,,353.1488751065523,48531.0,3.2298850574712645
1485.7985142,2.193334982069989,1.0814522276078073,48522.0,3.2298850574712645
1485.998514,,354.0187564146385,24599.0,2.1746031746031744
1486.1985138,,4.707251667063883,24876.0,2.1496062992125986
1486.3985136,,349.6592878048898,48536.0,3.217142857142857
1486.5985134,13.972604741206123,52.04207445669682,54754.0,2.8241206030150754
1486.7985132,8.275543624161074,49.394147682281016,55875.0,2.81
1486.998513,3.544814493982343,9.107319700014353,54257.0,2.8564102564102565
1487.1985128,3.370472653990409,21.01151332073662,53591.0,2.8958333333333335
1487.3985126,,308.30364389845187,28981.0,1.971830985915493
1487.5985124,,306.8138007069974,52745.0,2.9893617021276597
1487.7985122,2.239745470479529,2.118662856353301,52489.0,2.9893617021276597
1487.998512,,245.13553457903902,31514.0,2.0972222222222223
1488.1985118,,55.45728530638201,32854.0,2.0596026490066226
1488.3985116,,85.02399644781694,30530.0,2.027586206896552
1488.5985114,,222.60878511929187,53516.0,2.865979381443299
1488.7985112,2.9485944241298587,21.57511842353092,51687.0,2.8512820512820514
1488.998511,2.8476711994137287,13.20005513239169,49124.0,2.911917098445596
1489.1985108,,270.76160285234033,26344.0,1.7013888888888888
1489.3985106,,279.53618007808967,47674.0,2.99468085106383
1489.5985104,2.224755150287065,6.257833077045659,47376.0,2.984042553191489
1489.7985102,,289.7696226333496,25262.0,1.707142857142857
1489.99851,2.122313527180784,1.1422159652823818,25312.0,1.7142857142857142
1490.1985098,,291.8851053425877,47448.0,3.0053475935828877
1490.3985096,,294.36792390271455,24908.0,1.7194244604316546
1490.5985094,2.168595306975249,1.4906137897465905,24888.0,1.7173913043478262
1490.7985092,,2.9129015893913826,25143.0,1.7194244604316546
1490.998509,,292.0382023679325,47299.0,3.021505376344086
1491.1985088,,295.7731247508071,24823.0,1.7246376811594204
1491.3985086,,2.751474517765086,25067.0,1.7194244604316546
1491.5985084,2.192621638924456,1.7710428977002104,24992.0,1.7122302158273381
1491.7985082,,295.28633519781096,47163.0,2.989247311827957
1491.998508,2.0718456083734953,1.8429411108163796,47101.0,2.989247311827957
1492.1985078,,294.77529561902764,24922.0,1.7122302158273381
1492.3985076,,2.7505295185583907,24657.0,1.7246376811594204
1492.5985074,,296.56947343772833,47100.0,2.989247311827957
1492.7985072,,302.1364539164492,25563.0,1.6879432624113475
1492.998507,,70.77033600251508,26165.0,1.8085106382978724
1493.1985068,,335.6651444385051,47472.0,2.941798941798942
1493.3985066,,229.75282248971982,26439.0,1.8111888111888113
1493.5985064,,225.27894412016184,48786.0,2.836734693877551
1493.7985062,5.6273043519416905,118.13047235286312,42257.0,2.061224489795918
1493.998506,,208.42669483995945,20755.0,1.3785714285714286
1494.1985058,,267.6246911121782,39440.0,3.1931818181818183
1494.3985056,7.583216058069772,32.34492584994466,40503.0,3.0053475935828877
1494.5985054,,226.018868704886,20457.0,1.2789115646258504
1494.7985052,,184.84677148238825,44414.0,2.650943396226415
1494.998505,4.204737198285585,11.963761851991247,44330.0,2.8241206030150754
1495.1985048,3.8135533475799166,11.691249778110013,45391.0,2.8241206030150754
1495.3985046,3.70580070939173,14.081077972169705,45391.0,2.8578680203045685
1495.5985044,2.6406156571808217,0.3355463062628742,45155.0,2.7939698492462313
1495.7985042,2.85412744468316,8.080629260508847,45149.0,2.8477157360406093
1495.998504,2.436775728997531,5.886548901511045,44959.0,2.798994974874372
1496.1985038,2.851844435544876,8.247813313768187,44946.0,2.8241206030150754
1496.3985036,,219.29941719025533,24711.0,1.3708609271523178
1496.5985034,,214.4340708499612,45207.0,2.805
1496.7985032,2.3112522686025407,1.1770772123379363,45182.0,2.805
1496.998503,,212.23161752238772,24658.0,1.3856209150326797
1497.1985028,,207.15845992097627,45353.0,2.7960199004975124
1497.3985026,2.791790680111945,11.268118721137322,45022.0,2.81
1497.5985024,2.5057839906217514,1.5048193755878982,45211.0,2.8241206030150754
1497.7985022,3.3243095373572022,4.9222913948442795,45694.0,2.8434343434343434
1497.998502,2.7292830020102747,12.880209642777295,44770.0,2.8527918781725887
1498.1985018,4.56863768872645,14.73066962449617,45966.0,2.8958333333333335
1498.3985016,2.522234715699892,5.374636447663979,45357.0,2.9424083769633507
1498.5985014,2.4798915200423335,1.9218472446542907,45354.0,2.9263157894736844
1498.7985012,2.7049493089602237,5.636761730743353,45077.0,2.9162303664921465
1498.998501,2.418109610802224,19.960028269736114,44065.0,2.56020942408377
1499.1985008,2.5137141587019336,21.28391494201023,44990.0,2.9424083769633507
1499.3985006,,208.06006790094935,24503.0,1.4827586206896552
1499.5985004,,206.31370780662152,44745.0,2.808080808080808
1499.7985002,2.652099128663574,1.8934867968983793,44185.0,2.8383838383838382
1499.9985,2.5780209324452903,5.35386434121629,44142.0,2.8274111675126905
1500.1984998,2.586482508773916,2.745552611928547,44165.0,2.8383838383838382
1500.3984996,,213.2478832111778,23244.0,1.3333333333333333
1500.5984994,,15.090845233985261,24044.0,1.3708609271523178
1500.7984992,,211.44478170720774,44477.0,2.813131313131313
1500.998499,2.2751657968504295,2.964745518142517,43879.0,2.8333333333333335
1501.1984988,,206.96748303665342,23440.0,1.3973509933774835
1501.3984985999998,,209.83390603257973,44044.0,2.8241206030150754
1501.5984984,2.339337077112724,4.049786150964426,43806.0,2.8527918781725887
1501.7984981999998,2.6651732650635456,2.083612846575145,43748.0,2.865979381443299
1501.998498,2.341879166953055,5.750295741771788,43647.0,2.8711340206185567
1502.1984977999998,3.4451527164609423,7.636152048573722,44396.0,2.9424083769633507
1502.3984976,2.644932332199831,9.126986590833848,43817.0,2.865979381443299
1502.5984973999998,3.020703840155505,8.209976363665152,44243.0,2.9270833333333335
1502.7984972,2.40852619303911,3.4924106153340295,44592.0,2.9424083769633507
1502.9984969999998,2.320068817588703,3.071602800615995,44756.0,2.9010416666666665
1503.1984968,2.8195005131713993,14.022612070827883,43845.0,2.876923076923077
1503.3984965999998,,245.26781150390423,25573.0,1.25
1503.5984964,3.2678594140840294,20.035011490747074,23587.0,1.2625
1503.7984961999998,,236.8136985751255,42258.0,2.8527918781725887
1503.998496,2.51591431683408,11.445491385630937,41315.0,2.93717277486911
1504.1984957999998,,206.83686672995057,20051.0,1.3776223776223777
1504.3984956,,213.58483853163156,40576.0,2.941798941798942
1504.5984953999998,2.2183678007560594,17.570856409064515,40473.0,2.5736842105263156
1504.7984952,2.1897253682730033,19.092249505544636,40527.0,2.9526315789473685
1504.9984949999998,2.1056106426646224,4.471314142757683,40441.0,2.9526315789473685
1505.1984948,2.093636589609744,2.316161776562716,40230.0,2.957894736842105
1505.3984945999998,,214.28418921548283,19797.0,1.3776223776223777
1505.5984944,,213.11531883822192,40383.0,2.963157894736842
1505.7984941999998,2.084283428342834,20.07863152571035,39996.0,2.568421052631579
1505.998494,2.067358284522982,21.799269296259677,40292.0,2.9788359788359786
1506.1984937999998,2.1782897673726502,1.6689052983597514,40322.0,2.957894736842105
1506.3984936,,215.98810534499185,19900.0,1.3706293706293706
1506.5984933999998,,213.27737695078392,40599.0,2.9424083769633507
1506.7984932,2.2765700780422953,2.4476470259078624,40619.0,2.957894736842105
1506.9984929999998,,215.4954550281291,20233.0,1.3776223776223777
1507.1984928,,218.45516408343292,40297.0,2.957894736842105
1507.3984925999998,2.0898300044605245,0.8649513643668144,40354.0,2.9526315789473685
1507.5984924,2.073600039609843,1.1018790235566622,40394.0,2.9263157894736844
1507.7984921999998,,222.14080676008834,20273.0,1.3873239436619718
1507.998492,,220.7599128170731,40496.0,2.9735449735449735
1508.1984917999998,2.087653134166482,0.5664614084820325,40569.0,2.9735449735449735
1508.3984916,2.103496537838236,1.6990000238187675,40726.0,2.9682539682539684
1508.5984913999998,2.086261040235525,1.331990171742284,40760.0,2.9735449735449735
1508.7984912,2.1630541148840394,1.5338646455846021,40876.0,2.947089947089947
1508.9984909999998,2.0898619775038068,1.4522843034735204,40718.0,2.9735449735449735
1509.1984908,2.07546334988447,0.9961996475419492,40682.0,2.9682539682539684
1509.3984905999998,,212.66766343769447,19789.0,1.408450704225352
1509.5984904,,214.92140754681486,40262.0,2.9735449735449735
1509.7984901999998,,214.6889103100813,19873.0,1.4184397163120568
1509.99849,,211.7372151359101,40696.0,2.9735449735449735
1510.1984897999998,2.0777180450204975,2.576227869249689,40737.0,2.984042553191489
1510.3984896,2.126334738970679,4.044483163273398,40551.0,2.984042553191489
1510.5984893999998,,214.84088925041522,19874.0,1.4042553191489362
1510.7984892,,213.82658019901922,40484.0,2.9732620320855614
1510.9984889999998,10.407148534293329,49.12834761340555,42778.0,2.86734693877551
1511.1984888,13.023215067893123,59.80781126827153,43377.0,3.0053475935828877
1511.3984885999998,,249.55195456259327,22234.0,1.7238805970149254
1511.5984884,,247.11403611209022,43102.0,3.1396648044692737
1511.7984881999998,2.159658191301108,1.863185612729235,42948.0,3.1396648044692737
1511.998488,2.1340726275166224,1.2776295330781768,43014.0,3.157303370786517
1512.1984877999998,,246.32504175988262,21945.0,1.7803030303030303
1512.3984876,2.1726369519642694,1.9787151883100045,21942.0,1.8549618320610688
1512.5984873999998,,244.63949436275132,42879.0,3.151685393258427
1512.7984872,2.103498984617539,1.8567195526966074,42841.0,3.157303370786517
1512.9984869999998,2.7199160936953737,2.160738773160143,42905.0,3.1222222222222222
1513.1984868,2.5386618495753766,7.263005546487011,42626.0,3.1452513966480447
1513.3984865999998,,240.73766525990834,21603.0,1.8257575757575757
1513.5984864,,242.28322574491622,42386.0,3.1396648044692737
1513.7984861999998,,245.22435750461872,21697.0,1.8345864661654134
1513.998486,,232.52738724968796,42986.0,3.1049723756906076
1514.1984857999998,,240.8939047413478,22965.0,1.8161764705882353
1514.3984856,7.46088812622944,13.269266042076815,23893.0,1.8270676691729324
1514.5984853999998,,297.9565288528014,41333.0,2.2542372881355934
1514.7984852,8.067939639374675,29.140131527046773,44201.0,3.037837837837838
1514.9984849999998,8.189087869500241,80.73104596140197,39479.0,3.157303370786517
1515.1984848,5.2462132842083715,9.499035932505079,39084.0,3.162921348314607
1515.3984845999998,5.716441329532676,13.453786882460804,38239.0,3.2298850574712645
1515.5984844,,193.04194745442376,18215.0,2.8031496062992125
1515.7984841999998,,201.24051290323632,37191.0,3.260115606936416
1515.998484,2.450289562289562,1.6721152907118302,37125.0,3.2732558139534884
1516.1984837999998,2.736191372127402,3.003334541840989,37205.0,3.2790697674418605
1516.3984836,2.4242309665919466,2.796554157539898,37027.0,3.2790697674418605
1516.5984833999999,2.297782470960929,2.647078072804388,36933.0,3.2790697674418605
1516.7984832,2.2970931812007604,4.199720346193229,36810.0,3.2732558139534884
1516.9984829999999,2.279672541340296,4.370301407496081,36768.0,3.2674418604651163
1517.1984828,2.430586630286494,2.933018931182828,36650.0,3.2865497076023393
1517.3984825999999,2.3266810450735758,2.875577370662277,36629.0,3.2982456140350878
1517.5984824,2.270088369675248,0.747869375169554,36551.0,3.2982456140350878
1517.7984821999999,2.217928438965856,1.9079242402051495,36668.0,3.2923976608187133
1517.998482,,218.57911505674184,18852.0,2.4846153846153847
1518.1984817999999,,155.51595401315305,42464.0,2.8969072164948453
1518.3984816,5.832057494674252,8.399877564363306,42717.0,2.8917525773195876
1518.5984813999999,6.8261890229588245,17.722495504397134,42598.0,2.9893617021276597
1518.7984812,6.399995495799834,20.74447742406363,44403.0,2.9375
1518.9984809999999,,209.27404273393878,24199.0,1.6482758620689655
1519.1984808,,178.81077463033975,47815.0,2.8969072164948453
1519.3984805999999,3.485382533418731,4.9892231434051,48401.0,2.963157894736842
1519.5984804,,185.96974318069462,25967.0,1.8085106382978724
1519.7984801999999,,208.83927473558023,46543.0,3.0053475935828877
1519.99848,2.829949130081648,2.9715445840760135,46786.0,2.9893617021276597
1520.1984797999999,3.283328087294093,14.45197449789542,47655.0,2.9424083769633507
1520.3984796,2.483996099711718,8.328727085647037,47176.0,2.9424083769633507
1520.5984793999999,,200.55399791329214,25950.0,1.7762237762237763
1520.7984792,,204.68939871740358,46858.0,2.9682539682539684
1520.9984789999999,2.241200961455919,2.2166672202889366,46596.0,2.9893617021276597
1521.1984788,,201.0075297193071,25548.0,1.822695035460993
1521.3984785999999,,202.5081033370093,46434.0,2.9893617021276597
1521.5984784,3.5642917782276498,8.292692864489355,45939.0,3.0489130434782608
1521.7984781999999,3.798448598945396,1.906001248395134,45894.0,2.681318681318681
1521.998478,,240.1667099378154,25640.0,2.1029411764705883
1522.1984777999999,,182.50804765927768,49801.0,3.0161290322580645
1522.3984776,5.403057969858863,49.10365650216859,50164.0,3.1222222222222222
1522.5984773999999,2.9639758352254297,15.616167368168167,49328.0,3.1235955056179776
1522.7984772,,1108.02727459279,5819.0,7.137931034482759
1522.9984769999999,,1111.2100885881114,49221.0,3.1807909604519775
1523.1984768,2.655036544036585,6.157711575718002,48982.0,3.157303370786517
1523.3984765999999,,250.75130834371387,25387.0,2.0916030534351147
1523.5984764,2.281486443883985,0.7911315814370512,25376.0,2.1076923076923078
1523.7984761999999,2.247199873797129,0.6432148985557542,25356.0,2.1076923076923078
1523.998476,,254.82466898409822,48903.0,3.169491525423729
1524.1984757999999,,255.85014034096616,25294.0,2.1076923076923078
1524.3984756,,254.2701162974058,48923.0,3.175141242937853
1524.5984753999999,,254.26274399765546,25320.0,2.1153846153846154
1524.7984752,,256.8643585921114,48781.0,3.175141242937853
1524.9984749999999,2.145270755161879,0.5372184326313659,48771.0,3.164772727272727
1525.1984748,2.1480783413914613,0.22122990812068688,48812.0,3.146892655367232
1525.3984745999999,2.1583345309709077,0.759416248106244,48707.0,3.2045454545454546
1525.5984744,2.182634792082057,2.310147093288503,48649.0,3.1931818181818183
1525.7984741999999,,304.92695718575465,26014.0,2.022727272727273
1525.998474,,213.39923760916207,23299.0,1.8888888888888888
1526.1984737999999,,392.0824391852167,42550.0,3.2732558139534884
1526.3984736,8.143989688966707,14.077864861309289,41121.0,3.1333333333333333
1526.5984733999999,,522.5045364877078,20395.0,1.437956204379562
1526.7984732,12.435931495801508,31.70377732953638,21079.0,1.614814814814815
1526.9984729999999,,13.044739651034577,21556.0,1.7164179104477613
1527.1984728,,9.725211144768025,23360.0,1.7518248175182483
1527.3984725999999,14.520946544879948,58.51113816196056,25947.0,1.653061224489796
1527.5984724,15.064024700573405,41.00427501980626,29473.0,1.5364238410596027
1527.7984721999999,5.568303815957641,36.018282869396394,27385.0,1.8043478260869565
1527.998472,,15.713655558415704,26320.0,1.8014705882352942
1528.1984717999999,,380.5576614548033,49973.0,3.0652173913043477
1528.3984716,,382.71785130710003,25720.0,1.8602941176470589
1528.5984713999999,,11.44153202266973,25990.0,1.8897058823529411
1528.7984712,,13.899686599175036,25805.0,1.946969696969697
1528.9984709999999,,391.2936280479048,50819.0,3.157303370786517
1529.1984708,3.7577679008318383,17.331345527188073,49048.0,3.151685393258427
1529.3984705999999,,357.21643627336664,25574.0,2.015267175572519
1529.5984704,,2.808726463453016,24996.0,2.046511627906977
1529.7984701999999,,5.347359185868123,25186.0,2.0307692307692307
1529.99847,,5.2047420745772,25027.0,2.078125
1530.1984697999999,,4.1022013660342775,25286.0,2.054263565891473
1530.3984696,,365.1446771720462,48726.0,3.1931818181818183
1530.5984693999999,,372.582506704489,24686.0,2.0703125
1530.7984692,,369.9254506200526,48682.0,3.2114285714285713
1530.998469,,357.4889823423592,25268.0,2.0076335877862594
1531.1984688,5.189075466552382,8.92124406674109,25667.0,2.0
1531.3984686,,16.11473857414812,25002.0,2.0692307692307694
1531.5984684,,5.686135281511476,25313.0,2.053435114503817
1531.7984682,3.058018697588573,10.88501595122896,24923.0,2.0303030303030303
1531.998468,,1.423324084626717,24505.0,2.0615384615384613
1532.1984678,,4.783023460428145,24778.0,2.030534351145038
1532.3984676,,4.483333063393514,24494.0,2.0538461538461537
1532.5984674,2.4042865890998164,0.9759438227281046,24495.0,2.046153846153846
1532.7984672,,375.18659981243485,48325.0,3.157303370786517
1532.998467,,376.70476598613345,24456.0,2.046153846153846
1533.1984668,2.4938291920355438,2.614026285789048,24308.0,2.046153846153846
1533.3984666,,6.435255453166781,24804.0,2.045801526717557
1533.5984664,,3.9432808450175387,24460.0,2.046153846153846
1533.7984662,,378.00046623765655,48214.0,3.157303370786517
1533.998466,,376.44828844186895,24622.0,2.030534351145038
1534.1984658,,374.74617296749346,48074.0,3.175141242937853
1534.3984656,2.2208386171340666,0.5666418621524664,48103.0,3.151685393258427
1534.5984654,2.1935798472775563,1.49726680379195,48192.0,3.1864406779661016
1534.7984652,,380.546458475904,24182.0,2.0384615384615383
1534.998465,2.4418527845436158,2.1378036279943906,24223.0,2.054263565891473
1535.1984648,2.3751289776713853,0.42999959937898247,24229.0,2.046153846153846
1535.3984646,2.366383575197889,1.2057197039394338,24256.0,2.046153846153846
1535.5984644,,377.71278696904074,47989.0,3.175141242937853
1535.7984642,,378.6188354653548,24161.0,2.054263565891473
1535.998464,2.400041433602652,0.692913104126324,24135.0,2.054263565891473
1536.1984638,,377.5200796077234,47825.0,3.175141242937853
1536.3984636,,378.25525146214517,24114.0,2.054263565891473
1536.5984634,,3.6065139140191325,24380.0,2.0384615384615383
1536.7984632,,377.0169790791335,47888.0,3.1931818181818183
1536.998463,2.1905249305454015,1.556662838150235,47873.0,3.1931818181818183
1537.1984628,,376.2075266257915,24324.0,2.0384615384615383
1537.3984626,,377.5379250837343,47939.0,3.1931818181818183
1537.5984624,,374.43981574069227,24447.0,2.0384615384615383
1537.7984622,,6.030076580646689,23982.0,2.0625
1537.998462,2.3925268682829293,0.3184275519444225,24006.0,2.0703125
1538.1984618,2.3754575707154744,0.22713893855421335,24040.0,2.0703125
1538.3984616,,5.120991234376702,24398.0,2.046511627906977
1538.5984614,2.658298926507019,5.481012444779411,24220.0,2.046511627906977
1538.7984612,,380.56532054918097,47791.0,3.1931818181818183
1538.998461,,380.4658749029009,24100.0,2.0703125
1539.1984608,,378.4805809527222,47768.0,3.1931818181818183
1539.3984606,2.1943491718253303,0.26009299788609225,47816.0,3.1931818181818183
1539.5984604,,380.16868622677214,23949.0,2.0703125
1539.7984602,2.41880806897129,0.6977856387845023,23894.0,2.0546875
1539.99846,,2.218973374746404,24183.0,2.054263565891473
1540.1984598,,2.854304760870007,23925.0,2.0625
1540.3984596,2.364339464882943,0.775794635621532,23920.0,2.0703125
1540.5984594,2.357960981749528,0.9082048084698247,23835.0,2.0625
1540.7984592,,3.390590314335964,24182.0,2.054263565891473
1540.998459,2.3571783407848983,0.2741973017667756,24156.0,2.0625
1541.1984588,2.5164059598002395,2.2046601333568945,24229.0,2.046511627906977
1541.3984586,2.6232984727755646,3.569200228186641,24096.0,2.046511627906977
1541.5984584,,4.14815159468479,23943.0,2.0625
1541.7984582,2.508610214941132,2.4214217817553,23867.0,2.078740157480315
1541.998458,2.435768683571847,1.262894934403549,23898.0,2.0625
1542.1984578,,381.24819765320143,47795.0,3.2114285714285713
1542.3984576,,383.7791043699253,23787.0,2.078740157480315
1542.5984574,,381.6704671861224,47635.0,3.2057142857142855
1542.7984572,2.3014346062152327,4.62728332235659,47818.0,3.217142857142857
1542.998457,,382.076672407936,24068.0,2.0546875
1543.1984568,,4.081425044026822,23749.0,2.078740157480315
1543.3984566,,384.0265970338789,47659.0,3.2114285714285713
1543.5984564,,380.739441982715,24059.0,2.0703125
1543.7984562,,379.98515437190474,47636.0,3.2114285714285713
1543.998456,,379.6600345522853,24020.0,2.0546875
1544.1984558,,3.7636563777877967,23747.0,2.078740157480315
1544.3984556,,384.7187678335039,47669.0,3.2114285714285713
1544.5984554,,383.40033696976155,23753.0,2.0708661417322833
1544.7984552,2.392260778128286,0.8215358045758241,23775.0,2.078740157480315
1544.998455,2.4246378647746947,1.1272377459703857,23679.0,2.0708661417322833
1545.1984548,,4.086787409691479,24052.0,2.0625
1545.3984546,2.4169584792396197,0.45646717240512524,23988.0,2.0625
1545.5984543999998,,3.251579669344174,23733.0,2.078740157480315
1545.7984542,,3.2534784110836386,24058.0,2.0625
1545.9984539999998,,3.1453148662050054,23842.0,2.078740157480315
1546.1984538,2.628735680771019,4.423945966282558,23657.0,2.078740157480315
1546.3984535999998,2.366058255701218,1.3165421993321735,23723.0,2.078740157480315
1546.5984534,2.3942352198611405,0.7912882007427221,23765.0,2.0866141732283463
1546.7984531999998,,3.5230352167669006,23975.0,2.0625
1546.998453,2.617212774782248,3.1503152273307133,24110.0,2.0625
1547.1984527999998,2.511722009010512,3.3556836872580345,23972.0,2.0625
1547.3984526,,3.7134087386536145,23625.0,2.0708661417322833
1547.5984523999998,,4.104440005332879,23961.0,2.0703125
1547.7984522,,3.2666965790648073,23676.0,2.0708661417322833
1547.9984519999998,2.4010510826150937,1.4655881640012343,23785.0,2.0866141732283463
1548.1984518,,384.2921482703521,47570.0,3.217142857142857
1548.3984515999998,,381.49526969468025,24016.0,2.0546875
1548.5984514,2.458647242455775,0.5876490221916457,24025.0,2.0703125
1548.7984511999998,,4.005316530899766,23629.0,2.062992125984252
1548.998451,,2.5433341484551972,23949.0,2.0625
1549.1984507999998,,382.5000472372406,47637.0,3.2114285714285713
1549.3984506,2.19926331298674,2.0462734201524153,47510.0,3.235632183908046
1549.5984503999998,,381.2315534491768,23870.0,2.0546875
1549.7984502,,4.833217128066816,23788.0,2.078740157480315
1549.9984499999998,,4.889648139421401,23909.0,2.0625
1550.1984498,2.3910717271359303,0.20794167925076507,23924.0,2.0625
1550.3984495999998,2.4098264442022304,1.1797616890067548,23854.0,2.0546875
1550.5984494,6.1881653874721465,8.197529152977156,24234.0,1.9921875
1550.7984491999998,,370.756272271631,48677.0,3.110497237569061
1550.998449,3.3550020584602716,3.9807604116763597,48580.0,3.1277777777777778
1551.1984487999998,5.297059127025075,9.149657422474954,48455.0,3.037837837837838
1551.3984486,,378.4860929451544,24338.0,1.9407407407407407
1551.5984483999998,,383.74782196052143,47779.0,3.087912087912088
1551.7984482,2.402376626360086,4.114785780206915,47883.0,3.087912087912088
1551.9984479999998,2.2767484315000943,1.8254392082013957,47657.0,3.1049723756906076
1552.1984478,2.2477331878095876,0.8138121571690142,47644.0,3.1049723756906076
1552.3984475999998,2.2050640890943476,0.3729309383309742,47590.0,3.1277777777777778
1552.5984474,2.1820130279470478,1.7176378322782568,47590.0,3.1222222222222222
1552.7984471999998,2.1869416821169727,4.336636149978423,47464.0,3.1277777777777778
1552.998447,2.196853544501074,0.931906958441331,47482.0,3.1333333333333333
1553.1984467999998,2.2294105263157893,3.037997172613226,47500.0,3.1222222222222222
1553.3984466,,390.23983301446515,23784.0,2.0
1553.5984463999998,2.3418191014077383,0.4491112819328067,23726.0,1.9924242424242424
1553.7984462,,389.69499945670924,47305.0,3.1396648044692737
1553.9984459999998,2.27483156983252,1.2119599506029488,47349.0,3.1452513966480447
1554.1984458,2.2134254563894524,1.4746334144061992,47328.0,3.1396648044692737
1554.3984455999998,2.326177446278023,0.8455500214090845,47327.0,3.1396648044692737
1554.5984454,,390.1899290418745,23908.0,1.8702290076335877
1554.7984451999998,,415.2147377704151,53118.0,3.175141242937853
1554.998445,4.672569496060651,13.185824063980881,53816.0,3.2485549132947975
1555.1984447999998,2.4031794067100054,4.062222364313625,53532.0,3.280701754385965
1555.3984446,2.2280701754385963,3.60117917236941,53409.0,3.2865497076023393
1555.5984443999998,2.405017651919177,2.4648827576273353,53252.0,3.2923976608187133
1555.7984442,2.2025957462770545,1.910134073356092,53318.0,3.2923976608187133
1555.9984439999998,2.346346045463085,1.524634143744452,53230.0,3.2865497076023393
1556.1984438,2.1757929945880936,0.521853077578152,53216.0,3.2865497076023393
1556.3984435999998,,281.3851986383025,29437.0,2.5447154471544717
1556.5984434,,281.5695088324207,53096.0,3.2514619883040936
1556.7984431999998,2.129368922926756,2.838364992458696,53274.0,3.2923976608187133
1556.998443,2.154579002861877,1.7824894292816178,53112.0,3.280701754385965
1557.1984427999998,2.1368721911961037,0.42818182837233204,53181.0,3.2865497076023393
1557.3984426,2.29345453176754,0.6871121825614125,53136.0,3.280701754385965
1557.5984423999998,2.251008953879076,1.0101808474550102,53273.0,3.2865497076023393
1557.7984422,2.1400154173012202,1.5129849942705147,53187.0,3.2865497076023393
1557.9984419999998,2.1498711412931018,1.2942635397038256,53159.0,3.2923976608187133
1558.1984418,2.2370022801364313,1.6198190914964468,53067.0,3.280701754385965
1558.3984415999998,2.1616725918401896,3.694520092995411,53163.0,3.257309941520468
1558.5984414,2.158480126467931,1.7832207832229223,53136.0,3.2865497076023393
1558.7984411999998,2.1809475331334953,0.5619474162869245,53043.0,3.280701754385965
1558.998441,,359.8373624472458,26806.0,1.9848484848484849
1559.1984407999998,,32.71601007245773,26655.0,1.9481481481481482
1559.3984406,,7.035142253135169,25363.0,2.0381679389312977
1559.5984403999998,3.4735543439328214,3.730422851199371,25127.0,2.0381679389312977
1559.7984402,3.1002329130190347,3.1422205780513948,24902.0,2.030534351145038
1559.9984399999998,2.72904803913706,1.369641343480036,24938.0,2.0538461538461537
1560.1984398,,4.10604265668935,25048.0,2.045801526717557
1560.3984395999998,2.5956514813634914,3.1260824957633444,25112.0,2.053435114503817
1560.5984394,2.4149716838159048,0.7852868572685945,25074.0,2.053435114503817
1560.7984391999998,2.3553857176976356,0.5919220068826002,25122.0,2.068702290076336
1560.998439,,2.880544486717201,24819.0,2.0846153846153848
1561.1984387999998,2.3527894227668495,1.267691597605753,24808.0,2.076923076923077
1561.3984386,,2.82260236723424,25072.0,2.053435114503817
1561.5984383999998,2.3567533139604313,0.7486092442696778,25121.0,2.068702290076336
1561.7984382,,360.1341676592267,48319.0,3.162921348314607
1561.9984379999999,,355.61296233550394,25158.0,2.0916030534351147
1562.1984378,,358.951693590984,46722.0,3.1931818181818183
1562.3984375999999,2.4287097815560097,3.258937677512818,46465.0,3.1807909604519775
1562.5984374,,384.27642423348976,23378.0,1.9538461538461538
1562.7984371999999,,384.9774445276556,46355.0,3.175141242937853
1562.998437,,384.866818733713,23235.0,1.9534883720930232
1563.1984367999999,2.5317491067200484,1.7800739010003115,23229.0,1.9461538461538461
1563.3984366,5.943054285476764,17.1274943109513,24058.0,2.0153846153846153
1563.5984363999999,9.045664079429494,11.279431919578206,25381.0,1.8814814814814815
1563.7984362,,381.5872847189895,48369.0,3.1222222222222222
1563.9984359999999,,369.8056612644367,25066.0,1.9318181818181819
1564.1984358,2.6262412761714855,1.9293692672391147,25075.0,1.9541984732824427
1564.3984355999999,8.863729310544388,39.12714802614074,25919.0,1.9328358208955223
1564.5984354,3.4602144792581004,8.533012057468401,26203.0,2.0150375939849625
1564.7984351999999,,5.385483955307782,26741.0,2.082089552238806
1564.998435,14.74004707130308,57.841235740751046,30167.0,1.825503355704698
1565.1984347999999,,327.01513969829625,53250.0,2.8969072164948453
1565.3984346,,329.6541229379319,28703.0,1.8013698630136987
1565.5984343999999,,323.75880497894366,51743.0,2.921875
1565.7984342,,331.95062034334103,28124.0,1.8819444444444444
1565.9984339999999,,126.66682467310412,26464.0,1.6598639455782314
1566.1984338,12.91345060277504,73.24799206207535,26378.0,1.1757575757575758
1566.3984335999999,,382.68515765358353,42432.0,2.5520833333333335
1566.5984334,4.1780488944982,25.704270509352828,42786.0,2.931937172774869
1566.7984331999999,,389.8844823375698,20637.0,1.3237410071942446
1566.998433,7.880095108695652,38.79298432305002,20608.0,1.5769230769230769
1567.1984327999999,,67.90161222596785,23927.0,1.7153284671532847
1567.3984326,5.9085529609904865,23.38083413726944,21969.0,1.8225806451612903
1567.5984323999999,8.513666306164586,69.01274522361238,20342.0,2.0086206896551726
1567.7984322,15.150100284528197,87.63921949416259,21439.0,1.744186046511628
1567.9984319999999,,288.89154926286,40766.0,3.2865497076023393
1568.1984318,,189.26126513429224,20004.0,3.040650406504065
1568.3984315999999,,205.72435497049483,39857.0,3.3254437869822486
1568.5984314,,259.66403179067623,19196.0,2.0
1568.7984311999999,,266.40692375906883,40155.0,3.357142857142857
1568.998431,2.947407758040808,4.169631003818338,40139.0,3.37125748502994
1569.1984307999999,2.3194111776447106,3.085149626877949,40080.0,3.3652694610778444
1569.3984306,,204.093559684808,20182.0,3.1
1569.5984303999999,,201.9318590677088,40191.0,3.3652694610778444
1569.7984302,,204.02524831153002,20164.0,3.1
1569.9984299999999,,205.70220399715927,40142.0,3.37125748502994
1570.1984298,,258.9461033442821,18766.0,1.85
1570.3984295999999,2.3487868055188454,4.6624213805338774,18917.0,2.0166666666666666
1570.5984294,,254.22019982974905,40059.0,3.3652694610778444
1570.7984291999999,2.3457799491500073,2.2000850946939527,40118.0,3.3652694610778444
1570.998429,2.4041466346153846,1.5097581821416197,39936.0,3.355421686746988
1571.1984287999999,2.4229527076083417,0.7120844733330516,39943.0,3.3855421686746987
1571.3984286,2.320760847830434,0.8377084047394584,40008.0,3.391566265060241
1571.5984283999999,2.2294640183651064,4.908810472625305,40076.0,3.391566265060241
1571.7984282,2.2032556974705737,2.4359133798387957,39930.0,3.3855421686746987
1571.9984279999999,,258.6407924899433,18806.0,1.8739495798319328
1572.1984278,,257.8629585932919,40024.0,3.3855421686746987
1572.3984275999999,2.2807035075447186,3.3560851523279585,40028.0,3.391566265060241
1572.5984274,2.334835398673176,1.900922638251563,39945.0,3.3855421686746987
1572.7984271999999,,203.51035986916244,20081.0,3.1176470588235294
1572.998427,,203.3559944120693,39717.0,3.3855421686746987
1573.1984267999999,2.231597935561457,2.723837999239065,39914.0,3.397590361445783
1573.3984266,,203.62779317499493,20058.0,3.1260504201680672
1573.5984263999999,,202.29617071755115,39815.0,3.3855421686746987
1573.7984262,,262.6294428956109,18394.0,1.8728813559322033
1573.9984259999999,,262.3697082508896,39878.0,3.3855421686746987
1574.1984258,2.2483576550824935,1.6784126260735779,39882.0,3.3855421686746987
1574.3984255999999,,264.32841806455355,18370.0,1.8644067796610169
1574.5984254,2.407676745584778,0.6957065119356581,18289.0,1.8728813559322033
1574.7984251999999,2.28965031936776,6.036608007253448,18474.0,2.0762711864406778
1574.998425,,258.1207332165176,39796.0,3.3855421686746987
1575.1984247999999,2.3061372927691806,1.5369208899411755,39871.0,3.391566265060241
1575.3984246,2.2197241829736996,1.1019331837399975,39809.0,3.3855421686746987
1575.5984243999999,2.2558703643501965,1.3866742047142453,39989.0,3.391566265060241
1575.7984242,2.2112944959429246,1.7059740384067452,39807.0,3.3795180722891565
1575.9984239999999,,205.2000089226124,19921.0,3.1260504201680672
1576.1984238,,204.45923816341087,39851.0,3.391566265060241
1576.3984236,,202.99236248849465,19966.0,3.1176470588235294
1576.5984234,,203.29320519517415,39894.0,3.3795180722891565
1576.7984232,2.200818232016465,0.6252211710172296,39842.0,3.397590361445783
1576.998423,,260.4562085200552,18575.0,1.8571428571428572
1577.1984228,,260.872868302937,39848.0,3.397590361445783
1577.3984226,2.2097130797447364,4.419126149030986,39802.0,3.3855421686746987
1577.5984224,,257.5944451093929,18544.0,1.865546218487395
1577.7984222,2.371575084208939,77.37987925282769,19891.0,3.1260504201680672
1577.998422,2.3088101238672314,73.30273836948462,18649.0,2.0252100840336134
1578.1984218,,257.65539868735493,39783.0,3.4060606060606062
1578.3984216,2.2174360519115397,2.1900421629182882,39837.0,3.3855421686746987
1578.5984214,,204.7099886562913,19950.0,3.1260504201680672
1578.7984212,,205.87199919789614,39854.0,3.418181818181818
1578.998421,2.3466183574879227,0.8847738654094491,39744.0,3.4060606060606062
1579.1984208,2.226496368645129,0.8094640013349417,39930.0,3.412121212121212
1579.3984206,,203.49532614650482,19854.0,3.1440677966101696
1579.5984204,2.422948834392976,1.8283079187971927,19818.0,3.1440677966101696
1579.7984202,2.348091064772842,0.6625762356845265,19854.0,3.152542372881356
1579.99842,,202.23559356355432,39627.0,3.4060606060606062
1580.1984198,2.2843274971153362,0.4793270813564322,39866.0,3.4060606060606062
1580.3984196,2.2692055650771246,2.9457131099896414,39676.0,3.4060606060606062
1580.5984194,,254.93745298882524,18547.0,2.042372881355932
1580.7984192,2.2756500161829756,0.2179199951274059,18538.0,2.042372881355932
1580.998419,2.3240282685512366,74.07028381016062,19810.0,3.1440677966101696
1581.1984188,,204.1588610056706,39697.0,3.4060606060606062
1581.3984186,,268.46989881469005,19071.0,1.8264462809917354
1581.5984184,,251.78070205283424,40438.0,3.3058823529411763
1581.7984182,,249.84148543974453,19283.0,2.0330578512396693
1581.998418,,254.9083271997978,40145.0,3.3392857142857144
1582.1984178,2.4306016106110846,0.7445112668641422,40109.0,3.3452380952380953
1582.3984176,,256.93250568062683,19019.0,1.8429752066115703
1582.5984174,5.62130877662311,8.507917728616814,19438.0,1.8278688524590163
1582.7984172,,6.299757097782838,19281.0,2.025
1582.998417,,253.30521925162472,40398.0,3.3452380952380953
1583.1984168,2.268541127142681,1.2045039794091421,40545.0,3.3511904761904763
1583.3984166,2.3057491074726086,0.9556101229504053,40615.0,3.3511904761904763
1583.5984164,2.2513046474990155,1.1367642485392337,40624.0,3.37125748502994
1583.7984162,,253.04167892937969,19396.0,1.8264462809917354
1583.998416,,251.76671239115197,40419.0,3.3392857142857144
1584.1984158,,250.3336246976657,19399.0,1.8760330578512396
1584.3984156,,252.13934162142564,40338.0,3.3652694610778444
1584.5984154,2.234395061728395,0.8492803020814227,40500.0,3.3511904761904763
1584.7984152,,266.7599103814052,20200.0,1.7258064516129032
1584.998415,6.9725658179717955,74.29909970639204,20777.0,3.0826446280991737
1585.1984148,2.938724856507575,71.21158693582844,19339.0,1.8181818181818181
1585.3984146,,254.37368392730315,40395.0,3.3452380952380953
1585.5984144,2.21796774512714,0.2211245310138893,40428.0,3.3452380952380953
1585.7984142,,254.15964306620035,19389.0,1.8429752066115703
1585.998414,,246.99640666928664,40609.0,3.276470588235294
1586.1984138,3.1733612617052733,4.637263031649155,40580.0,3.3254437869822486
1586.3984136,,255.59832090804005,19458.0,1.8524590163934427
1586.5984134,2.4575049581579838,71.48493104536304,20673.0,3.057377049180328
1586.7984132,2.4681136258184257,70.57114008498503,19397.0,1.819672131147541
1586.998413,,256.05160306141187,40530.0,3.3452380952380953
1587.1984128,,257.89322222331333,19292.0,1.8016528925619835
1587.3984126,,70.54912885921023,20761.0,3.0826446280991737
1587.5984124,,206.43602366869018,40531.0,3.3392857142857144
1587.7984122,,257.0772064589668,19439.0,1.8016528925619835
1587.998412,,256.2149491070929,40551.0,3.3452380952380953
1588.1984118,,255.7876413275146,19383.0,1.8016528925619835
1588.3984116,2.2948513936656227,3.4579934333106674,19481.0,2.0082644628099175
1588.5984114,,251.49967349344524,40450.0,3.3452380952380953
1588.7984112,2.241668309998028,2.0309915691215017,40568.0,3.3511904761904763
1588.998411,,272.4937199224606,19954.0,1.704
1589.1984108,,267.881044852443,40224.0,3.331360946745562
1589.3984106,2.5221309237147183,2.1922373024966477,40283.0,3.3511904761904763
1589.5984104,2.2566163156980927,0.8584736078926445,40317.0,3.3452380952380953
1589.7984101999998,2.2614730244011643,0.9428503785824913,40203.0,3.3511904761904763
1589.99841,,257.5921603739347,19298.0,1.8114754098360655
1590.1984097999998,2.4162949901462505,0.7190460735249167,19282.0,1.8016528925619835
1590.3984096,,259.5393886704482,40350.0,3.3452380952380953
1590.5984093999998,2.2173157594261177,0.47141705632586484,40287.0,3.3452380952380953
1590.7984092,2.3167095242804865,2.8852355786064283,40444.0,3.3452380952380953
1590.9984089999998,,259.77283128032167,19277.0,1.7933884297520661
1591.1984088,5.691056485355649,2.600336554239905,19120.0,1.8264462809917354
1591.3984085999998,2.693033684430076,2.272447389868648,19178.0,1.8264462809917354
1591.5984084,2.400184753014391,72.14504980020935,20568.0,3.0826446280991737
1591.7984081999998,2.4267635831198033,72.40584705960245,19123.0,1.834710743801653
1591.998408,2.3888975925635805,0.3179816043882529,19149.0,1.8099173553719008
1592.1984077999998,2.3882953775600604,0.8963126925322952,19189.0,1.834710743801653
1592.3984076,,256.63591447855407,40192.0,3.3511904761904763
1592.5984073999998,2.215816390170887,1.2491382414869863,40085.0,3.3652694610778444
1592.7984072,,257.58752240537524,19173.0,1.8264462809917354
1592.9984069999998,2.3244078809473905,1.6519502724028874,19084.0,1.7933884297520661
1593.1984068,,259.2547389512785,40243.0,3.3452380952380953
1593.3984065999998,,261.3522570709954,18880.0,1.8166666666666667
1593.5984064,,259.48995468295203,40151.0,3.3392857142857144
1593.7984061999998,,256.55853740405473,19092.0,1.8429752066115703
1593.998406,,258.2811575876223,40042.0,3.3652694610778444
1594.1984057999998,,258.0869423586802,19081.0,1.825
1594.3984056,,258.64732407787255,40098.0,3.37125748502994
1594.5984053999998,,256.72240805273594,19105.0,1.9833333333333334
1594.7984052,2.2713528269200483,1.5698039919030666,19049.0,1.8583333333333334
1594.9984049999998,2.2836767867442713,0.3401262095687791,19071.0,1.8583333333333334
1595.1984048,,257.88228346333483,40160.0,3.3652694610778444
1595.3984045999998,,256.82498181324314,19142.0,1.875
1595.5984044,,257.00012631586765,40033.0,3.3652694610778444
1595.7984041999998,2.21991277258567,0.1108450617048311,40125.0,3.37125748502994
1595.998404,2.2241112828438947,2.413882843520492,40114.0,3.3652694610778444
1596.1984037999998,2.215325,1.3595387280593139,40000.0,3.3652694610778444
1596.3984036,3.5112660276360015,1.0145246149035285,40165.0,3.3652694610778444
1596.5984033999998,4.480070094034603,8.972365659744597,40517.0,3.280701754385965
1596.7984032,,247.14221068509386,19227.0,2.0165289256198347
1596.9984029999998,,255.78880666245396,40152.0,3.3452380952380953
1597.1984028,,254.1063364255964,19146.0,2.0166666666666666
1597.3984025999998,,5.859141790553423,18848.0,1.8403361344537814
1597.5984024,,6.292962680849886,19116.0,2.066666666666667
1597.7984021999998,2.382154527247813,4.980705879526735,18974.0,1.7933884297520661
1597.998402,,258.352716571521,40063.0,3.37125748502994
1598.1984017999998,,253.7029737526595,19103.0,2.0166666666666666
1598.3984016,2.32168383434938,3.669946531735049,19028.0,1.8333333333333333
1598.5984013999998,2.371179497951896,0.9991823529614267,19042.0,1.8666666666666667
1598.7984012,,256.39530061678323,40179.0,3.3652694610778444
1598.9984009999998,2.2680719125847024,0.4879400579588075,39993.0,3.3652694610778444
1599.1984008,,259.95295539414695,18786.0,1.8319327731092436
1599.3984005999998,,2.728942968299547,19011.0,1.825
1599.5984004,2.3170192611304072,0.37850652042038213,19002.0,1.825
1599.7984001999998,2.396808678708726,0.22449907546353198,18989.0,1.8583333333333334
1599.9984,2.431774235693755,4.129563790061626,19135.0,2.0166666666666666
1600.1983997999998,2.3567032642410517,69.50609541030404,20311.0,3.1083333333333334
1600.3983996,,205.58990977727822,40085.0,3.3293413173652695
1600.5983993999998,2.226099772676176,1.4464923174843933,40031.0,3.3652694610778444
1600.7983992,,257.68503086885414,18998.0,1.85
1600.9983989999998,,256.0599900221209,39946.0,3.3652694610778444
1601.1983988,,256.0112679511542,19029.0,1.8416666666666666
1601.3983985999998,2.3502528103676794,74.1731521329521,20371.0,3.1083333333333334
1601.5983984,,203.52463124368506,40044.0,3.3652694610778444
1601.7983981999998,,258.02388959734935,18851.0,1.8487394957983194
1601.998398,,254.71604235388273,40375.0,3.3452380952380953
1602.1983977999998,2.405219643390776,2.104240238772121,40156.0,3.3652694610778444
1602.3983976,,295.6277773648012,21389.0,1.5851851851851853
1602.5983973999998,,220.62661736976887,44636.0,3.0437158469945356
1602.7983972,,281.6690806271821,21791.0,1.6015037593984962
1602.9983969999998,6.781786307436796,5.2009349761277335,21676.0,1.6363636363636365
1603.1983968,,288.9397898316093,43353.0,3.1396648044692737
1603.3983965999998,,285.80091487572895,21486.0,1.6946564885496183
1603.5983964,2.5546594564355973,1.242186787860112,21451.0,1.6946564885496183
1603.7983961999998,2.510113631005705,3.3138597016022415,21209.0,1.6946564885496183
1603.998396,,268.1751456141068,43271.0,3.037837837837838
1604.1983957999998,,283.8765920785254,23962.0,1.5390070921985815
1604.3983956,3.498980653214063,3.603728913120927,24035.0,1.5460992907801419
1604.5983953999998,,280.7227449695506,45257.0,3.037837837837838
1604.7983952,,273.6871493308115,23645.0,1.6014492753623188
1604.9983949999998,3.6231128074639525,3.657042921134216,23580.0,1.562043795620438
1605.1983948,2.777205162059713,1.958221783477957,23479.0,1.562043795620438
1605.3983945999998,,274.5355120064855,44807.0,3.0655737704918034
1605.5983944,,276.836860961025,21452.0,1.6136363636363635
1605.7983941999998,6.4252846742579806,18.25780332483904,21428.0,1.6893939393939394
1605.998394,2.9745449374288966,1.8993910035629409,21096.0,1.6742424242424243
1606.1983937999998,,289.98583957747326,42488.0,3.1396648044692737
1606.3983936,,294.0711372660326,20914.0,1.669172932330827
1606.5983933999998,,295.87200290791895,41249.0,3.1452513966480447
1606.7983932,,315.48969044694473,19236.0,1.4961832061068703
1606.9983929999999,3.1560656441059747,4.851004588821392,18646.0,1.5193798449612403
1607.1983928,,318.77285159853767,39926.0,3.222857142857143
1607.3983925999999,,319.1157941642873,18645.0,1.53125
1607.5983924,2.4690746622167197,1.8711171208696962,18577.0,1.53125
1607.7983921999999,2.5042171280276815,1.8829026884673898,18496.0,1.53125
1607.998392,,1.4729171384793223,18263.0,1.5433070866141732
1608.1983917999999,,2.6044707419387767,18491.0,1.53125
1608.3983916,,3.3204164851939333,18309.0,1.5634920634920635
1608.5983913999999,,4.286751687656737,18375.0,1.5511811023622046
1608.7983912,,323.5325338461369,39742.0,3.2011494252873565
1608.9983909999999,,325.414191580366,18352.0,1.5354330708661417
1609.1983908,2.3976582827406765,1.0172497903564546,18448.0,1.5511811023622046
1609.3983905999999,2.3913751900934175,0.9371477729474422,18412.0,1.5511811023622046
1609.5983904,2.3446027397260276,0.8283932048028179,18250.0,1.5511811023622046
1609.7983901999999,7.7598715383805414,12.430795701291036,18994.0,1.6015625
1609.99839,10.702913108990456,24.012051939544,19910.0,1.7777777777777777
1610.1983897999999,3.2925388082123184,3.348785430390903,19970.0,1.7857142857142858
1610.3983896,,295.27601089251954,41534.0,3.260115606936416
1610.5983893999999,,293.15605973510617,19944.0,1.7857142857142858
1610.7983892,,2.0772019579059884,19690.0,1.8
1610.9983889999999,,295.46165472537564,41448.0,3.2485549132947975
1611.1983888,2.2315764081534195,0.1994966469400764,41455.0,3.2674418604651163
1611.3983885999999,2.2561979480989742,0.6480165248998663,41425.0,3.2790697674418605
1611.5983884,2.2510815187181286,1.3025901315123316,41377.0,3.2674418604651163
1611.7983881999999,,292.20105912336425,19795.0,1.792
1611.998388,,293.52911238223146,41377.0,3.2674418604651163
1612.1983877999999,,291.8026543837329,19800.0,1.8
1612.3983876,2.3386173714864524,0.8796521913114218,19745.0,1.808
1612.5983873999999,2.443544713801306,0.6230609597910856,19759.0,1.8
1612.7983872,,291.4470122366627,41303.0,3.2732558139534884
1612.9983869999999,,291.0875475146848,19692.0,1.8
1613.1983868,,291.7542843065927,41225.0,3.2674418604651163
1613.3983865999999,,294.5218604607863,19500.0,1.8064516129032258
1613.5983864,,295.6770134777889,41337.0,3.2865497076023393
1613.7983861999999,2.2200048496605236,1.557971679633419,41240.0,3.2923976608187133
1613.998386,,290.4348621814497,19740.0,1.8064516129032258
1614.1983857999999,2.3526994114065354,0.631768806550255,19708.0,1.814516129032258
1614.3983856,2.2888516089675157,0.15473193970954266,19671.0,1.8225806451612903
1614.5983853999999,,3.1110291651682753,19517.0,1.814516129032258
1614.7983852,,3.777282555960383,19609.0,1.8225806451612903
1614.9983849999999,2.3170917203265224,1.7974415990362935,19723.0,1.8306451612903225
1615.1983848,2.332722553061536,0.3778189800701602,19647.0,1.814516129032258
1615.3983845999999,2.3649672139480504,0.9227416296762291,19673.0,1.8225806451612903
1615.5983844,2.521639975674032,1.2683444327543862,19732.0,1.8225806451612903
1615.7983841999999,,289.7112070657291,41137.0,3.2982456140350878
1615.998384,2.2270553681093284,2.6312430777048847,41197.0,3.2865497076023393
1616.1983837999999,2.193033838408288,1.735520805043859,41314.0,3.2865497076023393
1616.3983836,,292.9704444670898,19605.0,1.8225806451612903
1616.5983833999999,2.3645092460881934,1.392333350412044,19684.0,1.814516129032258
1616.7983832,2.3899954154143956,1.1989818960399532,19631.0,1.814516129032258
1616.9983829999999,2.3832204166878914,1.024339177533434,19631.0,1.8225806451612903
1617.1983828,,292.0190781125003,41294.0,3.280701754385965
1617.3983825999999,,291.8464281135322,19642.0,1.8225806451612903
1617.5983824,2.3425940060041723,0.47859799995507907,19653.0,1.8225806451612903
1617.7983821999999,,290.21563843555685,41155.0,3.280701754385965
1617.998382,2.186448484848485,0.27133308766535524,41250.0,3.2923976608187133
1618.1983817999999,,289.72341803550336,19649.0,1.8225806451612903
1618.3983816,,290.0213459066831,41365.0,3.2923976608187133
1618.5983813999999,,290.7731982370685,19625.0,1.8225806451612903
1618.7983812,,291.4508074453954,41062.0,3.2923976608187133
1618.9983809999999,2.188117366551506,3.5137861971580913,41102.0,3.2865497076023393
1619.1983808,,289.198300724651,19665.0,1.8306451612903225
1619.3983805999999,2.483930305043176,1.2451860417108866,19571.0,1.8225806451612903
1619.5983804,,2.8727482637951653,19357.0,1.8373983739837398
1619.7983801999999,,2.763474110356707,19555.0,1.8225806451612903
1619.99838,2.4004590665646517,1.2489831010051111,19605.0,1.8225806451612903
1620.1983797999999,,2.746749505048404,19413.0,1.8373983739837398
1620.3983796,,291.76535691837177,41120.0,3.3117647058823527
1620.5983793999999,,288.98707137246066,19620.0,1.8225806451612903
1620.7983792,2.3096912259247935,0.8275499231420389,19626.0,1.8225806451612903
1620.9983789999999,,288.5598927314402,41150.0,3.3058823529411763
1621.1983788,2.2742100145843462,1.1656203861972476,41140.0,3.276470588235294
1621.3983786,,290.11388600207425,19591.0,1.8455284552845528
1621.5983784,2.460635324015248,1.2366102191470691,19675.0,1.8306451612903225
1621.7983782,,290.9840762863292,41274.0,3.3117647058823527
1621.998378,,290.8994966562351,19600.0,1.8373983739837398
1622.1983778,2.3621506033297694,1.0080960958726797,19641.0,1.8225806451612903
1622.3983776,2.3501503337919787,0.5395431842531265,19623.0,1.8225806451612903
1622.5983774,2.334998980216194,0.7858822892126751,19612.0,1.8373983739837398
1622.7983772,,288.4814573996426,41134.0,3.3058823529411763
1622.998377,,288.0898964496371,19721.0,1.8306451612903225
1623.1983768,,290.96458335275884,41097.0,3.3117647058823527
1623.3983766,,288.1864423363042,19477.0,1.8455284552845528
1623.5983764,,288.829571899686,41127.0,3.3058823529411763
1623.7983762,,288.9466652704466,19508.0,1.8373983739837398
1623.998376,2.477994858611825,1.3159884935633297,19450.0,1.8373983739837398
1624.1983758,,287.84100559629894,41053.0,3.3058823529411763
1624.3983756,2.2366153995911615,1.1291394968333675,41092.0,3.3058823529411763
1624.5983754,2.2234167032324117,0.823311691482493,41022.0,3.3117647058823527
1624.7983752,2.210166177908113,1.5261480244169006,40920.0,3.3058823529411763
1624.998375,,287.0394451636271,19451.0,1.8373983739837398
1625.1983748,2.5163972286374134,0.8001606767806629,19485.0,1.8373983739837398
1625.3983746,2.5335701781484916,1.179541356931582,19422.0,1.8373983739837398
1625.5983744,,288.1714377431583,41060.0,3.2705882352941176
1625.7983742,,287.9758170130636,19439.0,1.8373983739837398
1625.998374,,288.1061785203842,40979.0,3.331360946745562
1626.1983738,,287.1090332947657,19429.0,1.8524590163934427
1626.3983736,2.4243532927960425,1.594310199851607,19406.0,1.8373983739837398
1626.5983734,2.487460170623908,0.9629798051323926,19458.0,1.8373983739837398
1626.7983732,,287.37062149363874,40824.0,3.3254437869822486
1626.998373,2.211809449509971,3.453485016535284,41018.0,3.3195266272189348
1627.1983728,2.196065029536689,2.693375582714097,40966.0,3.3254437869822486
1627.3983726,,286.6309091393649,19515.0,1.8455284552845528
1627.5983724,,286.2057076592032,41085.0,3.3058823529411763
1627.7983722,2.222076119512017,0.23449179950551652,41067.0,3.3254437869822486
1627.998372,2.295178955603364,2.152126942355197,40904.0,3.3254437869822486
1628.1983718,,291.55419583342115,19188.0,1.8524590163934427
1628.3983716,,1.9644460744516226,19398.0,1.8524590163934427
1628.5983714,2.502886895556243,2.233020851488734,19398.0,1.860655737704918
1628.7983712,,286.9542847865334,40999.0,3.3254437869822486
1628.998371,,287.0249629485982,19445.0,1.860655737704918
1629.1983708,2.5034824330598977,1.4949520810222832,19383.0,1.860655737704918
1629.3983706,2.310264626834815,0.25950359002535095,19348.0,1.860655737704918
1629.5983704,,3.4096264664263654,19143.0,1.8760330578512396
1629.7983702,,2.714257002774807,19384.0,1.860655737704918
1629.99837,2.3982173218609923,1.4510688051744636,19409.0,1.8688524590163935
1630.1983698,2.37423186160599,1.377037767703043,19365.0,1.860655737704918
1630.3983696,2.346703835630582,0.6310042972479728,19371.0,1.8524590163934427
1630.5983694,,298.16994840629513,40572.0,2.899408284023669
1630.7983692,,301.27151150017147,19160.0,1.8760330578512396
1630.998369,,290.9074772456113,40973.0,3.331360946745562
1631.1983688,,287.45492526074884,19432.0,1.860655737704918
1631.3983686,,286.60968479029776,40899.0,3.331360946745562
1631.5983684,,286.66791280318034,19372.0,1.860655737704918
1631.7983682,,286.840933986774,40949.0,3.3254437869822486
1631.998368,,286.39618319364274,19375.0,1.860655737704918
1632.1983678,2.3265443266994055,0.7068655750117236,19345.0,1.8524590163934427
1632.3983676,,287.9222574544337,40964.0,3.289940828402367
1632.5983674,2.2126829268292685,1.535921738608584,41000.0,3.337278106508876
1632.7983672,,291.9333111702446,18953.0,1.7317073170731707
1632.998367,3.7462111069458577,4.114369580983171,18673.0,1.7642276422764227
1633.1983668,,296.1431147054832,40143.0,3.3058823529411763
1633.3983666,,298.03036441877083,18815.0,1.7723577235772359
1633.5983664,2.5873210198541545,1.8188216132727322,18787.0,1.7967479674796747
1633.7983662,2.3463993192213595,0.11487990707213275,18802.0,1.7967479674796747
1633.9983659999998,2.500132929228479,2.744353099440375,18807.0,1.75
1634.1983658,,296.66196759407467,39963.0,3.3058823529411763
1634.3983655999998,,295.3609730816276,18740.0,1.7804878048780488
1634.5983654,2.565416577881952,1.3826206779515922,18772.0,1.7642276422764227
1634.7983651999998,2.5063128611170553,1.8793401398011287,18692.0,1.7804878048780488
1634.998365,2.6514407684098185,1.0735124655361443,18740.0,1.7642276422764227
1635.1983647999998,2.78097796883396,1.5990592209342183,18610.0,1.7560975609756098
1635.3983646,2.601135633169059,0.7728385965440387,18668.0,1.7560975609756098
1635.5983643999998,2.6352998013849374,1.3412422380717457,18629.0,1.7419354838709677
1635.7983642,2.592610390303807,0.7869926667233933,18729.0,1.7741935483870968
1635.9983639999998,,4.655463895496616,18606.0,1.7886178861788617
1636.1983638,,2.7336394323123896,18776.0,1.7886178861788617
1636.3983635999998,,295.88185980262045,40081.0,3.3176470588235296
1636.5983634,,299.5791642582652,18513.0,1.7868852459016393
1636.7983631999998,2.5372065474908463,1.9227585265384128,18572.0,1.7950819672131149
1636.998363,,3.186806165302109,18842.0,1.7741935483870968
1637.1983627999998,2.3990085434025947,6.376716279630236,18962.0,2.0806451612903225
1637.3983626,2.903424982848699,6.77382529682943,18949.0,1.7741935483870968
1637.5983623999998,,295.22734146928883,40200.0,3.2865497076023393
1637.7983622,,289.1569418699241,19847.0,1.627906976744186
1637.9983619999998,,274.98252142557635,41178.0,3.1222222222222222
1638.1983618,2.842188411433016,3.454194557462315,41144.0,3.1452513966480447
1638.3983615999998,2.326599902296043,3.511202579647392,40940.0,3.157303370786517
1638.5983614,,292.4035915168516,19647.0,1.4580152671755726
1638.7983611999998,,2.391371618829516,19416.0,1.4692307692307693
1638.998361,,4.82597998547653,19561.0,1.4427480916030535
1639.1983607999998,14.967812111525484,11.090001726739878,22524.0,1.5035971223021583
1639.3983606,7.66903600464576,27.09069574589909,21525.0,1.6590909090909092
1639.5983603999998,10.730968534643944,24.52765835993705,18719.0,1.2740740740740741
1639.7983602,23.909464586846543,137.98486249626612,18976.0,1.348148148148148
1639.9983599999998,6.830424339471577,21.74051182892324,18735.0,1.4661654135338347
1640.1983598,5.1962306580285915,18.22886782239426,18677.0,1.5
1640.3983595999998,10.472556970700783,7.994860415533778,17509.0,1.366412213740458
1640.5983594,2.970378403059186,2.1698984928367175,17521.0,1.3511450381679388
1640.7983591999998,2.649373058782929,1.0651824320050127,17386.0,1.3587786259541985
1640.998359,2.570127924397833,2.973507903827356,17354.0,1.366412213740458
1641.1983587999998,,49.08056427434303,17962.0,1.2537313432835822
1641.3983586,,29.712187175016293,17267.0,1.3587786259541985
1641.5983583999998,3.0954100652376515,3.545562812276354,17168.0,1.3435114503816794
1641.7983582,22.166238894373148,96.71246334961477,20260.0,1.5714285714285714
1641.9983579999998,,5.013403893489838,19724.0,1.5909090909090908
1642.1983578,,130.61735968887157,18410.0,1.2318840579710144
1642.3983575999998,18.270387800083398,154.32255598547033,16787.0,1.3858267716535433
1642.5983574,3.5498254904320614,6.023928412509403,16618.0,1.380952380952381
1642.7983571999998,4.135526078866815,5.52962592614698,16661.0,1.3700787401574803
1642.998357,,4.995110089368574,16249.0,1.392
1643.1983567999998,,7.758571186845959,16267.0,1.4
1643.3983566,17.718970070422536,27.959179672152235,18176.0,1.3609022556390977
1643.5983563999998,,182.1800990050671,17614.0,1.2835820895522387
1643.7983562,8.765883119190006,44.138075324727886,16889.0,1.323076923076923
1643.9983559999998,,6.207381126865991,17115.0,1.3206106870229009
1644.1983558,8.476160018606814,4.932211696253266,17198.0,1.3461538461538463
1644.3983555999998,3.8001558005752636,5.55032883334005,16688.0,1.3435114503816794
1644.5983554,3.0313238770685578,2.2630310344959543,16920.0,1.353846153846154
1644.7983551999998,2.7718081005752238,2.8195491405063704,16863.0,1.372093023255814
1644.998355,,1.6654544807290508,16509.0,1.3643410852713178
1645.1983547999998,,4.638105614159709,16605.0,1.3643410852713178
1645.3983546,27.720922570016473,125.35250298981293,21245.0,1.2692307692307692
1645.5983543999998,15.179096426163182,87.09065404633714,22245.0,1.489795918367347
1645.7983542,15.029329138105405,37.74378717739966,26697.0,1.5128205128205128
1645.9983539999998,,20.759654965516393,26783.0,1.7708333333333333
1646.1983538,3.2510799790060156,25.511128858240813,24769.0,1.5763888888888888
1646.3983535999998,,80.71812869268925,22824.0,1.6546762589928057
1646.5983534,,440.2436928658384,47053.0,3.1396648044692737
1646.7983531999998,,308.9867917779288,21950.0,1.983739837398374
1646.998353,,408.6475364101917,46559.0,3.1049723756906076
1647.1983527999998,,235.96626961016094,23766.0,1.9
1647.3983526,4.827601667937049,26.874217465286456,22303.0,2.096774193548387
1647.5983523999998,4.1583371402466875,18.51955424792315,21890.0,1.9516129032258065
1647.7983522,5.71389277614245,47.13294448486441,20723.0,2.234782608695652
1647.9983519999998,,255.67543648440866,42520.0,3.4906832298136647
1648.1983518,2.3012336975678536,1.679812280247563,42555.0,3.4906832298136647
1648.3983515999998,2.2719663315407996,2.7060094576085967,42770.0,3.4691358024691357
1648.5983514,,260.53919817937924,20684.0,2.06140350877193
1648.7983511999998,3.0261302163833075,2.6699402662443688,20704.0,2.3333333333333335
1648.998351,,9.706410875844268,21941.0,2.2857142857142856
1649.1983507999998,3.3289455388180764,5.238660271624997,21575.0,2.2796610169491527
1649.3983506,2.75620979480678,9.47851169935759,21297.0,2.1709401709401708
1649.5983503999998,2.3680203045685277,1.817057281296106,21276.0,2.1794871794871793
1649.7983502,2.4391410352588148,2.039858414102933,21328.0,2.336206896551724
1649.9983499999998,2.2636728905696053,5.34991713864788,21155.0,2.163793103448276
1650.1983498,2.2913108754809044,4.518561436837435,21314.0,2.336206896551724
1650.3983495999998,2.2166800245155813,2.9864426839439573,21211.0,2.1551724137931036
1650.5983494,,3.000437900386211,20982.0,2.1739130434782608
1650.7983491999998,,260.5425974695808,43015.0,3.4478527607361964
1650.998349,2.1343728182452875,0.3905471694861196,42970.0,3.4539877300613497
1651.1983487999998,,257.55688202937813,21206.0,2.0517241379310347
1651.3983486,2.2565442561205273,1.7863158808859312,21240.0,2.189655172413793
1651.5983483999998,2.207094737833891,0.353391753041847,21227.0,2.1810344827586206
1651.7983482,2.204379562043796,1.531211919840264,21235.0,2.3189655172413794
1651.9983479999999,,5.04058683294863,20900.0,2.0695652173913044
1652.1983478,,6.120796510737506,21249.0,2.3275862068965516
1652.3983475999999,,15.19781823488939,21780.0,2.1735537190082646
1652.5983474,,289.2571521652747,42473.0,2.893491124260355
1652.7983471999999,4.5591942432853605,10.474591806433187,43636.0,3.2413793103448274
1652.998347,,244.11879398208083,21544.0,1.9609375
1653.1983467999999,4.380535482675561,9.649181562343344,21588.0,1.848
1653.3983466,2.920940763330561,2.7234449868845414,21642.0,1.846774193548387
1653.5983463999999,,249.31372873405238,42981.0,3.3058823529411763
1653.7983462,,245.02095242629358,21497.0,2.097560975609756
1653.9983459999999,2.644325792702918,4.691281999281504,21351.0,2.032520325203252
1654.1983458,2.2684912280701752,2.3091257918670123,21375.0,2.057377049180328
1654.3983455999999,2.279196824655615,1.6652957537830815,21415.0,2.0737704918032787
1654.5983454,2.2213754733741644,0.9943802100602982,21389.0,2.048780487804878
1654.7983451999999,2.198418639468513,0.5160142329107795,21374.0,2.0569105691056913
1654.998345,,245.87240804844777,42796.0,3.331360946745562
1655.1983447999999,,246.05085180043332,21259.0,2.0491803278688523
1655.3983446,2.2984140430137887,2.0111070110112608,21249.0,1.8852459016393444
1655.5983443999999,2.2466127211140385,1.2980437617450926,21256.0,2.0491803278688523
1655.7983442,2.250694804277168,0.2947809884073472,21229.0,1.9262295081967213
1655.9983439999999,2.262944449684052,1.0014696612889764,21206.0,1.8852459016393444
1656.1983438,,248.6785611052911,42649.0,3.3511904761904763
1656.3983435999999,,244.7078351448991,21250.0,2.090909090909091
1656.5983434,2.4353696534793694,2.755657398701912,21182.0,1.9256198347107438
1656.7983431999999,2.3296553024944595,0.7552385359150089,21207.0,1.9173553719008265
1656.998343,2.5172478616411316,2.810577533649384,21278.0,2.090909090909091
1657.1983427999999,2.2356164383561645,3.2856834801101282,21170.0,1.9421487603305785
1657.3983426,2.2338713494580396,1.1843344122547106,21127.0,1.9008264462809918
1657.5983423999999,2.2366833223343074,2.4778988661032932,21214.0,2.041322314049587
1657.7983422,2.215708540335936,2.2816727403696597,21135.0,1.8925619834710743
1657.9983419999999,,248.3075105007762,42627.0,3.3511904761904763
1658.1983418,,248.84854092974027,21128.0,1.9173553719008265
1658.3983415999999,2.2261087707672647,0.6373058115298672,21127.0,1.9090909090909092
1658.5983414,,249.0110582272629,42659.0,3.3452380952380953
1658.7983411999999,,246.60091910006312,21206.0,2.0991735537190084
1658.998341,2.183028129129696,0.35600026724789924,21188.0,2.115702479338843
1659.1983407999999,2.2355823595929136,1.1010136035013438,21224.0,2.041322314049587
1659.3983406,2.2183891795089306,0.3559207713589151,21219.0,2.074380165289256
1659.5983403999999,2.228241395568128,0.1656263618945983,21210.0,2.0578512396694215
1659.7983402,2.2116010374911577,0.6247714930493768,21205.0,2.0991735537190084
1659.9983399999999,2.3164712556732225,0.7108544802025735,21152.0,2.074380165289256
1660.1983398,2.2243309925982158,2.990791154012837,21076.0,1.9008264462809918
1660.3983395999999,3.0871988663202647,3.243759921850187,21170.0,2.049586776859504
1660.5983394,4.0645131303741575,3.501898893264928,21515.0,2.056451612903226
1660.7983391999999,2.7482431149097817,4.557271132996989,21060.0,2.0245901639344264
1660.998339,2.7161271977631394,1.873571229204846,21101.0,2.040983606557377
1661.1983387999999,2.333092452915406,55.02675971638985,22141.0,3.1147540983606556
1661.3983386,2.272764081338852,2.484127481670477,22228.0,3.1147540983606556
1661.5983383999999,2.2467089686523347,58.27026145170266,21118.0,2.057377049180328
1661.7983382,2.28366273283094,0.14308220952944428,21099.0,2.040983606557377
1661.9983379999999,2.23691446994121,1.2488594432325675,21092.0,2.0491803278688523
1662.1983378,2.32319969599088,0.83084764996985,21052.0,2.0327868852459017
1662.3983375999999,2.276942058558345,1.0167481930403208,21073.0,2.0327868852459017
1662.5983374,,246.48521804452372,42477.0,3.3195266272189348
1662.7983371999999,,245.80420756153714,21066.0,2.0327868852459017
1662.998337,,245.05773573650714,42374.0,3.357142857142857
1663.1983367999999,2.1281501214078595,0.5241437428046335,42419.0,3.331360946745562
1663.3983366,,244.54482056884896,21025.0,2.0901639344262297
1663.5983363999999,,245.54448977184495,42399.0,3.3452380952380953
1663.7983362,,270.011490176873,22835.0,1.7651515151515151
1663.9983359999999,6.057899317484312,18.150659293163887,21831.0,1.8174603174603174
1664.1983358,,254.18488715668377,42883.0,3.2196531791907512
1664.3983355999999,,248.4814027424887,21574.0,1.824
1664.5983354,2.335566410793208,1.5102257617847255,21495.0,1.864
1664.7983351999999,2.5059493257430825,3.644107580225327,21431.0,1.8306451612903225
1664.998335,,1034.0368913005914,5367.0,6.896551724137931
1665.1983347999999,,1013.0343008556276,20829.0,1.7906976744186047
1665.3983346,3.7585456344298787,13.949027118268196,20215.0,1.7698412698412698
1665.5983343999999,,260.1783010551585,41595.0,3.2674418604651163
1665.7983342,,255.6952095585079,20021.0,1.9758064516129032
1665.9983339999999,2.356209807073955,1.2519796921110078,19904.0,1.814516129032258
1666.1983338,2.4608769561521924,5.491197665184477,20001.0,1.967741935483871
1666.3983336,,256.9024374551871,41321.0,3.2865497076023393
1666.5983334,,259.05603656786553,19829.0,1.8064516129032258
1666.7983332,,259.0785491873672,41267.0,3.2923976608187133
1666.998333,,258.0234477181479,19865.0,1.8064516129032258
1667.1983328,,258.909816832045,41272.0,3.2865497076023393
1667.3983326,,259.6230245963906,19773.0,1.8387096774193548
1667.5983324,2.3590274969672462,0.7497421177120287,19784.0,1.8211382113821137
1667.7983322,2.531855030996662,66.93326893555061,20970.0,3.024193548387097
1667.998332,,208.45239707974724,41098.0,3.3176470588235296
1668.1983318,,208.25325610675307,20991.0,3.040650406504065
1668.3983316,,209.4271671073615,41070.0,3.3058823529411763
1668.5983314,2.2420241221671042,1.025239831720891,41124.0,3.3058823529411763
1668.7983312,,256.56699095624634,20007.0,1.9435483870967742
1668.998331,10.146797928523817,14.837731826039732,19503.0,1.6744186046511629
1669.1983308,,282.2737909922453,40736.0,3.0217391304347827
1669.3983306,6.233544836021711,43.21191509346375,39243.0,3.087912087912088
1669.5983304,5.834104938271605,13.770149455846093,38880.0,3.1864406779661016
1669.7983302,,205.90889397621225,19303.0,2.5
1669.99833,,214.70882353161036,37420.0,3.217142857142857
1670.1983298,3.2069816075929003,4.307097538554001,37298.0,3.2471264367816093
1670.3983296,2.7972951172295115,2.9109111110393178,37192.0,3.2658959537572256
1670.5983294,2.5781770329788376,1.221643687837694,37236.0,3.2485549132947975
1670.7983292,2.420695802495813,2.81909307140251,37022.0,3.254335260115607
1670.998329,,203.37416294356396,17674.0,2.642857142857143
1671.1983288,,204.90569642007057,36878.0,3.2790697674418605
1671.3983286,2.242603229652108,0.6019303302982599,36908.0,3.2674418604651163
1671.5983284,2.3602541820551814,1.5106954924023057,36824.0,3.2848837209302326
1671.7983282,2.337214667643786,1.981317363576661,36843.0,3.2732558139534884
1671.998328,2.268616948968217,1.260159396650368,36781.0,3.2732558139534884
1672.1983278,2.9685030847494316,1.508923510172909,36956.0,3.2732558139534884
1672.3983276,6.096303706823926,13.930261820406011,37984.0,3.2045454545454546
1672.5983274,,197.07098747048394,18606.0,2.6015625
1672.7983272,,205.22957587257542,37466.0,3.235632183908046
1672.998327,2.3598789242472944,1.4709470342880913,37332.0,3.2413793103448274
1673.1983268,,202.35748585225528,18040.0,2.622047244094488
1673.3983266,,174.1312442205211,39899.0,3.087912087912088
1673.5983264,4.702645774466992,13.849061704153899,38930.0,3.157303370786517
1673.7983262,2.70751502224072,5.389042234815909,38443.0,3.2045454545454546
1673.998326,2.3632385693698414,3.1416997166066873,38165.0,3.1931818181818183
1674.1983258,,202.4623440791099,18664.0,2.5968992248062017
1674.3983256,,203.403495731128,38013.0,3.1988636363636362
1674.5983254,2.306291608557219,1.1170138223472863,38003.0,3.1931818181818183
1674.7983252,,204.8120108114466,18559.0,2.604651162790698
1674.998325,2.643923356673723,2.8686616584279734,18423.0,2.604651162790698
1675.1983248,,197.1430875597562,38109.0,3.1988636363636362
1675.3983246,,191.47477885505558,18011.0,2.645669291338583
1675.5983244,3.6524091293322063,5.617865291849611,17745.0,2.6377952755905514
1675.7983242,,203.44524533316977,37197.0,3.2485549132947975
1675.998324,2.271698011240813,1.5124891505977334,37008.0,3.260115606936416
1676.1983238,,203.42669345928016,17632.0,2.6587301587301586
1676.3983236,,204.45364655983784,36911.0,3.260115606936416
1676.5983234,2.2782653309210703,1.0763745743028645,37033.0,3.2658959537572256
1676.7983232,,284.8138618946608,20418.0,1.4149659863945578
1676.998323,,270.1734567296923,40068.0,3.07103825136612
1677.1983228,,256.23773876602377,21361.0,1.6642335766423357
1677.3983226,,46.15046591465764,22503.0,1.683453237410072
1677.5983224,,80.33384970598968,23720.0,1.9037037037037037
1677.7983222,8.757669854676438,65.68320313833864,24153.0,2.0387596899224807
1677.998322,,1077.064186872151,5497.0,7.0
1678.1983217999998,,1253.365113022963,25906.0,2.0
1678.3983216,9.531393568147013,43.11256070432807,24161.0,1.4652777777777777
1678.5983213999998,4.054089642947582,72.35743988175402,19745.0,1.362962962962963
1678.7983212,17.279533771059196,59.750317495647806,19647.0,1.818840579710145
1678.9983209999998,14.681338028169014,65.7096542741243,18744.0,1.5877862595419847
1679.1983208,,38.01822677588294,20474.0,1.7054263565891472
1679.3983205999998,,59.80426526526046,20044.0,1.9008264462809918
1679.5983204,13.9933314680097,86.0954942544895,21444.0,1.8125
1679.7983201999998,5.360144111686557,17.74297789317084,22205.0,1.934959349593496
1679.99832,5.014323390323754,28.968774103656543,21992.0,2.0
1680.1983197999998,3.9202833530106256,22.606785570725204,21175.0,2.1565217391304348
1680.3983196,2.586826909534764,2.3704637711146845,21301.0,2.1478260869565218
1680.5983193999998,,335.1708567337639,44016.0,3.4691358024691357
1680.7983192,,333.55720875527,21252.0,2.1565217391304348
1680.9983189999998,2.2225156817431495,0.7350319037098341,21203.0,2.1565217391304348
1681.1983188,2.181981047569657,0.39221459641332124,21211.0,2.1565217391304348
1681.3983185999998,,334.3298206538805,44151.0,3.4691358024691357
1681.5983184,2.114467372612906,2.383391487285692,44196.0,3.4691358024691357
1681.7983181999998,,334.18491676384434,21250.0,2.1652173913043478
1681.998318,,330.9531012278443,43977.0,3.4753086419753085
1682.1983177999998,2.08559333544619,4.236140210769658,44174.0,3.4753086419753085
1682.3983176,,333.45514371176284,21228.0,2.1652173913043478
1682.5983173999998,,3.047816311908231,20945.0,2.175438596491228
1682.7983172,,3.511417314344085,21173.0,2.1652173913043478
1682.9983169999998,,334.4495884929932,44150.0,3.4691358024691357
1683.1983168,,334.92269858951187,21157.0,2.1652173913043478
1683.3983165999998,,2.3536930269172056,20900.0,2.2035398230088497
1683.5983164,2.1810786237258935,0.8012135187252124,20897.0,2.1946902654867255
1683.7983161999998,,25.77403159471446,23467.0,1.893939393939394
1683.998316,18.15810788919488,132.4732555475192,24692.0,1.8455882352941178
1684.1983157999998,,300.43416121399747,44866.0,3.2298850574712645
1684.3983156,,285.9308832854537,22730.0,2.0
1684.5983153999998,2.768461299070822,2.4790814148991696,22493.0,2.016
1684.7983152,,289.54946810926475,44718.0,3.2865497076023393
1684.9983149999998,2.4519200749297534,2.0694421155315017,44842.0,3.2923976608187133
1685.1983148,,284.2485473258216,22580.0,2.024193548387097
1685.3983145999998,2.419290199047068,0.4463476364659755,22457.0,2.032520325203252
1685.5983144,2.5182872435325603,1.1215533519926433,22420.0,2.048780487804878
1685.7983141999998,2.288403075822604,0.6607465869445669,22368.0,2.040650406504065
1685.998314,,284.49860108466027,44651.0,3.3117647058823527
1686.1983137999998,2.1595623534665624,3.3585198148485658,44785.0,3.3117647058823527
1686.3983136,,285.27350535826696,22344.0,2.0569105691056913
1686.5983133999998,2.22623259146478,0.23473808424894194,22331.0,2.048780487804878
1686.7983132,2.4888710109949046,2.6277228298213577,22374.0,2.0737704918032787
1686.9983129999998,2.229987520057051,1.0436400822903218,22436.0,2.0655737704918034
1687.1983128,,283.08095126588995,44667.0,3.3452380952380953
1687.3983125999998,,284.87481986645275,22229.0,2.057377049180328
1687.5983124,2.2345545977011496,0.6335027463927085,22272.0,2.0737704918032787
1687.7983121999998,,282.6147116762624,44273.0,3.331360946745562
1687.998312,,283.29580619262737,22235.0,2.081967213114754
1688.1983117999998,2.4079510152627077,0.9944953025982568,22211.0,2.090909090909091
1688.3983116,,2.0537445403303596,21924.0,2.1
1688.5983113999998,,282.212856942638,44075.0,3.3452380952380953
1688.7983112,2.1334870786135793,3.0774528047005196,44229.0,3.3392857142857144
1688.9983109999998,,282.62715149105657,22192.0,2.090909090909091
1689.1983108,2.394956474916988,3.712996728737378,22286.0,2.090909090909091
1689.3983105999998,2.3638907695779734,2.5854390842366533,22155.0,2.0991735537190084
1689.5983104,2.318233193182332,0.9893720901582886,22119.0,2.090909090909091
1689.7983101999998,2.2196092619392185,0.6917590210179049,22112.0,2.0826446280991737
1689.99831,2.2392307692307694,0.3359309139348073,22100.0,2.090909090909091
1690.1983097999998,,283.8664360192629,44185.0,3.3392857142857144
1690.3983096,2.168451138735142,2.2871184214746663,44084.0,3.3154761904761907
1690.5983093999998,2.238060732320373,1.2581730425628963,44161.0,3.3452380952380953
