t,motion,speed,area,elong
0.0,,,24474.0,3.449275362318841
0.19999979999999998,,7.308909628336609,25054.0,3.4676258992805757
0.39999959999999996,,9.362026647143951,24476.0,3.449275362318841
0.5999994,,13.81337406099214,25434.0,3.4571428571428573
0.7999991999999999,,79.20892124933826,21660.0,1.492537313432836
0.999999,2.5917657564506276,6.624579677535095,21277.0,1.481203007518797
1.1999988,,76.3414993422581,24651.0,3.036231884057971
1.3999986,,11.191780716766814,25113.0,3.4820143884892087
1.5999983999999998,2.9812018122565775,9.388512745692127,25162.0,3.5328467153284673
1.7999981999999999,,85.94981917564847,21635.0,1.6124031007751938
1.999998,,73.55458450603028,26610.0,3.4820143884892087
2.1999978,,13.456290116604308,26925.0,3.359154929577465
2.3999976,,24.8021740323915,28169.0,3.370629370629371
2.5999974,8.321065375302663,69.48572882896705,28910.0,3.4326241134751774
2.7999972,5.713860616102526,30.002716739470358,29573.0,3.3943661971830985
2.999997,7.506008796382333,51.36587791083967,32286.0,3.408450704225352
3.1999967999999996,,71.87558689948874,33775.0,3.579710144927536
3.3999965999999997,,1242.3173337402254,12774.0,3.721311475409836
3.5999963999999998,,1322.7114230754735,33433.0,1.5227272727272727
3.7999962,,97.97901838382417,29854.0,1.2797619047619047
3.999996,,97.1965564802586,32712.0,1.2394366197183098
4.1999958,,114.8188553023256,29750.0,1.0364583333333333
4.3999956,,91.84087430679301,32767.0,2.2629107981220655
4.5999954,6.220374081496326,66.06758325748451,29940.0,1.1549295774647887
4.7999952,,30.45870793756076,28891.0,0.8975609756097561
4.999995,,47.29934980277097,31239.0,2.1137440758293837
5.1999948,,92.54878969619168,28009.0,0.9507389162561576
5.399994599999999,,114.5695994322701,33208.0,1.1971830985915493
5.5999944,20.958006050681394,101.89060458331801,36029.0,1.3959390862944163
5.7999941999999995,8.617674065161637,77.13806410469685,31583.0,1.5459770114942528
5.999994,,42.892138648505174,23443.0,1.4822695035460993
6.1999938,,66.3559189556365,27986.0,1.6770186335403727
6.399993599999999,2.850137603202402,16.147505076990605,27979.0,2.1202531645569622
6.5999934,4.422673148735292,10.577593479273188,28386.0,1.7151898734177216
6.799993199999999,3.362883994950203,9.23620684394008,28516.0,1.7261146496815287
6.999993,3.3836935439179827,9.899329812742998,28872.0,1.7261146496815287
7.1999927999999995,3.937017027969637,13.485321931831624,29246.0,1.7261146496815287
7.3999926,3.443986978169284,86.78478362584445,31332.0,3.0961538461538463
7.5999924,4.3294818859882795,102.38850079633939,30032.0,1.7278481012658229
7.799992199999999,2.96366332962551,81.83831074940218,32364.0,3.0632911392405062
7.999992,3.4800688736558265,100.9980225654498,30781.0,1.6981132075471699
8.1999918,2.942343854936199,8.291251665660319,29780.0,1.7371794871794872
8.3999916,3.9804146333475257,14.842013954100244,30533.0,1.7870967741935484
8.5999914,7.89536773046384,24.444828567190747,32619.0,1.8486842105263157
8.7999912,,32.93406068837293,32760.0,1.75
8.999991,,71.70746949257105,29594.0,1.735483870967742
9.1999908,3.6356482945164577,30.171906735553147,28467.0,1.7261146496815287
9.399990599999999,3.0133967156439065,102.27424697190908,30082.0,3.0961538461538463
9.5999904,2.8501664816870145,89.35528964005708,27931.0,1.767741935483871
9.7999902,,60.0471058328405,23905.0,1.510948905109489
9.99999,,136.16520825447154,29510.0,3.1363636363636362
10.199989799999999,,16.557838250339515,28945.0,2.6862745098039214
10.3999896,,67.36477005995042,30740.0,2.7012987012987013
10.5999894,,37.17756056364316,34165.0,2.3372093023255816
10.799989199999999,12.638600669048024,34.18272936626605,35274.0,3.0125
10.999989,14.057637838581053,113.91042640752985,36365.0,2.0121951219512195
11.1999888,9.263828379198147,89.21406498522802,36266.0,3.156862745098039
11.399988599999999,4.976015298350242,30.200830088587683,30853.0,3.331034482758621
11.599988399999999,7.729256859642313,16.25533432010405,33493.0,3.361111111111111
11.7999882,,1090.05061895994,13171.0,4.459016393442623
11.999988,,989.4334228178543,40503.0,2.482051282051282
12.199987799999999,16.66816659690247,153.224715630521,38224.0,1.375586854460094
12.3999876,,11.206576389858453,36790.0,1.0900473933649288
12.5999874,,76.13785489442557,34577.0,1.272300469483568
12.799987199999999,15.204799350027566,108.66748916922069,34463.0,1.3432835820895523
12.999986999999999,16.832432432432434,160.00118405851256,30895.0,1.440217391304348
13.1999868,9.44397783816212,57.67720491712501,28337.0,1.6071428571428572
13.3999866,9.017135904282286,147.35917078192165,29587.0,3.218543046357616
13.599986399999999,8.823787384179115,15.758555250697924,30327.0,3.3469387755102042
13.7999862,11.599373774432285,21.695142693617004,31618.0,3.1483870967741936
13.999986,7.419960552268244,51.71625553272328,25350.0,3.6343283582089554
14.199985799999999,,167.94376928929378,27622.0,1.6111111111111112
14.399985599999999,16.473933469727967,261.6972330448027,26394.0,3.3661971830985915
14.5999854,,29.830498107803688,25855.0,3.4676258992805757
14.7999852,12.196216420734014,18.470946408412104,26430.0,3.361111111111111
14.999984999999999,11.736783279311501,23.07517171757795,26841.0,3.1161290322580646
15.1999848,23.250609912686183,204.30811443490484,31152.0,1.2878048780487805
15.3999846,14.166508623244237,189.74841394231458,33746.0,2.5828877005347595
15.599984399999999,26.396398681207202,258.28147435186594,39430.0,1.272300469483568
15.799984199999999,9.006459914393004,60.45435660275055,38081.0,1.3865979381443299
15.999984,9.557698395947657,127.46937440695905,37904.0,2.92814371257485
16.1999838,11.980654048873982,71.94844707376446,33392.0,1.7843137254901962
16.3999836,7.154490545421434,29.772185379090487,32947.0,1.9523809523809523
16.5999834,,37.15432164013728,33444.0,1.8333333333333333
16.7999832,,1338.1761534073237,11476.0,3.982142857142857
16.999983,,1062.091462601272,33709.0,3.0314465408805034
17.1999828,4.007344766011927,29.393515850349708,29681.0,3.2416107382550337
17.399982599999998,6.027413626089764,21.226189165463538,30970.0,3.150326797385621
17.5999824,4.134227264913186,23.787199140442613,29085.0,3.2266666666666666
17.7999822,,15.905116603662584,27290.0,2.802721088435374
17.999982,,20.05221565556647,29086.0,3.2567567567567566
18.1999818,3.0124546102419654,3.7913555701713717,29467.0,3.205298013245033
18.3999816,3.3361569326794474,9.080653497538846,29159.0,3.2857142857142856
18.5999814,,14.434266320267723,28368.0,2.915492957746479
18.799981199999998,,24.746708468477486,28943.0,3.19205298013245
18.999981,8.890350091374923,134.8745153249066,27907.0,1.7169811320754718
19.1999808,17.57699120357861,102.68472120554932,33309.0,1.3919597989949748
19.3999806,9.00033034190387,117.9934661853884,36326.0,2.386138613861386
19.5999804,4.99234687145383,10.65037908686055,37893.0,2.3125
19.7999802,,74.82926627649817,33164.0,1.2580645161290323
19.99998,,97.01321185129756,32661.0,2.9876543209876543
20.199979799999998,4.618512110726644,54.198460546457035,28900.0,3.331034482758621
20.399979599999998,6.076152165620557,24.869583574886587,28837.0,3.109677419354839
20.5999794,15.349595651597507,125.85288993147927,30172.0,1.3465346534653466
20.7999792,,49.978528257814624,29506.0,0.9121951219512195
20.999979,,46.6478301873551,33213.0,1.244131455399061
21.1999788,,66.10271336513213,30230.0,0.7902439024390244
21.399978599999997,,20.88245116702102,31035.0,0.7582938388625592
21.599978399999998,,17.68756853723912,34636.0,1.2206572769953052
21.799978199999998,,101.03171700351577,29938.0,0.8731707317073171
21.999978,,122.24364474082235,28390.0,0.8301886792452831
22.1999778,,59.74500864317239,27982.0,0.8768472906403941
22.3999776,,154.19759700358347,30187.0,0.9853658536585366
22.5999774,20.711797108743674,106.95753353521613,35763.0,1.1414634146341462
22.799977199999997,,214.5438873843165,42257.0,2.7288135593220337
22.999976999999998,10.102426487262832,54.23233273414713,39687.0,2.9096385542168677
23.199976799999998,5.940493543025188,38.850199926254064,39105.0,3.1180124223602483
23.3999766,,19.423665936694665,39245.0,3.2451612903225806
23.5999764,,1228.5070091815305,12704.0,3.6885245901639343
23.7999762,,1203.0465323780074,39298.0,3.088050314465409
23.999976,,139.1890443397533,35020.0,3.1776315789473686
24.199975799999997,8.060908281389136,40.76124037489033,33690.0,3.0062111801242235
24.399975599999998,4.790348623853211,110.06191604508281,27250.0,1.8299319727891157
24.599975399999998,5.500713214586153,15.630932134343366,27341.0,1.8299319727891157
24.7999752,4.636331064134719,86.81891782054875,30701.0,3.2133333333333334
24.999975,4.2348920055200745,17.09977067334894,31159.0,3.27027027027027
25.1999748,3.6523330940416368,83.56037568237787,27860.0,1.8503401360544218
25.3999746,5.246158373111881,106.56277798688393,30586.0,3.3013698630136985
25.599974399999997,4.542332005700296,82.70256637621914,27367.0,1.8503401360544218
25.799974199999998,5.565952034883721,120.79287909320456,27520.0,3.361111111111111
25.999973999999998,4.56416514134635,86.58872647097687,24585.0,1.8881118881118881
26.1999738,4.231995827279163,114.80982611094275,26841.0,3.3846153846153846
26.3999736,3.6616279948605546,6.971596736933079,26462.0,3.4326241134751774
26.5999734,7.256442109746575,22.557677889393368,28174.0,3.3379310344827586
26.7999732,,89.75069382214356,24358.0,1.5633802816901408
26.999972999999997,,103.01452731521668,27431.0,3.408450704225352
27.199972799999998,16.37988560533842,119.34519209366577,29372.0,1.6848484848484848
27.399972599999998,7.832967383927502,31.888978508987346,25049.0,1.8079470198675496
27.5999724,,130.0002091937675,25903.0,3.3566433566433567
27.7999722,,33.46567310330771,26193.0,3.4571428571428573
27.999972,,102.0416720534875,23259.0,1.408450704225352
28.1999718,,111.5086378887428,27609.0,3.361111111111111
28.399971599999997,17.413735395295504,72.77714156400192,32267.0,3.2635135135135136
28.599971399999998,,26.133414913982303,33220.0,2.9115646258503403
28.799971199999998,,70.86769735148802,38564.0,2.9036144578313254
28.999971,5.179100043215212,25.981383072993758,37024.0,3.0764331210191083
29.1999708,7.312174638327246,44.05732866699112,34769.0,3.2567567567567566
29.3999706,7.427886626130039,46.550181814231614,31083.0,3.2416107382550337
29.5999704,,25.686314080730924,30436.0,3.3402777777777777
29.799970199999997,,7.703582560997656,31239.0,3.317241379310345
29.999969999999998,7.625422629008572,34.71917294422778,29281.0,3.361111111111111
30.199969799999998,6.756521115137598,6.7855807659736715,27871.0,3.3541666666666665
30.3999696,5.855599793555998,11.691467280231972,27126.0,3.4397163120567376
30.5999694,10.406183480475974,35.384653700032985,28657.0,3.0440251572327046
30.7999692,8.25934033317256,37.14903032332693,26953.0,3.261744966442953
30.999969,7.621517441416686,16.371092716291383,26202.0,3.3379310344827586
31.199968799999997,,12.424718143811386,26587.0,3.2364864864864864
31.399968599999998,,13.463290535986385,26759.0,3.2266666666666666
31.599968399999998,,160.93722015034328,27260.0,1.1694915254237288
31.7999682,,135.86581961165456,29015.0,3.0632911392405062
31.999968,6.03111172092066,9.309180268266967,29153.0,3.1161290322580646
32.199967799999996,7.3154663355408385,21.927548889651497,28992.0,3.1842105263157894
32.3999676,5.285490714335396,16.71760424219609,28754.0,3.2416107382550337
32.5999674,8.204350025290845,13.087425571543179,29655.0,3.331034482758621
32.7999672,5.542614718614718,25.806446528612973,28875.0,3.4184397163120566
32.999967,6.925270662793769,24.59585166197988,30296.0,3.317241379310345
33.1999668,5.1838522391606965,9.565060166756222,29453.0,3.315068493150685
33.3999666,,6.462127648952448,29388.0,3.326388888888889
33.5999664,,34.84829313621705,31921.0,3.331034482758621
33.7999662,8.34389573119694,17.841785639906586,33452.0,3.315068493150685
33.999966,10.193240926394095,40.987475687108045,34413.0,3.2266666666666666
34.1999658,6.5704088039922,72.33384988510353,30259.0,3.156862745098039
34.3999656,6.636821705426357,25.31802325864616,28380.0,3.1842105263157894
34.599965399999995,,123.7570539244814,21651.0,1.4028776978417266
34.799965199999995,,87.03126073752536,29968.0,2.9937888198757765
34.999964999999996,8.227022929694902,27.015683523015223,31662.0,2.8579881656804735
35.1999648,6.171212370455667,34.07424327032595,30395.0,3.0062111801242235
35.3999646,4.465627191078762,4.164129110177657,29951.0,2.957055214723926
35.5999644,,100.08372050122317,26666.0,1.3375
35.7999642,,105.47398726369416,31222.0,2.933333333333333
35.999964,,93.73275989809785,26719.0,1.1524390243902438
36.1999638,,42.05611548679218,33417.0,2.4568527918781724
36.3999636,21.37348279860843,143.4026613773929,38805.0,2.2582159624413145
36.5999634,,86.16466269438209,32606.0,1.5174418604651163
36.7999632,,152.36835669062057,31789.0,3.0377358490566038
36.999963,6.489316383798769,45.784685891229294,29578.0,3.150326797385621
37.1999628,3.8446245235724343,9.055968260855352,29123.0,3.198675496688742
37.399962599999995,,90.54709496593111,24691.0,1.4429530201342282
37.599962399999995,,57.94444046222465,20887.0,1.4961832061068703
37.799962199999996,,141.4447928026885,27287.0,3.205298013245033
37.999962,5.278544269418794,11.925767200407757,27615.0,3.1633986928104574
38.1999618,4.3116321009918845,5.840285784567826,27725.0,3.1842105263157894
38.3999616,5.162633387592693,6.88754843771666,27645.0,3.2266666666666666
38.5999614,,18.9079878941759,27368.0,3.1788079470198674
38.7999612,,38.7594067580103,27358.0,3.1842105263157894
38.999961,,128.5088128304037,19579.0,1.4765625
39.1999608,,105.71695524775444,28100.0,3.2119205298013247
39.3999606,13.913092890329914,39.66033331539523,29917.0,2.813953488372093
39.5999604,,40.265544291615846,27629.0,2.8684210526315788
39.7999602,,44.377260233700696,29147.0,3.2348993288590604
39.99996,6.425459758058877,13.809941824051435,28602.0,3.27027027027027
40.199959799999995,,32.727784677986136,28523.0,3.2162162162162162
40.399959599999995,,6.50327896501899,30848.0,3.19205298013245
40.599959399999996,3.635397396656688,19.910995474230525,29731.0,3.248322147651007
40.799959199999996,5.608187134502924,20.122719159031853,31293.0,3.2416107382550337
40.999959,,4.835877927327044,31355.0,3.3055555555555554
41.1999588,9.416045793203708,35.4845017384603,33018.0,3.2739726027397262
41.3999586,,1167.8224776418201,13195.0,3.5714285714285716
41.5999584,,5.983696302263208,13468.0,3.875
41.7999582,4.427197395679195,2.7078060508884545,13516.0,3.515625
41.999958,,1146.177719162034,33447.0,3.26027397260274
42.1999578,,20.91039537542176,33118.0,3.1363636363636362
42.3999576,4.395118797478584,11.669557562015598,30935.0,3.109677419354839
42.5999574,5.7439201566546645,19.51627080864792,31662.0,3.0125
42.799957199999994,,109.08118871035042,28356.0,1.6729559748427674
42.999956999999995,,89.8208240105768,30607.0,3.082802547770701
43.199956799999995,4.329308093994778,15.029425842203606,30640.0,3.1025641025641026
43.399956599999996,7.025210602647576,24.683535957267903,32407.0,3.0062111801242235
43.599956399999996,3.602171706296718,5.636720879336355,32509.0,3.0125
43.7999562,,117.7217000597391,24629.0,1.673913043478261
43.999956,,125.04481625236717,32414.0,3.0314465408805034
44.1999558,8.37576949384405,28.945197875458508,35088.0,2.8520710059171597
44.3999556,3.8422498596791823,16.81941289638387,33851.0,2.9876543209876543
44.5999554,,8.77322249993664,33077.0,2.9751552795031055
44.7999552,7.353992372047244,91.75918306316271,32512.0,1.646341463414634
44.999955,,51.398518973172365,35891.0,2.9390243902439024
45.1999548,3.9934249513220643,16.502812986171982,35437.0,2.8862275449101795
45.3999546,5.720361233734383,32.65701717992681,34659.0,3.0
45.599954399999994,3.453766389579227,8.389711133263225,35007.0,2.9390243902439024
45.799954199999995,,15.517201607977459,35259.0,2.920245398773006
45.999953999999995,,3.509365661906748,35493.0,2.96319018404908
46.199953799999996,3.6310919699916644,11.241722244059552,35990.0,2.9272727272727272
46.399953599999996,3.4375539568345324,17.96222297974095,34750.0,2.96319018404908
46.5999534,3.3690741419667787,10.589595984828524,35459.0,2.9693251533742333
46.7999532,5.141112845673506,24.84017972242028,35872.0,2.8802395209580838
46.999953,3.971632765255635,8.965733734752607,36380.0,2.869047619047619
47.1999528,4.239940510617203,20.145756087923818,36309.0,2.8304093567251463
47.3999526,5.779639210533519,29.119306198700006,36531.0,2.6685082872928176
47.5999524,5.58745373183802,31.224578032109825,36202.0,2.596774193548387
47.7999522,6.034830223827938,23.962595974870062,35429.0,2.4948453608247423
47.999952,7.004889497359671,40.07922033723463,35791.0,2.3793103448275863
48.1999518,6.66990594720541,39.02185366613276,35193.0,2.5208333333333335
48.399951599999994,4.615332216955695,10.159371862012085,35233.0,2.5691489361702127
48.599951399999995,4.330304848432902,9.343977065476844,35001.0,2.5828877005347595
48.799951199999995,4.4986227476185014,14.46249844665624,34852.0,2.5691489361702127
48.999950999999996,3.200332979303614,6.985379401379745,34837.0,2.625
49.199950799999996,4.189167707505393,12.958041246627618,35228.0,2.476923076923077
49.3999506,4.923965407162343,21.1273321612018,34458.0,2.6777777777777776
49.5999504,3.9621764155490657,13.293659686156994,35269.0,2.630434782608696
49.7999502,4.252727015157954,3.6585011503327722,35295.0,2.5828877005347595
49.99995,4.652758552501483,2.6334302047292097,35399.0,2.630434782608696
50.1999498,5.336914899697091,10.343298502975482,34994.0,2.619565217391304
50.3999496,,80.8671415081786,33366.0,1.3697916666666667
50.5999494,,88.81184936294304,35640.0,2.6629834254143647
50.7999492,5.873465638656164,20.53768430386911,35927.0,2.7039106145251397
50.999949,,108.8238081028412,32567.0,1.2659574468085106
51.199948799999994,,100.13653446088145,35640.0,2.702247191011236
51.399948599999995,4.607040229885057,20.90417579638521,36192.0,2.6538461538461537
51.599948399999995,5.788313573012787,8.300631240294049,36521.0,2.6054054054054054
51.799948199999996,8.69620872166609,46.72676762543691,34764.0,1.5706214689265536
51.999947999999996,6.235600938319305,71.98334705290196,36235.0,2.781609195402299
52.1999478,4.431566238612666,11.83210270314303,36444.0,2.7542857142857144
52.3999476,,1243.949812850294,6453.0,6.53125
52.5999474,,1308.2519857871869,33656.0,1.4887640449438202
52.7999472,,109.552822740906,35962.0,2.818713450292398
52.999947,6.772914175731241,68.6083136979391,34291.0,1.5689655172413792
53.1999468,6.10136409611547,103.79652111363953,36581.0,2.880952380952381
53.3999466,,99.54950288147447,33286.0,1.388235294117647
53.5999464,,81.78009111392818,36120.0,2.560846560846561
53.7999462,9.817205182876824,52.78038424435362,36582.0,2.2582159624413145
53.999945999999994,9.130155391985046,91.73463060591246,34236.0,1.267605633802817
54.199945799999995,6.917312743267618,14.42036386034982,31601.0,1.267605633802817
54.399945599999995,5.442729891718269,32.750942048086095,30199.0,0.9014084507042254
54.599945399999996,10.20726738360831,64.96781604205592,29942.0,0.8826291079812206
54.799945199999996,8.840460140188483,46.441657785291966,29817.0,1.3098591549295775
54.999945,3.3813789632611977,17.725472862390255,29805.0,1.3192488262910798
55.1999448,,118.4642094830778,30549.0,1.009433962264151
55.3999446,,98.43269155235902,36830.0,1.3849765258215962
55.5999444,6.942934287967963,37.8634023656905,32962.0,1.3098591549295775
55.7999442,,117.77367736888664,30329.0,0.9278846153846154
55.999944,,86.1341775724938,31886.0,1.0424528301886793
56.1999438,15.186547689199427,140.43771016315276,35637.0,2.2452830188679247
56.3999436,13.802039572844178,112.69332017883109,31183.0,2.8224852071005917
56.599943399999994,,29.967420195855052,29022.0,3.070063694267516
56.799943199999994,7.956144248846351,11.574651006728539,29255.0,3.1025641025641026
56.999942999999995,5.052824676427625,29.107034366887724,29437.0,3.082802547770701
57.199942799999995,,90.7142149912635,25656.0,1.9791666666666667
57.399942599999996,,94.38779326455656,31776.0,3.198675496688742
57.599942399999996,8.899278794069398,45.91809323780931,32307.0,3.142857142857143
57.7999422,,15.829894152636996,30351.0,3.090909090909091
57.999942,,13.261658331771404,30757.0,3.156862745098039
58.1999418,,17.4656073033982,31226.0,3.051282051282051
58.3999416,3.5297382266136275,12.60605492256896,31172.0,3.031847133757962
58.5999414,,7.589882851235795,33764.0,2.9753086419753085
58.7999412,11.374103801879517,80.0769055944885,35009.0,2.9358974358974357
58.999941,,173.57452706856327,31241.0,1.7254901960784315
59.1999408,,82.86539415315906,32219.0,3.1788079470198674
59.399940599999994,3.286929232700455,15.278727783038757,31865.0,3.1933333333333334
59.599940399999994,3.009296957650755,10.7535236351666,31193.0,3.2653061224489797
59.799940199999995,5.549510197526899,42.85911451936207,31135.0,3.1066666666666665
59.999939999999995,2.9840664812334743,115.06875225714592,29121.0,1.7986577181208054
60.199939799999996,3.57145602459804,81.14033898678407,31222.0,3.2432432432432434
60.399939599999996,2.3916666666666666,0.7323595213863366,30960.0,3.2432432432432434
60.5999394,5.180960336612833,22.36082791232146,32322.0,3.2094594594594597
60.7999392,5.5680690464018285,38.34181014905707,33253.0,3.2945205479452055
60.999939,,59.3139049497504,35168.0,3.3055555555555554
61.1999388,,32.29976793058408,36948.0,3.2133333333333334
61.3999386,,18.900347565177384,35436.0,3.2312925170068025
61.5999384,,5.59154529081211,34998.0,3.272108843537415
61.7999382,2.9573732043389036,8.351501729612487,34110.0,3.331034482758621
61.999938,3.214529173887926,14.670113886467389,34620.0,3.3241379310344827
62.199937799999994,,17.577814540559267,35579.0,3.282758620689655
62.399937599999994,5.364531580043436,80.89050324918907,33613.0,2.1232876712328768
62.599937399999995,,80.80875683953877,36225.0,3.2789115646258504
62.799937199999995,,17.99502734781671,35881.0,3.2448979591836733
62.999936999999996,,6.684224962516057,36277.0,3.2567567567567566
63.199936799999996,3.948458036251181,32.37406703037126,34923.0,3.22
63.3999366,3.1651626691997152,8.906052358063754,33688.0,3.2416107382550337
63.5999364,3.0493696526287146,16.966437834085344,33077.0,3.2266666666666666
63.7999362,2.486523610390403,2.573081362862463,32761.0,3.2348993288590604
63.999936,2.4807421036491872,5.216330322949396,32610.0,3.27027027027027
64.19993579999999,2.374325615809107,3.027512583588799,32437.0,3.2789115646258504
64.39993559999999,2.256405512903524,1.2689973689833924,32433.0,3.2789115646258504
64.59993539999999,2.3727174749807545,1.362369042240413,32475.0,3.292517006802721
64.7999352,3.06698257413635,2.6947126746189216,32710.0,3.27027027027027
64.999935,4.251229721059546,19.817398447545887,32731.0,3.3013698630136985
65.1999348,2.885965449644695,4.755906998686831,32648.0,3.2857142857142856
65.3999346,6.710302415141655,46.637719218331036,33497.0,3.2789115646258504
65.5999344,3.3082048005841016,8.362530184618963,32871.0,3.2567567567567566
65.7999342,10.783004007185298,46.57954767344292,36185.0,3.248322147651007
65.999934,5.626761515782641,18.50482595083311,36971.0,3.2567567567567566
66.1999338,3.8591687307765588,12.71253193431191,36739.0,3.19205298013245
66.3999336,,1169.3701957456944,12463.0,4.237288135593221
66.5999334,,1290.6221435883272,32960.0,1.7006369426751593
66.7999332,,73.86567319784855,30588.0,1.5471698113207548
66.999933,,63.42399109029596,33839.0,2.786127167630058
67.1999328,,116.6871926691446,31622.0,1.2885572139303483
67.3999326,,104.5181256885921,31830.0,2.6629834254143647
67.5999324,,130.30131694782145,31556.0,1.2146341463414634
67.7999322,,64.14477460407228,28724.0,1.4545454545454546
67.999932,,113.63294733119399,30618.0,3.0440251572327046
68.1999318,4.183362998287269,32.404252901662765,29777.0,3.1225806451612903
68.3999316,,148.922956482737,22560.0,1.5648854961832062
68.5999314,,178.32648807637293,29186.0,3.1437908496732025
68.7999312,,153.42142751870952,21939.0,1.5877862595419847
68.99993099999999,,152.94774837732484,28789.0,3.2266666666666666
69.19993079999999,,11.15079497075755,29235.0,3.172185430463576
69.39993059999999,,12.393779160700577,29801.0,3.1578947368421053
69.59993039999999,2.735895804734322,3.2604295763689763,29867.0,3.1710526315789473
69.79993019999999,4.342217660497302,23.469621713769566,30203.0,3.1973684210526314
69.99992999999999,,141.44555382811694,22507.0,1.7651515151515151
70.19992979999999,,162.24996928728515,30108.0,3.1710526315789473
70.3999296,2.5195472907555168,7.681879935496894,29953.0,3.156862745098039
70.5999294,,9.077167843324638,29695.0,3.1372549019607843
70.7999292,7.619706290225083,57.358234519370875,28123.0,1.736842105263158
70.999929,,84.46839735990933,22687.0,1.5454545454545454
71.1999288,,71.3993395560926,26975.0,1.8079470198675496
71.3999286,4.1756046267087275,96.74093841886027,30432.0,3.1233766233766236
71.5999284,5.686179087875417,142.8584700776449,28768.0,1.7628205128205128
71.7999282,3.6751330430575715,12.513456109212614,28938.0,1.7161290322580645
71.999928,3.807553457372952,19.967523235868725,28808.0,1.7922077922077921
72.1999278,2.852800499098849,6.443067851126543,28852.0,1.685897435897436
72.3999276,,56.62205070703598,30951.0,1.4748603351955307
72.5999274,,113.79054761569914,35571.0,1.2085308056872037
72.7999272,,20.42750521847686,35849.0,1.2075471698113207
72.999927,4.012146590639107,17.917608861434566,33672.0,1.2122641509433962
73.1999268,,18.57894770994792,32910.0,1.2488262910798122
73.3999266,,7.090059580676918,31771.0,1.2122641509433962
73.5999264,3.301877904785831,8.91524599054806,31844.0,1.1886792452830188
73.7999262,,62.35004350057242,34991.0,1.2206572769953052
73.999926,6.091688977171316,32.87734878228391,34737.0,1.2112676056338028
74.1999258,10.123573408027653,74.22955437016694,33559.0,1.3299492385786802
74.3999256,8.121617613130747,81.81387696797975,30341.0,1.6071428571428572
74.59992539999999,,96.7043877535131,24698.0,1.3958333333333333
74.79992519999999,,169.95530787476926,30663.0,2.957055214723926
74.99992499999999,8.394403073888945,73.94696255914548,29409.0,1.598802395209581
75.19992479999999,3.730523627075351,15.886971666632293,28971.0,1.6625766871165644
75.39992459999999,4.095852750863312,8.398700998399475,29827.0,1.6385542168674698
75.59992439999999,3.8950456123107164,84.17270605105375,32557.0,2.8982035928143715
75.79992419999999,6.381284519488717,131.08529357238717,31685.0,1.5930232558139534
75.999924,4.312395283406569,22.955834319791787,31633.0,1.5930232558139534
76.1999238,3.4362635583616643,15.873532968491626,30885.0,1.5755813953488371
76.3999236,3.2661959134615386,85.95121020512394,33280.0,2.8430232558139537
76.5999234,,92.97173814332463,30813.0,1.5621301775147929
76.7999232,,5.667586522929078,31033.0,1.5930232558139534
76.999923,2.7920209090635986,93.79737029902927,33287.0,2.8255813953488373
77.1999228,3.2129350071508025,95.73003500092908,31465.0,1.583815028901734
77.3999226,3.0200235957265518,10.634409561486518,30514.0,1.543859649122807
77.5999224,3.9383282694421102,13.510012910545134,30938.0,1.5722543352601157
77.7999222,6.675054336180243,21.8455848689692,32667.0,1.4745762711864407
77.999922,3.8728215420638903,29.735725818783372,29895.0,1.5568862275449102
78.1999218,,45.57821985665258,23855.0,1.4647887323943662
78.3999216,,58.917948946960095,28329.0,1.6666666666666667
78.5999214,4.9585149150366545,15.542564655318955,29601.0,1.6441717791411044
78.7999212,6.621757517232194,39.909285064098626,30031.0,1.6134969325153374
78.999921,4.350022459486541,21.941716361728233,28941.0,1.7388535031847134
79.1999208,3.8226793669189814,26.211180155594803,27611.0,1.730263157894737
79.3999206,6.263240145858656,20.97078994742487,28795.0,1.6855345911949686
79.5999204,2.9160308052667068,10.508245795420793,28177.0,1.6987179487179487
79.7999202,3.216462775253408,8.431305407773774,28610.0,1.6603773584905661
79.99992,2.7240393332868402,4.475542349105678,28678.0,1.7215189873417722
80.19991979999999,3.8433845375813895,91.08612549857816,31638.0,2.9876543209876543
80.39991959999999,7.301881265460226,142.70241182388617,30724.0,1.5748502994011977
80.59991939999999,2.699636458913307,7.058940768794223,30533.0,1.6
80.79991919999999,2.48,5.300263422819562,30200.0,1.6134969325153374
80.99991899999999,2.461062711977123,4.0061724767317815,30074.0,1.5975609756097562
81.19991879999999,3.6145308393878497,85.84558102917039,32345.0,3.0185185185185186
81.39991859999999,3.0715603665662097,8.225554470607607,32518.0,2.9575757575757575
81.59991839999999,3.188511114033934,89.83877139300219,30412.0,1.6181818181818182
81.7999182,10.76977069173601,78.00747881982588,31486.0,1.6149068322981366
81.999918,19.390487184040726,163.34658506627798,33786.0,1.744047619047619
82.1999178,7.227857185575026,19.659904585806633,33442.0,1.879746835443038
82.3999176,10.38914453623108,42.339953749661156,36074.0,2.0
82.5999174,8.851162425384857,33.25822356586907,38196.0,1.9371069182389937
82.7999172,9.87271071800208,57.60382385748102,38440.0,3.05625
82.999917,4.639268500141764,18.32643500742408,35270.0,3.0632911392405062
83.1999168,5.596997497914929,22.47412223612125,35970.0,3.0440251572327046
83.3999166,4.7495047263259185,19.459361529181553,35334.0,3.1025641025641026
83.5999164,,31.516606295939784,35858.0,3.050955414012739
83.7999162,,43.97539048111523,34201.0,3.0980392156862746
83.999916,5.0188183681126795,37.14189577124211,34647.0,3.0903225806451613
84.1999158,5.864492877007776,36.567040565104186,35238.0,3.155844155844156
84.3999156,15.331992969107414,43.706693779415644,41531.0,2.9876543209876543
84.5999154,9.484793187347933,53.15646398050835,41100.0,2.0301204819277108
84.7999152,10.27947364394461,85.84316395343573,39213.0,2.048780487804878
84.999915,10.37183082791115,143.81421339465325,35656.0,1.7763975155279503
85.1999148,9.42207171314741,24.567504240521796,37650.0,2.8588235294117648
85.3999146,5.846418478928615,111.69652806119083,32556.0,1.6441717791411044
85.59991439999999,6.018694421988682,46.24602686395436,29688.0,1.7254901960784315
85.79991419999999,6.932966550781382,37.60803286776703,29627.0,1.7179487179487178
85.99991399999999,7.2356469294591985,84.15069314685606,30011.0,3.168831168831169
86.19991379999999,9.586726948716256,39.58701649478132,30302.0,3.128205128205128
86.39991359999999,4.099441302718539,12.83269894139079,29354.0,3.185430463576159
86.59991339999999,4.8549006168608635,22.953956777458743,29180.0,3.198675496688742
86.79991319999999,4.495187240918991,9.368620510094626,28466.0,3.258503401360544
86.99991299999999,9.132036811946518,15.892388573228803,28795.0,3.1879194630872485
87.19991279999999,10.269967939782548,34.862829019508524,28696.0,3.2972972972972974
87.3999126,7.238992810901678,7.662225020494161,27959.0,3.3819444444444446
87.5999124,6.502825652006037,7.990145271282739,28489.0,3.3517241379310345
87.7999122,11.49873284402462,8.929416987072596,30383.0,3.2905405405405403
87.999912,9.751455455203448,12.732735244689916,31777.0,3.189542483660131
88.1999118,4.768552311435523,109.39491921507367,29592.0,1.8666666666666667
88.3999116,4.365792372297949,4.285983984707899,29052.0,1.8523489932885906
88.5999114,4.957497199551928,114.54082949551031,31245.0,3.251655629139073
88.7999112,3.0649438856366635,3.229704965840279,30919.0,3.295302013422819
88.999911,2.9685522280942127,4.6993775008982075,30654.0,3.3175675675675675
89.1999108,4.234329953678209,3.752148295762098,30871.0,3.302013422818792
89.3999106,2.667586162134095,3.657995072801005,30814.0,3.3175675675675675
89.5999104,2.639350586722392,5.75672805553003,31105.0,3.3175675675675675
89.7999102,2.471913012615752,2.398734167187711,30993.0,3.3175675675675675
89.99991,11.829491390159305,72.86812253545811,32579.0,1.8609271523178808
90.1999098,4.409794394929052,45.51147054939197,31079.0,1.8181818181818181
90.3999096,4.171738843411672,22.587108810467566,30296.0,1.8193548387096774
90.5999094,6.1148853815609465,20.932110822179887,29969.0,1.7597402597402598
90.7999092,6.844224833808167,137.5257987583311,33696.0,3.189542483660131
90.999909,3.7531278252500804,3.211218245518961,34289.0,3.2171052631578947
91.19990879999999,5.658413699307617,116.1354484223045,32352.0,1.7197452229299364
91.39990859999999,3.6107513585630144,13.641930217009767,30731.0,1.7973856209150327
91.59990839999999,5.368192784926471,97.68989273879576,34816.0,3.107594936708861
91.79990819999999,4.372624891712388,20.23236054603741,34630.0,3.161290322580645
91.99990799999999,2.930078812898756,9.57174531707836,34639.0,3.175324675324675
92.19990779999999,2.5513973059137776,3.601046226718291,34817.0,3.1548387096774193
92.39990759999999,,10.079282510911025,34920.0,3.183006535947712
92.59990739999999,,12.136317557760666,35709.0,3.175324675324675
92.79990719999999,8.336498867613754,32.98569451656626,38856.0,3.1483870967741936
92.999907,3.625858123569794,66.09049892164184,34960.0,3.1146496815286624
93.1999068,4.34728165114523,93.7130150932451,31784.0,1.7548387096774194
93.3999066,,15.847613142453254,31718.0,1.7532467532467533
93.5999064,,103.05857944014605,34022.0,3.1153846153846154
93.7999062,8.565978700806614,51.40212139440505,34837.0,3.018867924528302
93.999906,,49.03127050650781,33496.0,2.961783439490446
94.1999058,,79.83444924986604,31775.0,1.5987261146496816
94.3999056,5.9114562872080025,19.168286248534677,33091.0,1.7197452229299364
94.5999054,,81.19567780572551,33354.0,1.606060606060606
94.7999052,,104.0819433302332,37229.0,1.3192488262910798
94.999905,9.516217602510334,42.39355335114533,33143.0,1.0985915492957747
95.1999048,,64.69117975698751,31579.0,1.1822916666666667
95.3999046,,58.654329185222224,35660.0,1.3661971830985915
95.5999044,2.9335192933519294,8.880387369390146,34416.0,1.0938967136150235
95.7999042,,99.64361458381363,30038.0,0.9478672985781991
95.999904,,60.879622132143034,29703.0,1.1314553990610328
96.1999038,,38.07828444777235,27943.0,0.9512195121951219
96.3999036,,101.71327979067914,30530.0,1.0093896713615023
96.59990339999999,,28.872714740797704,28717.0,0.9519230769230769
96.79990319999999,,13.25062829976096,29069.0,0.8820754716981132
96.99990299999999,2.7583284528197884,5.264133970567391,29027.0,0.8490566037735849
97.19990279999999,,41.36693339697738,28693.0,0.8544600938967136
97.39990259999999,,56.32969683585374,27289.0,0.7980295566502463
97.59990239999999,,140.39731200603282,30735.0,1.2347417840375587
97.79990219999999,3.3473510480277273,10.19610302560845,30295.0,1.2488262910798122
97.99990199999999,7.754192526079493,42.281126178021616,30292.0,1.2488262910798122
98.19990179999999,,153.23945764030248,30040.0,0.8773584905660378
98.39990159999999,,24.554909207333754,28796.0,0.8926829268292683
98.5999014,,217.44626254490953,32728.0,1.2910798122065728
98.7999012,,311.0008889400678,27166.0,3.165562913907285
98.999901,,7.232443438151062,29341.0,3.08974358974359
99.1999008,7.395453555087515,35.28909078043715,27538.0,3.1776315789473686
99.3999006,4.282977781058537,10.971646680031744,27094.0,3.2416107382550337
99.5999004,8.07606490872211,4.7600113687356265,26622.0,3.24
99.7999002,9.4985010377431,10.451456189293872,26018.0,3.2266666666666666
99.9999,15.34593572778828,93.45063304498798,27508.0,3.3541666666666665
100.1998998,,124.60067674553991,26308.0,1.7837837837837838
100.3998996,,100.87621023034221,23058.0,1.2792207792207793
100.5998994,,54.8953941563548,35168.0,2.2629107981220655
100.7998992,19.55681588593529,150.04457665428336,34647.0,2.2582159624413145
100.999899,,84.22781431863321,29923.0,0.8195121951219512
101.1998988,,189.27075003942508,33622.0,2.2629107981220655
101.3998986,,79.38667060914285,30479.0,0.8585365853658536
101.5998984,,42.796448569433984,31456.0,1.2253521126760563
101.7998982,,39.77022215271311,37160.0,1.2075471698113207
101.999898,,371.22145072553883,33355.0,3.1025641025641026
102.19989779999999,9.895197512380514,37.74354763039196,34732.0,3.1161290322580646
102.39989759999999,8.469315910379187,24.426384313762764,33519.0,3.1363636363636362
102.59989739999999,6.689560616813988,46.786831100371124,30998.0,3.1298701298701297
102.79989719999999,6.418688354386572,15.027222035111047,28895.0,3.1225806451612903
102.99989699999999,8.392421178761326,19.64047497781591,26706.0,3.19205298013245
103.19989679999999,4.887845431452544,27.370392484172445,25982.0,3.3986013986013988
103.39989659999999,4.997651859265533,18.436609140685018,25978.0,3.425531914893617
103.59989639999999,4.029316219000079,21.250341146963333,25242.0,3.5072463768115942
103.79989619999999,7.997288563681611,18.406553471407687,26923.0,3.3379310344827586
103.99989599999999,,133.1357473519893,17709.0,1.6779661016949152
104.1998958,,117.92778900488786,26683.0,3.3379310344827586
104.3998956,8.24987754794469,33.79743192212521,26541.0,3.315068493150685
104.5998954,11.22138592364755,59.54030253272416,27635.0,3.150326797385621
104.7998952,,8.709018079012468,27630.0,3.111111111111111
104.999895,,3.5369078912592116,28288.0,2.8666666666666667
105.1998948,,4.392445949233679,33262.0,3.0961538461538463
105.3998946,10.91036008961259,45.60218044892767,36602.0,3.0377358490566038
105.5998944,7.144640277376481,77.20571741693303,34610.0,3.1161290322580646
105.7998942,3.14806289608992,5.193850120164606,33452.0,3.08974358974359
105.999894,5.660211049037865,116.38924439614576,32220.0,1.7577639751552796
106.1998938,3.4482216734549884,25.7427279381249,31181.0,1.7358490566037736
106.3998936,3.222881895011056,87.39447015101258,33013.0,3.0125
106.5998934,11.421221158373882,56.28192275754216,31855.0,1.569767441860465
106.7998932,3.4787101814695123,38.721804878124544,28159.0,1.7243589743589745
106.999893,2.9175800234623765,80.181534046635,29835.0,3.0764331210191083
107.1998928,,98.92029281066523,27259.0,1.4258064516129032
107.3998926,,75.51371234412807,29745.0,3.1161290322580646
107.5998924,,101.91766035706806,26938.0,1.7218543046357615
107.79989219999999,,96.97329755513377,29851.0,3.1633986928104574
107.99989199999999,,110.14559043196148,26438.0,1.4437086092715232
108.19989179999999,,88.68694065416332,29037.0,3.156862745098039
108.39989159999999,3.588995100558468,18.45407681048761,29187.0,3.1437908496732025
108.59989139999999,3.3445992550696646,17.483027067957735,28996.0,3.109677419354839
108.79989119999999,5.015643424259099,57.21650196509888,25442.0,1.5705128205128205
108.99989099999999,5.9623804001159755,77.45181349866688,27592.0,2.869281045751634
109.19989079999999,5.288037546387252,34.728764318935006,27486.0,3.22
109.39989059999999,2.7912928371819383,8.605163488844427,27196.0,3.22
109.59989039999999,,148.42185274179317,21156.0,1.5307692307692307
109.7998902,,128.2588739170655,28430.0,3.205298013245033
109.99989,2.8171779141104296,11.67427903129089,27710.0,3.2266666666666666
110.1998898,,145.81517520379552,21279.0,1.5153846153846153
110.3998896,,134.6703205898753,28496.0,3.1842105263157894
110.5998894,3.029096477794793,11.896427876600296,28079.0,3.198675496688742
110.7998892,2.371844487839517,2.7303241747886964,28165.0,3.198675496688742
110.999889,,115.52126102587536,25263.0,1.6442953020134228
111.1998888,,7.576228342084604,25993.0,1.8
111.3998886,2.7741521343746656,108.97879622126354,28041.0,3.2266666666666666
111.5998884,2.3513590436886296,2.93069874515531,28108.0,3.205298013245033
111.7998882,2.3015742397137746,1.5545962769824586,27950.0,3.19205298013245
111.999888,2.3473475993526343,3.766582160634424,27805.0,3.2266666666666666
112.1998878,2.1555964229049476,1.8750576227077573,27732.0,3.19205298013245
112.3998876,,103.35077243595136,26443.0,1.6580645161290322
112.5998874,,93.58733046823612,28869.0,3.109677419354839
112.7998872,,128.08036774860736,26819.0,1.7012987012987013
112.999887,,12.605498507927052,27281.0,1.7371794871794872
113.19988679999999,,53.247999721377624,22386.0,1.6015037593984962
113.39988659999999,,54.2261052665335,26685.0,1.7189542483660132
113.59988639999999,,113.53281397679574,29578.0,3.1225806451612903
113.79988619999999,,144.45534503903536,22513.0,1.5820895522388059
113.99988599999999,,49.03782848175031,28114.0,1.7044025157232705
114.19988579999999,5.170302148973986,68.255992313268,30945.0,2.9814814814814814
114.39988559999999,,160.7458699093106,24499.0,1.4861111111111112
114.59988539999999,,143.2821772535851,31084.0,3.0062111801242235
114.79988519999999,3.639661343612335,93.78267550038599,29056.0,1.638036809815951
114.99988499999999,2.6127641678056985,5.661872683690089,28533.0,1.6728395061728396
115.19988479999999,3.5137077628540765,102.02911310717852,30749.0,2.96319018404908
115.3998846,4.237785936176222,76.81633419110497,28328.0,1.6981132075471699
115.5998844,2.8811643711160375,8.754324269855575,27517.0,1.7261146496815287
115.7998842,3.494802189325203,15.742758370308295,27223.0,1.7419354838709677
115.999884,2.6738615603220786,94.91798734994201,29558.0,3.142857142857143
116.1998838,,96.608494157732,26258.0,1.6533333333333333
116.3998836,,99.9904166105929,29071.0,3.150326797385621
116.5998834,2.7360082304526747,17.565726209172247,29160.0,3.1776315789473686
116.7998832,2.4956034897300268,8.265268732532576,29114.0,3.1842105263157894
116.999883,,109.49574721004659,26341.0,1.728476821192053
117.1998828,3.1930982176715963,13.421226075086516,26370.0,1.695364238410596
117.3998826,2.537754524886878,101.40772763908996,28288.0,3.1866666666666665
117.5998824,,18.784220496704688,28471.0,3.198675496688742
117.7998822,,129.917482544,25828.0,1.6466666666666667
117.999882,,12.794162597834118,27168.0,1.7483870967741935
118.1998818,2.9833163569948367,108.83416111283252,28471.0,3.1842105263157894
118.3998816,,117.01848264397393,25502.0,1.74
118.5998814,,112.77345749954596,27871.0,3.2266666666666666
118.79988119999999,2.3417277884163745,3.22085263159512,27677.0,3.248322147651007
118.99988099999999,2.5077594039614755,8.535116946748616,27515.0,3.2416107382550337
119.19988079999999,6.273792844205994,18.74317485927573,29263.0,3.1225806451612903
119.39988059999999,,108.99360111702407,25903.0,1.763157894736842
119.59988039999999,,8.099842460497776,26446.0,1.7419354838709677
119.79988019999999,,9.727648391801717,25540.0,1.7666666666666666
119.99987999999999,,98.39010009941956,28356.0,3.1633986928104574
120.19987979999999,,104.27423465139466,25564.0,1.7218543046357615
120.39987959999999,,110.52869809872759,28205.0,3.1842105263157894
120.59987939999999,3.0645375218150086,6.313008000993028,28650.0,3.156862745098039
120.79987919999999,,125.56068761970334,22130.0,1.553030303030303
120.99987899999999,,135.79837094204856,28994.0,3.1633986928104574
121.1998788,2.6733967156439067,2.479460592964639,28925.0,3.1842105263157894
121.3998786,3.289400083904349,12.418592620589514,28604.0,3.2066666666666666
121.5998784,3.16044994996722,4.153681770848818,28981.0,3.22
121.7998782,2.4234466425188073,3.9910672255292248,28712.0,3.248322147651007
121.999878,5.16391340976521,97.63920573173745,27301.0,1.7712418300653594
122.1998778,5.359318877211654,124.57018592322257,30068.0,3.142857142857143
122.3998776,2.9662487243038345,96.07394631305834,27436.0,1.769736842105263
122.5998774,7.540368433022516,52.037707350293466,30779.0,3.0440251572327046
122.7998772,3.241988365943945,109.71819396128556,28365.0,1.7197452229299364
122.999877,2.5719460227272726,6.451455392216821,28160.0,1.7548387096774194
123.1998768,2.43491653418124,99.077987148442,30192.0,3.1161290322580646
123.3998766,4.162596043812326,12.102845520030234,30585.0,3.109677419354839
123.5998764,4.480882549886166,28.45786218257172,29868.0,3.198675496688742
123.7998762,,62.11350509908747,28469.0,2.335570469798658
123.999876,4.3430462267878305,77.33667893232558,30372.0,3.1733333333333333
124.19987579999999,,17.926670789435338,30584.0,3.2133333333333334
124.39987559999999,2.6031641614314376,4.293943994679556,30403.0,3.2266666666666666
124.59987539999999,3.707510763833519,6.610047532948653,31355.0,3.19205298013245
124.79987519999999,5.408492134544059,37.091339205914274,31276.0,3.22
124.99987499999999,3.0446093009575477,16.0120669164095,30599.0,3.27027027027027
125.19987479999999,4.769029728846782,24.13342291217928,30610.0,3.2266666666666666
125.39987459999999,2.8517345907713034,5.389514140148648,29690.0,3.2635135135135136
125.59987439999999,9.990747330960854,30.019198408930126,33720.0,3.0443037974683542
125.79987419999999,12.92164418754014,49.48682485536012,34254.0,2.0448717948717947
125.99987399999999,9.208011718970083,73.69267846073956,35498.0,3.2348993288590604
126.19987379999999,,30.46265538378083,30791.0,3.335664335664336
126.39987359999999,,18.307265404062434,30661.0,3.4014084507042255
126.59987339999999,3.653011736557923,16.136045685272855,30929.0,3.4676258992805757
126.7998732,5.861292508624938,14.833881725862927,32464.0,3.3379310344827586
126.999873,3.217939145043868,13.045951810124187,32142.0,3.3776223776223775
127.1998728,3.3163428643168764,9.803206253041672,31861.0,3.361111111111111
127.3998726,3.13901513964204,6.823747744250073,31903.0,3.361111111111111
127.5998724,2.5752029335255586,3.9490655027408335,31907.0,3.370629370629371
127.7998722,2.51454852637507,1.7358293263841778,31962.0,3.3846153846153846
127.999872,2.4891853712133103,4.413015845822971,31855.0,3.370629370629371
128.19987179999998,5.782395644283121,17.78073687269447,33060.0,3.27027027027027
128.39987159999998,,134.92677481044907,23989.0,2.1825396825396823
128.59987139999998,,122.32060913756784,33435.0,3.1842105263157894
128.79987119999998,2.8246852932146145,11.326626875486442,32570.0,3.2133333333333334
128.99987099999998,2.9854766063057268,12.846992201221003,32637.0,3.1776315789473686
129.19987079999999,3.05045448962044,13.711253367066103,32564.0,3.156862745098039
129.39987059999999,4.551218634769314,12.211985718133928,33357.0,3.142857142857143
129.5998704,3.274786837812048,8.670902915095462,32487.0,3.1225806451612903
129.7998702,,25.772672498800485,31656.0,3.090909090909091
129.99987,,10.34855339971209,32308.0,3.1633986928104574
130.1998698,3.177429916742025,12.421938736669194,32069.0,3.205298013245033
130.3998696,,32.744207040158805,32237.0,3.1447368421052633
130.5998694,,27.549919078821624,31468.0,3.2550335570469797
130.7998692,2.4793451848062413,2.2497471089271333,31276.0,3.2567567567567566
130.999869,,7.133586404186829,30536.0,3.2739726027397262
131.1998688,,9.049271520429699,31090.0,3.2857142857142856
131.3998686,2.402780472033624,5.685143863715658,30930.0,3.292517006802721
131.5998684,2.382823590140663,2.9395418241854476,30996.0,3.2857142857142856
131.7998682,7.431366655646058,20.945153438852017,33271.0,3.142857142857143
131.999868,4.945173451792968,32.66110494415997,34217.0,3.0764331210191083
132.1998678,3.4009255733575467,8.580013344678818,34141.0,3.01875
132.3998676,4.212848976135023,26.419103288855545,33061.0,3.150326797385621
132.5998674,3.0112990842775105,8.072847329574916,32215.0,3.228187919463087
132.7998672,5.964274057149639,20.123474237932278,33701.0,3.0764331210191083
132.999867,3.383759379371741,18.42785453959883,31452.0,3.185430463576159
133.1998668,2.9867851158673453,11.081699587668252,31631.0,3.198675496688742
133.3998666,,4.5148683762946265,31593.0,3.165562913907285
133.5998664,,68.39144209988925,35407.0,3.2266666666666666
133.7998662,4.389920268322104,16.280046898355113,33989.0,3.2348993288590604
133.999866,3.8935447338618348,3.0927241817563442,32671.0,3.2133333333333334
134.1998658,3.5716853097016084,11.028471170825732,32273.0,3.2857142857142856
134.3998656,2.814869445141853,7.954596056845736,31864.0,3.3541666666666665
134.5998654,2.765642957476695,6.589937240116609,31324.0,3.415492957746479
134.7998652,2.1954448307761014,0.29857226327955566,31349.0,3.3846153846153846
134.999865,2.1862505164796744,4.592401179984608,31463.0,3.4014084507042255
135.1998648,2.185029597097575,0.5726427986136633,31422.0,3.4014084507042255
135.3998646,6.304533448000491,29.28987575251856,32558.0,3.308219178082192
135.5998644,,30.029511310371877,31797.0,3.22972972972973
135.7998642,,8.687142173280352,32506.0,3.2348993288590604
135.999864,,116.90204297343801,23246.0,2.192
136.1998638,,108.14966177245869,32527.0,3.2348993288590604
136.3998636,5.617576220407684,10.720241684375985,34046.0,3.2066666666666666
136.5998634,3.299244750092104,38.879884342904035,32572.0,3.1842105263157894
136.7998632,2.7755860403183354,2.9881201050305686,32293.0,3.2266666666666666
136.999863,7.527776910345689,56.417970098412724,32023.0,2.074829931972789
137.1998628,4.468616449108934,84.86516763485423,34397.0,3.2567567567567566
137.3998626,3.608510510690617,17.513303770396227,33347.0,3.2945205479452055
137.5998624,,13.555374585558539,32414.0,3.2162162162162162
137.7998622,3.031471576066675,8.044551328014279,32156.0,3.303448275862069
137.99986199999998,,10.479100432249862,32062.0,3.3379310344827586
138.19986179999998,2.59101165851824,3.142963291141586,31908.0,3.3379310344827586
138.39986159999998,2.24031007751938,0.8777582970598292,31992.0,3.3379310344827586
138.59986139999998,4.2466434149202135,15.259819947252987,32399.0,3.2416107382550337
138.79986119999998,,9.26883722456416,30201.0,3.3076923076923075
138.99986099999998,,15.468308492917634,30898.0,3.317241379310345
139.19986079999998,2.4685576148267527,1.7581328356787846,31025.0,3.3241379310344827
139.39986059999998,2.3723547951373254,2.020612305499976,31094.0,3.3379310344827586
139.59986039999998,2.3487565066512435,2.089277087982527,31122.0,3.331034482758621
139.79986019999998,6.4605571383349165,20.44288100045059,31590.0,3.1710526315789473
139.99985999999998,2.951931330472103,11.647528246794105,30290.0,3.248322147651007
140.19985979999998,3.2005119453924915,6.136087964784024,30472.0,3.2635135135135136
140.39985959999998,8.242640711968331,25.73127370455721,33597.0,3.19205298013245
140.59985939999999,,18.921637604520594,34919.0,3.161073825503356
140.7998592,,11.841305000909147,34692.0,3.248322147651007
140.999859,4.335130804548116,7.552047822672986,32453.0,3.205298013245033
141.1998588,4.138330804248862,15.685935892958113,32950.0,3.1633986928104574
141.3998586,5.005542521994135,16.16351068557863,34100.0,3.1025641025641026
141.5998584,3.262017457585444,14.490682154567017,32536.0,3.22
141.7998582,2.776226126814362,3.980633793363399,32725.0,3.1842105263157894
141.999858,4.2386120361560415,11.265468255208145,33632.0,3.156862745098039
142.1998578,4.883709652977724,13.051877257789899,32995.0,3.2348993288590604
142.3998576,3.4093476376893883,5.161170568151719,33463.0,3.228187919463087
142.5998574,2.800108538350217,4.1613942923440295,33168.0,3.27027027027027
142.7998572,2.524865225028772,3.9966035252336654,33018.0,3.27027027027027
142.999857,6.6259876053690485,19.39598660634239,34047.0,3.198675496688742
143.1998568,3.513290802764487,6.966630632750949,33858.0,3.1842105263157894
143.3998566,,119.93777150464935,24470.0,2.125984251968504
143.5998564,,140.27896035644218,34569.0,3.1946308724832213
143.7998562,,15.39925435047842,34653.0,3.292517006802721
143.999856,3.5772241992882563,8.182841645383318,35125.0,3.292517006802721
144.1998558,2.3940732298048153,1.8545360392296286,35095.0,3.315068493150685
144.3998556,2.6551585014409222,6.880323921727507,34700.0,3.3013698630136985
144.5998554,,6.10963663937174,34099.0,3.2896551724137932
144.7998552,,6.661510063320844,34587.0,3.315068493150685
144.999855,3.4731635937957273,8.112938576239156,34170.0,3.2789115646258504
145.1998548,4.916700921956662,19.707664332002683,34058.0,3.22
145.3998546,5.026494093120222,7.23590183733503,34536.0,3.198675496688742
145.5998544,4.151708904905836,11.519933817536163,34408.0,3.248322147651007
145.7998542,6.723275647925809,30.190931853061333,36231.0,3.2266666666666666
145.999854,,28.18846385222367,33519.0,3.151315789473684
146.1998538,,26.780485486035033,31681.0,2.9161290322580644
146.3998536,17.16338912771731,100.33081248954328,32799.0,3.024390243902439
146.5998534,,128.07298599644338,21724.0,1.6564885496183206
146.7998532,,117.04796104996193,27663.0,3.506849315068493
146.999853,,123.28061639059213,19759.0,1.5691056910569106
147.1998528,,130.39011624746897,27235.0,3.6214285714285714
147.3998526,15.116053008846464,66.10197677848704,28599.0,3.248322147651007
147.5998524,,132.22961343911982,19930.0,1.5396825396825398
147.7998522,,101.94818109970005,28180.0,3.385135135135135
147.999852,9.0648821866164,30.147031157316714,26525.0,3.5602836879432624
148.1998518,,108.03336400549644,23728.0,1.401360544217687
148.3998516,,131.8843896790138,30949.0,2.572192513368984
148.5998514,7.429438194877177,9.791316156982997,30491.0,2.608695652173913
148.7998512,17.32236724477025,91.19866435381736,33558.0,2.4292929292929295
148.999851,7.8760668349561245,17.32308057089521,33276.0,2.6629834254143647
149.19985079999998,19.014028482069655,108.36900556574597,32933.0,3.2972972972972974
149.39985059999998,7.2933664205302025,45.96963511396547,33044.0,3.4965034965034967
149.59985039999998,8.00948501246428,24.189309274049997,32894.0,3.661870503597122
149.79985019999998,11.873552151714078,56.64305649716737,34275.0,3.607142857142857
149.99984999999998,4.353542878427552,8.389960704745807,34901.0,3.5104895104895104
150.19984979999998,9.763949048673275,104.05370520173418,31167.0,3.5815602836879434
150.39984959999998,4.502607740872907,27.14633678012871,29144.0,3.4893617021276597
150.59984939999998,9.448183083346219,27.878353482636708,32335.0,3.2666666666666666
150.79984919999998,10.813513665188843,20.288302762910146,35638.0,3.0060975609756095
150.99984899999998,7.299417486398857,19.300557060140555,36394.0,3.24025974025974
151.19984879999998,3.1147127274766566,12.569508646877464,35663.0,3.2142857142857144
151.39984859999998,4.581910337724291,13.473933769443784,36894.0,3.1257861635220126
151.59984839999998,3.4037166481970846,11.89655450223242,35193.0,3.16025641025641
151.79984819999999,4.288254940161425,13.868449679349085,35930.0,3.150943396226415
151.999848,4.419530386740331,22.957001789715292,36200.0,3.2229299363057327
152.1998478,5.5151136190330945,42.554633945337066,32785.0,2.076923076923077
152.3998476,2.9734576534576536,8.307994232917931,32175.0,2.0789473684210527
152.5998474,3.4130734577548956,80.16440159565788,32631.0,3.335570469798658
152.7998472,7.398792995976653,37.570722771573266,35294.0,3.315436241610738
152.999847,,0.6317460461158129,33772.0,3.4892086330935252
153.1998468,,21.066738147988794,34100.0,3.3846153846153846
153.3998466,7.445126515945501,45.216299227719624,33395.0,3.01875
153.5998464,7.230895838231836,76.38095968444473,29771.0,3.1710526315789473
153.7998462,,97.31663888810468,27832.0,1.4487179487179487
153.999846,,43.276571230840446,29799.0,3.1161290322580646
154.1998458,,159.79015660467488,23398.0,1.5629629629629629
154.3998456,,122.91532736597067,29784.0,3.08974358974359
154.5998454,,136.98425645094048,22658.0,1.5407407407407407
154.7998452,,74.8059187758915,25939.0,1.82
154.999845,3.393521039122657,8.099941435789402,25714.0,1.8435374149659864
155.1998448,6.4279258400926995,41.81996524949329,25890.0,1.8187919463087248
155.3998446,2.5649414253810288,6.246027831487938,25523.0,1.837837837837838
155.5998444,2.4976566443146586,108.00260033963404,27738.0,3.2789115646258504
155.7998442,2.782873405864976,9.044696508567112,27758.0,3.292517006802721
155.999844,,114.57463106327779,24398.0,1.6575342465753424
156.1998438,,113.27979382793417,27048.0,3.2635135135135136
156.3998436,,112.80492529474007,24698.0,1.75
156.5998434,,20.30029459840827,26950.0,1.767741935483871
156.7998432,11.854798511085937,159.75326121779614,30895.0,2.96319018404908
156.999843,7.561390936390937,58.35173311449917,29304.0,3.1633986928104574
157.1998428,3.3420100689912364,117.09243066947694,26815.0,1.7647058823529411
157.3998426,3.3391062423926274,91.05024144814664,28755.0,3.205298013245033
157.5998424,,104.92359554797542,27760.0,1.6153846153846154
157.7998422,2.7702501001128543,7.156214777242147,27469.0,1.6064516129032258
157.999842,,72.01373050631993,24367.0,1.5179856115107915
158.1998418,,58.385763468235766,29228.0,1.6918238993710693
158.3998416,4.689547325102881,15.396267401781177,30375.0,1.6242424242424243
158.5998414,2.6657647297571536,9.386252174891242,29566.0,1.654320987654321
158.7998412,3.0586889217929736,12.190308822627234,29716.0,1.6358024691358024
158.999841,2.4581455687559743,8.286134847710645,29292.0,1.6335403726708075
159.1998408,3.203704308627054,80.44303706456496,30613.0,3.082802547770701
159.3998406,,93.70803630226511,27875.0,1.5769230769230769
159.5998404,,24.60820938021234,28170.0,1.5911949685534592
159.7998402,,14.322441367321087,29964.0,1.656441717791411
159.99984,,5.541921250241818,28539.0,1.5822784810126582
160.19983979999998,,11.731221546096986,28749.0,1.705128205128205
160.39983959999998,4.863675111671839,27.320432269805274,29327.0,1.7419354838709677
160.59983939999998,9.361263603968025,28.82653124080455,31149.0,1.8410596026490067
160.79983919999998,5.4574931969443625,16.41837138715386,30501.0,1.8933333333333333
160.99983899999998,7.24915681686974,47.29630658775812,32911.0,2.026315789473684
161.19983879999998,12.942053513862025,153.8086058622348,37224.0,2.9036144578313254
161.39983859999998,12.613974767780396,113.00274343115342,36065.0,2.085526315789474
161.59983839999998,8.779615447286949,47.78770120577117,36822.0,3.0764331210191083
161.79983819999998,4.305099370128563,22.11807960750394,34769.0,3.0764331210191083
161.99983799999998,4.481203446765006,18.47381685224513,34235.0,3.205298013245033
162.19983779999998,3.8141747403334207,7.018235510476854,34371.0,3.19205298013245
162.39983759999998,2.6400780476440096,3.2304256465375625,34338.0,3.198675496688742
162.59983739999998,,23.255452584085234,34282.0,3.1241830065359477
162.79983719999998,,7.802789157739082,34129.0,3.150326797385621
162.99983699999999,4.851739005461339,13.177628917705976,34790.0,3.0314465408805034
163.19983679999999,3.3270143586092322,21.078682895723297,33708.0,3.082802547770701
163.3998366,6.097315339682905,40.40169936112498,34753.0,3.109677419354839
163.5998364,4.341908191848168,4.056037585086775,34986.0,3.150326797385621
163.7998362,3.58951940433213,5.093695239732264,35456.0,3.1776315789473686
163.999836,,8.379899065084196,34767.0,3.18
164.1998358,,3.062592122177156,34968.0,3.205298013245033
164.3998356,4.434279214908571,13.30077964948644,34289.0,3.1225806451612903
164.5998354,3.487935174069628,7.896553626864842,33320.0,3.1776315789473686
164.7998352,4.370030581039756,12.419622177355482,33681.0,3.1025641025641026
164.999835,5.835099545831072,24.99197410744771,35009.0,3.1363636363636362
165.1998348,5.79187858456877,10.796167634589342,36964.0,3.1233766233766236
165.3998346,5.702170084938885,17.929434955357443,38616.0,3.1776315789473686
165.5998344,3.7979199195490514,11.485391518177732,37787.0,3.2266666666666666
165.7998342,,48.8430951846119,35340.0,3.0974025974025974
165.999834,,20.616786204620773,33990.0,3.2133333333333334
166.1998338,7.215609125877206,15.970121220940605,34057.0,3.129032258064516
166.3998336,3.6272296625533658,5.776978524984853,34198.0,3.0764331210191083
166.5998334,3.2717784622745896,4.581580051354106,33439.0,3.1298701298701297
166.7998332,2.8519923531871676,2.521820961671136,33478.0,3.156862745098039
166.999833,3.5418024220815147,14.568216269439578,32534.0,3.248322147651007
167.1998328,8.740851725926353,19.401576233779004,34706.0,3.1633986928104574
167.3998326,5.0544896176710905,8.853332046215263,35493.0,3.070063694267516
167.5998324,4.342031417247664,28.829087307155728,34567.0,3.109677419354839
167.7998322,5.180972658000896,20.690201182768437,35696.0,3.069620253164557
167.999832,4.541618643353105,27.37385602425246,35573.0,3.0817610062893084
168.1998318,3.0321574066048367,6.574472477180339,34611.0,3.128205128205128
168.3998316,4.126200155695874,20.365736271105547,34683.0,3.1623376623376624
168.5998314,3.3779496218797975,11.509635417814412,35174.0,3.1082802547770703
168.7998312,3.2545301672900178,12.252789328821812,34491.0,3.1948051948051948
168.999831,5.696741164813387,23.530181783046537,36332.0,3.062111801242236
169.1998308,5.024921590234806,26.872383310027832,35391.0,3.069182389937107
169.3998306,6.630428940012901,27.142257528560705,37208.0,3.0434782608695654
169.5998304,4.606716041070527,110.88919895919217,35646.0,1.725609756097561
169.7998302,3.3264315293445668,13.51931869048048,35015.0,1.725609756097561
169.99983,6.0862960482250505,133.20140088688032,37325.0,3.0061349693251533
170.1998298,4.308079441528221,20.41136879327626,36958.0,3.1082802547770703
170.3998296,2.9164438502673797,18.280988170589488,35904.0,3.1146496815286624
170.5998294,2.4513914188829413,1.0982881489454956,35683.0,3.1146496815286624
170.7998292,2.6679053007910367,5.645424661037893,35523.0,3.1082802547770703
170.999829,,16.553676055172822,35612.0,3.121794871794872
171.19982879999998,,38.93509537976175,36606.0,3.210526315789474
171.39982859999998,,23.33698354302303,35728.0,3.2171052631578947
171.59982839999998,,9.651419696542426,35467.0,3.2091503267973858
171.79982819999998,2.3329395550305176,1.0778126350545185,35553.0,3.2091503267973858
171.99982799999998,3.695391169635941,7.619357041846437,36148.0,3.167741935483871
172.19982779999998,4.287996221907381,8.30457124231865,35997.0,3.175324675324675
172.39982759999998,3.23009099643927,15.786916922979534,35386.0,3.2026143790849675
172.59982739999998,2.691410693970421,9.431473825772867,35160.0,3.196078431372549
172.79982719999998,4.767291620848911,10.931507664158115,36376.0,3.1548387096774193
172.99982699999998,2.837592722183345,4.944424519875038,35725.0,3.2026143790849675
173.19982679999998,2.8137665669089356,8.40024473794,35085.0,3.2091503267973858
173.39982659999998,2.3012684382712507,2.6774459088537332,34846.0,3.196078431372549
173.59982639999998,2.2388979673747884,1.5670370414523345,34881.0,3.2026143790849675
173.79982619999998,2.1830056059873084,6.336453194686186,35141.0,3.2026143790849675
173.99982599999998,2.350633486733708,2.9697164289748557,35202.0,3.223684210526316
174.19982579999999,4.317932741787433,10.753815962036336,35951.0,3.175324675324675
174.39982559999999,3.3609502060822103,14.267936158500177,35908.0,3.1146496815286624
174.5998254,4.25339049785633,97.94002661081667,34287.0,1.763975155279503
174.7998252,,8.058791366702332,33011.0,1.8193548387096774
174.999825,,124.87773297715688,36459.0,3.2039473684210527
175.1998248,2.812954835842453,4.511058752314972,36002.0,3.176470588235294
175.3998246,2.509527801061749,6.6008455105697275,35790.0,3.183006535947712
175.5998244,2.5522804054054054,2.0565639184859723,35520.0,3.176470588235294
175.7998242,2.196940296408785,0.936587266913243,35559.0,3.183006535947712
175.999824,2.427847037400196,2.00450098064116,35695.0,3.1623376623376624
176.1998238,8.177256949424825,97.13926304988769,34859.0,1.7454545454545454
176.3998236,3.076465974903475,19.45133869309295,33152.0,1.729559748427673
176.5998234,2.672015086873184,7.4946634826423875,32346.0,1.7692307692307692
176.7998232,2.8503946913230807,3.3911354260347673,31797.0,1.7371794871794872
176.999823,2.6984147155065603,6.495866851802647,31477.0,1.7070063694267517
177.1998228,2.754212382445141,5.53118579415627,30624.0,1.7012987012987013
177.3998226,4.351975683890577,12.565107814781136,31255.0,1.6923076923076923
177.5998224,,12.521044942496767,30929.0,1.6114649681528663
177.7998222,,36.13683570478597,32375.0,1.6280487804878048
177.999822,3.3694201152606387,16.03451725221697,30713.0,1.6625766871165644
178.1998218,13.112522453169104,102.38793163969241,31176.0,1.6484848484848484
178.3998216,4.000576114951877,20.478273298071876,29508.0,1.369047619047619
178.5998214,,74.55114517948232,27437.0,1.6024844720496894
178.7998212,6.362911758482048,33.36295913288367,28354.0,1.5660377358490567
178.999821,,24.414432469750455,28666.0,1.5290322580645161
179.1998208,,68.14523294945852,31202.0,1.5375722543352601
179.3998206,,115.33674484920752,29949.0,1.5
179.5998204,,79.32102316377188,34087.0,1.2112676056338028
179.7998202,9.386118578903247,48.842634961276055,34593.0,1.2065727699530517
179.99982,7.547959487637772,34.760558335184434,33570.0,1.2253521126760563
180.1998198,5.040175378587643,23.007500178546163,32159.0,1.215962441314554
180.3998196,,54.2134000375154,29039.0,0.7902439024390244
180.5998194,6.149684980692365,29.582618901101583,29522.0,0.7902439024390244
180.7998192,19.54100538599641,136.38891377692016,27850.0,0.7658536585365854
180.999819,2.9954710790956423,7.0729864804092335,28042.0,0.7707317073170732
181.1998188,5.59371362048894,31.10363255306764,27488.0,0.775609756097561
181.3998186,,76.36501791270717,30610.0,1.0046948356807512
181.5998184,,201.89887708023232,31751.0,0.9261083743842364
181.7998182,,113.31146769486595,29963.0,1.467032967032967
181.999818,5.087495005992809,45.70663517893228,27533.0,1.646341463414634
182.19981779999998,3.1452787215771196,11.930682574093101,26783.0,1.6645962732919255
182.39981759999998,3.5366109923553495,109.92975712380785,27601.0,3.150326797385621
182.59981739999998,,97.47241169367891,24794.0,1.7483443708609272
182.79981719999998,,104.3426083702673,27782.0,3.156862745098039
182.99981699999998,5.674195025179308,74.76707045252509,26212.0,1.7388535031847134
183.19981679999998,3.771780705482363,109.07269577753031,28236.0,3.0764331210191083
183.39981659999998,9.644965886628833,34.75022965282513,31366.0,2.9451219512195124
183.59981639999998,7.994693159729722,38.9248211493343,32411.0,3.0440251572327046
183.79981619999998,4.524737812433886,12.957263117816906,33087.0,2.99375
183.99981599999998,5.295017136831005,23.270824002745268,34137.0,3.0440251572327046
184.19981579999998,4.51195797294944,25.016714131655455,34454.0,3.167741935483871
184.39981559999998,8.932670719018674,62.52612012306784,36522.0,3.0920245398773005
184.59981539999998,4.407418072913667,23.98485150515076,34726.0,3.1161290322580646
184.79981519999998,6.792911363177187,54.585477467079905,34647.0,3.1025641025641026
184.99981499999998,4.198211497515969,17.312040165841886,35225.0,3.025
185.19981479999998,9.69099640530218,38.64274137585142,35608.0,3.1298701298701297
185.39981459999998,24.959702432877773,117.38227996797649,41268.0,2.3333333333333335
185.59981439999999,,122.8586176766073,35554.0,1.0931372549019607
185.7998142,,32.72976918690839,31430.0,0.8719211822660099
185.999814,,87.99023713811184,31305.0,0.8439024390243902
186.1998138,8.707173104067753,64.78083193676554,31172.0,0.8439024390243902
186.3998136,,77.45746141161891,33278.0,1.3820754716981132
186.5998134,,109.96696854659265,31944.0,0.9707317073170731
186.7998132,,179.0695048419683,23083.0,1.3356164383561644
186.999813,,65.35921185578017,24937.0,1.52
187.1998128,11.814950875694148,76.60650200615552,23410.0,1.7535211267605635
187.3998126,5.664901593252108,36.07517491107157,21340.0,1.9328358208955223
187.5998124,12.443624821173104,28.29389577747272,22368.0,1.8014705882352942
187.7998122,7.85638754575444,14.126302462330331,22129.0,1.835820895522388
187.999812,10.52729577341667,61.1885226397918,22879.0,2.6470588235294117
188.1998118,9.98367327396342,60.168654052859466,20886.0,1.9242424242424243
188.3998116,,95.41526239469431,25750.0,1.1585365853658536
188.5998114,,37.60115662751769,36251.0,2.482051282051282
188.7998112,,140.22055720359086,32500.0,1.0195121951219512
188.999811,,32.17357404705033,28982.0,1.0295566502463054
189.1998108,,11.189804822515462,26645.0,0.7941176470588235
189.3998106,,183.39766361063843,30737.0,1.146341463414634
189.5998104,,95.94446567509742,36331.0,1.4788732394366197
189.7998102,,119.5965082080139,33738.0,1.5688622754491017
189.99981,,107.80090794008969,32472.0,1.8675496688741722
190.1998098,4.287384181137632,73.98802485480915,32594.0,3.22
190.3998096,,22.913840036352397,31725.0,3.1946308724832213
190.5998094,,31.583625211987957,32461.0,3.292517006802721
190.7998092,7.694747994551234,59.25801697440091,33035.0,3.1710526315789473
190.999809,3.5499413181790103,2.5620270511512224,32378.0,3.1633986928104574
191.1998088,3.701750512537455,19.774300204937962,31705.0,3.2266666666666666
191.3998086,2.692524996032376,4.381340159550084,31505.0,3.2635135135135136
191.5998084,2.563126956743978,4.487365941184663,31302.0,3.27027027027027
191.7998082,5.726278378626796,13.643006243510099,32639.0,3.248322147651007
191.999808,4.949433390433522,23.849612557583633,30356.0,3.2635135135135136
192.1998078,6.609395973154363,25.9251972955482,29800.0,3.292517006802721
192.3998076,4.666964316378748,7.9887185040341,29117.0,3.3846153846153846
192.5998074,8.296527493518898,39.985643698359205,29316.0,3.218543046357616
192.7998072,8.462062546537602,12.988429874558653,26860.0,3.1164383561643834
192.999807,8.90024146754604,15.446246304169808,27747.0,3.033557046979866
193.19980679999998,10.60574985607369,23.359214764233073,27792.0,2.935064935064935
193.39980659999998,14.251610558657372,54.09703065420764,30269.0,2.8802395209580838
193.59980639999998,16.115693592257575,72.09546722303905,31618.0,3.082802547770701
193.79980619999998,9.955965211361207,67.29988926452496,34609.0,2.9759036144578315
193.99980599999998,6.483918352357928,69.44814548839462,32677.0,1.9038461538461537
194.19980579999998,3.7685076380728555,11.855491665997967,33189.0,1.88125
194.39980559999998,4.012648875491326,117.25478043897708,33837.0,3.140127388535032
194.59980539999998,6.928821013314055,127.4230017258663,33198.0,1.9044585987261147
194.79980519999998,3.1840660911325824,100.54393971738155,34982.0,3.2051282051282053
194.99980499999998,,94.86257234570522,26501.0,2.051470588235294
195.19980479999998,,95.09755597058748,35040.0,3.121019108280255
195.39980459999998,,38.33366244831101,33240.0,3.1437908496732025
195.59980439999998,,19.991541476655858,33075.0,3.1842105263157894
195.79980419999998,4.675633635282277,4.437897939678754,32787.0,3.205298013245033
195.99980399999998,13.673502414177323,92.91394907048065,37694.0,3.167741935483871
196.19980379999998,22.504021075984472,193.4284127595626,43272.0,1.3756097560975609
196.39980359999998,,159.90659818872192,35809.0,1.2463054187192117
196.59980339999998,,21.530464011762735,30858.0,1.171875
196.79980319999999,,32.65731109016471,34998.0,1.3317073170731708
196.99980299999999,5.600276548672566,15.111556945007628,36160.0,1.3658536585365855
197.1998028,4.131852500273553,15.713140103215986,36556.0,1.3317073170731708
197.3998026,,45.19603018288088,34362.0,1.3696682464454977
197.5998024,,10.054589542142237,28281.0,0.9211822660098522
197.7998022,,61.42977682306603,30022.0,1.1784037558685445
197.999802,,173.448122594149,33334.0,1.0829268292682928
198.1998018,,99.00185261717174,32521.0,1.3920454545454546
198.3998016,,212.8392852946615,32911.0,2.9876543209876543
198.5998014,4.5218357014535355,35.89343045786362,30615.0,3.109677419354839
198.7998012,,17.411566771203628,31413.0,2.6202531645569622
198.999801,4.2670016321566875,18.358858754168825,31247.0,3.090909090909091
199.1998008,,4.9082401050267785,32089.0,3.109677419354839
199.3998006,,6.226136651168495,31797.0,3.0779220779220777
199.5998004,,4.5417711891428505,32222.0,3.1363636363636362
199.7998002,6.170701018573997,27.20381952801482,33380.0,3.0125
199.9998,3.6503175616130306,29.106389385213884,32907.0,2.9937888198757765
200.1997998,,30.231627191927416,31822.0,2.727272727272727
200.3997996,,6.057586380037823,33295.0,3.082802547770701
200.5997994,2.6605562962065203,3.0000331982427397,33004.0,3.1225806451612903
200.7997992,3.3830880144187443,7.542624481663136,33290.0,3.082802547770701
200.999799,3.979968449563949,15.381194977803217,33597.0,3.0
201.1997988,4.43234522481228,15.016768107950078,33161.0,3.0314465408805034
201.3997986,4.308394670641945,28.776766106760082,32199.0,3.1025641025641026
201.5997984,3.7727499687929096,12.25725084079262,32044.0,3.198675496688742
201.7997982,,26.10936020247048,33365.0,3.1176470588235294
201.999798,,23.014727840961836,32667.0,3.1776315789473686
202.1997978,6.014748883390636,15.585853511659979,31121.0,3.1776315789473686
202.3997976,6.850603735715905,29.383582696015534,30891.0,3.1298701298701297
202.5997974,,198.902124770093,27326.0,1.7161290322580645
202.7997972,,123.7097225407691,29789.0,2.9693251533742333
202.999797,9.476699892070345,35.64029940213966,31502.0,2.880952380952381
203.1997968,6.122141420393007,25.81165002535988,32315.0,2.781609195402299
203.3997966,6.416968311424398,38.94446428515766,31494.0,2.8304093567251463
203.5997964,5.854718582068445,16.153398388417944,31821.0,2.824561403508772
203.7997962,,10.155162799620127,29778.0,2.8674698795180724
203.999796,8.341945288753799,15.537637414623447,28952.0,3.0125786163522013
204.1997958,5.224418842456882,10.74507105679809,29338.0,2.938650306748466
204.39979559999998,,23.976078703276453,30530.0,2.933333333333333
204.59979539999998,,72.86035063678749,24705.0,1.2532467532467533
204.79979519999998,,101.28489005577875,25482.0,2.808219178082192
204.99979499999998,,58.962159143187364,30619.0,2.5828877005347595
205.19979479999998,10.414803107240138,65.24096590813403,29737.0,2.7039106145251397
205.39979459999998,,159.4610307519882,28634.0,1.0756756756756756
205.59979439999998,,18.99199486917068,35331.0,1.95260663507109
205.79979419999998,,48.678817877904955,36286.0,2.5425531914893615
205.99979399999998,,142.23561280341139,36229.0,3.210526315789474
206.19979379999998,5.88354222197017,20.41948968696765,35266.0,3.4027777777777777
206.39979359999998,4.605206317147746,21.8884200659045,35649.0,3.388888888888889
206.59979339999998,7.335835971656867,31.42889153567851,33165.0,3.225165562913907
206.79979319999998,,110.2316330456956,25277.0,2.131782945736434
206.99979299999998,,104.00463659466286,33821.0,3.210526315789474
207.19979279999998,3.438688961589725,21.87665784791562,33012.0,3.2972972972972974
207.39979259999998,3.4171156798410642,23.026646011266045,33221.0,3.2751677852348995
207.59979239999998,3.1004386628346694,16.332255532987414,33055.0,3.312925170068027
207.79979219999998,7.336392599304358,40.27230672478575,34213.0,3.08974358974359
207.99979199999999,6.663028179128487,36.2555207240027,34813.0,3.1225806451612903
208.19979179999999,5.653488635719548,23.587725969494063,35286.0,3.2416107382550337
208.3997916,6.832313073895934,42.577194703156366,32018.0,2.03125
208.5997914,,100.14494041575297,29206.0,2.19375
208.7997912,,73.47978239061582,28648.0,3.0569620253164556
208.999791,3.503413555055494,94.24736360166919,26219.0,1.6708860759493671
209.1997908,7.524888087125008,81.42735108293668,29934.0,2.9451219512195124
209.3997906,11.692413162705668,90.5797728725179,28444.0,3.1842105263157894
209.5997904,3.722119278017981,13.16918694368006,29142.0,3.1161290322580646
209.7997902,4.016895235402234,31.201636217155787,28292.0,3.1788079470198674
209.99979,3.1913797482131843,14.00815159769623,27563.0,3.2416107382550337
210.1997898,2.722985117549788,7.231918637904616,27818.0,3.228187919463087
210.3997896,3.3008940608812884,9.486551177672515,28186.0,3.198675496688742
210.5997894,,105.37099724744179,24857.0,1.7635135135135136
210.7997892,,115.03461286935149,27341.0,3.27027027027027
210.999789,2.4444444444444446,4.0785395585296955,27063.0,3.2567567567567566
211.1997888,,135.17857308521997,20464.0,1.546875
211.3997886,2.091560975609756,0.7684050971806142,20500.0,1.5546875
211.5997884,5.078545865511396,17.51446922523958,21236.0,1.5426356589147288
211.7997882,4.092466073935423,19.41641195093338,21370.0,1.4923076923076923
211.999788,3.23806095512359,17.811716144684727,20835.0,1.4538461538461538
212.1997878,,122.47767013932976,27166.0,3.2416107382550337
212.3997876,3.2009094172549957,109.21261383731186,25071.0,1.8243243243243243
212.5997874,3.8491359358123747,4.692322730922286,25924.0,1.8187919463087248
212.7997872,3.437944908696998,12.892793419535694,25848.0,1.769736842105263
212.999787,16.433148597159683,89.19889193472937,28870.0,1.6047904191616766
213.1997868,12.677298708630302,104.74809172487701,28342.0,1.5730994152046784
213.3997866,10.202619489785945,50.98643471553816,30693.0,1.2964824120603016
213.5997864,16.112481020346188,95.8528445147976,32930.0,1.2018779342723005
213.7997862,,52.294347234054584,31166.0,0.7799043062200957
213.999786,,51.55996189808435,31079.0,0.9622641509433962
214.1997858,,11.020938612090061,31574.0,1.192488262910798
214.3997856,,33.13391896905462,30160.0,1.0
214.5997854,,17.275326041182023,30457.0,1.2394366197183098
214.7997852,7.774354127284184,19.665601464281004,31740.0,1.2018779342723005
214.999785,,105.91778446751809,32211.0,0.9198113207547169
215.1997848,,61.431609043231,35029.0,1.359375
215.39978459999998,,61.725769922962094,43496.0,1.5305164319248827
215.59978439999998,19.05606839161475,154.61659504036368,43982.0,1.5336787564766838
215.79978419999998,7.963203865452518,90.48087879767583,32286.0,1.622754491017964
215.99978399999998,3.471986872509293,9.946153790303825,29861.0,1.6363636363636365
216.19978379999998,9.459237833132073,78.43408789755757,35609.0,2.875
216.39978359999998,8.378477504890242,57.1331405505175,36808.0,3.0314465408805034
216.59978339999998,13.65897267400471,145.72742939421124,36522.0,2.6927710843373496
216.79978319999998,7.587391202070101,120.7395401358481,29757.0,2.0405405405405403
216.99978299999998,6.967794193882841,47.35123664710394,30864.0,3.1633986928104574
217.19978279999998,,117.69946386604846,27412.0,1.2303030303030302
217.39978259999998,,223.2712314805603,28923.0,3.050632911392405
217.59978239999998,,40.12254431524501,28261.0,3.280821917808219
217.79978219999998,,15.818446512923305,28802.0,3.3943661971830985
217.99978199999998,14.973116089613034,124.93270756464511,31915.0,3.2333333333333334
218.19978179999998,12.779875432525952,91.18485144055424,36125.0,3.364864864864865
218.39978159999998,12.109855396094877,58.47452615814977,36721.0,3.223684210526316
218.59978139999998,,182.3652483110465,35739.0,1.4648648648648648
218.79978119999998,,107.26780916957021,34413.0,1.2548076923076923
218.99978099999998,13.31498388829216,75.8340726543296,33516.0,1.2112676056338028
219.19978079999998,2.7891823214447773,2.2950625854134423,33057.0,1.2065727699530517
219.39978059999999,,60.12531064980728,28298.0,0.9375
219.5997804,,77.49402523746424,30999.0,0.8773584905660378
219.7997802,,21.86973366121714,31080.0,1.2253521126760563
219.99978,,38.02897411881256,31326.0,0.8341232227488151
220.1997798,,116.32208592590722,31734.0,0.926829268292683
220.3997796,,34.35131986844603,33614.0,1.1462264150943395
220.5997794,,77.60437278280888,34288.0,1.0878048780487806
220.7997792,,42.36839298347137,32154.0,1.1182266009852218
220.999779,,136.14624511834356,35065.0,1.267605633802817
221.1997788,14.778050481824993,69.85619089870755,38707.0,1.5868544600938967
221.3997786,,43.362718182881956,48745.0,1.5355450236966826
221.5997784,,205.13412636058257,40350.0,3.1578947368421053
221.7997782,13.898070579300851,116.33058182692552,42137.0,2.5775401069518717
221.999778,18.949322641697382,131.50430449769038,40156.0,1.6103286384976525
222.1997778,7.994200999660309,39.41406328426734,41214.0,1.6103286384976525
222.3997776,,39.83495697046977,41369.0,1.5424528301886793
222.5997774,,135.78634981961082,36786.0,1.3333333333333333
222.7997772,11.21800130116256,51.608159496005605,35353.0,1.2300469483568075
222.999777,9.423301889982081,115.15736360344525,29577.0,1.6265060240963856
223.1997768,9.441831600134183,117.77096015565421,29810.0,3.277027027027027
223.3997766,,170.16843628094261,23247.0,1.4295774647887325
223.5997764,29.217352056168505,133.11980441502166,29910.0,1.03125
223.7997762,12.803542830996504,62.710651807540906,30597.0,0.9322916666666666
223.999776,,51.555505924360745,33384.0,0.9154929577464789
224.1997758,,31.213172917564325,32924.0,0.909952606635071
224.3997756,,50.21472498251884,32572.0,0.8867924528301887
224.5997754,,94.79865016451133,32094.0,1.028169014084507
224.7997752,2.5501647292845155,4.931971850856018,32174.0,1.0
224.999775,3.0710285607616203,8.73451451657495,32142.0,0.971830985915493
225.1997748,30.30171040605823,165.98993788194414,38295.0,1.431924882629108
225.3997746,19.06340857622909,97.83011948729776,41067.0,1.5357142857142858
225.5997744,17.74506891144673,207.1461022020351,36351.0,3.082802547770701
225.7997742,,112.05934115645269,34084.0,3.0714285714285716
225.999774,4.594853636946369,12.412139047537185,32761.0,3.1324503311258276
226.1997738,,20.505947550060732,35650.0,3.1437908496732025
226.39977359999997,7.915980098437834,55.248326426955494,37384.0,3.1776315789473686
226.59977339999998,,53.54825704545283,36789.0,2.1176470588235294
226.79977319999998,,7.50623553868594,36372.0,2.1372549019607843
226.99977299999998,4.920704845814978,46.18706529679785,34504.0,3.1025641025641026
227.19977279999998,2.75018667303844,9.081992237105291,33481.0,3.1363636363636362
227.39977259999998,3.6579420906265336,105.36790129085958,30565.0,1.8466666666666667
227.59977239999998,2.411881067591832,88.12356571195961,32859.0,3.198675496688742
227.79977219999998,2.5890251735845595,4.205568316640302,32693.0,3.205298013245033
227.99977199999998,6.942259746146872,19.946301803445095,35296.0,3.0314465408805034
228.19977179999998,2.992506831178343,1.2867267060776895,35499.0,3.0125
228.39977159999998,4.716593371849042,37.91125480725247,34791.0,3.0764331210191083
228.59977139999998,6.1991896226680545,21.03169991938302,35539.0,3.198675496688742
228.79977119999998,2.6379977246871444,3.138278345855173,35160.0,3.19205298013245
228.99977099999998,2.809692871231333,2.360325470467319,35490.0,3.19205298013245
229.19977079999998,2.6049323831434825,5.1095136384963515,35642.0,3.19205298013245
229.39977059999998,2.3196663764778567,1.940689398742006,35609.0,3.1842105263157894
229.59977039999998,2.4610607728568605,5.241663702626193,35427.0,3.1776315789473686
229.79977019999998,3.7489588864976664,11.631545902961625,35779.0,3.1842105263157894
229.99976999999998,4.736086518292517,29.369012597300312,36709.0,3.1710526315789473
230.19976979999998,9.449376887738268,74.5458407682065,39399.0,3.08974358974359
230.39976959999998,3.4922781846261146,13.300536051854245,40146.0,3.0443037974683542
230.59976939999999,4.143840662551127,34.54308184860981,39363.0,3.1161290322580646
230.7997692,5.548079830662232,46.33683058139722,39684.0,3.08974358974359
230.999769,,11.356242102568245,39963.0,3.0709677419354837
231.1997688,,63.74547893960911,37194.0,3.1225806451612903
231.3997686,4.005690150759665,21.918290305504613,34094.0,3.1363636363636362
231.5997684,5.844689939608189,44.52107935763093,33945.0,3.150326797385621
231.7997682,4.343273633570973,15.10798546419988,34506.0,3.150326797385621
231.999768,3.7456633710259903,13.362853791601225,33782.0,3.1633986928104574
232.1997678,4.906686626746507,33.0047536948491,34068.0,3.142857142857143
232.3997676,2.634981783431882,2.015752262515215,33486.0,3.1842105263157894
232.5997674,,26.24300650043284,32264.0,3.221476510067114
232.7997672,,8.945885211551705,32008.0,3.2348993288590604
232.999767,13.161589546420025,36.224363982459586,37193.0,3.109677419354839
233.1997668,16.582146782893222,137.89849341751872,39119.0,2.9753086419753085
233.3997666,,122.75338419374378,36887.0,1.169811320754717
233.5997664,,98.10284837439443,30642.0,0.916256157635468
233.7997662,,22.129897999672515,32006.0,1.0754716981132075
233.999766,,17.825435737489045,33593.0,0.957345971563981
234.1997658,,12.705455927100488,32193.0,0.9707317073170731
234.3997656,,15.803957520819742,29334.0,0.7941176470588235
234.5997654,,29.779442380101806,28761.0,0.7707317073170732
234.7997652,,23.341794041897696,28468.0,0.7696078431372549
234.999765,,73.33149461779539,32952.0,0.9528301886792453
235.1997648,,65.42230049106195,34391.0,1.2347417840375587
235.3997646,16.738322451029635,126.52182343608756,31856.0,1.1502347417840375
235.5997644,,83.0545312691679,28429.0,1.0195121951219512
235.7997642,3.0974464755672524,6.922255677185289,28118.0,0.9707317073170731
235.999764,38.069781121327516,260.73506439603415,32301.0,0.9804878048780488
236.1997638,,148.74271105519657,38702.0,1.7325581395348837
236.3997636,,81.20663161486776,40913.0,3.0314465408805034
236.5997634,11.354271069311915,95.8838120002778,43701.0,2.8771929824561404
236.7997632,9.963174099196614,33.928009666680296,41574.0,2.4271356783919598
236.999763,,118.95894437414789,35382.0,1.0926829268292684
237.1997628,,56.55685189613845,31824.0,0.8768472906403941
237.39976259999997,,56.19080458634195,31111.0,0.8480392156862745
237.59976239999997,,40.21859004816955,30999.0,0.8620689655172413
237.79976219999998,,81.99710279884219,31169.0,0.9166666666666666
237.99976199999998,,99.18048294140524,31234.0,0.9211822660098522
238.19976179999998,16.040448098405925,123.84365484166987,31868.0,1.0295566502463054
238.39976159999998,,94.98926074032953,29502.0,0.848780487804878
238.59976139999998,,198.54893448615843,33940.0,2.630434782608696
238.79976119999998,,131.3486153125681,32839.0,1.083743842364532
238.99976099999998,10.669858597465607,59.39870946301178,31329.0,1.0492610837438423
239.19976079999998,,93.02930544378148,37260.0,2.2629107981220655
239.39976059999998,16.414867156585643,133.55796923518002,35380.0,2.8579881656804735
239.59976039999998,10.148997726803058,102.76488073962716,29034.0,3.3776223776223775
239.79976019999998,6.0944489257168,12.176827319514517,27274.0,3.4571428571428573
239.99975999999998,9.375394431152259,19.96116589568436,28839.0,3.3448275862068964
240.19975979999998,8.932387220118386,54.9726747237524,27199.0,3.3472222222222223
240.39975959999998,,3.0962244260627214,26230.0,3.3661971830985915
240.59975939999998,,17.74244792985555,26826.0,3.361111111111111
240.79975919999998,4.0549602359705785,12.192897354284346,26783.0,3.361111111111111
240.99975899999998,,16.4482277670552,25878.0,3.3426573426573425
241.19975879999998,,17.845998460698528,26574.0,3.408450704225352
241.39975859999998,,17.021036093764643,26717.0,3.449275362318841
241.59975839999998,,25.87784471687997,27826.0,3.4820143884892087
241.79975819999999,3.739256062323982,3.0770145392175636,27341.0,3.4820143884892087
241.99975799999999,6.430947376184681,11.310354739312192,27117.0,3.54014598540146
242.1997578,3.689811208783057,4.455798081926174,26961.0,3.585185185185185
242.3997576,4.266570188133141,3.4477791270331823,27640.0,3.551470588235294
242.5997574,,130.49845988540875,18492.0,2.1272727272727274
242.7997572,,132.0879518271567,26180.0,3.659090909090909
242.999757,2.783522552930347,1.1243572722441353,26072.0,3.659090909090909
243.1997568,2.4722328609728073,0.7950105626020271,26110.0,3.611940298507463
243.3997566,5.496493429794773,16.63738604069495,27092.0,3.4748201438848922
243.5997564,,130.67945013805428,19407.0,2.0973451327433628
243.7997562,,123.81578125801084,26559.0,3.5588235294117645
243.999756,,11.30688342324775,26021.0,3.1343283582089554
244.1997558,,15.892802048571173,26668.0,3.5328467153284673
244.3997556,,22.811972520663723,26615.0,3.0583941605839415
244.5997554,,11.26259041596243,28064.0,3.611940298507463
244.7997552,7.368665908025973,42.66963924879623,29878.0,3.611940298507463
244.999755,6.601872055149733,19.624055999064627,31623.0,3.551470588235294
245.1997548,,12.006433876593878,31213.0,3.5
245.3997546,8.963366782452077,59.91100624015502,31092.0,3.431654676258993
245.5997544,,99.64784329343219,33452.0,3.0632911392405062
245.7997542,7.245487632771299,56.90903230499028,26926.0,3.3541666666666665
245.999754,6.103066733029595,16.929388558548688,26119.0,3.2857142857142856
246.1997538,,15.092300222048829,26989.0,3.208053691275168
246.3997536,,13.36319592940868,27766.0,3.315068493150685
246.5997534,,10.832586835427819,27001.0,2.971830985915493
246.7997532,,26.355257301422554,30269.0,3.198675496688742
246.999753,,131.34735004178788,29087.0,1.382716049382716
247.1997528,,102.16570439256027,31561.0,3.0445859872611467
247.3997526,,37.5600880648428,30954.0,3.0377358490566038
247.5997524,,23.10791445721555,29622.0,3.0903225806451613
247.7997522,8.59012676820896,37.8212404972635,31317.0,3.0573248407643314
247.999752,,63.11291436763264,30274.0,3.1225806451612903
248.1997518,7.375535828804806,43.00787088899492,29627.0,3.3846153846153846
248.39975159999997,4.470582444626743,3.6372271818817454,30475.0,3.3472222222222223
248.59975139999997,7.203999626203158,40.45120803513507,32103.0,3.361111111111111
248.79975119999997,4.287720561757292,35.45378252966802,30547.0,3.3846153846153846
248.99975099999997,4.364138293676876,30.56502722684207,30428.0,3.3776223776223775
249.19975079999998,4.964877166930303,6.463273110332923,30977.0,3.408450704225352
249.39975059999998,3.820236416146148,21.83911727290717,29778.0,3.4571428571428573
249.59975039999998,4.589427343558925,0.7720193974832555,28621.0,3.5072463768115942
249.79975019999998,4.9010542499450915,13.755212470713673,27318.0,3.5182481751824817
249.99974999999998,4.58562674884001,6.757447764681563,28233.0,3.4676258992805757
250.19974979999998,6.7044914743521575,18.714764665477325,28209.0,3.408450704225352
250.39974959999998,,23.852668492609666,27892.0,2.874125874125874
250.59974939999998,,26.422990746973632,27418.0,3.4014084507042255
250.79974919999998,4.238453276047261,6.722251067872262,27930.0,3.3846153846153846
250.99974899999998,3.166648824180138,1.2514049746829425,28023.0,3.3472222222222223
251.19974879999998,3.0075267677303086,0.36745909282713674,28299.0,3.331034482758621
251.39974859999998,3.6762550182313727,11.957871269912932,27151.0,3.408450704225352
251.59974839999998,,17.55642402211609,25838.0,2.971631205673759
251.79974819999998,,13.744206267622742,27689.0,3.331034482758621
251.99974799999998,,16.111858737936753,29159.0,3.251700680272109
252.19974779999998,,18.883397302937198,28008.0,3.331034482758621
252.39974759999998,3.692821308694554,11.012202640806098,27707.0,3.292517006802721
252.59974739999998,4.375056800307595,10.217604799983755,28609.0,3.27027027027027
252.79974719999998,,10.000247178477649,27092.0,2.8055555555555554
252.99974699999999,,53.14128403458489,29064.0,3.2266666666666666
253.19974679999999,5.256425948592411,6.443318522997857,29412.0,3.2567567567567566
253.3997466,10.444375078037208,35.412794461162996,32036.0,3.3379310344827586
253.5997464,,23.609202808435427,31222.0,2.992857142857143
253.7997462,,49.12166584715699,28913.0,3.4326241134751774
253.999746,6.954274282856429,15.942312468984966,27993.0,3.4571428571428573
254.1997458,5.967329858307026,18.132428661962255,27242.0,3.5328467153284673
254.3997456,3.5237242941154983,4.776636746655967,27377.0,3.5328467153284673
254.5997454,6.3238396624472575,6.097205660180805,27492.0,3.5328467153284673
254.7997452,,133.89458023627517,20191.0,1.8706896551724137
254.999745,,138.61675125032218,27116.0,3.5588235294117645
255.1997448,3.866779406238256,7.360074785694938,26610.0,3.585185185185185
255.3997446,3.4732356857523303,5.05569872044484,26285.0,3.5588235294117645
255.5997444,9.808128215825338,41.43061112803169,28764.0,3.6044776119402986
255.7997442,,139.0652023011982,19754.0,2.0
255.999744,,109.16554486338119,26700.0,3.5481481481481483
256.19974379999996,,11.19940216850193,27044.0,3.5588235294117645
256.39974359999997,3.2556264066016505,4.785503335646708,26660.0,3.5328467153284673
256.59974339999997,2.5952747046690416,0.925370666064495,26665.0,3.551470588235294
256.79974319999997,2.618212415856395,0.9203239209579911,26740.0,3.5328467153284673
256.99974299999997,3.4529560532199537,9.878428605920691,27283.0,3.551470588235294
257.19974279999997,3.5088385682980276,4.299204241593039,27380.0,3.5588235294117645
257.39974259999997,2.8987136485938594,6.043006012434851,27131.0,3.5255474452554743
257.59974239999997,2.8737094395280236,3.4880691885522905,27120.0,3.5255474452554743
257.79974219999997,6.661329315721243,16.85148555216266,28541.0,3.408450704225352
257.99974199999997,3.979925518708991,10.816349478463032,28195.0,3.45
258.19974179999997,,1.6937403732675873,27228.0,3.463768115942029
258.39974159999997,,7.22783634470727,27475.0,3.4820143884892087
258.59974139999997,2.835011449965468,1.1167543660432508,27511.0,3.4676258992805757
258.79974119999997,3.4480514837325704,5.414284707800075,27970.0,3.5072463768115942
258.999741,,140.71498890580543,20927.0,1.9075630252100841
259.1997408,,98.81745499801706,28935.0,3.292517006802721
259.3997406,5.613159772966727,15.897313721710914,29423.0,3.2857142857142856
259.5997404,4.147996063392948,4.597090567692232,29467.0,3.27027027027027
259.7997402,8.609324303039848,25.91548437739885,31745.0,3.1032258064516127
259.99974,10.27436739199907,49.51314662904007,34421.0,3.025
260.1997398,3.531771212341726,10.07677475628065,34355.0,3.0251572327044025
260.3997396,4.347667907796379,10.602575315323165,35183.0,2.950920245398773
260.5997394,3.0353420669577873,5.19716830529799,34350.0,2.987577639751553
260.7997392,,6.782629651896536,33366.0,3.018987341772152
260.999739,,11.14504833361762,33934.0,2.915151515151515
261.1997388,,93.2083753262329,32147.0,1.4268292682926829
261.3997386,,86.01227608546834,32976.0,3.0125
261.5997384,,13.558645614235338,33341.0,3.0253164556962027
261.7997382,3.5554484652005023,10.245947758289784,34239.0,3.0125786163522013
261.999738,3.293797739077299,15.49210867291365,32730.0,3.130718954248366
262.1997378,,18.000509665515263,33931.0,3.0125
262.3997376,,21.501492811245498,34084.0,2.99375
262.5997374,,35.40154240399784,35253.0,2.8294117647058825
262.7997372,5.826639793710543,60.12056327824713,33739.0,1.6666666666666667
262.999737,5.299799144179548,88.81063191694797,34353.0,2.951219512195122
263.1997368,3.5396147502356268,10.531566174534241,33952.0,2.9390243902439024
263.3997366,3.5136610418195158,10.48850131983572,34075.0,2.96319018404908
263.5997364,5.579678592913003,20.52377607170758,34909.0,2.9693251533742333
263.7997362,3.1346530659289997,4.512520079018801,34704.0,2.9937888198757765
263.999736,3.5098230088495574,9.632356486927389,33900.0,3.0314465408805034
264.1997358,3.15965750937916,9.850450854447207,33052.0,3.0440251572327046
264.3997356,5.253711121583412,16.390772969723034,33952.0,2.9693251533742333
264.5997354,,87.73836532241529,31543.0,1.6358024691358024
264.7997352,,74.98113174455017,34461.0,2.9451219512195124
264.999735,,99.54933711657647,32523.0,1.3392857142857142
265.1997348,,56.137138732427275,35791.0,2.7039106145251397
265.3997346,,82.65624692312365,34279.0,1.2432432432432432
265.5997344,,31.333167912185512,33439.0,1.423913043478261
265.7997342,,14.858539655256555,33983.0,1.2419354838709677
265.999734,,94.62413926433679,36066.0,2.633879781420765
266.1997338,4.780197298357716,15.202620467096144,35682.0,2.7344632768361583
266.3997336,6.625579290865714,22.702262941267907,36467.0,2.619565217391304
266.5997334,6.150162246838984,23.274150072404638,35748.0,2.4974093264248705
266.7997332,4.894242034576368,26.16248684762831,34995.0,2.5638297872340425
266.999733,,22.537467112617062,33930.0,2.6759776536312847
267.1997328,,10.372790870113912,32539.0,2.659340659340659
267.3997326,,94.32689930660625,28570.0,1.3903743315508021
267.5997324,,104.46812439569888,30382.0,2.5287958115183247
267.7997322,4.7816813891781145,27.93182286592599,29773.0,2.7386363636363638
267.999732,6.7462984800838575,22.077372517859256,30528.0,2.9036144578313254
268.1997318,11.977907043383574,34.211763907546164,34898.0,2.7758620689655173
268.3997316,,80.44196291843218,33168.0,1.502857142857143
268.5997314,,83.82989071451321,37072.0,2.7586206896551726
268.7997312,4.92458750338112,18.041484936527006,36970.0,2.7758620689655173
268.999731,3.7017267094997703,81.08155432517339,34864.0,1.5254237288135593
269.1997308,,11.531297302468651,34587.0,1.4775280898876404
269.3997306,,73.76363677682706,36506.0,2.683333333333333
269.5997304,5.314380723942434,14.094630126435641,36688.0,2.6629834254143647
269.7997302,4.992584484881653,23.373085881217296,36545.0,2.7657142857142856
269.99973,4.010660747074461,7.712382455715023,36489.0,2.7485714285714287
270.1997298,,74.30505728832611,33719.0,1.5909090909090908
270.3997296,,56.910995146657555,35991.0,2.7288135593220337
270.5997294,7.69974125017023,10.823352247670574,36715.0,2.764367816091954
270.7997292,5.415077580703361,31.954771147826545,36027.0,2.808139534883721
270.999729,,150.39864787605526,34743.0,1.1184834123222749
271.1997288,,49.96370439946268,32984.0,1.2629107981220657
271.3997286,6.136580953611578,25.785365930265097,30956.0,1.2582159624413145
271.5997284,6.082762890853428,43.94668769162083,29071.0,0.9765258215962441
271.7997282,3.8558715418843104,68.9526974603672,31014.0,2.2535211267605635
271.999728,,139.19451845410083,27152.0,0.9383886255924171
272.1997278,,92.51346768178979,32682.0,2.2582159624413145
272.3997276,,39.161090196647706,29941.0,1.2075471698113207
272.5997274,,77.6892771774819,37031.0,1.2629107981220657
272.7997272,7.21460363964167,105.46948529441708,35498.0,2.484536082474227
272.999727,6.374904687833593,114.03631534138519,32787.0,1.2966507177033493
273.1997268,6.385917505280159,28.36759426363483,32196.0,1.2582159624413145
273.3997266,,28.121301027091445,30749.0,1.1650943396226414
273.5997264,,104.95057859936882,33139.0,2.2629107981220655
273.7997262,15.291671410679722,77.95383247185896,35132.0,1.34
273.999726,14.638615706626144,179.71808923744226,34877.0,2.933333333333333
274.1997258,4.4033216564493936,26.45021343284838,31972.0,3.150326797385621
274.3997256,3.8323710671423936,16.44291625756968,30830.0,3.1842105263157894
274.5997254,2.762089552238806,3.9417574918546134,30150.0,3.198675496688742
274.7997252,3.73729007758536,0.6372889325704749,30547.0,3.1776315789473686
274.999725,3.207143577842801,13.490529524749137,29733.0,3.27027027027027
275.1997248,5.666446106001455,37.477002399157115,30226.0,3.251655629139073
275.3997246,3.02969467439756,11.628639917426067,29837.0,3.28
275.5997244,4.72068050973543,10.660239289551454,30918.0,3.28
275.7997242,3.1855419277429675,6.461960343775767,30004.0,3.3401360544217686
275.99972399999996,2.4626230825909303,3.369029888572148,29858.0,3.3698630136986303
276.19972379999996,4.2759766974953095,9.36408468987396,30383.0,3.423611111111111
276.39972359999996,,132.58503153487362,23287.0,2.08
276.59972339999996,,143.00303658184035,30316.0,3.3698630136986303
276.79972319999996,3.1294531897265947,18.131375054784673,28968.0,3.3469387755102042
276.99972299999996,,153.03723180137072,21232.0,2.0
277.19972279999996,,164.70632877929964,29745.0,3.4166666666666665
277.39972259999996,2.926314346425389,2.2978908143977566,29178.0,3.4166666666666665
277.59972239999996,2.9337225154682423,12.69367658459219,28607.0,3.423611111111111
277.79972219999996,,129.90389887176934,25838.0,1.9379310344827587
277.99972199999996,,121.92591687467409,29053.0,3.413793103448276
278.19972179999996,,144.55352266997872,21539.0,2.032520325203252
278.39972159999996,,160.63785109900806,29253.0,3.4545454545454546
278.59972139999996,8.584821847530266,37.32916141570723,31967.0,3.4166666666666665
278.79972119999996,5.344451743908266,29.45370445856501,33488.0,3.4893617021276597
278.99972099999997,2.8057385046956944,5.21364639360206,32796.0,3.5142857142857142
279.19972079999997,2.584989234081821,12.07001237894288,32510.0,3.464788732394366
279.39972059999997,,12.162483654002052,31908.0,3.5467625899280577
279.59972039999997,,6.197680766738147,31925.0,3.49645390070922
279.79972019999997,4.989179128020695,11.65933883893062,31698.0,3.3424657534246576
279.99971999999997,3.574321244872713,14.567015944361984,30718.0,3.4166666666666665
280.19971979999997,,131.15377437270368,22986.0,2.0991735537190084
280.39971959999997,,147.4685804491006,31414.0,3.4577464788732395
280.59971939999997,7.951805107132374,37.59098861882275,34070.0,3.4577464788732395
280.79971919999997,3.3705512282804073,12.939355715457287,33380.0,3.464788732394366
280.99971899999997,3.2423583460949463,24.078312611652304,32650.0,3.464788732394366
281.19971879999997,3.798697740386165,13.398613809788058,31023.0,3.4265734265734267
281.39971859999997,4.513740087392782,29.544678852395013,30895.0,3.550724637681159
281.5997184,6.28816555423486,5.276542742842684,32811.0,3.4893617021276597
281.7997182,2.48823783650284,9.54056158270041,32392.0,3.4893617021276597
281.999718,2.6462522851919563,8.348839699886287,31726.0,3.5142857142857142
282.1997178,,104.21199078331303,28895.0,1.9928571428571429
282.3997176,,87.16241499512847,30857.0,3.4893617021276597
282.5997174,3.4410009943652633,12.03822080306879,30170.0,3.4097222222222223
282.7997172,2.5728777002662353,3.703487519222443,29673.0,3.4335664335664338
282.999717,3.4254011046817463,4.346411017864658,30416.0,3.4166666666666665
283.1997168,,5.14097311695592,29166.0,3.5142857142857142
283.3997166,,13.977976756369632,29728.0,3.507142857142857
283.5997164,2.1909615126726565,0.5627431036222735,29828.0,3.482269503546099
283.7997162,2.144525351498272,1.998222923472297,29801.0,3.5142857142857142
283.999716,2.8534668567828363,4.806205749134146,30157.0,3.464788732394366
284.1997158,3.4325797605511337,4.136790447480536,29902.0,3.3958333333333335
284.3997156,2.993806173629111,6.677691684976307,29707.0,3.4195804195804196
284.5997154,2.297300013399437,1.6812483384095893,29852.0,3.3958333333333335
284.7997152,2.436648157496214,7.307913851537201,29715.0,3.4027777777777777
284.999715,,152.28382464470556,21851.0,2.0327868852459017
285.1997148,,71.86382399644998,28359.0,1.943661971830986
285.3997146,2.8012173740447914,108.56581882843048,30229.0,3.4680851063829787
285.5997144,2.6648641519388026,7.549027379760525,30328.0,3.4507042253521125
285.7997142,2.8723103244061328,5.105457070259063,30394.0,3.443661971830986
285.999714,2.638368787373787,2.8358433927988798,30603.0,3.4195804195804196
286.1997138,4.189472297252784,7.361253519254848,30358.0,3.3424657534246576
286.3997136,7.321032186459489,46.07013052486966,32436.0,3.3819444444444446
286.5997134,,80.05108950233435,30913.0,2.0567375886524824
286.7997132,,75.6948381414141,34449.0,3.443661971830986
286.999713,5.041629378182379,51.77271882364622,32405.0,3.3333333333333335
287.1997128,3.8035988663912317,17.19726476198912,29287.0,3.3655172413793104
287.3997126,3.699051811716898,4.539944104511243,29530.0,3.335616438356164
287.5997124,3.619706371003289,14.13034020976042,29493.0,3.326530612244898
287.7997122,2.6687369202727336,10.077134585478026,29626.0,3.302013422818792
287.999712,2.7762649242242823,5.827221064544277,29231.0,3.3469387755102042
288.1997118,,17.125114371747678,29138.0,3.3586206896551722
288.3997116,2.8389017406803445,99.44801063531959,26369.0,1.867132867132867
288.5997114,,101.40766554146751,29441.0,3.3401360544217686
288.7997112,2.5175651938927173,5.532297054896215,29604.0,3.3333333333333335
288.999711,2.6676881171263194,6.630526983324079,29370.0,3.3175675675675675
289.1997108,,124.63195370979096,28477.0,1.9246575342465753
289.3997106,,96.7905224452042,31181.0,3.4755244755244754
289.5997104,11.496959007420022,79.5619056900949,32884.0,2.951219512195122
289.7997102,9.859624581150982,108.80961648103124,30739.0,3.2287581699346406
289.99971,3.8390705679862305,25.090240649573364,29050.0,3.3877551020408165
290.1997098,,155.29040127436653,20856.0,1.685483870967742
290.3997096,3.3055460542389445,9.889598331948978,20465.0,1.6935483870967742
290.5997094,,190.38258185467575,27511.0,3.356164383561644
290.7997092,8.470247498683518,170.6486446284547,26586.0,1.8874172185430464
290.999709,2.9056294620216128,9.320511023868892,25633.0,1.9060402684563758
291.1997088,8.621629763518602,47.58085271722785,26556.0,1.8543046357615893
291.3997086,10.414221996591362,213.57222190071766,27577.0,3.27027027027027
291.5997084,4.692656648709952,17.051960334641837,28216.0,3.198675496688742
291.7997082,3.4524668230680344,14.468975371439834,28559.0,3.1633986928104574
291.999708,3.2269770879526978,21.36038653490613,27060.0,3.27027027027027
292.1997078,7.664298868718758,51.24657086003064,26607.0,3.2789115646258504
292.3997076,3.229138111747158,116.54738765298497,24806.0,1.8231292517006803
292.5997074,3.48045297472834,23.589509686988073,24019.0,1.875
292.7997072,3.3875020528822466,7.134822010166468,24356.0,1.902097902097902
292.999707,,77.37634374397793,26954.0,1.6178343949044587
293.1997068,,89.22903660248687,26430.0,1.7866666666666666
293.3997066,8.925198495612202,22.495072038473435,28716.0,1.7702702702702702
293.5997064,7.976036312662706,18.216009615050087,29962.0,1.8986486486486487
293.7997062,8.636386599728459,38.05120596730924,31671.0,1.9183673469387754
293.999706,,14.149999123969879,33144.0,1.8724832214765101
294.1997058,,76.77826947415865,30735.0,1.8791946308724832
294.3997056,6.393663208829086,44.68516230901793,30173.0,1.9463087248322148
294.5997054,4.50095785440613,2.6404598854795287,31320.0,1.9666666666666666
294.7997052,3.178102189781022,17.88129472515633,30825.0,1.9013157894736843
294.999705,4.897002741971067,11.035827178437168,31729.0,1.9215686274509804
295.1997048,,14.169983524688663,33595.0,1.9735099337748345
295.3997046,,252.73863587307088,35369.0,3.248322147651007
295.5997044,6.987670106859074,101.30580112952693,32847.0,3.3472222222222223
295.7997042,4.8731593147612395,15.475989029497194,30763.0,3.2857142857142856
295.999704,5.74984447362964,31.02695652537878,28934.0,3.3541666666666665
296.1997038,17.59740792668331,114.15285122105803,29243.0,3.082802547770701
296.3997036,,43.94675423060881,27108.0,3.1103896103896105
296.5997034,,122.65685418551841,20055.0,1.6451612903225807
296.7997032,8.794386972231846,20.350909011455222,20203.0,1.7622950819672132
296.999703,,158.5019874576735,28644.0,3.2416107382550337
297.1997028,6.058335627753304,13.434866787606921,29056.0,3.27027027027027
297.3997026,3.829530809153924,10.984626172985111,28709.0,3.331034482758621
297.5997024,,164.85616544802386,21626.0,1.8870967741935485
297.7997022,,153.8069022787809,28317.0,3.4357142857142855
297.999702,8.194962500829627,42.973791049029685,30134.0,3.460431654676259
298.19970179999996,8.378107723898278,58.3446262656741,31655.0,3.425531914893617
298.39970159999996,5.265522798369513,12.314955008909626,31647.0,3.408450704225352
298.59970139999996,5.311094525748775,7.197704108544709,30817.0,3.4571428571428573
298.79970119999996,6.228489280136306,29.819366005995494,28172.0,3.5328467153284673
298.99970099999996,6.239679865206402,11.2841103201056,26114.0,3.5328467153284673
299.19970079999996,,8.270405600117117,25250.0,3.5407407407407407
299.39970059999996,,15.736311431954011,25891.0,3.5588235294117645
299.59970039999996,,11.255982980958109,25741.0,3.5220588235294117
299.79970019999996,,10.475989202888451,26308.0,3.4820143884892087
299.99969999999996,4.73268303791703,8.69393479290785,26347.0,3.4820143884892087
300.19969979999996,11.257639262045496,13.436850398407095,27915.0,3.5328467153284673
300.39969959999996,8.631350898036201,32.85165088605096,28618.0,3.611940298507463
300.59969939999996,11.348581012200336,37.97687806377818,30409.0,3.3776223776223775
300.79969919999996,,12.962662242672367,28867.0,3.5407407407407407
300.99969899999996,,11.266769266589352,28973.0,2.9927007299270074
301.19969879999996,,10.902793326652693,30642.0,3.4820143884892087
301.39969859999997,7.007097936817329,73.47010619883082,27191.0,3.45
301.59969839999997,6.511428987406275,20.170402298780502,27474.0,3.4820143884892087
301.79969819999997,4.358168486977775,17.56825044153218,26186.0,3.4676258992805757
301.99969799999997,3.080909125752175,6.0521836840750085,26091.0,3.45
302.19969779999997,4.994673374269438,6.974524053727789,27034.0,3.442857142857143
302.39969759999997,4.312471740768651,6.568985048562874,26540.0,3.5072463768115942
302.59969739999997,2.7612497173437855,2.8831932195532692,26534.0,3.4748201438848922
302.79969719999997,4.431743666169895,1.9469501492016985,26840.0,3.4676258992805757
302.99969699999997,5.72616457880129,36.2035365363074,26662.0,3.585185185185185
303.19969679999997,9.045189653409672,45.10536570595102,29343.0,3.5255474452554743
303.39969659999997,,44.38469067562525,30147.0,3.0671641791044775
303.59969639999997,,11.993706130545451,32055.0,3.611940298507463
303.79969619999997,10.401217920835146,49.458480516001714,34485.0,3.2416107382550337
303.999696,4.8472822123744885,14.741663148751522,35654.0,3.1633986928104574
304.1996958,,48.89032447874896,34145.0,2.8758620689655174
304.3996956,,29.56065916696811,36837.0,3.0125
304.5996954,5.766485948218633,26.69664917182834,36152.0,3.1161290322580646
304.7996952,5.669579008073818,32.196730502335136,34680.0,3.3846153846153846
304.999695,7.990205380064739,25.82329323321663,35836.0,3.01875
305.1996948,21.41550452194799,121.49711596099797,40801.0,2.2629107981220655
305.3996946,,144.20838607208816,31452.0,1.2083333333333333
305.5996944,,80.82094577692405,35122.0,2.2535211267605635
305.7996942,2.897328621908127,2.1797674369123663,35375.0,2.2535211267605635
305.999694,,71.7555388360203,31892.0,1.2048780487804878
306.1996938,,257.9152020448555,33243.0,3.1842105263157894
306.3996936,6.919577825735096,47.64141946592419,29656.0,3.4014084507042255
306.5996934,4.992666136229979,5.789304300084818,28907.0,3.3943661971830985
306.7996932,5.4732469020843775,9.087082471574686,27922.0,3.4326241134751774
306.999693,4.885057471264368,13.367875774629889,27666.0,2.915492957746479
307.1996928,5.852714344832775,8.730544259938577,26581.0,2.8413793103448275
307.3996926,,132.38934458720672,18343.0,1.5655737704918034
307.5996924,,164.53474356925452,23747.0,2.8156028368794326
307.7996922,,12.877844455699682,24616.0,2.7832167832167833
307.999692,,146.86218334012332,15889.0,1.5913043478260869
308.1996918,,154.60641034371758,23026.0,2.9051094890510947
308.3996916,2.6406616306329775,0.38307084744861786,23034.0,2.9051094890510947
308.5996914,,176.1424160371572,16464.0,1.5206611570247934
308.7996912,,167.45045056404797,23004.0,2.85
308.999691,3.167818706798495,2.6357241366357234,22858.0,2.842857142857143
309.1996908,2.585994226226927,0.4544945873905467,22862.0,2.842857142857143
309.3996906,,165.84177362561223,15455.0,1.5169491525423728
309.5996904,,166.80281933616024,22671.0,2.870503597122302
309.7996902,,160.50237826124555,15920.0,1.5338983050847457
309.99969,6.385144097431569,20.458445699561846,16586.0,1.525
310.1996898,,116.04946654409432,22205.0,2.856115107913669
310.3996896,,120.52246896556646,18564.0,1.3609022556390977
310.5996894,,114.78801614390558,24642.0,2.727891156462585
310.7996892,,20.954216574456403,23083.0,2.856115107913669
310.999689,,5.889293452500976,24669.0,2.719178082191781
311.1996888,4.3146093934387535,10.617090913216057,25422.0,2.6533333333333333
311.3996886,,10.337485314068124,24051.0,2.7448275862068967
311.5996884,,162.9260233649137,19526.0,1.7265625
311.7996882,,149.38044764839753,27598.0,2.6578947368421053
311.999688,4.285621539049074,20.603810713370596,26185.0,2.8055555555555554
312.1996878,,11.434114668503085,25427.0,2.825174825174825
312.3996876,,137.08519860595112,19518.0,1.8387096774193548
312.5996874,,129.40405660358977,25445.0,2.839160839160839
312.7996872,,7.390118280838522,26145.0,2.7364864864864864
312.999687,,144.85441491919417,19296.0,1.5546875
313.1996868,2.7510771946218138,5.061628689661648,19263.0,1.5625
313.3996866,2.9195008950194796,5.256920541197032,18994.0,1.53125
313.5996864,,200.4774959558537,28529.0,2.8333333333333335
313.7996862,,98.42534153801432,30825.0,2.9937888198757765
313.999686,,16.631065195243114,27980.0,2.802721088435374
314.1996858,,25.798777248369056,30796.0,3.050632911392405
314.3996856,8.459843107956669,53.19612364032285,32124.0,3.198675496688742
314.5996854,5.419075665604904,10.222085282682917,33278.0,3.2348993288590604
314.7996852,3.8860511436648677,16.772448138057847,31128.0,3.3943661971830985
314.999685,,12.843224534503998,30832.0,3.375886524822695
315.1996848,2.8329620651248115,2.0156899604259513,30526.0,3.0215827338129495
315.3996846,,113.6161644095104,34884.0,3.5182481751824817
315.5996844,3.8473014348322025,8.659770204915564,33314.0,3.585185185185185
315.7996842,6.054775323686215,68.54552545535655,32825.0,3.460431654676259
315.999684,3.552172534094513,10.761795622680191,31530.0,3.5072463768115942
316.1996838,3.047785286487525,18.239732624495087,31223.0,3.5328467153284673
316.3996836,2.6756852399948525,7.883818547558742,31084.0,3.5
316.5996834,2.2727214294896516,3.3033423816396064,31116.0,3.4676258992805757
316.7996832,2.3464819447116927,2.0378216808275322,31182.0,3.5072463768115942
316.999683,2.3060981496379727,0.23458171742178732,31075.0,3.4820143884892087
317.1996828,5.148142342059884,13.120295008152905,31895.0,3.3943661971830985
317.3996826,7.268199001965825,57.74173997126516,33065.0,3.5072463768115942
317.5996824,4.704771340991424,24.72558003519854,32297.0,3.408450704225352
317.7996822,4.204234161988773,7.9914730776013885,31175.0,3.4820143884892087
317.999682,,58.80725336352104,30521.0,2.8758620689655174
318.1996818,,17.872965132403785,31076.0,3.2857142857142856
318.3996816,,40.9857588851806,24400.0,1.9926470588235294
318.5996814,,67.6036025227493,27254.0,3.471014492753623
318.7996812,,93.94616749549861,26476.0,2.0074074074074075
318.999681,,48.64175401756163,31480.0,3.4571428571428573
319.1996808,,5.089499324154566,29903.0,3.3194444444444446
319.3996806,,47.85319471259557,28439.0,3.1560283687943262
319.5996804,,14.084847721143301,29576.0,3.3846153846153846
319.7996802,3.4357137985130617,11.736636051586869,29322.0,3.4571428571428573
319.99968,,50.82871829270094,29141.0,3.1933333333333334
320.19967979999996,,13.19367655247591,29156.0,3.1025641025641026
320.39967959999996,8.423132839706529,42.46757771980451,29577.0,3.025
320.59967939999996,,84.18045531659698,24283.0,1.4966442953020134
320.79967919999996,,77.5291295853077,26892.0,2.6405228758169934
320.99967899999996,,51.32589294647934,29853.0,2.9156626506024095
321.19967879999996,16.51164349137209,99.39796801170384,29845.0,3.0062111801242235
321.39967859999996,,25.113049137271513,28843.0,3.0126582278481013
321.59967839999996,,18.95150668042402,28827.0,3.1842105263157894
321.79967819999996,,112.47984501322135,22897.0,1.7426470588235294
321.99967799999996,,131.449883890453,27962.0,3.361111111111111
322.19967779999996,5.582117401201627,19.516028232766175,26797.0,3.312925170068027
322.39967759999996,7.692208904109589,31.308229582696868,25696.0,3.4184397163120566
322.59967739999996,3.7770001965795164,11.19870115202911,25435.0,3.5035971223021583
322.79967719999996,2.4592881329238523,1.3487386292915877,25398.0,3.4748201438848922
322.99967699999996,2.379378197560016,2.7168242794163335,25410.0,3.4820143884892087
323.19967679999996,10.660761540723316,32.255071007441806,27208.0,3.248322147651007
323.39967659999996,6.042043719509924,16.43372163753682,26853.0,3.3846153846153846
323.59967639999996,,5.420187887722147,25919.0,3.397163120567376
323.79967619999996,,3.9410640587205634,26777.0,3.4014084507042255
323.99967599999997,2.8320927948010732,4.885086701305996,26467.0,3.4014084507042255
324.19967579999997,2.9893076117840587,2.975039546493276,26748.0,3.425531914893617
324.39967559999997,6.904155002210108,22.096929681390144,27148.0,3.3402777777777777
324.59967539999997,,6.4533253924754534,26048.0,2.9285714285714284
324.79967519999997,,9.129167654036287,28287.0,3.3013698630136985
324.99967499999997,3.606202286590934,13.61430068942018,27377.0,3.3846153846153846
325.19967479999997,3.181804443101103,10.343018673750551,26468.0,3.45
325.39967459999997,2.6818565077418364,3.675978303857416,26092.0,3.4714285714285715
325.59967439999997,,78.62700700989757,23247.0,2.1333333333333333
325.79967419999997,,91.74968210088154,27295.0,3.3916083916083917
325.99967399999997,7.205287876152374,26.047587261876334,28745.0,3.315068493150685
326.19967379999997,3.3863636363636362,11.732107341986932,27808.0,3.3517241379310345
326.39967359999997,3.1861025622010457,12.27254255543644,26969.0,3.3776223776223775
326.5996734,12.092205719044975,26.433786937817366,28816.0,3.27027027027027
326.7996732,7.90322337701461,13.577608924497662,26556.0,3.3517241379310345
326.999673,,130.08256262424862,20639.0,1.4142857142857144
327.1996728,4.479672829348562,5.102829324173346,20662.0,1.4042553191489362
327.3996726,,122.89234476802937,24242.0,3.3986013986013988
327.5996724,2.520193861066236,1.4120687062167319,24141.0,3.3846153846153846
327.7996722,,7.424946277252941,23498.0,3.387323943661972
327.999672,,4.408962893421052,24742.0,3.3846153846153846
328.1996718,,151.62099711729243,18000.0,1.44
328.3996716,4.20304335343095,14.842213964060452,17415.0,1.4471544715447155
328.5996714,,129.33310605111657,25191.0,3.277027027027027
328.7996712,,138.27376309573626,19739.0,1.6046511627906976
328.999671,9.300944803580308,10.641443227518605,20110.0,1.7244094488188977
329.1996708,,66.30442112237345,21798.0,1.6642335766423357
329.3996706,,105.59613783845211,26328.0,3.3379310344827586
329.5996704,,131.930104111912,19130.0,1.7983870967741935
329.7996702,,134.84702522727736,26356.0,3.331034482758621
329.99967,3.523022966398914,4.923049992970092,26517.0,3.3586206896551722
330.1996698,6.0629871103117505,17.00341492048009,26688.0,3.315068493150685
330.3996696,9.274119448698315,25.459492109437647,28079.0,3.3680555555555554
330.5996694,8.019558338382819,34.0393477195759,29706.0,3.4326241134751774
330.7996692,5.672938046370201,63.19263207104787,26310.0,3.408450704225352
330.999669,5.947460735071354,5.625555946687402,25086.0,3.4225352112676055
331.1996688,3.382470437839565,9.559387158090502,25032.0,3.3846153846153846
331.3996686,,121.46597478733904,22214.0,2.049645390070922
331.5996684,,56.51767689117287,17991.0,1.7851239669421488
331.7996682,,142.6508674411275,24955.0,3.408450704225352
331.999668,7.689249011857708,11.706209914080578,25300.0,3.408450704225352
332.1996678,8.772100402750091,2.750331353669396,24581.0,3.4055944055944054
332.3996676,,8.21142328248201,22864.0,3.471014492753623
332.5996674,3.860113004325947,5.142025725576495,22654.0,3.5036496350364965
332.7996672,,8.853886163019144,23135.0,3.5107913669064748
332.999667,10.969377022653722,28.65489709806668,24720.0,3.3541666666666665
333.1996668,,124.26061011879779,20123.0,1.2941176470588236
333.3996666,,27.97266151284461,17545.0,1.4426229508196722
333.5996664,,39.4164540716388,19770.0,1.3185185185185184
333.7996662,,49.42608144654281,18356.0,1.416
333.999666,,51.04227735948221,22494.0,1.76
334.1996658,,109.19530976409635,25520.0,3.2266666666666666
334.3996656,,7.370018308108258,24991.0,3.2094594594594597
334.5996654,9.295646775820595,9.361143884837498,25774.0,3.1946308724832213
334.7996652,,31.369251625474167,24556.0,3.361111111111111
334.999665,,35.03521740376892,23903.0,3.404255319148936
335.1996648,3.6618089193252046,6.140536030554783,23948.0,3.471014492753623
335.3996646,,98.76597620423007,19652.0,2.045801526717557
335.5996644,2.9522540876560623,10.404571105613353,19143.0,1.6717557251908397
335.7996642,,112.24005267358383,25142.0,3.4326241134751774
335.999664,7.463917525773196,11.350371920517826,24541.0,3.4326241134751774
336.1996638,8.545974048294234,12.857780287477052,23274.0,3.4892086330935252
336.3996636,,14.353742495463855,22789.0,3.471014492753623
336.5996634,,11.23825391210766,22933.0,3.4748201438848922
336.7996632,2.505138858517385,1.4523334882060264,22865.0,3.5035971223021583
336.999663,,13.409635385054244,21908.0,3.0294117647058822
337.1996628,,13.193937992907316,23062.0,3.5217391304347827
337.3996626,,154.16604996819518,15786.0,1.4830508474576272
337.5996624,,139.51212236494172,24481.0,3.4571428571428573
337.7996622,7.406774631168391,9.022977650196854,23588.0,3.4820143884892087
337.999662,8.585542888860424,16.871611122103566,23421.0,3.588235294117647
338.1996618,,11.353114685496783,21993.0,3.0970149253731343
338.3996616,,13.14003390112239,23105.0,3.5693430656934306
338.5996614,16.22877031997785,40.93908002468396,25283.0,3.2635135135135136
338.7996612,,63.44024070400878,24083.0,3.4285714285714284
338.999661,,26.40160403140608,24587.0,3.4964028776978417
339.1996608,11.840450194436135,28.40774050219394,26744.0,3.3680555555555554
339.3996606,17.729535157946998,60.18696973317705,32226.0,2.9693251533742333
339.5996604,8.588254810882548,44.11534461488803,33154.0,3.156862745098039
339.7996602,4.029261580798043,13.787652804290968,32705.0,3.1842105263157894
339.99966,3.4322495831730153,23.718891032249196,31188.0,3.1776315789473686
340.1996598,4.603181561971566,3.2335475417133637,31934.0,3.205298013245033
340.3996596,,44.69453134552101,29074.0,3.4
340.5996594,,41.76216914982532,30933.0,3.205298013245033
340.7996592,4.186470627458825,25.108552899126117,29994.0,3.27027027027027
340.999659,,15.445304630386062,29455.0,2.9517241379310346
341.1996588,,80.26662185321089,36031.0,3.19205298013245
341.3996586,5.441621327529924,28.01216734147099,36760.0,3.2857142857142856
341.5996584,5.016427163385996,36.983310108719664,35003.0,3.2857142857142856
341.7996582,,1095.7517456067583,12455.0,3.6885245901639343
341.999658,,1102.6798572449866,37763.0,3.1866666666666665
342.19965779999995,4.586438954357839,46.97906214689774,33434.0,3.280821917808219
342.39965759999995,,80.88278126403868,25938.0,2.1171875
342.59965739999996,,91.8077849068566,33230.0,3.2567567567567566
342.79965719999996,3.3283632666892577,15.044577444472345,32461.0,3.3379310344827586
342.99965699999996,2.528079571537873,5.99644001173991,32675.0,3.317241379310345
343.19965679999996,2.2788795996826754,1.3006623041611716,32774.0,3.3472222222222223
343.39965659999996,2.384982375106357,3.5777792027286366,32908.0,3.3472222222222223
343.59965639999996,2.304175371665607,3.027968193535211,33027.0,3.3472222222222223
343.79965619999996,,1075.4405630489216,11569.0,4.035714285714286
343.99965599999996,,1063.5186332933652,34191.0,3.1437908496732025
344.19965579999996,4.679813288428019,25.39839796945932,33849.0,3.2789115646258504
344.39965559999996,3.4425687745623437,19.466955976771008,33588.0,3.361111111111111
344.59965539999996,3.0889009760372286,15.493253311937881,33093.0,3.361111111111111
344.79965519999996,7.071638302118076,39.274150359256694,35079.0,3.3379310344827586
344.99965499999996,,1098.3113705160201,14440.0,3.246376811594203
345.19965479999996,,1106.6312395814573,34098.0,3.3846153846153846
345.39965459999996,3.778512044340226,15.088819712236276,32837.0,3.4820143884892087
345.59965439999996,3.0013027144934563,10.523986760217428,33008.0,3.45
345.79965419999996,5.863922043475754,14.5150526594959,34686.0,3.3636363636363638
345.99965399999996,4.945019786141281,17.066929089153817,35631.0,3.2945205479452055
346.19965379999996,5.230723806310106,33.39185396506771,35562.0,3.315068493150685
346.39965359999997,6.94204725332708,54.388100019444,34114.0,3.2348993288590604
346.59965339999997,4.181193195059427,67.32503022216767,25746.0,1.804054054054054
346.79965319999997,7.967347945881482,78.87562814709639,24317.0,1.8571428571428572
346.99965299999997,4.5088928666641275,83.52858665421114,26257.0,3.3379310344827586
347.19965279999997,3.3019450936893397,19.17384299123365,25243.0,3.4326241134751774
347.39965259999997,,99.48818102561583,23973.0,1.813793103448276
347.59965239999997,,109.15234982545196,26537.0,3.2133333333333334
347.79965219999997,,249.7241767878694,24450.0,1.7027027027027026
347.99965199999997,,170.78837986880723,26750.0,3.2348993288590604
348.19965179999997,6.630603081210808,101.21405137602122,25834.0,1.8053691275167785
348.39965159999997,,222.320605896168,31294.0,2.857142857142857
348.59965139999997,,45.62640598011771,35472.0,3.3241379310344827
348.79965119999997,8.344253351345735,50.442486853768195,38492.0,2.9419354838709677
348.999651,8.188761683535203,91.42765873389256,36162.0,3.2266666666666666
349.1996508,5.488798118579032,69.31981900314962,32316.0,3.2133333333333334
349.3996506,8.212147292063687,82.55657526737568,32534.0,3.046666666666667
349.5996504,10.679807547737182,74.59279809310534,33255.0,2.946308724832215
349.7996502,,20.197943737401943,33022.0,3.3450704225352115
349.99965,,26.664255026433942,31464.0,3.4014084507042255
350.1996498,4.960757642738123,34.19728628604524,29407.0,3.425531914893617
350.3996496,7.550316237710565,23.72504808867994,31938.0,3.3846153846153846
350.5996494,3.908142749434531,14.403278145867425,31832.0,3.408450704225352
350.7996492,4.63526636121179,53.424097066672246,29246.0,3.3776223776223775
350.999649,6.157916950748352,23.609131647715987,30801.0,3.3472222222222223
351.1996488,3.5507526178010473,19.76237550310278,30560.0,3.361111111111111
351.3996486,3.51440329218107,18.837742998608395,30861.0,3.292517006802721
351.5996484,4.0780139454980295,44.68671030028769,29687.0,3.0851063829787235
351.7996482,6.707532568038179,21.833649274214682,31012.0,2.9794520547945207
351.999648,7.265586193720945,47.715312026962074,31406.0,3.2635135135135136
352.1996478,,117.88044739140089,24258.0,2.0
352.3996476,,122.40916094581526,30538.0,3.2857142857142856
352.5996474,,13.019728759572784,27580.0,3.1366906474820144
352.7996472,,16.05237601438137,30223.0,3.2567567567567566
352.999647,5.262976516147369,18.434943823773338,28147.0,3.3846153846153846
353.1996468,,7.965566544797276,27028.0,3.352112676056338
353.3996466,,11.283458291854663,27654.0,3.3846153846153846
353.5996464,4.3772380340965835,13.188739581894827,28038.0,3.292517006802721
353.7996462,,117.09095022687187,25042.0,1.8344827586206895
353.999646,,120.57243464259098,28551.0,3.248322147651007
354.1996458,4.866938270706777,15.96274632840614,27491.0,3.3776223776223775
354.3996456,8.681596742528903,3.9974787839392825,27506.0,3.4014084507042255
354.5996454,7.114318240240902,6.073802985093291,27231.0,3.4326241134751774
354.7996452,16.369884820676095,26.96890657461604,32037.0,3.3379310344827586
354.999645,12.417592728338953,90.20919769326822,34105.0,3.3916083916083917
355.1996448,8.88475134080936,54.520062870741725,32816.0,3.4184397163120566
355.3996446,3.698553805520662,20.686404070088855,31047.0,3.4357142857142855
355.5996444,3.4616875225802213,12.70688800239781,30447.0,3.4820143884892087
355.7996442,,61.619723650583296,28772.0,3.382978723404255
355.999644,,33.01405134113434,28832.0,3.45
356.1996438,2.9647333240495755,1.1311876955070788,28724.0,3.4571428571428573
356.3996436,2.928187349653318,5.567501497532386,28268.0,3.4748201438848922
356.5996434,2.896766213111857,1.412352944870046,28295.0,3.4892086330935252
356.7996432,2.6317115582525994,1.9107167075013751,28179.0,3.4820143884892087
356.999643,,11.081434451026379,27176.0,3.1605839416058394
357.1996428,,18.333405148371604,28517.0,3.4892086330935252
357.3996426,2.4714896899985974,0.46214826892224525,28516.0,3.4820143884892087
357.5996424,2.4194316113677727,2.209191420983306,28572.0,3.4820143884892087
357.7996422,6.534787527398713,16.53249217038616,28286.0,3.4571428571428573
357.999642,3.5309772965926784,9.172305852496134,27617.0,3.5588235294117645
358.1996418,5.243041338936178,13.740148613028401,27843.0,3.408450704225352
358.3996416,2.9641200347926935,7.094594666697537,27592.0,3.4326241134751774
358.5996414,,7.295870325799254,27217.0,3.4214285714285713
358.7996412,5.875913208649912,26.658574441016214,27376.0,3.2448979591836733
358.999641,,2.9861254615556914,28046.0,3.248322147651007
359.1996408,3.3280878121558737,9.864730627783421,28151.0,3.24
359.3996406,3.0575253256150505,5.396014610131514,27640.0,3.27027027027027
359.5996404,2.672431444241316,6.858708644759489,27350.0,3.292517006802721
359.7996402,3.7781022424111326,4.588348551934621,27738.0,3.292517006802721
359.99964,2.7318516904528454,5.627324330224203,27537.0,3.292517006802721
360.1996398,2.756623243559719,1.0952095029454254,27328.0,3.315068493150685
360.3996396,3.330963722975449,3.2174709836594144,27290.0,3.292517006802721
360.5996394,3.974080116005075,10.969399566713923,27585.0,3.315068493150685
360.7996392,6.432423721529867,18.4387375066068,27924.0,3.361111111111111
360.999639,,6.477578927008273,27394.0,3.3286713286713288
361.1996388,,31.469036823537582,27942.0,3.425531914893617
361.3996386,3.8409473044038207,15.769981876787307,27953.0,3.4571428571428573
361.5996384,3.8395167286245355,9.309905017569882,26900.0,3.5328467153284673
361.7996382,,9.689887151327405,26426.0,3.1029411764705883
361.999638,,17.82933399040618,27990.0,3.317241379310345
362.1996378,8.034813925570228,42.4915457112274,27489.0,3.5328467153284673
362.3996376,7.104338568006388,12.326725417307024,26299.0,3.6666666666666665
362.5996374,3.592544327291395,16.338110225925888,25323.0,3.78125
362.7996372,2.5092738752959747,1.5403789640118766,25340.0,3.78125
362.999637,2.6135417079846097,2.2782039214089864,25211.0,3.796875
363.1996368,2.4699076825547763,0.1991054297985349,25239.0,3.78125
363.3996366,2.4378111418411694,2.740404145069632,25310.0,3.7890625
363.5996364,,6.963998368736422,24710.0,3.779527559055118
363.7996362,,9.525153633755687,25651.0,3.7099236641221376
363.999636,3.0464130050653786,4.215717760206183,25467.0,3.7674418604651163
364.1996358,4.385220189839899,16.271724528875193,24547.0,3.9274193548387095
364.39963559999995,2.755110317975341,4.24361379335248,24656.0,3.864
364.59963539999995,,7.79296340578698,24083.0,3.8548387096774195
364.79963519999995,2.434102755026061,1.4869103266797254,24174.0,3.879032258064516
364.99963499999996,,6.162018262767095,24211.0,3.872
365.19963479999996,15.366670224499234,30.895104877008322,28107.0,3.5588235294117645
365.39963459999996,,5.046217772710893,27442.0,3.159090909090909
365.59963439999996,4.075493444748595,17.232285970563417,27764.0,3.230769230769231
365.79963419999996,,63.855662449652286,26951.0,3.6044776119402986
365.99963399999996,11.4684167953526,37.47219078430975,27198.0,3.2857142857142856
366.19963379999996,6.548487720129511,64.56886734454697,25326.0,3.4964028776978417
366.39963359999996,,9.913590993115244,23774.0,3.022222222222222
366.59963339999996,,4.6946920066476805,24938.0,3.4782608695652173
366.79963319999996,,6.856523318382496,25501.0,3.4326241134751774
366.99963299999996,,10.746850381209676,24096.0,2.949640287769784
367.19963279999996,,13.207230113061195,25433.0,3.4714285714285715
367.39963259999996,11.516680923866552,38.31320726017601,26887.0,3.1710526315789473
367.59963239999996,12.014774149275421,73.67243034439815,24773.0,3.4295774647887325
367.79963219999996,,40.18566605822247,21271.0,1.874074074074074
367.99963199999996,,78.8406663810807,23721.0,3.6515151515151514
368.19963179999996,,12.470015461206392,23459.0,3.6923076923076925
368.39963159999996,,3.887623145563828,23974.0,3.6946564885496183
368.59963139999996,2.4303723248314277,0.9257810460401475,23877.0,3.6946564885496183
368.79963119999996,,12.074356184949915,22529.0,3.131782945736434
368.99963099999997,,77.5759535857635,27957.0,2.608695652173913
369.19963079999997,,69.7633765530193,27257.0,3.308219178082192
369.39963059999997,4.817936614969656,20.238356255123065,26694.0,3.3776223776223775
369.59963039999997,,59.55301516915319,22257.0,1.874074074074074
369.79963019999997,,68.92107152197514,26493.0,3.3472222222222223
369.99962999999997,2.7255027732709505,2.7107969041834865,26503.0,3.3776223776223775
370.19962979999997,,12.772685061043815,25452.0,2.937062937062937
370.39962959999997,,77.71840548232716,22291.0,1.8676470588235294
370.59962939999997,,16.116842516160457,29019.0,3.109677419354839
370.79962919999997,5.779212245371265,40.181101848826074,25871.0,3.4571428571428573
370.99962899999997,,73.61931097158167,21108.0,1.9029850746268657
371.19962879999997,5.834232513726426,21.21842544616444,20945.0,1.8656716417910448
371.39962859999997,,31.673672243454522,25715.0,3.2684563758389262
371.5996284,,85.65085929517416,20957.0,2.0948905109489053
371.7996282,,5.061833019897247,19652.0,1.8257575757575757
371.999628,,8.305139219052743,20002.0,1.7985074626865671
372.1996278,2.9349100464928237,4.089222445904002,19788.0,1.8296296296296297
372.3996276,2.502471003530005,0.7258958874221471,19830.0,1.8208955223880596
372.5996274,5.6279171955863685,6.078306541549552,20482.0,2.140740740740741
372.7996272,,45.04636084604816,26250.0,3.3013698630136985
372.999627,3.967604267701261,12.706745077815942,25775.0,3.361111111111111
373.1996268,,102.32805585026355,20663.0,1.7238805970149254
373.3996266,,94.56376908862822,24941.0,3.3732394366197185
373.5996264,,85.45220248043469,21262.0,1.8962962962962964
373.7996262,,85.55100653580446,24170.0,2.9
373.999626,,13.396638665426305,25380.0,3.4014084507042255
374.1996258,,80.25967333623917,21102.0,1.9248120300751879
374.3996256,,90.52024306765699,24028.0,2.9855072463768115
374.5996254,,84.14733953307683,20792.0,1.9015151515151516
374.7996252,2.8654239383708213,2.8551567078367315,21029.0,1.9242424242424243
374.999625,10.977308430790714,46.96691117708478,22916.0,2.7883211678832116
375.1996248,8.942913103711842,13.289367600797469,20933.0,2.6595744680851063
375.3996246,,58.10264448313561,23800.0,3.361111111111111
375.5996244,,110.69570778297049,18772.0,1.3455882352941178
375.7996242,,115.78384059929881,22056.0,2.921985815602837
375.999624,,14.947402471459725,23083.0,3.3846153846153846
376.1996238,2.581082821690782,0.590471471003793,23291.0,3.4225352112676055
376.3996236,,120.50400025553138,18398.0,1.3955223880597014
376.5996234,,113.18750967798415,25008.0,3.361111111111111
376.7996232,8.745544786618728,28.75987676217851,25588.0,3.361111111111111
376.999623,,75.47516370185622,27222.0,2.7350993377483444
377.1996228,,27.635109191046695,27225.0,3.3241379310344827
377.3996226,3.152441297055535,9.95378563976301,26830.0,3.408450704225352
377.5996224,,7.1486601756959764,26292.0,2.978723404255319
377.7996222,,6.237282737859001,25719.0,2.971631205673759
377.999622,,40.865895334912985,29860.0,2.9390243902439024
378.1996218,9.72691211106979,34.5881278359397,32268.0,3.0
378.3996216,,65.08913553515967,31902.0,3.0126582278481013
378.5996214,,27.030859428105494,31168.0,3.205298013245033
378.7996212,4.070754565070368,25.69046076412722,31051.0,3.2066666666666666
378.999621,2.5194716687220096,7.04509737893115,30814.0,3.2348993288590604
379.1996208,2.5015584415584415,6.281076451815146,30800.0,3.2348993288590604
379.3996206,5.249841972187105,38.12136445847403,31640.0,3.2348993288590604
379.5996204,3.341020128981825,28.73448460334435,30702.0,3.156862745098039
379.7996202,2.8686770076291714,82.43854017672113,27657.0,1.8333333333333333
379.99962,6.797515183278355,106.94471146366494,32437.0,3.2066666666666666
380.1996198,,27.356153107367568,32088.0,3.120805369127517
380.3996196,,39.62675528969277,31621.0,3.292517006802721
380.5996194,3.1165076611737494,14.020829427218844,31131.0,3.317241379310345
380.7996192,2.328443123341963,2.6889217593743453,31287.0,3.272108843537415
380.999619,2.232828202265114,2.0222245563474566,31345.0,3.292517006802721
381.1996188,2.197463652084801,3.0575835538384624,31226.0,3.2789115646258504
381.3996186,2.3059739925325093,1.5444377684929715,31068.0,3.272108843537415
381.5996184,5.646128951954195,19.814356104181606,32136.0,3.1710526315789473
381.7996182,3.0363074789624633,8.199203691587195,31729.0,3.228187919463087
381.999618,3.360379478217451,14.763291351464197,32044.0,3.1842105263157894
382.1996178,,16.040289595828437,31474.0,3.152317880794702
382.3996176,,5.511813309433541,31579.0,3.164473684210526
382.5996174,2.2888159153223233,0.5135396376647009,31366.0,3.185430463576159
382.7996172,2.5268900012835322,6.5489871612448045,31164.0,3.205298013245033
382.999617,2.4488390712570056,4.54944539223573,31225.0,3.198675496688742
383.1996168,9.457236260823468,57.96379245874283,33954.0,3.19205298013245
383.3996166,,29.398022667246344,31256.0,3.0454545454545454
383.5996164,,57.35468006163748,31451.0,3.205298013245033
383.7996162,16.608472796887543,125.42553772547448,32386.0,2.9814814814814814
383.999616,10.783330751355539,38.417951349398706,32275.0,3.205298013245033
384.1996158,8.434297751068707,24.714176118329558,32282.0,3.331034482758621
384.3996156,5.547375337160246,48.71043918154682,28918.0,3.4571428571428573
384.5996154,,17.179491996653866,26368.0,3.13768115942029
384.7996152,,25.091919145123125,27213.0,3.5474452554744524
384.999615,,104.31927196595791,18672.0,2.0701754385964914
385.1996148,,106.4726598582031,25747.0,3.208955223880597
385.3996146,,34.329465483350276,28234.0,3.3846153846153846
385.5996144,,13.302668791302365,26514.0,2.993006993006993
385.7996142,,18.783080578982894,26229.0,3.217391304347826
385.999614,,8.340129340001466,25468.0,3.145985401459854
386.1996138,,15.222068000240268,26646.0,3.20863309352518
386.39961359999995,2.4073851921274603,2.085367948195269,26675.0,3.20863309352518
386.59961339999995,14.60458274768738,41.445345414790616,30593.0,3.1298701298701297
386.79961319999995,5.015499386837444,6.905928913676166,29356.0,2.8838709677419354
386.99961299999995,5.253394962198574,19.40487411438759,27909.0,3.027027027027027
387.19961279999995,4.640408593551202,11.080310495223596,27509.0,3.0684931506849313
387.39961259999995,6.316353887399464,4.637321474431397,28348.0,3.111111111111111
387.59961239999996,,105.26620492702472,20873.0,1.864
387.79961219999996,,133.5093751799258,29075.0,3.1690140845070425
387.99961199999996,4.596424838721303,8.292978371593733,27747.0,3.2214285714285715
388.19961179999996,4.137656719700858,14.731744777737408,27278.0,3.2517985611510793
388.39961159999996,2.8554327808471456,2.6945859426663,27150.0,3.2446043165467624
388.59961139999996,,6.999665519418674,26671.0,3.1594202898550723
388.79961119999996,,6.199015911668992,27312.0,3.2517985611510793
388.99961099999996,,4.697103432439799,26860.0,3.282608695652174
389.19961079999996,,29.540620474377477,30103.0,3.1538461538461537
389.39961059999996,7.4965747757884635,20.27341965288393,30217.0,2.8840579710144927
389.59961039999996,13.839599365564236,69.30556306459808,34046.0,2.556179775280899
389.79961019999996,9.446386292834891,61.4038700951339,32100.0,2.5083798882681565
389.99960999999996,,172.86483526289706,31726.0,1.0849056603773586
390.19960979999996,,39.14986351264718,30660.0,1.7464788732394365
390.39960959999996,,112.60060062423561,24821.0,0.8802083333333334
390.59960939999996,,36.15209744931076,25851.0,0.9121951219512195
390.79960919999996,,146.45711614191654,26858.0,0.90625
390.99960899999996,15.239256023671974,145.5898323934078,21291.0,1.0632911392405062
391.19960879999996,,188.8667498080827,26848.0,2.9011627906976742
391.39960859999997,13.62054646334229,68.7500397858126,28657.0,2.398009950248756
391.59960839999997,7.11096169222941,28.38405666506703,27514.0,2.5052083333333335
391.79960819999997,11.141381007052649,97.76409706804486,24388.0,3.388888888888889
391.99960799999997,7.0143187257572,3.5916433835461827,24234.0,3.3472222222222223
392.19960779999997,,60.440840482520954,21322.0,2.645390070921986
392.39960759999997,,71.30446139133085,22835.0,3.380281690140845
392.59960739999997,,18.379242555250734,22504.0,3.4326241134751774
392.79960719999997,,17.4509714918256,23845.0,3.4388489208633093
392.99960699999997,,78.94785567022372,26313.0,3.4782608695652173
393.19960679999997,11.668374558303887,33.72263902412213,28300.0,3.6793893129770994
393.39960659999997,12.124003370713684,100.19068574143057,30854.0,3.6315789473684212
393.59960639999997,,92.00882586434147,34813.0,3.585714285714286
393.79960619999997,,89.64196452607118,33757.0,3.3943661971830985
393.99960599999997,4.36370421046085,10.639855412467808,32158.0,3.551470588235294
394.1996058,,50.44720962605898,33697.0,3.375886524822695
394.3996056,,151.13895904229082,35039.0,1.7375
394.5996054,,1302.2966999464388,13377.0,3.515625
394.7996052,,1256.8215286131087,31219.0,1.8079470198675496
394.999605,,93.52243735963154,27163.0,1.1904761904761905
395.1996048,,124.29597414831258,28716.0,0.8226600985221675
395.3996046,,10.239739177673025,28883.0,0.7707317073170732
395.5996044,,44.937214777437696,27450.0,0.729064039408867
395.7996042,,64.68581082750508,28894.0,1.2347417840375587
395.999604,,84.68235059271696,26315.0,0.7560975609756098
396.1996038,6.9609408135723925,42.69875492319111,25935.0,0.7707317073170732
396.3996036,15.175261960696574,98.1510014478196,26817.0,0.7463414634146341
396.5996034,17.115629706870582,116.50716473399387,25893.0,0.7951219512195122
396.7996032,20.560665292487027,137.21204969989324,28138.0,0.8731707317073171
396.999603,20.375794321692997,77.83115350940645,34306.0,1.0878048780487806
397.1996028,,174.5389029019538,35061.0,2.796511627906977
397.3996026,3.1557064872413356,51.13911045145019,31508.0,3.00625
397.5996024,,33.011728986642034,27596.0,2.69281045751634
397.7996022,,31.504938793658248,27900.0,3.156862745098039
397.999602,6.9720199057443235,22.357621665903036,30343.0,3.1298701298701297
398.1996018,11.186962771731158,95.16560763566937,34087.0,3.150326797385621
398.3996016,3.0186766917293233,16.417947219784555,33250.0,3.2635135135135136
398.5996014,3.5403596821413634,3.9721372848758287,33474.0,3.2348993288590604
398.7996012,3.889319226651552,47.8148314404034,31758.0,3.1776315789473686
398.999601,6.000645022575791,51.89684552188392,32557.0,3.2533333333333334
399.1996008,9.7055814352262,73.22455979006484,34991.0,3.43448275862069
399.3996006,,170.87382814772351,28645.0,2.0757575757575757
399.5996004,,83.29530654962522,34974.0,1.1267605633802817
399.7996002,24.027621091354998,178.75364724009412,32620.0,1.2112676056338028
399.9996,,92.8001117501785,28061.0,0.8229166666666666
400.1995998,,56.976034293471926,30202.0,0.8915094339622641
400.3995996,3.4059122801183785,13.020365960345583,30073.0,0.8726415094339622
400.5995994,,25.114287600561553,30737.0,1.215962441314554
400.7995992,,19.32776732778945,30487.0,0.9245283018867925
400.999599,,177.55303045945425,30624.0,0.9219512195121952
401.1995988,8.402103857071298,62.74677728051677,29945.0,0.9170731707317074
401.3995986,,36.88542631817237,30669.0,1.3568075117370892
401.5995984,3.700514265124963,15.78571700377234,30529.0,1.380281690140845
401.7995982,,14.067025509282773,29552.0,0.8862559241706162
401.999598,,16.019051473663097,28263.0,0.8878048780487805
402.1995978,3.333463907980485,13.393741651370451,28081.0,0.8926829268292683
402.3995976,7.008947718701472,52.42589115100184,27046.0,0.8780487804878049
402.5995974,,145.734470880913,29973.0,1.2816901408450705
402.7995972,19.56902421089899,121.10119607666384,36719.0,1.5446009389671362
402.999597,,132.122563810883,31870.0,1.3350253807106598
403.1995968,,167.48741034205355,25921.0,3.2684563758389262
403.3995966,,8.625801729148638,25311.0,3.2653061224489797
403.5995964,,43.65217828075242,30097.0,3.2133333333333334
403.7995962,18.50587584681322,133.8246868891975,36165.0,2.9753086419753085
403.999596,,230.29053333578173,32061.0,1.40625
404.1995958,,103.34779143687686,34665.0,1.5211267605633803
404.3995956,,106.8354908630875,33197.0,1.240566037735849
404.5995954,,79.96676963348766,26932.0,0.9792746113989638
404.7995952,,91.70880051776146,32204.0,2.272300469483568
404.999595,16.317342102717863,215.23649390475506,31017.0,1.2910798122065728
405.1995948,6.997593975564791,39.65214162578338,32003.0,1.3380281690140845
405.3995946,8.99257890781563,59.45238338259745,31936.0,1.5567567567567568
405.5995944,15.468146103206626,135.3612068210977,28254.0,2.013986013986014
405.7995942,12.201796407185629,93.16549226933611,30060.0,1.8741721854304636
405.999594,5.232301239153405,56.5435997618125,31231.0,3.4895104895104896
406.1995938,,152.42677484485492,28214.0,1.9315068493150684
406.3995936,,105.1143138933597,28651.0,3.4755244755244754
406.5995934,2.867614061331339,10.637147179466853,28077.0,3.5106382978723403
406.7995932,3.7399043062200956,125.82602552860378,26125.0,1.9517241379310344
406.999593,6.097349316224886,94.28660412801328,29615.0,3.4482758620689653
407.1995928,3.6467327397950613,17.44952741597724,29765.0,3.4315068493150687
407.3995926,3.815616027146959,2.6837577197807834,30648.0,3.4452054794520546
407.5995924,9.32487146529563,48.22831375524122,31120.0,1.9594594594594594
407.7995922,,156.07116389802172,31509.0,2.1702127659574466
407.999592,,253.73371958774547,33342.0,3.4388489208633093
408.1995918,8.979981422760321,79.60827700095375,31221.0,3.408450704225352
408.3995916,7.14686239042716,9.765382924222829,28748.0,3.4097222222222223
408.59959139999995,8.09534706331045,34.548200424647035,23598.0,3.397163120567376
408.79959119999995,,165.9747764967597,17139.0,1.5593220338983051
408.99959099999995,,56.4343052168932,15750.0,1.565217391304348
409.19959079999995,,54.847486036760365,17412.0,1.376
409.39959059999995,,71.67627403146349,22254.0,1.7445255474452555
409.59959039999995,,69.07014437581702,32118.0,3.1447368421052633
409.79959019999995,26.59287006671944,181.7057052603871,35372.0,1.244131455399061
409.99958999999996,8.451590861828228,24.077515881793918,33661.0,1.1690140845070423
410.19958979999996,,57.478978028217945,30389.0,1.1084905660377358
410.39958959999996,12.246960612184052,65.78805818155529,30187.0,1.2075471698113207
410.59958939999996,,30.926751326447224,29547.0,1.2450980392156863
410.79958919999996,,149.2314487948247,28974.0,1.0390243902439025
410.99958899999996,,248.590363712086,31562.0,1.9704433497536946
411.19958879999996,,126.92130706924942,23292.0,2.606451612903226
411.39958859999996,,8.597651319411646,24068.0,3.1447368421052633
411.59958839999996,,12.185869017439162,24704.0,3.225165562913907
411.79958819999996,10.616893561928675,43.45878495674552,25489.0,3.155844155844156
411.99958799999996,,3.1951110339610693,24519.0,3.2432432432432434
412.19958779999996,,131.9490077402497,17812.0,1.3076923076923077
412.39958759999996,,52.40372054360058,26370.0,0.917098445595855
412.59958739999996,,23.342298993432443,24120.0,1.0545454545454545
412.79958719999996,,61.70945750659352,24162.0,1.7012987012987013
412.99958699999996,,166.1039490411459,30057.0,0.9170731707317074
413.19958679999996,,38.958667799610076,31987.0,1.3192488262910798
413.39958659999996,,65.63787924898422,30192.0,0.8195121951219512
413.59958639999996,,104.04032683179013,30982.0,1.2347417840375587
413.79958619999996,,111.75552192249374,37005.0,1.5083798882681565
413.99958599999997,,64.91804865604999,24415.0,1.6521739130434783
414.19958579999997,,119.31277979381852,28414.0,3.2789115646258504
414.39958559999997,,142.20908888460175,20441.0,1.7165354330708662
414.59958539999997,,141.15382226174523,27108.0,3.3379310344827586
414.79958519999997,9.33381440323279,43.12007332130547,27716.0,3.2653061224489797
414.99958499999997,,133.43998628066558,19245.0,1.860655737704918
415.19958479999997,,155.45249029011552,26773.0,3.408450704225352
415.39958459999997,,7.427057379052038,26034.0,3.375886524822695
415.59958439999997,,32.643667748984626,26278.0,3.3846153846153846
415.79958419999997,3.6867094842192363,10.770584282816085,25379.0,3.4225352112676055
415.99958399999997,6.174281731588322,6.8708694906520575,25826.0,3.361111111111111
416.19958379999997,7.623702613176297,6.323292361519907,27170.0,3.292517006802721
416.39958359999997,7.812421141174822,15.806029064809964,28532.0,3.292517006802721
416.5995834,10.19555743005764,62.58044799070544,28452.0,3.248322147651007
416.7995832,5.3748823060766275,16.181793577479848,27614.0,3.272108843537415
416.999583,,11.25619395353296,28955.0,3.1946308724832213
417.1995828,,37.13201760186345,29241.0,3.361111111111111
417.3995826,4.2985300548286185,11.657240179550923,29729.0,3.4326241134751774
417.5995824,5.688415980726762,24.900416446285085,29886.0,3.317241379310345
417.7995822,,17.197107087981987,28067.0,3.057142857142857
417.999582,,18.055047291859623,28238.0,3.0214285714285714
418.1995818,,32.397766935414154,32091.0,3.370629370629371
418.3995816,11.62911457735979,61.80079254623722,34876.0,3.310344827586207
418.5995814,11.374764281752634,115.6545612206117,36060.0,2.7443181818181817
418.7995812,15.708518471499302,252.77148488284635,31508.0,1.9536423841059603
418.999581,,27.165397094362998,28838.0,2.006993006993007
419.1995808,,26.09113373951571,27717.0,1.93006993006993
419.3995806,,60.25652837679798,31745.0,1.6329113924050633
419.5995804,,94.53640218665191,29643.0,1.66875
419.7995802,3.514511076725667,44.3765282142568,26497.0,1.7880794701986755
419.99958,24.378594704039987,150.40644881761773,31609.0,1.2488262910798122
420.1995798,,46.7993281104568,29400.0,1.2264150943396226
420.3995796,,44.25652232772479,26594.0,0.7414634146341463
420.5995794,,36.74633062822404,28987.0,1.0046948356807512
420.7995792,27.37011541491147,202.82363973236528,29199.0,1.0140845070422535
420.999579,25.055680332539975,173.4418534318084,29831.0,1.028169014084507
421.1995788,17.412885750217665,109.40029412227761,31011.0,1.2863849765258215
421.3995786,,10.94430414020186,28510.0,1.018957345971564
421.5995784,,90.74360001739629,29118.0,1.0234741784037558
421.7995782,12.832131650978036,77.62731766263661,29958.0,0.9906103286384976
421.999578,18.59439351667331,176.54431304047273,37635.0,2.2065727699530515
422.1995778,15.274501544509969,163.2746180427405,35610.0,2.396039603960396
422.3995776,12.088953788008933,139.6802556648446,29105.0,3.248322147651007
422.5995774,4.361477480005613,6.489678828450133,28508.0,3.2789115646258504
422.7995772,,175.33366489850144,20134.0,1.4809160305343512
422.999577,,161.07980429405717,25822.0,3.1025641025641026
423.1995768,4.704170627867565,30.268474797779604,24193.0,3.3379310344827586
423.3995766,4.360937699069945,13.777616816250791,23547.0,3.5588235294117645
423.5995764,,164.87351034548323,16414.0,1.8421052631578947
423.7995762,,86.21829133640927,26172.0,3.7846153846153845
423.999576,8.49167733674776,55.79849160191452,24992.0,3.763358778625954
424.1995758,,124.15391577746077,17767.0,1.9130434782608696
424.3995756,,101.02354864315701,27461.0,3.198675496688742
424.5995754,12.989444023887627,24.49987249307065,23778.0,2.0681818181818183
424.7995752,5.879132398000323,20.21712118279476,24804.0,1.95
424.999575,4.74997994384276,23.079938398086632,24930.0,1.902097902097902
425.1995748,5.564465866123738,29.8832369561845,24067.0,1.9781021897810218
425.3995746,5.021005577752285,13.486399885661239,25279.0,1.948905109489051
425.5995744,7.049647735917706,55.936169553833764,30233.0,3.4397163120567376
425.7995742,9.221559619070801,42.23436301467139,32867.0,3.1818181818181817
425.999574,4.109773602140014,25.814917346430217,30654.0,3.5588235294117645
426.1995738,6.261148593055784,97.52308631563791,30385.0,1.9930555555555556
426.3995736,3.0555341551104265,76.90294567405972,31152.0,3.408450704225352
426.5995734,2.962380936006327,91.68979016225478,29081.0,2.078014184397163
426.7995732,,68.36672113702029,22621.0,2.1965811965811968
426.999573,,47.64010286857049,27412.0,1.943661971830986
427.1995728,,51.611083312925025,24806.0,3.4927536231884058
427.3995726,,175.0145521984523,18660.0,1.4251968503937007
427.5995724,,67.80048556052623,22779.0,1.837837837837838
427.7995722,3.628201089157928,18.54747218600942,22219.0,1.8435374149659864
427.999572,2.9305204854606175,123.38700413071818,24554.0,3.361111111111111
428.1995718,2.9795660948536833,10.837345824303016,23784.0,3.415492957746479
428.3995716,,129.57377217526926,20422.0,1.524822695035461
428.5995714,,131.52220443198698,23535.0,3.3846153846153846
428.7995712,,155.64468382374312,17854.0,1.4285714285714286
428.999571,,74.32424140853979,21270.0,1.9154929577464788
429.1995708,2.611013196922151,118.34468937296005,23263.0,3.4326241134751774
429.3995706,2.52276120994923,2.9766432781023675,23439.0,3.425531914893617
429.5995704,,156.8950921657522,16586.0,1.5
429.7995702,,52.42090856426178,20752.0,1.5177304964539007
429.99957,,10.001853748375673,22566.0,1.825503355704698
430.1995698,9.150730137777412,43.07009536909577,24242.0,1.7532467532467533
430.3995696,5.630971169021133,91.87076218001737,25979.0,3.2857142857142856
430.59956939999995,2.942177612917303,122.49357785363146,22915.0,1.8758620689655172
430.79956919999995,2.275142566641616,3.0354225304201927,22621.0,1.8551724137931034
430.99956899999995,,4.432375552808502,22267.0,1.7379310344827585
431.19956879999995,,6.761959088538296,22387.0,1.8758620689655172
431.39956859999995,2.46504705976993,120.08505099220413,24862.0,3.317241379310345
431.59956839999995,8.085030820100421,140.5798473072616,24497.0,1.7777777777777777
431.79956819999995,3.2485495669721685,14.469606613690248,23786.0,1.7933333333333332
431.99956799999995,2.47549418978603,5.671923150634718,23321.0,1.825503355704698
432.19956779999995,3.9779693116376147,117.79427788811934,25873.0,3.2416107382550337
432.39956759999995,,80.54783735949638,22905.0,1.8013698630136987
432.59956739999996,,16.32339514280308,24261.0,1.7828947368421053
432.79956719999996,,97.22272354074816,23946.0,3.0827586206896553
432.99956699999996,,41.98005434107388,25911.0,3.2348993288590604
433.19956679999996,5.753380343123001,5.434482961375307,27512.0,3.185430463576159
433.39956659999996,3.3258380877801397,9.980508529569631,26817.0,3.2348993288590604
433.59956639999996,4.021456509592102,18.177121142882278,26845.0,3.2266666666666666
433.79956619999996,2.871750170544986,12.440696989216718,26386.0,3.25
433.99956599999996,3.01599844297392,13.040678437880475,25690.0,3.3013698630136985
434.19956579999996,2.642265778428126,1.7741020319470726,25969.0,3.292517006802721
434.39956559999996,9.673850890697162,50.568899914868666,27282.0,3.205298013245033
434.59956539999996,4.477991253853323,16.461451077334527,27898.0,3.0440251572327046
434.79956519999996,9.649099083871404,62.695480484634956,29581.0,2.933333333333333
434.99956499999996,3.9105685311473093,31.256002754023232,28301.0,3.025
435.19956479999996,2.496612634341858,1.688522719900931,28193.0,3.025
435.39956459999996,,135.74663215005242,21498.0,1.3669064748201438
435.59956439999996,,121.26699412495567,29189.0,2.957055214723926
435.79956419999996,,124.65450648193449,21612.0,1.410071942446043
435.99956399999996,,147.2730296668013,28003.0,3.0314465408805034
436.19956379999996,7.73558648111332,49.05113984665722,28671.0,2.957055214723926
436.39956359999996,3.085608395714076,20.218368985716996,27252.0,3.069620253164557
436.59956339999997,2.4586628588166373,1.9599944395457223,27312.0,3.0632911392405062
436.79956319999997,2.522620380739082,2.6142704743075384,26790.0,3.0636942675159236
436.99956299999997,6.221221326071017,16.498059494911477,28641.0,3.025
437.19956279999997,,142.4848271568661,20227.0,1.4148148148148147
437.39956259999997,,147.1961758543487,27072.0,3.0377358490566038
437.59956239999997,2.636096654275093,2.545838821904307,26900.0,3.050632911392405
437.79956219999997,2.3366926419901093,0.8352657117072841,26692.0,3.0314465408805034
437.99956199999997,19.142799229755752,147.1601311816408,29601.0,2.9642857142857144
438.19956179999997,3.3104201740874735,32.534142785809344,27917.0,3.1132075471698113
438.39956159999997,,206.50613327474417,20994.0,1.6946564885496183
438.59956139999997,,194.8784603396513,26869.0,3.5944055944055946
438.79956119999997,12.004314093866332,48.84585498171722,28743.0,3.2467532467532467
438.99956099999997,,35.50755781063455,27750.0,3.513888888888889
439.1995608,4.950404684002066,15.528987369074748,29035.0,3.5277777777777777
439.3995606,5.807475166154505,66.13842264484072,27986.0,3.608695652173913
439.5995604,5.0942801918533895,27.91891517836799,27938.0,3.765151515151515
439.7995602,3.232397439627582,13.306774328316102,27496.0,3.875968992248062
439.99956,11.706702713395536,71.85354455436854,30331.0,3.5208333333333335
440.1995598,5.287810270324591,39.75224483232297,29853.0,3.5694444444444446
440.3995596,2.6596757852077,4.497801715902183,29610.0,3.619718309859155
440.5995594,9.869543683550155,70.71741262186232,30286.0,3.496551724137931
440.7995592,5.370949185043145,7.3313722016452045,31290.0,3.591549295774648
440.999559,2.400588724643246,6.050722541021411,31254.0,3.624113475177305
441.1995588,2.4568425113318546,2.62341918857092,31107.0,3.617021276595745
441.3995586,2.346059352169134,5.417456735109534,30934.0,3.624113475177305
441.5995584,13.045026381380895,75.8342286095855,30893.0,3.0120481927710845
441.7995582,5.45125457396759,41.69237473669348,30608.0,3.0787878787878786
441.999558,,80.37858969191488,28737.0,3.0754716981132075
442.1995578,,10.60114683406345,29805.0,2.9939024390243905
442.3995576,2.9124333333333334,4.959103668546197,30000.0,3.0121951219512195
442.5995574,,101.1951892310899,27164.0,1.6625
442.7995572,,114.49956587213735,29703.0,3.037037037037037
442.999557,2.572122684482235,2.1637162791713647,29637.0,3.0559006211180124
443.1995568,2.2451647867764115,0.926511552363648,29523.0,3.049689440993789
443.3995566,5.331533477321814,27.964001990421142,29632.0,2.880952380952381
443.5995564,3.2176460391749004,9.99709979457007,28845.0,2.9754601226993866
443.7995562,2.6888166314988413,7.857596023723708,28909.0,2.98159509202454
443.999556,2.609076517150396,5.338228074671401,28425.0,2.98159509202454
444.1995558,,11.339763282115142,27936.0,3.018633540372671
444.3995556,,42.343963878991616,30207.0,2.911242603550296
444.5995554,14.0030896272786,71.48872821123568,35603.0,2.7621621621621624
444.7995552,6.022570532915361,58.4232597950077,33495.0,3.072289156626506
444.999555,3.104525628731401,44.98832344587779,32327.0,2.3393939393939394
445.1995548,,43.39855795757008,24786.0,2.007751937984496
445.3995546,,132.9289978779407,32297.0,3.445945945945946
445.5995544,,137.28170147658233,24482.0,2.0551181102362204
445.7995542,,70.32377520423347,30343.0,2.0340136054421767
445.999554,,55.416883303721676,24576.0,2.3658536585365852
446.1995538,3.180126260555874,7.2640526073483045,24394.0,2.4201680672268906
446.3995536,,140.08764766869785,32788.0,3.5704225352112675
446.5995534,,99.26468097647941,23775.0,2.6842105263157894
446.7995532,4.553813959213819,33.180124725146676,24371.0,2.8672566371681416
446.999553,,138.23406405084967,33577.0,3.81203007518797
447.1995528,3.519637275231345,22.02894990497389,32311.0,3.8484848484848486
447.3995526,,131.90138701504148,23619.0,2.774774774774775
447.5995524,,117.49761390969216,32381.0,3.819548872180451
447.7995522,2.7650819017179384,8.377847437355417,32539.0,3.81203007518797
447.999552,2.8711276713678635,4.404443958983363,32474.0,3.81203007518797
448.1995518,9.821974613022697,159.2952987290267,31591.0,2.0
448.3995516,4.328247834776816,22.452459210293775,30020.0,2.0694444444444446
448.5995514,4.112029292216736,6.869130071239064,29769.0,2.062937062937063
448.7995512,,2.5676096436551754,28577.0,2.049645390070922
448.999551,,118.541755075401,30273.0,3.510344827586207
449.1995508,5.10227838026067,25.562183997357657,30153.0,3.647482014388489
449.3995506,7.1203280188186096,11.450140452232642,30608.0,3.7205882352941178
449.5995504,13.768381026395403,69.9198003787701,36029.0,3.592857142857143
449.7995502,,1333.0362743842268,13935.0,3.1739130434782608
449.99955,,1308.8658071795332,37325.0,3.6861313868613137
450.1995498,4.939722386296515,25.924348983306785,33860.0,3.781954887218045
450.3995496,3.61213657372894,2.1196699252992426,33535.0,3.7388059701492535
450.5995494,3.739209817419934,25.98985122967995,33410.0,3.765151515151515
450.7995492,4.161688582138395,31.90798487256617,33614.0,3.676470588235294
450.999549,,107.64315345624397,25022.0,2.84070796460177
451.1995488,,114.38646373656329,33707.0,3.6470588235294117
451.3995486,3.0048805166205397,11.02769169631812,33603.0,3.6666666666666665
451.5995484,2.595817264906556,9.27024859409804,33710.0,3.639705882352941
451.7995482,2.381748416074244,3.5105199209135027,33619.0,3.6470588235294117
451.999548,,10.031065680759474,32911.0,3.674074074074074
452.1995478,,25.156522407870543,35302.0,3.3197278911564627
452.3995476,4.081391493081723,20.969354571996508,33173.0,3.507142857142857
452.59954739999995,,103.86118764353124,25141.0,2.658119658119658
452.79954719999995,,124.02933302408174,33978.0,3.5323741007194243
452.99954699999995,2.329045202407648,2.911920250311303,33892.0,3.5323741007194243
453.19954679999995,9.119668806090411,56.788682707514994,35991.0,3.2091503267973858
453.39954659999995,3.1979675413317152,26.00114076280023,32965.0,3.4405594405594404
453.59954639999995,2.4874511822227605,3.1422632902426355,33031.0,3.4475524475524475
453.79954619999995,2.5234866670992018,93.99080209140453,30826.0,2.062937062937063
453.99954599999995,2.1127204234728674,1.3857419531881605,30793.0,2.0347222222222223
454.19954579999995,3.2286605170845784,9.724364747987995,30788.0,1.9586206896551723
454.39954559999995,3.8796803116290004,42.558061694425035,29779.0,1.9310344827586208
454.59954539999995,2.1766720386784852,2.0163279179191322,29784.0,1.9586206896551723
454.79954519999995,8.978105846298915,175.2878399657293,33936.0,3.4125874125874125
454.99954499999996,2.9612360744315938,7.282090272716115,32943.0,3.492857142857143
455.19954479999996,2.4371094811192613,2.7616033600408225,33129.0,3.5179856115107913
455.39954459999996,5.297646988024312,20.430600372474313,33234.0,3.2945205479452055
455.59954439999996,3.003901291141592,14.981945608858476,32297.0,3.4892086330935252
455.79954419999996,2.180551254258284,4.171833068386154,32290.0,3.4571428571428573
455.99954399999996,9.203693291113018,61.6521526483701,33791.0,3.248322147651007
456.19954379999996,7.151396160558464,38.20433127111561,34380.0,3.442857142857143
456.39954359999996,6.437439513341628,24.649313958830152,36165.0,3.4927536231884058
456.59954339999996,,1215.6213424808486,12278.0,3.8333333333333335
456.79954319999996,,18.06112113211465,10889.0,4.245283018867925
456.99954299999996,,1153.4983500784926,37260.0,1.5677083333333333
457.19954279999996,,47.26338740685632,38776.0,1.460093896713615
457.39954259999996,11.70585798816568,105.05692563645559,33800.0,1.2488262910798122
457.59954239999996,,50.4106243863835,28109.0,1.0364583333333333
457.79954219999996,,79.28205932713941,31371.0,1.2253521126760563
457.99954199999996,8.398497422356343,25.262190403378824,31812.0,1.2347417840375587
458.19954179999996,11.974735284957957,146.2804442777819,25688.0,1.6428571428571428
458.39954159999996,10.95241110055925,110.90070732483149,28431.0,3.248322147651007
458.59954139999996,5.948643801017607,22.726949229893727,27319.0,2.9798657718120807
458.79954119999996,4.256507407267079,22.006788336174328,26393.0,3.361111111111111
458.99954099999997,4.062064078176868,6.495810931759878,26811.0,3.3517241379310345
459.19954079999997,2.8275646907689485,2.1734008646225007,27245.0,3.3219178082191783
459.39954059999997,2.7153791584213867,1.546252249032667,26783.0,3.3517241379310345
459.59954039999997,,152.50198657653553,18930.0,1.8617886178861789
459.79954019999997,,65.95003671802783,25040.0,1.93006993006993
459.99953999999997,4.758858158391647,139.53500402953028,27009.0,3.5072463768115942
460.19953979999997,2.9611686119063347,3.6195019396543144,27246.0,3.4642857142857144
460.39953959999997,2.4680272108843537,2.700454829956618,27195.0,3.4785714285714286
460.59953939999997,9.317815865745876,37.17818379073223,27947.0,3.292517006802721
460.79953919999997,3.809361953670521,14.139589308829631,27067.0,3.375
460.99953899999997,2.575394766105716,1.7996816103458981,26978.0,3.361111111111111
461.19953879999997,,18.84001295516058,26202.0,3.280821917808219
461.39953859999997,,146.72663099335753,19485.0,1.5634920634920635
461.5995384,,69.64836679557152,27080.0,1.8333333333333333
461.7995382,,123.24367121771508,29265.0,3.3286713286713288
461.999538,10.072521390629474,44.094416672218124,31439.0,3.111111111111111
462.1995378,,70.97894617546008,36001.0,2.9272727272727272
462.3995376,3.23802276546498,13.476138167539712,31539.0,3.0
462.5995374,3.3727166872862235,118.87828832967051,27482.0,1.4777070063694266
462.7995372,,46.99610156731935,20527.0,1.6
462.999537,,67.34879884236634,25252.0,1.6666666666666667
463.1995368,3.277904328018223,15.672477846734456,25462.0,1.7006802721088434
463.3995366,2.5188761377127027,6.933111451175036,25270.0,1.695945945945946
463.5995364,2.530948602124283,19.36761440358968,24573.0,1.695945945945946
463.7995362,,77.6697438383339,21147.0,1.5112781954887218
463.999536,,63.81934085799975,23997.0,1.618421052631579
464.1995358,2.95431906614786,107.65332740587726,25700.0,3.0866666666666664
464.3995356,2.5119006102877073,102.8368593014133,22940.0,1.7006802721088434
464.5995354,,51.846543426451426,17738.0,1.5203252032520325
464.7995352,,62.91957856611078,21824.0,1.7622377622377623
464.999535,,93.49172213898291,19928.0,1.3805970149253732
465.1995348,11.726509133228761,86.07281198509149,19763.0,1.2941176470588236
465.3995346,5.000787490156373,45.51734130126139,17778.0,1.4206349206349207
465.5995344,,141.76767577621746,24660.0,3.1805555555555554
465.7995342,2.6216160106294635,9.848615207003053,24084.0,3.1944444444444446
465.999534,2.1815836749735134,123.21001431038336,21709.0,1.717241379310345
466.1995338,10.167477216069312,34.840437510225634,24469.0,1.5677419354838709
466.3995336,5.456443788230331,43.72505113086529,23705.0,1.5526315789473684
466.5995334,,68.31649102397154,26882.0,1.5290697674418605
466.7995332,,114.19476270852331,30561.0,1.2629107981220657
466.999533,,46.277707829780844,28991.0,0.7707317073170732
467.1995328,,41.88431720250915,28384.0,0.8541666666666666
467.3995326,,75.48796805800153,34446.0,1.1084905660377358
467.5995324,,24.58143588634205,30071.0,1.018957345971564
467.7995322,,43.55694663290788,28312.0,1.0328638497652582
467.999532,,26.164495863048554,27157.0,0.9073170731707317
468.1995318,,24.450816984594805,28544.0,1.0047169811320755
468.3995316,,39.883559852542874,27722.0,1.048780487804878
468.5995314,,115.74093229347119,26117.0,0.953125
468.7995312,,271.0680312079234,31985.0,1.1268292682926828
468.999531,24.35033191749116,68.1378253219921,39317.0,1.4526315789473685
469.1995308,,153.97878657455968,42801.0,2.802325581395349
469.3995306,5.538361902662184,71.2603307515678,36286.0,3.0314465408805034
469.5995304,5.370266556746359,44.96985241847908,36390.0,3.1225806451612903
469.7995302,5.1497620019039845,50.32643624448087,36765.0,3.3112582781456954
469.99953,5.985483870967742,29.294973447356536,37200.0,3.1633986928104574
470.1995298,3.1057856997706623,26.547717103042157,34447.0,3.198675496688742
470.3995296,,143.26405053044894,27386.0,1.3734177215189873
470.5995294,,154.21596130719152,30456.0,2.824561403508772
470.7995292,,198.47363223559597,32044.0,0.9609756097560975
470.999529,,72.6776395040015,32705.0,1.295774647887324
471.1995288,,55.45768505717954,28300.0,0.7804878048780488
471.3995286,9.007777777777777,56.82703146650969,27000.0,0.7317073170731707
471.5995284,,34.745452005639116,29200.0,1.244131455399061
471.7995282,,97.25179758453173,25014.0,0.71875
471.999528,,46.36285597239331,26196.0,0.6896551724137931
472.1995278,,49.95995813072395,28415.0,1.2300469483568075
472.3995276,13.47828736858144,37.3982752447384,32815.0,1.2300469483568075
472.5995274,,51.01332532039978,23723.0,1.0802469135802468
472.7995272,5.202106535439869,33.6832678301889,23166.0,1.2808219178082192
472.999527,,52.19197805424889,24060.0,1.2972972972972974
473.1995268,,52.059319363507335,23541.0,1.7647058823529411
473.3995266,,57.2994114521495,19292.0,1.3893129770992367
473.5995264,2.2502762721675524,3.036273384265154,19003.0,1.3636363636363635
473.7995262,3.152026852569068,4.879814413112889,19365.0,1.4045801526717556
473.999526,,38.20945972042041,21561.0,1.2206896551724138
474.1995258,,39.14385107801744,22830.0,1.8120805369127517
474.3995256,9.139265878815719,49.74499222965463,23947.0,1.7402597402597402
474.5995254,6.1066714234748485,31.85455445270042,25227.0,1.732484076433121
474.79952519999995,,50.862746329223434,20771.0,1.4701492537313432
474.99952499999995,,59.8389189890983,24709.0,1.7483870967741935
475.19952479999995,2.1458341812853594,2.0964767792624808,24569.0,1.7419354838709677
475.39952459999995,6.120586040300091,24.590893592072078,25459.0,1.7169811320754718
475.59952439999995,6.3255670700775415,119.76403168774875,27598.0,3.150326797385621
475.79952419999995,12.138309513545778,21.88393784175739,30157.0,3.0062111801242235
475.99952399999995,13.047368088866447,24.36038492771408,31688.0,3.0
476.19952379999995,11.946354883081156,108.08548900817367,30534.0,2.785276073619632
476.39952359999995,9.52739501312336,37.565783050354185,24384.0,3.292517006802721
476.59952339999995,9.144179948375466,12.647655720405917,24407.0,3.3819444444444446
476.79952319999995,6.14890137537739,4.077598453129625,23848.0,3.425531914893617
476.99952299999995,,197.3692714868011,22327.0,1.3862068965517242
477.19952279999995,,133.20100737541068,24729.0,3.3379310344827586
477.39952259999995,5.7157678023575,8.270567538882446,24772.0,3.315068493150685
477.59952239999996,7.637274721493397,13.946738746168426,23249.0,3.4714285714285715
477.79952219999996,5.586695036692865,7.76105101107488,23029.0,3.5328467153284673
477.99952199999996,9.434423763057215,19.917780187031248,23263.0,3.408450704225352
478.19952179999996,12.777777777777779,72.25395128160265,27081.0,3.292517006802721
478.39952159999996,16.560732635211984,174.34933794832955,25497.0,1.9424460431654675
478.59952139999996,,43.044841578713175,28371.0,2.0285714285714285
478.79952119999996,,174.53028812006826,27095.0,3.4820143884892087
478.99952099999996,3.833833166722204,11.708407604518648,27009.0,3.562043795620438
479.19952079999996,4.4070699861455145,96.67198586540951,23819.0,2.0073529411764706
479.39952059999996,6.683960692871419,15.656865408842478,24016.0,1.95
479.59952039999996,,10.244773417688535,21842.0,1.9477611940298507
479.79952019999996,,115.1536954935777,25882.0,3.3776223776223775
479.99951999999996,5.264671667535802,32.385612665546766,24929.0,3.408450704225352
480.19951979999996,2.578552021735656,4.785579651007676,25028.0,3.408450704225352
480.39951959999996,3.2344583316370152,10.830238076094595,24563.0,3.4571428571428573
480.59951939999996,,140.91457363454623,18017.0,1.6974789915966386
480.79951919999996,,152.1833071579754,24043.0,3.4748201438848922
480.99951899999996,2.281013188193427,5.199793214199686,23885.0,3.4820143884892087
481.19951879999996,,184.0043023063103,18881.0,1.4351145038167938
481.39951859999996,,149.10567614978854,24346.0,3.375
481.59951839999997,,141.44107342877027,17128.0,1.4634146341463414
481.79951819999997,,184.29357325536844,23806.0,3.3776223776223775
481.99951799999997,,153.76423738826975,16525.0,1.4634146341463414
482.19951779999997,3.498442177286334,3.884401020620086,16369.0,1.4634146341463414
482.39951759999997,,160.52251514115414,23442.0,3.3819444444444446
482.59951739999997,2.748675082941962,6.063061731219738,23209.0,3.4055944055944054
482.79951719999997,15.23815198824137,62.500736751729406,25173.0,3.2905405405405403
482.99951699999997,22.839766439216486,129.64252667359344,29457.0,3.0632911392405062
483.19951679999997,,53.80450673404957,30515.0,3.0709677419354837
483.39951659999997,,66.86597406065992,31715.0,3.070063694267516
483.59951639999997,5.064684506111662,25.23510211803107,30270.0,3.2416107382550337
483.79951619999997,,9.04489895071058,29345.0,3.282758620689655
483.99951599999997,,21.763014946828427,29850.0,3.2133333333333334
484.1995158,,28.560381342520614,27938.0,2.9591836734693877
484.3995156,,119.57091708802125,20333.0,1.7258064516129032
484.5995154,,146.8632052816724,27988.0,3.3241379310344827
484.7995152,,7.374832028357515,27370.0,3.3125
484.999515,,14.99447052672232,29009.0,3.205298013245033
485.1995148,,5.029097327782135,27659.0,3.22972972972973
485.3995146,3.084963035798827,9.703923564702086,27459.0,3.2448979591836733
485.5995144,3.986733120585177,10.283477563471786,27889.0,3.2094594594594597
485.7995142,,17.936752104792692,27627.0,3.292517006802721
485.999514,13.936097216878286,25.54564036332944,31188.0,3.082802547770701
486.1995138,7.59890654474534,34.29659920550834,31277.0,3.292517006802721
486.3995136,6.994032532323783,15.699327564470178,31169.0,3.185430463576159
486.5995134,4.635295269807071,18.09903474527836,30633.0,3.248322147651007
486.7995132,4.007127536710114,17.669093566437994,30305.0,3.361111111111111
486.999513,2.4117743522466384,3.135043713499633,30490.0,3.361111111111111
487.1995128,8.408533653846154,28.428063169644638,33280.0,3.109677419354839
487.3995126,,52.073517847954406,32691.0,3.064516129032258
487.5995124,,111.68926142733108,35020.0,3.0125
487.7995122,8.855513950280132,52.536674611617734,35519.0,3.198675496688742
487.999512,3.4910687436097914,46.52614046577406,33254.0,3.164473684210526
488.1995118,2.9540538013154203,17.998639868168656,32081.0,3.1776315789473686
488.3995116,3.281483758581822,106.7956634817279,29277.0,1.6496815286624205
488.5995114,3.4683215471207967,7.624941710095292,27716.0,1.5286624203821657
488.7995112,3.611523833220773,15.431791154752684,28133.0,1.6
488.999511,3.058751220217651,20.4116233808964,27659.0,1.738562091503268
489.1995108,2.0725199131064445,2.384734820363732,27620.0,1.769736842105263
489.3995106,1.9940549554121656,0.3389053017905343,27586.0,1.756578947368421
489.5995104,,2.449900376291008,27290.0,1.728476821192053
489.7995102,,31.127223257438615,30159.0,1.6181818181818182
489.99951,,50.72521147804105,29492.0,1.625
490.1995098,,10.341949206659358,29319.0,1.675
490.3995096,5.322174916311872,23.412883116665178,30769.0,1.6219512195121952
490.5995094,3.841267779437553,18.978756504340847,30794.0,1.6503067484662577
490.7995092,3.6899308419516528,15.770229033472233,31522.0,1.6402439024390243
490.999509,,53.4645705087911,24897.0,1.8714285714285714
491.1995088,,65.14129045491273,30313.0,1.6583850931677018
491.3995086,,31.07164567831669,32502.0,1.5595238095238095
491.5995084,,27.817671637609937,32324.0,1.6130952380952381
491.7995082,2.7702562163184266,7.6667409922758,31731.0,1.6686746987951808
491.999508,2.1626274497347775,1.5985529951015418,31483.0,1.6363636363636365
492.1995078,6.730768076357415,38.040438759750586,33317.0,1.6162790697674418
492.3995076,2.7447466200393418,11.855123212325136,32027.0,1.6272189349112427
492.5995074,3.298293704570654,11.835671588793069,32468.0,1.6294117647058823
492.7995072,2.4148793774319066,6.708095153997852,32125.0,1.6272189349112427
492.999507,,60.159570339268754,26718.0,1.7074829931972788
493.1995068,,40.67100775751824,34411.0,1.576271186440678
493.3995066,4.016661862208129,16.653164868028583,34690.0,1.6079545454545454
493.5995064,3.6208593081530376,36.54997673878704,32724.0,1.6023391812865497
493.7995062,3.7830202945891176,13.160984688607916,33063.0,1.6294117647058823
493.999506,3.1834529982715063,12.889247453165321,30084.0,1.6566265060240963
494.1995058,,55.127167456021766,24327.0,1.5524475524475525
494.3995056,,64.634418502729,28507.0,1.687116564417178
494.5995054,3.246078431372549,12.41419556274411,28560.0,1.7037037037037037
494.7995052,3.342415105176251,145.8621891259783,27858.0,3.0833333333333335
494.999505,4.828476029514819,68.98498624719873,24259.0,1.7058823529411764
495.1995048,3.4548003436892327,30.4030263290125,22113.0,1.7986111111111112
495.3995046,,73.79404778968596,18990.0,1.464
495.5995044,,149.7135004544365,25857.0,3.2432432432432434
495.7995042,2.355256022929739,1.2557949075892225,25818.0,3.228187919463087
495.999504,2.372888612127345,5.539084598414446,25694.0,3.2364864864864864
496.1995038,,154.69171485342488,18878.0,1.4523809523809523
496.3995036,,63.747111448706065,22993.0,1.816326530612245
496.5995034,3.030155725716252,7.9198053884744155,23246.0,1.8095238095238095
496.79950319999995,2.8771873623513393,124.4515538664104,24973.0,3.251700680272109
496.99950299999995,2.8897522299306244,13.254361090619883,25225.0,3.222972972972973
497.19950279999995,,144.88750584292026,18452.0,1.4566929133858268
497.39950259999995,3.267786666666667,2.5562810870526893,18750.0,1.492063492063492
497.59950239999995,3.093587904204834,17.15513997467541,18122.0,1.6475409836065573
497.79950219999995,,136.65717678401023,26071.0,3.258503401360544
497.99950199999995,,146.74604956879628,18212.0,1.6097560975609757
498.19950179999995,,157.1165336798951,25033.0,3.3241379310344827
498.39950159999995,2.121793593170304,0.8496357568125396,25067.0,3.315068493150685
498.59950139999995,2.145841623557501,2.170305339534917,25130.0,3.3013698630136985
498.79950119999995,2.084295012578365,2.841679534972633,25043.0,3.331034482758621
498.99950099999995,,155.71272355627445,18226.0,1.592
499.19950079999995,,157.71382213654033,25009.0,3.331034482758621
499.39950059999995,2.267765231616327,1.2599114817118953,25063.0,3.331034482758621
499.59950039999995,,156.46602303944894,18131.0,1.6209677419354838
499.79950019999995,,159.58152608953787,25628.0,3.331034482758621
499.99949999999995,,120.9697487928472,21433.0,1.8346456692913387
500.19949979999996,,170.63654930869268,31590.0,3.2567567567567566
500.39949959999996,3.5492872597683593,1.2973414127309433,31428.0,3.2789115646258504
500.59949939999996,5.297286274509804,37.82228365524247,31875.0,3.3379310344827586
500.79949919999996,3.8702475685234305,29.249082704991533,31668.0,3.3776223776223775
500.99949899999996,8.233154670750382,23.502870962053798,33956.0,3.2416107382550337
501.19949879999996,,46.96995712264259,33609.0,2.230769230769231
501.39949859999996,,61.26709682802839,34317.0,2.1354838709677417
501.59949839999996,5.356244409660107,44.77044377666159,35776.0,3.070063694267516
501.79949819999996,,139.37980175536728,25256.0,1.7462686567164178
501.99949799999996,7.990272195834856,29.182991797453678,21896.0,1.992063492063492
502.19949779999996,,123.90477702702792,28727.0,3.3379310344827586
502.39949759999996,6.910553131972427,25.798741723839765,30029.0,3.2266666666666666
502.59949739999996,4.069564915689404,17.051632890987765,28822.0,3.361111111111111
502.79949719999996,,135.36073482103527,22346.0,2.0078740157480315
502.99949699999996,,133.20673948867875,30468.0,3.2266666666666666
503.19949679999996,3.774039119135549,24.111453354630118,29244.0,3.361111111111111
503.39949659999996,3.513449580967829,4.30114030189021,29592.0,3.361111111111111
503.59949639999996,3.5154397573752414,7.944099214416767,29016.0,3.3846153846153846
503.79949619999996,,2.4486406116387873,27939.0,3.431654676258993
503.99949599999997,,5.94711805175907,28457.0,3.4820143884892087
504.19949579999997,2.36616754918119,0.5572632960351603,28517.0,3.4820143884892087
504.39949559999997,,13.644637202665923,27370.0,3.167883211678832
504.59949539999997,,146.75794096366525,22761.0,2.129032258064516
504.79949519999997,,157.5961665050182,31151.0,3.3846153846153846
504.99949499999997,7.858815710352249,8.72809640583071,31597.0,3.5072463768115942
505.19949479999997,5.842678914176035,11.226932854701142,29176.0,3.4571428571428573
505.39949459999997,7.182419624605092,9.150262145849487,26905.0,3.3846153846153846
505.59949439999997,5.800236406619385,34.7994165610321,27072.0,3.5142857142857142
505.79949419999997,5.136325050162062,10.66137496879663,25916.0,3.576642335766423
505.99949399999997,,139.5685813846439,19712.0,1.5555555555555556
506.19949379999997,17.242648625612613,109.33503039508638,18772.0,1.5491803278688525
506.39949359999997,11.542735481223065,18.2855980678262,19492.0,1.8181818181818181
506.5994934,,148.79382786253942,24667.0,2.014705882352941
506.7994932,9.586811133943582,61.95385236740076,26765.0,1.9854014598540146
506.999493,4.797513381665424,79.35812811278728,29518.0,3.6
507.1994928,2.799566908904059,95.40366553238958,27246.0,2.0148148148148146
507.3994926,,3.9909871948365883,27154.0,1.9850746268656716
507.5994924,,8.497984210196728,26858.0,2.0148148148148146
507.7994922,7.805624515128006,30.267827523921714,25780.0,1.8680555555555556
507.999492,4.3951901336074,15.111445684123613,24325.0,1.9357142857142857
508.1994918,,162.3060521662268,25408.0,1.5034013605442176
508.3994916,,56.452915926371055,33115.0,1.4833333333333334
508.5994914,9.89676036466247,46.6483115264942,36856.0,1.3794871794871795
508.7994912,3.8083815515982247,27.416590668175076,35602.0,1.4491978609625669
508.999491,5.668026589826253,24.467798283134826,35051.0,1.5340909090909092
509.1994908,,16.30762958082815,34084.0,1.5903614457831325
509.3994906,,39.14514177595363,29913.0,1.8472222222222223
509.5994904,,75.58658706277976,34299.0,1.7037037037037037
509.7994902,5.023899145605545,10.35832880600931,33474.0,1.8246753246753247
509.99949,,13.262897235030984,33584.0,1.767741935483871
510.1994898,,56.266116050520495,33236.0,1.4226190476190477
510.3994896,,168.04073188053752,32035.0,3.331034482758621
510.5994894,4.151950654392886,17.32832905872047,31938.0,3.408450704225352
510.7994892,3.6988252616753625,21.298139020968428,31241.0,3.4326241134751774
510.999489,2.745089111486926,3.2979903785618134,30748.0,3.4820143884892087
511.1994888,,125.14648433600031,29790.0,2.0
511.3994886,,90.71318174841095,31950.0,3.4405594405594404
511.5994884,2.4939203486719514,9.19846775919581,31663.0,3.4335664335664338
511.7994882,3.6275883543515492,9.36476466789657,32115.0,3.3517241379310345
511.999488,2.740586034912718,9.12934477930616,32080.0,3.388888888888889
512.1994877999999,4.317008603573792,29.92687037852826,33242.0,3.4
512.3994875999999,,49.0950171962899,31182.0,3.4714285714285715
512.5994873999999,,8.644435552010712,31523.0,3.5323741007194243
512.7994871999999,2.7219042827495126,7.434274496695901,31802.0,3.4893617021276597
512.9994869999999,2.339147595250979,2.763557932072066,31417.0,3.507142857142857
513.1994867999999,3.2387335995436395,6.005761792322004,31554.0,3.4326241134751774
513.3994865999999,3.1369356266599215,10.158485435928581,31628.0,3.45
513.5994863999999,4.616975375227294,34.81314640679277,32447.0,3.4265734265734267
513.7994861999999,2.9707889793362554,15.741361492732889,31940.0,3.482269503546099
513.9994859999999,,22.92681782332816,30845.0,3.4539007092198584
514.1994857999999,,88.56168099781726,23521.0,2.139344262295082
514.3994855999999,,106.7538372936714,31305.0,3.361111111111111
514.5994853999999,2.3566040148318628,2.692040612321172,31284.0,3.3846153846153846
514.7994851999999,2.6456865048290266,4.77741544545023,30648.0,3.4326241134751774
514.9994849999999,2.9381901339431558,20.290853338306807,30610.0,3.4055944055944054
515.1994847999999,,8.1754518670323,30411.0,3.3900709219858154
515.3994845999999,,9.156457886720322,30984.0,3.4326241134751774
515.5994843999999,4.805177320155442,27.782322257466802,32681.0,3.375
515.7994841999999,3.0073777469495853,25.556041674266993,31717.0,3.3846153846153846
515.9994839999999,3.530372605615324,44.300803319807734,30488.0,3.3541666666666665
516.1994837999999,,14.49029141580992,30272.0,3.3286713286713288
516.3994835999999,,16.044494041972136,32455.0,3.3379310344827586
516.5994833999999,3.5548644488423964,19.874204153918804,31833.0,3.408450704225352
516.7994831999999,2.914832566059154,3.0314021397859268,31714.0,3.4676258992805757
516.9994829999999,2.3134596023156306,0.6131321540808891,31784.0,3.45
517.1994827999999,2.281831322272499,4.663345360878859,31824.0,3.442857142857143
517.3994825999999,2.2415947261026528,2.6314790910347634,31855.0,3.45
517.5994823999999,,13.503717088812465,30258.0,3.354609929078014
517.7994821999999,,21.069963474097772,29825.0,3.4184397163120566
517.999482,2.94083076003586,7.377118834779685,30117.0,3.370629370629371
518.1994818,3.1069696455824998,23.324818984351058,29485.0,3.4326241134751774
518.3994816,2.4124758711774867,2.333705765592767,29529.0,3.4184397163120566
518.5994814,4.583711145177599,13.483968870528521,30659.0,3.3241379310344827
518.7994812,4.5816394907303994,33.663147854168656,31339.0,3.387323943661972
518.999481,,147.61878474866313,26474.0,2.288
519.1994808,,76.70287831414991,33325.0,3.656934306569343
519.3994806,,5.589369506032404,34566.0,3.58273381294964
519.5994804,2.4259787399533317,0.2134508762605527,34713.0,3.6231884057971016
519.7994802,,1252.7638878646155,14136.0,3.2941176470588234
519.99948,,1254.7205684981725,34952.0,3.6043165467625897
520.1994798,5.083602685231228,93.04556767045408,32176.0,3.272108843537415
520.3994796,4.1587270660821565,21.396313311614417,30795.0,3.4326241134751774
520.5994794,6.195658572479765,97.90006718807304,27180.0,1.8986486486486487
520.7994792,,124.5136995876219,20969.0,1.4014598540145986
520.999479,,113.05333114740898,21168.0,1.7959183673469388
521.1994788,,88.88307696557578,18709.0,1.4538461538461538
521.3994786,,35.838420450034036,28262.0,1.6158536585365855
521.5994784,,104.16521398777543,31930.0,1.7358490566037736
521.7994782,,27.805774532730474,31271.0,1.7777777777777777
521.999478,,18.145225540631884,30978.0,1.7647058823529411
522.1994778,3.192090023690445,15.170968679933578,30392.0,1.8211920529801324
522.3994776,5.458637124009721,38.19520157403555,31683.0,1.7770700636942676
522.5994774,3.1890685289709495,19.974483792239113,31359.0,1.8571428571428572
522.7994772,7.982812050733203,90.02429309563735,31301.0,1.8918918918918919
522.999477,3.2244255494424667,89.79416339565938,33989.0,3.302013422818792
523.1994768,7.67543911526406,88.9847811258698,33818.0,3.19205298013245
523.3994766,6.104828462515883,53.87038149166955,34628.0,3.315068493150685
523.5994764,,13.45190006607674,33025.0,3.3426573426573425
523.7994762,,10.238140871546229,32975.0,3.3776223776223775
523.999476,2.3241985522233715,0.9868024423209735,32878.0,3.3776223776223775
524.1994758,2.2820466132556447,6.4889856007025895,32952.0,3.3402777777777777
524.3994756,2.5373940096382603,3.553027179308398,32786.0,3.408450704225352
524.5994754,,118.17459853523405,24659.0,2.4098360655737703
524.7994752,,116.22954482978062,32832.0,3.3846153846153846
524.999475,2.1628346073027376,0.3843543240769454,32837.0,3.3846153846153846
525.1994748,7.524963012387224,45.18310501700166,34471.0,3.1633986928104574
525.3994746,,14.555240876973896,33804.0,3.104575163398693
525.5994744,,21.082431291408042,33981.0,3.205298013245033
525.7994742,3.858163661912877,23.949235632095426,33447.0,3.248322147651007
525.999474,,23.593048651831413,33119.0,3.282758620689655
526.1994738,,34.086604644698376,36647.0,3.22
526.3994736,3.4822438805802944,7.933389109507565,35706.0,3.2432432432432434
526.5994734,5.221069822078332,44.66199416725974,34903.0,3.2133333333333334
526.7994732,2.9474343293144623,8.279121167684794,34338.0,3.2266666666666666
526.999473,2.9521757473481194,13.921281426401498,33184.0,3.2857142857142856
527.1994728,2.7531107331483304,5.09402831247092,33513.0,3.292517006802721
527.3994726,,6.809451413447767,33150.0,3.280821917808219
527.5994724,,9.05564132827273,33465.0,3.287671232876712
527.7994722,2.2500149155778293,1.2948093129392695,33522.0,3.292517006802721
527.999472,,119.88702178946461,32135.0,1.832258064516129
528.1994718,,98.08832050186479,33400.0,3.2266666666666666
528.3994716,6.503421008356233,52.44894888043667,35662.0,3.2266666666666666
528.5994714,3.5501157506644945,1.3023773252706965,34989.0,3.198675496688742
528.7994712,3.6055640946818324,44.42781061485779,32530.0,3.361111111111111
528.999471,3.5139953088350273,51.98332030721081,31975.0,2.5454545454545454
529.1994708,2.738688969816678,63.74479708475518,32402.0,3.4184397163120566
529.3994706,2.637598218152571,6.231248203118414,32326.0,3.3846153846153846
529.5994704,3.501233289686044,2.8248762872699165,32839.0,3.4014084507042255
529.7994702,7.089289919924635,56.342212499570145,33968.0,3.2266666666666666
529.99947,2.535693820309437,4.662780831748033,33157.0,3.248322147651007
530.1994698,3.0825016633399867,1.9835259021071172,33066.0,3.2857142857142856
530.3994696,7.401017238228666,63.82608200930461,32834.0,1.9266666666666667
530.5994694,,78.0682262134983,34201.0,1.9363057324840764
530.7994692,,59.06060410421652,36410.0,1.574468085106383
530.999469,17.88616481557658,101.91415873104823,36465.0,1.267605633802817
531.1994688,5.231739686076613,63.61663266446635,30517.0,0.9530516431924883
531.3994686,,186.38560153171883,26971.0,0.943127962085308
531.5994684,,86.5553059325316,27051.0,0.9707317073170731
531.7994682,,197.065151311349,30883.0,1.2300469483568075
531.999468,17.677932916064837,125.81813623507978,31155.0,1.2065727699530517
532.1994678,,70.7648351995397,27984.0,0.8061224489795918
532.3994676,,46.05307314633035,29975.0,1.2347417840375587
532.5994674,2.588068276714434,2.111250792832591,29937.0,1.2018779342723005
532.7994672,,56.44108457600289,26902.0,0.7772020725388601
532.999467,,55.18519256134819,30359.0,1.2253521126760563
533.1994668,6.396830615465545,38.77663150132407,30416.0,1.2347417840375587
533.3994666,,56.39899381484093,27257.0,0.8229166666666666
533.5994664,,77.74883032408641,29874.0,1.2535211267605635
533.7994662,,154.03153911750817,22115.0,1.10828025477707
533.999466,,155.1290100217134,26067.0,3.0632911392405062
534.1994658,7.181350810407754,13.607044411837627,25481.0,3.198675496688742
534.3994656,,144.61312368505747,18589.0,1.515625
534.5994654,,152.30502036711366,22770.0,3.361111111111111
534.7994652,,167.096617237011,16032.0,1.4583333333333333
534.999465,8.720683521788844,7.593290356474336,15742.0,1.425
535.1994648,,62.498277059855155,19142.0,1.6014492753623188
535.3994646,,51.76880801170149,15093.0,1.4453781512605042
535.5994644,,179.0746531630263,22011.0,3.4571428571428573
535.7994642,,180.53911159503633,14643.0,1.4491525423728813
535.999464,9.341839613768888,18.64237051681001,15949.0,1.4462809917355373
536.1994638,,63.249905652534345,19102.0,1.927007299270073
536.3994636,8.144531071900788,144.19164689185857,21933.0,3.544776119402985
536.5994634,,23.247172819551952,22173.0,3.5588235294117645
536.7994632,,171.91053331842272,15456.0,1.4608695652173913
536.999463,,180.15802100593487,21803.0,3.577777777777778
537.1994628,,207.55651140778028,16129.0,1.5304347826086957
537.3994626,,185.44150185029622,21785.0,3.628787878787879
537.5994624,,169.87597652686645,15588.0,1.5701754385964912
537.7994622,,175.69756733043525,22482.0,3.585185185185185
537.999462,2.7871091082889525,6.378953831434701,21969.0,3.626865671641791
538.1994618,,177.00949419339707,14824.0,1.5663716814159292
538.3994616,,1.072408059772207,14430.0,1.5803571428571428
538.5994614,2.466422638321836,1.8044517038711867,14206.0,1.5803571428571428
538.7994612,11.281425659398357,20.42603472497668,16189.0,1.5172413793103448
538.999461,,192.943835007654,22638.0,3.5328467153284673
539.1994608,,158.09613515621805,15949.0,1.5344827586206897
539.3994606,,152.1878099640671,21537.0,3.6090225563909772
539.5994604,,173.88150021050225,16119.0,1.5739130434782609
539.7994602,8.900786713286713,21.785697550349987,16016.0,1.5478260869565217
539.99946,7.900072650419391,4.403303010371895,15141.0,1.4491525423728813
540.1994598,,190.97238195827214,22297.0,3.5547445255474455
540.3994596,,170.01033876627514,18919.0,1.9333333333333333
540.5994594,,68.29863629443689,15902.0,1.5862068965517242
540.7994592,,213.14116668410253,21411.0,3.618320610687023
540.999459,,26.66135826154039,21841.0,3.6343283582089554
541.1994588,,231.51042638077993,16208.0,1.5726495726495726
541.3994586,,51.53218703782252,15583.0,1.8108108108108107
541.5994584,3.150658895083629,6.091065287918027,15784.0,1.736842105263158
541.7994582,4.469550663061671,8.516951332822828,15534.0,1.5175438596491229
541.999458,,187.02209965574127,22617.0,3.6148148148148147
542.1994578,,41.70560572824642,22902.0,3.5555555555555554
542.3994576,,151.78997897084318,15861.0,1.5478260869565217
542.5994574,,198.7914546306465,21447.0,3.7
542.7994572,,207.9668363306534,14880.0,1.4521739130434783
542.999457,,207.89013836867235,22931.0,3.5808823529411766
543.1994568,,170.34576713031953,14917.0,1.5089285714285714
543.3994566,,26.433629472052626,15524.0,1.4521739130434783
543.5994564,,54.48918199656494,18586.0,1.6412213740458015
543.7994562,,152.74838073075983,21540.0,3.593984962406015
543.999456,,5.685340068539769,22139.0,3.588235294117647
544.1994558,,178.19452398099116,14547.0,1.4732142857142858
544.3994556,7.310270407515552,9.033936362878148,15754.0,1.5087719298245614
544.5994554,10.594676383399209,14.37891083226479,16192.0,1.4098360655737705
544.7994552,,184.89184537593192,23031.0,3.4571428571428573
544.999455,6.289719626168225,16.905332222687438,22363.0,3.4964028776978417
545.1994548,6.625344226179548,18.910547586540826,21788.0,3.6074074074074076
545.3994546,8.81107038463323,2.986963343642514,21553.0,3.585185185185185
545.5994544,13.160755392616592,65.01230341338463,23458.0,3.3379310344827586
545.7994542,,159.2736039460686,15285.0,1.5593220338983051
545.999454,,159.96803295314672,23981.0,3.3846153846153846
546.1994538,,120.16908284594676,17588.0,1.7586206896551724
546.3994536,,155.77119520543368,23557.0,3.6074074074074076
546.5994534,,153.4991127375496,16617.0,1.791304347826087
546.7994532,,164.60038775608103,23525.0,3.5588235294117645
546.999453,2.362055674518201,1.324617974921729,23350.0,3.5808823529411766
547.1994528,,157.9703119780843,16377.0,1.808695652173913
547.3994526,4.000060114217012,2.5394328099794694,16635.0,1.8070175438596492
547.5994524,,163.0630186959603,23608.0,3.577777777777778
547.7994522,,160.57855465072444,16467.0,1.808695652173913
547.999452,6.8528630801200645,24.157975383693888,17324.0,1.8034188034188035
548.1994518,,68.33828175317589,21991.0,1.9416058394160585
548.3994516,,149.71435418878656,25240.0,3.5223880597014925
548.5994514,,142.81803877671234,18265.0,1.9310344827586208
548.7994512,,144.3606776947462,25637.0,3.54014598540146
548.999451,10.67699208073446,21.211816043868424,28538.0,3.2567567567567566
549.1994508,,101.56580086885545,21532.0,1.8828125
549.3994506,,134.80287694309297,27458.0,2.8758620689655174
549.5994504,4.694224116845453,12.4435182861775,28619.0,2.9517241379310346
549.7994502,,15.631386044309915,28910.0,2.8299319727891157
549.99945,,45.45185028297387,29075.0,3.111111111111111
550.1994498,,84.42345871221883,20745.0,1.9296875
550.3994496,,150.08458859934703,27316.0,3.361111111111111
550.5994494,9.922887252583935,10.493186320962742,29606.0,3.3819444444444446
550.7994492,,142.5164985737047,22509.0,1.6
550.999449,,92.65141333968631,21775.0,1.3862068965517242
551.1994488,,58.43017635194348,16954.0,1.4836065573770492
551.3994486,,150.43915395481685,24075.0,3.3846153846153846
551.5994484,,151.7634178467766,17017.0,1.4959349593495934
551.7994482,,158.41029218167458,23713.0,3.3776223776223775
551.9994479999999,,25.305250165345164,23941.0,3.3732394366197185
552.1994477999999,,139.04689091817923,17737.0,1.5819672131147542
552.3994475999999,6.7215532332502255,13.467619848579798,18851.0,1.56
552.5994473999999,4.11138903672166,1.4275523897390208,18790.0,1.584
552.7994471999999,4.0506193361574345,6.8149983922991515,18649.0,1.5555555555555556
552.9994469999999,4.909390876237365,9.61264520143414,19093.0,1.53125
553.1994467999999,4.023242392444911,4.923973622193903,19060.0,1.584
553.3994465999999,4.614958597698677,7.975716635812728,18598.0,1.6129032258064515
553.5994463999999,7.612533236014806,15.065712796735994,19181.0,1.5555555555555556
553.7994461999999,8.229888133597388,14.657043422622873,18683.0,1.564516129032258
553.9994459999999,,128.2281804920989,26506.0,3.303448275862069
554.1994457999999,,8.767330513306652,26828.0,3.0140845070422535
554.3994455999999,,35.598015650587335,32047.0,3.0443037974683542
554.5994453999999,6.939858834509712,4.8293557692653355,34286.0,3.037974683544304
554.7994451999999,7.284678203956484,84.8898476153287,33919.0,3.050632911392405
554.9994449999999,5.952807721233392,141.972787532949,31912.0,1.6540880503144655
555.1994447999999,3.2174955622683816,19.121857406458528,32111.0,1.6962025316455696
555.3994445999999,2.6168805070335446,6.717341227323765,32345.0,1.6296296296296295
555.5994443999999,2.74604394900378,16.318451280145716,31218.0,1.7278481012658229
555.7994441999999,,51.6612902605777,23816.0,1.876923076923077
555.9994439999999,,62.66427844654948,28755.0,1.763157894736842
556.1994437999999,,166.3210799197956,21253.0,1.5615384615384615
556.3994435999999,,58.97259559588344,26069.0,1.4539473684210527
556.5994433999999,4.766330222814702,31.248005163533186,26255.0,1.78
556.7994431999999,2.8162815841108397,5.216426716798535,24973.0,1.8231292517006803
556.9994429999999,2.4837379941465025,6.632696285878366,24259.0,1.8287671232876712
557.1994427999999,,7.25489103838386,23632.0,1.7832167832167831
557.3994425999999,,60.77781735402555,19446.0,1.6048387096774193
557.5994423999999,3.064652632706626,15.97782370943785,18669.0,1.6694214876033058
557.7994421999999,,52.904893331845024,24243.0,1.8344827586206895
557.9994419999999,,57.20137742952842,19406.0,1.7154471544715446
558.1994417999999,,66.32011480364969,23706.0,1.9148936170212767
558.3994415999999,,8.073754842809045,23001.0,1.55
558.5994413999999,,56.32015385785107,19005.0,1.7154471544715446
558.7994411999999,,54.90092100436147,24398.0,1.8680555555555556
558.9994409999999,,62.24288239759271,19416.0,1.7235772357723578
559.1994407999999,,81.82166758753621,24391.0,2.5244755244755246
559.3994405999999,2.7674283725785873,74.52913470986243,25863.0,3.331034482758621
559.5994403999999,,11.97308966286771,24753.0,3.0704225352112675
559.7994401999999,,111.01851187142394,18817.0,1.7049180327868851
559.9994399999999,,113.72540782182084,26058.0,3.3379310344827586
560.1994397999999,,69.69128787033236,24117.0,2.1301369863013697
560.3994395999999,,46.424483049520944,25811.0,3.331034482758621
560.5994393999999,2.6013112577285367,56.23388018251176,24099.0,2.5
560.7994391999999,,8.980861255525259,23736.0,2.2430555555555554
560.9994389999999,2.126223367835998,64.91542339288037,24829.0,3.0347222222222223
561.1994387999999,,6.687618799017119,25566.0,3.317241379310345
561.3994385999999,4.316570953604352,12.478567069627433,26468.0,3.2133333333333334
561.5994383999999,2.8549864584992832,19.31085361062579,25108.0,3.3776223776223775
561.7994381999999,,133.87209572451476,18476.0,1.6557377049180328
561.9994379999999,,106.92389238961164,29092.0,2.891025641025641
562.1994377999999,8.632373410869498,27.82802982593485,32329.0,3.0
562.3994375999999,3.9141967181529176,32.31261297219887,31141.0,3.163265306122449
562.5994373999999,2.396746497966561,1.85537455533646,30982.0,3.1862068965517243
562.7994371999999,2.240011636927851,2.7481398080857873,30936.0,3.1862068965517243
562.999437,2.1574800596589068,1.2190125492594857,30842.0,3.1862068965517243
563.1994368,3.885546727203935,5.460289729390833,31716.0,3.2054794520547945
563.3994366,2.5260300624470458,2.381571288017523,31867.0,3.1986301369863015
563.5994364,5.819697807259996,38.49815447589867,32562.0,3.1466666666666665
563.7994362,2.7791391964174648,5.133551468295938,32156.0,3.189189189189189
563.999436,2.583310005909614,1.0964789493851257,32151.0,3.1677852348993287
564.1994358,5.169108290645698,32.032277080383004,30649.0,3.0714285714285716
564.3994356,4.2145619195558055,20.66350218206894,30257.0,3.287671232876712
564.5994354,,11.286272259189873,29828.0,3.287671232876712
564.7994352,,9.058815163254417,30800.0,3.096774193548387
564.999435,3.556594948550047,11.563872778212026,29932.0,3.2635135135135136
565.1994348,2.5356013448287342,2.5218684070445017,30041.0,3.27027027027027
565.3994346,2.8994948327665333,6.108648842675071,30287.0,3.27027027027027
565.5994344,,11.771555852107507,29876.0,3.2857142857142856
565.7994342,,22.466767876631625,31935.0,3.0
565.999434,15.317686721991702,236.19177774141292,26992.0,2.643312101910828
566.1994338,6.018736988202637,65.97963600623876,24497.0,2.7054794520547945
566.3994336,4.628188250781636,5.5379831985504575,24308.0,2.7430555555555554
566.5994334,3.4122975455000835,6.105072825852809,23956.0,2.7762237762237763
566.7994332,9.053201045239263,25.070895385453515,24492.0,3.2789115646258504
566.999433,,43.155491689426256,17447.0,1.3779527559055118
567.1994328,,126.18817125319221,19382.0,3.2698412698412698
567.3994326,,143.64548034310198,13009.0,1.5471698113207548
567.5994324,,147.9470350788072,20114.0,3.826771653543307
567.7994322,,160.08891776858033,15696.0,1.4083333333333334
567.999432,4.644154634373544,12.699385177919781,15029.0,1.4322033898305084
568.1994318,,7.95754947352618,14722.0,1.4608695652173913
568.3994316,,140.37036158107273,19899.0,3.872
568.5994314,,164.78795317816463,17023.0,1.4471544715447155
568.7994312,,188.91751771865088,22781.0,3.442857142857143
568.999431,14.490998018299111,85.85499062772675,23717.0,3.408450704225352
569.1994308,,134.59281964330305,17900.0,1.2900763358778626
569.3994306,6.703122381723733,22.726846618926118,17903.0,1.2313432835820894
569.5994304,,84.21200253668039,24464.0,3.361111111111111
569.7994302,,119.14392312020563,19614.0,1.462686567164179
569.99943,,112.55058654719674,22809.0,2.942857142857143
570.1994298,,14.304615083045821,24000.0,3.415492957746479
570.3994296,3.3048054919908467,4.0258965634338875,24035.0,3.415492957746479
570.5994294,2.679403580180255,1.5301755565185884,24077.0,3.4397163120567376
570.7994292,2.537042459736457,2.845635948979319,23905.0,3.408450704225352
570.999429,,12.711928155203232,23569.0,3.3661971830985915
571.1994288,,5.7195705212188095,24312.0,3.3846153846153846
571.3994286,,9.77908477956476,23766.0,3.3732394366197185
571.5994284,,10.330440732239804,24400.0,3.3916083916083917
571.7994282,12.906598373003916,72.9133444631618,26552.0,3.1225806451612903
571.999428,4.421617507136061,16.070507398596707,26275.0,3.1633986928104574
572.1994278,15.56426735218509,73.7727356424184,30342.0,2.96319018404908
572.3994276,10.477628048968516,70.4644602597385,32429.0,3.0125
572.5994274,,113.36573991276833,24429.0,1.7941176470588236
572.7994272,,113.99442571309945,31181.0,3.0576923076923075
572.999427,,15.278336799595222,31759.0,3.0833333333333335
573.1994268,2.4044787449392713,3.197548972473807,31616.0,3.08974358974359
573.3994266,2.686539414972732,2.6860651999638265,32272.0,3.070063694267516
573.5994264,7.635059227567741,30.890142067248348,34359.0,2.874251497005988
573.7994262,10.207159247361174,131.98427800491402,32685.0,3.0440251572327046
573.999426,7.468402999825591,30.376844093636954,34402.0,2.9814814814814814
574.1994258,,14.65362778977276,32252.0,3.0844155844155843
574.3994256,,8.616052178622411,32171.0,3.1633986928104574
574.5994254,,2.745878679407461,31757.0,3.152317880794702
574.7994252,11.296192042507432,57.04996351419872,31618.0,2.7674418604651163
574.999425,,186.320918030759,20823.0,1.6906474820143884
575.1994248,7.834326888186201,31.016968374379697,19291.0,1.7272727272727273
575.3994246,3.5135382955771304,6.078494747241793,18540.0,1.702290076335878
575.5994244,2.343600867678959,0.7280210271931227,18440.0,1.6692307692307693
575.7994242,3.1283496439001897,40.401187686330275,19517.0,2.6384615384615384
575.999424,9.472182932578972,28.57992093284804,21210.0,2.5037037037037035
576.1994238,4.678289122738955,35.20583600256444,20621.0,1.5401459854014599
576.3994236,2.6449394528330092,5.02070491015459,20067.0,1.536764705882353
576.5994234,2.6851597825534723,4.936733171941377,19683.0,1.5514705882352942
576.7994232,2.791689612015019,4.363316022977834,19975.0,1.5588235294117647
576.999423,2.695612524065255,3.6555470814701607,19738.0,1.661764705882353
577.1994228,5.278648020951722,9.145477261425354,20237.0,1.5401459854014599
577.3994226,15.317945187798477,57.81568782311578,23243.0,1.4563758389261745
577.5994224,8.52889558128667,58.71372649647912,19259.0,1.5954198473282444
577.7994222,8.59818634989659,12.06837153208329,18857.0,1.6538461538461537
577.999422,,6.452392834087982,18546.0,1.6484375
578.1994218,,33.61392628564262,19491.0,2.635658914728682
578.3994216,,42.14915814133305,18457.0,1.669291338582677
578.5994214,,37.423622736121786,20025.0,1.6119402985074627
578.7994212,5.884420270906333,44.82257275991539,19121.0,2.6953125
578.999421,3.6599292838672226,2.7800875997072243,18949.0,2.6953125
579.1994208,,80.21448111303297,19034.0,1.671641791044776
579.3994206,,16.54951795386601,19327.0,1.816793893129771
579.5994204,,6.86774660526564,17888.0,1.71875
579.7994202,,50.704706297049995,19324.0,2.66412213740458
579.99942,,46.55607890257498,18126.0,1.7286821705426356
580.1994198,,46.094503278909,19289.0,2.6923076923076925
580.3994196,,36.77632627123028,19378.0,1.697674418604651
580.5994194,2.9308745936150937,10.992501337120247,18763.0,1.7480314960629921
580.7994192,,22.283500898959637,22016.0,2.5357142857142856
580.999419,4.849666262135922,29.960184853490365,19776.0,1.671641791044776
581.1994188,,4.2281619535876365,19127.0,1.7251908396946565
581.3994186,,6.113439335096516,19709.0,1.7067669172932332
581.5994184,,39.283984848204106,20556.0,1.6376811594202898
581.7994182,,56.17730773016463,19833.0,2.7022900763358777
581.999418,6.262368009385999,11.117983578116027,20456.0,2.6029411764705883
582.1994178,7.085823596318892,35.74848920832827,19342.0,1.6917293233082706
582.3994176,2.712175215661966,0.9059965974810396,19359.0,1.6842105263157894
582.5994174,2.4522948952814776,43.00305928584036,20197.0,2.654135338345865
582.7994172,2.603203034453693,42.33868367184256,18982.0,1.7293233082706767
582.999417,6.99089790897909,21.550367486249428,20325.0,1.7050359712230216
583.1994168,6.205991756308435,12.76482452901885,19894.0,1.786764705882353
583.3994166,,13.576085596493055,18956.0,1.2686567164179106
583.5994164,,17.484673619333304,19221.0,1.7279411764705883
583.7994162,2.971474177436795,3.381510480681102,19421.0,1.661764705882353
583.999416,13.56647745627394,34.002384229760864,21669.0,1.5067567567567568
584.1994158,8.807481424545221,33.17978913637332,19515.0,1.6842105263157894
584.3994156,13.069367246209257,11.819593358038471,22489.0,1.6357142857142857
584.5994154,6.646908798942049,15.988956985966093,21173.0,1.669064748201439
584.7994152,7.7845121269131035,36.20355263633844,19667.0,1.7218045112781954
584.999415,4.150884818379385,19.26740150725007,19326.0,1.6567164179104477
585.1994148,6.389519650655022,13.775044611268358,19465.0,1.6893939393939394
585.3994146,5.873839861569923,12.267895975992449,19071.0,1.7538461538461538
585.5994144,3.2899962732257895,12.628441651971828,18783.0,1.8153846153846154
585.7994142,2.4124805661287727,4.221634536758048,18653.0,1.7751937984496124
585.999414,7.804318488529015,22.282420769911074,20007.0,1.7328244274809161
586.1994138,5.421970624235006,12.476312349815974,19608.0,1.7364341085271318
586.3994136,,40.83703420871733,19889.0,1.6642335766423357
586.5994134,,93.7253108622404,19026.0,2.66412213740458
586.7994132,11.51554343225321,32.324926898138045,21263.0,2.4788732394366195
586.999413,7.561288368336026,49.12203977427904,19808.0,1.7
587.1994128,10.240536655486345,15.878454598972414,18783.0,1.7272727272727273
587.3994126,2.7998577057793343,2.6394621101677735,18272.0,1.7196969696969697
587.5994124,,5.9128683782729325,17654.0,1.7230769230769232
587.7994122,,8.361333107715453,18140.0,1.696969696969697
587.999412,2.4878163810721583,43.07152524744035,19083.0,2.6742424242424243
588.1994118,,29.104368705761672,24177.0,3.3517241379310345
588.3994116,,29.36637875594137,19024.0,2.7099236641221376
588.5994114,14.880097352605176,37.77505600232138,20133.0,1.618705035971223
588.7994112,8.645609294785194,31.505815007905085,18505.0,1.7578125
588.999411,5.629981639485906,13.13612116081349,18518.0,1.8671875
589.1994108,,40.135739704223525,24346.0,3.306122448979592
589.3994106,,56.712056345027406,19459.0,1.6330935251798562
589.5994104,9.242828695979764,2.3749963529696823,18581.0,1.7333333333333334
589.7994102,9.281194029850747,13.13182537882418,18425.0,1.8702290076335877
589.99941,3.0885907528550836,2.5049196825645295,18038.0,1.8244274809160306
590.1994098,4.010066196181411,0.5535228650041247,18279.0,1.8091603053435115
590.3994096,7.91902051897875,17.297883674993592,19153.0,2.830769230769231
590.5994094,2.9077970297029703,42.93760857078863,17776.0,1.823076923076923
590.7994092,2.6953493356193743,49.22106202842024,18664.0,2.8230769230769233
590.999409,18.676753448610842,92.34647035693399,20588.0,1.1768707482993197
591.1994088,,94.14460233791861,24860.0,3.2266666666666666
591.3994086,,25.650128329917365,23571.0,2.9577464788732395
591.5994084,,108.74733140233748,20615.0,1.4233576642335766
591.7994082,2.9929085148116483,13.649648095190113,19883.0,1.7555555555555555
591.999408,4.170996450434693,0.7260811757560746,19439.0,1.4962406015037595
592.1994078,,98.75890357633838,23924.0,3.3636363636363638
592.3994076,,100.13859105028381,19151.0,1.455223880597015
592.5994074,,99.5373116492474,21768.0,1.8079470198675496
592.7994072,,168.78693855368624,25428.0,3.172185430463576
592.999407,,48.07678419091978,26478.0,3.272108843537415
593.1994068,3.042621465513987,10.771742950484727,26489.0,3.361111111111111
593.3994066,,93.20506873931004,22171.0,1.60431654676259
593.5994064,,33.75938892114328,34284.0,2.95679012345679
593.7994062,,79.10766733405654,32348.0,2.8037974683544302
593.999406,,72.22772484371521,31710.0,2.170886075949367
594.1994058,4.069089564281872,61.0299068950595,29744.0,1.6025641025641026
594.3994056,4.682539682539683,107.56562818234302,31752.0,2.9934210526315788
594.5994054,2.6062530532486567,58.41417787085635,30705.0,2.225165562913907
594.7994052,3.6501103057043807,82.72057285148855,31730.0,3.033112582781457
594.999405,2.438575630515051,10.345338808012551,31958.0,3.0
595.1994048,7.699107219258964,12.47147344882241,35059.0,2.9934640522875817
595.3994046,,1194.2664895560388,13304.0,3.2028985507246377
595.5994044,,1257.997615663592,32181.0,1.6474358974358974
595.7994042,,77.74577953888287,24449.0,1.5755395683453237
595.999404,,70.59290718856705,26334.0,1.5286624203821657
596.1994037999999,,49.02792931238888,20926.0,1.4924242424242424
596.3994035999999,,61.990733669671016,24600.0,1.7682119205298013
596.5994033999999,10.47753549504764,60.85409084901699,26553.0,1.2287234042553192
596.7994031999999,,131.6798745103708,30176.0,0.981042654028436
596.9994029999999,,38.21806669514741,29581.0,1.3615023474178405
597.1994027999999,3.838996484940382,12.083361449218339,29018.0,1.187793427230047
597.3994025999999,10.308264042083827,83.66392113608447,29465.0,1.2065727699530517
597.5994023999999,,109.06068203174144,31544.0,1.1458333333333333
597.7994021999999,,100.86400177436816,31184.0,1.0047169811320755
597.9994019999999,,121.33056549612027,27686.0,0.9804878048780488
598.1994017999999,2.64018320830929,10.74921482305568,27728.0,0.9317073170731708
598.3994015999999,,161.7906999062259,34356.0,1.1455399061032865
598.5994013999999,20.39958810287849,86.39275147368068,41758.0,1.357843137254902
598.7994011999999,14.365719767627779,209.91404182675936,37526.0,2.96319018404908
598.9994009999999,3.6001354973636928,10.826207441350737,33949.0,3.070063694267516
599.1994007999999,3.239253093924374,20.962801361964498,32079.0,3.1776315789473686
599.3994005999999,3.3705352883178015,20.38576960058959,31441.0,3.164473684210526
599.5994003999999,2.5798816568047336,60.22566229636717,30251.0,2.3506493506493507
599.7994001999999,,6.381778796626728,29900.0,2.326797385620915
599.9993999999999,2.0735087366941154,1.2921639481282305,29874.0,2.326797385620915
600.1993997999999,,57.51883811173692,31365.0,3.1363636363636362
600.3993995999999,2.1373960689369564,3.3536936934391646,31391.0,3.1233766233766236
600.5993993999999,2.069706715918861,0.563202054808566,31403.0,3.142857142857143
600.7993991999999,2.0607547920673874,55.51568865139254,30154.0,2.3181818181818183
600.9993989999999,2.209854887577739,56.40446721965948,31355.0,3.1298701298701297
601.1993987999999,3.2057960736275426,10.587228073037647,31021.0,3.1437908496732025
601.3993985999999,8.54070604170782,56.9248199999781,35437.0,3.1842105263157894
601.5993983999999,8.408110278372591,53.2812349277974,37360.0,2.8838709677419354
601.7993981999999,,65.71963404510522,35570.0,2.9194630872483223
601.9993979999999,,36.101115051802545,33614.0,3.2945205479452055
602.1993977999999,,107.6294308034981,24043.0,2.125984251968504
602.3993975999999,,128.48866209754547,30665.0,2.9517241379310346
602.5993973999999,,95.95515771873342,23691.0,2.2142857142857144
602.7993971999999,,114.38028033026794,30858.0,2.924137931034483
602.9993969999999,2.8120647376164785,11.397321901271402,30585.0,2.9517241379310346
603.1993967999999,2.169999011825159,3.684655300023406,30359.0,2.9517241379310346
603.3993965999999,,6.998765840886401,29853.0,2.979020979020979
603.5993963999999,,12.885448391928538,30188.0,2.923611111111111
603.7993961999999,4.829753885146402,17.865393162381704,29986.0,2.838926174496644
603.9993959999999,6.452791840656295,51.25293583579911,27061.0,3.157142857142857
604.1993957999999,,127.00918379173339,20891.0,1.523076923076923
604.3993955999999,,124.08979948586938,27516.0,2.9934210526315788
604.5993953999999,5.815438625820203,50.04020977391107,23927.0,3.074829931972789
604.7993951999999,7.73369788668695,22.455098893349355,24322.0,2.8299319727891157
604.9993949999999,4.742278327260108,13.565448326563633,23052.0,2.93006993006993
605.1993947999999,5.867852875917392,0.5642516984273195,23436.0,2.9305555555555554
605.3993945999999,4.020077633516263,14.15910761210953,22413.0,3.0142857142857142
605.5993943999999,,22.538266869632114,23368.0,2.971830985915493
605.7993941999999,5.026999395882708,30.787426850307725,21519.0,3.1703703703703705
605.9993939999999,,15.574241104669545,23570.0,3.0140845070422535
606.1993937999999,,21.523902899249645,21772.0,3.246268656716418
606.3993935999999,,101.82416384475837,17900.0,1.9133858267716535
606.5993933999999,2.5943908657576764,2.540902755146252,18042.0,1.9140625
606.7993931999999,,105.36111664299743,22345.0,3.259259259259259
606.9993929999999,5.076419405870979,7.696940599810492,22756.0,3.1751824817518246
607.1993927999999,,168.43253405139615,20553.0,1.455223880597015
607.3993925999999,,119.31661061734675,24112.0,1.8071428571428572
607.5993923999999,,32.72021786048845,32415.0,3.070063694267516
607.7993921999999,3.7190694395488193,16.34065226432871,31207.0,3.2945205479452055
607.999392,2.7866333333333335,54.86434999917691,30000.0,2.4657534246575343
608.1993918,2.2693770575638443,52.17645063571894,31287.0,3.3013698630136985
608.3993916,2.1143784548142435,2.5152574655695283,31116.0,3.308219178082192
608.5993914,2.4841107540494045,5.9868696532629855,30807.0,3.3402777777777777
608.7993912,3.6148008208201685,27.99973615780909,30701.0,3.361111111111111
608.999391,,41.52915305253167,26822.0,2.1470588235294117
609.1993908,,53.250279149794835,30674.0,3.408450704225352
609.3993906,2.0668956493294077,0.5895435817686249,30570.0,3.4014084507042255
609.5993904,2.241366965012205,6.97912253034136,30725.0,3.370629370629371
609.7993902,2.0753666841278156,2.9710598749908823,30544.0,3.370629370629371
609.99939,2.112536693162703,1.89978847373399,30319.0,3.425531914893617
610.1993898,2.1326655023560814,1.6110168308468218,30347.0,3.4014084507042255
610.3993896,,31.499292647462802,31918.0,2.8
610.5993894,,12.948885600841072,32161.0,3.2416107382550337
610.7993892,2.137546816479401,3.5309188232829443,32040.0,3.2416107382550337
610.999389,,9.373392283567084,31849.0,3.1946308724832213
611.1993888,,5.168481853932191,32194.0,3.2133333333333334
611.3993886,4.9129520092688574,28.424696558395734,32798.0,3.1298701298701297
611.5993884,3.101250665247472,30.69124094404707,30064.0,3.3472222222222223
611.7993882,7.683295033831227,50.87748632908371,31332.0,3.0443037974683542
611.999388,3.291195614936622,29.359610015835262,29190.0,3.248322147651007
612.1993878,2.7931351517008887,11.861060038273207,29367.0,3.2348993288590604
612.3993876,6.86562407596018,66.6417536640785,30437.0,3.3943661971830985
612.5993874,7.409460091153441,60.094098850440794,34228.0,3.2789115646258504
612.7993872,3.167987967286059,23.374598976165657,31913.0,3.2857142857142856
612.999387,,115.6403737471386,23314.0,2.0901639344262297
613.1993868,,92.6433095909182,30875.0,3.3426573426573425
613.3993866,,11.179615399145135,30864.0,3.387323943661972
613.5993864,2.4582794307891334,7.0183028431078744,30920.0,3.370629370629371
613.7993862,3.143055862919288,3.7507805734209225,31631.0,3.3846153846153846
613.999386,2.9608764176890507,12.521152245273457,32359.0,3.3517241379310345
614.1993858,3.475675845002036,30.37369975126184,31923.0,3.517730496453901
614.3993856,5.347163194341249,23.572905112352874,33647.0,3.3513513513513513
614.5993854,,107.53820191526445,23443.0,2.3360655737704916
614.7993852,10.598074565515253,33.43829089910082,27734.0,2.2595419847328246
614.999385,,46.32116158644763,38031.0,3.3178807947019866
615.1993848,,8.355277001720191,37629.0,3.0122699386503067
615.3993846,3.951156462585034,27.707359570114754,29400.0,1.763157894736842
615.5993844,7.057375309515387,51.55159799539686,28270.0,1.5963855421686748
615.7993842,7.671631522823432,49.56839361535139,29071.0,1.3989637305699483
615.999384,3.927633520212452,38.42418679468788,27112.0,1.5290697674418605
616.1993838,3.015230045450921,35.009115383748615,25082.0,1.713375796178344
616.3993836,,59.60127916761738,20274.0,1.4090909090909092
616.5993834,,73.73368901875173,23468.0,1.8120805369127517
616.7993832,,12.907837240829998,22814.0,1.436241610738255
616.999383,,52.59132087514522,18741.0,1.4296875
617.1993828,,61.51381857656093,22974.0,1.7986577181208054
617.3993826,,90.769738193351,21352.0,1.4444444444444444
617.5993824,15.612094551621794,120.23828945607075,18868.0,1.492537313432836
617.7993822,,79.96502362837346,28259.0,1.9797297297297298
617.999382,,10.038004657446928,27089.0,1.8231292517006803
618.1993818,8.460058678402348,125.91252705889696,29994.0,3.315068493150685
618.3993816,14.590851695182776,144.4580038950484,31678.0,3.0961538461538463
618.5993814,5.386039132734004,23.483244860193786,30256.0,2.9659863945578233
618.7993812,5.542920482628289,26.872466342364614,27516.0,3.315068493150685
618.999381,6.207245604688333,33.64845132273265,28155.0,3.401360544217687
619.1993808,6.653884769848625,86.59535567491717,25896.0,2.8979591836734695
619.3993806,,118.01172382688564,24501.0,3.4214285714285713
619.5993804,9.93649453024453,19.332060436710186,24864.0,2.9645390070921986
619.7993802,,232.93552330877438,26428.0,1.9097222222222223
619.99938,12.769485317740795,37.915484400902294,31126.0,3.4397163120567376
620.1993798,7.139082383157567,67.83296512827343,25697.0,1.948905109489051
620.3993796,4.783918152683047,5.203266247968795,24338.0,2.0074074074074075
620.5993794,2.9077429260802807,29.7537302169882,22795.0,2.0223880597014925
620.7993792,,72.14108933862597,17848.0,1.9912280701754386
620.999379,,67.11916949365072,22303.0,1.9699248120300752
621.1993788,,123.25280379786217,24392.0,3.6390977443609023
621.3993786,,116.26372077103318,22596.0,1.8857142857142857
621.5993784,,40.66877564144028,22396.0,2.029850746268657
621.7993782,6.2052488945942095,51.343653293127396,21033.0,2.0526315789473686
621.999378,13.623572083715501,93.92231740519439,23986.0,1.9027777777777777
622.1993778,7.485360042001535,98.96428977907662,24761.0,3.2684563758389262
622.3993776,,132.3510350901165,20653.0,1.9642857142857142
622.5993774,,115.67917992078308,25001.0,3.386206896551724
622.7993772,17.607166981896786,105.48719686915828,29608.0,3.1474358974358974
622.999377,11.37835602493956,52.519873250843865,31436.0,1.7721518987341771
623.1993768,5.884451199793028,34.48003535145757,30922.0,1.894736842105263
623.3993766,4.621102423013804,30.24999482484266,31077.0,1.7548387096774194
623.5993764,4.6948728911106,25.579328035518728,30407.0,1.881578947368421
623.7993762,4.885275220242432,45.0550764126443,30194.0,1.8926174496644295
623.999376,,18.03750109728729,30925.0,1.9047619047619047
624.1993758,,12.820840565461708,29562.0,2.0
624.3993756,,24.766449309258718,29438.0,1.993006993006993
624.5993754,,1490.0071862606414,12047.0,3.557377049180328
624.7993752,,1391.7677120984094,31063.0,3.4335664335664338
624.999375,4.501670998886,90.49733159373118,29623.0,1.9444444444444444
625.1993748,5.382087479750058,7.067204256987478,30247.0,1.9236111111111112
625.3993746,5.604608351486515,108.30285060525314,32593.0,3.464788732394366
625.5993744,5.651940880298847,120.2131771031742,30785.0,1.9375
625.7993742,5.522153692282047,1.8860688955012728,29995.0,1.9444444444444444
625.999374,4.17688145597639,13.675348214636537,30495.0,1.9097222222222223
626.1993738,4.939933554817276,17.451106592278187,30100.0,1.9444444444444444
626.3993736,8.37903985808526,132.0451483670966,36078.0,3.331081081081081
626.5993734,,10.910224712843535,33986.0,3.4405594405594404
626.7993732,,18.596791361876562,34132.0,3.4755244755244754
626.999373,,131.0068859211649,25667.0,2.232
627.1993728,,154.31363493096845,32368.0,3.443661971830986
627.3993726,6.912498189717596,22.398093258116347,34525.0,3.3655172413793104
627.5993724,8.092020382718058,75.15818622659782,36894.0,3.550724637681159
627.7993722,13.221463681048608,147.07486599868133,36620.0,1.9870129870129871
627.999372,13.046335447498238,102.89437005371842,39732.0,1.755952380952381
628.1993718,5.461307901907357,44.40836190777794,36700.0,1.9473684210526316
628.3993716,4.621133559806902,46.37367788188499,33558.0,1.844155844155844
628.5993714,3.5551619098072975,39.95954570564289,30202.0,1.9523809523809523
628.7993712,2.2793808586583046,4.639013926218266,29977.0,2.0
628.999371,2.1056926884741456,1.5758167035277049,29898.0,2.0
629.1993708,7.362025316455696,37.09388745173765,31600.0,1.8181818181818181
629.3993706,3.982847168607969,48.19988933404565,29791.0,1.9
629.5993704,2.461178799358384,6.2648657244039745,29301.0,1.9066666666666667
629.7993702,2.113279781233977,2.579953964331832,29255.0,1.919463087248322
629.99937,6.724880227890716,49.94653047147095,30892.0,1.9189189189189189
630.1993698,,41.70227315232131,30390.0,1.8827586206896552
630.3993696,,6.971954602369152,31288.0,1.9583333333333333
630.5993694,4.90615845014963,19.69699893175348,31745.0,1.814569536423841
630.7993692,5.087632203755666,141.41968470566846,32431.0,3.228187919463087
630.999369,3.263146511771612,11.991403049676025,32366.0,3.3680555555555554
631.1993688,2.6733868458714456,9.983709353463748,32142.0,3.3986013986013988
631.3993686,,78.93111021731472,29750.0,2.020979020979021
631.5993684,,66.75295486177886,25694.0,2.272
631.7993682,,74.34581106128606,29587.0,1.993006993006993
631.999368,6.537834553484099,121.89195238410188,33739.0,3.3846153846153846
632.1993678,3.8339299564465126,20.152417354663548,33522.0,3.415492957746479
632.3993676,5.992683502478169,34.69843104044651,33896.0,3.317241379310345
632.5993674,7.038687443811807,55.27921736323295,33370.0,3.0
632.7993672,4.474831676819494,47.209429093977725,31190.0,3.061224489795918
632.999367,3.9201728823548674,13.753645850993564,30541.0,3.1468531468531467
633.1993668,4.1667941088467035,21.08007088865759,30079.0,3.192857142857143
633.3993666,2.754479163229617,1.769167029289989,30307.0,3.223021582733813
633.5993664,3.055365933705284,6.217975916362353,30470.0,3.192857142857143
633.7993662,2.942105263157895,10.02220838716141,29640.0,3.27007299270073
633.999366,3.5876018038634987,21.419152157627995,29714.0,3.1870503597122304
634.1993658,3.83252219664584,6.85730001207228,30410.0,3.2014388489208634
634.3993656,,27.09299282201717,29041.0,3.2941176470588234
634.5993654,,5.285000100300149,29351.0,3.27007299270073
634.7993652,7.886050955414013,28.824642782355216,31400.0,3.0413793103448277
634.999365,4.588364932749959,14.049927923210435,30855.0,3.0839160839160837
635.1993648,3.5583040042499503,28.83476365327303,30118.0,3.1702127659574466
635.3993646,4.365926697480632,5.90379235831551,30722.0,3.140845070422535
635.5993644,3.741642268672976,15.389460166120722,29374.0,3.2158273381294964
635.7993642,7.7037505134443425,20.342305095935384,31649.0,3.0833333333333335
635.999364,5.138454106280193,26.53018250711492,31050.0,3.240875912408759
636.1993638,,7.22224449343286,30823.0,3.2335766423357666
636.3993636,,4.258426403833563,31213.0,3.2246376811594204
636.5993634,5.7224984151346305,11.372032483612841,29971.0,3.0985915492957745
636.7993632,3.4464438169041833,4.584472749614562,30454.0,3.210144927536232
636.999363,3.789035878933654,4.142573198708872,29934.0,3.1870503597122304
637.1993628,2.5618413203420163,5.711610709076479,30174.0,3.1714285714285713
637.3993626,5.0612672036532,17.271878145370394,31534.0,3.0625
637.5993624,3.7294880319148938,26.97799956737139,30080.0,3.111888111888112
637.7993622,6.566687559792828,48.72792602950805,30313.0,3.027027027027027
637.999362,3.936865296567868,24.58675209807067,29049.0,3.099290780141844
638.1993618,3.08321770618295,11.746335559921853,29549.0,3.1134751773049647
638.3993616,2.6261519386079555,9.863359316669182,29841.0,3.127659574468085
638.5993614,2.6324708882848418,12.488635259499326,29799.0,3.112676056338028
638.7993612,2.36554363425135,1.7965423065290973,29266.0,3.142857142857143
638.999361,2.31159243653585,3.774685123834951,28717.0,3.158273381294964
639.1993608,2.2487748529823577,2.19517607981344,28568.0,3.1654676258992804
639.3993606,,9.727396902294702,28124.0,3.1884057971014492
639.5993604,2.2243667068757538,4.306654368299055,28186.0,3.181159420289855
639.7993602,,14.054895099134658,28849.0,3.158273381294964
639.99936,2.3655657899345077,6.8079165438080445,28553.0,3.1654676258992804
640.1993598,2.1790362293352095,1.689246378840751,28430.0,3.1654676258992804
640.3993595999999,2.4154098589582462,7.079420115544737,28644.0,3.181159420289855
640.5993593999999,2.4193615472600603,1.7932166293863918,28851.0,3.1884057971014492
640.7993591999999,,9.139238247619794,28124.0,3.235294117647059
640.9993589999999,,24.64563184284829,31786.0,3.06993006993007
641.1993587999999,9.544953167365048,32.51858809215415,32456.0,3.1739130434782608
641.3993585999999,4.998612315698178,54.24913535568598,28825.0,3.1142857142857143
641.5993583999999,6.167089985486212,26.240820103640225,27560.0,3.1510791366906474
641.7993581999999,,122.32997975357833,19667.0,2.103448275862069
641.9993579999999,,128.74846651183867,26760.0,3.2058823529411766
642.1993577999999,8.045489034216136,25.44741224169731,27677.0,3.176470588235294
642.3993575999999,,7.177082727081123,28279.0,3.115107913669065
642.5993573999999,2.566231376296139,1.8970692931431898,28257.0,3.115107913669065
642.7993571999999,4.519962308927201,9.443661869857024,28654.0,3.1079136690647484
642.9993569999999,7.334175679773577,15.884432871334253,29679.0,3.092857142857143
643.1993567999999,5.0346238701871755,9.74659944747483,28102.0,3.0785714285714287
643.3993565999999,5.853420963936636,20.517101503358976,29670.0,2.9591836734693877
643.5993563999999,,107.0096347063385,19461.0,2.2413793103448274
643.7993561999999,,121.18402172238446,26863.0,3.153284671532847
643.9993559999999,,123.66828146889041,18833.0,2.236842105263158
644.1993557999999,2.583036236896717,3.7343438237146382,18793.0,2.236842105263158
644.3993555999999,,13.786149104756166,26810.0,1.4407894736842106
644.5993553999999,9.721465046663145,35.418913208135834,28395.0,1.7272727272727273
644.7993551999999,10.336641622607674,127.83996582039644,32343.0,3.085714285714286
644.9993549999999,6.606759831004225,23.92507916052084,30770.0,3.027972027972028
645.1993547999999,8.05586592178771,34.19144508401583,33831.0,2.9657534246575343
645.3993545999999,8.264846796657382,47.10209663467582,35900.0,2.9452054794520546
645.5993543999999,9.393107898812596,66.35073375153509,38740.0,2.3315217391304346
645.7993541999999,,88.1743067636328,40742.0,1.6473429951690821
645.9993539999999,,119.31131165106463,35311.0,1.2511848341232228
646.1993537999999,,52.37014342016815,30330.0,1.028169014084507
646.3993535999999,9.702133784318665,103.58965911638191,27791.0,0.9765258215962441
646.5993533999999,,6.461794345013315,27185.0,0.9292452830188679
646.7993531999999,,44.54872837829642,27378.0,0.9483568075117371
646.9993529999999,9.099627560521416,47.92784517929749,30072.0,1.1126760563380282
647.1993527999999,,69.52577083328764,30828.0,1.1917098445595855
647.3993525999999,,42.69223465459127,29423.0,1.1822916666666667
647.5993523999999,,262.69944206124393,29294.0,2.7333333333333334
647.7993521999999,8.823491379310346,71.56749606670527,27840.0,2.6953642384105962
647.9993519999999,,80.02027506890244,24467.0,1.776978417266187
648.1993517999999,,123.4325611283877,26684.0,2.8714285714285714
648.3993515999999,2.601117153109163,16.857540822671282,27033.0,3.45
648.5993513999999,,86.46634860154042,22889.0,1.8636363636363635
648.7993511999999,,35.10798546376066,19834.0,2.042372881355932
648.9993509999999,,115.55363573437273,27062.0,3.4820143884892087
649.1993507999999,,115.41539144387333,19841.0,2.0168067226890756
649.3993505999999,,114.4477770392393,27706.0,3.45
649.5993503999999,,114.65626580965629,20085.0,2.111111111111111
649.7993501999999,,108.64168142667884,28037.0,3.4892086330935252
649.9993499999999,,90.75232588719065,23524.0,1.7121212121212122
650.1993497999999,,130.7991249030392,30629.0,3.228187919463087
650.3993495999999,,127.25084271852387,33461.0,1.78743961352657
650.5993493999999,14.941312414556345,136.91605735228399,30722.0,1.1179245283018868
650.7993491999999,,50.21259879695849,28906.0,0.8048780487804879
650.9993489999999,,23.085393612723095,28836.0,0.7941176470588235
651.1993487999999,,80.22990397180929,30433.0,1.0613207547169812
651.3993485999999,,201.68768506669164,36709.0,1.2292682926829268
651.5993483999999,,220.53631034752482,30313.0,1.7048192771084338
651.7993481999999,,89.35913018523516,31357.0,3.2133333333333334
651.9993479999999,10.727492935002019,185.76401340792265,29724.0,1.816326530612245
652.1993477999999,6.167972315181016,246.66883042869935,26296.0,3.3541666666666665
652.3993475999999,4.39652207146952,2.6737366974155363,26165.0,3.4397163120567376
652.5993473999999,5.761474036850921,11.34902717366652,23880.0,3.4748201438848922
652.7993471999999,,123.49998895826977,16992.0,1.4873949579831933
652.999347,,124.72909530340657,23724.0,3.3986013986013988
653.1993468,,120.72598419042198,16439.0,1.4297520661157024
653.3993466,,31.383608638329825,19336.0,1.4285714285714286
653.5993464,,102.65497990235126,24321.0,3.3541666666666665
653.7993462,2.9254770392115748,6.345205553755897,23845.0,3.408450704225352
653.999346,,122.01874284014895,16731.0,1.4710743801652892
654.1993458,,8.69956130811572,17028.0,1.4833333333333334
654.3993456,,37.827287022374676,19115.0,1.4285714285714286
654.5993454,3.233206126823148,8.461833132594828,19129.0,1.4210526315789473
654.7993452,2.9490891860587554,3.7480506329419114,18994.0,1.4848484848484849
654.999345,,109.64650646806997,22977.0,3.4676258992805757
655.1993448,,130.9376164270362,16486.0,1.425
655.3993446,,43.09681501669858,18945.0,1.5114503816793894
655.5993444,,4.279754794065739,18944.0,1.4924242424242424
655.7993442,,109.12476376041838,22941.0,3.442857142857143
655.999344,6.09186243342554,15.479535596793598,24221.0,3.3916083916083917
656.1993438,,97.03347260784759,18359.0,1.4651162790697674
656.3993436,,39.11107679928898,16667.0,1.4833333333333334
656.5993434,,138.25665078942842,22803.0,3.4820143884892087
656.7993432,,126.30492545948591,15803.0,1.4491525423728813
656.999343,,33.54004808566232,18480.0,1.4274809160305344
657.1993428,4.519340588298674,4.513089127872917,18562.0,1.426356589147287
657.3993426,,79.97613567053016,23607.0,3.3636363636363638
657.5993424,,141.46392971635296,17516.0,1.4878048780487805
657.7993422,,126.4451966596085,23508.0,3.4357142857142855
657.999342,,58.981056547856376,25923.0,3.2550335570469797
658.1993418,15.75666985907785,96.80994860712167,29236.0,3.156862745098039
658.3993416,6.352086462482858,8.093692820249396,30626.0,3.129032258064516
658.5993414,7.825597203340455,56.18995638246323,30894.0,3.2266666666666666
658.7993412,3.3827494128623363,11.481219975815923,31083.0,3.3379310344827586
658.999341,6.73483479033931,54.44570796923136,33745.0,3.142857142857143
659.1993408,5.651223038920352,50.74630461296356,33196.0,3.1019108280254777
659.3993406,4.632919954904171,104.40573451824356,31045.0,1.7894736842105263
659.5993404,3.285280826339574,19.52939346908369,30980.0,1.8835616438356164
659.7993402,2.281330591192505,2.3107641518390714,30633.0,1.889655172413793
659.99934,2.067834342772958,0.7620603689467186,30545.0,1.889655172413793
660.1993398,2.1050662816642602,2.20982556751337,30476.0,1.903448275862069
660.3993396,,6.660899112237164,29880.0,1.8741258741258742
660.5993394,,2.865184154868046,30013.0,1.8344827586206895
660.7993392,3.0083753211652042,9.414702905533803,29969.0,1.8095238095238095
660.999339,,107.36553494074771,31267.0,3.331034482758621
661.1993388,6.863213850859739,43.35376027843226,33673.0,3.2133333333333334
661.3993386,3.66000751503006,16.383525630360467,31936.0,3.2945205479452055
661.5993384,5.887100091072005,28.913638644449833,34039.0,3.2945205479452055
661.7993382,3.8912820512820514,16.172411762770654,32175.0,3.4113475177304964
661.999338,8.347512791789034,45.711206664824644,33029.0,2.9044585987261144
662.1993378,8.92958012384836,138.9882092046402,26484.0,2.9722222222222223
662.3993376,9.116362362284423,36.41334788824537,25687.0,2.8947368421052633
662.5993374,,60.449174604425245,21766.0,1.2797202797202798
662.7993372,10.609433353312738,33.578546025816,21689.0,1.5777777777777777
662.999337,,53.84178769736753,26157.0,2.992857142857143
663.1993368,,4.356594972020348,27573.0,3.3846153846153846
663.3993366,6.642442501285914,7.51551159488233,27218.0,3.4714285714285715
663.5993364,,253.69867584470498,28724.0,1.475
663.7993362,,111.5726433692507,33422.0,3.1733333333333333
663.999336,,24.49783028251168,31708.0,3.3472222222222223
664.1993358,,77.81100653519552,22137.0,2.183333333333333
664.3993356,,79.12534961860861,31334.0,3.375
664.5993354,,91.75653818324648,23313.0,2.2950819672131146
664.7993352,,91.5085941649953,31297.0,3.3916083916083917
664.999335,2.221359161232579,3.1721046000084687,31284.0,3.3846153846153846
665.1993348,2.159599246992757,2.6849315517499535,31341.0,3.3916083916083917
665.3993346,4.119506913210062,39.51983668926649,30015.0,3.331034482758621
665.5993344,3.320408574692561,2.7250860584983787,29762.0,3.3379310344827586
665.7993342,3.449385925900585,28.382870336303398,29231.0,3.361111111111111
665.999334,4.591204823381136,13.277790149270755,29357.0,3.2789115646258504
666.1993338,2.8845155709342563,9.144743218663656,30056.0,3.2133333333333334
666.3993336,2.6882233265517126,2.8014608992791725,29983.0,3.2266666666666666
666.5993334,,88.11698717873412,21858.0,1.8492063492063493
666.7993332,,96.08199343085712,29650.0,3.2635135135135136
666.999333,2.5660003417051085,10.431984554587887,29265.0,3.248322147651007
667.1993328,2.2019270474879558,1.9251929278620088,29060.0,3.2635135135135136
667.3993326,,59.823779701411326,27313.0,2.442176870748299
667.5993324,,59.88633319828353,29053.0,3.2635135135135136
667.7993322,4.398573386274992,16.47842705018028,28459.0,3.292517006802721
667.999332,7.224392550560163,116.9969309424058,27492.0,1.8835616438356164
668.1993318,4.0756321689259645,77.33028860113063,30688.0,3.3448275862068964
668.3993316,,31.43656492988736,24239.0,1.8741258741258742
668.5993314,,8.882010024262476,24113.0,1.8310810810810811
668.7993312,,139.0855630718783,21269.0,1.4444444444444444
668.999331,,104.87501298783498,26133.0,1.7278481012658229
669.1993308,,49.95403528291934,22075.0,1.7969924812030076
669.3993306,,63.549295495014576,27483.0,1.7467532467532467
669.5993304,,99.76456433522885,30305.0,3.1633986928104574
669.7993302,,95.2460186196265,27457.0,1.804054054054054
669.99933,3.9416915924898195,23.281825503154316,27749.0,1.864864864864865
670.1993298,,173.04166682061998,32697.0,2.933333333333333
670.3993296,,26.080321829072915,32072.0,2.811320754716981
670.5993294,,10.855400551171158,31977.0,2.775
670.7993292,3.8584616357370933,26.127099137745724,31631.0,3.109677419354839
670.999329,,19.366734274711202,31101.0,3.130718954248366
671.1993288,,10.097163386962619,31193.0,3.1437908496732025
671.3993286,,14.593222101024828,31008.0,3.1315789473684212
671.5993284,,30.25024200541964,32006.0,3.1233766233766236
671.7993282,3.2536561898652985,19.408996067481006,31180.0,3.25
671.999328,3.8828732412099844,3.5284950547736296,31769.0,3.361111111111111
672.1993278,5.190741310366041,17.972856540500224,32510.0,3.2945205479452055
672.3993276,,25.95046646163788,31140.0,3.2162162162162162
672.5993274,,13.783414047563179,32015.0,3.3402777777777777
672.7993272,4.100630663727651,11.345773251304164,32664.0,3.3333333333333335
672.999327,8.47331464572174,54.92208527961692,36031.0,3.214765100671141
673.1993268,4.737705397345184,83.6036280049423,34202.0,2.2567567567567566
673.3993266,6.352536200961566,75.35866663912793,35151.0,3.272108843537415
673.5993264,4.172103487064117,15.148147470200229,32893.0,3.3013698630136985
673.7993262,,12.975070998487555,31527.0,3.3286713286713288
673.999326,,11.231752468288416,31195.0,3.3541666666666665
674.1993258,3.617582209902986,15.355965334489815,31748.0,3.3241379310344827
674.3993256,,110.72407512093213,23934.0,2.314516129032258
674.5993254,,108.21779599907494,31375.0,3.331034482758621
674.7993252,2.120523151701202,4.309794602762879,31272.0,3.326388888888889
674.999325,2.132945761195937,0.8824088531494537,31306.0,3.3402777777777777
675.1993248,2.1723087773289733,0.9929757059664917,31194.0,3.3472222222222223
675.3993246,2.051967644604224,0.5193093980279763,31154.0,3.361111111111111
675.5993244,2.0482004935422875,2.6764140240757484,31203.0,3.3541666666666665
675.7993242,,6.774351281075972,30636.0,3.3286713286713288
675.999324,,8.68006588662148,31995.0,3.3541666666666665
676.1993238,,16.608713217780956,30720.0,3.298611111111111
676.3993236,3.07051054920277,17.99730888832904,31045.0,3.238095238095238
676.5993234,,11.676415972862168,31495.0,3.2432432432432434
676.7993232,2.2036435441747884,4.852105464196468,31398.0,3.2993197278911564
676.999323,2.6920178799489145,2.3240997902285043,31320.0,3.25
677.1993228,2.875297260318598,4.20444365173675,30697.0,3.2653061224489797
677.3993226,3.0274271066965714,7.883006341255712,31210.0,3.3013698630136985
677.5993224,2.2479085241771375,4.8484502432470045,30959.0,3.308219178082192
677.7993222,2.4815797992877955,1.701916082220969,30890.0,3.317241379310345
677.999322,,7.53207376193143,30276.0,3.282758620689655
678.1993218,,3.3975363356041224,30985.0,3.25
678.3993216,2.76561428711352,9.926068391154871,30629.0,3.221476510067114
678.5993214,2.463370624323349,12.22604374896166,30481.0,3.308219178082192
678.7993212,3.7734766343288313,5.755402559289479,31542.0,3.317241379310345
678.999321,3.1061929137809896,24.685444344728193,29889.0,3.3402777777777777
679.1993208,3.4271162744249524,11.272522622683947,30041.0,3.303448275862069
679.3993206,,116.56940734669277,22235.0,2.0403225806451615
679.5993204,,122.88124117668077,29637.0,3.3241379310344827
679.7993202,4.1357767871883775,17.04319137299461,30285.0,3.361111111111111
679.99932,3.6190007867820615,4.888006178537449,30504.0,3.3636363636363638
680.1993198,4.861702127659575,12.0174203263472,31772.0,3.3013698630136985
680.3993196,5.797867790811339,19.27964217765341,32736.0,3.164473684210526
680.5993194,5.094712451324301,25.903577368837322,31073.0,3.317241379310345
680.7993192,,131.19750718375505,23610.0,2.0
680.999319,2.712641689019642,17.023642426355337,23114.0,1.9147286821705427
681.1993188,,128.87618029020848,30649.0,3.228187919463087
681.3993186,2.1807374901755305,3.048948328451984,30536.0,3.221476510067114
681.5993184,6.297243605661783,33.534934309399034,32216.0,3.1776315789473686
681.7993182,,138.23136947863736,22736.0,1.9761904761904763
681.999318,,135.316482133862,30818.0,3.2635135135135136
682.1993178,,149.37516803902997,24299.0,1.9701492537313432
682.3993176,,118.01775101441137,31133.0,3.1710526315789473
682.5993174,,113.52651235892115,23317.0,2.0078125
682.7993172,,147.42582380076033,30510.0,3.331034482758621
682.999317,,1205.735710572566,12886.0,3.390625
683.1993168,,1196.5774126149897,31767.0,3.3776223776223775
683.3993166,,7.800791425997803,30674.0,3.3216783216783217
683.5993164,,16.767453544996336,31185.0,3.2945205479452055
683.7993162,,40.50696032305446,32681.0,3.298611111111111
683.999316,,23.22865619580618,35537.0,3.3013698630136985
684.1993158,2.8957580033512658,25.001430886250166,34017.0,3.3541666666666665
684.3993155999999,4.042399204820774,43.744544379739665,32194.0,3.3013698630136985
684.5993153999999,,2.400658824775363,31307.0,3.3426573426573425
684.7993151999999,,13.691243017362453,31943.0,3.3379310344827586
684.9993149999999,2.1613657180758663,5.266087148961179,31661.0,3.3241379310344827
685.1993147999999,2.6173148524764556,8.340075985249937,31961.0,3.361111111111111
685.3993145999999,2.8055004796929963,5.257429907948136,31270.0,3.3241379310344827
685.5993143999999,2.796699984134539,4.52932932766186,31515.0,3.3013698630136985
685.7993141999999,2.2231150352537634,2.706496006447003,31486.0,3.317241379310345
685.9993139999999,3.7171415878657106,11.90582864395764,31514.0,3.3379310344827586
686.1993137999999,3.9331683933817843,8.698564343392372,32335.0,3.2567567567567566
686.3993135999999,,13.248611239538219,31119.0,3.0620689655172413
686.5993133999999,,13.02341163999541,31888.0,3.2789115646258504
686.7993131999999,,5.305990887231048,31507.0,3.26027397260274
686.9993129999999,,5.402219558163539,31934.0,3.2857142857142856
687.1993127999999,4.017739035020878,10.544078205604857,32809.0,3.25
687.3993125999999,6.176017090841539,16.85681741097968,32298.0,2.451388888888889
687.5993123999999,4.381026394619341,55.08151180605606,35386.0,3.315068493150685
687.7993121999999,,58.24980365106241,33367.0,2.296551724137931
687.9993119999999,4.408334054771593,59.32014532033695,34653.0,3.335664335664336
688.1993117999999,,8.25621529743412,35003.0,3.3680555555555554
688.3993115999999,2.3956153604926307,4.52175187997689,35077.0,3.361111111111111
688.5993113999999,4.068021529324425,60.061702800933816,32328.0,3.308219178082192
688.7993111999999,3.919628420151549,20.91523351304394,31541.0,3.3541666666666665
688.9993109999999,,386.78360542408274,6487.0,0.8613138686131386
689.1993107999999,0.8201751103794058,122.58981729554083,13363.0,1.3011363636363635
689.3993105999999,0.8102053961210907,15.450041110707284,13973.0,1.3181818181818181
689.5993103999999,0.8010232192050374,54.49164956138942,12705.0,1.2987012987012987
689.7993101999999,0.839962524486841,81.8701183317697,11741.0,1.6304347826086956
689.9993099999999,0.8950844658961006,64.81654030796925,15746.0,1.185929648241206
690.1993097999999,0.8709452389257063,50.605393468393274,14335.0,1.4037267080745341
690.3993095999999,0.8526868209032449,38.58066241628166,13529.0,1.346820809248555
690.5993093999999,0.8270286760219646,232.0372522024617,9834.0,0.8387096774193549
690.7993091999999,0.8478933907659173,19.771171640807232,7429.0,0.7905405405405406
690.9993089999999,0.8636330329010039,197.92135967702248,13647.0,1.2771739130434783
691.1993087999999,0.8202099737532809,39.51027463146883,12192.0,1.1442307692307692
691.3993085999999,0.8156918302637792,29.60025683700169,14823.0,1.13
691.5993083999999,0.8383451257861635,118.17147072147806,10176.0,1.949579831932773
691.7993081999999,0.837419906023067,14.725882328745293,11705.0,1.4382716049382716
691.9993079999999,0.8172408216076338,66.84712043310233,12366.0,1.3892215568862276
692.1993077999999,0.7684263666522428,51.10750469700242,13866.0,1.2648648648648648
692.3993075999999,0.7404613375888582,232.84389882681302,6893.0,0.6022727272727273
692.5993073999999,0.8868396373866834,233.48771247162887,12796.0,1.2681564245810055
692.7993071999999,0.8692043503148255,159.3726379388499,3494.0,1.2584269662921348
692.9993069999999,0.7524462940051738,55.8076544589269,8891.0,1.087719298245614
693.1993067999999,0.8106367508050275,87.50733939257199,9627.0,1.1428571428571428
693.3993065999999,0.7556094602789569,53.457487477531885,8245.0,0.6608187134502924
693.5993063999999,0.7900135256988278,24.820133117339218,8872.0,0.8896103896103896
693.7993061999999,0.8145782019704434,170.67646151252555,12992.0,1.1846153846153846
693.9993059999999,0.7917726887192537,168.18836422724343,9432.0,0.9096774193548387
694.1993057999999,0.7859511963989576,39.33459185584717,8442.0,0.8376623376623377
694.3993055999999,0.7167386091127098,158.82684203975566,10425.0,1.3716216216216217
694.5993053999999,0.8337209302325581,178.26594472956322,6880.0,0.8978102189781022
694.7993051999999,0.7817139635406879,183.32142439971622,10642.0,1.2134146341463414
694.9993049999999,0.8237004725554344,167.09436790593944,5502.0,0.9910714285714286
695.1993047999999,0.858748594979393,34.24959761035571,8007.0,0.8095238095238095
695.3993045999999,0.8309423347398031,93.7682682972405,7110.0,0.6797385620915033
695.5993043999999,0.7617274758004468,31.075990675008104,5372.0,0.6050955414012739
695.7993041999999,0.731020942408377,102.9852495357975,4584.0,0.6619718309859155
695.9993039999999,0.847970173985087,346.6706749587619,2414.0,0.5729166666666666
696.1993037999999,1.0616422423819494,407.6100027414705,8598.0,0.9513513513513514
696.3993035999999,0.8012262415695892,43.51874423433371,8155.0,1.1077844311377245
696.5993033999999,0.8827103664150249,25.59810727009872,10862.0,1.0434782608695652
696.7993031999999,0.8659313973489831,25.532405200581284,9883.0,0.9183673469387755
696.9993029999999,0.8420298751790465,201.94996910084024,4887.0,0.7291666666666666
697.1993027999999,0.7997805814591333,209.29539617702156,9115.0,1.2620689655172415
697.3993025999999,0.8242087631138146,38.46714461745114,11343.0,0.9945054945054945
697.5993023999999,0.8017513134851139,78.74912341170584,8565.0,0.8531073446327684
697.7993021999999,0.9025834779944859,130.02949914968337,9793.0,1.0392156862745099
697.999302,0.8833005525896788,43.72963899752301,10677.0,1.344155844155844
698.1993018,0.8394529786436867,23.75882352214616,10676.0,1.0909090909090908
698.3993016,0.823879938203487,32.04936167900699,9062.0,1.1618497109826589
698.5993014,0.9093678598629094,290.7635633180566,6565.0,0.4852941176470588
698.7993012,0.6864613339242189,87.96176062772535,4513.0,0.5379310344827586
698.999301,0.595626518569941,27.144749484954136,2881.0,0.475
699.1993008,0.9018181818181819,1049.7749406760577,825.0,1.4594594594594594
699.3993006,1.1603658536585366,1185.1415778704738,1640.0,1.3636363636363635
699.5993004,0.8157109711634074,192.30419179530878,3017.0,1.2727272727272727
699.7993002,1.7890921643079047,601.9943352582341,5794.0,1.0408163265306123
699.9993,1.5496997400734964,206.30131984632976,11157.0,0.9180327868852459
700.1992998,1.0871494665281842,143.5298635046397,10591.0,0.7759562841530054
700.3992996,0.8984261939218524,62.783898254743484,11056.0,1.0061728395061729
700.5992994,0.8807092082686494,18.432959951535366,12239.0,1.0303030303030303
700.7992992,0.7917699553792762,98.72526528102834,14119.0,1.2988505747126438
700.999299,0.8507966513637591,73.57772618932079,14812.0,1.1597938144329898
701.1992988,0.8722566122678672,55.12826527691955,12439.0,0.9512195121951219
701.3992986,0.9353345165522031,22.682954287411174,12959.0,0.7821782178217822
701.5992984,0.8840436075322101,35.409823640420775,15135.0,1.0578947368421052
701.7992982,0.8710471647303224,28.643452075118685,12997.0,0.8535353535353535
701.999298,0.9024331292297776,20.401957069437533,12412.0,0.7244897959183674
702.1992978,0.8883841661258923,61.50641828754807,12328.0,1.2272727272727273
702.3992976,0.855972832600879,128.58431193125503,15018.0,1.106060606060606
702.5992974,0.8403700712240253,48.40314932857422,13619.0,1.2406417112299466
702.7992972,0.8306970928415129,81.68247605666477,15995.0,1.4838709677419355
702.999297,0.940946903563726,147.9382686326678,9737.0,1.0679012345679013
703.1992968,0.8946312494984351,121.41282525879456,12461.0,1.1607142857142858
703.3992966,0.8896815286624203,118.6107391247852,11775.0,0.7687861271676301
703.5992964,0.8672659045291911,21.78021639444917,11459.0,1.0432098765432098
703.7992962,0.9031178439316541,40.73324383711343,11354.0,1.2533333333333334
703.999296,0.9398961167449913,40.3370424302536,12129.0,0.9943820224719101
704.1992958,1.056543653322519,52.21091754672459,17261.0,1.2783505154639174
704.3992956,1.1827478879502,147.14216830020663,15743.0,0.859375
704.5992954,1.0024457352491594,45.556969322650446,16355.0,0.6847290640394089
704.7992952,0.8968474865095143,31.859376131564023,17605.0,0.8387096774193549
704.999295,0.8875533152384645,8.677415090867504,15474.0,0.864406779661017
705.1992948,0.939816388983339,28.998498673481187,17646.0,0.7715736040609137
705.3992946,0.8733103486017622,5.419938784057865,18273.0,0.7875647668393783
705.5992944,0.8820545007584079,8.59141390779799,19119.0,0.7916666666666666
705.7992942,0.9019686621132985,15.344119790071463,17423.0,0.8020833333333334
705.999294,0.9451534487997569,18.839487064369234,19746.0,0.7370892018779343
706.1992938,0.8925097017702408,3.572777600738277,18811.0,0.9639175257731959
706.3992936,0.8686687340188238,15.640545388876903,18381.0,0.9945945945945946
706.5992934,0.881370376683143,13.377965554785536,17601.0,0.9585492227979274
706.7992932,0.9325597127543321,31.74022287371675,19217.0,0.925
706.999293,0.9388704318936877,28.50936883659948,21070.0,0.984375
707.1992928,0.9175704989154013,5.113620837026338,20284.0,0.9322916666666666
707.3992926,0.9156060030395137,11.575875453641975,21056.0,0.9064039408866995
707.5992924,0.9241331161275308,23.370690556866496,21485.0,0.9113300492610837
707.7992922,0.890252117013087,21.6245809726545,20784.0,0.9076923076923077
707.999292,0.8766017366815302,43.02008020858112,21305.0,0.949238578680203
708.1992918,0.9137838758332117,11.39930906459981,20553.0,0.9104477611940298
708.3992916,0.9025537339018065,15.033095358890915,22751.0,0.7767857142857143
708.5992914,0.914386985367627,30.02050767582493,22006.0,0.8656716417910447
708.7992912,0.9084576622863353,5.983877542215522,20242.0,0.8557213930348259
708.999291,0.8642521297891159,29.743613805509437,21481.0,0.8899521531100478
709.1992908,0.8995343925502808,16.699426313251756,20833.0,0.9121951219512195
709.3992906,0.8944490961926809,12.822197465396744,20303.0,0.8974358974358975
709.5992904,0.8858491015680854,7.818812663638116,20981.0,0.9119170984455959
709.7992902,0.9060998332842993,17.93383231123725,20394.0,0.9251336898395722
709.99929,0.8895230982609623,73.4849813883904,18746.0,0.8978494623655914
710.1992898,1.009091332929274,59.12363371338191,21449.0,0.8944723618090452
710.3992896,0.9033700758944705,21.879448418523932,22136.0,0.8854166666666666
710.5992894,0.9190214123849605,12.247065685286065,21623.0,0.9119170984455959
710.7992892,0.9480665573002109,20.999726505482318,21335.0,0.9230769230769231
710.999289,0.915449551118853,31.222182799303564,22389.0,0.8693467336683417
711.1992888,0.9080844729742301,17.941413802740325,21498.0,0.9045226130653267
711.3992886,0.9103953798311861,20.973776580228574,22510.0,0.8969072164948454
711.5992884,0.9229223482130041,12.622645232115735,20901.0,0.8693467336683417
711.7992882,0.8946248697464397,6.703946828999463,23032.0,0.8860103626943006
711.999288,0.9222662002945509,17.510518009640986,21728.0,0.9402173913043478
712.1992878,0.916648203128462,7.00482538049346,22567.0,0.8814432989690721
712.3992876,0.9077674292431503,23.820999400893097,22118.0,0.9247311827956989
712.5992874,0.9204102204496647,25.914940279688242,22817.0,0.9072164948453608
712.7992872,0.9560552550404577,52.996109042116124,22369.0,0.9114583333333334
712.999287,1.0481139682824119,57.62132257552829,22322.0,0.8762376237623762
713.1992868,0.9888811389652484,46.31918070133348,24373.0,1.0104166666666667
713.3992866,0.9013345195729537,16.96887658380145,22480.0,0.9738219895287958
713.5992864,0.8919893534815833,11.225102494966993,23294.0,0.8262910798122066
713.7992862,0.9688335900137797,44.90604526554602,24674.0,1.1979695431472082
713.999286,0.9317725752508361,52.22857125452448,25415.0,1.3333333333333333
714.1992858,0.9894392983398219,90.07299057491723,22347.0,1.1359223300970873
714.3992856,0.9383301262495893,67.42905664291709,21307.0,1.2797927461139897
714.5992854,0.9034661336482988,12.53643485979304,22013.0,1.366120218579235
714.7992852,0.9257201738273375,112.43285421634992,22321.0,1.2914572864321607
714.999285,0.9501994017946161,37.07780127193588,20060.0,1.3942857142857144
715.1992848,0.9181683273266907,79.05969050129242,14151.0,1.7123287671232876
715.3992846,1.0396734277331292,63.333597763247596,23517.0,1.3297297297297297
715.5992844,0.865202002762431,47.272842960289466,23168.0,1.4269662921348314
715.7992842,0.8709560980011731,34.223714206944805,22163.0,1.328125
715.999284,0.9247557863240341,14.32589028106065,22726.0,1.3128205128205128
716.1992838,0.9197498423376077,122.32044155313953,19028.0,0.9405940594059405
716.3992836,0.8934798184857894,13.30547742997913,20935.0,0.9104477611940298
716.5992834,0.9407945150231901,92.46026147805242,24795.0,1.2097560975609756
716.7992832,0.8717045823101515,41.068675295446205,21583.0,1.2575757575757576
716.999283,0.8281662269129287,23.123391966494918,21224.0,1.1512195121951219
717.1992828,0.8753132556605847,40.02561258321199,22745.0,1.2952380952380953
717.3992826,0.8290150995195608,40.894813075934685,23312.0,1.08130081300813
717.5992824,0.8302951583284812,54.8378497539999,22327.0,1.1784037558685445
717.7992822,0.8638031614602936,100.83047356525152,21256.0,0.8303571428571429
717.999282,0.8468191843618907,52.76412101592806,23123.0,1.1111111111111112
718.1992818,0.8539979987264623,17.73545857825269,21986.0,1.1770334928229664
718.3992816,0.9075438887048691,23.26545306605132,24152.0,1.1477832512315271
718.5992814,0.9240421616195416,28.426398599551085,23908.0,1.0714285714285714
718.7992812,0.8699022126087153,25.24582361390412,22191.0,1.0796019900497513
718.999281,0.9044377101581634,34.01014658419299,24089.0,0.9393939393939394
719.1992808,0.8657040633784819,15.061428571333286,23478.0,0.9777777777777777
719.3992806,0.8567518248175182,16.081798658460126,23016.0,1.1042654028436019
719.5992804,0.8615122432505158,26.07001223274913,22298.0,1.2081218274111676
719.7992802,0.9208946131755287,31.81847610775073,22982.0,1.1927083333333333
719.99928,0.9251619093307748,42.03543064984348,25014.0,1.2184466019417475
720.1992798,0.8902805611222445,18.433403751027864,25948.0,1.3617021276595744
720.3992796,0.8448858657096356,11.64140702075875,23963.0,1.1635514018691588
720.5992794,0.8971838103551247,19.775202023325296,21767.0,1.3206521739130435
720.7992792,0.8941969267748304,15.56561027191563,23298.0,1.2347417840375587
720.999279,0.8930177080466097,71.0140095454116,21798.0,1.2020725388601037
721.1992788,0.8706202077064933,44.44834131270786,20606.0,1.366120218579235
721.3992786,0.8944646510570584,24.023656099457853,17596.0,1.5085714285714287
721.5992784,0.846056338028169,33.56269324671624,21300.0,1.3541666666666667
721.7992782,0.8820804379869446,9.769920431618143,23745.0,1.2355769230769231
721.999278,0.8735059321660125,38.24632250547202,22673.0,1.2835820895522387
722.1992778,0.8654778235025149,7.231326641336108,21870.0,1.2378640776699028
722.3992776,0.8909805890227577,11.80629152684036,23904.0,1.25
722.5992774,0.8575906383867934,38.031209025222275,19142.0,1.3457446808510638
722.7992772,0.9364371477579024,57.71276544427282,20405.0,1.4350282485875707
722.999277,0.9311043566362716,13.205863756639351,21714.0,1.3806818181818181
723.1992768,0.9172693688537384,50.26282956756682,19219.0,1.1783783783783783
723.3992766,0.8449330467845925,42.98875421181705,18147.0,0.9239130434782609
723.5992764,0.8110677179279345,124.91227983492851,13571.0,1.1314285714285715
723.7992762,0.808235797887525,27.469189624739283,14012.0,0.9270833333333334
723.999276,0.9913751796837565,193.9687659222541,18783.0,1.4705882352941178
724.1992758,0.8218104719764012,51.70178271212696,10848.0,1.7337662337662338
724.3992756,0.694547885037716,2.882443475391981,10473.0,1.8095238095238095
724.5992754,0.7010110736639383,150.2328675164881,6231.0,1.140495867768595
724.7992752,1.1167446039022368,139.75747641103573,43411.0,1.8547717842323652
724.999275,1.156410519827409,197.9988967463052,38936.0,1.35
725.1992748,1.1498486377396568,60.53972462404505,29730.0,1.0522088353413654
725.3992746,1.7637332211048597,200.59355736355155,90292.0,2.5
725.5992744,,429.85934262126267,25298.0,2.110294117647059
725.7992742,,58.1809459743579,20316.0,2.1478260869565218
725.999274,,136.25936401021838,27958.0,3.5294117647058822
726.1992738,,131.37113057685326,20485.0,2.1652173913043478
726.3992736,2.37851352007379,5.071176985654618,20599.0,2.1478260869565218
726.5992734,2.2692716897185417,5.283502457032925,20678.0,2.1652173913043478
726.7992732,,141.39073494284003,28512.0,3.536764705882353
726.999273,2.1426714902883637,1.0878537592379072,28471.0,3.551470588235294
727.1992728,2.1909985538428978,3.296172784235492,28351.0,3.536764705882353
727.3992726,,139.8752390233317,20548.0,2.1652173913043478
727.5992724,,139.66365194940136,28408.0,3.4855072463768115
727.7992722,5.001058887826206,15.558658033799412,29276.0,3.370629370629371
727.999272,3.6854583233981675,19.434216227960786,29357.0,3.3333333333333335
728.1992718,2.277602194977946,5.891099996246072,28793.0,3.4113475177304964
728.3992716,2.1390990612302088,3.906145066941264,28548.0,3.425531914893617
728.5992713999999,2.041013268998794,3.2496133709790707,28186.0,3.404255319148936
728.7992711999999,10.791103358046227,115.45531622821193,29809.0,1.7088607594936709
728.9992709999999,4.804888758782202,53.13952897728096,27328.0,1.7682119205298013
729.1992707999999,,50.02549826755199,21111.0,1.8387096774193548
729.3992705999999,,62.74893687296288,25795.0,1.8275862068965518
729.5992703999999,,3.145094355471431,25586.0,1.7986111111111112
729.7992701999999,2.116956299010915,1.3895267420774071,25377.0,1.7986111111111112
729.9992699999999,,2.448314170143513,25697.0,1.8482758620689654
730.1992697999999,2.131251212415131,2.1715636464143677,25775.0,1.8482758620689654
730.3992695999999,,3.2177303499276064,25341.0,1.8333333333333333
730.5992693999999,8.948114383390905,34.24898908840621,28081.0,1.6815286624203822
730.7992691999999,,44.41016685253143,21323.0,1.7076923076923076
730.9992689999999,,9.15580344648224,20712.0,1.753968253968254
731.1992687999999,2.260774287801315,2.8451645191318873,20535.0,1.7322834645669292
731.3992685999999,,62.87730502755447,25438.0,1.8299319727891157
731.5992683999999,2.835739367928209,3.7173600628089094,25630.0,1.836734693877551
731.7992681999999,,62.700549975047714,20243.0,1.736
731.9992679999999,2.0065041457723054,0.9333919769945401,20141.0,1.736
732.1992677999999,,57.03477558190951,24741.0,1.606896551724138
732.3992675999999,,3.338309486203945,24623.0,1.6620689655172414
732.5992673999999,,90.4225233597016,22370.0,1.5507246376811594
732.7992671999999,,540.2520039961781,96034.0,2.3574144486692017
732.9992669999999,4.332153275956936,7.289114761531402,96323.0,2.393822393822394
733.1992667999999,2.3331070496083552,17.463666127770452,95750.0,2.3846153846153846
733.3992665999999,,460.8609677107781,27827.0,1.7687074829931972
733.5992663999999,,51.63248901506257,22426.0,1.903225806451613
733.7992661999999,,67.32651625996824,26993.0,1.8472222222222223
733.9992659999999,6.351182437737508,116.69974646029904,31841.0,3.331034482758621
734.1992657999999,9.501185213658786,37.731943218533644,31218.0,3.408450704225352
734.3992655999999,,149.69100193393857,22666.0,2.0491803278688523
734.5992653999999,,124.14853956389464,31247.0,3.3379310344827586
734.7992651999999,,9.399635766572034,29438.0,3.414285714285714
734.9992649999999,,139.09217846433057,22283.0,2.090909090909091
735.1992647999999,,5.541171359884633,22478.0,2.090909090909091
735.3992645999999,,2.7258517999188285,22194.0,2.1
735.5992643999999,,141.50202081505822,30005.0,3.4295774647887325
735.7992641999999,4.062272384264576,6.070767839288924,30479.0,3.3776223776223775
735.9992639999999,4.977592513263255,3.1635951886320512,30347.0,3.380281690140845
736.1992637999999,4.4619676649524385,11.536860376987594,29751.0,3.4184397163120566
736.3992635999999,3.038486101307519,2.0505020696252565,29751.0,3.4571428571428573
736.5992633999999,,152.62660018694066,21622.0,2.1083333333333334
736.7992631999999,2.9269309131320616,4.0682495367046085,21596.0,2.142857142857143
736.9992629999999,,145.65353582063338,29611.0,3.4326241134751774
737.1992627999999,3.482879246552304,10.243349590601248,29730.0,3.4642857142857144
737.3992625999999,3.1938641196125417,1.7583653907774932,29629.0,3.4571428571428573
737.5992623999999,7.6754512519637075,37.56490222366491,31191.0,3.272108843537415
737.7992621999999,3.736295422523674,10.809393836619506,30519.0,3.315068493150685
737.9992619999999,,153.73515316542907,22022.0,1.951219512195122
738.1992617999999,,159.5351137718024,30203.0,3.3241379310344827
738.3992615999999,6.492445098917985,19.38632111483112,31238.0,3.2364864864864864
738.5992613999999,,5.790235889464675,29621.0,3.335664335664336
738.7992611999999,,8.470981595286142,30763.0,2.4685314685314683
738.9992609999999,,80.3236355685431,21709.0,2.134453781512605
739.1992607999999,,41.65824598905391,26914.0,1.908450704225352
739.3992605999999,,64.1268079465225,20117.0,1.875
739.5992603999999,,73.08166007516162,23488.0,2.0072992700729926
739.7992601999999,4.0579995622674545,6.8266987471547464,22845.0,1.9852941176470589
739.9992599999999,5.521545667447307,37.3209941251452,21350.0,2.045112781954887
740.1992597999999,,111.49952530206602,23935.0,3.5407407407407407
740.3992595999999,,142.26461193680646,18003.0,1.7327586206896552
740.5992593999999,,163.93897370678528,24571.0,3.585185185185185
740.7992591999999,,165.47075074727715,17291.0,1.7456140350877194
740.9992589999999,,169.01368836119184,24335.0,3.582089552238806
741.1992587999999,,167.0302585771609,16892.0,1.752212389380531
741.3992585999999,,11.36084681464657,16438.0,1.623931623931624
741.5992583999999,,12.608648383634277,16429.0,1.6991150442477876
741.7992581999999,,173.3248740335275,24308.0,3.574626865671642
741.9992579999999,,168.5295895941401,17074.0,1.7678571428571428
742.1992577999999,,174.24357769264964,25315.0,3.5036496350364965
742.3992575999999,14.978384412421352,70.36081929858454,29562.0,3.5036496350364965
742.5992573999999,,115.96544432986035,20401.0,2.3
742.7992571999999,,86.45112865292987,29349.0,3.4532374100719423
742.999257,,112.02737052425059,21245.0,2.2280701754385963
743.1992568,7.837300076161462,1.0942031705141313,21008.0,2.265486725663717
743.3992566,2.906659077973819,1.1096968628832364,21084.0,2.254385964912281
743.5992564,,143.82248790124115,29139.0,3.6074074074074076
743.7992562,,4.948860212208784,28759.0,3.574626865671642
743.999256,,6.61528453083747,29110.0,3.6074074074074076
744.1992558,,140.60326234778765,21036.0,2.2831858407079646
744.3992556,,141.1448422183962,29174.0,3.6074074074074076
744.5992554,2.669169852539596,4.396602001718527,29296.0,3.6148148148148147
744.7992552,3.0842116175403436,5.86801761568354,28939.0,3.5703703703703704
744.999255,,161.5313461893598,22083.0,2.15
745.1992548,,26.82073393891832,21865.0,2.25
745.3992546,,1284.5375227691493,14482.0,2.9583333333333335
745.5992544,,1253.807764634742,27897.0,3.536231884057971
745.7992542,,153.7055515040562,20189.0,2.0085470085470085
745.999254,,1.3571578797370527,19755.0,2.0521739130434784
746.1992538,,159.92101408661733,27689.0,3.54014598540146
746.3992536,2.4613586506994642,3.1829229126309517,27807.0,3.562043795620438
746.5992534,,5.360828236970743,27378.0,3.58955223880597
746.7992532,,4.616922240385288,27707.0,3.5808823529411766
746.999253,2.6143752945014316,1.2577849588768728,27589.0,3.5808823529411766
747.1992528,5.3191558091956495,5.79058689868394,27861.0,3.5144927536231885
747.3992526,,176.16483428166086,19813.0,1.9322033898305084
747.5992524,,171.00475318415678,27616.0,3.5072463768115942
747.7992522,,175.24963613568576,19519.0,2.0172413793103448
747.999252,3.8867427568042143,16.27089129204162,19363.0,1.9565217391304348
748.1992518,,170.65575866650863,28337.0,3.5588235294117645
748.3992516,,132.66067343325935,21142.0,2.2155172413793105
748.5992514,,12.188814788961118,21066.0,2.0598290598290596
748.7992512,,150.80870624274007,28222.0,3.5588235294117645
748.999251,8.448831242873432,9.265381556157472,28064.0,3.6074074074074076
749.1992508,,152.14157132814105,19777.0,2.353982300884956
749.3992506,,162.81752630342328,28020.0,3.654135338345865
749.5992504,2.4277564493559614,1.779379135020246,27871.0,3.6044776119402986
749.7992502,2.4625031532667845,1.18595450091797,27749.0,3.626865671641791
749.99925,,167.12895289559495,19405.0,2.375
750.1992498,,168.7086648431274,27694.0,3.6492537313432836
750.3992496,2.425016324457665,2.540716084925592,27566.0,3.626865671641791
750.5992494,2.378111074883165,1.3392141439253136,27603.0,3.6343283582089554
750.7992492,2.4142769319784474,0.1903406505515403,27653.0,3.626865671641791
750.999249,,6.783793272726726,27243.0,3.601503759398496
751.1992488,,10.130626222681878,27614.0,3.611940298507463
751.3992486,2.721169641879312,7.309057176510732,27393.0,3.6165413533834587
751.5992484,,168.57067138139365,19225.0,2.392857142857143
751.7992482,,168.21927505878702,27770.0,3.593984962406015
751.999248,2.6236387396544214,2.344988493510094,27548.0,3.5789473684210527
752.1992478,,8.999067659901403,27242.0,3.5789473684210527
752.3992476,,13.55081385235258,26607.0,3.6106870229007635
752.5992474,,12.499144990097362,27589.0,3.5970149253731343
752.7992472,2.91286231884058,0.7586177446656829,27600.0,3.6390977443609023
752.999247,4.210596696664137,2.910964480764167,27669.0,3.6390977443609023
753.1992468,2.8639157470975163,3.856343686198098,27821.0,3.6390977443609023
753.3992466,2.623505761568008,0.2363452136596266,27857.0,3.6390977443609023
753.5992464,,9.240260996322867,27262.0,3.628787878787879
753.7992462,,8.102218129559855,27723.0,3.6390977443609023
753.999246,3.2888617330985155,1.1616874188147543,27823.0,3.6390977443609023
754.1992458,4.549465626805315,3.0831331847868264,27696.0,3.6666666666666665
754.3992456,,3.0850173099521307,27293.0,3.6564885496183206
754.5992454,,8.234493149984303,27861.0,3.659090909090909
754.7992452,,11.235281107023187,27905.0,3.5789473684210527
754.999245,,12.291480199578881,28673.0,3.6390977443609023
755.1992448,,22.756134562513235,30998.0,3.5
755.3992446,8.189632355314547,28.01207819828765,30981.0,3.5522388059701493
755.5992444,,10.532884490333046,29609.0,3.5970149253731343
755.7992442,5.385527445670124,6.769420145798086,30278.0,3.5328467153284673
755.999244,,15.399955717265735,30991.0,3.4963503649635035
756.1992438,,27.07383942069636,29665.0,3.6666666666666665
756.3992436,8.722484250799829,20.949498819951284,30319.0,3.6240601503759398
756.5992434,6.983733084138026,27.679243487093924,28893.0,3.751937984496124
756.7992432,,9.92392195306225,28867.0,3.6615384615384614
756.999243,,14.053242950617872,28726.0,3.765625
757.1992428,2.844014720177753,0.9864733861877157,28804.0,3.744186046511628
757.3992426,3.3727091842077703,5.810389275315583,28647.0,3.7364341085271318
757.5992424,,4.73629121942105,28147.0,3.71875
757.7992422,,5.815612960233231,28707.0,3.7364341085271318
757.999242,2.7804920790691154,6.221171015632715,28532.0,3.744186046511628
758.1992418,7.709552134359692,2.664053070183571,28580.0,3.7364341085271318
758.3992416,,8.725278356672087,27998.0,3.71875
758.5992414,,2.710337953890467,27563.0,3.6929133858267718
758.7992412,,10.574938866489102,28339.0,3.751937984496124
758.999241,23.20021195796167,40.565780786606936,33969.0,3.272108843537415
759.1992408,7.972479491929081,30.193445468026816,34011.0,3.442857142857143
759.3992406,7.042556682088132,73.73882223858114,30477.0,3.404255319148936
759.5992404,4.728782167923057,5.869828451417698,30776.0,3.3636363636363638
759.7992402,4.717651496964916,22.920751293391966,29159.0,3.5703703703703704
759.99924,,8.54823300442939,29163.0,3.5185185185185186
760.1992398,2.510352642241527,2.7239589745474793,29123.0,3.525925925925926
760.3992396,2.605760265220845,2.6129102610107138,28957.0,3.5185185185185186
760.5992394,,9.812413422162354,29571.0,3.5588235294117645
760.7992392,2.680664857530529,1.1987738220966202,29480.0,3.5588235294117645
760.999239,,9.052260819862541,28844.0,3.5407407407407407
761.1992388,,7.78557686629126,29375.0,3.551470588235294
761.3992386,2.5295634180263917,2.9284077887812194,29479.0,3.5441176470588234
761.5992384,3.1808496199782845,1.7453211798446753,29472.0,3.5588235294117645
761.7992382,7.014431572746908,6.910642890003176,30558.0,3.4927536231884058
761.999238,,81.14558233159416,27380.0,2.373134328358209
762.1992378,,12.038541247339278,27513.0,2.573529411764706
762.3992376,,68.75947350668044,29568.0,3.5255474452554743
762.5992374,2.5576472187298243,4.380210456022442,29429.0,3.510948905109489
762.7992372,,6.159836071695138,29099.0,3.485294117647059
762.999237,,10.680401354207858,30546.0,3.3943661971830985
763.1992368,7.873889702293802,15.920267386352084,30735.0,3.425531914893617
763.3992366,6.88735377168213,10.0748143323732,29748.0,3.442857142857143
763.5992364,,4.656133142261278,28594.0,3.4744525547445257
763.7992362,,12.150235896391807,30282.0,3.4326241134751774
763.999236,6.660276231704803,13.670463025178224,29106.0,3.4326241134751774
764.1992358,12.792088873926948,25.581121549521914,29705.0,3.370629370629371
764.3992356,9.318066337332393,21.69221807775963,28340.0,3.4820143884892087
764.5992354,3.757742170936012,3.7748561572180446,28771.0,3.4820143884892087
764.7992352,14.002095238095238,104.96370305158422,26250.0,2.1285714285714286
764.999235,,423.0346281148639,92194.0,2.48
765.1992348,1.392520920502092,177.08225075168707,22944.0,1.2804232804232805
765.3992346,1.1981018580403688,3.8533209770887473,22443.0,1.278048780487805
765.5992344,1.191803892215569,77.26385068947789,16032.0,1.441988950276243
765.7992342,1.2332875731168675,86.09358519944038,67016.0,2.551440329218107
765.999234,1.234277902063137,241.2714206999891,48276.0,1.7966101694915255
766.1992338,1.264095710831106,297.2603423906388,86427.0,2.393822393822394
766.3992336,1.2407558614254053,9.454040759033107,85730.0,2.4701195219123506
766.5992334,1.2285877271616006,7.828002059910576,85897.0,2.5101214574898787
766.7992332,1.2952160283494616,123.64135301704378,66033.0,2.5203252032520327
766.999233,1.3593780070051191,167.8216860388571,25981.0,1.5148514851485149
767.1992328,1.2152004656916249,70.63181435271898,27486.0,1.325358851674641
767.3992326,1.9325422867667295,141.99979941111923,94474.0,2.5
767.5992324,3.471855077815307,26.93911842471792,92077.0,2.5101214574898787
767.7992322,4.11234636394674,10.424793923854649,93728.0,2.5
767.999232,,473.1739881403028,21443.0,2.3448275862068964
768.1992318,,129.56438003366483,29616.0,3.4855072463768115
768.3992316,,48.59988269148321,32225.0,3.525925925925926
768.5992314,,14.667028065082507,31479.0,3.536764705882353
768.7992312,,15.416712967396332,28986.0,3.5984848484848486
768.999231,2.538015395971739,6.499643730533733,28449.0,3.628787878787879
769.1992308,,13.266008458818979,29410.0,3.6315789473684212
769.3992306,3.735723189919477,3.556602791683595,29681.0,3.6390977443609023
769.5992304,,1167.2975700337472,13945.0,3.0869565217391304
769.7992302,,1170.467022137941,29893.0,3.6390977443609023
769.99923,5.307273894388324,27.454761197763318,29599.0,3.5328467153284673
770.1992298,5.5308458048351055,26.85855115134897,29534.0,3.425531914893617
770.3992296,3.987282318086567,16.20258483903776,27678.0,3.5182481751824817
770.5992294,,154.8938399995078,19442.0,1.9572649572649572
770.7992292,,145.55169347475666,26589.0,3.5073529411764706
770.999229,,11.520181649807215,27266.0,3.5255474452554743
771.1992288,,154.50730336364097,19335.0,1.9310344827586208
771.3992286,,155.25603011565022,27199.0,3.5328467153284673
771.5992284,6.176480977780917,18.833954268279882,28309.0,3.4184397163120566
771.7992282,3.6398082386363635,9.755274189409354,28160.0,3.4748201438848922
771.999228,4.32629827149287,9.436934501612038,26439.0,3.6044776119402986
772.1992278,2.4797084393151363,1.6713547728818607,26341.0,3.611940298507463
772.3992276,2.5500075826508946,3.1678347566530545,26376.0,3.585185185185185
772.5992274,5.655693982682401,10.77274546002768,27371.0,3.5255474452554743
772.7992271999999,,167.92301862930137,19538.0,2.0948275862068964
772.9992269999999,6.403488315600253,19.7796997892935,20583.0,1.7398373983739837
773.1992267999999,,70.10055710938322,24211.0,1.9148936170212767
773.3992265999999,3.047188632384675,4.4464541859981574,24561.0,1.8873239436619718
773.5992263999999,,5.494185122951405,24084.0,1.872340425531915
773.7992261999999,2.4026153652709668,2.499923108853023,23859.0,1.8642857142857143
773.9992259999999,,4.125336552686006,24018.0,1.9078014184397163
774.1992257999999,,59.81470988312504,19317.0,1.7666666666666666
774.3992255999999,,61.01018638194999,23863.0,1.9148936170212767
774.5992253999999,2.3206585817753074,1.2893967454276463,23748.0,1.9428571428571428
774.7992251999999,,61.29907155316275,19068.0,1.7796610169491525
774.9992249999999,,150.58863513973577,29262.0,3.3379310344827586
775.1992247999999,6.822199627181834,17.194821653941947,29505.0,3.408450704225352
775.3992245999999,7.702268879105994,33.076729367781816,29530.0,3.5328467153284673
775.5992243999999,6.551663747810858,10.53739173791222,31405.0,3.4571428571428573
775.7992241999999,,3.5745602590846417,30154.0,3.449275362318841
775.9992239999999,,11.975148163198845,30700.0,3.4820143884892087
776.1992237999999,11.206584693529903,45.09841046760643,32287.0,3.5182481751824817
776.3992235999999,4.192167022249314,2.9585305092325513,32810.0,3.4855072463768115
776.5992233999999,5.871962738583806,30.826816849244196,30702.0,3.5182481751824817
776.7992231999999,6.955760105604909,21.871230272749667,28029.0,3.6074074074074076
776.9992229999999,7.69033467629343,22.03776211232032,25069.0,3.6044776119402986
777.1992227999999,5.062129934210526,10.342670390016918,24320.0,3.7099236641221376
777.3992225999999,5.5979252945197215,12.705475593540672,24871.0,3.6194029850746268
777.5992223999999,3.0947377096468456,3.50439530798463,24267.0,3.654135338345865
777.7992221999999,,7.710779513501017,23732.0,3.6363636363636362
777.9992219999999,9.791563483735573,31.87988687226403,23825.0,3.5407407407407407
778.1992217999999,,139.52427709865253,15924.0,1.7387387387387387
778.3992215999999,,163.80616696778938,23413.0,3.696969696969697
778.5992213999999,2.378747174960556,0.8907992249005672,23451.0,3.6742424242424243
778.7992211999999,,168.05426337695627,15773.0,1.7297297297297298
778.9992209999999,2.3808436409768476,0.6429883883197325,15765.0,1.7297297297297298
779.1992207999999,,168.42420774979811,23228.0,3.6893939393939394
779.3992205999999,8.404948875255624,19.91222185327906,24450.0,3.5035971223021583
779.5992203999999,6.073629764854175,15.504312343932723,23007.0,3.6390977443609023
779.7992201999999,,175.7910613775656,15267.0,1.6696428571428572
779.9992199999999,,176.20722803857828,23131.0,3.7196969696969697
780.1992197999999,2.8046748942479613,4.431792422620545,22931.0,3.654135338345865
780.3992195999999,,72.97082498447948,28076.0,3.303448275862069
780.5992193999999,,15.219620220725014,28920.0,3.3472222222222223
780.7992191999999,2.475050738330184,2.383131862547884,28578.0,3.3846153846153846
780.9992189999999,3.346991574310387,1.3128742672734872,28603.0,3.3846153846153846
781.1992187999999,2.8009984745527667,3.0363461227794195,28844.0,3.3541666666666665
781.3992185999999,2.6582980789236426,4.20728096801504,28838.0,3.3916083916083917
781.5992183999999,2.7700279134682484,2.16739739708685,28660.0,3.3776223776223775
781.7992181999999,6.902113610836936,28.324342278830727,29381.0,3.4184397163120566
781.9992179999999,2.6232780721244233,4.59402326946535,29255.0,3.408450704225352
782.1992177999999,2.3036208841932506,0.7590859126813869,29247.0,3.415492957746479
782.3992175999999,7.229369176107796,27.555286313314003,29834.0,3.3402777777777777
782.5992173999999,,13.831272649183816,28483.0,3.4
782.7992171999999,,7.426643671960885,28990.0,3.4326241134751774
782.9992169999999,2.373492727084269,0.36920340436431953,28943.0,3.425531914893617
783.1992167999999,2.492986386351887,1.7826534496979007,29015.0,3.425531914893617
783.3992165999999,,8.774590421049856,28377.0,3.414285714285714
783.5992163999999,2.5705723810199306,5.388356146591002,28198.0,3.0714285714285716
783.7992161999999,,174.1477040288239,21938.0,1.984251968503937
783.9992159999999,,163.44532878103976,29157.0,3.3846153846153846
784.1992157999999,9.928415554681072,26.054392649362754,27953.0,3.3013698630136985
784.3992155999999,,62.818092731991584,16980.0,1.6666666666666667
784.5992153999999,,139.91696954115858,23943.0,3.626865671641791
784.7992151999999,2.499265354099324,2.201268749848864,23821.0,3.6315789473684212
784.9992149999999,,152.8501946071292,16193.0,1.6785714285714286
785.1992147999999,3.0435411816522997,6.0314435458871305,15893.0,1.6607142857142858
785.3992145999999,2.7960149439601496,0.8890417475768425,16060.0,1.6517857142857142
785.5992143999999,2.950617283950617,0.36625799825357863,16038.0,1.6607142857142858
785.7992141999999,,151.66015329000422,22970.0,3.659090909090909
785.9992139999999,4.475162267416703,3.241776006105848,23110.0,3.6742424242424243
786.1992137999999,,206.65680547211898,21520.0,1.7404580152671756
786.3992135999999,,147.20081534840006,27786.0,2.816326530612245
786.5992133999999,,51.54110184042303,32354.0,2.9272727272727272
786.7992131999999,,70.5398654459172,30759.0,3.111111111111111
786.9992129999999,2.5200707222840677,2.276596312915798,30542.0,3.138157894736842
787.1992127999999,,9.09272772313292,30641.0,3.1710526315789473
787.3992125999999,,44.59641333681898,31958.0,3.032051282051282
787.5992123999999,,25.984026889200756,31415.0,3.1161290322580646
787.7992121999999,3.021242510653295,12.83812089541523,31211.0,3.1161290322580646
787.9992119999999,,16.83080583743048,31476.0,3.0384615384615383
788.1992118,7.131536455098746,62.69765046277868,32204.0,3.051282051282051
788.3992116,,6.287863226885531,32648.0,3.076923076923077
788.5992114,2.601424694708277,0.9356667299279529,32428.0,3.082802547770701
788.7992112,12.471979399606965,160.2086388050902,29514.0,2.7806451612903227
788.999211,,44.58157038516348,22388.0,1.8571428571428572
789.1992108,,27.205107553378756,24275.0,2.8636363636363638
789.3992106,8.99562669465582,31.132185248435707,22866.0,2.8805970149253732
789.5992104,3.899226559319734,5.16952614895494,22109.0,2.931297709923664
789.7992102,15.755330804888327,60.65308024539365,23730.0,2.5694444444444446
789.99921,,149.86389142372502,29797.0,2.4779874213836477
790.1992098,,94.82485201892607,24062.0,1.75177304964539
790.3992096,,82.37468677160152,27896.0,3.0878378378378377
790.5992094,,75.68933205270126,23128.0,1.8175182481751824
790.7992092,,63.94147649136676,27289.0,3.230769230769231
790.999209,,69.23464539755936,22956.0,1.874074074074074
791.1992088,14.34618850920015,69.07677035658429,26630.0,1.8435374149659864
791.3992086,,76.00439382481177,30527.0,3.3013698630136985
791.5992084,3.5184971490632635,25.335493932441135,29464.0,3.4892086330935252
791.7992082,2.9589883564246966,12.879608885121518,28943.0,3.5182481751824817
791.999208,2.6966595200221315,2.8024465824116143,28918.0,3.510948905109489
792.1992078,,58.54114530505175,24450.0,2.125
792.3992076,,61.87630745865379,28916.0,3.5328467153284673
792.5992074,4.390186285097192,13.361608735829664,29632.0,3.3776223776223775
792.7992072,2.916238574954967,6.633681960048666,29978.0,3.370629370629371
792.999207,2.481480237751436,5.034373896714566,29779.0,3.4326241134751774
793.1992068,,53.871118809307404,24363.0,2.0
793.3992066,2.9628183435290034,26.584970022067616,23049.0,1.984
793.5992064,,70.56301995571687,27003.0,2.791044776119403
793.7992062,,67.17186930699367,25641.0,2.984375
793.999206,,86.95387224749848,33541.0,3.5703703703703704
794.1992058,5.887854981003284,36.09094493205121,31058.0,3.7153846153846155
794.3992056,6.007700936846254,26.45757132195968,32983.0,3.6390977443609023
794.5992054,3.8706987128972945,71.27766675595475,30456.0,3.6240601503759398
794.7992052,2.8053186641494694,9.181751881069184,30722.0,3.611940298507463
794.999205,3.3799688875649556,0.9877485120511008,30213.0,3.5970149253731343
795.1992048,3.4625008385322333,21.75382776312066,29814.0,3.611940298507463
795.3992046,3.44502687280207,7.140104670643066,30142.0,3.5072463768115942
795.5992044,,91.1056806162892,21749.0,2.245614035087719
795.7992042,,91.98117850833181,29753.0,3.551470588235294
795.999204,,93.20831010215892,21817.0,2.217391304347826
796.1992038,,72.04658042105608,30994.0,2.8435374149659864
796.3992036,,30.101531951106306,30097.0,3.4676258992805757
796.5992034,,40.805017934914254,30589.0,3.05
796.7992032,4.688765743073048,20.40683113098589,29775.0,3.2
796.999203,,6.381008088015244,30418.0,3.5072463768115942
797.1992028,2.946430949527234,3.2494060667440507,30036.0,3.585185185185185
797.3992026,3.036711114096665,12.875944808151303,29773.0,3.5588235294117645
797.5992024,2.812758574669692,10.209528388012366,29972.0,3.5555555555555554
797.7992022,2.8506971274987403,5.7004784502355275,29765.0,3.6044776119402986
797.999202,4.344861590476861,9.668240559761841,28394.0,3.5970149253731343
798.1992018,7.296101017563892,36.85414460416071,29777.0,3.5970149253731343
798.3992016,16.222225551294343,170.09856615877504,33376.0,3.5211267605633805
798.5992014,13.507619015440754,253.16736028370104,29597.0,1.9716312056737588
798.7992012,6.060906460945033,20.527458466769026,25925.0,1.9703703703703703
798.999201,,55.97989909084336,19351.0,2.2882882882882885
799.1992008,,61.121618257110946,26115.0,1.9191176470588236
799.3992006,15.108520207981115,64.24556273282025,31349.0,3.0061349693251533
799.5992004,,241.07854439885318,16926.0,1.4146341463414633
799.7992002,7.394192470769626,41.21015790427706,15566.0,1.3983739837398375
799.9992,6.00540433665063,14.047803670535123,15173.0,1.425
800.1991998,,261.95095514635136,22877.0,3.507142857142857
800.3991996,,306.85445680079414,16889.0,1.4112903225806452
800.5991994,,245.49185062399397,24039.0,3.482269503546099
800.7991992,12.375198427696727,27.977873940231397,26458.0,3.2582781456953644
800.999199,,290.6309715490331,17564.0,1.507936507936508
801.1991988,,252.71833697945817,24000.0,3.8421052631578947
801.3991986,,62.54898628533947,24045.0,3.830769230769231
801.5991984,7.81009529125633,15.932469245722348,25081.0,3.7593984962406015
801.7991982,12.569130402550226,49.12849633562452,26978.0,3.4246575342465753
801.999198,,34.9430450658704,26653.0,3.835714285714286
802.1991978,,43.95269271787162,28432.0,3.5211267605633805
802.3991976,11.157392370662512,39.043992254710815,30173.0,3.406896551724138
802.5991974,8.306398164669895,13.49462432781484,31384.0,3.4246575342465753
802.7991972,22.406403801550038,155.9878361779797,35354.0,3.2133333333333334
802.999197,10.839390459638125,55.76460084993747,32221.0,3.528985507246377
803.1991968,6.453227070812647,31.968986293982088,30616.0,3.6666666666666665
803.3991966,4.7063547139883015,11.597596764358181,30261.0,3.6818181818181817
803.5991964,16.285128576165928,31.24542191435615,33171.0,3.5072463768115942
803.7991962,,135.1014855153052,35115.0,1.4742857142857142
803.999196,,36.11612010045203,39892.0,1.5869565217391304
804.1991958,25.64463174273859,107.64710720804514,38560.0,1.352112676056338
804.3991956,12.339203024098284,103.46025933668305,31745.0,1.2769953051643192
804.5991954,,36.76302038058691,29519.0,1.1804878048780487
804.7991952,,156.85450455383165,40460.0,1.4553990610328638
804.999195,34.85621435544366,212.89277387222367,38926.0,1.878787878787879
805.1991948,6.923902980929458,89.1084077751836,37807.0,3.0961538461538463
805.3991946,,55.143852998455955,33716.0,3.356164383561644
805.5991944,,78.2671056059714,36653.0,3.27027027027027
805.7991942,13.045713087468219,69.95257656492207,38151.0,3.238095238095238
805.999194,5.10099259052146,60.92045553631762,35765.0,3.2653061224489797
806.1991938,6.088959491660048,161.59139585092433,31475.0,1.825503355704698
806.3991936,15.17499282685625,94.58471380097359,31367.0,1.7098765432098766
806.5991934,30.793919652551576,128.6947173743591,32235.0,1.215962441314554
806.7991932,,51.59074241181581,29703.0,1.1037735849056605
806.999193,,115.45016465624037,31094.0,2.140845070422535
807.1991928,29.691579383395467,156.26918823149495,33798.0,2.272300469483568
807.3991926,13.878289677379405,125.42004751459855,32298.0,1.676056338028169
807.5991924,,36.65580518015614,30357.0,1.7311320754716981
807.7991922,,82.2805271694929,32247.0,2.272300469483568
807.999192,4.206242860230325,9.559420245510617,32389.0,2.2629107981220655
808.1991918,,57.53181129202176,31982.0,1.721698113207547
808.3991916,,264.4549913726212,36061.0,1.676056338028169
808.5991914,27.06479021285293,184.83310311193028,34249.0,2.8802395209580838
808.7991912,5.280516032405201,99.5576762513436,29378.0,3.2789115646258504
808.999191,3.842160216021602,19.279387696362985,27775.0,3.3776223776223775
809.1991908,,71.31771983993147,23845.0,3.5488721804511276
809.3991906,,32.50083260957326,24730.0,3.585185185185185
809.5991904,2.490499102919589,2.023157553105792,24524.0,3.585185185185185
809.7991902,16.900754267566494,75.07849591751439,27709.0,3.2905405405405403
809.99919,3.3279409572088863,14.257961317698877,26828.0,3.4125874125874125
810.1991898,25.352693729154772,54.93005813137818,33281.0,3.012121212121212
810.3991896,12.22002357696194,29.241222282806973,35628.0,2.9464285714285716
810.5991894,8.11533362792753,26.463033602304034,36208.0,3.0303030303030303
810.7991892,8.919677606337464,26.639836694028116,36229.0,3.097560975609756
810.999189,13.043707064977626,82.47964291205936,31734.0,3.0121951219512195
811.1991888,4.797538851464017,26.37654663127435,29986.0,3.1446540880503147
811.3991886,,24.087946021776045,28909.0,3.2051282051282053
811.5991884,2.5316315205327413,8.135219043037317,28832.0,3.2193548387096773
811.7991882,,13.23843532368858,29314.0,3.1847133757961785
811.999188,2.4000205683726987,5.022501331169347,29171.0,3.1847133757961785
812.1991878,2.603123501609699,6.634616599451773,29198.0,3.2051282051282053
812.3991876,14.262825779735104,78.3400298608611,30427.0,3.224852071005917
812.5991874,3.6130817012321375,14.918514937659413,29461.0,3.3292682926829267
812.7991872,8.391201186356895,27.029563393738112,30345.0,3.0602409638554215
812.999187,,31.566451083411156,30128.0,2.9823529411764707
813.1991868,3.5078465998067503,7.519047444183981,30013.0,2.9941176470588236
813.3991866,,13.126838022421675,31128.0,2.902857142857143
813.5991864,3.3573126018468225,19.804667711712316,29456.0,3.011904761904762
813.7991862,,11.49803608000828,28809.0,3.035928143712575
813.999186,,27.76629888601742,30852.0,2.9482758620689653
814.1991858,9.756285752294799,37.71599422276562,30068.0,3.361963190184049
814.3991856,10.820448797976887,34.819822618983856,31239.0,3.4683544303797467
814.5991854,12.758878911226423,57.255446590511596,32183.0,3.34640522875817
814.7991852,6.3954586400770355,16.54166630876438,32193.0,3.622516556291391
814.999185,7.985500539873516,33.113805195871144,32415.0,3.629139072847682
815.1991848,6.068403225322982,13.365102860251744,33361.0,3.695945945945946
815.3991846,6.615599231198463,27.77656886249048,32258.0,3.3733333333333335
815.5991844,4.8350783718480885,5.508798698212563,32282.0,3.4054054054054053
815.7991842,9.660924721488827,28.772778997683606,31058.0,3.5314685314685317
815.999184,7.361814009815794,3.8550950074121655,31378.0,3.633093525179856
816.1991838,,55.68650917173314,29630.0,3.4266666666666667
816.3991836,,65.74019867183618,30614.0,3.971014492753623
816.5991834,8.50050115784744,32.77593942910432,28933.0,3.676258992805755
816.7991832,4.476150392817059,8.720905073351075,28512.0,4.0
816.9991829999999,3.267370916570791,6.077136028768008,28683.0,4.029411764705882
817.1991827999999,9.019107410945816,25.97668802261678,29308.0,3.8055555555555554
817.3991825999999,9.402150219824879,1.94661002153963,27067.0,3.563380281690141
817.5991823999999,5.684356201793556,1.9250158306246226,27097.0,3.5422535211267605
817.7991821999999,6.780587551119949,7.346679928560909,26653.0,3.832167832167832
817.9991819999999,26.73095382951396,72.91603958157852,29586.0,2.863905325443787
818.1991817999999,,25.471421738767724,29508.0,3.1103896103896105
818.3991815999999,,14.713330499541067,29448.0,3.142857142857143
818.5991813999999,7.50047891138488,14.750354487718377,30277.0,3.1032258064516127
818.7991811999999,5.508396682791983,24.781328039968024,28940.0,3.248322147651007
818.9991809999999,4.349498677064476,3.795852133943349,28724.0,3.27027027027027
819.1991807999999,3.3354098131168195,5.118332880323222,28574.0,3.2416107382550337
819.3991805999999,2.4295434514366296,0.889471269601215,28365.0,3.2635135135135136
819.5991803999999,2.483647314237692,4.9419220383991025,28558.0,3.248322147651007
819.7991801999999,2.829590581620102,3.1104894477415406,28455.0,3.248322147651007
819.9991799999999,17.137352959677926,78.30104074592973,31794.0,3.05
820.1991797999999,,11.529748773989374,30735.0,3.108974358974359
820.3991795999999,,21.00314824737524,31203.0,3.129032258064516
820.5991793999999,,9.108632132387795,30707.0,3.1225806451612903
820.7991791999999,,23.07975358511739,30942.0,3.018633540372671
820.9991789999999,,28.837360376175262,27910.0,3.1103896103896105
821.1991787999999,,10.557330721561968,27798.0,3.070063694267516
821.3991785999999,21.433787128712872,43.87376471562345,32320.0,3.1858974358974357
821.5991783999999,7.378265345515378,38.34076720201592,31084.0,3.168831168831169
821.7991781999999,3.38088624765842,11.660601869251545,30962.0,3.155844155844156
821.9991779999999,3.1728206956916396,2.9345766906305015,30847.0,3.1493506493506493
822.1991777999999,,120.18916441267875,27628.0,1.74
822.3991775999999,,126.17847174270203,30660.0,3.1633986928104574
822.5991773999999,4.087425305274097,3.996213235981883,30792.0,3.142857142857143
822.7991771999999,2.6502825043273783,3.962465337393056,30619.0,3.1633986928104574
822.9991769999999,,119.07809003047002,27563.0,1.6797385620915033
823.1991767999999,,63.479859715150205,33086.0,2.9578313253012047
823.3991765999999,10.601931420573829,22.258843346475675,35725.0,2.936046511627907
823.5991763999999,7.184279475982533,108.26352054687726,34350.0,1.625
823.7991761999999,10.904872139973081,38.27067662991898,37150.0,1.6457142857142857
823.9991759999999,3.5973858362852513,24.066740960567046,36417.0,1.6666666666666667
824.1991757999999,3.4006561719290853,23.030892025441112,33223.0,1.7378048780487805
824.3991755999999,3.395016712245518,8.797379663490691,32910.0,1.7777777777777777
824.5991753999999,2.5566301703163017,5.979530148225627,32880.0,1.80625
824.7991751999999,2.181895841596241,2.0238220713656614,32777.0,1.8125
824.9991749999999,2.8779885092975843,10.404715119143537,32374.0,1.8113207547169812
825.1991747999999,2.4900397179716123,0.41601750393934517,32479.0,1.80625
825.3991745999999,14.07132943093356,214.61968245811832,33142.0,2.96319018404908
825.5991743999999,7.234398228209096,52.4360218662963,32961.0,3.076923076923077
825.7991741999999,10.972466765140325,77.52096808079206,33850.0,3.25
825.9991739999999,3.7019227839229667,30.23243678361321,32817.0,3.19205298013245
826.1991737999999,5.034439051534918,27.162424359813606,32347.0,3.2066666666666666
826.3991735999999,2.8810111552041997,3.526068888652405,32003.0,3.2348993288590604
826.5991733999999,2.410721533610166,3.2649480756553015,32029.0,3.2066666666666666
826.7991731999999,6.2233297413793105,16.101764373805988,33408.0,3.0636942675159236
826.9991729999999,4.206057909761613,100.8486920280928,26973.0,1.837837837837838
827.1991727999999,8.940505374316425,113.19123016861133,31818.0,3.185430463576159
827.3991725999999,3.895172798907985,6.132469859270405,32234.0,3.164473684210526
827.5991723999999,9.693115999366988,35.11697750392667,31595.0,2.047945205479452
827.7991721999999,6.8922954935905905,68.78570467150533,30268.0,1.7763157894736843
827.9991719999999,4.2776034328167025,102.61471398910061,31228.0,3.228187919463087
828.1991717999999,,80.96187222676993,28638.0,1.9387755102040816
828.3991715999999,,4.448610241359316,28408.0,1.8911564625850341
828.5991713999999,,93.16869737355111,32095.0,3.1788079470198674
828.7991711999999,5.304062126642772,24.59349379623759,31806.0,3.308219178082192
828.9991709999999,4.26646884272997,110.73212209812485,28645.0,1.8827586206896552
829.1991707999999,4.119756502490316,42.57812412261071,27105.0,1.8150684931506849
829.3991705999999,3.6459746761963503,85.56199465229697,27563.0,3.2348993288590604
829.5991703999999,,93.57712789719095,23434.0,1.717241379310345
829.7991701999999,,114.56098377974386,25181.0,3.425531914893617
829.9991699999999,4.098068584942846,12.880534576044411,25370.0,3.370629370629371
830.1991697999999,2.516607941723742,5.497101496139535,25259.0,3.3776223776223775
830.3991695999999,2.7877859558384723,5.677883331227524,25135.0,3.3846153846153846
830.5991693999999,9.683601895734597,31.35478128850984,26375.0,3.25
830.7991691999999,19.09566965567859,32.23219386033879,31337.0,3.2
830.9991689999999,9.642563756743503,43.12234433493098,32624.0,3.4113475177304964
831.1991687999999,3.710777791218096,1.910599493268374,33068.0,3.3636363636363638
831.3991685999999,,40.01272642832992,30564.0,3.1862068965517243
831.5991683999999,,34.800362007925095,30483.0,3.4357142857142855
831.7991681999999,2.447976784375102,1.207643222445403,30669.0,3.404255319148936
831.9991679999999,4.064377402749723,4.057563847620126,30694.0,3.387323943661972
832.1991677999999,4.535127678686,3.8898773921763348,31172.0,3.408450704225352
832.3991675999999,3.64325210570308,11.039629658966486,31106.0,3.4357142857142855
832.5991673999999,8.024124102340908,32.64702887779371,32167.0,3.3636363636363638
832.7991671999999,,61.076486707905204,32352.0,2.2357142857142858
832.9991669999999,,47.405502090577315,34721.0,1.906832298136646
833.1991668,28.860651930380612,105.213447668785,36599.0,1.244131455399061
833.3991666,17.512100102347386,89.73531091208822,30289.0,0.9624413145539906
833.5991664,8.358210394368914,34.32273851134484,31113.0,1.3661971830985915
833.7991662,8.499341371972845,14.852731531867816,29607.0,0.9671361502347418
833.999166,12.843618152505746,52.74678924388889,29153.0,0.971830985915493
834.1991658,5.063582819550167,20.22667655666762,29033.0,1.1971830985915493
834.3991656,7.642638255416191,39.01159481445892,28064.0,0.9389671361502347
834.5991654,3.2525220004292765,2.2215820912720736,27954.0,0.9953051643192489
834.7991652,11.256973995271867,23.7265686133321,29610.0,1.2253521126760563
834.999165,15.81680849029544,64.3479161387522,31377.0,1.2206572769953052
835.1991648,,99.02649742376859,28592.0,0.8894230769230769
835.3991646,,53.284296980405394,30202.0,0.9530516431924883
835.5991644,42.14708461201228,103.9269635848443,41058.0,1.516431924882629
835.7991642,34.11891997747913,279.06262218007487,40851.0,3.109677419354839
835.999164,5.759666543374968,75.08141762295091,35147.0,3.248322147651007
836.1991638,4.010746942168389,19.240234085435326,33684.0,3.361111111111111
836.3991636,4.035754487825108,21.797877050945228,33758.0,3.4113475177304964
836.5991634,2.4137012256498314,4.841659066396128,33778.0,3.370629370629371
836.7991632,2.4795198577356254,4.145568696635631,33740.0,3.387323943661972
836.999163,10.824840023269342,68.76422147022107,34380.0,3.1623376623376624
837.1991628,3.8833079963514745,17.725604525043146,32890.0,3.3197278911564627
837.3991626,16.654683681781158,127.77384994647092,36830.0,3.2789115646258504
837.5991624,3.726549436323426,7.014623253346499,37078.0,3.3846153846153846
837.7991622,19.646463193625408,182.38716562082885,34763.0,2.7058823529411766
837.999162,10.560650029019152,48.51666419140272,31014.0,3.3401360544217686
838.1991618,7.84872934067887,10.401441147326032,28135.0,2.7534246575342465
838.3991616,13.69755912961211,50.43842040297274,26425.0,2.9659863945578233
838.5991614,23.03355977257624,112.89980964105533,27086.0,2.4516129032258065
838.7991612,,6.620074371695405,25472.0,3.1142857142857143
838.999161,,104.95863593040825,27756.0,3.4571428571428573
839.1991608,,145.97739835153862,33535.0,2.932098765432099
839.3991606,14.435351837049696,8.432474671381252,36281.0,3.111111111111111
839.5991604,,129.42060711343595,34225.0,3.1161290322580646
839.7991602,4.476984103490127,3.460995227147918,33781.0,3.1233766233766236
839.99916,3.1510372693281874,7.215464511070567,33164.0,3.1710526315789473
840.1991598,5.60812601650503,28.98078085204295,33202.0,3.248322147651007
840.3991596,4.942250710527907,25.89880760640251,33074.0,3.3241379310344827
840.5991594,4.380075831702544,9.219318900846183,32704.0,3.3241379310344827
840.7991592,5.670774492172528,12.959268571104687,33919.0,3.2857142857142856
840.999159,3.122840069471019,4.97145383469462,33971.0,3.2857142857142856
841.1991588,,16.98736555651878,32935.0,3.2094594594594597
841.3991586,4.620829030830506,11.85611818360901,33895.0,3.1946308724832213
841.5991584,,8.728290345793889,34086.0,3.19205298013245
841.7991582,,43.873259040287174,29071.0,2.0416666666666665
841.999158,,61.3847999800637,33229.0,3.1315789473684212
842.1991578,6.651903258473819,24.754463154696623,33574.0,3.0063291139240507
842.3991576,,18.397763988496,33597.0,3.1225806451612903
842.5991574,5.213950956973966,24.397374294699176,33073.0,3.1298701298701297
842.7991572,6.294660077145612,20.645614828317637,33184.0,3.2635135135135136
842.999157,5.144770198932267,12.157937446449182,33529.0,3.228187919463087
843.1991568,14.422974537037037,105.57668708941212,34560.0,3.1710526315789473
843.3991566,12.98319657210071,100.07421515948289,35707.0,3.3241379310344827
843.5991564,,35.84116607266773,31938.0,3.375886524822695
843.7991562,,29.98525982923145,30758.0,3.380281690140845
843.999156,3.7706597688793333,32.82741278182692,29768.0,3.4014084507042255
844.1991558,,6.140068435734383,29045.0,3.4
844.3991556,,76.21840729253157,28689.0,3.2066666666666666
844.5991554,17.783663092017342,39.46204775281516,30679.0,2.96319018404908
844.7991552,,122.78340024328018,29321.0,3.1103896103896105
844.999155,13.566453959105257,24.36512849190098,29148.0,3.031847133757962
845.1991548,,55.87565451374655,28547.0,3.205298013245033
845.3991546,17.917943555903516,54.00771111210819,26823.0,3.3846153846153846
845.5991544,13.95509541782779,51.77154968874888,28349.0,3.2266666666666666
845.7991542,25.04854224808503,22.513448322441985,33682.0,3.30718954248366
845.999154,7.479975005950964,32.90307083939303,33608.0,3.4295302013422817
846.1991538,,16.892096206055136,33120.0,3.4829931972789114
846.3991536,,5.514853710999316,33541.0,3.4594594594594597
846.5991534,2.357080721120677,0.3781212122231168,33337.0,3.4594594594594597
846.7991532,2.392935123979302,2.596504273666443,33433.0,3.4594594594594597
846.999153,14.041698389458272,27.653819688137258,34150.0,3.2628205128205128
847.1991528,10.712554744525548,52.10307643541043,34250.0,3.357615894039735
847.3991526,12.931634833072925,97.40557697852886,31361.0,3.6666666666666665
847.5991524,18.72470261084505,261.4364900156493,25892.0,2.7142857142857144
847.7991522,8.006389386293343,10.847350587577193,24572.0,2.7142857142857144
847.999152,9.97184020956123,21.494804296688898,22905.0,3.074626865671642
848.1991518,,73.57695741676008,19811.0,2.96875
848.3991516,,273.3669741236724,24424.0,2.0828729281767955
848.5991514,,23.373180203696453,25721.0,2.1444444444444444
848.7991512,,296.6656027381446,22639.0,3.585185185185185
848.999151,,171.0122482036655,18790.0,1.263157894736842
849.1991508,,153.7247279361213,23893.0,3.4571428571428573
849.3991506,,212.28451136001036,27540.0,2.4635416666666665
849.5991504,,375.23208263425784,18007.0,1.3565891472868217
849.7991502,,155.69421394378145,23460.0,3.5036496350364965
849.99915,,18.82218262564014,23090.0,3.0072463768115942
850.1991498,,47.17557831454905,22878.0,3.6074074074074076
850.3991496,3.1909323333901485,264.2747624012495,29335.0,2.5736842105263156
850.5991494,,338.4139029593734,19707.0,1.288888888888889
850.7991492,,117.32858455075723,24876.0,3.361111111111111
850.999149,,129.34949922318674,20569.0,1.3211678832116789
851.1991488,,20.055091776317152,18951.0,1.4198473282442747
851.3991486,,121.15933976932976,24751.0,2.888111888111888
851.5991484,,39.365226888170646,23372.0,3.463768115942029
851.7991482,,26.76117902042814,26237.0,3.375
851.999148,,38.10908305142005,20447.0,2.9236641221374047
852.1991478,,10.315110588729322,20740.0,2.953846153846154
852.3991476,,57.48308927589798,22136.0,2.8518518518518516
852.5991474,,23.369696330045965,26222.0,3.26027397260274
852.7991472,,11.695772909806632,26298.0,3.1633986928104574
852.999147,11.997430668841762,27.39483271628744,24520.0,3.415492957746479
853.1991468,10.010216421333556,8.798992414321098,23981.0,3.4397163120567376
853.3991466,3.8305446331464905,6.54842455959341,23906.0,3.4468085106382977
853.5991464,,54.005713286545564,20144.0,2.8796992481203008
853.7991462,,45.98740429618428,22733.0,3.3857142857142857
853.999146,,11.37585035551686,25225.0,3.3379310344827586
854.1991458,,19.139324691728152,24716.0,2.9014084507042255
854.3991456,26.19978987918053,124.64919944732314,28555.0,3.198581560283688
854.5991454,,183.9291680596065,27401.0,1.458100558659218
854.7991452,,141.9247256867334,30992.0,1.2206572769953052
854.999145,,81.0225712624529,31318.0,0.8341232227488151
855.1991448,3.2484299358890487,4.494643821567074,30572.0,0.8056872037914692
855.3991446,,15.19948224320119,31672.0,1.1971830985915493
855.5991444,,20.60619394833555,30648.0,0.8056872037914692
855.7991442,,38.20171226657687,31158.0,1.1784037558685445
855.999144,9.249943444397763,41.99670672222169,30943.0,1.192488262910798
856.1991438,19.06678299492386,50.23460996810657,31520.0,1.2018779342723005
856.3991436,25.7642347368093,141.61617852266696,32087.0,1.2863849765258215
856.5991434,,147.72325928971568,28266.0,1.0
856.7991432,,204.1603230249324,32684.0,1.3568075117370892
856.999143,41.287883558160374,207.49094784566054,41291.0,2.8802395209580838
857.1991428,6.739571735584268,21.2392990609308,38621.0,3.0636942675159236
857.3991426,5.785495373371839,41.37209292218117,33934.0,3.19205298013245
857.5991424,3.811700402426572,13.250749843383359,33298.0,3.292517006802721
857.7991422,2.7576808129109383,8.94866615875255,33460.0,3.292517006802721
857.999142,6.660163325909428,24.333460107726253,33675.0,3.308219178082192
858.1991418,13.087417752114945,72.16177102354246,37235.0,3.3402777777777777
858.3991416,9.478111123761813,93.8028789802214,35132.0,2.267123287671233
858.5991414,,42.6323313893205,35217.0,2.074829931972789
858.7991412,,51.4634610755967,34456.0,1.5706214689265536
858.999141,30.838579327945556,140.03240008134813,32914.0,1.2253521126760563
859.1991408,,60.57352967357291,29343.0,1.2452830188679245
859.3991406,,13.278638640047017,29440.0,1.2488262910798122
859.5991404,,91.5857670620664,30048.0,1.150943396226415
859.7991402,,70.76455460660499,33557.0,1.2722772277227723
859.99914,4.664636715308897,123.92856555949585,26109.0,1.670807453416149
860.1991398,3.8320034589835306,19.148667620173164,25441.0,1.7435897435897436
860.3991396,17.45065183505739,61.19199318379052,28228.0,1.3147208121827412
860.5991394,,128.62877130891795,31762.0,1.150943396226415
860.7991392,,52.84513674794788,30503.0,1.1971830985915493
860.9991389999999,,6.935868061395565,29982.0,1.1933962264150944
861.1991387999999,,57.80092138895166,31245.0,1.2065727699530517
861.3991385999999,5.746827794561933,19.2056796015852,29790.0,0.8685446009389671
861.5991383999999,,24.656207676553795,29401.0,0.910377358490566
861.7991381999999,,246.56040953652152,33285.0,1.1971830985915493
861.9991379999999,,119.68970085242216,37344.0,1.3609756097560977
862.1991377999999,,25.039691586641673,33671.0,1.2610837438423645
862.3991375999999,,110.56594696435353,29875.0,1.0682926829268293
862.5991373999999,,214.80483632749926,35718.0,1.2794117647058822
862.7991371999999,,261.2478247927977,41695.0,3.119496855345912
862.9991369999999,,60.54353077812265,37560.0,3.070063694267516
863.1991367999999,4.9071287908625445,21.988799908517898,38085.0,3.150326797385621
863.3991365999999,7.679388473383194,69.3283380641688,36368.0,3.2266666666666666
863.5991363999999,3.73933997712792,13.795221155588631,36726.0,3.2333333333333334
863.7991361999999,,5.519028845099894,36005.0,3.24
863.9991359999999,3.4906120390090796,7.012040730992184,35684.0,3.2972972972972974
864.1991357999999,,23.881794659971423,37181.0,3.22
864.3991355999999,,59.776862005981805,34340.0,3.1666666666666665
864.5991353999999,8.389477259394202,35.27607613494702,32387.0,3.26027397260274
864.7991351999999,,14.44904363069177,33831.0,3.3241379310344827
864.9991349999999,7.466984145420756,29.592050730375714,34438.0,3.22
865.1991347999999,3.945396423120122,7.29898387088581,34723.0,3.205298013245033
865.3991345999999,5.844097549818452,22.249098594642152,34977.0,3.19205298013245
865.5991343999999,2.9754762927947285,5.097512911926897,34905.0,3.205298013245033
865.7991341999999,2.640889374048433,3.4734506681106065,34811.0,3.205298013245033
865.9991339999999,2.4202915184207505,1.3131519483186922,34852.0,3.205298013245033
866.1991337999999,,18.958970949863723,34857.0,3.1456953642384105
866.3991335999999,,34.14773320932525,39193.0,3.0251572327044025
866.5991333999999,,39.75192501613345,34444.0,2.263157894736842
866.7991331999999,,28.925686945527268,36701.0,3.0063694267515926
866.9991329999999,,83.7169701548357,32480.0,3.076923076923077
867.1991327999999,23.009620088048262,135.6932220893347,30665.0,3.0443037974683542
867.3991325999999,,63.525746119587794,29732.0,2.9440993788819876
867.5991323999999,,55.58378914400244,29345.0,3.088607594936709
867.7991321999999,7.272437983655167,5.713883024661612,27654.0,3.155844155844156
867.9991319999999,4.053356531825432,5.536414130942726,27588.0,3.183006535947712
868.1991317999999,8.148505603985056,13.356831515131883,28908.0,3.167741935483871
868.3991315999999,8.486311389759665,41.666153083799315,28710.0,3.3245033112582782
868.5991313999999,3.887696090314091,5.989511883852307,28877.0,3.389261744966443
868.7991311999999,4.177470369469257,18.345386172165643,28771.0,3.391891891891892
868.9991309999999,22.051717198819425,109.51028137138668,29816.0,3.070063694267516
869.1991307999999,,102.86481881323876,22186.0,2.073170731707317
869.3991305999999,7.840513983371126,50.87372466893337,22491.0,2.2148760330578514
869.5991303999999,,141.23355111795206,31787.0,3.3426573426573425
869.7991301999999,6.1088649490557465,45.068772829939334,30818.0,3.485294117647059
869.9991299999999,,26.077721103545162,29731.0,3.5714285714285716
870.1991297999999,,20.89581267183518,30735.0,3.574626865671642
870.3991295999999,5.889709393003788,14.610082281322464,31417.0,3.4571428571428573
870.5991293999999,,74.07237875245036,29162.0,3.239130434782609
870.7991291999999,,93.4509903934929,29632.0,3.2857142857142856
870.9991289999999,,9.278314641714921,28231.0,3.3450704225352115
871.1991287999999,5.6657701458570395,14.386735565466719,29001.0,3.3286713286713288
871.3991285999999,3.3613824981615714,1.8382766356202513,28557.0,3.352112676056338
871.5991283999999,,16.347618738156722,28314.0,3.4571428571428573
871.7991281999999,10.538510332854806,29.867496398328786,29953.0,3.292517006802721
871.9991279999999,,18.87243952749753,27956.0,3.3900709219858154
872.1991277999999,,13.044439977338886,27519.0,3.45
872.3991275999999,,18.03223842892935,27274.0,3.375886524822695
872.5991273999999,5.31280923584387,19.054992710061192,27285.0,3.4100719424460433
872.7991271999999,7.482944832944833,59.46490002618799,25740.0,3.3055555555555554
872.9991269999999,,49.579656113252305,20347.0,2.9765625
873.1991267999999,,42.74350466855086,23770.0,3.5072463768115942
873.3991265999999,10.99750105887336,15.265628348902572,23610.0,3.562043795620438
873.5991263999999,,262.20983628612805,27470.0,2.5185185185185186
873.7991261999999,,418.74018273895706,17444.0,1.4308943089430894
873.9991259999999,,141.02212503103934,22730.0,3.717557251908397
874.1991257999999,21.827189033540172,69.96653450688245,24657.0,3.4820143884892087
874.3991255999999,6.814944813295556,16.21062988446742,23647.0,3.5925925925925926
874.5991253999999,,233.87051281824486,26948.0,2.572192513368984
874.7991251999999,,228.1563258350086,23456.0,3.5588235294117645
874.9991249999999,,255.81799408514894,27134.0,2.5052083333333335
875.1991247999999,,26.027341393774982,29004.0,2.5631578947368423
875.3991245999999,13.961234337618102,281.28647918069663,24661.0,3.4571428571428573
875.5991243999999,9.562185096791302,56.634833842337734,22626.0,3.661654135338346
875.7991241999999,,68.31284844494799,23310.0,2.9574468085106385
875.9991239999999,,37.03874431823667,25075.0,3.4820143884892087
876.1991237999999,33.496989946421046,62.935962167694946,33222.0,3.0833333333333335
876.3991235999999,,54.00807077206928,34547.0,3.1879194630872485
876.5991233999999,,38.72073990803389,33094.0,3.228187919463087
876.7991231999999,,64.33314612057154,34078.0,3.125
876.9991229999999,,55.789175322295584,33677.0,3.2066666666666666
877.1991227999999,7.210660120978346,40.118803242073206,34221.0,3.1710526315789473
877.3991225999999,3.6832724487390998,12.743788549487562,33944.0,3.22
877.5991223999999,,11.982056762076317,31812.0,3.048611111111111
877.7991221999999,,16.1417386812635,32123.0,3.3943661971830985
877.9991219999999,,14.22588776184738,31815.0,3.352112676056338
878.1991218,,3.066829542625037,32448.0,3.370629370629371
878.3991216,2.2539092738814057,0.3444446600985083,32295.0,3.370629370629371
878.5991214,4.956049382716049,8.367772207494156,32400.0,3.3541666666666665
878.7991212,9.173665855874336,5.985656855317944,34123.0,3.2348993288590604
878.999121,,40.22040378279944,36322.0,3.2094594594594597
879.1991208,,45.90290815015897,39772.0,2.926829268292683
879.3991206,9.198551466822737,62.02428338176308,41007.0,2.518324607329843
879.5991204,29.938146736170545,190.49045273119413,38559.0,1.511737089201878
879.7991202,6.553380430476693,11.909220844308217,30292.0,1.0140845070422535
879.99912,10.076394953175344,58.00395696157896,33209.0,1.4507042253521127
880.1991198,,101.39854286950798,28689.0,1.2604166666666667
880.3991196,,37.723386988743215,29063.0,1.2901554404145077
880.5991194,,74.17048946746904,29491.0,1.4634146341463414
880.7991192,7.292171804641496,38.80848060793032,28870.0,1.473170731707317
880.999119,,38.730882079067456,31368.0,1.4788732394366197
881.1991188,,53.19785151515172,29267.0,1.5219512195121951
881.3991186,4.321963824289406,13.786645697210647,29025.0,1.5414634146341464
881.5991184,4.973563611491108,10.024991280116382,29240.0,1.5414634146341464
881.7991182,13.478827250773783,60.14462267118621,29401.0,1.6097560975609757
881.999118,,261.2528935285614,32435.0,1.4413145539906103
882.1991178,22.955994411988826,89.42158170255695,31496.0,1.3380281690140845
882.3991176,,32.15063732862163,30809.0,0.9289099526066351
882.5991174,,68.92938410752836,30673.0,0.9342723004694836
882.7991172,43.3016926243357,213.1422099800723,32553.0,1.3427230046948357
882.999117,,106.25324197201233,43673.0,1.5235849056603774
883.1991168,,189.76947205693745,41451.0,2.7049180327868854
883.3991166,6.497377927980422,67.54823794063256,34324.0,3.1794871794871793
883.5991164,4.958640932135551,27.219064671190257,33729.0,3.2781456953642385
883.7991162,3.022037992425372,1.9896529455025693,33533.0,3.2847682119205297
883.999116,3.067966673634545,4.620949725018158,33487.0,3.2781456953642385
884.1991158,,29.22255064686903,34392.0,3.227272727272727
884.3991156,,31.651198321274418,33777.0,3.159235668789809
884.5991154,8.079310006219108,18.649943496537396,30551.0,3.193548387096774
884.7991152,9.450102185735565,31.016298347417887,28869.0,3.207792207792208
884.999115,,93.55360951977504,26720.0,1.771604938271605
885.1991148,,189.81830740225874,28781.0,3.1946308724832213
885.3991146,,32.827343335954644,28056.0,3.3943661971830985
885.5991144,24.266206095041323,228.37338094342968,30976.0,1.8993288590604027
885.7991142,,1344.9667153670848,8162.0,6.361111111111111
885.999114,,1162.5519775016776,35472.0,1.1970443349753694
886.1991138,,45.711418220449964,33782.0,1.1414634146341462
886.3991136,4.406410506469021,10.392453084278095,30762.0,0.9658536585365853
886.5991134,,34.627233245619166,26489.0,0.7941176470588235
886.7991132,9.15184850508781,45.999709804174394,25453.0,0.7107843137254902
886.999113,,181.88155025683952,27163.0,0.9759615384615384
887.1991128,,58.53057119030511,28894.0,1.1784037558685445
887.3991126,,95.99247152239953,28288.0,0.8676470588235294
887.5991124,,72.68698981598921,29354.0,0.7677725118483413
887.7991122,,93.47608425884266,29762.0,0.7696078431372549
887.999112,,19.250862228569165,28114.0,0.7389162561576355
888.1991118,,189.65543656536644,28489.0,2.610810810810811
888.3991116,10.2265689229926,6.592775431328256,29192.0,2.6
888.5991114,8.010597528546848,85.7631474282331,25572.0,3.1842105263157894
888.7991112,,24.028666231010604,24362.0,2.8424657534246576
888.999111,,15.54688273349977,25838.0,3.408450704225352
889.1991108,9.395240765964266,49.76526287407002,24962.0,3.4820143884892087
889.3991106,,29.72700427716104,23746.0,3.471014492753623
889.5991104,,12.65331709007555,24045.0,3.4714285714285715
889.7991102,15.42710768271778,28.050087187821273,25668.0,3.306122448979592
889.99911,,10.675352001618439,24176.0,3.4244604316546763
890.1991098,,12.16851526453594,23828.0,3.0
890.3991096,,42.59539909491783,23897.0,3.573529411764706
890.5991094,3.0327861935102747,1.5086101961248009,23699.0,3.5588235294117645
890.7991092,,172.39117502128514,20136.0,1.2285714285714286
890.999109,,159.49847956377505,23969.0,2.908450704225352
891.1991088,,24.28394404761967,25240.0,3.3541666666666665
891.3991086,,55.508203439373645,26027.0,3.238095238095238
891.5991084,,98.92867408380208,29732.0,3.361111111111111
891.7991082,22.713485502036903,205.64575540035213,33384.0,1.8289473684210527
891.999108,4.245569395544247,68.44405651717256,33799.0,3.28
892.1991078,,333.5114464463111,26628.0,1.8343949044585988
892.3991076,,25.41406352238201,24549.0,1.3354430379746836
892.5991074,7.076476793248945,226.72540275921924,28440.0,3.264516129032258
892.7991072,8.04716150799472,46.680456491690315,27268.0,3.7534246575342465
892.999107,12.143044215067016,88.32907095311303,25964.0,2.2237762237762237
893.1991068,,7.314503489883638,25378.0,2.0921985815602837
893.3991066,,4.093413900210254,25986.0,2.206896551724138
893.5991064,3.746209443004164,14.420522619010333,25458.0,2.2535211267605635
893.7991062,2.3497606614447344,131.26133396553652,27576.0,3.595744680851064
893.999106,2.508889766890557,125.62972343914463,25310.0,2.307142857142857
894.1991058,2.9226710764627137,5.040208813875083,25398.0,2.2928571428571427
894.3991056,3.6161335187760777,11.197571050540494,25884.0,2.2836879432624113
894.5991054,2.42164980067464,1.7508394002057073,26088.0,2.267605633802817
894.7991052,2.324577594774954,118.95469845322494,28172.0,3.595744680851064
894.999105,8.913383958234457,31.17651467742335,29498.0,3.3933333333333335
895.1991048,13.236905521298462,109.65648165208155,28218.0,3.2972972972972974
895.3991046,13.709618070934551,84.44066356576991,29351.0,3.418918918918919
895.5991044,3.633707089874073,11.114355291577253,28985.0,3.3624161073825505
895.7991042,,134.25508069528604,26031.0,2.0344827586206895
895.999104,,128.41954237512437,28385.0,3.435374149659864
896.1991038,2.369686028813139,2.474269087744691,28251.0,3.421768707482993
896.3991036,2.2319562146892657,2.6104216490021814,28320.0,3.421768707482993
896.5991034,2.1459253241018756,2.5857032867223926,28309.0,3.421768707482993
896.7991032,8.465811391724879,17.75030816738901,29776.0,3.289473684210526
896.999103,8.374601949242498,26.761343151956428,31089.0,3.4791666666666665
897.1991028,7.954557274736705,56.74566937374095,30764.0,3.3655172413793104
897.3991026,10.5178600238779,85.79627233992403,30991.0,3.3636363636363638
897.5991024,3.605094094743673,6.39985124590221,30820.0,3.5182481751824817
897.7991022,3.7918068474173756,13.535628206733724,30318.0,3.5441176470588234
897.999102,3.174422781751086,4.3020635946981045,30621.0,3.5182481751824817
898.1991018,,14.684601436769968,29474.0,3.5671641791044775
898.3991016,,19.17179601593675,30481.0,3.5441176470588234
898.5991014,2.37562368697479,1.1725521481697707,30464.0,3.5441176470588234
898.7991012,2.3969252958337433,0.723353490121664,30507.0,3.5588235294117645
898.999101,2.6962335709147975,1.8502135842505536,30586.0,3.5182481751824817
899.1991008,2.660234594415992,3.4831634424752442,30265.0,3.510948905109489
899.3991006,2.360656818781324,1.180171103028955,30328.0,3.510948905109489
899.5991004,2.280155258050722,1.0999920601031616,30401.0,3.510948905109489
899.7991002,2.3356345908451397,4.447073283685927,30563.0,3.5328467153284673
899.9991,2.4053698774195666,5.0037173499280865,30429.0,3.5182481751824817
900.1990998,6.558694999499616,8.876136385105713,29977.0,3.442857142857143
900.3990996,13.664336125585384,84.27099786523509,30322.0,3.129251700680272
900.5990994,10.284229122783175,73.68495966798069,29434.0,3.3846153846153846
900.7990992,,56.14258241153633,28546.0,3.485294117647059
900.999099,,11.904061068050842,29613.0,3.6044776119402986
901.1990988,8.273957307060755,11.512132182809923,30450.0,3.5
901.3990986,5.316626409017713,13.245788093486357,29808.0,3.4748201438848922
901.5990984,5.576261189369232,20.17924724339619,28822.0,3.4748201438848922
901.7990982,,20.57160479486568,26025.0,3.218045112781955
901.999098,,12.274734369663788,27371.0,3.577777777777778
902.1990978,,5.2337115740132285,26744.0,3.574626865671642
902.3990976,,7.622264905463839,27194.0,3.5703703703703704
902.5990974,,10.453365890856498,26623.0,3.5597014925373136
902.7990972,2.877608931038345,4.305275585589592,26783.0,3.525925925925926
902.999097,,6.3723838429079365,27113.0,3.5588235294117645
903.1990968,2.9166084751369032,3.562496558956612,27209.0,3.5703703703703704
903.3990966,,5.780646992942071,26700.0,3.5185185185185186
903.5990964,,6.854121844097864,27289.0,3.585185185185185
903.7990962,,6.468727135368528,26724.0,3.214814814814815
903.999096,,6.305447335488148,27366.0,3.5588235294117645
904.1990958,,14.426930496858276,26382.0,3.162962962962963
904.3990956,,84.78077978250032,33775.0,3.018867924528302
904.5990954,5.209534263760389,30.50404576029603,31885.0,3.272108843537415
904.7990952,2.849752988047809,8.853701928865641,31375.0,3.361111111111111
904.999095,2.353523382447149,3.442746078849692,31220.0,3.3402777777777777
905.1990947999999,2.4293002680099454,2.54128799940386,30969.0,3.3636363636363638
905.3990945999999,,68.52195847763981,34715.0,2.901840490797546
905.5990943999999,,139.58094793058936,31549.0,2.848684210526316
905.7990941999999,5.111790055959349,23.49315206854302,31094.0,2.9261744966442955
905.9990939999999,5.129408089957832,18.66790573484676,32015.0,3.1437908496732025
906.1990937999999,3.549466351377261,7.541721457550511,31294.0,3.185430463576159
906.3990935999999,,5.355430583855562,30605.0,2.9060402684563758
906.5990933999999,2.8056966796682947,8.31735719564531,30509.0,3.1812080536912752
906.7990931999999,,19.77586117373348,32946.0,2.8461538461538463
906.9990929999999,,26.21474364921131,30700.0,2.9591836734693877
907.1990927999999,,5.522170756460196,30966.0,2.945945945945946
907.3990925999999,2.46564910233975,1.9995954311280462,30858.0,2.9523809523809526
907.5990923999999,6.197936629615434,5.056921118086156,31308.0,2.9659863945578233
907.7990921999999,,16.861299645658413,30596.0,2.986206896551724
907.9990919999999,,11.610975270431922,31314.0,2.9523809523809526
908.1990917999999,,28.213810494809408,34629.0,3.2027027027027026
908.3990915999999,4.558369768894441,39.097888620359505,32020.0,2.918918918918919
908.5990913999999,,10.810676085818296,31778.0,2.9
908.7990911999999,,165.4936550948798,31383.0,2.3391812865497075
908.9990909999999,,134.3089062744537,29952.0,2.484472049689441
909.1990907999999,,54.43673492904365,24490.0,1.6275862068965516
909.3990905999999,18.77211381034559,107.88771605202558,22599.0,1.9015151515151516
909.5990903999999,,69.20716175290639,27078.0,3.4285714285714284
909.7990901999999,,3.7432521270319694,26455.0,3.449275362318841
909.9990899999999,,6.396293150444529,26789.0,3.460431654676259
910.1990897999999,2.613579150007404,1.9384177916419276,27012.0,3.460431654676259
910.3990895999999,,85.0788394331527,23297.0,2.0074626865671643
910.5990893999999,,40.58676088364236,21790.0,2.216
910.7990891999999,6.25179952608754,11.038393398821672,22367.0,2.1968503937007875
910.9990889999999,,80.9600920819268,25480.0,3.5970149253731343
911.1990887999999,,61.98364630114251,19541.0,2.120967741935484
911.3990885999999,,52.59731969086837,19378.0,3.024193548387097
911.5990883999999,,16.72106168507764,19403.0,2.9761904761904763
911.7990881999999,,4.140532255169056,19781.0,2.984126984126984
911.9990879999999,,97.889366604906,26343.0,3.2550335570469797
912.1990877999999,,75.9839628127969,21003.0,1.8248175182481752
912.3990875999999,,100.14965204804192,24875.0,3.303448275862069
912.5990873999999,,55.89321997022574,21981.0,2.7664233576642334
912.7990871999999,2.8123687726665394,39.92650048893972,20956.0,1.8613138686131387
912.9990869999999,2.640085911438103,44.26696932613462,21883.0,2.7664233576642334
913.1990867999999,3.037547820337222,47.68662997493525,21173.0,1.8394160583941606
913.3990865999999,15.427216344399854,18.99520406859022,21928.0,1.7482517482517483
913.5990863999999,,29.451313011518835,22219.0,1.7697841726618706
913.7990861999999,,43.552753435791765,22899.0,2.6714285714285713
913.9990859999999,7.815471394037067,31.81682993121856,22338.0,1.7642857142857142
914.1990857999999,,5.17964584926612,21730.0,1.781021897810219
914.3990855999999,,60.18744423408778,30116.0,3.082802547770701
914.5990853999999,,12.134004170074288,28833.0,3.125
914.7990851999999,9.946741759903235,41.38992725551909,26456.0,3.222972972972973
914.9990849999999,,123.92976773336125,20623.0,1.4744525547445255
915.1990847999999,,125.40311721357999,25266.0,3.3517241379310345
915.3990845999999,4.032983687632115,3.830521913835766,25073.0,3.315068493150685
915.5990843999999,,59.501795383919934,21552.0,2.7971014492753623
915.7990841999999,,61.99954655928264,25102.0,3.3517241379310345
915.9990839999999,,76.32386131259798,22713.0,2.624113475177305
916.1990837999999,3.909442518004801,3.6055647759826726,22494.0,2.631205673758865
916.3990835999999,,67.7125524608852,25258.0,1.578616352201258
916.5990833999999,11.213025359106224,50.74726204674566,22556.0,1.8251748251748252
916.7990831999999,,15.02328171411307,22407.0,1.8251748251748252
916.9990829999999,7.500505603775175,10.585437671904243,23734.0,1.7619047619047619
917.1990827999999,,77.00739445424774,27602.0,3.2133333333333334
917.3990825999999,16.37305735835818,98.8369687214431,28505.0,3.3402777777777777
917.5990823999999,13.608985677849715,75.31768755772877,30582.0,3.577777777777778
917.7990821999999,11.347745446805924,54.651967009788514,32889.0,3.4782608695652173
917.9990819999999,,66.97593702745314,34858.0,3.6496350364963503
918.1990817999999,12.835357664233577,83.63037860211496,34250.0,3.45578231292517
918.3990815999999,,121.74093043229807,29764.0,3.261437908496732
918.5990813999999,7.075357820313847,3.9257217426293356,28995.0,3.3333333333333335
918.7990811999999,,9.387585929106042,27196.0,3.4452054794520546
918.9990809999999,,33.67791887882776,27088.0,3.4722222222222223
919.1990807999999,3.3132698459388905,2.0830296313155703,27197.0,3.4722222222222223
919.3990805999999,3.0357037799676423,1.6435288020295373,27196.0,3.4722222222222223
919.5990803999999,2.722199727610704,2.165176991312017,27167.0,3.4722222222222223
919.7990801999999,2.849184782608696,1.130012004621088,27232.0,3.4722222222222223
919.9990799999999,6.720304292700598,18.647142215739546,27605.0,3.4482758620689653
920.1990797999999,13.459798270893371,6.271255001588722,27760.0,3.3378378378378377
920.3990795999999,,28.794832881066803,26882.0,3.363013698630137
920.5990793999999,,38.96642811587861,26759.0,3.5323741007194243
920.7990791999999,6.4345267474087855,10.564753423445131,26339.0,3.5579710144927534
920.9990789999999,9.648418865892129,36.79401952498949,25994.0,3.6444444444444444
921.1990787999999,3.5980013018340546,2.767700676020139,26117.0,3.625
921.3990785999999,2.558135080258974,2.7929958155062464,26103.0,3.5985401459854014
921.5990783999999,3.047246498492539,2.3886214957172114,26203.0,3.5652173913043477
921.7990781999999,12.897450965988394,43.81132591358192,27226.0,3.36734693877551
921.9990779999999,18.860089479571023,27.94963291061148,30398.0,3.2115384615384617
922.1990777999999,3.387543830355652,12.658334090398506,29945.0,3.289473684210526
922.3990775999999,,10.685531320178399,25980.0,3.2
922.5990773999999,,203.0140951929848,24816.0,1.6153846153846154
922.7990771999999,19.374614031010324,94.77605613793709,30119.0,3.1049382716049383
922.9990769999999,14.771114545766787,32.02160348621763,29115.0,3.2371794871794872
923.1990768,4.206710293964891,12.066405086036502,28881.0,3.3421052631578947
923.3990766,11.311167282390304,22.774059225758442,30858.0,3.123456790123457
923.5990764,5.196288130573563,11.363799990142379,30389.0,3.1962025316455698
923.7990762,3.998256750978522,10.68404943599121,30403.0,3.210191082802548
923.999076,12.345524918239372,32.053518546337784,33329.0,3.3012048192771086
924.1990758,8.002867939807004,53.75653107130229,29638.0,1.9470198675496688
924.3990756,11.32156037453869,25.100285457226015,32787.0,1.79375
924.5990754,4.90603656855839,24.96044446885032,32651.0,1.8109756097560976
924.7990752,3.615557401766208,77.98050462579675,32499.0,3.220125786163522
924.999075,,80.75551743215125,30175.0,1.8636363636363635
925.1990748,,96.24359061411752,33106.0,3.2138364779874213
925.3990746,3.2453501094091903,9.75785686364021,32904.0,3.2756410256410255
925.5990744,3.1653408917741,10.605641591171693,32811.0,3.2356687898089174
925.7990742,3.5160823663393765,11.007429665544832,32489.0,3.2987012987012987
925.999074,,97.50890529632181,29875.0,1.9466666666666668
926.1990738,,86.30887311207856,32166.0,1.7361963190184049
926.3990736,9.969760287886702,113.0052241265522,34458.0,2.9761904761904763
926.5990734,,1242.4834513474,13849.0,5.857142857142857
926.7990732,,1254.0296936609736,33644.0,3.3137254901960786
926.999073,7.923278845006562,18.934520776082454,33524.0,3.335526315789474
927.1990728,3.939830115830116,24.604785982192602,32375.0,3.2133333333333334
927.3990726,10.806953738725634,41.802069241343524,34370.0,3.3533333333333335
927.5990724,,17.309276236573695,31517.0,3.4452054794520546
927.7990722,,114.68948395679041,33323.0,3.067484662576687
927.999072,11.418585693906664,46.57117880201455,34349.0,3.2243589743589745
928.1990718,,22.039155000403948,32157.0,3.4324324324324325
928.3990716,,51.27856928780382,31140.0,3.3666666666666667
928.5990714,9.085752971265233,49.79022351536335,26588.0,3.4027777777777777
928.7990712,,55.95309586794373,24615.0,3.5217391304347827
928.999071,6.6167857765382605,20.153712174032627,22948.0,3.611940298507463
929.1990708,,22.248630173409037,22709.0,3.1278195488721803
929.3990706,,25.780692410333288,22914.0,3.659090909090909
929.5990704,13.534067362775769,21.559388726035,24613.0,3.585185185185185
929.7990702,,19.859799712151087,24656.0,3.6
929.99907,18.86907513279001,87.86509250819358,24663.0,3.361111111111111
930.1990698,,11.358556157264648,24917.0,3.3900709219858154
930.3990696,,13.758190653441732,24904.0,3.460431654676259
930.5990694,,23.99046441200876,25447.0,3.2867132867132867
930.7990692,,28.0010156335576,20590.0,2.792307692307692
930.999069,,12.70148235254463,20167.0,2.813953488372093
931.1990688,,48.18306803162537,23724.0,3.3284671532846715
931.3990686,,64.09930009938708,19382.0,2.8661417322834644
931.5990684,,98.60288514932266,23807.0,2.7291666666666665
931.7990682,,96.58108383796377,26407.0,2.238709677419355
931.999068,,58.95598669724342,22269.0,1.7266187050359711
932.1990678,,81.34762397607963,22209.0,2.525925925925926
932.3990676,,20.28195050031786,22431.0,2.514705882352941
932.5990674,,23.324039533778215,22461.0,2.582089552238806
932.7990672,,60.121671325999806,22059.0,2.781954887218045
932.999067,14.216097164606765,35.217489255051966,23383.0,2.676258992805755
933.1990668,,51.198365834628845,29461.0,3.3379310344827586
933.3990666,21.271619304262618,130.9738338966566,32656.0,3.303448275862069
933.5990664,20.996053605196085,152.83847289110145,36489.0,3.4893617021276597
933.7990662,7.242930521762639,40.76626409050022,36990.0,3.3469387755102042
933.999066,3.8703613769461507,24.543801357594088,35005.0,3.4166666666666665
934.1990658,5.325479420018709,41.1989197851615,34208.0,3.676470588235294
934.3990656,,11.64286072835411,33187.0,3.6204379562043796
934.5990654,,13.439783612103865,35094.0,3.5714285714285716
934.7990652,3.0531994475773967,14.527024517276407,34756.0,3.5642857142857145
934.999065,3.3254853603280665,7.612724360122068,34871.0,3.5531914893617023
935.1990648,2.860329942730148,5.314168177850679,35097.0,3.5211267605633805
935.3990646,2.3130621598395873,0.9483405935759142,34910.0,3.5460992907801416
935.5990644,2.5328798833985884,2.5226756522665053,34991.0,3.507042253521127
935.7990642,,4.86028439406986,34362.0,3.5390070921985815
935.999064,,13.223967746024515,34681.0,3.524822695035461
936.1990638,2.7846126935074778,10.960646414952503,34301.0,3.5357142857142856
936.3990636,3.109074324721944,13.4983671894578,33986.0,3.58273381294964
936.5990634,,13.9778179370634,34066.0,3.5
936.7990632,,38.955086272613464,35994.0,3.507142857142857
936.999063,,1198.85254476099,12119.0,4.754716981132075
937.1990628,,1330.209614322999,39096.0,1.2910798122065728
937.3990626,,133.36313389138365,29547.0,0.9560975609756097
937.5990624,17.259878737194228,84.03722037784092,28698.0,1.1268292682926828
937.7990622,15.310106957460892,56.10731052986156,28703.0,1.3121951219512196
937.999062,23.80810801822475,98.66714630391016,30069.0,1.2390243902439024
938.1990618,16.483600144439094,42.953861240050436,33232.0,1.0682926829268293
938.3990616,9.180405626431142,61.340853322669055,30570.0,0.9658536585365853
938.5990614,,149.18139113965455,27457.0,1.384180790960452
938.7990612,,58.797548445249085,25772.0,1.5875
938.999061,,29.773824666889613,25938.0,1.5909090909090908
939.1990608,,17.12308963368143,26395.0,1.6666666666666667
939.3990606,9.493441529568697,10.46394145261328,26988.0,1.6490066225165563
939.5990604,4.1028630844071445,1.6553679419806677,26929.0,1.6423841059602649
939.7990602,,9.928383764131132,28651.0,1.632258064516129
939.99906,,24.169982386016134,29417.0,1.7225806451612904
940.1990598,2.470843357164639,2.4298922633177975,29513.0,1.7225806451612904
940.3990596,17.863805104408353,37.091007591758014,34480.0,1.7974683544303798
940.5990594,9.470750448448502,81.87147805493542,37351.0,2.8802395209580838
940.7990592,9.300121342860995,78.04735579976638,29668.0,3.1225806451612903
940.999059,18.401820683814968,102.32999268117334,28341.0,3.1847133757961785
941.1990588,14.000981354268891,30.264026661050206,30570.0,3.361963190184049
941.3990586,,144.69078617282355,27966.0,1.9012345679012346
941.5990584,5.453330427834677,26.317776346503152,27534.0,1.8475609756097562
941.7990582,5.305196918737116,11.402725096465606,27651.0,1.7454545454545454
941.999058,,127.98501970990387,30219.0,3.341463414634146
942.1990578,2.868822614279567,14.363003090740692,30211.0,3.1280487804878048
942.3990576,9.747394136807818,37.798588340505916,30700.0,3.18125
942.5990574,20.789586123333972,79.26955986542094,31362.0,3.1835443037974684
942.7990572,21.654919991530296,88.37659035797479,33059.0,3.3443708609271523
942.999057,,60.18702084307705,32658.0,3.3552631578947367
943.1990568,,48.26976959268126,31416.0,3.317241379310345
943.3990566,,44.18497239619345,29310.0,3.544776119402985
943.5990564,,50.8646766763064,31287.0,3.5384615384615383
943.7990562,5.366067469386363,15.69938055461092,29317.0,3.3703703703703702
943.999056,6.3158216249236405,18.309272893205083,29466.0,3.4166666666666665
944.1990558,9.607432279727504,20.790234966141714,30973.0,3.2142857142857144
944.3990556,,1062.808561657655,18644.0,3.3
944.5990554,,1054.80743132144,30077.0,3.4307692307692306
944.7990552,12.205999664823194,64.5708981550649,29835.0,2.9645390070921986
944.999055,4.6607843137254905,14.926798894034484,28560.0,3.1578947368421053
945.1990548,,23.191457161886557,27841.0,3.7265625
945.3990546,,9.579170755687677,28541.0,3.7734375
945.5990544,3.4180307407011163,5.027487779229188,28041.0,3.811023622047244
945.7990542,2.488578589330469,0.5124129147429844,27930.0,3.811023622047244
945.999054,,5.52592063602261,27411.0,3.7936507936507935
946.1990538,,6.277294534800742,27872.0,3.8188976377952755
946.3990536,19.66587596259626,78.28549061338562,29088.0,2.863013698630137
946.5990534,,58.30837650038834,24496.0,2.6690647482014387
946.7990532,,24.24401380673197,25648.0,1.767605633802817
946.999053,9.149376992176181,62.114870279163554,27608.0,2.7925925925925927
947.1990528,20.020998736187174,80.24474600834472,30859.0,1.9789473684210526
947.3990526,,66.84741907155463,33666.0,2.808139534883721
947.5990524,6.9143613462489455,16.48172844086779,34377.0,2.880952380952381
947.7990522,7.15303652839534,25.100483596383576,35534.0,2.6021505376344085
947.999052,,65.91266173887134,28933.0,1.6753246753246753
948.1990518,,113.60244155331698,29971.0,3.3472222222222223
948.3990516,,67.86013372323404,22529.0,1.9307692307692308
948.5990514,,79.59148504390097,22467.0,2.883720930232558
948.7990512,,35.70101078260063,21252.0,1.9285714285714286
948.999051,2.4509212572451817,1.6097871434549405,21221.0,1.9206349206349207
949.1990508,,21.59728096303385,22106.0,1.8846153846153846
949.3990505999999,,59.83212197047085,23744.0,2.7969924812030076
949.5990503999999,,50.74062526788442,21840.0,1.8914728682170543
949.7990501999999,,42.41547729660584,22842.0,2.883720930232558
949.9990499999999,,20.67425554993266,22439.0,2.7803030303030303
950.1990497999999,10.329620014160962,7.201863962068321,21185.0,2.7293233082706765
950.3990495999999,14.328540514546766,8.43095880230771,20795.0,2.6666666666666665
950.5990493999999,,24.766846778168226,21135.0,3.0078125
950.7990491999999,,127.2647237514786,27208.0,3.5441176470588234
950.9990489999999,,22.419281687350214,24789.0,3.593984962406015
951.1990487999999,,54.61821572804421,19591.0,3.0078740157480315
951.3990485999999,14.34576526765519,19.506915578619914,19895.0,3.007751937984496
951.5990483999999,,82.36200754666253,22507.0,3.5588235294117645
951.7990481999999,,19.20557556177925,22766.0,3.489051094890511
951.9990479999999,,258.4688777618209,23911.0,2.088888888888889
952.1990477999999,,287.7053174861373,20005.0,2.9
952.3990475999999,,63.99264736663199,23082.0,3.573529411764706
952.5990473999999,,52.1712496515099,19520.0,2.9375
952.7990471999999,,24.659570620700723,24732.0,3.404255319148936
952.9990469999999,16.913304340823064,59.75735621712295,24834.0,3.633587786259542
953.1990467999999,,8.190658219670016,26997.0,3.408450704225352
953.3990465999999,,15.193055176640808,25074.0,3.6136363636363638
953.5990463999999,,7.283238438580705,25575.0,3.611940298507463
953.7990461999999,2.925933148718749,3.0162479311121215,25639.0,3.611940298507463
953.9990459999999,2.422201324399514,1.2617737780390426,25521.0,3.611940298507463
954.1990457999999,26.9472270500869,100.35180078022363,31645.0,2.897590361445783
954.3990455999999,9.800150829562595,77.69007007464404,27846.0,3.2857142857142856
954.5990453999999,3.410391834986796,4.2915590675069,28022.0,3.2416107382550337
954.7990451999999,2.7461017313689644,2.570866365559917,27897.0,3.248322147651007
954.9990449999999,8.91407808492448,14.996194249366665,28072.0,3.205298013245033
955.1990447999999,8.620286225402504,16.371920766200784,27950.0,3.1363636363636362
955.3990445999999,,94.40625669990781,21651.0,1.3591549295774648
955.5990443999999,,106.02996237117354,25937.0,3.1456953642384105
955.7990441999999,,5.08010177895572,24803.0,2.7449664429530203
955.9990439999999,,16.714622377303602,26166.0,3.248322147651007
956.1990437999999,12.595776939575476,36.6422995829249,27042.0,3.292517006802721
956.3990435999999,26.408867141162514,130.95813960335752,33720.0,3.2567567567567566
956.5990433999999,,27.65996776959214,31452.0,3.3216783216783217
956.7990431999999,,100.39609261375745,37708.0,3.1548387096774193
956.9990429999999,9.112251341964004,53.29274353733482,38004.0,3.127388535031847
957.1990427999999,,142.2720749439682,29861.0,3.161290322580645
957.3990425999999,6.734062845095874,19.668975127280472,29883.0,3.0440251572327046
957.5990423999999,,108.95924411115801,28553.0,1.3641304347826086
957.7990421999999,,80.7290302892902,28142.0,1.3898305084745763
957.9990419999999,13.154088149243401,97.97098498649363,31787.0,1.8473684210526315
958.1990417999999,,83.30776936318823,27325.0,1.5987654320987654
958.3990415999999,,34.54079592861545,26800.0,1.6025641025641026
958.5990413999999,,95.2655062743202,33050.0,3.1633986928104574
958.7990411999999,9.143593903923046,10.914096401279627,34514.0,3.109677419354839
958.9990409999999,16.558254754674763,65.9398147273617,31285.0,3.5072463768115942
959.1990407999999,4.69911378943637,23.186269303146936,28210.0,3.4748201438848922
959.3990405999999,5.237922621122342,12.656654996170179,28690.0,3.4820143884892087
959.5990403999999,3.204903801863728,11.670222408439884,28223.0,3.5255474452554743
959.7990401999999,10.858685229250275,23.248802899740426,28157.0,3.3846153846153846
959.9990399999999,4.5300864782718815,9.732595189606327,27637.0,3.45
960.1990397999999,,34.78205212492966,29650.0,3.449275362318841
960.3990395999999,2.8587233471905593,5.553949935564468,29828.0,3.41726618705036
960.5990393999999,,8.874648949281836,30348.0,3.4571428571428573
960.7990391999999,2.2416477029121733,0.9467777738871428,30321.0,3.442857142857143
960.9990389999999,2.2283407480639315,1.5262225882200675,30345.0,3.45
961.1990387999999,21.562879972207746,50.32792330293079,34542.0,2.9583333333333335
961.3990385999999,,41.906136188301886,32722.0,3.4625850340136055
961.5990383999999,,44.96243507110133,33513.0,3.4166666666666665
961.7990381999999,5.522694088042499,19.58381892118145,32189.0,3.676470588235294
961.9990379999999,,5.419139496440446,31806.0,3.676470588235294
962.1990377999999,2.415313444108761,0.6826998744138982,31776.0,3.6691176470588234
962.3990375999999,,5.142974452605972,32229.0,3.656934306569343
962.5990373999999,,114.76216335783288,33354.0,3.1139240506329116
962.7990371999999,9.11658337716991,34.65012788030301,30416.0,3.2312925170068025
962.9990369999999,,8.43137632398197,30331.0,3.292517006802721
963.1990367999999,4.1752090858797875,10.397819050283873,30729.0,3.292517006802721
963.3990365999999,,5.5950078486083195,29625.0,3.3194444444444446
963.5990363999999,,52.571531956701385,29692.0,3.5714285714285716
963.7990361999999,,11.918229070746026,27887.0,3.7185185185185183
963.9990359999999,,29.846937363224896,26147.0,3.746268656716418
964.1990357999999,,59.23462814079043,28256.0,3.4893617021276597
964.3990355999999,,12.16442199654201,26402.0,2.730496453900709
964.5990353999999,,4.16242703066931,25935.0,2.859259259259259
964.7990351999999,,20.88561894305556,25959.0,2.838235294117647
964.9990349999999,9.862725137039938,7.47235750107065,25540.0,2.8308823529411766
965.1990347999999,12.57908251255126,24.75242238148007,26093.0,2.6666666666666665
965.3990345999999,14.331994117014025,28.76660543206326,27877.0,2.6037735849056602
965.5990343999999,,156.8504164755352,18919.0,1.426356589147287
965.7990341999999,,165.20150802677776,24261.0,2.971223021582734
965.9990339999999,7.074006562158221,6.702231814562892,24687.0,3.115107913669065
966.1990337999999,,66.10715043160533,19038.0,3.097560975609756
966.3990335999999,,15.692697598874034,19581.0,3.0806451612903225
966.5990333999999,2.5278344208809136,3.5965072298820173,19616.0,3.064
966.7990331999999,,55.777640905860665,22938.0,3.661654135338346
966.9990329999999,,62.566661169086196,20111.0,2.260355029585799
967.1990327999999,2.530048525569242,51.75407144250521,18753.0,3.105691056910569
967.3990325999999,,10.962000986252653,20711.0,2.9767441860465116
967.5990323999999,,82.58002280262185,16808.0,1.5948275862068966
967.7990321999999,3.281970010971596,6.127235674839121,16406.0,1.6
967.9990319999999,2.727485812978041,2.0909298108382823,16212.0,1.5964912280701755
968.1990318,,90.14596238801651,19786.0,3.0396825396825395
968.3990316,,17.847668049632222,21383.0,2.9015151515151514
968.5990314,,9.054290938939461,20234.0,3.0317460317460316
968.7990312,,2.5651471986374106,21731.0,2.9767441860465116
968.999031,,71.47096882295585,24509.0,3.626865671641791
969.1990308,,89.3707791722575,19623.0,3.0238095238095237
969.3990306,,31.25695755437396,19624.0,3.105691056910569
969.5990304,,57.821661312638675,21513.0,1.8602941176470589
969.7990302,,92.88974006879245,24944.0,3.4748201438848922
969.99903,18.433034905215848,87.14045831471718,27589.0,3.4927536231884058
970.1990298,,148.98943996138632,29715.0,3.588235294117647
970.3990296,,26.023994927425413,31256.0,3.5703703703703704
970.5990294,4.871323161163233,16.327324034094442,29951.0,3.582089552238806
970.7990292,,18.937281248701982,29220.0,3.5413533834586466
970.999029,,16.480717380883004,30206.0,3.562962962962963
971.1990288,4.5437046802900465,11.160769210677664,30340.0,3.4855072463768115
971.3990286,34.08414526129318,262.25378659186487,33870.0,1.6379310344827587
971.5990284,37.6144625443572,148.83924760795819,35789.0,1.2629107981220657
971.7990282,,29.182469891226212,29988.0,1.0518867924528301
971.999028,,23.20319273767586,33054.0,1.215962441314554
972.1990278,,12.256507694931274,29132.0,0.9560975609756097
972.3990276,,55.77807591520403,29478.0,0.8483412322274881
972.5990274,,101.02208181807619,28365.0,0.824390243902439
972.7990272,8.315491747520676,43.684117161804565,27931.0,0.775609756097561
972.999027,4.386745760244559,16.052487399099288,27478.0,0.7560975609756098
973.1990268,5.858787723222471,27.83041717261472,27271.0,0.7317073170731707
973.3990266,5.99546034366324,24.045790825380855,26654.0,0.7268292682926829
973.5990264,,119.92145425937512,28429.0,0.7635467980295566
973.7990262,,70.43519759984878,28326.0,0.8979591836734694
973.999026,,134.31733946505324,28002.0,2.897590361445783
974.1990258,9.727339572192513,39.112608970871186,29920.0,2.7288135593220337
974.3990256,,121.38269423956407,35032.0,1.251231527093596
974.5990254,,128.1253708684704,34942.0,2.950920245398773
974.7990252,16.066711985909837,90.32000111915166,32363.0,3.164473684210526
974.999025,4.922798234635399,14.066925462276798,30362.0,3.164473684210526
975.1990248,,7.661320585578563,29692.0,3.1812080536912752
975.3990246,,14.37698690401673,30656.0,3.1032258064516127
975.5990244,,12.448221240634176,28912.0,3.1184210526315788
975.7990242,,17.273954301954056,28714.0,3.0573248407643314
975.999024,6.8571876415061475,33.44843581422272,28709.0,2.981366459627329
976.1990238,6.581972639011474,64.07671710461292,27192.0,3.156862745098039
976.3990236,3.728964671793157,14.617774869812125,26919.0,3.198675496688742
976.5990234,,84.29830697279264,22391.0,1.3636363636363635
976.7990232,,67.96355865209394,27067.0,3.125
976.999023,,10.233388042109597,27026.0,3.1633986928104574
977.1990228,3.439550561797753,10.86703989977429,26700.0,3.1710526315789473
977.3990226,11.51369582992641,28.28672915576267,29352.0,3.070063694267516
977.5990224,6.021165961134629,14.750870553323809,30001.0,3.185430463576159
977.7990222,,4.908746687673369,29504.0,3.1666666666666665
977.999022,,6.99964078362569,28859.0,2.6308724832214767
978.1990218,,13.265445185525325,29962.0,3.19205298013245
978.3990216,17.051311089816185,86.77125269089636,34437.0,2.6777777777777776
978.5990214,28.660526459207585,166.29686696763292,36698.0,1.488262910798122
978.7990212,,43.0823486697481,30309.0,0.9186602870813397
978.999021,,95.23623984075749,29957.0,1.099056603773585
979.1990208,,38.52229865080821,28251.0,1.357843137254902
979.3990206,,108.87904473433316,31187.0,1.2253521126760563
979.5990204,5.08241792535264,81.93268561576726,32044.0,1.784037558685446
979.7990202,,137.75233281781726,30116.0,0.7902439024390244
979.99902,,49.289278219324544,31269.0,1.2206572769953052
980.1990198,4.666411409974155,17.25831354191378,31341.0,1.192488262910798
980.3990196,,56.55389182159804,30071.0,0.848780487804878
980.5990194,,280.77045481542876,31360.0,1.1971830985915493
980.7990192,,164.84361677623087,31841.0,0.9339622641509434
980.999019,,138.90749929300654,45985.0,1.502439024390244
981.1990188,,211.36332714302222,38313.0,2.951219512195122
981.3990186,,85.69093102681978,35812.0,3.125
981.5990184,,14.060011813041882,36385.0,3.1710526315789473
981.7990182,2.542726697653951,3.9018962057807096,36359.0,3.156862745098039
981.999018,2.3005616430813283,2.1195765765888726,36322.0,3.1710526315789473
982.1990178,,3.569794373123441,35779.0,3.1184210526315788
982.3990176,,58.35864033296684,37820.0,3.1161290322580646
982.5990174,2.6772853927767657,4.803122212404465,37324.0,3.1776315789473686
982.7990172,28.66709606775949,238.643259113465,31051.0,2.813953488372093
982.999017,17.224957123801055,46.81004067184548,31486.0,3.141025641025641
983.1990168,,171.45880056398838,21792.0,1.8837209302325582
983.3990166,3.435905583295506,2.8107750396157125,22030.0,1.8396946564885497
983.5990164,,69.10510005629905,27419.0,1.743421052631579
983.7990162,2.5201502607680806,2.6813241725103976,27419.0,1.7682119205298013
983.999016,2.5700361406198664,3.5899519570828686,27393.0,1.78
984.1990158,,65.77820290469658,21828.0,1.8837209302325582
984.3990156,,60.74233039349302,30904.0,1.912280701754386
984.5990154,17.49105432251599,167.74559622259738,33927.0,3.2866666666666666
984.7990152,14.815367217824505,105.53356984322262,32719.0,3.65
984.999015,4.8591058763931105,10.947911005538266,31584.0,3.664233576642336
985.1990148,16.226971031573722,115.82880797884206,32242.0,3.356164383561644
985.3990146,12.816755793226381,64.45369228683563,28050.0,3.5069444444444446
985.5990144,9.822476795718705,84.32182670654745,23918.0,3.343065693430657
985.7990142,,359.6177984947601,28949.0,1.9944751381215469
985.999014,,318.1189127290822,19963.0,2.7557251908396947
986.1990138,19.330978710966043,71.38771499984419,20527.0,2.969465648854962
986.3990136,9.910795427368823,6.609041975694711,20907.0,3.062015503875969
986.5990134,,55.606275332758,24369.0,3.4642857142857144
986.7990132,,91.80807362552294,20284.0,1.9849624060150375
986.999013,,8.917999176594815,19381.0,2.0703125
987.1990128,,82.63229083249787,24161.0,3.5588235294117645
987.3990126,12.804698443190459,53.65455533568109,24987.0,3.611940298507463
987.5990124,20.05556948873204,87.55957761423244,27911.0,3.2857142857142856
987.7990122,,190.33672936493755,27100.0,1.7482517482517483
987.999012,,127.5372335571647,28830.0,3.45
988.1990118,3.744504169250913,5.657147629802721,29022.0,3.4820143884892087
988.3990116,12.462942726746801,66.62140877961636,31114.0,3.5142857142857142
988.5990114,,82.22224171827362,27619.0,2.0072992700729926
988.7990112,,99.94468457244069,29562.0,3.671641791044776
988.999011,3.773994844498008,6.717884063310107,29871.0,3.6592592592592594
989.1990108,6.656603267250344,28.102717335572056,29811.0,3.7111111111111112
989.3990106,4.189546558173109,14.27774496077411,30478.0,3.781954887218045
989.5990104,3.879977093579465,11.767940185032312,29686.0,3.786259541984733
989.7990102,2.733234879505941,1.9683656622972774,29794.0,3.7938931297709924
989.99901,5.193659227771874,47.030373474487774,28230.0,3.7480916030534353
990.1990098,5.08150176800943,21.926447699290854,28846.0,3.7196969696969697
990.3990096,3.4048109258115433,5.701674127742161,29142.0,3.699248120300752
990.5990094,3.7740855762594894,19.41245084871705,28980.0,3.727272727272727
990.7990092,2.4046990129292367,1.1342218401151392,28772.0,3.7196969696969697
990.999009,2.2642561047828056,0.9834410247653075,28707.0,3.727272727272727
991.1990088,8.537811732238413,24.295382810393754,29713.0,3.6148148148148147
991.3990086,4.276924658942894,11.405103405583953,29174.0,3.691729323308271
991.5990084,6.784849300322928,6.276653066778507,29728.0,3.6641791044776117
991.7990082,11.072320261437909,19.763708545880306,30600.0,3.585185185185185
991.999008,6.655969993748697,58.68020421617201,28794.0,3.5
992.1990078,,46.266674136322614,26253.0,3.4565217391304346
992.3990076,,13.307349826724003,27202.0,3.5328467153284673
992.5990074,,179.2118826121315,26856.0,1.6012269938650308
992.7990072,,216.40495720118943,26516.0,3.361111111111111
992.999007,,24.30197522345038,23698.0,3.397163120567376
993.1990068,11.068584348699913,9.592444949352695,23883.0,3.414285714285714
993.3990066,,18.31545673492958,23616.0,3.4892086330935252
993.5990063999999,7.782069081576844,17.456885836539183,23769.0,3.4964028776978417
993.7990061999999,,133.70205022422158,18168.0,1.3410852713178294
993.9990059999999,,119.48352910853018,23605.0,2.8811188811188813
994.1990057999999,,46.05323660368614,23416.0,3.5547445255474455
994.3990055999999,,4.059266297005008,22643.0,3.5
994.5990053999999,,9.293255426500913,22707.0,3.5547445255474455
994.7990051999999,2.8925074313691206,0.8688675342292171,22876.0,3.5328467153284673
994.9990049999999,2.5211236838656124,1.9512217114936314,22889.0,3.5547445255474455
995.1990047999999,,139.83742037572597,17745.0,1.37984496124031
995.3990045999999,,121.99473869902478,28514.0,3.1633986928104574
995.5990043999999,10.72769373263353,13.010926316239964,29151.0,3.185430463576159
995.7990041999999,,17.870314286948386,28880.0,3.3380281690140845
995.9990039999999,,71.21852698441866,33993.0,3.164473684210526
996.1990037999999,5.857171993823024,25.62839974486271,34321.0,3.205298013245033
996.3990035999999,4.041629523979319,20.44541883447706,33654.0,3.272108843537415
996.5990033999999,2.8967990515708357,5.479584695059778,33740.0,3.258503401360544
996.7990031999999,2.5625690154296117,2.8787869115034646,33507.0,3.2945205479452055
996.9990029999999,2.382214775141378,2.3515340193310665,33421.0,3.272108843537415
997.1990027999999,2.248603016283122,3.4497085701967354,33286.0,3.287671232876712
997.3990025999999,2.2766148863431894,3.616496190145114,33346.0,3.308219178082192
997.5990023999999,,7.814687706920891,32784.0,3.268965517241379
997.7990021999999,,9.706245114221668,33369.0,3.292517006802721
997.9990019999999,,66.25895982555235,33348.0,3.3146853146853146
998.1990017999999,5.10273085839882,0.9265271111659913,33213.0,3.326388888888889
998.3990015999999,,12.181398485404994,33640.0,3.3241379310344827
998.5990013999999,,4.676377612326777,33091.0,3.3125
998.7990011999999,,0.8662100692474801,33423.0,3.3013698630136985
998.9990009999999,3.718822641509434,3.4853066492267804,33125.0,3.3241379310344827
999.1990007999999,10.552141810237549,64.9373152642612,36161.0,3.404109589041096
999.3990005999999,,23.00693115752125,37434.0,3.272108843537415
999.5990003999999,,24.247647886603417,37601.0,3.423611111111111
999.7990001999999,,4.963626055279016,37261.0,3.4475524475524475
999.9989999999999,,5.259417118212701,37730.0,3.4305555555555554
1000.1989997999999,2.2756340459434337,0.44080946785300357,37655.0,3.423611111111111
1000.3989995999999,,1178.5456270510344,12110.0,4.7924528301886795
1000.5989993999999,,1108.4853239288464,36533.0,1.0985221674876848
1000.7989991999999,,31.465754274119146,32923.0,1.0341463414634147
1000.9989989999999,6.803078655903886,48.482288762103316,31962.0,0.9463414634146341
1001.1989987999999,5.797449584816133,89.32313847183099,26976.0,0.9635416666666666
1001.3989985999999,,151.74804914466608,29390.0,3.037974683544304
1001.5989983999999,5.610601915184678,18.69506449385355,29240.0,3.1776315789473686
1001.7989981999999,6.6335782051755325,46.1614273819484,27089.0,3.228187919463087
1001.9989979999999,,10.672981839433088,25832.0,3.3216783216783217
1002.1989977999999,,7.457603645435095,27261.0,3.2635135135135136
1002.3989975999999,3.0657383297482923,5.999281670939215,26499.0,3.2789115646258504
1002.5989973999999,,86.27581006020024,23449.0,1.816326530612245
1002.7989971999999,,97.43452556090404,26438.0,3.361111111111111
1002.9989969999999,,6.933901371498406,26010.0,3.298611111111111
1003.1989967999999,,10.539289085994705,26639.0,3.317241379310345
1003.3989965999999,,101.46007045179459,23350.0,1.8741258741258742
1003.5989963999999,2.378890799656062,3.2387365885845,23260.0,1.8741258741258742
1003.7989961999999,,96.63538537019056,26914.0,3.3013698630136985
1003.9989959999999,2.7940219447597427,7.965196979086783,26430.0,3.3241379310344827
1004.1989957999999,,17.399479696738833,25999.0,2.863013698630137
1004.3989955999999,,10.295492867771568,26083.0,3.317241379310345
1004.5989953999999,2.2550734645337016,1.44721372524445,26067.0,3.3241379310344827
1004.7989951999999,2.270411696806464,0.8187945550350706,25990.0,3.317241379310345
1004.9989949999999,,6.799724821726809,25313.0,2.8958333333333335
1005.1989947999999,,220.88690152059255,23502.0,1.4026845637583893
1005.3989945999999,,99.91357560892892,22711.0,1.7483443708609272
1005.5989943999999,,156.38594635025322,25626.0,3.2739726027397262
1005.7989941999999,9.547495219885278,3.395113821144001,26150.0,3.2896551724137932
1005.9989939999999,,6.929113247379261,27714.0,3.292517006802721
1006.1989937999999,,8.102632401869089,26563.0,3.3286713286713288
1006.3989935999999,,15.422237605315255,26936.0,3.3379310344827586
1006.5989933999999,,7.560682497231397,26200.0,3.3286713286713288
1006.7989931999999,,13.455076801073565,26706.0,3.3379310344827586
1006.9989929999999,,10.617385343472764,26099.0,3.326388888888889
1007.1989927999999,,7.927146458131908,26458.0,3.3379310344827586
1007.3989925999999,,10.204540026671816,25862.0,3.3055555555555554
1007.5989923999999,,17.08836123614202,25649.0,3.3846153846153846
1007.7989921999999,4.082141888488512,0.4581214863782445,25809.0,3.361111111111111
1007.9989919999999,,31.516052591353493,26971.0,3.165562913907285
1008.1989917999999,,26.024092357937914,25752.0,3.27027027027027
1008.3989915999999,,4.751809753766455,24631.0,3.238095238095238
1008.5989913999999,7.127256785301503,17.184588734210426,25091.0,3.2739726027397262
1008.7989911999999,,178.77152786757475,17365.0,1.3333333333333333
1008.9989909999999,,143.59959257227484,28580.0,3.0440251572327046
1009.1989907999999,7.696571928623064,36.52206196690481,26283.0,3.1842105263157894
1009.3989905999999,,29.400676552503686,25363.0,3.222972972972973
1009.5989903999999,,15.18335719051621,25756.0,3.2416107382550337
1009.7989901999999,18.826191719208065,214.1114175024849,24901.0,1.4
1009.9989899999999,20.897587095025077,99.3460324780149,29508.0,3.1337579617834397
1010.1989897999999,15.426690678755511,4.608730597216171,32206.0,3.125
1010.3989895999999,,97.54396359464972,33339.0,3.503448275862069
1010.5989893999999,,36.629574006355035,35129.0,3.2564102564102564
1010.7989891999999,8.92192513368984,29.688847222910592,27115.0,3.24
1010.9989889999999,,30.299704450914387,25681.0,3.446043165467626
1011.1989887999999,,43.76440123428038,27284.0,3.408450704225352
1011.3989885999999,,23.60609467188779,25733.0,3.354609929078014
1011.5989883999999,,19.91120884017396,28488.0,3.435374149659864
1011.7989881999999,6.273548072230357,5.427473929987623,28686.0,3.421768707482993
1011.9989879999999,6.931833513221802,5.425499209915611,29648.0,3.4149659863945576
1012.1989877999999,6.609508384789284,1.4673603527894632,29637.0,3.364864864864865
1012.3989875999999,3.4143433043124767,7.036808116188783,29519.0,3.3741496598639458
1012.5989873999999,,7.8093560718376365,28933.0,3.3767123287671232
1012.7989871999999,,5.241341441627751,30291.0,3.3066666666666666
1012.9989869999999,,11.540340538827955,29827.0,3.356164383561644
1013.1989868,,4.002504661208339,30199.0,3.3175675675675675
1013.3989866,3.4173676064867773,2.2482458755335264,29722.0,3.2857142857142856
1013.5989864,3.086130397967824,0.3256600071409456,29525.0,3.17687074829932
1013.7989862,,5.523377802776778,28754.0,3.1780821917808217
1013.998986,,8.39956334312888,29161.0,3.1564625850340136
1014.1989858,6.294792467975517,7.727711704599493,29899.0,3.1216216216216215
1014.3989856,,10.46529220770866,29664.0,3.136986301369863
1014.5989854,,13.514962599408792,30223.0,3.108843537414966
1014.7989852,10.835014893821466,42.29168945480103,31221.0,3.292517006802721
1014.998985,7.353345400911772,17.781721038175743,29832.0,3.4571428571428573
1015.1989848,7.68482905982906,16.57450501761846,30888.0,3.3241379310344827
1015.3989846,6.66917135567749,20.793012912004656,28613.0,3.4820143884892087
1015.5989844,,20.480805798381535,27184.0,3.489051094890511
1015.7989842,,3.4984187568820837,27659.0,3.5072463768115942
1015.998984,3.464040660736976,3.7393908184226405,27545.0,3.4820143884892087
1016.1989838,7.416903611032129,11.115010790303183,28136.0,3.3379310344827586
1016.3989836,,149.38588681826434,23609.0,1.6126760563380282
1016.5989834,,123.04248134448409,26208.0,3.3900709219858154
1016.7989832,,6.138944767845901,27351.0,3.3379310344827586
1016.998983,7.295370057451842,19.57769308987568,26631.0,3.4571428571428573
1017.1989828,,5.0608316234756305,26143.0,3.4963503649635035
1017.3989826,,14.687492510462908,26894.0,3.5072463768115942
1017.5989824,3.0885424436819333,3.225000450038365,26812.0,3.5328467153284673
1017.7989822,2.573326845336128,2.6577282763579975,26716.0,3.5072463768115942
1017.998982,15.352534241813252,29.300921650128195,28766.0,3.315068493150685
1018.1989818,,24.23767677494075,28431.0,3.4388489208633093
1018.3989816,,10.645397447055325,26733.0,3.4962962962962965
1018.5989814,5.038620058006411,8.565641989992235,26204.0,3.5413533834586466
1018.7989812,,21.422180821914903,26890.0,3.6390977443609023
1018.998981,3.6441434792235587,3.342717106038786,27098.0,3.585185185185185
1019.1989808,3.573316811235027,3.038604360236249,26631.0,3.611940298507463
1019.3989806,,6.76443260464258,26066.0,3.5714285714285716
1019.5989804,2.7946229104075186,1.8144797453266597,25962.0,3.6136363636363638
1019.7989802,2.7915427688743,1.3789368961267137,25895.0,3.5984848484848486
1019.99898,,7.860212328447175,26383.0,3.6390977443609023
1020.1989798,16.94071955790857,80.90165460192485,25877.0,3.4714285714285715
1020.3989796,,14.059466168127333,24694.0,3.4285714285714284
1020.5989794,,11.979463291046136,23537.0,3.0294117647058822
1020.7989792,,26.561055724415233,22894.0,3.6466165413533833
1020.998979,2.97140350877193,1.8310854343489331,22800.0,3.661654135338346
1021.1989788,2.60807903402854,1.7243734320977022,22775.0,3.661654135338346
1021.3989786,2.708393600701293,1.6409680314844848,22815.0,3.654135338345865
1021.5989784,2.631759129213483,0.9581451954342382,22784.0,3.6466165413533833
1021.7989782,,190.8996941167686,30770.0,2.6931818181818183
1021.998978,,71.52656705636628,29061.0,3.067484662576687
1022.1989778,,46.50230635898573,29087.0,3.2451612903225806
1022.3989776,3.1902563395810364,2.033674702969492,29024.0,3.2451612903225806
1022.5989774,,6.56526482962448,28247.0,3.287581699346405
1022.7989772,2.97697020916966,2.7639709759673083,28398.0,3.287581699346405
1022.998977,,10.669971830556,28619.0,3.2451612903225806
1023.1989768,2.927500690798563,2.822471014896968,28952.0,3.2662337662337664
1023.3989766,3.744208494208494,2.7608913631936645,29008.0,3.2451612903225806
1023.5989764,4.976998092007632,8.310768673170918,28302.0,3.2662337662337664
1023.7989762,,8.483480038214463,27876.0,3.2662337662337664
1023.998976,,6.571632675395923,28193.0,3.2451612903225806
1024.1989758,2.6232089156200247,5.08897302539019,28265.0,3.281045751633987
1024.3989755999999,2.7856014602127135,2.8839743646719396,28489.0,3.2662337662337664
1024.5989754,,9.447313630126802,27880.0,3.2662337662337664
1024.7989751999999,,12.39406311425568,28491.0,3.2662337662337664
1024.998975,2.3797948573837293,0.939265224926081,28468.0,3.25974025974026
1025.1989747999999,2.5344268016053046,1.2839224687734803,28655.0,3.25974025974026
1025.3989746,2.6657651097472175,2.3704081428176362,28839.0,3.2662337662337664
1025.5989743999999,16.74024522533776,65.46593232643114,30421.0,3.1974522292993632
1025.7989742,4.4084159230845215,4.346399367957647,30371.0,3.238709677419355
1025.9989739999999,,25.842270513942893,28914.0,2.79375
1026.1989738,,48.064492091723295,32268.0,3.1257861635220126
1026.3989735999999,4.648364522972673,14.394987015430202,31581.0,3.225806451612903
1026.5989734,2.7857831790123457,3.877257534883637,31104.0,3.261437908496732
1026.7989731999999,,9.27043692836144,30468.0,3.289473684210526
1026.998973,,11.609249796443674,31062.0,3.261437908496732
1027.1989727999999,2.7950785170794883,1.7811789452227527,30885.0,3.261437908496732
1027.3989726,2.4185400516795865,1.2173934788901564,30960.0,3.261437908496732
1027.5989723999999,3.5772441579371477,1.685884990483989,31025.0,3.24025974025974
1027.7989722,,7.375366588363566,30298.0,3.2828947368421053
1027.9989719999999,,9.997777188185305,30989.0,3.2549019607843137
1028.1989718,2.6176308539944904,2.2732155797288494,30855.0,3.261437908496732
1028.3989715999999,2.6381527921406414,2.5631689398582873,30944.0,3.261437908496732
1028.5989714,,12.5994323923015,28674.0,3.1125827814569536
1028.7989711999999,,15.223958387007288,30743.0,3.261437908496732
1028.998971,2.956736070571447,0.8841260255839126,30834.0,3.261437908496732
1029.1989707999999,4.353463587921847,6.950977528255407,30965.0,3.2828947368421053
1029.3989706,2.8498789346246975,5.670600936960911,30975.0,3.3006535947712417
1029.5989703999999,13.774059958587163,29.471179563306368,33323.0,2.926829268292683
1029.7989702,4.759546142208775,12.80289634634231,33050.0,2.987577639751553
1029.9989699999999,2.480129740216436,3.3773470153754457,32989.0,2.99375
1030.1989698,,61.30210133281041,30721.0,2.2229299363057327
1030.3989695999999,,73.10917456310732,33339.0,2.897590361445783
1030.5989694,7.457477917458021,49.04710658021735,33171.0,3.1032258064516127
1030.7989691999999,,21.357599144306132,31935.0,3.0718954248366015
1030.998969,,16.300278596546388,32899.0,3.1032258064516127
1031.1989687999999,,4.903889194953945,32435.0,3.0779220779220777
1031.3989686,,27.02900143110054,33794.0,2.891566265060241
1031.5989683999999,5.773982850894861,18.890542360268842,34754.0,2.926829268292683
1031.7989682,2.818964018772814,5.040519075779339,34518.0,2.9691358024691357
1031.9989679999999,,84.9209910727055,31967.0,1.6375
1032.1989678,,99.98665752735296,35006.0,2.897590361445783
1032.3989675999999,4.6345621577056715,19.15837097558079,33962.0,2.99375
1032.5989674,,4.088862204773507,33234.0,3.0125786163522013
1032.7989671999999,,12.590710763092945,33554.0,3.0
1032.998967,2.5122568730825368,3.521968889196587,33573.0,2.99375
1033.1989667999999,,50.80574510560795,34241.0,2.8461538461538463
1033.3989666,,4.020317504581051,33323.0,2.914110429447853
1033.5989663999999,,84.39103863657421,35915.0,1.630057803468208
1033.7989662,2.6075028439905816,80.05008958896086,37799.0,2.7906976744186047
1033.9989659999999,9.577478960848884,173.79686684541568,32796.0,1.5549132947976878
1034.1989658,3.2933333333333334,98.54513541688621,34275.0,2.8402366863905324
1034.3989655999999,2.332024090075936,1.656005937964619,34371.0,2.8402366863905324
1034.5989654,,83.29210015419584,31697.0,1.4850299401197604
1034.7989651999999,3.743087993940159,4.860474201756202,31684.0,1.4911242603550297
1034.998965,,96.06022501920013,34073.0,2.869047619047619
1035.1989647999999,4.009272259272259,11.707973196687753,34188.0,2.874251497005988
1035.3989646,,101.27733520320268,35432.0,2.7111111111111112
1035.5989643999999,,104.99441166608229,34609.0,2.9226190476190474
1035.7989642,10.822021498114694,37.27768165992354,35538.0,3.2193548387096773
1035.998964,,54.497695004414005,28768.0,2.3624161073825505
1036.1989638,,138.98354335673753,28791.0,3.482269503546099
1036.3989636,,118.97325820217853,25083.0,3.529850746268657
1036.5989634,13.222696549270722,301.6209794181801,30921.0,2.5297297297297296
1036.7989632,,16.64208925447531,30459.0,2.398907103825137
1036.998963,,227.39262424036266,24684.0,2.5988023952095807
1037.1989628,,210.7330097073397,31584.0,2.2072538860103625
1037.3989626,,35.04557027838078,32498.0,2.1472081218274113
1037.5989624,,211.46368918143753,20806.0,1.0833333333333333
1037.7989622,3.750344827586207,374.8264018183159,37700.0,1.75
1037.998962,4.1963509576348095,379.1341897655342,20937.0,1.0833333333333333
1038.1989618,,202.28821292558348,30922.0,1.8072916666666667
1038.3989616,3.5547699726313047,3.953947353666011,30692.0,1.8702702702702703
1038.5989614,3.2183109962861294,2.1431648175884863,30965.0,1.7783505154639174
1038.7989612,,44.5516016800622,30348.0,1.8128342245989304
1038.998961,,16.429293910818405,30583.0,1.7591623036649215
1039.1989608,,68.17172378731962,33702.0,1.6390243902439023
1039.3989606,,377.87534772007876,22776.0,2.1257861635220126
1039.5989604,25.446708963952787,116.0480954980646,28213.0,1.053921568627451
1039.7989602,,80.40321646730321,27322.0,0.7317073170731707
1039.99896,,88.85926307531429,26975.0,0.8078817733990148
1040.1989598,,14.527529507745179,27502.0,0.8634146341463415
1040.3989596,,3.3794545978481225,27158.0,0.8472906403940886
1040.5989594,,5.989096305982918,27319.0,0.8431372549019608
1040.7989592,,28.652068112438766,27575.0,0.9951219512195122
1040.998959,,17.03844757955873,27197.0,0.8872549019607843
1041.1989588,,24.868315744269683,26039.0,0.8226600985221675
1041.3989586,,175.1634101970853,26400.0,0.8341463414634146
1041.5989584,,178.90102125802017,30671.0,1.1490384615384615
1041.7989582,,144.63107353908913,37686.0,1.3495145631067962
1041.998958,,206.1685213172738,33150.0,3.0324675324675323
1042.1989578,5.170885689886544,27.370502130526624,32788.0,3.2244897959183674
1042.3989576,,21.960508500557076,31256.0,3.263888888888889
1042.5989574,,31.80164976321115,31184.0,3.335714285714286
1042.7989572,2.4165278133811845,2.52171752746948,31208.0,3.342857142857143
1042.998957,2.391346370694932,2.773529112436534,31039.0,3.342857142857143
1043.1989568,2.4113249919794675,5.209025021476452,31170.0,3.342857142857143
1043.3989566,2.4146960544917104,0.621455681028228,31124.0,3.342857142857143
1043.5989564,5.380828201583511,18.180064033995468,31828.0,3.2482758620689656
1043.7989562,4.101998030558114,11.04299675378736,31481.0,3.25
1043.998956,2.843148520540075,3.6419551667905057,31329.0,3.2569444444444446
1044.1989558,4.118652685096918,8.165731161160105,31470.0,3.323943661971831
1044.3989556,2.539273488018258,1.6888670757534914,31548.0,3.295774647887324
1044.5989554,2.3880280799392866,4.2628792367374935,31624.0,3.3028169014084505
1044.7989552,3.864264793877744,6.457086644654443,31753.0,3.300699300699301
1044.998955,,158.52482990586995,27983.0,2.377483443708609
1045.1989548,,293.56949180728105,27679.0,3.437037037037037
1045.3989546,,59.218522436428906,23872.0,3.0661764705882355
1045.5989544,12.897054485693818,28.723231508650308,23731.0,2.964028776978417
1045.7989542,,32.00325698943,21985.0,2.2532467532467533
1045.998954,,12.141566269565297,20755.0,2.5925925925925926
1046.1989538,,9.410198795106643,20999.0,2.593984962406015
1046.3989536,,9.616564278946312,21218.0,2.5255474452554743
1046.5989534,,4.859414913530647,20657.0,2.703125
1046.7989532,2.8446578398564433,0.7707863593485009,20619.0,2.562962962962963
1046.998953,,7.181182544241548,21089.0,2.621212121212121
1047.1989528,2.6359207069500834,1.3453351025116584,20935.0,2.5144927536231885
1047.3989526,,4.48540663337424,20618.0,2.5328467153284673
1047.5989524,,30.031875788627147,25869.0,3.0
1047.7989522,,164.6415095062175,24302.0,1.8156028368794326
1047.998952,21.60569161779924,71.27235219294694,28990.0,1.490909090909091
1048.1989518,12.536299126637555,119.44100295373356,25648.0,2.746376811594203
1048.3989516,9.969567454192884,51.760684730192054,25269.0,1.9264705882352942
1048.5989514,9.911547819577017,21.01041257777996,26715.0,1.9280575539568345
1048.7989512,,67.11296598366252,30950.0,3.370629370629371
1048.998951,12.122014521860034,74.68745455778067,32365.0,3.4571428571428573
1049.1989508,,41.77821508088185,34218.0,3.0580645161290323
1049.3989506,9.841782202406401,104.90118240545824,32746.0,3.298611111111111
1049.5989504,8.25899326299733,74.19409161212421,31468.0,3.407142857142857
1049.7989502,,51.742000109503984,32800.0,3.4326241134751774
1049.99895,,113.2807101488574,31833.0,3.544776119402985
1050.1989498,,43.799581031257425,33726.0,3.5588235294117645
1050.3989496,6.347527428844013,27.855504666599284,31445.0,3.4184397163120566
1050.5989494,3.5808848592269413,10.711726909383206,29338.0,3.4676258992805757
1050.7989492,12.684218480790738,32.29908522702797,33083.0,3.2653061224489797
1050.998949,8.239708089338787,43.917859926054476,33983.0,3.464788732394366
1051.1989488,6.787471198156682,21.8218019744168,34720.0,3.375
1051.3989486,5.745136510259053,112.06275071722257,30071.0,1.935251798561151
1051.5989484,,1266.088151107205,17119.0,3.8472222222222223
1051.7989482,,1260.4858153100126,30680.0,1.9014084507042253
1051.998948,2.41200510020597,3.7173150757119755,30587.0,1.8943661971830985
1052.1989478,,41.88331297541981,28683.0,1.539877300613497
1052.3989476,31.805973451327432,135.04018183963834,31640.0,1.0377358490566038
1052.5989474,10.31226727347952,66.16796312418278,29004.0,1.0235849056603774
1052.7989472,,95.98705003759906,26916.0,1.4878048780487805
1052.998947,8.02340247147596,23.730522408690156,27433.0,1.4292682926829268
1053.1989468,5.834523766360901,24.633363399104443,27581.0,1.424390243902439
1053.3989466,20.111099454469155,59.95518731752351,28596.0,1.0390243902439025
1053.5989464,,21.586478910400857,29356.0,0.95260663507109
1053.7989462,,41.87018057717116,28843.0,0.7924528301886793
1053.998946,,23.40977894886888,29816.0,1.2112676056338028
1054.1989458,12.575153145076946,118.41699230154877,26772.0,1.4408602150537635
1054.3989456,10.350456536263083,54.749027526220715,26942.0,1.5027932960893855
1054.5989454,,52.02769962621673,23304.0,1.631578947368421
1054.7989452,,12.444898530622025,22193.0,1.2781456953642385
1054.998945,2.5801766527044254,2.367706994617171,21964.0,1.3266666666666667
1055.1989448,,110.58445430203642,25370.0,3.1710526315789473
1055.3989446,,111.4160073742164,21950.0,1.3066666666666666
1055.5989444,,112.9287404988373,24964.0,3.1710526315789473
1055.7989442,2.9595951577693986,2.00604642909214,25195.0,3.1776315789473686
1055.998944,3.774112767539226,4.604603636880891,25557.0,3.2066666666666666
1056.1989438,,113.55665683377723,22375.0,1.308724832214765
1056.3989436,,11.135525379609263,23029.0,1.7466666666666666
1056.5989434,,115.11297614514724,25168.0,3.1710526315789473
1056.7989432,2.314689759275443,4.054067774918005,25174.0,3.198675496688742
1056.998943,3.3941491650044977,6.861120764198397,25569.0,3.150326797385621
1057.1989428,2.5344656533989443,1.5528159248989934,25199.0,3.1776315789473686
1057.3989426,2.4276654301782936,5.738942620307449,25071.0,3.19205298013245
1057.5989424,3.074991156703219,3.08506429066637,25443.0,3.185430463576159
1057.7989422,3.5820549480273582,6.3489871265127995,25879.0,3.150326797385621
1057.998942,2.6135758998435055,2.269005529019434,25560.0,3.1776315789473686
1058.1989418,2.7119550152457133,6.058010196904395,25253.0,3.164473684210526
1058.3989416,,117.71339803017183,21801.0,1.2635135135135136
1058.5989414,,3.078471687143309,22695.0,1.3245033112582782
1058.7989412,,3.0031439640042588,22003.0,1.25503355704698
1058.998941,,107.73521248985446,25786.0,3.142857142857143
1059.1989408,,104.68840746032065,22115.0,1.2483221476510067
1059.3989406,,3.4839531490095617,23177.0,1.25
1059.5989404,,100.50146695825087,26540.0,3.1161290322580646
1059.7989401999998,2.6955558949297496,8.81992689316079,26192.0,3.1437908496732025
1059.99894,3.0019964591102575,5.177554100388837,26547.0,3.1161290322580646
1060.1989397999998,,110.88217795722511,23720.0,1.3529411764705883
1060.3989396,,6.274224769764942,23261.0,1.2763157894736843
1060.5989393999998,,6.148611274899964,23718.0,1.7058823529411764
1060.7989392,,7.621654393549408,23142.0,1.2763157894736843
1060.9989389999998,,107.93831253535808,26132.0,3.1233766233766236
1061.1989388,2.614871269859326,2.863638527325271,26373.0,3.1298701298701297
1061.3989385999998,2.477986217457887,3.283621445442529,26120.0,3.1298701298701297
1061.5989384,,105.7149223080837,25108.0,1.6797385620915033
1061.7989381999998,,13.778654631912811,24455.0,1.6948051948051948
1061.998938,2.556498804912223,4.382574077725401,24266.0,1.735483870967742
1062.1989377999998,2.2937908900135784,2.2413971051555124,24303.0,1.7662337662337662
1062.3989376,2.414275018717245,1.729093494991261,24042.0,1.729032258064516
1062.5989373999998,3.564195092304186,120.46172851512173,26326.0,3.1225806451612903
1062.7989372,2.922366992399566,7.164635278541291,25788.0,3.1842105263157894
1062.9989369999998,2.460302604897832,2.6782693162275453,25644.0,3.19205298013245
1063.1989368,2.399193548387097,2.0402525484580747,25544.0,3.19205298013245
1063.3989365999998,2.3088298918387413,0.9744650959417187,25425.0,3.205298013245033
1063.5989364,2.539499644858338,4.3888556897335915,25342.0,3.164473684210526
1063.7989361999998,2.6892770423748726,5.387666147224247,25534.0,3.19205298013245
1063.998936,,110.05273772984151,22839.0,1.7466666666666666
1064.1989357999998,,6.881076275997733,22387.0,1.3221476510067114
1064.3989356,,112.36890771618523,25461.0,3.1710526315789473
1064.5989353999998,2.4252796065677797,2.3147610954051676,25214.0,3.185430463576159
1064.7989352,,109.14729176005298,21855.0,1.3197278911564625
1064.9989349999998,,94.81615322403984,26467.0,3.116883116883117
1065.1989348,,115.75480171626376,23083.0,1.748299319727891
1065.3989345999998,,109.19442280606901,26554.0,3.292517006802721
1065.5989344,,129.12723512350846,23189.0,1.7692307692307692
1065.7989341999998,,106.12515195796941,26557.0,3.3241379310344827
1065.998934,5.5589785164167,16.359703027277355,27137.0,3.19205298013245
1066.1989337999998,3.5494045580793667,11.829359640603197,26283.0,3.331034482758621
1066.3989336,2.45081810900492,8.353011718374079,26219.0,3.3379310344827586
1066.5989333999999,2.4330509449150917,2.2597394614662725,26087.0,3.3379310344827586
1066.7989332,10.481590417803607,32.62343974777249,28219.0,3.0569620253164556
1066.9989329999999,20.684335711858647,114.68016131875589,32373.0,3.2751677852348995
1067.1989328,14.365915233597672,67.02602104120018,33669.0,3.2564102564102564
1067.3989325999999,12.3384566235979,50.66120821457168,28172.0,3.3333333333333335
1067.5989324,11.367210654661415,25.844410390993023,26655.0,3.391891891891892
1067.7989321999999,8.294678733711367,43.36644857517973,26629.0,3.4615384615384617
1067.998932,3.59072441548486,7.537656063610116,26090.0,3.5106382978723403
1068.1989317999999,3.8311929444530404,7.841783299296927,25852.0,3.5285714285714285
1068.3989316,12.726289869570236,48.26854291269885,25991.0,3.302013422818792
1068.5989313999999,25.716078382889286,43.79069310130427,32354.0,3.142857142857143
1068.7989312,13.201500570869353,98.0117054365455,30655.0,1.7791411042944785
1068.9989309999999,4.936938313871737,116.31406388420947,32714.0,3.1835443037974684
1069.1989308,,122.63435815308874,30167.0,1.8064516129032258
1069.3989305999999,,152.15767367298687,31952.0,3.3758389261744965
1069.5989304,,98.15492249853476,29318.0,1.904109589041096
1069.7989301999999,10.50849068559118,44.20324352491447,31564.0,1.8064516129032258
1069.99893,,81.30813437106806,31796.0,1.8269230769230769
1070.1989297999999,11.749813550570822,181.4621326539184,34862.0,3.306122448979592
1070.3989296,6.229870361560419,60.32665278423811,33632.0,3.4855072463768115
1070.5989293999999,,162.74613047703852,34388.0,3.0126582278481013
1070.7989292,,78.56032448497699,32694.0,2.587096774193548
1070.9989289999999,7.248797159637655,23.453254672956767,30137.0,2.6711409395973154
1071.1989288,,28.359158121209042,28113.0,2.7260273972602738
1071.3989285999999,,37.53807958954169,28614.0,2.732876712328767
1071.5989284,3.2987684729064037,4.974064934808896,28420.0,2.7655172413793103
1071.7989281999999,,8.467149100296348,28301.0,2.763888888888889
1071.998928,,10.584156438439335,28479.0,2.7260273972602738
1072.1989277999999,2.562828693639997,2.0160403297691247,28522.0,2.7465753424657535
1072.3989276,2.3544858535217195,1.2107161766135845,28523.0,2.7142857142857144
1072.5989273999999,,5.685733734699946,28105.0,2.7260273972602738
1072.7989272,,7.866382544210014,28531.0,2.73972602739726
1072.9989269999999,,6.087521428529151,28144.0,2.7260273972602738
1073.1989268,,13.55962470501296,30093.0,3.2266666666666666
1073.3989265999999,6.705196629213483,24.960432682464077,28480.0,3.4397163120567376
1073.5989264,,93.96735139222316,25541.0,3.125
1073.7989261999999,,31.805846601781976,24850.0,3.1481481481481484
1073.998926,,61.010730734437416,26183.0,2.197080291970803
1074.1989257999999,,55.55662861108822,30273.0,2.5939393939393938
1074.3989256,21.263498920086395,110.4686247240028,31484.0,1.395121951219512
1074.5989253999999,5.504273223325225,22.034269711306102,30422.0,1.36318407960199
1074.7989252,,45.98810021086773,28574.0,1.4863387978142077
1074.9989249999999,10.653047839506172,85.86123289296982,25920.0,2.847682119205298
1075.1989248,,41.33785411539267,23913.0,3.145985401459854
1075.3989245999999,,15.123129210438954,23054.0,3.208955223880597
1075.5989244,,9.968868236751298,23023.0,3.216417910447761
1075.7989241999999,2.815628125407662,4.668616336619409,22997.0,3.2330827067669174
1075.998924,,14.371541199053812,22433.0,3.2900763358778624
1076.1989237999999,,22.91977922150891,23342.0,3.265151515151515
1076.3989236,2.707099952465321,2.9672762822278793,23141.0,3.265151515151515
1076.5989233999999,,7.022315491928544,23431.0,3.265151515151515
1076.7989232,2.6161876584953507,7.063028272244027,23660.0,3.265151515151515
1076.9989229999999,2.7011318446007953,18.222940204967557,22883.0,3.265151515151515
1077.1989228,,11.98285354132036,22478.0,3.265151515151515
1077.3989225999999,3.0530581513796005,6.239538296353956,22579.0,3.265151515151515
1077.5989224,,35.47700955573035,21759.0,2.3282442748091605
1077.7989221999999,,49.511270357736336,23663.0,3.161764705882353
1077.998922,3.9271919330029057,11.571648493827611,23404.0,3.185185185185185
1078.1989217999999,,12.001845628788258,22703.0,3.2330827067669174
1078.3989216,,7.765870412771839,22907.0,3.216417910447761
1078.5989213999999,,19.021876725952215,23128.0,3.2330827067669174
1078.7989212,,42.14106848562034,24064.0,3.1940298507462686
1078.9989209999999,,74.75918751927044,24581.0,2.5705521472392636
1079.1989208,,40.78962783615518,23512.0,2.9770992366412212
1079.3989205999999,,22.52831342258158,22819.0,2.789855072463768
1079.5989204,,9.351501483712214,21742.0,2.4930555555555554
1079.7989201999999,,79.59931060078705,27168.0,3.4820143884892087
1079.99892,13.913596616972477,55.15095164667135,27904.0,3.585185185185185
1080.1989197999999,,34.03801424263482,22810.0,3.047244094488189
1080.3989196,6.031767894432843,16.128988861197485,22507.0,2.9692307692307693
1080.5989193999999,,45.166009587339346,20586.0,2.112
1080.7989192,,40.84406724326723,22565.0,2.81203007518797
1080.998919,5.0535082338508,11.599385136632433,21193.0,2.9069767441860463
1081.1989188,11.548392865125845,81.11916124402462,22369.0,2.888059701492537
1081.3989186,4.559936979518343,5.679441945886601,22215.0,2.5460526315789473
1081.5989184,13.229374971465097,55.3646101399127,21903.0,3.007751937984496
1081.7989182,5.4694509262345825,8.599758290249948,20999.0,3.047244094488189
1081.998918,3.1502932195996705,6.6723004786769655,20633.0,3.047244094488189
1082.1989178,,13.868803601090471,19808.0,3.120967741935484
1082.3989176,,17.061252468049126,20316.0,3.0714285714285716
1082.5989174,,7.486975027199707,20111.0,3.096
1082.7989172,,4.550195072277922,19567.0,3.096
1082.998917,,31.589882572408733,22297.0,2.9323308270676693
1083.1989168,6.849170153744887,11.502727019872593,21269.0,3.0232558139534884
1083.3989166,5.12626101246177,13.080143718071708,21907.0,2.962121212121212
1083.5989164,,38.41084069955506,20211.0,3.078740157480315
1083.7989162,,18.339168264785215,20729.0,3.0310077519379846
1083.998916,,235.118621672507,26586.0,2.1366120218579234
1084.1989158,,25.813697314861784,27821.0,2.1135135135135137
1084.3989156,,272.72049385003993,23126.0,2.8129496402877696
1084.5989154,,17.51756382892068,22318.0,2.8962962962962964
1084.7989152,,24.919589044424743,22109.0,2.854014598540146
1084.998915,,23.69371304162082,21202.0,2.9398496240601504
1085.1989148,,26.326244050634703,22759.0,2.7928571428571427
1085.3989146,,27.64561015313653,22089.0,2.8962962962962964
1085.5989144,6.000122769684073,21.887371786310535,24436.0,2.875
1085.7989142,9.542522252577774,33.55977537551116,22694.0,2.854014598540146
1085.998914,11.559379161118509,39.15880147786833,24032.0,2.7152777777777777
1086.1989138,5.715425885691483,12.147187990284317,22553.0,2.9323308270676693
1086.3989136,18.238225023422196,73.40922626074772,23482.0,2.924812030075188
1086.5989134,15.20381934652109,36.85572830980724,24821.0,1.9705882352941178
1086.7989132,,109.43782747222053,32488.0,3.4014084507042255
1086.998913,,91.6001827805916,34413.0,3.3884892086330933
1087.1989128,,92.37140295853072,33466.0,3.3402777777777777
1087.3989126,,20.429466131980764,32954.0,3.268965517241379
1087.5989124,,14.09376652836796,33301.0,3.3241379310344827
1087.7989122,19.265907873594003,120.94792145293815,37340.0,3.164473684210526
1087.998912,,1097.6056188095697,12951.0,4.535714285714286
1088.1989118,,1199.4087494207158,37934.0,3.0314465408805034
1088.3989116,6.671025162070102,10.094539622979388,36404.0,2.9212121212121214
1088.5989114,4.219638242894057,125.87697807232472,26703.0,1.6405228758169934
1088.7989112,,13.06577894942188,27449.0,2.0723684210526314
1088.998911,,89.28693396118966,28709.0,3.1794871794871793
1089.1989108,17.982535249183968,24.124427930827082,29717.0,3.320261437908497
1089.3989106,,3.9647877525258446,29579.0,3.1490683229813663
1089.5989104,,24.41712184988345,31820.0,3.9424460431654675
1089.7989102,8.889783087079534,29.56816501016339,31810.0,3.425675675675676
1089.99891,7.660750491281699,7.43186944360854,32059.0,3.4161073825503356
1090.1989098,4.255115189992771,1.7538434565655039,31817.0,3.4161073825503356
1090.3989096,4.674908540431437,4.002356434505024,31708.0,3.445945945945946
1090.5989094,5.0174307620090755,10.1896906464115,31955.0,3.4693877551020407
1090.7989092,3.364890024929786,7.861969376848159,31689.0,3.4295302013422817
1090.998909,4.500814638425868,4.27097322535379,31916.0,3.445945945945946
1091.1989088,9.480253411920446,2.9158161980269917,31727.0,3.422818791946309
1091.3989086,3.642556045219391,13.384947072753672,31314.0,3.4295302013422817
1091.5989084,4.6459970131809625,12.911711698572121,30802.0,3.422818791946309
1091.7989082,,136.7652402634549,27075.0,2.006802721088435
1091.998908,,124.3721459300108,30036.0,3.422818791946309
1092.1989078,4.012372419677726,4.648324216231433,30471.0,3.4
1092.3989076,3.2374533795720737,3.7294265860748315,30566.0,3.445945945945946
1092.5989074,8.03011955619756,42.78992064842779,32537.0,3.4625850340136055
1092.7989072,12.793653710680266,21.153801546222216,32649.0,3.45578231292517
1092.998907,4.053732264034546,6.972257807483773,32420.0,3.5664335664335662
1093.1989068,3.5002300684070065,6.115279370724293,32599.0,3.5594405594405596
1093.3989066,12.972942433959384,18.66664875709154,32745.0,3.4
1093.5989064,7.493433875451321,52.658760673401474,31297.0,3.388888888888889
1093.7989062,,4.830038805822266,31139.0,3.4577464788732395
1093.998906,3.627214559017395,3.6340694295665106,31101.0,3.3943661971830985
1094.1989058,,6.158297860251343,31155.0,3.4326241134751774
1094.3989056,8.52577083877711,51.929721408175595,30616.0,3.2534246575342465
1094.5989054,5.31119663180054,5.563119248651658,30402.0,3.4571428571428573
1094.7989052,6.040300702729204,8.483973160459369,30595.0,3.4571428571428573
1094.998905,,11.42232325672173,30515.0,3.4100719424460433
1095.1989048,,10.605981939734109,30836.0,3.4820143884892087
1095.3989046,2.802008747772558,2.8786454966028208,30865.0,3.4676258992805757
1095.5989044,2.366886079249218,1.138129774706318,30688.0,3.4676258992805757
1095.7989042,2.4123049864834054,1.4465908407136465,30703.0,3.4820143884892087
1095.998904,2.378698610071287,0.9021055310952499,30721.0,3.4820143884892087
1096.1989038,11.201497365745448,32.04460925188378,32457.0,3.228187919463087
1096.3989036,5.844279593272367,28.13379372114097,31274.0,3.361111111111111
1096.5989034,,5.268850992866304,30094.0,3.375886524822695
1096.7989032,,53.11693599810272,30850.0,3.4927536231884058
1096.998903,2.7821762996448176,6.406531944940595,30970.0,3.442857142857143
1097.1989028,6.331832210115261,14.66299880696945,31754.0,3.370629370629371
1097.3989026,4.135797677953494,15.588595441271712,30921.0,3.4676258992805757
1097.5989024,3.392905383675307,9.523901950840385,31094.0,3.442857142857143
1097.7989022,3.14123741569739,15.938065956304394,30693.0,3.4184397163120566
1097.998902,2.767869500741473,5.552591091776724,30345.0,3.4113475177304964
1098.1989018,4.806628357610584,35.32128254006963,29932.0,3.3241379310344827
1098.3989016,8.102842601787488,16.717532966400753,32224.0,3.19205298013245
1098.5989014,4.397368257712122,24.507736742913053,32222.0,3.1161290322580646
1098.7989012,4.5514894396288605,8.796239766602708,32764.0,3.0632911392405062
1098.998901,3.8389047275917165,12.852156014214104,31919.0,3.1633986928104574
1099.1989008,2.3520759342489863,1.1947179869054527,31817.0,3.150326797385621
1099.3989006,2.2568376607007816,0.5505045166847997,31736.0,3.150326797385621
1099.5989004,,95.98908563256214,29130.0,1.7350993377483444
1099.7989002,,18.308711059209468,29990.0,1.732484076433121
1099.9989,4.08515276842679,119.82378718898198,31191.0,3.1842105263157894
1100.1988998,5.089665164198326,15.87949568543614,31060.0,3.27027027027027
1100.3988996,4.23013599394119,9.914543313676614,30369.0,3.25
1100.5988994,3.5161034585274007,3.2031478224162306,30273.0,3.27027027027027
1100.7988992,3.673044328552803,3.672338504025407,30680.0,3.292517006802721
1100.998899,2.540646711252516,1.3594491218459632,30802.0,3.292517006802721
1101.1988988,2.4801487619482594,2.9161816469060016,30653.0,3.292517006802721
1101.3988986,3.8966252456941066,10.44073574826344,30017.0,3.2567567567567566
1101.5988984,5.12346525600836,13.130103369310882,30624.0,3.292517006802721
1101.7988982,,108.05999649549653,28060.0,1.8231292517006803
1101.998898,,127.14459357790466,31253.0,3.3241379310344827
1102.1988978,8.763289777094542,42.72288807831668,32525.0,3.3013698630136985
1102.3988976,,60.61627437114063,29507.0,3.4
1102.5988974,13.162537443834248,75.64065349449324,32048.0,3.4347826086956523
1102.7988972,,29.777711980100793,32868.0,3.5182481751824817
1102.998897,7.5846630150035725,23.078515543857552,29393.0,3.6390977443609023
1103.1988968,3.7997901731071866,10.751831589463011,28595.0,3.723076923076923
1103.3988966,6.98966301426504,13.992502472693953,29022.0,3.2706766917293235
1103.5988964,6.251400329489291,14.667205754858417,27315.0,3.34375
1103.7988962,,8.829501491078988,27595.0,3.3076923076923075
1103.9988959999998,,8.107989276043627,27910.0,3.364341085271318
1104.1988958,4.768072622606001,14.627547286085067,27099.0,3.317829457364341
1104.3988955999998,2.8635589454976302,4.083865825470876,27008.0,3.34375
1104.5988954,2.4855251057568513,8.299881839330755,27185.0,3.78125
1104.7988951999998,2.398540845278013,0.7680566931804468,27139.0,3.78125
1104.998895,2.4487264428739692,1.7000741559416745,27168.0,3.78125
1105.1988947999998,,22.677906805654104,27075.0,3.2615384615384615
1105.3988946,,14.684354998163375,28148.0,3.6946564885496183
1105.5988943999998,,7.772502894758131,27333.0,3.705426356589147
1105.7988942,,11.437750821427471,28547.0,3.171641791044776
1105.9988939999998,7.391980541018648,18.38411740057518,27134.0,3.78125
1106.1988938,4.1942156257938095,5.447735812322303,27557.0,3.723076923076923
1106.3988935999998,2.6196483596157334,1.8582780856643457,27585.0,3.723076923076923
1106.5988934,3.6666181553574675,1.2339530623461312,27485.0,3.751937984496124
1106.7988931999998,5.7390132896413615,4.225284554753366,27465.0,3.6946564885496183
1106.998893,,122.81439854746426,19671.0,2.2363636363636363
1107.1988927999998,,129.99881269291637,27104.0,3.723076923076923
1107.3988926,5.2513974539290995,4.243218676289229,27729.0,3.6946564885496183
1107.5988923999998,,3.5134146960333403,27076.0,3.6769230769230767
1107.7988922,,21.55651642337448,28500.0,3.6793893129770994
1107.9988919999998,8.162008316858682,6.376289781466925,29338.0,3.6946564885496183
1108.1988918,4.93159873970932,2.4854162810231872,29517.0,3.6946564885496183
1108.3988915999998,,6.45852649085163,29104.0,3.6615384615384614
1108.5988914,,8.140706740542823,29796.0,3.723076923076923
1108.7988911999998,3.503591141850103,8.317671119884437,30074.0,3.723076923076923
1108.998891,3.008375489966163,6.601940575666946,29849.0,3.687022900763359
1109.1988907999998,2.366040641424793,1.2397757313834752,29871.0,3.6946564885496183
1109.3988906,,6.446673053025533,29241.0,3.6615384615384614
1109.5988903999998,,8.543838572771568,29976.0,3.723076923076923
1109.7988902,8.957131106049102,21.241826495962584,31608.0,3.5182481751824817
1109.9988899999998,,27.929989893063023,32421.0,3.5522388059701493
1110.1988898,8.681268882175226,24.713359671422015,32438.0,3.4420289855072466
1110.3988895999998,14.168063578989548,65.93167200184782,29947.0,2.736842105263158
1110.5988894,,46.52653182051524,23127.0,1.7050359712230216
1110.7988891999998,,38.54800505299352,23950.0,2.563380281690141
1110.998889,,7.112803274134647,21803.0,2.661764705882353
1111.1988887999998,,15.561283744278724,21356.0,2.736842105263158
1111.3988886,,11.327203565076704,22036.0,2.696296296296296
1111.5988883999999,,46.38340408999255,20736.0,1.8120300751879699
1111.7988882,,45.816624762008026,21871.0,2.696296296296296
1111.9988879999999,5.214402767662054,2.3185172400722593,21968.0,2.716417910447761
1112.1988878,3.1145344332528144,3.24036702871592,21941.0,2.716417910447761
1112.3988875999999,,16.873370050969108,21238.0,2.757575757575758
1112.5988874,2.4221088917221514,1.4090284621509273,21177.0,2.757575757575758
1112.7988871999999,,10.860164852984502,22855.0,2.656934306569343
1112.998887,,30.16203872580824,20806.0,2.708955223880597
1113.1988867999999,,74.10664153223239,22350.0,2.5214285714285714
1113.3988866,18.86655135135135,83.14378105100934,23125.0,2.6180555555555554
1113.5988863999999,,14.108933022161397,22285.0,1.5384615384615385
1113.7988862,,39.01545151598416,23004.0,2.891304347826087
1113.9988859999999,9.667618059159315,31.642235491016596,23124.0,1.9285714285714286
1114.1988858,7.403390120708844,11.408619000284096,23362.0,1.9124087591240877
1114.3988855999999,,68.70073241666263,27593.0,3.280821917808219
1114.5988854,,88.63842498461977,24106.0,1.9280575539568345
1114.7988851999999,,68.73638863593654,26725.0,2.887323943661972
1114.998885,,40.25084011644079,28510.0,3.3146853146853146
1115.1988847999999,,16.211825274834634,29635.0,3.3241379310344827
1115.3988846,3.3842570391176268,8.067503238848918,29194.0,3.3541666666666665
1115.5988843999999,2.684530348805273,1.566800166286502,29128.0,3.3472222222222223
1115.7988842,,5.705994284639318,28442.0,3.3380281690140845
1115.9988839999999,,7.691342624079903,28786.0,3.361111111111111
1116.1988838,4.134350656280013,9.061514687639166,28113.0,3.361111111111111
1116.3988835999999,5.745589133637572,10.833004871727923,27829.0,3.361111111111111
1116.5988834,3.650317306658062,9.150119833798689,27891.0,3.408450704225352
1116.7988831999999,4.03641426582414,3.7028344253647245,28011.0,3.3846153846153846
1116.998883,,83.88899006236574,30570.0,3.382978723404255
1117.1988827999999,,52.952548606274625,31046.0,3.1710526315789473
1117.3988826,7.166902648755051,23.032520755600423,28957.0,3.1842105263157894
1117.5988823999999,,24.938773808947523,26558.0,3.3055555555555554
1117.7988822,4.395985333876523,2.495374511472719,27001.0,3.2758620689655173
1117.9988819999999,2.99602042348701,4.98275384519142,26636.0,3.296551724137931
1118.1988818,2.5677863519443185,1.153967360925892,26436.0,3.298611111111111
1118.3988815999999,,44.08773469292064,29273.0,2.9693251533742333
1118.5988814,,34.558592161555,24295.0,2.4934210526315788
1118.7988811999999,8.54839150020476,30.135343574306162,21977.0,2.692857142857143
1118.998881,14.734683004794885,30.660137195151524,22524.0,2.6458333333333335
1119.1988807999999,,44.40204018474547,21692.0,1.5547445255474452
1119.3988806,,63.87767054786894,29312.0,3.292517006802721
1119.5988803999999,,7.847571798849684,27035.0,2.923076923076923
1119.7988802,,16.866868347336325,27929.0,3.3379310344827586
1119.9988799999999,2.9496161747215917,1.1120758706484817,27747.0,3.3379310344827586
1120.1988798,2.5432063263838964,2.5110920024983443,27820.0,3.3541666666666665
1120.3988795999999,2.4165317211846413,1.8913284818398663,27789.0,3.361111111111111
1120.5988794,2.9351739842026614,2.3281797572821157,28106.0,3.3241379310344827
1120.7988791999999,8.64862429828817,29.775769704940277,28858.0,3.1633986928104574
1120.998879,16.605166769310557,89.71360191020764,30851.0,3.156862745098039
1121.1988787999999,,35.299796028932,32338.0,2.8205128205128207
1121.3988786,,54.772628615225166,31870.0,3.3241379310344827
1121.5988783999999,4.086770892195642,10.270693750506213,31854.0,3.3402777777777777
1121.7988782,,48.295795733045615,31488.0,3.4539007092198584
1121.9988779999999,,54.69843120169122,34893.0,3.5815602836879434
1122.1988778,,122.25740271179411,32211.0,1.769736842105263
1122.3988775999999,14.027619535300518,45.53073910341551,31246.0,1.572289156626506
1122.5988774,19.17488690884167,43.0224804130174,36475.0,1.5568181818181819
1122.7988771999999,8.073913503225125,53.621568719515075,37828.0,2.6054054054054054
1122.998877,,109.70431756654759,35929.0,1.2791878172588833
1123.1988767999999,,104.82902016865808,32386.0,1.4725274725274726
1123.3988766,12.015388472748926,94.36485073836536,31907.0,2.880952380952381
1123.5988763999999,,92.52859731099957,28198.0,1.2071005917159763
1123.7988762,,27.57179390137375,29251.0,1.3516483516483517
1123.9988759999999,,11.087872623951673,29545.0,1.4754098360655739
1124.1988758,5.783713798977853,14.913012679507002,29350.0,1.4944444444444445
1124.3988755999999,,26.578687090970096,29757.0,1.3535911602209945
1124.5988754,4.5723756150902135,9.431540042335099,29264.0,1.3966480446927374
1124.7988751999999,,16.507851393762614,30615.0,1.4230769230769231
1124.998875,,28.85669668934536,29590.0,1.3461538461538463
1125.1988747999999,,101.04135848803807,31327.0,2.6777777777777776
1125.3988746,5.826116304971481,103.34031912585742,29629.0,1.441988950276243
1125.5988743999999,3.3246491640367957,2.3216803452790993,29786.0,1.4285714285714286
1125.7988742,5.775146533719599,9.58626495759262,29686.0,1.5
1125.998874,4.656188276254562,12.655676417991153,29871.0,1.4972067039106145
1126.1988738,12.446536735398425,43.22879444739558,31863.0,1.4031413612565444
1126.3988736,4.531745502998001,22.098964811153053,30020.0,1.459016393442623
1126.5988734,4.167342425359381,13.630579244253099,29843.0,1.4725274725274726
1126.7988732,8.625895582329317,18.052489857823357,31125.0,1.456043956043956
1126.998873,4.935531788472965,21.48036196688699,30294.0,1.4619565217391304
1127.1988728,5.788213750624272,18.076227543239796,30035.0,1.4806629834254144
1127.3988726,2.9915765355975608,6.641791342318956,29679.0,1.4833333333333334
1127.5988724,5.560194500335346,7.686648518284741,29820.0,1.5454545454545454
1127.7988722,7.815602836879433,28.116782254269292,30456.0,1.4385026737967914
1127.998872,7.016904861760816,22.808457474556246,30997.0,1.3989637305699483
1128.1988718,,20.124536094332385,30936.0,1.0717948717948718
1128.3988716,,6.7426665635138985,32371.0,1.3284313725490196
1128.5988714,6.415553333939228,24.24865386208117,33009.0,1.2112676056338028
1128.7988712,4.879019771319676,16.416051295122504,33584.0,1.2488262910798122
1128.998871,4.374079302725264,17.083681567099745,32584.0,1.3004926108374384
1129.1988708,,2.6284548326726473,31938.0,1.245
1129.3988706,,16.84683014460417,30490.0,1.0260416666666667
1129.5988704,,20.074466675085983,31728.0,1.0402010050251256
1129.7988702,,18.828884535760483,31668.0,1.365482233502538
1129.99887,5.75649886843232,20.351066705709066,32698.0,1.2682926829268293
1130.1988698,5.602457284308398,13.845280771869314,33126.0,1.2857142857142858
1130.3988696,,7.495098688483489,32568.0,1.1139896373056994
1130.5988694,,11.137904215533199,32843.0,1.358974358974359
1130.7988692,3.9197231441295775,69.02301392090096,35253.0,2.4444444444444446
1130.998869,3.4393861115332016,72.69167645843928,32905.0,1.3131313131313131
1131.1988688,,11.603011173271828,32715.0,1.2178217821782178
1131.3988686,,23.834556471040575,32279.0,1.3762886597938144
1131.5988684,8.041386618225856,23.6397127999795,33030.0,1.2692307692307692
1131.7988682,5.990875232774674,21.79023422788884,32220.0,1.3316326530612246
1131.998868,4.567088289758639,4.208151293091744,31861.0,1.3384615384615384
1132.1988678,4.682640647193232,0.3324572711540572,32386.0,1.3724489795918366
1132.3988676,,19.652525962581873,31075.0,1.0
1132.5988674,,33.71367602737202,31122.0,1.3678756476683938
1132.7988672,4.5206403511603135,5.95606721242769,30983.0,1.3958333333333333
1132.998867,,12.44017813893517,28800.0,1.0662983425414365
1133.1988668,,28.384414572815853,30429.0,1.446808510638298
1133.3988666,,63.3119708355586,33096.0,1.1603773584905661
1133.5988664,4.631666512616693,14.126847430130457,32457.0,1.1941747572815533
1133.7988662,,23.722817531454428,30849.0,1.1
1133.998866,,17.418196915720202,31884.0,1.390625
1134.1988658,,8.063000530100576,30204.0,1.0962566844919786
1134.3988656,,28.28138366539765,32206.0,1.273170731707317
1134.5988654,8.691288974606236,47.47737624448348,31110.0,1.289855072463768
1134.7988652,6.371846685352976,17.252094208127996,30682.0,1.3517587939698492
1134.998865,11.921184448154836,52.853168270566734,29347.0,1.4054054054054055
1135.1988648,11.751396460057878,104.20320665959676,29718.0,2.9212121212121214
1135.3988646,5.348891716332954,19.45940928781544,29866.0,2.932926829268293
1135.5988644,,104.48200967469349,27463.0,1.5212121212121212
1135.7988642,,104.68758084765422,30299.0,2.8982035928143715
1135.998864,5.775354265073632,113.43388699833133,28792.0,1.5755813953488371
1136.1988638,7.114695685670262,121.31525565380771,31152.0,2.8304093567251463
1136.3988636,,112.47506380739802,27953.0,1.5149700598802396
1136.5988634,,101.18145914217261,31089.0,2.869047619047619
1136.7988632,5.287890708819112,109.50105203651168,27962.0,1.587878787878788
1136.998863,3.408471362644439,5.4229871458857435,27953.0,1.6363636363636365
1137.1988628,,9.300028082776102,27624.0,1.539877300613497
1137.3988626,,118.72361367143517,29857.0,3.0
1137.5988624,2.671204329266243,3.1493951666437394,29751.0,2.9937888198757765
1137.7988622,2.5864840929218613,2.6086711020741378,29358.0,3.025
1137.998862,2.695597739654181,2.1927996047638914,29553.0,3.025
1138.1988618,2.557713310580205,1.5683009258923084,29300.0,3.0377358490566038
1138.3988616,13.016591881456746,119.36461462457619,28749.0,1.592814371257485
1138.5988614,,46.216464945502864,32202.0,1.670731707317073
1138.7988612,16.980254077349933,54.20456787422659,35501.0,1.6127167630057804
1138.998861,,71.21047490995231,36196.0,1.3181818181818181
1139.1988608,,52.11149869677729,35312.0,1.0478468899521531
1139.3988606,,46.423189098099314,34316.0,1.255
1139.5988604,,44.87738097549373,32677.0,1.4619565217391304
1139.7988602,8.02375296912114,31.964518927807685,31154.0,1.4361702127659575
1139.99886,,54.29169255484448,31620.0,1.1650943396226414
1140.1988598,,40.3030837778497,32692.0,1.1455399061032865
1140.3988596,20.163732584512367,163.0858135446824,37036.0,2.2629107981220655
1140.5988594,16.561955621555246,102.38127698929335,35017.0,2.6629834254143647
1140.7988592,9.116868696215416,49.7591368936511,32421.0,3.0440251572327046
1140.998859,16.182376237623764,71.48176077470369,35350.0,2.625
1141.1988588,9.988902621821337,33.57230574573449,38027.0,2.346341463414634
1141.3988586,17.162736927689416,69.15125201008904,39358.0,2.2629107981220655
1141.5988584,,8.601845096828873,38431.0,1.990566037735849
1141.7988582,,10.705392362080243,39200.0,2.2535211267605635
1141.998858,,5.329612193638895,38525.0,1.9952830188679245
1142.1988578,,135.72944968016367,31161.0,3.0440251572327046
1142.3988576,,3.0006919273869865,29763.0,3.031847133757962
1142.5988574,8.847906338993777,13.596268327280423,28443.0,3.090909090909091
1142.7988572,,13.196032430818908,28310.0,3.1225806451612903
1142.998857,3.5653216704288937,4.580903508579805,28352.0,3.142857142857143
1143.1988568,2.790611684332852,2.159800826078836,28397.0,3.1225806451612903
1143.3988566,2.8429128277817153,2.6845847005639936,28220.0,3.1225806451612903
1143.5988564,2.6264822134387353,1.9637147216055264,28336.0,3.1225806451612903
1143.7988562,2.5300274109145278,3.099873892670748,28091.0,3.1225806451612903
1143.998856,2.4632504075412855,1.7956444227136334,28218.0,3.1225806451612903
1144.1988558,2.6946741765293027,2.466904260778446,28052.0,3.142857142857143
1144.3988556,2.6104311939661304,1.847016641189873,28108.0,3.1225806451612903
1144.5988554,2.601876438307665,0.4505491947968455,28245.0,3.1225806451612903
1144.7988552,23.519785257570273,67.33134993424349,33156.0,2.950920245398773
1144.998855,7.409547205289176,54.44983455481697,32973.0,3.0443037974683542
1145.1988548,6.436323787258913,24.50605268750041,34220.0,3.0125
1145.3988546,,186.89621370221116,29361.0,3.051282051282051
1145.5988544,,105.4357108654365,23725.0,3.24822695035461
1145.7988542,,50.73871152425143,22723.0,2.291970802919708
1145.998854,,34.520729380749536,25043.0,3.4545454545454546
1146.1988538,11.60849280404871,28.584115683803848,25292.0,3.5390625
1146.3988536,7.058237814055807,17.992563783996363,25911.0,3.5
1146.5988534,,42.26288265397673,28830.0,3.5588235294117645
1146.7988532,4.597968170313096,4.6449904155412485,28841.0,3.3703703703703702
1146.998853,4.287264558493175,2.948796351901206,28935.0,3.2794117647058822
1147.1988528,9.487901149819804,3.5092822634715066,29135.0,3.2941176470588234
1147.3988526,15.239828951727045,37.98748413824717,33207.0,3.277027027027027
1147.5988524,,23.978153824196195,28224.0,3.108527131782946
1147.7988522,,28.96114908896239,26706.0,2.1259259259259258
1147.998852,,63.21940089056231,31723.0,3.361111111111111
1148.1988517999998,,33.730015041630566,27818.0,2.8085106382978724
1148.3988516,,14.658348075530604,25660.0,1.900709219858156
1148.5988513999998,,54.157647698552005,31799.0,3.248322147651007
1148.7988512,,66.48510378439734,27915.0,1.6907894736842106
1148.9988509999998,,57.97187489458881,27329.0,2.5359477124183005
1149.1988508,3.354953257482426,4.673886507652954,27598.0,2.5723684210526314
1149.3988505999998,2.72996686933411,4.644174826882678,27467.0,2.596026490066225
1149.5988504,21.458544396875716,82.89039835576476,30599.0,2.5733333333333333
1149.7988501999998,,30.43328814085065,24390.0,1.8832116788321167
1149.99885,,91.85363406360543,27241.0,3.5072463768115942
1150.1988497999998,,47.00494826597432,23080.0,3.046875
1150.3988496,,20.903768546018597,23244.0,3.031496062992126
1150.5988493999998,7.960943101775697,36.211471614873815,23709.0,2.9291338582677167
1150.7988492,6.08080231741573,14.803185296369502,22784.0,2.828125
1150.9988489999998,,9.008548084454487,22153.0,2.701492537313433
1151.1988488,,11.33824266174682,22735.0,2.7218045112781954
1151.3988485999998,,125.1931568908104,29148.0,3.3426573426573425
1151.5988484,,224.42004225001364,30978.0,3.2416107382550337
1151.7988481999998,,239.03781985753423,26938.0,2.0217391304347827
1151.998848,,112.2750468123243,29733.0,3.601449275362319
1152.1988477999998,3.097539513317765,11.27578763682641,29547.0,3.6204379562043796
1152.3988476,,10.06223809798592,29129.0,3.6470588235294117
1152.5988473999998,,10.811012406848436,30920.0,3.5714285714285716
1152.7988472,,106.60580603703109,28017.0,2.051094890510949
1152.9988469999998,,142.43151375875152,29571.0,3.315068493150685
1153.1988468,10.933630409830531,58.30004942186376,29622.0,3.1633986928104574
1153.3988465999998,7.909174405551587,25.044712407859336,29397.0,3.1161290322580646
1153.5988464,13.30813373253493,85.00797411105755,32064.0,3.1025641025641026
1153.7988461999998,10.014598767353545,19.708007440576438,32126.0,2.272300469483568
1153.998846,,6.690552035811838,31868.0,2.2452830188679247
1154.1988457999998,4.698780697235102,76.78978475658504,29115.0,1.5965909090909092
1154.3988456,,99.90099459143876,32123.0,2.96319018404908
1154.5988453999998,8.826157840710103,31.476410030103942,33122.0,2.950920245398773
1154.7988452,5.534202157510756,34.844866074930216,32074.0,3.361111111111111
1154.9988449999998,,89.75601909138722,29602.0,1.9246575342465753
1155.1988448,,58.92994928574523,33780.0,3.0125
1155.3988445999998,6.477783837541304,40.55688437669732,31171.0,3.1233766233766236
1155.5988444,3.190800077364451,6.106883560441107,31022.0,3.1225806451612903
1155.7988441999998,2.6402831402831404,4.92858579991559,31080.0,2.802325581395349
1155.998844,17.388483601446563,107.16881890205718,32076.0,2.8682634730538923
1156.1988437999998,,38.00397896264126,34522.0,3.0822784810126582
1156.3988436,,31.83708681245532,33443.0,3.150326797385621
1156.5988433999999,3.2804440091413647,8.034579337286761,33693.0,3.2039473684210527
1156.7988432,,90.84611547210598,30939.0,1.814569536423841
1156.9988429999999,,30.020470073086734,32111.0,2.388157894736842
1157.1988428,11.960044359949302,90.32676973811238,31560.0,2.933333333333333
1157.3988425999999,,249.151161030878,27627.0,1.3714285714285714
1157.5988424,,124.40991770304235,32626.0,2.711864406779661
1157.7988421999999,9.832335508591271,16.70382378135702,33406.0,2.863095238095238
1157.998842,7.210256707087662,43.055163913477934,34553.0,2.950920245398773
1158.1988417999999,,78.26524852546542,32073.0,1.6583850931677018
1158.3988416,,125.66466872699718,36686.0,2.9691358024691357
1158.5988413999999,10.597270485371595,94.9788740070087,35684.0,3.1578947368421053
1158.7988412,5.418996120123423,23.246083026712242,32733.0,3.4532374100719423
1158.9988409999999,2.5423385860567786,3.8927745077916915,32618.0,3.460431654676259
1159.1988408,2.2759404966806,1.388636350077213,32536.0,3.4676258992805757
1159.3988405999999,,86.40297064085323,34019.0,3.0779220779220777
1159.5988404,5.408069128816999,13.546972357006595,32519.0,3.2312925170068025
1159.7988401999999,,6.978513898409929,32693.0,3.292517006802721
1159.99884,,3.7375285101061237,32050.0,3.2534246575342465
1160.1988397999999,,5.72037249130992,32561.0,3.272108843537415
1160.3988396,2.2129071911493545,1.2840963296125747,32540.0,3.2857142857142856
1160.5988393999999,2.246129171550182,0.338547176753929,32422.0,3.2653061224489797
1160.7988392,,5.714664647770931,31797.0,3.0
1160.9988389999999,,22.114242810185964,34635.0,3.19205298013245
1161.1988388,2.849902028584601,2.607642070048853,34704.0,3.22
1161.3988385999999,,93.13594959565368,34492.0,2.0580645161290323
1161.5988384,,17.584139205259014,34749.0,1.7515527950310559
1161.7988381999999,,75.33237389306787,36737.0,3.1710526315789473
1161.998838,9.756670940953777,50.57332808986224,32754.0,3.317241379310345
1162.1988377999999,,1.4496744141389757,32000.0,3.2916666666666665
1162.3988376,,6.455633792072423,32487.0,3.317241379310345
1162.5988373999999,11.27831329185338,56.57871025977176,31019.0,3.0636942675159236
1162.7988372,,204.99429292861672,22532.0,2.1871345029239766
1162.9988369999999,,31.164713457354246,25616.0,2.240566037735849
1163.1988368,,8.679408626358939,25685.0,2.272300469483568
1163.3988365999999,3.677919924188581,7.668973328339004,25326.0,2.272300469483568
1163.5988364,,100.39899908108154,20819.0,1.2167487684729064
1163.7988361999999,,86.96580474480547,24556.0,1.95260663507109
1163.998836,,109.23660834898715,34273.0,2.9440993788819876
1164.1988357999999,,50.241647409563704,34517.0,3.2348993288590604
1164.3988356,,8.002699528616192,33879.0,2.8848484848484848
1164.5988353999999,3.7116425461819036,3.3103374269912833,33996.0,2.8165680473372783
1164.7988352,,16.659892797489245,33757.0,2.5058823529411764
1164.9988349999999,,10.879781532031563,34447.0,2.5340314136125652
1165.1988348,3.9572291419819092,1.0313785019983537,34603.0,2.5104166666666665
1165.3988345999999,,14.523418211814308,34747.0,2.3317073170731706
1165.5988344,,100.56255581175809,35090.0,2.272300469483568
1165.7988341999999,4.047449620283442,22.181740266620825,33446.0,2.267605633802817
1165.998834,,36.42221795885631,30206.0,1.9951219512195122
1166.1988337999999,,47.97169631573616,34410.0,2.2547169811320753
1166.3988336,,16.059841524423025,33403.0,1.95260663507109
1166.5988333999999,,11.502425158173564,34888.0,2.272300469483568
1166.7988332,,15.477791904008562,33879.0,1.971563981042654
1166.9988329999999,,20.439421883749034,34542.0,2.272300469483568
1167.1988328,3.305579497787738,4.197166286217501,34806.0,2.272300469483568
1167.3988325999999,,5.407337552536506,34170.0,2.240566037735849
1167.5988324,8.535721718448045,56.7908813927997,33635.0,2.240566037735849
1167.7988321999999,,110.91724188844103,36888.0,2.272300469483568
1167.998832,19.98890887290168,159.29614647002174,36696.0,2.323943661971831
1168.1988317999999,,170.50741862430155,34790.0,2.3726415094339623
1168.3988316,,111.69039009510732,31624.0,2.311004784688995
1168.5988313999999,6.434766481200472,27.03937927086409,29655.0,3.205298013245033
1168.7988312,4.411575667077842,23.054796662145243,30806.0,2.267605633802817
1168.9988309999999,2.694431854969246,2.3059614555759502,30890.0,2.2582159624413145
1169.1988308,6.554752780046491,21.829479846113074,31834.0,2.2816901408450705
1169.3988305999999,16.372515791095363,50.16038987963158,32455.0,2.272300469483568
1169.5988304,9.981132075471699,64.31858595563662,30793.0,2.272300469483568
1169.7988301999999,17.91854390576648,88.31308248716456,30053.0,2.588235294117647
1169.99883,23.883219083335895,140.6868889688454,32531.0,3.066666666666667
1170.1988297999999,17.53548176115587,110.7883492276201,33637.0,2.6031746031746033
1170.3988296,8.915938150460898,72.59355642374973,33630.0,3.4027777777777777
1170.5988293999999,3.5916409520026886,18.546657783649284,32731.0,3.5251798561151078
1170.7988292,2.963041889917194,5.151756212889708,32848.0,3.539568345323741
1170.998829,5.379469790382244,36.187452379728505,32440.0,3.363013698630137
1171.1988288,3.1580353820654197,97.40294437730856,29563.0,1.9444444444444444
1171.3988286,3.1991688180845035,110.40169225445631,31762.0,3.4335664335664338
1171.5988284,,106.47240276512339,27452.0,1.9078014184397163
1171.7988282,,24.162118892278638,26997.0,1.8832116788321167
1171.998828,,156.45403864137785,32341.0,3.5144927536231885
1172.1988278,,11.142113781421052,32009.0,3.5703703703703704
1172.3988276,18.789191114032924,103.72047193840909,36507.0,3.125
1172.5988274,10.94967324253344,108.80643259166679,32746.0,3.2094594594594597
1172.7988272,,160.52661201836432,26018.0,2.503401360544218
1172.998827,,225.98735876145253,27788.0,1.9055555555555554
1173.1988268,,152.34998058814455,23096.0,1.926553672316384
1173.3988266,,152.45707007775343,27149.0,2.098159509202454
1173.5988264,,153.3839808968343,22615.0,2.1180124223602483
1173.7988262,3.0875281027321573,152.95292896676222,26243.0,1.8839779005524862
1173.998826,,140.59076174315496,24060.0,2.117283950617284
1174.1988258,6.4216047268367875,12.439418488972839,23356.0,1.9826589595375723
1174.3988256,,6.13336353037153,23429.0,1.9488636363636365
1174.5988254,6.9766394596115955,143.70543557681185,28424.0,2.017543859649123
1174.7988252,7.566669342538332,144.08554145497314,24914.0,2.189873417721519
1174.998825,10.806729865915107,44.273937145581876,23418.0,2.2679738562091503
1175.1988248,,126.67640930183165,27504.0,1.077319587628866
1175.3988246,,90.10573787191588,29054.0,0.9414634146341463
1175.5988244,8.462802107941123,50.65747623407642,27515.0,0.7170731707317073
1175.7988242,8.450036101083032,45.81796051879399,27700.0,0.751219512195122
1175.998824,7.785381083562902,41.5065383218533,27225.0,0.7073170731707317
1176.1988238,11.585179423005378,53.4284416828797,29567.0,0.9463414634146341
1176.3988236,,181.73983666929365,25199.0,2.2439024390243905
1176.5988234,,320.3498985530574,29670.0,1.5804878048780489
1176.7988232,6.07978885392346,6.44285992857541,29553.0,1.5902439024390245
1176.998823,4.163812237055686,18.92286798949416,30187.0,1.5902439024390245
1177.1988228,,7.447136034545601,30245.0,1.5931372549019607
1177.3988226,,6.4018651021372674,30598.0,1.5902439024390245
1177.5988224,10.147768991810223,98.10774268977089,28328.0,1.8522727272727273
1177.7988222,,142.5582195128152,23133.0,1.6059113300492611
1177.998822,,185.6241376349493,29776.0,1.6
1178.1988218,,5.783732934749925,29109.0,1.6519607843137254
1178.3988216,14.125307542207517,163.57044021408063,23574.0,1.8449197860962567
1178.5988214,,82.17125817254394,25241.0,1.1724137931034482
1178.7988212,,74.7003740365346,31684.0,2.272300469483568
1178.998821,,66.92978559743914,28155.0,1.2682926829268293
1179.1988208,,57.5945174908865,31329.0,2.2452830188679247
1179.3988206,,3.0047511205195767,32052.0,2.272300469483568
1179.5988204,,62.4422410070447,27497.0,1.2990196078431373
1179.7988202,,73.43295190010373,34895.0,2.4591836734693877
1179.99882,,6.632041026992317,33647.0,2.7413793103448274
1180.1988198,,24.08329614087356,33625.0,2.813953488372093
1180.3988196,3.3937898232073946,10.61983287270414,33429.0,2.5828877005347595
1180.5988194,,8.60109081226213,32616.0,2.6836158192090394
1180.7988192,,6.941796500980282,33035.0,2.7976878612716765
1180.998819,2.383518177147865,2.583496234181176,33091.0,2.610810810810811
1181.1988188,,32.23679309494122,33914.0,2.7298850574712645
1181.3988186,,66.8265698159847,32248.0,1.606060606060606
1181.5988184,,7.360268645336653,31933.0,1.598802395209581
1181.7988182,5.029517993170476,47.51260715896625,30456.0,1.423728813559322
1181.998818,6.6979631555988055,9.537455462710257,29801.0,1.2938144329896908
1182.1988178,,26.26277410856218,27827.0,1.4480874316939891
1182.3988176,,75.4381628688915,31039.0,2.5483870967741935
1182.5988174,,25.257770863819555,31601.0,2.7657142857142856
1182.7988172,,110.09929530529499,35157.0,2.7941176470588234
1182.998817,,3.50508739241526,36486.0,2.6448087431693987
1183.1988168,,7.699666540216512,35690.0,2.7298850574712645
1183.3988166,2.5140602986756835,1.5020929767630102,35490.0,2.761627906976744
1183.5988164,,127.92920962382227,28882.0,1.4636871508379887
1183.7988162,,11.8635211376536,28236.0,1.4775280898876404
1183.998816,,56.4197951645486,32701.0,2.451776649746193
1184.1988158,,10.577311455620167,30940.0,2.3564356435643563
1184.3988156,,52.29616182029257,26583.0,1.5263157894736843
1184.5988154,,4.425156028136629,26336.0,1.5
1184.7988152,,69.99136088149486,31114.0,2.3842364532019706
1184.998815,,74.97762707833544,26031.0,1.529100529100529
1185.1988148,,79.61801686783573,31098.0,2.272300469483568
1185.3988146,,81.35515862528656,26707.0,1.5777777777777777
1185.5988144,,66.64220720122174,30726.0,2.471502590673575
1185.7988142,,2.577884017216922,31403.0,2.415
1185.998814,,46.699576784925064,32788.0,2.4536082474226806
1186.1988138,,40.77551002576054,29458.0,1.5662650602409638
1186.3988136,,8.87456740785679,28070.0,1.5515151515151515
1186.5988134,3.332393653547291,5.447471619896093,27669.0,1.4463276836158192
1186.7988132,,6.302913886398123,29593.0,1.4662921348314606
1186.998813,,16.565229746245585,27003.0,1.3556701030927836
1187.1988128,,64.58141151544868,32026.0,2.3842364532019706
1187.3988126,,68.55140613367374,27558.0,1.4
1187.5988124,,8.035624656057239,28080.0,1.3969072164948453
1187.7988122,,5.670422723072361,28773.0,1.5251396648044693
1187.998812,,54.96712526370078,32325.0,2.375
1188.1988118,,57.21773605870802,29244.0,1.4915254237288136
1188.3988116,,15.02091537648289,28484.0,1.4662921348314606
1188.5988114,,53.2190525220034,32852.0,2.553763440860215
1188.7988112,,22.980336018697713,33522.0,2.6629834254143647
1188.998811,,27.381147203770904,34269.0,2.7241379310344827
1189.1988108,,16.42420175478781,32772.0,2.3714285714285714
1189.3988106,,13.680351220395998,33389.0,2.7386363636363638
1189.5988104,4.039311599606288,14.317396579146994,33527.0,2.7701149425287355
1189.7988102,24.225433674123042,191.32841573969912,39027.0,3.049079754601227
1189.99881,5.050724831139707,36.138649375818225,37457.0,3.109677419354839
1190.1988098,5.116507595866041,63.084263465089045,35414.0,3.096774193548387
1190.3988096,2.7979918991385704,7.631768901967544,35058.0,3.1233766233766236
1190.5988094,,6.515686255742337,34680.0,3.0844155844155843
1190.7988092,,8.183035271063911,35161.0,3.1032258064516127
1190.998809,,28.81663761653443,35594.0,2.7911392405063293
1191.1988088,,22.97051411118764,35800.0,3.0
1191.3988086,2.7168608732275725,8.060800682240195,35615.0,3.1032258064516127
1191.5988084,3.3750670922907426,2.986120729362775,35399.0,2.9937888198757765
1191.7988082,13.467482911027535,85.27460802017191,36427.0,2.6054054054054054
1191.998808,,38.17905815067164,37400.0,2.7660818713450293
1192.1988078,,23.24852729712935,39054.0,2.871345029239766
1192.3988075999998,9.530712590816801,46.07952395139357,40879.0,3.0853658536585367
1192.5988074,9.228042355107679,45.94271506685485,39098.0,3.049079754601227
1192.7988071999998,7.128254933423416,110.08280368316913,35523.0,2.6740331491712706
1192.998807,6.637291624967832,9.850140024558113,34973.0,2.471794871794872
1193.1988067999998,4.186589341873684,6.226330819592914,34659.0,2.5555555555555554
1193.3988066,2.905329532694135,3.199679279798329,34731.0,2.572192513368984
1193.5988063999998,2.8197054047784738,2.8975345815405413,34488.0,2.5502645502645502
1193.7988062,2.5458618795710115,4.467708326356957,34593.0,2.6054054054054054
1193.9988059999998,,6.273844267674588,34275.0,2.4587628865979383
1194.1988058,,7.303695351120027,34452.0,2.572192513368984
1194.3988055999998,2.3629901465021526,0.7780521312278887,34607.0,2.588235294117647
1194.5988054,,9.419335985746866,33985.0,2.5591397849462365
1194.7988051999998,,23.46977281616596,33519.0,2.5405405405405403
1194.998805,,3.981074704181619,31889.0,2.4974093264248705
1195.1988047999998,6.0666559743384125,24.142262852308637,31175.0,2.6054054054054054
1195.3988046,,9.522681620731202,31152.0,2.2358490566037736
1195.5988043999998,5.108741657170763,10.708025141234769,30715.0,2.2452830188679247
1195.7988042,,16.725321008704405,30466.0,2.272300469483568
1195.9988039999998,,55.93852998801237,29227.0,1.9801980198019802
1196.1988038,,134.92427988374354,23035.0,0.8878048780487805
1196.3988035999998,,126.9818932046115,28149.0,2.4948453608247423
1196.5988034,,42.92126754947472,29359.0,2.2452830188679247
1196.7988031999998,,9.559698638607326,29641.0,2.619565217391304
1196.998803,,71.39241743233572,28353.0,2.240566037735849
1197.1988027999998,,110.65754858942596,24628.0,0.909952606635071
1197.3988026,,100.6334322196335,28060.0,2.481675392670157
1197.5988023999998,,11.333888252093919,26356.0,1.95260663507109
1197.7988022,7.649542367877177,8.810812986062231,27096.0,2.0351758793969847
1197.9988019999998,,28.960933404313955,27746.0,2.4568527918781724
1198.1988018,4.883056037185967,10.492483682364654,27107.0,2.272300469483568
1198.3988015999998,,102.74031717770009,21571.0,0.8894472361809045
1198.5988014,,124.95359142069725,25234.0,2.38
1198.7988011999998,,28.39858523167533,28022.0,2.272300469483568
1198.998801,14.124288945240217,51.89742566962133,29182.0,2.272300469483568
1199.1988007999998,19.056923855102916,120.53885379812493,25701.0,3.292517006802721
1199.3988006,,19.969962062227893,24615.0,3.375886524822695
1199.5988003999998,,12.421388704606617,24981.0,3.5035971223021583
1199.7988002,2.835397028279278,0.6153692122764973,25036.0,3.4892086330935252
1199.9987999999998,2.5121746095314377,1.0419936228514493,24970.0,3.361111111111111
1200.1987998,,7.580310630134178,24462.0,3.26027397260274
1200.3987995999998,,5.928689453641659,24947.0,2.9693251533742333
1200.5987994,5.655637352964711,1.5411539527609084,24994.0,2.9695121951219514
1200.7987991999998,6.734988568448919,11.587512604023,24931.0,3.361111111111111
1200.998799,3.4765969383665944,1.4728072400001158,24954.0,3.3379310344827586
1201.1987987999998,15.578673073369062,33.16358109486769,27055.0,3.1842105263157894
1201.3987986,,12.13459477605895,27160.0,3.2162162162162162
1201.5987983999999,,9.283430076363045,27592.0,3.248322147651007
1201.7987982,5.458285957930642,12.450016564271847,28144.0,3.27027027027027
1201.9987979999999,12.156188605108055,26.13313031126215,30540.0,3.0764331210191083
1202.1987978,,17.390093973755288,29649.0,2.76
1202.3987975999999,,34.10652692956308,32788.0,3.1842105263157894
1202.5987974,,10.360597096119642,32412.0,3.125
1202.7987971999999,17.315552400971853,80.91129617187445,36631.0,2.950310559006211
1202.998797,,66.3075396503362,34236.0,3.2635135135135136
1203.1987967999999,10.06083237584578,30.515095155013416,31332.0,3.3943661971830985
1203.3987966,3.659621623357852,8.804932416215365,31133.0,3.4184397163120566
1203.5987963999999,,80.11034052780474,26284.0,2.569620253164557
1203.7987962,,36.3977882665318,25576.0,2.8613138686131387
1203.9987959999999,7.02877437996629,12.135428559940504,24918.0,2.827338129496403
1204.1987958,4.215903535929607,2.8678336775429876,24548.0,2.8686131386861313
1204.3987955999999,6.2556829944929815,2.4532737488074003,24151.0,2.3216374269005846
1204.5987954,,10.865529591600001,23705.0,2.335294117647059
1204.7987951999999,,6.522932237201244,23827.0,2.3216374269005846
1204.998795,,5.400314977187426,23424.0,2.3491124260355027
1205.1987947999999,17.55704527287261,99.13217625614092,27522.0,2.296511627906977
1205.3987946,10.413400402414487,35.81220279965597,24850.0,2.2923976608187133
1205.5987943999999,,7.616623843188151,24144.0,2.2134831460674156
1205.7987942,,12.95779896513675,24676.0,2.201117318435754
1205.9987939999999,5.2996712636305325,4.093975078898506,24944.0,2.2329545454545454
1206.1987938,11.0990336061292,4.2167459299714976,22972.0,2.073446327683616
1206.3987935999999,,5.768230729251747,22026.0,2.067415730337079
1206.5987934,10.61857593104779,261.5988317381408,31094.0,1.8333333333333333
1206.7987931999999,,337.04906282073296,21787.0,2.240740740740741
1206.998793,,125.57041457376457,21965.0,1.2328767123287672
1207.1987927999999,,50.38188351568241,23635.0,1.2287234042553192
1207.3987926,29.247984777720117,126.50539367861029,28905.0,0.7609756097560976
1207.5987923999999,,29.272776750560467,28773.0,0.7536945812807881
1207.7987922,,13.842478299440225,28416.0,0.7170731707317073
1207.9987919999999,36.75524259290493,137.50297389420976,35574.0,1.2
1208.1987918,,215.7745083832701,37044.0,2.5235602094240837
1208.3987915999999,6.8550071810941375,84.50677381427967,30636.0,2.2629107981220655
1208.5987914,4.704360753221011,14.227895349185784,30270.0,2.2629107981220655
1208.7987911999999,7.330552446840981,20.705174762098814,29487.0,2.2629107981220655
1208.998791,,86.85270452573538,32526.0,2.3121951219512193
1209.1987907999999,,1103.2127509684728,8593.0,6.297297297297297
1209.3987906,,1194.5527715359472,38999.0,1.3286384976525822
1209.5987903999999,,66.02391148192436,31247.0,1.0382775119617225
1209.7987902,,54.039220164943664,32676.0,1.2018779342723005
1209.9987899999999,,197.92186370235453,37597.0,1.446078431372549
1210.1987898,,13.524524577775201,42901.0,1.5463414634146342
1210.3987895999999,,262.1991598302241,39104.0,2.2582159624413145
1210.5987894,3.416692938209332,10.072191862437029,38064.0,2.272300469483568
1210.7987891999999,4.310167679349101,23.592517662513213,38347.0,2.3051643192488265
1210.998789,3.280825680872773,4.846307931208361,38223.0,2.3145539906103285
1211.1987887999999,7.737921616119972,15.697214540988082,38809.0,2.2629107981220655
1211.3987886,8.651635654261705,35.70741271445673,39984.0,2.2582159624413145
1211.5987883999999,28.755948210205634,247.1623545066572,32825.0,1.215962441314554
1211.7987882,12.907791279485346,84.34125186156474,34975.0,1.3849765258215962
1211.9987879999999,15.917770514364356,22.02301424671558,34878.0,1.2253521126760563
1212.1987878,,74.68669288290589,31411.0,0.9073170731707317
1212.3987875999999,,39.95527898101583,30775.0,1.244131455399061
1212.5987874,7.622419460880999,26.485233493227362,30420.0,1.2535211267605635
1212.7987871999999,23.409599290872592,32.560839054639295,38357.0,1.3380281690140845
1212.998787,13.931783881678237,145.2928020347187,36443.0,2.272300469483568
1213.1987867999999,22.177528225928505,108.50849267410825,33037.0,2.267605633802817
1213.3987866,12.356045970989816,12.68366614123481,30541.0,2.2629107981220655
1213.5987863999999,5.647138919331805,6.621602892770573,30111.0,2.2629107981220655
1213.7987862,4.293467739243633,3.453333967456868,29959.0,2.272300469483568
1213.9987859999999,3.644179363806469,5.133698415668825,29928.0,2.272300469483568
1214.1987858,27.391177681370532,178.6172184570019,31579.0,2.9691358024691357
1214.3987855999999,3.3756958502024292,13.310055310447503,31616.0,2.818713450292398
1214.5987854,4.254550643749604,2.0888994828560272,31534.0,3.050632911392405
1214.7987851999999,6.503614231623744,24.948840684573042,31957.0,3.1032258064516127
1214.998785,28.238100123102175,101.98189539826889,38992.0,2.2535211267605635
1215.1987847999999,,159.9034172080619,40279.0,1.6745283018867925
1215.3987846,6.108290061586765,75.55024750833596,33124.0,2.099056603773585
1215.5987843999999,,86.87693579512067,29147.0,1.0585365853658537
1215.7987842,5.956708549971115,13.225595864737977,27696.0,0.9414634146341463
1215.998784,4.677121703927933,19.89287692485974,27419.0,0.9073170731707317
1216.1987838,,58.766903496576965,31102.0,2.0754716981132075
1216.3987836,37.28365158107696,245.71863319460832,36083.0,1.7075471698113207
1216.5987834,30.502233929908837,211.98287095728074,38721.0,2.9940119760479043
1216.7987832,,53.68799970837739,36687.0,3.167741935483871
1216.998783,5.338975321888412,11.943270878627795,37280.0,3.08125
1217.1987828,,12.365436421836328,36337.0,3.1202531645569622
1217.3987826,,16.261521465409736,36650.0,3.107594936708861
1217.5987824,13.616294315082861,61.167004003501674,38136.0,2.8160919540229883
1217.7987822,5.53746652383503,32.762594771062304,37340.0,2.6871508379888267
1217.998782,5.363607205858769,9.731959482056102,37414.0,2.7175141242937855
1218.1987818,,60.14096513763391,36287.0,1.8304093567251463
1218.3987816,,197.8566900664951,39562.0,2.696629213483146
1218.5987814,15.78990954575703,60.33501404102251,40573.0,2.2535211267605635
1218.7987812,,1.5224911134533574,39830.0,2.231132075471698
1218.998781,,1.9343899629298527,38958.0,2.085308056872038
1219.1987808,,10.036607526195446,39990.0,2.2582159624413145
1219.3987806,,5.009281092903515,39341.0,2.0849056603773586
1219.5987804,,9.162912437298662,40287.0,2.2629107981220655
1219.7987802,,22.46171868523554,39345.0,2.3108808290155443
1219.99878,,109.9068881952271,33962.0,2.9748427672955975
1220.1987798,,37.68197627393194,31574.0,3.2432432432432434
1220.3987796,2.6421039258035828,4.557116585053484,31484.0,3.2789115646258504
1220.5987794,2.4533648925281475,2.129556593626091,31264.0,3.3013698630136985
1220.7987792,8.218825177380554,16.267878886942597,32839.0,3.228187919463087
1220.998779,11.447371415566682,27.568255160558866,35152.0,3.164473684210526
1221.1987788,,30.82629963802836,34911.0,2.770700636942675
1221.3987786,10.27910452050464,65.21408019203646,34797.0,1.8022598870056497
1221.5987784,,60.09346564017569,35561.0,2.764367816091954
1221.7987782,,10.747694611768278,34116.0,2.5857988165680474
1221.998778,,49.30475246192459,35126.0,3.2348993288590604
1222.1987778,6.087699994052222,13.42553746918264,33626.0,3.2857142857142856
1222.3987776,5.55641927324326,19.464016915431245,32418.0,3.25
1222.5987774,3.6006812323554684,5.199419002185201,32588.0,3.185430463576159
1222.7987772,,17.960641539371487,31811.0,3.1456953642384105
1222.998777,,18.942409984096475,32592.0,3.1776315789473686
1223.1987768,,5.622121644756272,32203.0,3.1390728476821192
1223.3987766,,10.023151194368785,32052.0,3.2066666666666666
1223.5987764,5.431722358567742,4.2801638408105624,31782.0,3.2635135135135136
1223.7987762,8.756615974134833,37.452086316059685,33404.0,3.331034482758621
1223.998776,,73.8844412712029,28880.0,1.9517241379310344
1224.1987758,,79.95009590198927,31156.0,3.292517006802721
1224.3987756,6.111888111888112,14.117744561691016,29887.0,3.3379310344827586
1224.5987754,,6.598309970306451,29412.0,3.3125
1224.7987752,,72.85239291874923,24927.0,2.088235294117647
1224.998775,,39.553892526214426,26144.0,2.9855072463768115
1225.1987748,,44.69203974241652,24613.0,2.111111111111111
1225.3987746,,85.77743112626605,32829.0,3.205298013245033
1225.5987744,8.897795591182364,6.127389652707455,34431.0,3.109677419354839
1225.7987742,,8.73366811654774,32574.0,2.7733333333333334
1225.998774,,70.66407120667282,27480.0,2.057142857142857
1226.1987738,,72.2236352113463,31704.0,3.2244897959183674
1226.3987736,,85.70238476164731,25015.0,2.0955882352941178
1226.5987734,,5.520528294022692,25337.0,2.0802919708029197
1226.7987732,,77.07728172314086,29789.0,3.3379310344827586
1226.998773,2.5882770750186026,2.381213208801509,29566.0,3.3241379310344827
1227.1987728,2.531630211317448,4.462439862167341,29671.0,3.3241379310344827
1227.3987726,,34.488079752633006,32266.0,3.1879194630872485
1227.5987724,,97.58296832784151,29450.0,1.8791946308724832
1227.7987722,25.916825034840997,130.3227190774765,31572.0,1.1280788177339902
1227.998772,,68.61484974466208,36441.0,2.3106796116504853
1228.1987718,,25.18967611873655,36595.0,2.272300469483568
1228.3987716,,111.50318983730477,30850.0,1.1219512195121952
1228.5987714,3.3047319850775576,2.933508619622606,30558.0,1.1219512195121952
1228.7987712,,10.38959014324894,30214.0,1.1274509803921569
1228.998771,,2.370970181850218,30232.0,1.1330049261083743
1229.1987708,10.348260146133256,58.56062448014245,27646.0,0.8866995073891626
1229.3987706,,2.8792102106090365,27290.0,0.8585365853658536
1229.5987704,6.052210587550902,17.952120162269548,27504.0,0.9073170731707317
1229.7987702,5.559506611845761,21.688589872854447,26997.0,0.926829268292683
1229.99877,,103.917307732677,26432.0,0.8872549019607843
1230.1987698,,43.379186591560675,26603.0,0.8829268292682927
1230.3987696,10.749648122083117,50.42399555195494,26998.0,0.8536585365853658
1230.5987694,16.927892720306513,95.63651645091849,26100.0,0.8762886597938144
1230.7987692,17.6769210543614,378.7036325101798,30426.0,1.8144329896907216
1230.998769,6.141762579190023,42.498426947962116,30149.0,1.8770053475935828
1231.1987688,,55.259561578896054,32680.0,1.7989690721649485
1231.3987686,,12.247393321044369,32887.0,1.7192118226600985
1231.5987684,,7.138881586820209,33110.0,1.697560975609756
1231.7987682,3.4956145620569505,4.765723315071698,33292.0,1.6926829268292682
1231.998768,,2.144855020451492,33118.0,1.696078431372549
1232.1987678,,68.5860034960412,30612.0,1.8502673796791445
1232.3987676,,176.33454719296068,25335.0,2.1614906832298137
1232.5987674,,4.456154111601831,25896.0,2.0292397660818713
1232.7987672,8.329932512901944,12.510128175219307,25190.0,1.6390243902439023
1232.998767,20.27946299268073,66.24194752392751,25549.0,1.6682926829268292
1233.1987668,,51.15963185391274,23194.0,1.3425414364640884
1233.3987666,9.205029950669486,31.313416232604563,22704.0,1.2974358974358975
1233.5987664,,70.33145728141692,27402.0,2.3157894736842106
1233.7987662,,39.50596601985819,24035.0,1.8585365853658538
1233.998766,2.6583610648918468,2.928881141515979,24040.0,1.958974358974359
1234.1987658,,35.725055032076064,23615.0,1.3
1234.3987656,,39.11888122196276,24811.0,1.9329896907216495
1234.5987654,,5.397760576400673,24301.0,1.838235294117647
1234.7987652,,13.593948290635739,24373.0,1.9487179487179487
1234.998765,,91.07244114102788,30439.0,2.4536082474226806
1235.1987648,,54.955648969306914,33951.0,2.5502645502645502
1235.3987646,10.478079089483769,46.676952158202724,34442.0,2.6777777777777776
1235.5987644,6.291846468317057,26.84674931700084,35224.0,2.7386363636363638
1235.7987642,2.3269882882626165,2.4969393036190217,35093.0,2.6927374301675977
1235.998764,2.2291308828581244,4.303106188292969,34932.0,2.672222222222222
1236.1987638,2.1650184882621035,2.7051345753113374,34887.0,2.633879781420765
1236.3987636,,51.78905018597879,33349.0,2.4791666666666665
1236.5987633999998,5.693477774582175,37.99982908660732,31293.0,2.5483870967741935
1236.7987632,3.870768534385205,3.5260254776113515,30929.0,2.526595744680851
1236.9987629999998,,3.708670827363506,31892.0,2.476923076923077
1237.1987628,2.9016259137887572,4.860982781722129,31736.0,2.482051282051282
1237.3987625999998,2.6889613238889236,2.569387417106691,31906.0,2.476923076923077
1237.5987624,2.535260042815766,0.4165883407847505,31764.0,2.446700507614213
1237.7987621999998,2.22424127705218,1.192454412461968,31698.0,2.4948453608247423
1237.998762,5.805186068556401,17.549051853338607,32703.0,2.4292929292929295
1238.1987617999998,7.141203561559718,7.88648915957666,32570.0,2.454081632653061
1238.3987616,,42.078459527429416,33647.0,2.5454545454545454
1238.5987613999998,,999.8652880820888,14305.0,4.655737704918033
1238.7987612,,1021.667911110264,36620.0,2.628415300546448
1238.9987609999998,,57.09526493274691,28907.0,1.456043956043956
1239.1987608,,0.28879337501385627,26942.0,1.2173913043478262
1239.3987605999998,,11.814331518033535,27467.0,1.4064171122994653
1239.5987604,,92.07504399818949,31375.0,2.3793103448275863
1239.7987601999998,5.9999666999667,22.954305061027494,30030.0,2.372549019607843
1239.99876,,5.257417039295446,29568.0,2.385
1240.1987597999998,,4.505314063116814,29988.0,2.326923076923077
1240.3987596,,73.33189927330294,25190.0,1.375
1240.5987593999998,,5.185254382135871,25055.0,1.3894736842105264
1240.7987592,,70.35125395284973,30227.0,2.42
1240.9987589999998,,67.43181070253122,25755.0,1.3948717948717948
1241.1987588,,47.697233423657266,32277.0,2.4416243654822334
1241.3987585999998,5.434691422755451,15.912185358248738,32423.0,2.422110552763819
1241.5987584,5.645633595736209,19.218385538284195,32647.0,2.346341463414634
1241.7987581999998,35.42183408211806,222.48294700749588,41623.0,2.981818181818182
1241.998758,6.020075093867334,37.98371464010521,39950.0,3.0306748466257667
1242.1987577999998,5.298825650521391,37.13663573947183,41044.0,2.963855421686747
1242.3987576,4.070225643882797,17.76575922789474,39487.0,3.05
1242.5987573999998,13.981142558337146,227.97906775027096,30598.0,1.9559748427672956
1242.7987572,17.26929268372811,32.30236476896672,30439.0,3.2151898734177213
1242.9987569999998,6.942378243748107,37.77546214672402,29711.0,3.238709677419355
1243.1987568,13.7446773984162,63.37730058386911,30812.0,2.92
1243.3987565999998,12.083004204357243,10.819745019671444,31396.0,3.1097560975609757
1243.5987564,17.40697339006274,82.78927110473612,27734.0,1.9066666666666667
1243.7987561999998,9.29578696076124,41.66443672007935,29741.0,1.8451612903225807
1243.998756,5.428562121310835,8.115301420637996,30698.0,1.779874213836478
1244.1987557999998,6.185471406491499,53.54043498176294,27821.0,1.9444444444444444
1244.3987556,4.184641588751178,22.415063526162506,27594.0,1.943661971830986
1244.5987553999998,26.999148090302427,226.385173067394,35215.0,2.950920245398773
1244.7987552,18.867650158061117,95.10183614590328,37960.0,2.9820359281437128
1244.9987549999998,,107.88171668254374,27210.0,1.6413793103448275
1245.1987548,,132.9971629740983,24552.0,2.8
1245.3987545999998,4.9851040702121665,9.432029194210058,24839.0,2.801470588235294
1245.5987544,3.1908256880733945,4.079293523214656,24525.0,2.843283582089552
1245.7987541999998,3.2174519783286817,8.56761299025125,24364.0,2.8582089552238807
1245.998754,2.6415900131406045,3.5939719617315546,24352.0,2.8721804511278197
1246.1987537999998,2.742866554123605,0.98980902803272,24287.0,2.8582089552238807
1246.3987536,,37.28509294525497,27764.0,3.361111111111111
1246.5987533999999,4.548438403701562,11.630274745047652,27664.0,3.3846153846153846
1246.7987532,,47.53836461602749,24086.0,2.8444444444444446
1246.9987529999999,,44.64455557676765,27344.0,3.3986013986013988
1247.1987528,2.466360294117647,2.1261543569120214,27200.0,3.408450704225352
1247.3987525999999,,45.46481942051047,23734.0,2.8582089552238807
1247.5987524,2.34314840557732,1.7804264231576223,23739.0,2.8656716417910446
1247.7987521999999,2.7759871071716358,3.1840543961754157,23579.0,2.873134328358209
1247.998752,,36.75450714689239,27412.0,3.361111111111111
1248.1987517999999,5.274392226276054,14.168052043874487,27683.0,3.3846153846153846
1248.3987516,3.6157800143781453,7.164950965568627,27820.0,3.361111111111111
1248.5987513999999,,52.215460859463796,24746.0,2.8394160583941606
1248.7987512,,51.25390829578314,28412.0,3.3379310344827586
1248.9987509999999,,53.032088999039715,24683.0,2.854014598540146
1249.1987508,19.76786684255451,137.0374111054068,25774.0,1.6712328767123288
1249.3987505999999,,73.74065371173548,29294.0,3.152317880794702
1249.5987504,,6.365736912080353,31066.0,3.1025641025641026
1249.7987501999999,4.2787294563843234,10.362122080031114,31640.0,3.0833333333333335
1249.99875,3.01009139375476,4.964487712149341,31512.0,3.1032258064516127
1250.1987497999999,3.266283341319278,6.908770089314193,31305.0,3.150326797385621
1250.3987496,2.519601862257184,2.383414479628959,31145.0,3.1578947368421053
1250.5987493999999,,6.107081342785715,30575.0,3.1666666666666665
1250.7987492,,8.090597984172236,30952.0,3.164473684210526
1250.9987489999999,2.9523672147962947,4.770156651490231,31197.0,3.19205298013245
1251.1987488,,7.0286904984389365,30036.0,2.8378378378378377
1251.3987485999999,,58.838637745325066,27334.0,2.056338028169014
1251.5987484,,71.65992384093379,31446.0,3.16
1251.7987481999999,,8.380659208351348,32519.0,3.164473684210526
1251.998748,2.6241765071472964,3.495888628690653,32180.0,3.1710526315789473
1252.1987477999999,2.5400378212481014,1.140601354479644,32257.0,3.164473684210526
1252.3987476,,22.5760852739972,30224.0,2.84
1252.5987473999999,,21.331879697557042,32698.0,3.150326797385621
1252.7987472,10.863042659793217,35.07745972126946,34529.0,3.0632911392405062
1252.9987469999999,,26.7267439071467,25394.0,1.9432624113475176
1253.1987468,,166.353861114316,25568.0,1.9308510638297873
1253.3987465999999,,18.458780636971305,23295.0,1.0985221674876848
1253.5987464,6.030063021631749,35.88341754008833,23484.0,2.108433734939759
1253.7987461999999,,23.148895424593906,23337.0,1.9943181818181819
1253.998746,3.1502503453038675,2.270560795191016,23168.0,2.0172413793103448
1254.1987457999999,2.3853603700981454,1.7990661441086149,23129.0,2.0892857142857144
1254.3987456,5.048484848484849,7.699042041029184,23925.0,2.0647058823529414
1254.5987453999999,,42.410094613979226,23650.0,1.2298850574712643
1254.7987452,,11.108016025029649,23146.0,1.2616279069767442
1254.9987449999999,,4.255923738920057,22795.0,1.2159090909090908
1255.1987448,,36.621849507208324,23594.0,1.9884393063583814
1255.3987445999999,9.621242574478538,18.156507266648262,22389.0,2.046242774566474
1255.5987444,3.234222242621747,34.29243958080696,21787.0,1.3313953488372092
1255.7987441999999,,41.46605426062979,22661.0,2.046242774566474
1255.998744,,7.033304186178202,22264.0,2.0764705882352943
1256.1987437999999,,7.986790777743404,22553.0,2.088757396449704
1256.3987436,2.7871298053581675,3.6608366295078243,22657.0,2.0170454545454546
1256.5987433999999,2.7958348166607334,2.2298164857083482,22472.0,2.0
1256.7987432,,42.432164632219234,21446.0,1.3511904761904763
1256.9987429999999,3.6945189367207716,3.849889867872835,21255.0,1.302857142857143
1257.1987428,,31.85857860958931,23297.0,2.1420118343195265
1257.3987425999999,,64.60958784477657,27528.0,2.6353591160220993
1257.5987424,,112.3316729978861,30257.0,2.42
1257.7987421999999,32.44164407839867,206.19259914163501,38368.0,2.9939024390243905
1257.998742,8.922521763549565,28.41984760072651,35610.0,2.932926829268293
1258.1987417999999,5.527002316225771,56.735406741132714,32812.0,2.981366459627329
1258.3987416,9.96545060012206,89.16535107387314,29494.0,1.7151898734177216
1258.5987413999999,,15.323251113857317,29465.0,1.7032258064516128
1258.7987412,,12.34349420153158,30462.0,1.7307692307692308
1258.9987409999999,,3.177437300559556,29453.0,1.6666666666666667
1259.1987408,,9.771205371198272,29756.0,1.7419354838709677
1259.3987405999999,2.579017223285388,85.76970290041469,32398.0,3.109677419354839
1259.5987404,4.372526708388647,10.006113047667213,31638.0,3.22
1259.7987401999999,,28.722169872293605,31915.0,3.1589403973509933
1259.99874,,5.710764868477571,32714.0,3.1776315789473686
1260.1987397999999,2.405607534162255,0.6930561435381176,32492.0,3.1842105263157894
1260.3987396,2.2307977736549165,1.6202245431126943,32340.0,3.164473684210526
1260.5987393999999,2.228585611019762,0.3708396340120901,32233.0,3.1710526315789473
1260.7987392,2.4081809461926422,3.6634798650421034,32319.0,3.1710526315789473
1260.998739,2.3170566502463052,2.4438841741911146,32480.0,3.1842105263157894
1261.1987388,2.286382069776801,1.6366380012906658,32303.0,3.1710526315789473
1261.3987386,,128.84679352749075,28080.0,1.4662576687116564
1261.5987384,,116.17584920960975,30506.0,3.0683229813664594
1261.7987382,16.626710436506645,75.78388763495052,30767.0,3.0440251572327046
1261.998738,,53.608828936636854,34741.0,2.9565217391304346
1262.1987378,,104.5202068409468,41529.0,2.96319018404908
1262.3987376,5.002186792788669,46.92709848557847,39327.0,3.0062111801242235
1262.5987374,4.0865756936470214,14.933160858757356,37447.0,3.0822784810126582
1262.7987372,,66.49648033782567,35443.0,2.3205128205128207
1262.998737,,61.149600814665696,37057.0,3.1019108280254777
1263.1987368,2.3757439279395207,6.023967466449429,37302.0,3.121019108280255
1263.3987366,2.255831472463612,0.843239791273168,37169.0,3.128205128205128
1263.5987364,4.044362096347274,9.276280570364854,37780.0,3.05
1263.7987362,,6.726534817389885,37253.0,3.050314465408805
1263.998736,,10.510056932249078,37849.0,3.03125
1264.1987358,2.937789911734302,8.776768940459084,37727.0,3.04375
1264.3987356,,5.032344519163652,37313.0,3.03125
1264.5987354,,6.0721579760669675,37746.0,3.025
1264.7987352,,10.27285876779676,37209.0,3.0375
1264.998735,,8.565644223292871,37884.0,3.0375
1265.1987348,,22.996812774809985,37386.0,3.0625
1265.3987346,,19.034796098397138,37725.0,3.0625
1265.5987344,2.4500265111346766,7.337931589386235,37720.0,3.06875
1265.7987342,,7.554976023059975,37207.0,3.0817610062893084
1265.998734,,8.23731017522308,37784.0,3.0625
1266.1987338,3.1780745687256537,2.3314654213780273,37737.0,3.075
1266.3987336,2.872376465606225,3.2744684907066253,37783.0,3.0434782608695654
1266.5987334,3.9341647870505505,27.079755630728922,37685.0,3.0
1266.7987332,3.481970026006059,37.71151899627433,37299.0,3.0559006211180124
1266.998733,3.5907189469574434,26.49966737237469,35858.0,3.04375
1267.1987328,,89.26399314389842,34621.0,2.3144654088050314
1267.3987326,,60.52945286246781,38139.0,2.9698795180722892
1267.5987324,2.9534706130187485,20.22822766439537,37976.0,2.9757575757575756
1267.7987322,2.480169446650781,4.539820019437656,37770.0,3.0
1267.998732,2.1707685378970516,1.2513312238361605,37747.0,2.9939024390243905
1268.1987318,2.197465065096916,3.139538686434139,37713.0,3.0
1268.3987316,2.440982608465468,2.0801376188257072,37777.0,3.0060975609756095
1268.5987314,2.3089362151878667,1.187122919259194,37846.0,3.0121951219512195
1268.7987312,,17.485830656411576,36732.0,3.049382716049383
1268.998731,,12.796279209570278,37670.0,3.018292682926829
1269.1987308,2.3122833217771612,1.409783338485878,37498.0,3.018292682926829
1269.3987306,,30.32993296535309,38094.0,2.9411764705882355
1269.5987304,,38.46406797476732,37466.0,2.6956521739130435
1269.7987302,5.946634514573286,31.57621249156351,38152.0,2.453658536585366
1269.99873,3.7945354893245713,12.411399359095295,36673.0,2.375586854460094
1270.1987298,,93.9898143227731,33252.0,1.4414893617021276
1270.3987296,,93.12939122357123,35602.0,2.6335078534031413
1270.5987294,4.959904063205418,8.661777414278326,35440.0,2.3615023474178405
1270.7987292,,26.395307849111358,36301.0,3.0303030303030303
1270.998729,,15.227057223408028,37058.0,3.1974522292993632
1271.1987288,2.812352372772171,1.735006821976836,37256.0,3.079754601226994
1271.3987286,2.1972529978270785,0.4793816587389553,37277.0,3.1974522292993632
1271.5987284,7.162858600748384,68.04016186094375,35276.0,3.025
1271.7987282,,7.376652229843606,35029.0,3.1623376623376624
1271.998728,,6.950479348020354,35666.0,3.0822784810126582
1272.1987278,2.1814560246878947,0.7261284081368479,35645.0,3.0248447204968945
1272.3987276,2.2952482648158035,3.4573339782643404,35587.0,3.04375
1272.5987274,19.82107366181469,146.69533075754995,38541.0,2.8705882352941177
1272.7987272,6.733779971791256,64.54699414857691,36868.0,3.1372549019607843
1272.998727,3.039136937735431,14.656794809951405,36104.0,3.2066666666666666
1273.1987268,2.4650562981862554,8.49145318243868,36058.0,3.2266666666666666
1273.3987266,2.2948525737131433,2.8316377577880165,36018.0,3.22
1273.5987264,2.1686429146649635,2.493814613013439,36011.0,3.2066666666666666
1273.7987262,2.207261514528585,3.9251264162488564,35998.0,3.2348993288590604
1273.998726,2.2354134252056013,2.0855042414510474,35992.0,3.2133333333333334
1274.1987258,2.2219731562197316,1.7482099793620252,36135.0,3.2266666666666666
1274.3987256,4.521450373049966,0.35549987609323147,35384.0,3.1710526315789473
1274.5987254,2.8961253091508654,6.157786524959039,35177.0,3.185430463576159
1274.7987252,2.392941043276443,1.770601986039682,35331.0,3.19205298013245
1274.998725,2.4254848587955085,0.7576340030846805,35268.0,3.19205298013245
1275.1987248,2.5636642000510332,2.4001556095181384,35271.0,3.185430463576159
1275.3987246,2.313033370190808,0.6906288735386361,35271.0,3.19205298013245
1275.5987244,2.384438710409164,1.0286992217746744,35267.0,3.185430463576159
1275.7987242,10.634642539616129,33.4268941315137,38242.0,3.00625
1275.998724,10.301528973403572,36.00281673040687,38915.0,3.050632911392405
1276.1987238,4.718547041458093,11.459174124337247,38955.0,3.164473684210526
1276.3987236,,4.989662888916068,38245.0,3.1666666666666665
1276.5987234,,4.827335158620982,38679.0,3.185430463576159
1276.7987232,2.3773857050869287,4.96570296101798,38825.0,3.205298013245033
1276.998723,2.2660056437207134,3.6799530572163235,38627.0,3.19205298013245
1277.1987228,,18.681349066045964,37987.0,3.125
1277.3987226,,63.74994543951424,36605.0,2.96319018404908
1277.5987224,,31.965493062814204,27875.0,1.8724832214765101
1277.7987222,,121.30050821654132,25593.0,2.6153846153846154
1277.998722,,16.107791765983617,25400.0,2.692857142857143
1278.1987218,,41.461435695899695,24032.0,1.8115942028985508
1278.3987216,2.6505653475224475,1.7182878430595325,24056.0,1.832116788321168
1278.5987214,,40.86839743902714,25148.0,2.712230215827338
1278.7987212,,36.648244093082994,28053.0,3.2534246575342465
1278.998721,,72.76000811430788,23801.0,1.8308823529411764
1279.1987208,,35.62642970346215,24870.0,2.7318840579710146
1279.3987206,,7.157901674466575,25094.0,2.712230215827338
1279.5987204,2.4424338834758403,0.7349681043725194,25145.0,2.7318840579710146
1279.7987202,,42.47361623885726,24558.0,1.7730496453900708
1279.99872,,14.159655647740278,24311.0,1.8
1280.1987198,2.392089883941065,1.616507698190877,24298.0,2.0575539568345325
1280.3987196,,81.60890282044627,29120.0,3.248322147651007
1280.5987194,,81.7891997370547,24139.0,1.7857142857142858
1280.7987191999998,,30.057407136594474,26613.0,1.7124183006535947
1280.998719,4.274914860970772,14.36786291325398,26721.0,1.6709677419354838
1281.1987187999998,4.3415184547714665,16.089992471689445,26145.0,1.6688311688311688
1281.3987186,4.8371213568127125,10.415955234561363,26179.0,1.65359477124183
1281.5987183999998,,2.7041347709445653,25673.0,1.6754966887417218
1281.7987182,,8.425699957001948,26472.0,1.6387096774193548
1281.9987179999998,4.74713260961295,11.399609338197976,26069.0,1.7066666666666668
1282.1987178,,8.37122442065867,25620.0,1.7708333333333333
1282.3987175999998,,6.145737124195065,25884.0,1.7448275862068965
1282.5987174,,71.2925654351743,29590.0,3.1589403973509933
1282.7987171999998,,53.40145716398142,25421.0,1.7692307692307692
1282.998717,,64.90619183604936,24822.0,2.6595744680851063
1283.1987167999998,,103.4555354053172,25340.0,2.0514285714285716
1283.3987166,7.444448941595499,15.557721325972002,24707.0,1.8333333333333333
1283.5987163999998,,204.7686555915277,27545.0,1.6195121951219513
1283.7987162,12.172653425365075,215.30421686787483,21297.0,1.8556149732620322
1283.9987159999998,,54.08025734451485,20140.0,1.2486486486486486
1284.1987158,,36.2878370150321,20998.0,2.033707865168539
1284.3987155999998,4.55195019572702,8.128689322966114,21203.0,2.122093023255814
1284.5987154,2.3749940822799793,2.671986046616538,21123.0,2.3248407643312103
1284.7987151999998,2.6604736916749396,5.788376686194839,21153.0,2.0
1284.998715,2.5363550071191265,2.2934844904859566,21070.0,2.0914285714285716
1285.1987147999998,,9.230073331466295,20762.0,1.9891304347826086
1285.3987146,,9.06049442377358,21044.0,2.134502923976608
1285.5987143999998,,47.41176589560542,19574.0,1.3389830508474576
1285.7987142,,48.57035892820193,20799.0,2.0685714285714285
1285.9987139999998,2.652791099175139,2.242060438225923,20852.0,1.9728260869565217
1286.1987138,3.663904812370538,3.640103982236007,20759.0,1.8802083333333333
1286.3987135999998,3.215379413611554,3.6082178921135406,20703.0,1.875
1286.5987134,3.222319051077221,3.9046119364671803,20655.0,2.0
1286.7987131999998,8.759050892142554,11.424608453811627,21241.0,1.942408376963351
1286.998713,,40.75692729352163,27334.0,2.9382716049382718
1287.1987127999998,,210.08252529410706,34018.0,2.639344262295082
1287.3987126,,235.08778032682696,31194.0,1.505952380952381
1287.5987123999998,15.510871808986444,30.65094147753595,29066.0,2.8674698795180724
1287.7987122,,68.06198376108854,30947.0,3.062111801242236
1287.9987119999998,12.35813034891376,60.567192634040154,28861.0,1.6012269938650308
1288.1987118,24.117551702117208,143.78833409366223,40714.0,2.84
1288.3987115999998,12.365422777213107,59.21459469693129,41322.0,1.4976525821596245
1288.5987114,4.991615644704377,67.10732603459778,43772.0,2.384976525821596
1288.7987111999998,3.9500202860330664,37.87180188783322,39436.0,2.375586854460094
1288.998711,3.354697705151338,17.738861979495404,39349.0,2.3708920187793425
1289.1987107999998,2.3239799826380025,2.137358319570451,39166.0,2.3708920187793425
1289.3987106,2.419637847487886,6.9223371615121465,39210.0,2.375586854460094
1289.5987103999998,8.98502422930199,107.7500235465819,38796.0,1.4741784037558685
1289.7987102,2.6015470875298514,4.502239105095376,38524.0,1.4976525821596245
1289.9987099999998,2.562205933336635,78.41582982824934,40382.0,2.375586854460094
1290.1987098,2.367861031376819,3.0671750654273557,40412.0,2.3708920187793425
1290.3987095999998,2.253224762189352,4.142132319960993,40158.0,2.6861702127659575
1290.5987094,11.397904669395684,44.46982907403999,43239.0,2.7790055248618786
1290.7987091999998,11.043471758312977,111.8411533312042,40118.0,2.291079812206573
1290.998709,,120.24132035361882,34680.0,3.0580645161290323
1291.1987087999998,10.85004877453969,94.22756717558933,32804.0,2.7098765432098766
1291.3987086,,39.00915628042669,27173.0,1.251231527093596
1291.5987083999999,,63.28670844361363,29327.0,2.272300469483568
1291.7987082,,37.681702204568985,23532.0,1.0
1291.9987079999999,,80.92920029186375,26648.0,2.272300469483568
1292.1987078,,6.164717151754675,25634.0,2.2995169082125604
1292.3987075999999,,7.213072653346046,25794.0,2.3157894736842106
1292.5987074,,70.2206852939099,20074.0,1.8333333333333333
1292.7987071999999,,73.03293932295568,24733.0,2.513227513227513
1292.998707,,64.11756117664436,19774.0,1.8409090909090908
1293.1987067999999,,9.720829537267305,19037.0,1.4580152671755726
1293.3987066,,9.032214453502494,19525.0,1.8409090909090908
1293.5987063999999,,35.60399856335824,20081.0,1.4360902255639099
1293.7987062,,73.1906583750278,25343.0,3.3216783216783217
1293.9987059999999,,148.67875509634038,21365.0,1.3142857142857143
1294.1987058,,90.03526612327938,26711.0,3.22
1294.3987055999999,22.356485099731557,88.3508431709862,29429.0,3.248322147651007
1294.5987054,11.397701813977019,31.057461620953404,27674.0,3.3013698630136985
1294.7987051999999,8.602010050251256,28.438069386095144,27860.0,3.1633986928104574
1294.998705,22.587580009847365,84.79813388994677,32496.0,3.6044776119402986
1295.1987047999999,20.771493275152586,122.44856288648938,36209.0,3.230769230769231
1295.3987046,11.14144798064396,32.6426128615195,32238.0,3.4125874125874125
1295.5987043999999,8.799307628787398,20.3481046575358,31486.0,3.576642335766423
1295.7987042,5.106662416321326,9.876902510599296,31370.0,3.550724637681159
1295.9987039999999,6.1928746928746925,9.708139643945776,31746.0,3.5611510791366907
1296.1987038,4.848872520514312,6.476013238481434,30954.0,3.6323529411764706
1296.3987035999999,4.011736488647266,5.714115197920276,31270.0,3.579710144927536
1296.5987034,3.9225567541458704,12.088417943471983,31055.0,3.6544117647058822
1296.7987031999999,3.935614198223619,12.094911976092934,31187.0,3.5985401459854014
1296.998703,17.887920181291705,99.66688351111459,31772.0,3.225806451612903
1297.1987027999999,,81.42517598199348,25861.0,3.6598639455782314
1297.3987026,16.379307926936157,43.42944836291347,28523.0,3.3877551020408165
1297.5987023999999,,78.41382419459354,31265.0,2.9693251533742333
1297.7987022,29.213900153073556,110.16542492706222,37237.0,2.300469483568075
1297.9987019999999,23.879334861719723,165.72224913102775,34459.0,3.082802547770701
1298.1987018,6.338631511166842,44.997954167033384,29507.0,3.306122448979592
1298.3987015999999,6.9589939857845815,24.955200622194997,29264.0,3.292517006802721
1298.5987014,3.3685096153846152,1.9661496988427856,29120.0,3.292517006802721
1298.7987011999999,2.5507496122695157,0.3280190934834729,29015.0,3.2857142857142856
1298.998701,5.132697642163661,8.08654406298562,28840.0,3.331034482758621
1299.1987007999999,12.874492420140768,19.752654952167067,29552.0,3.1633986928104574
1299.3987006,8.957083851035964,1.2529436112695342,29779.0,3.156862745098039
1299.5987003999999,18.738489612577204,55.8785808290634,35620.0,3.1842105263157894
1299.7987002,15.870964261631828,66.50752191108852,37075.0,3.3379310344827586
1299.9986999999999,6.3079076051988165,99.56949208626662,31084.0,3.27027027027027
1300.1986998,,102.34655351784188,27742.0,1.8630136986301369
1300.3986995999999,,118.193640169466,30354.0,3.315068493150685
1300.5986994,2.3649042602530974,1.249787919184198,30186.0,3.3379310344827586
1300.7986991999999,4.913068901666504,10.748163671967882,30783.0,3.2567567567567566
1300.998699,3.636842798787719,6.459798855252052,30356.0,3.292517006802721
1301.1986987999999,6.894990112063283,26.157226335348554,30340.0,3.1633986928104574
1301.3986986,4.188419270228096,10.749594493553625,30119.0,3.1842105263157894
1301.5986983999999,5.311671612265084,8.017213507096859,30330.0,3.1225806451612903
1301.7986982,12.270824188810481,25.889334145133635,29617.0,2.9693251533742333
1301.9986979999999,4.144853141147674,11.75657400297512,29416.0,2.9390243902439024
1302.1986978,6.295357794445571,28.707593974224373,29598.0,2.9454545454545453
1302.3986975999999,9.506138392857142,45.00898994345976,30464.0,2.813953488372093
1302.5986974,7.045184064548664,15.331661076715843,29745.0,2.8304093567251463
1302.7986971999999,3.6008231841031004,8.252940175034242,29641.0,2.847058823529412
1302.998697,,3.780046396190114,28495.0,2.874251497005988
1303.1986967999999,,17.42287479406627,29010.0,2.8982035928143715
1303.3986966,3.904060454102243,5.1811656991361605,28716.0,2.933333333333333
1303.5986963999999,4.6884088813222675,15.351171433581367,28194.0,3.025
1303.7986962,11.511139720344742,13.80008758289294,27963.0,3.0632911392405062
1303.9986959999999,,14.571037522251075,25859.0,3.1788079470198674
1304.1986958,,4.024309793916482,26469.0,3.142857142857143
1304.3986955999999,4.41254300079386,8.918782370302829,26453.0,3.155844155844156
1304.5986954,2.782323058706696,5.572912122599923,26181.0,3.1633986928104574
1304.7986951999999,3.1350024732696626,0.9749486538609946,26281.0,3.1633986928104574
1304.998695,,22.563457089872497,26659.0,3.109677419354839
1305.1986947999999,,19.566817196426186,27029.0,3.218543046357616
1305.3986946,13.438565837293822,9.670233886072994,28616.0,3.2317880794701987
1305.5986943999999,4.552629706070742,14.902471768431623,28102.0,3.2837837837837838
1305.7986942,10.408608429803166,24.972709630238175,29111.0,3.155844155844156
1305.998694,4.42897202896493,13.643298858774058,28172.0,3.2684563758389262
1306.1986938,2.518321979204016,4.327708201636208,27890.0,3.2905405405405403
1306.3986936,3.0208098783366624,4.726032167907535,27535.0,3.2837837837837838
1306.5986934,28.968454949040204,85.91822021268347,31986.0,1.6107784431137724
1306.7986932,14.933865832542033,30.98650727943579,35806.0,1.7142857142857142
1306.998693,18.31263063601075,66.41789699963299,40188.0,1.538888888888889
1307.1986928,6.772063120981882,72.58600311285821,35931.0,1.7757575757575759
1307.3986926,3.6982946249001296,13.145176074403123,36297.0,1.8098159509202454
1307.5986924,,0.700372040795485,35761.0,1.826086956521739
1307.7986922,,5.059621963109881,35763.0,1.8385093167701863
1307.998692,3.298505804588124,7.018575722562404,36006.0,1.8322981366459627
1308.1986918,3.172433871236067,5.862207506571901,36066.0,1.7865853658536586
1308.3986916,2.764832522507409,2.371745606013581,35766.0,1.7975460122699387
1308.5986914,2.9876160125237616,4.469619398040515,35772.0,1.8148148148148149
1308.7986912,6.15159891598916,136.65911899512142,36900.0,3.2960526315789473
1308.998691,2.9877927455567206,3.477415656715334,37191.0,3.3245033112582782
1309.1986908,3.2373086872170727,6.978852578189831,37112.0,3.3178807947019866
1309.3986906,5.4495319015026356,22.123548661230046,38133.0,3.2
1309.5986904,4.901802133137183,33.8174557677697,38066.0,3.225806451612903
1309.7986902,4.157715192383975,20.43797273655668,37815.0,3.2679738562091503
1309.99869,4.018227766426498,15.58305372141162,37196.0,3.34
1310.1986898,2.643833042544625,6.885034003825046,37255.0,3.3466666666666667
1310.3986896,6.198856902046514,36.44703835718773,37967.0,3.2582781456953644
1310.5986894,4.532810995828431,27.294241715072594,37396.0,3.1032258064516127
1310.7986892,3.184950235152576,5.790332968120605,36572.0,3.1842105263157894
1310.998689,2.406091511237979,6.32509019251361,36083.0,3.1710526315789473
1311.1986888,4.217473030402092,22.06564303307261,36708.0,3.164473684210526
1311.3986886,3.770870194627634,13.826272453767189,37302.0,3.150326797385621
1311.5986884,4.332249350921822,7.019100113772682,38131.0,3.156862745098039
1311.7986882,4.0870920080591,29.199301192962988,37225.0,3.2733333333333334
1311.998688,3.052046097209625,10.652111861912537,37486.0,3.251655629139073
1312.1986878,4.15713742737688,31.003435527577754,36834.0,3.306122448979592
1312.3986876,3.8328902392707938,22.60632889749272,36862.0,3.2466666666666666
1312.5986874,4.30510964502257,8.086694405525,37439.0,3.2317880794701987
1312.7986872,3.3709537288753118,19.240820314655657,35681.0,3.304054054054054
1312.998687,15.822905770263775,135.542616928484,35371.0,3.08974358974359
1313.1986868,7.48167829717656,61.60509882027749,34249.0,3.0733333333333333
1313.3986866,4.418172384324258,20.794636051832104,32764.0,3.1258278145695364
1313.5986864,3.8797240843291556,11.634658301170287,30879.0,3.205298013245033
1313.7986862,2.865511988342827,4.311167880804077,30196.0,3.2348993288590604
1313.998686,2.1285956569452296,1.9269239132034577,30071.0,3.27027027027027
1314.1986858,2.315304220476634,1.4067601567770627,30044.0,3.2567567567567566
1314.3986856,2.0418841205996743,0.5924732307835349,30083.0,3.27027027027027
1314.5986854,2.037607747861683,2.498049561232938,30047.0,3.2432432432432434
1314.7986852,,12.382778697212927,30648.0,3.1946308724832213
1314.998685,,9.020502637547528,30921.0,3.228187919463087
1315.1986848,2.662861197110423,5.104097754209098,31008.0,3.2348993288590604
1315.3986846,2.30427572752398,5.295328405007122,30755.0,3.2567567567567566
1315.5986844,,11.663568513993583,29583.0,3.1506849315068495
1315.7986842,,38.55177050065448,30445.0,3.1161290322580646
1315.998684,,165.8011280981051,24395.0,1.5629139072847682
1316.1986838,12.4168507817811,51.92902234534164,23536.0,2.948905109489051
1316.3986836,11.674181669394436,21.827942320350925,24440.0,2.661870503597122
1316.5986834,21.385996741706162,135.21403963464795,27008.0,2.0689655172413794
1316.7986832,,67.496508125611,34432.0,2.933333333333333
1316.998683,9.883748845798708,52.42510371907074,32490.0,2.272300469483568
1317.1986828,,34.250188051581176,28370.0,1.8829268292682926
1317.3986826,,41.5808590588555,31999.0,2.267605633802817
1317.5986824,,44.23030829492949,28387.0,1.975
1317.7986822,3.1607875903658225,29.72682276653122,27527.0,1.3467336683417086
1317.998682,,65.73966994916819,31274.0,2.272300469483568
1318.1986818,,60.08275111871081,26047.0,1.346938775510204
1318.3986816,,55.030992797334584,31789.0,2.3381642512077296
1318.5986814,,37.72622292623741,28209.0,1.9642857142857142
1318.7986812,,23.914366544094342,27549.0,1.2959183673469388
1318.998681,,73.63078375318305,31646.0,2.3381642512077296
1319.1986808,,50.782884600015755,28049.0,1.9054726368159205
1319.3986806,,67.83764920350596,26312.0,1.3300492610837438
1319.5986804,,66.59446191999297,33110.0,2.2452830188679247
1319.7986802,,212.63446664122944,36907.0,3.2012987012987013
1319.99868,13.899370273092623,100.26215172437028,31601.0,3.4326241134751774
1320.1986798,14.341182484239223,109.65284415612075,29345.0,3.380952380952381
1320.3986796,10.655065307422745,55.00166720662182,25112.0,3.408450704225352
1320.5986794,31.332923116782176,176.5679101859683,30878.0,3.248407643312102
1320.7986792,11.640533068689303,49.67938147852132,28214.0,3.629139072847682
1320.998679,6.7796378418329635,51.65784605275556,27060.0,3.420689655172414
1321.1986788,19.542518277822907,52.23449191755018,30775.0,3.235294117647059
1321.3986786,,1257.33461880348,12243.0,7.688888888888889
1321.5986784,,1203.7086761224837,36791.0,1.2347417840375587
1321.7986782,8.91587724771683,49.31824386993527,35258.0,1.267605633802817
1321.998678,10.025478325617534,107.24116970305407,30889.0,0.8262910798122066
1322.1986778,,87.61750986320705,29340.0,1.359375
1322.3986776,,104.67973496075842,25572.0,1.8461538461538463
1322.5986774,10.3259283577734,187.15452089457023,27414.0,3.2466666666666666
1322.7986772,6.012005780561011,28.235667548368202,26987.0,3.248322147651007
1322.998677,2.8728235904275023,3.1665416004256484,26994.0,3.248322147651007
1323.1986768,2.760490687411175,8.774609635128575,26738.0,3.27027027027027
1323.3986766,,8.953031205864646,26176.0,3.2789115646258504
1323.5986764,,11.128919220893408,26942.0,3.2993197278911564
1323.7986762,,92.18461062052961,27535.0,3.2582781456953644
1323.998676,,13.687982430802535,27461.0,3.141025641025641
1324.1986758,,24.648014923220057,27151.0,3.168831168831169
1324.3986756,5.88501110288675,26.360628823365857,27020.0,3.2466666666666666
1324.5986754,,100.09554846668028,26693.0,1.7402597402597402
1324.7986752,,145.28294289389112,39297.0,3.067484662576687
1324.9986749999998,13.903396526449177,120.96128122623173,40247.0,3.0864197530864197
1325.1986748,20.43736795154702,153.76542960609333,42598.0,1.639344262295082
1325.3986745999998,5.76577466721559,69.20473305215047,36435.0,1.874251497005988
1325.5986744,3.6071691989969024,21.713343256305894,33895.0,1.9622641509433962
1325.7986741999998,13.281113987426393,208.11829607388597,35153.0,3.0308641975308643
1325.998674,6.519597839135654,58.410252553689205,33320.0,3.3311258278145695
1326.1986737999998,2.907367527070885,15.914787710736757,32969.0,3.421768707482993
1326.3986736,2.182026383290583,1.0616825582399132,32748.0,3.421768707482993
1326.5986733999998,2.064509248255477,2.8747512919759273,32817.0,3.421768707482993
1326.7986732,2.235705596107056,1.2526704116297511,32880.0,3.4285714285714284
1326.9986729999998,2.1584436177349513,1.200706780695598,32794.0,3.4285714285714284
1327.1986728,12.63979108396598,49.370898190107255,35038.0,2.803680981595092
1327.3986725999998,7.74366452962056,36.715283095106415,36343.0,2.798816568047337
1327.5986724,,39.079707690027625,34084.0,2.1341463414634148
1327.7986721999998,2.610850390139093,55.78658895917302,35372.0,2.8773006134969323
1327.998672,,7.21914169469522,35884.0,3.097560975609756
1328.1986717999998,10.68407841262252,89.80252362987196,33464.0,3.2037037037037037
1328.3986716,16.41226833199033,180.5353977236452,29784.0,3.1161290322580646
1328.5986713999998,,27.403562565968773,22411.0,1.8661971830985915
1328.7986712,,26.901572578174456,21707.0,2.1911764705882355
1328.9986709999998,,109.91347064234587,23129.0,2.7714285714285714
1329.1986708,,45.78691204032572,21357.0,1.8776978417266188
1329.3986705999998,,40.04185325423156,22430.0,2.776978417266187
1329.5986704,,74.9288685320732,29340.0,3.361111111111111
1329.7986701999998,,117.60871254958555,30550.0,2.9517241379310346
1329.99867,,34.42738829193404,32689.0,3.361111111111111
1330.1986697999998,,39.79243904634485,31674.0,3.463768115942029
1330.3986696,,14.935110920596374,33226.0,3.361111111111111
1330.5986693999998,,7.5551321356740395,32148.0,3.4388489208633093
1330.7986692,,17.744470115644766,32695.0,3.4571428571428573
1330.9986689999998,7.629328346579398,9.541001971745592,32085.0,3.5072463768115942
1331.1986688,4.201310979452918,7.619444434088257,31732.0,3.5328467153284673
1331.3986685999998,4.374025553938218,11.212615413568058,30915.0,3.5328467153284673
1331.5986684,3.844239091530277,1.4241919938113408,30733.0,3.5588235294117645
1331.7986681999998,4.958370750481078,6.350611893517414,31180.0,3.5588235294117645
1331.998668,,29.10000044487009,32310.0,3.446043165467626
1332.1986677999998,,9.993352366639868,32719.0,3.4820143884892087
1332.3986676,5.504955355773066,10.937038868309845,32591.0,3.5072463768115942
1332.5986673999998,13.18492465269602,68.15930499831185,33976.0,3.611940298507463
1332.7986672,16.396690307328605,42.280775603226154,33840.0,3.248322147651007
1332.9986669999998,11.810702362609142,34.93493360838171,31152.0,3.5588235294117645
1333.1986668,9.001013299556682,30.454751995583642,31580.0,3.4397163120567376
1333.3986665999998,,26.277604604085226,31462.0,3.463768115942029
1333.5986664,,14.810820184467023,31919.0,3.4820143884892087
1333.7986661999998,2.783121625417434,8.825818656604277,32041.0,3.4820143884892087
1333.998666,7.658608152069911,44.07277497300061,31354.0,3.4820143884892087
1334.1986657999998,21.21741819574117,139.51864927729264,33953.0,3.2171052631578947
1334.3986656,18.379380731063936,117.13100666427458,31844.0,3.2266666666666666
1334.5986653999998,24.75593783598866,152.11989938346062,30693.0,3.0987654320987654
1334.7986652,11.710604082193663,32.85242405356177,29102.0,3.279220779220779
1334.9986649999998,16.297464440321583,39.6038518084437,32340.0,3.1226993865030677
1335.1986648,10.860746025785454,111.45294702592267,31956.0,1.7951807228915662
1335.3986645999998,6.94193689745837,29.469087359870205,31948.0,1.8414634146341464
1335.5986644,7.396059235392528,34.85743119530072,32278.0,2.096774193548387
1335.7986641999998,4.703058940562049,12.759380817441755,32168.0,1.858974358974359
1335.998664,4.257451259816258,12.425772698730562,32981.0,1.872611464968153
1336.1986637999998,,23.83565309692223,32172.0,1.881578947368421
1336.3986636,,87.34985002094655,34865.0,3.2756410256410255
1336.5986633999999,,1428.3606793216743,11797.0,4.769230769230769
1336.7986632,,1492.954993571641,33612.0,1.9102564102564104
1336.9986629999999,3.091923794379377,21.89872694766222,32701.0,1.8782051282051282
1337.1986628,2.95771875,9.66468216764406,32000.0,1.908496732026144
1337.3986625999999,2.3862861472408134,5.119879683247516,31676.0,2.198675496688742
1337.5986624,3.0478514690400997,4.105568038351147,31347.0,2.006666666666667
1337.7986621999999,3.5136739659367398,15.114114889194424,30825.0,1.9673202614379084
1337.998662,2.6272427203503383,5.576314867852319,30599.0,1.8896103896103895
1338.1986617999999,3.745217606636538,113.50156635699048,32306.0,3.303225806451613
1338.3986616,7.063090406847867,66.63719812757131,29323.0,2.090909090909091
1338.5986613999999,9.285436578648955,192.62452523139805,30865.0,3.524822695035461
1338.7986612,7.914341156902606,21.769493743794076,32466.0,3.3378378378378377
1338.9986609999999,4.261852101163574,85.28765580503247,31197.0,1.8466666666666667
1339.1986608,6.679099331394477,139.1620289988506,33353.0,3.4405594405594404
1339.3986605999999,19.45309787326389,66.61082852310183,36864.0,2.847058823529412
1339.5986604,11.545339909208092,89.7650255792166,35686.0,2.853801169590643
1339.7986601999999,9.784583449515134,30.796902195873773,32277.0,1.7770700636942676
1339.99866,4.750133358436098,17.479835866573232,31869.0,1.8193548387096774
1340.1986597999999,19.419929287359306,148.54591637106137,30829.0,1.3016759776536313
1340.3986596,6.026404833836858,57.3274989855455,33100.0,2.852272727272727
1340.5986593999999,5.963404645677031,19.83002215054413,30523.0,3.0421686746987953
1340.7986592,8.40578598814918,20.44016222078967,28690.0,3.018867924528302
1340.9986589999999,3.342324226875607,9.093377947888037,28844.0,3.025
1341.1986588,15.802275265214965,180.7495255488184,28656.0,1.558139534883721
1341.3986585999999,5.74946281278159,30.2107811518073,28854.0,1.5555555555555556
1341.5986584,3.8109728467356825,16.544216433643086,28689.0,1.5917159763313609
1341.7986581999999,3.9585555336098492,127.63552401151058,30378.0,2.9212121212121214
1341.998658,5.07704182373003,46.478209573458734,27855.0,2.8867924528301887
1342.1986577999999,3.6042635800886416,19.66169254202623,27301.0,3.3225806451612905
1342.3986576,5.728068548536667,32.24573549938337,26959.0,3.013157894736842
1342.5986573999999,,82.49493155360801,25587.0,2.0272108843537415
1342.7986572,,49.423575413296184,31132.0,3.1032258064516127
1342.9986569999999,11.286972692571204,79.80053092419246,30651.0,3.251700680272109
1343.1986568,3.7514810426540284,9.447302212249255,30384.0,3.3055555555555554
1343.3986565999999,2.6082941737044463,0.4628722294289854,30431.0,3.3286713286713288
1343.5986564,3.011721974574872,4.640336392385613,30285.0,3.3216783216783217
1343.7986561999999,,176.45513523599584,30041.0,3.271523178807947
1343.998656,,97.19612839132488,20315.0,1.8780487804878048
1344.1986557999999,,148.92451365204184,24893.0,2.624113475177305
1344.3986556,,236.87411067006548,25124.0,1.9668508287292819
1344.5986553999999,8.445543555062077,228.02058422248638,19814.0,2.6923076923076925
1344.7986552,,56.02950383326663,23440.0,2.9714285714285715
1344.9986549999999,7.120519939424533,13.176499386415585,23772.0,3.4571428571428573
1345.1986548,5.900061717510139,43.533895864270136,22684.0,2.5217391304347827
1345.3986545999999,7.010019953153466,12.84759981786971,23054.0,2.985611510791367
1345.5986544,,52.09264100295463,21188.0,2.2025316455696204
1345.7986541999999,,41.51716496801455,24062.0,2.872340425531915
1345.998654,,61.103138512732045,25479.0,3.0140845070422535
1346.1986537999999,15.437079309335674,28.844709689551152,27336.0,2.993006993006993
1346.3986536,,100.32939386466438,31577.0,3.2176870748299318
1346.5986533999999,,173.74049209422384,41223.0,3.150943396226415
1346.7986532,5.216788282004507,18.474728199791482,37276.0,1.9371069182389937
1346.9986529999999,4.254353128013158,28.5885346728987,35262.0,1.9870967741935484
1347.1986528,3.008587953496524,5.791968052969676,34234.0,2.0
1347.3986525999999,3.0261865342163357,58.76588097097298,36240.0,3.1842105263157894
1347.5986524,2.2961980548187446,1.4441197065043805,36192.0,3.1776315789473686
1347.7986521999999,31.16803064600383,291.0262463722508,34458.0,1.7988505747126438
1347.998652,5.9482388460248234,37.39016746399583,29810.0,1.9685534591194969
1348.1986517999999,4.0122189638318675,11.619923944873124,28644.0,2.0256410256410255
1348.3986516,5.39415345551613,123.50429597231599,30719.0,3.0961538461538463
1348.5986513999999,7.041560586251978,36.80993631237977,29066.0,3.1483870967741936
1348.7986512,,35.46856000533817,28613.0,3.227272727272727
1348.9986509999999,,8.890164672896086,29170.0,3.09375
1349.1986508,,96.2554581687045,27683.0,3.311688311688312
1349.3986505999999,,49.73964882345238,29970.0,3.2229299363057327
1349.5986504,8.675123418445745,10.432123711268385,30587.0,3.2229299363057327
1349.7986501999999,,119.73927590867798,28265.0,2.1055900621118013
1349.99865,,105.13720815938662,30992.0,3.0
1350.1986497999999,3.697427898389253,3.6655649635694574,31414.0,2.994047619047619
1350.3986496,6.409919457397202,17.453030759844758,30667.0,3.091463414634146
1350.5986493999999,3.76662978391044,18.65524663501789,30728.0,3.1962025316455698
1350.7986492,9.536494606035777,44.8215974073528,29292.0,3.391891891891892
1350.998649,5.636827490454703,3.9352463477470834,28810.0,3.401360544217687
1351.1986488,6.1403428811836065,15.588495548183769,28523.0,3.401360544217687
1351.3986486,6.15022874058127,13.963419644434792,29728.0,3.3691275167785233
1351.5986484,,57.98660579984828,29204.0,3.2972972972972974
1351.7986482,,20.027277611181265,29984.0,3.386206896551724
1351.998648,7.231838611895056,8.712459967278276,28701.0,3.4295774647887325
1352.1986478,4.389500245321371,24.746994897113062,28534.0,3.4405594405594404
1352.3986476,3.5129213282339062,4.284338773982692,27977.0,3.3793103448275863
1352.5986474,3.813573791484367,12.454998777185919,28113.0,3.393103448275862
1352.7986472,3.753567996583265,8.722935985781277,28097.0,3.406896551724138
1352.998647,8.837453971593899,15.74841339308097,30416.0,3.4444444444444446
1353.1986468,,136.8468592360664,22334.0,2.098360655737705
1353.3986466,,147.8942549314812,30158.0,3.4475524475524475
1353.5986464,7.143891760213319,29.457551996724597,30377.0,3.3655172413793104
1353.7986462,4.874885275993182,15.295479805800506,30508.0,3.4895104895104896
1353.998646,,11.1869133073606,29657.0,3.482269503546099
1354.1986458,,28.49065567869511,30474.0,3.5106382978723403
1354.3986456,3.503150047827951,6.382735103008098,30317.0,3.597122302158273
1354.5986454,15.998660953401178,22.62583988559484,33606.0,3.443708609271523
1354.7986452,12.431300345224395,137.52951726693564,30415.0,3.3
1354.998645,12.958634314996605,29.25360338080275,32394.0,3.6778523489932886
1355.1986448,8.76731220657277,130.3080951650749,27264.0,3.6666666666666665
1355.3986446,4.219835846259537,6.586064703416129,27657.0,3.611940298507463
1355.5986444,,3.702013773032058,27163.0,3.5789473684210527
1355.7986442,2.6871704097060882,0.6451440145475124,27117.0,3.593984962406015
1355.998644,,15.928741627864369,28283.0,3.4676258992805757
1356.1986438,3.0207832602855933,1.716423477667178,28292.0,3.4748201438848922
1356.3986436,4.575027105168052,5.13492790394623,27670.0,3.5588235294117645
1356.5986434,4.154059478197409,4.4033979844348625,27405.0,3.5328467153284673
1356.7986432,,6.688614492339544,27103.0,3.525925925925926
1356.998643,3.038350804665584,1.1069276111650828,27092.0,3.533333333333333
1357.1986428,,50.614869636410205,27592.0,3.611940298507463
1357.3986426,,33.62344900290533,29451.0,3.4671532846715327
1357.5986424,,22.198401727270433,28061.0,2.8
1357.7986422,,20.11036391290732,22155.0,2.837037037037037
1357.998642,,5.638679677998248,20710.0,2.8473282442748094
1358.1986418,,19.325494633380746,20774.0,2.8846153846153846
1358.3986416,,18.63424612617599,19730.0,2.9296875
1358.5986414,2.4651033506847932,3.1410686423762093,19787.0,2.9296875
1358.7986412,,8.981458803577564,20119.0,2.9296875
1358.998641,,58.959710534841804,23863.0,3.5474452554744524
1359.1986408,,50.53155341950069,20400.0,2.9069767441860463
1359.3986406,11.090181650954243,34.49741258007907,21745.0,2.8
1359.5986404,,52.54007153402154,25567.0,3.3846153846153846
1359.7986402,2.9625961314378935,3.4125403431716754,25746.0,3.361111111111111
1359.99864,2.6228285903891946,1.625727034570894,25617.0,3.361111111111111
1360.1986398,3.0370062205317168,4.330180552340218,25239.0,3.361111111111111
1360.3986396,,11.533815956009287,24048.0,2.921985815602837
1360.5986394,,18.62078308228108,27129.0,3.1842105263157894
1360.7986392,9.744870507930134,24.10496146513544,24905.0,3.3986013986013988
1360.998639,4.031845299321128,14.720935388092483,24305.0,3.4714285714285715
1361.1986388,,92.66728386855603,23880.0,2.5510204081632653
1361.3986386,,33.56010223300548,29901.0,3.0440251572327046
1361.5986384,9.087518414356502,28.09702925575237,29868.0,3.1633986928104574
1361.7986382,,92.24871124848772,27742.0,1.7919463087248322
1361.998638,,50.33266096851051,33116.0,2.5272727272727273
1362.1986378,,31.29415072545773,32072.0,3.096774193548387
1362.3986376,2.9220698833214693,3.279458828394254,32311.0,3.109677419354839
1362.5986374,7.059089392422726,28.157274618510442,32967.0,3.096774193548387
1362.7986372,4.6728800049052674,20.615414471884304,32618.0,3.1437908496732025
1362.998637,,6.863354205399416,32289.0,2.823529411764706
1363.1986368,,6.643195530988111,32583.0,3.116883116883117
1363.3986366,5.27331053475774,14.470131450451053,33043.0,3.1032258064516127
1363.5986364,,21.600752465678138,32704.0,3.0384615384615383
1363.7986362,,15.13534251940958,35822.0,3.006289308176101
1363.998636,,16.77429569021309,34652.0,2.764705882352941
1364.1986358,,18.59571370158071,33120.0,2.7243589743589745
1364.3986356,,24.41416605446154,29032.0,2.758169934640523
1364.5986354,,116.19095620948222,25133.0,2.4452054794520546
1364.7986352,,99.30092057709827,27502.0,2.8435374149659864
1364.998635,13.37032987747408,48.19865761588612,26525.0,2.958041958041958
1365.1986348,,48.62048765200134,27831.0,2.7315436241610738
1365.3986346,18.57151865475565,65.8890171855946,28545.0,3.172185430463576
1365.5986344,,64.80281375903353,25644.0,1.8472222222222223
1365.7986342,,46.228083203829414,32863.0,3.1456953642384105
1365.998634,,190.38070820869825,39456.0,3.263157894736842
1366.1986338,21.45016136712343,63.97229122590117,37802.0,2.957055214723926
1366.3986336,11.276039651117792,116.5370748893301,33593.0,3.2789115646258504
1366.5986334,,26.76190576615096,29330.0,2.8445945945945947
1366.7986332,,22.397430822456776,28240.0,3.292517006802721
1366.998633,13.459912019298992,29.97950105875205,28188.0,3.27027027027027
1367.1986328,20.82766149154422,88.71318915333158,28856.0,3.292517006802721
1367.3986326,10.270433871022286,19.829760743281533,29571.0,3.22
1367.5986324,5.585579626260956,9.01822101437071,30235.0,3.2133333333333334
1367.7986322,3.6850646030068526,6.209719698107195,29333.0,3.25
1367.998632,12.563745840595786,63.27243589446617,31555.0,3.3379310344827586
1368.1986318,,60.186176667907574,24889.0,2.8920863309352516
1368.3986316,,110.76733796696767,27225.0,3.361111111111111
1368.5986314,15.313632270844588,57.33018139772618,27765.0,3.1842105263157894
1368.7986311999998,,61.298156613751715,23992.0,2.5496688741721854
1368.998631,,68.78949294796972,26059.0,3.130718954248366
1369.1986307999998,,8.919145470033877,26321.0,3.1633986928104574
1369.3986306,,7.293384623506709,26083.0,3.165562913907285
1369.5986303999998,,24.88222975410102,25238.0,3.27027027027027
1369.7986302,,20.50785420083546,24362.0,3.3566433566433567
1369.9986299999998,3.564274884235545,2.442897809330679,24403.0,3.3194444444444446
1370.1986298,,7.843253724483899,24658.0,3.3517241379310345
1370.3986295999998,2.886836027713626,1.924148886195769,24248.0,3.3379310344827586
1370.5986294,,56.3459512887126,21164.0,2.7445255474452557
1370.7986291999998,2.8078202204484985,2.7662119784487396,21048.0,2.7445255474452557
1370.998629,,70.25287808141407,25119.0,3.3846153846153846
1371.1986287999998,4.3738628621809,0.7748374274489489,24953.0,3.361111111111111
1371.3986286,,115.9624973681902,19716.0,1.3703703703703705
1371.5986283999998,,47.44698230751981,29014.0,3.0440251572327046
1371.7986282,,38.264176870091966,27201.0,3.138157894736842
1371.9986279999998,,69.41531615882283,29414.0,3.248322147651007
1372.1986278,,105.27028303217865,34694.0,3.1842105263157894
1372.3986275999998,,146.04034047476537,36493.0,3.1455696202531644
1372.5986274,4.0533130916235045,59.44048648862685,33594.0,1.864516129032258
1372.7986271999998,4.240679186748657,93.91582877056226,36102.0,3.2435897435897436
1372.998627,3.477360824742268,16.686734185059336,36375.0,3.1974522292993632
1373.1986267999998,,10.103488073113054,36188.0,3.217948717948718
1373.3986266,,6.195860465099083,36470.0,3.1974522292993632
1373.5986263999998,8.257252514557967,33.514200521512684,37780.0,3.0869565217391304
1373.7986262,,1247.8485426591792,13759.0,4.147540983606557
1373.9986259999998,,12.118675123459536,12972.0,4.421052631578948
1374.1986258,,1330.5356202334874,36694.0,1.8471337579617835
1374.3986255999998,,6.148182937315384,35505.0,1.8076923076923077
1374.5986254,3.572221138030054,7.253792948023761,35869.0,1.8506493506493507
1374.7986251999998,,1356.885505640895,11818.0,4.69811320754717
1374.998625,4.625210934863314,1.3938065055680902,11852.0,4.660377358490566
1375.1986247999998,,1330.8906605344325,38315.0,1.7826086956521738
1375.3986246,,1333.2096727260148,10810.0,5.041666666666667
1375.5986243999998,,1331.4218661010275,37594.0,1.6993865030674846
1375.7986242,2.8857953777537504,11.921134173554767,36995.0,1.6809815950920246
1375.9986239999998,5.928334666819065,39.58832463198472,34996.0,1.5502958579881656
1376.1986238,6.001719690455718,63.22491387589693,31401.0,1.6604938271604939
1376.3986235999998,6.431989040729727,65.71261066765854,29929.0,1.7025316455696202
1376.5986234,3.1993604414208234,86.0975012789727,31897.0,3.082802547770701
1376.7986231999998,2.5961592948213443,3.0916769801837503,31765.0,3.1025641025641026
1376.998623,2.227981404762658,0.6582965756337383,31621.0,3.109677419354839
1377.1986227999998,4.528950403690888,112.97667546115372,30345.0,1.7225806451612904
1377.3986226,3.212934753099454,86.06750754531946,33151.0,3.1548387096774193
1377.5986223999998,15.711855351217592,97.34950490425412,35562.0,1.7378048780487805
1377.7986222,8.52892145893936,19.76340103574039,35752.0,1.6855345911949686
1377.9986219999998,6.256902514801571,169.5306088538546,34118.0,3.109677419354839
1378.1986218,,70.20078687532003,30317.0,2.9382716049382718
1378.3986215999998,,19.258987508189158,30092.0,3.205298013245033
1378.5986214,13.51864786927267,15.756824994039594,31210.0,2.987577639751553
1378.7986211999998,14.063505268996117,49.67417540206474,32454.0,2.6054054054054054
1378.998621,12.37076170009551,45.76538578268279,33504.0,2.4271356783919598
1379.1986207999998,,116.08331713756908,31388.0,0.9121951219512195
1379.3986206,,28.52544934960041,33425.0,1.2863849765258215
1379.5986203999998,,67.62510271655792,34113.0,1.0341463414634147
1379.7986202,,33.443226874519546,34204.0,1.083743842364532
1379.9986199999998,,20.383326833292625,35581.0,1.0330188679245282
1380.1986198,,28.814686602362,33593.0,1.107843137254902
1380.3986195999998,,68.76721237841069,34108.0,1.528301886792453
1380.5986194,,124.04276178303573,29650.0,1.3853658536585365
1380.7986191999998,19.968152211175866,92.10812590634346,29170.0,1.5121951219512195
1380.998619,,112.41276451157208,33440.0,2.2582159624413145
1381.1986187999998,,57.4906519339128,30495.0,1.6536585365853658
1381.3986186,4.198199390970475,14.616443050910283,30212.0,1.6585365853658536
1381.5986183999999,8.830957916371846,32.588261889015975,29679.0,1.7024390243902439
1381.7986182,6.371803777579306,5.6098220480448235,30231.0,1.6926829268292682
1381.9986179999999,2.8180946080052927,6.025820041587424,30230.0,1.6878048780487804
1382.1986178,7.220390099983609,21.834815170319168,30505.0,1.7024390243902439
1382.3986175999999,10.126831981156766,42.15469464607026,30568.0,1.648780487804878
1382.5986174,44.58496444835024,206.81314988594448,37551.0,1.3560975609756099
1382.7986171999999,,270.97606969920207,35062.0,3.0
1382.998617,,89.0540028676854,30574.0,1.96875
1383.1986167999999,,70.86507111775126,32330.0,3.050632911392405
1383.3986166,,96.80678386057336,30302.0,2.064935064935065
1383.5986163999999,,63.77042127794129,31862.0,3.1842105263157894
1383.7986162,2.8900693568726354,1.6550874163689582,31720.0,3.2348993288590604
1383.9986159999999,3.033488160587261,7.79088848694672,30787.0,3.2789115646258504
1384.1986158,2.744150526452619,6.209540099920468,30772.0,3.272108843537415
1384.3986155999999,2.265073425585993,96.8418360713558,28328.0,1.9319727891156462
1384.5986154,2.2259053992819546,13.857198897154776,28689.0,2.2244897959183674
1384.7986151999999,7.4690735511631035,36.91876660189973,29748.0,2.1776315789473686
1384.998615,4.294108072916667,61.26013084791944,30720.0,3.2348993288590604
1385.1986147999999,3.286228498252172,71.71525552035526,28893.0,2.185430463576159
1385.3986146,4.822651876064958,28.523277687203166,28757.0,1.8543046357615893
1385.5986143999999,,76.9170592512314,25298.0,1.7114093959731544
1385.7986142,,96.45276159677645,27288.0,3.292517006802721
1385.9986139999999,17.76394658753709,87.11335251776877,26960.0,3.27027027027027
1386.1986138,21.53278051308629,75.95102361923335,30872.0,3.408450704225352
1386.3986135999999,,47.20093322501908,33613.0,3.1842105263157894
1386.5986134,,44.39100513538479,35964.0,3.5555555555555554
1386.7986131999999,8.563203698667392,24.475524243020825,36770.0,3.5310344827586206
1386.998613,11.696241590368759,49.10991893405949,39538.0,3.1280487804878048
1387.1986127999999,6.337395861659786,19.72176584788731,40451.0,2.9482758620689653
1387.3986126,,53.51619991024324,38870.0,1.7076923076923076
1387.5986123999999,,109.55380632897626,37761.0,1.488262910798122
1387.7986122,8.46846898447792,151.09348039081513,34918.0,2.267605633802817
1387.9986119999999,8.378257877255454,37.18213762236362,33419.0,2.375586854460094
1388.1986118,,205.48285036011154,31769.0,1.3632075471698113
1388.3986115999999,,38.749339387758795,32617.0,1.192488262910798
1388.5986114,36.038333138788374,152.0606442853449,42835.0,2.819672131147541
1388.7986111999999,,114.69716045105345,36908.0,3.4563758389261743
1388.998611,5.18023955700012,64.4847632514529,33228.0,3.4266666666666667
1389.1986107999999,,7.7942538082658706,34543.0,3.392156862745098
1389.3986106,2.7128123526638377,6.985379482470369,33936.0,3.433333333333333
1389.5986103999999,2.8673405492441186,4.083552393216408,33537.0,3.433333333333333
1389.7986102,2.5336024697221564,3.709159279401513,33688.0,3.442953020134228
1389.9986099999999,2.623125129941489,4.648326466894156,33669.0,3.4496644295302015
1390.1986098,2.3943515266948396,0.39000626299655416,33602.0,3.47972972972973
1390.3986095999999,2.2222587097352,0.5766588662521613,33497.0,3.47972972972973
1390.5986094,4.094031463912573,3.7665487446525825,33308.0,3.5067567567567566
1390.7986091999999,5.24391718301345,21.860134056364803,33085.0,3.5205479452054793
1390.998609,4.486726194043267,12.747931923007542,33374.0,3.611111111111111
1391.1986087999999,2.4183984235041205,2.0679280335302836,33492.0,3.576388888888889
1391.3986086,2.3094533608296723,0.5420256329133596,33459.0,3.5448275862068965
1391.5986083999999,2.249410218890913,2.296108134633767,33487.0,3.5448275862068965
1391.7986082,2.5768279970215935,4.259260170458119,33575.0,3.7517241379310344
1391.9986079999999,7.156846624646022,35.90809131311324,32841.0,3.0460526315789473
1392.1986078,12.226021221998751,161.63436187348165,28838.0,3.486111111111111
1392.3986075999999,7.431438001650289,9.08018839377962,26662.0,2.9785714285714286
1392.5986074,8.09025629695095,14.849963484136845,27156.0,2.971223021582734
1392.7986071999999,2.5794209846948184,1.314088816021311,27115.0,2.9855072463768115
1392.998607,2.4619160085615173,1.0238663425245853,27098.0,3.0072992700729926
1393.1986067999999,2.426888888888889,1.0499192109917572,27000.0,3.0072992700729926
1393.3986066,2.547219249363398,3.0528427939182556,27097.0,3.0072992700729926
1393.5986063999999,2.534660082426763,1.9227495018867071,26933.0,3.0072992700729926
1393.7986062,2.519318392294869,2.1474351783807615,26995.0,3.0072992700729926
1393.9986059999999,2.392319417078702,2.5730800408002645,26899.0,3.0
1394.1986058,4.4908311848651,25.946927793013813,27539.0,3.6423357664233578
1394.3986055999999,6.434442548350398,14.157618458796573,28128.0,2.921985815602837
1394.5986054,,35.76531994502383,27479.0,3.368794326241135
1394.7986051999999,5.127350427350428,42.26353449327864,25740.0,3.621212121212121
1394.998605,2.7883859814552885,2.4764012503340433,25452.0,3.6564885496183206
1395.1986047999999,2.4156638390215033,1.5215678588246417,25345.0,3.6615384615384614
1395.3986046,,5.122121144337926,25793.0,3.6666666666666665
1395.5986043999999,2.3600807077448396,0.4416754208038727,25772.0,3.6666666666666665
1395.7986042,,5.4516042777684826,25280.0,3.6769230769230767
1395.998604,,11.276872150766835,26837.0,3.5588235294117645
1396.1986038,2.552542119615974,4.586866541391828,26769.0,3.551470588235294
1396.3986036,3.0630779640628525,2.998046067712876,26602.0,3.5588235294117645
1396.5986034,7.385075818036712,20.66482302082672,27566.0,3.4820143884892087
1396.7986032,,4.318606482097742,26564.0,3.4420289855072466
1396.998603,3.4281379205704967,10.984602433636397,26363.0,3.5
1397.1986028,2.5533190741730962,2.8485203535573147,26182.0,3.5
1397.3986026,,7.991515593322968,26886.0,3.4676258992805757
1397.5986024,25.850293020777837,121.42856136964805,31909.0,3.1032258064516127
1397.7986022,4.254117042791564,11.297587149770093,31151.0,3.221476510067114
1397.998602,3.0762837925236064,3.2216082446803673,30924.0,3.214765100671141
1398.1986018,2.4082347219970823,2.221890577161638,30845.0,3.228187919463087
1398.3986016,2.3704259833523746,1.2678823357545481,30635.0,3.25
1398.5986014,2.2909798534798536,3.0429962878615484,30576.0,3.272108843537415
1398.7986012,,7.298756337674174,30026.0,3.2534246575342465
1398.998601,,7.324591166940679,30544.0,3.2789115646258504
1399.1986008,17.750602975724355,92.77351345678456,31925.0,2.957055214723926
1399.3986006,6.261013537642437,40.3364449196402,30803.0,3.050632911392405
1399.5986004,3.5586477885302332,12.928289255168535,30794.0,3.08974358974359
1399.7986002,,3.3968290281570117,30039.0,3.0580645161290323
1399.9986,2.7802369699793648,1.7883057609329693,30046.0,3.064516129032258
1400.1985998,,11.652442673696578,30514.0,3.08974358974359
1400.3985996,2.668774495273853,1.5313038746957,30363.0,3.1032258064516127
1400.5985994,2.4767415102403105,0.6876081011533838,30419.0,3.0833333333333335
1400.7985992,11.503913864051237,46.105356918059066,32321.0,2.897590361445783
1400.998599,4.751143759262839,26.312172700774198,31038.0,2.9937888198757765
1401.1985988,4.080945395273024,11.053440239385885,30675.0,3.025
1401.3985986,2.5563196662538297,1.0600023589234109,30682.0,3.0
1401.5985984,2.7977862920391656,1.0668099077648345,30537.0,2.987577639751553
1401.7985982,3.2599058002042094,3.53604905160016,30361.0,3.0
1401.998598,2.6574037316395396,2.0450065461176297,30228.0,3.0125
1402.1985978,2.3884127300511593,0.8135749201599722,30102.0,3.0251572327044025
1402.3985976,5.9862991194637925,6.184112868270159,30436.0,3.0636942675159236
1402.5985974,3.0413359243766673,4.052036535372724,30361.0,3.0833333333333335
1402.7985972,,43.22408002612053,30831.0,2.829113924050633
1402.998597,,46.15579256033467,33132.0,3.070063694267516
1403.1985968,,109.18893993671328,30477.0,3.1324503311258276
1403.3985966,,44.241652315131525,30876.0,3.2653061224489797
1403.5985964,2.551514563734523,3.453084972348986,30933.0,3.2789115646258504
1403.7985962,8.949223240384931,79.4917630131975,30447.0,2.66
1403.998596,7.494754870477414,29.8009191757582,28026.0,2.839160839160839
1404.1985958,5.872768645297971,55.88243790407019,25489.0,2.889705882352941
1404.3985956,4.953633405639914,16.693019683775262,25816.0,2.846715328467153
1404.5985954,7.268702932069269,8.753190615336868,26159.0,2.8308823529411766
1404.7985952,7.388265457788347,8.118487964134186,26912.0,3.6044776119402986
1404.998595,4.056021569802277,1.9133582259310138,26704.0,3.6240601503759398
1405.1985948,2.7150499684214435,1.093832067467839,26917.0,3.6390977443609023
1405.3985946,,51.04030502362909,22923.0,3.064516129032258
1405.5985944,,35.21113719445505,27432.0,3.4748201438848922
1405.7985942,,21.329125793644252,25249.0,3.5407407407407407
1405.998594,,6.777652925546627,25865.0,3.5588235294117645
1406.1985938,2.6363777691410806,3.879760290880186,25730.0,3.573529411764706
1406.3985936,,21.976764918289483,27861.0,3.4782608695652173
1406.5985934,,66.57017223341151,30183.0,3.261744966442953
1406.7985932,,26.540793900335693,22842.0,2.8091603053435112
1406.998593,,48.12944733085876,25695.0,3.5588235294117645
1407.1985928,,80.28746854690958,21047.0,1.905511811023622
1407.3985926,,45.07440734299462,22138.0,2.8828125
1407.5985924,,7.096629597080771,21676.0,2.8976377952755907
1407.7985922,,53.07833431090989,25645.0,3.5808823529411766
1407.998592,,71.03604485920287,22445.0,2.853846153846154
1408.1985918,,7.463305773917717,23679.0,2.791044776119403
1408.3985916,,44.60599665411389,27194.0,3.3846153846153846
1408.5985914,2.729720756944188,3.7396260626871825,27109.0,3.3846153846153846
1408.7985912,,46.8080313243256,23452.0,2.7777777777777777
1408.998591,11.392296656957788,12.094026266727264,23003.0,2.708029197080292
1409.1985908,10.980039192453175,14.881911306396523,21943.0,2.803030303030303
1409.3985906,,45.730615918394484,24580.0,3.4820143884892087
1409.5985904,12.078514525781776,19.848121353540154,25231.0,3.375
1409.7985902,8.994721186476182,18.377182763073876,23869.0,3.5035971223021583
1409.99859,,71.89730307116803,25102.0,3.3900709219858154
1410.1985898,,155.4578518039046,28181.0,3.3402777777777777
1410.3985896,32.833338802296964,209.70948543712822,30475.0,3.082802547770701
1410.5985894,,171.83626718206426,26294.0,3.2451612903225806
1410.7985892,,29.685193022075048,27201.0,3.581699346405229
1410.998589,15.336068994296843,28.0190399940276,28756.0,3.2025316455696204
1411.1985888,25.305842630651792,103.66916852910072,34060.0,1.9817073170731707
1411.3985886,4.954746551773993,17.70761907456949,34583.0,1.8282208588957056
1411.5985884,4.863542021622626,30.145974929304906,32281.0,2.069620253164557
1411.7985882,,10.4915330228447,32027.0,1.8717948717948718
1411.998588,,7.282416221315473,31939.0,1.9806451612903226
1412.1985878,6.254494556765163,39.30746055649473,32150.0,1.8924050632911393
1412.3985876,9.518140811923907,159.50587779944937,35693.0,3.2051282051282053
1412.5985874,,85.3186210200693,32156.0,1.9801324503311257
1412.7985872,,11.979660932365391,32758.0,1.8896103896103895
1412.9985869999998,3.336407415567656,24.8340521462674,31771.0,2.02027027027027
1413.1985868,5.988593155893536,129.33620243947132,34453.0,3.302013422818792
1413.3985865999998,2.913475897497163,7.245243079929745,33482.0,3.3333333333333335
1413.5985864,3.9874544349939245,24.117701352418337,32920.0,3.393103448275862
1413.7985861999998,2.6755792643016103,86.63301010115958,30556.0,2.055944055944056
1413.998586,2.458730599524823,87.84411995133503,32409.0,3.4405594405594404
1414.1985857999998,2.59218836225397,0.5943951025078282,32618.0,3.4405594405594404
1414.3985856,5.887497003116758,37.38127360127156,33368.0,3.436619718309859
1414.5985853999998,,40.54307116432143,35472.0,3.4609929078014185
1414.7985852,,129.37752173210072,40747.0,2.9440993788819876
1414.9985849999998,,34.80191971861344,37883.0,3.134228187919463
1415.1985848,,41.50332442002197,37423.0,3.0064516129032257
1415.3985845999998,11.61878636240316,61.5573574985219,33173.0,3.122448979591837
1415.5985844,4.491327025715672,22.242178100008754,32976.0,3.1597222222222223
1415.7985841999998,2.734893319979362,4.6099554140137675,32949.0,3.1888111888111887
1415.998584,2.6552404064917337,3.9859211349450154,32965.0,3.1818181818181817
1416.1985837999998,,29.022137625851634,31937.0,3.074829931972789
1416.3985836,,112.30519328751313,32081.0,3.104575163398693
1416.5985833999998,11.854733936925717,33.22229457856298,29711.0,3.3241379310344827
1416.7985832,15.219480392476449,47.997010244442514,30677.0,2.951219512195122
1416.9985829999998,30.502029985405333,157.74530619499416,37685.0,2.2535211267605635
1417.1985828,,140.08193814942294,31482.0,1.1933962264150944
1417.3985825999998,,34.291830304193205,29057.0,0.8634146341463415
1417.5985824,,76.83852460603597,31444.0,1.483568075117371
1417.7985821999998,,86.85714366329482,26987.0,0.9895833333333334
1417.998582,,42.25951900961983,28555.0,1.2634146341463415
1418.1985817999998,,23.061958884311778,28215.0,1.3300492610837438
1418.3985816,,67.5140329856607,28408.0,1.4264705882352942
1418.5985813999998,,139.18725057520325,29985.0,1.0328638497652582
1418.7985812,,106.71072008609332,31068.0,0.910377358490566
1418.9985809999998,20.86610662358643,92.6048602000215,30950.0,0.9056603773584906
1419.1985808,,16.06312272426486,31705.0,1.1502347417840375
1419.3985805999998,17.81374495811356,72.06411662172285,32230.0,1.2740384615384615
1419.5985804,11.340165519375049,238.08348086929516,25858.0,3.1842105263157894
1419.7985801999998,,48.799891349860324,24681.0,3.370629370629371
1419.99858,,23.39482507737155,24470.0,3.3472222222222223
1420.1985797999998,3.4328569642931543,11.092037228068355,24001.0,3.370629370629371
1420.3985796,2.8620761130917836,1.3002030567317822,24122.0,3.3943661971830985
1420.5985793999998,2.9340438029705465,5.433026348417276,23834.0,3.4014084507042255
1420.7985792,2.833858830453609,1.36707996514335,23787.0,3.4014084507042255
1420.9985789999998,,17.73708321500716,22698.0,3.0714285714285716
1421.1985788,,13.020831123794139,24030.0,3.425531914893617
1421.3985785999998,4.24136233073451,8.126771346243823,24370.0,3.4014084507042255
1421.5985784,4.220455306327419,12.853709883249415,23896.0,3.4014084507042255
1421.7985781999998,4.840556825264907,0.3709216899756036,24065.0,3.3776223776223775
1421.998578,13.87458899075471,44.57589016234863,25851.0,3.2133333333333334
1422.1985777999998,,7.66178713995789,25750.0,3.2066666666666666
1422.3985776,,16.622938789978996,25518.0,3.228187919463087
1422.5985773999998,12.20594431903687,19.069379307119846,26580.0,3.272108843537415
1422.7985772,11.535360036344363,35.04010704994355,26414.0,3.287671232876712
1422.9985769999998,24.99298013245033,86.82920197089479,30200.0,2.6836158192090394
1423.1985768,28.183024859112624,194.59786352198495,34957.0,1.2488262910798122
1423.3985765999998,,153.1747324326632,31526.0,0.9170731707317074
1423.5985764,,77.48837433231168,31392.0,1.0
1423.7985761999998,19.751434156972085,104.46934658278522,31203.0,1.1126760563380282
1423.998576,,36.365479675543234,30137.0,0.9560975609756097
1424.1985757999998,,27.935898203808293,31536.0,1.0610328638497653
1424.3985756,2.757164117665685,0.14096415305977256,31581.0,1.0610328638497653
1424.5985753999998,,140.77966138848575,31964.0,1.0424528301886793
1424.7985752,21.169005960392234,48.03663842324501,36407.0,1.2971698113207548
1424.9985749999998,,123.7644797964201,34273.0,1.1170731707317074
1425.1985748,,250.73058997893878,34519.0,3.076923076923077
1425.3985745999998,3.6559349593495933,20.180046971743312,33825.0,3.0833333333333335
1425.5985744,3.7406414612099868,18.531199080121574,32083.0,3.1842105263157894
1425.7985741999998,3.816805568561351,19.249579555046815,32037.0,3.205298013245033
1425.998574,3.907861870862995,13.029238483822457,32028.0,3.228187919463087
1426.1985737999998,,7.086027915080114,31518.0,3.2162162162162162
1426.3985736,,22.486303749575175,31849.0,3.1788079470198674
1426.5985733999999,3.912001276731567,11.99769186145847,31330.0,3.2635135135135136
1426.7985732,2.8959804802876588,3.266951709365138,31148.0,3.25
1426.9985729999999,2.6153197287739673,9.483145703947049,30823.0,3.228187919463087
1427.1985728,2.80400716729109,6.659951472937852,30695.0,3.2567567567567566
1427.3985725999999,3.204680075506086,6.004796517705689,30726.0,3.292517006802721
1427.5985724,14.780401132325483,74.72758350468946,33206.0,3.272108843537415
1427.7985721999999,27.429645283018868,205.07851910731773,33125.0,1.0956937799043063
1427.998572,,121.37952394492734,28702.0,0.8578431372549019
1428.1985717999999,,37.48382804725736,28715.0,1.3121951219512196
1428.3985716,,132.85445780843034,33092.0,2.2582159624413145
1428.5985713999999,9.864489024946264,83.49574828046899,30706.0,1.215962441314554
1428.7985712,20.955282555282555,128.44043671213885,30525.0,1.302439024390244
1428.9985709999999,10.675876504447933,73.9226193661587,28665.0,1.5617977528089888
1429.1985708,5.961220228889577,58.0131819538158,25864.0,1.656441717791411
1429.3985705999999,4.223780275814115,113.21442854669274,25887.0,3.1710526315789473
1429.5985704,6.35861452340227,36.96829548060489,25724.0,3.1842105263157894
1429.7985701999999,2.821845297890426,4.2245018353822665,25882.0,3.156862745098039
1429.99857,5.623279863203322,99.68245086655581,24562.0,1.7467532467532467
1430.1985697999999,3.1326491389913897,109.50778163749887,26016.0,3.1437908496732025
1430.3985696,2.432313398238294,2.4583549243463927,25884.0,3.1437908496732025
1430.5985693999999,,109.27787234652843,22874.0,1.2516556291390728
1430.7985692,,9.22586703133374,23191.0,1.506578947368421
1430.9985689999999,,101.77496180277927,25817.0,3.164473684210526
1431.1985688,,104.65152358677918,23247.0,1.5364238410596027
1431.3985685999999,,99.64644292591407,25637.0,3.1710526315789473
1431.5985684,2.934328818921943,1.4052519780594368,25917.0,3.185430463576159
1431.7985681999999,8.023499411533935,88.69287741670436,25490.0,1.8866666666666667
1431.998568,17.565333849678897,138.78890484879474,30987.0,2.897590361445783
1432.1985677999999,16.495021779713753,89.93405169963772,32140.0,1.9316770186335404
1432.3985676,14.368949303755501,39.61686450647526,33178.0,2.0764331210191083
1432.5985673999999,7.169800969246244,56.314918179754294,32809.0,3.070063694267516
1432.7985672,5.3770785683377635,14.22356991544005,32354.0,2.8684210526315788
1432.9985669999999,15.18185393258427,52.79216742474995,35600.0,2.9878048780487805
1433.1985668,7.091117286024001,28.03429595970088,32749.0,3.189542483660131
1433.3985665999999,5.808366396950857,11.81219176210456,32009.0,3.302013422818792
1433.5985664,,27.741348066430042,27333.0,3.597122302158273
1433.7985661999999,7.166679236744852,16.15725835282332,26518.0,3.597122302158273
1433.998566,10.445347467608952,18.05840522659278,25470.0,3.4722222222222223
1434.1985657999999,11.681964042375489,61.501816616000056,22749.0,3.3309352517985613
1434.3985656,,46.4855004026276,26092.0,3.361111111111111
1434.5985653999999,,134.58584721516436,16531.0,1.396694214876033
1434.7985652,,127.8956532893615,23826.0,3.4388489208633093
1434.9985649999999,,9.648580862824252,24306.0,3.4785714285714286
1435.1985648,13.337065173930428,12.37910012086588,25010.0,3.3846153846153846
1435.3985645999999,,5.750585782005763,23731.0,3.4214285714285713
1435.5985644,,10.272620760550529,23784.0,3.4571428571428573
1435.7985641999999,,36.183161418405206,24013.0,3.138888888888889
1435.998564,,72.03443658242125,29527.0,2.4918032786885247
1436.1985637999999,10.07035806320358,33.80867667758455,29492.0,2.2686567164179103
1436.3985636,,89.85568260480069,24854.0,3.0884353741496597
1436.5985633999999,,147.0341251286073,18064.0,1.5238095238095237
1436.7985632,,154.20669537247744,25191.0,3.315068493150685
1436.9985629999999,,3.7547892579704283,24332.0,3.1379310344827585
1437.1985628,,33.70806340034016,26370.0,2.4782608695652173
1437.3985625999999,14.043415444629055,46.19143156213639,27686.0,3.0632911392405062
1437.5985624,6.301420402139827,15.540400390452586,27105.0,3.1907894736842106
1437.7985621999999,4.617721986339302,10.264192437706717,27085.0,3.1842105263157894
1437.998562,3.4821362526814115,4.994623483898657,27038.0,3.2266666666666666
1438.1985617999999,,116.27721484751163,22124.0,1.4539007092198581
1438.3985616,,120.97921500729755,27046.0,3.248322147651007
1438.5985613999999,,4.11500204196387,26196.0,3.2094594594594597
1438.7985612,,8.8527635932449,26643.0,3.27027027027027
1438.9985609999999,,8.947518688424005,26546.0,3.2312925170068025
1439.1985608,,9.870619748691343,26818.0,3.292517006802721
1439.3985605999999,4.4721328843316055,10.534333923521887,26429.0,3.292517006802721
1439.5985604,,55.06982527889972,22738.0,2.827338129496403
1439.7985601999999,,56.145430105848,26589.0,3.27027027027027
1439.99856,,56.08855408920962,22838.0,2.827338129496403
1440.1985597999999,,62.99159313576719,26527.0,3.306122448979592
1440.3985596,3.6158433030154358,1.0215945348736708,26497.0,3.292517006802721
1440.5985593999999,4.474707729559986,10.661538902466937,26431.0,3.292517006802721
1440.7985592,8.9326309541475,7.00921799213207,26956.0,3.292517006802721
1440.998559,9.032940266769765,12.61815910053981,25865.0,3.292517006802721
1441.1985588,6.085107212475633,12.59979987981313,25650.0,3.27027027027027
1441.3985586,5.43749048851012,6.966945652754463,26284.0,3.2266666666666666
1441.5985584,4.661002932110367,2.8484420858190154,26602.0,3.205298013245033
1441.7985582,,39.928998732709374,27186.0,3.1456953642384105
1441.998558,,23.942573203042198,26876.0,3.2266666666666666
1442.1985578,,4.682441753070453,26332.0,3.208053691275168
1442.3985576,,9.3243557082364,26835.0,3.2266666666666666
1442.5985574,9.658443486251501,33.61751741433739,28294.0,3.0440251572327046
1442.7985572,4.637116309338732,23.971061460101314,27659.0,3.082802547770701
1442.998557,,10.4506086019155,26246.0,2.638709677419355
1443.1985568,,8.505366468247281,26844.0,3.0709677419354837
1443.3985566,,9.565253533448198,27217.0,3.08974358974359
1443.5985564,,31.199858928746348,27520.0,3.0445859872611467
1443.7985562,2.749712888526655,5.5624002787666615,26993.0,3.0384615384615383
1443.998556,2.439602190188848,1.9062982297665945,26847.0,3.0641025641025643
1444.1985558,2.3947004522181112,1.8904265704964314,26757.0,3.051282051282051
1444.3985556,,63.6822678916497,29145.0,2.8982035928143715
1444.5985554,,105.5853769451551,23951.0,1.411764705882353
1444.7985552,,129.0242517506275,28317.0,3.025
1444.998555,,37.1253582947124,28669.0,3.0580645161290323
1445.1985548,3.6093268961656872,8.615579599407681,28584.0,3.0779220779220777
1445.3985546,,71.69290850433539,26059.0,1.836734693877551
1445.5985544,5.302738172391445,15.657941512099068,24688.0,1.8082191780821917
1445.7985542,,80.59367449422548,28389.0,3.1233766233766236
1445.998554,2.700832192141578,2.2362224377697717,28479.0,3.1233766233766236
1446.1985538,,79.25110420887869,24111.0,1.8150684931506849
1446.3985536,,109.23192772987531,30121.0,3.1710526315789473
1446.5985534,6.050419580419581,4.102114063157406,28600.0,3.1842105263157894
1446.7985532,,7.2388409449917415,28107.0,3.1456953642384105
1446.998553,,7.431775555365997,28451.0,3.1842105263157894
1447.1985528,2.3085356029561135,2.2634341075641378,28551.0,3.1842105263157894
1447.3985526,,110.73502694301344,23810.0,1.8344827586206895
1447.5985524,,107.01219187515667,28103.0,3.205298013245033
1447.7985522,,34.08973982718136,22939.0,2.7338129496402876
1447.998552,,40.47266187763135,24936.0,2.5850340136054424
1448.1985518,,117.73938437382479,25259.0,3.3517241379310345
1448.3985516,,59.25471287442515,21372.0,2.762962962962963
1448.5985514,,52.20950877869545,26299.0,3.2905405405405403
1448.7985512,,49.257719312930064,22684.0,2.683453237410072
1448.998551,9.476158297081556,22.83082089128644,23677.0,2.5972222222222223
1449.1985508,6.953723180479596,11.62024326735787,23770.0,2.652482269503546
1449.3985506,8.85024133197538,15.512301252917698,22583.0,2.75
1449.5985504,,39.50099746945613,26652.0,3.361111111111111
1449.7985502,11.57808946171342,48.952949236018945,26380.0,3.3943661971830985
1449.99855,7.201143333080942,20.83227994738718,26414.0,3.4820143884892087
1450.1985498,11.058197003946209,67.13039082377581,26101.0,3.4748201438848922
1450.3985496,5.264194538085679,20.238515189412766,26401.0,3.4571428571428573
1450.5985494,,1.1394543143821487,25474.0,3.4420289855072466
1450.7985492,,10.052915995015546,25764.0,3.442857142857143
1450.998549,18.240932457518205,124.83596104941373,28012.0,3.5217391304347827
1451.1985488,,215.5509193181135,29248.0,1.986206896551724
1451.3985486,,107.52676749602107,31490.0,3.372413793103448
1451.5985484,12.674360537699968,46.69497005884582,34443.0,3.2287581699346406
1451.7985482,7.401034176789157,97.12564334704635,32683.0,1.8466666666666667
1451.998548,6.275218075218075,76.0331623408771,34965.0,3.3959731543624163
1452.1985478,,88.71750314227927,31527.0,1.7960526315789473
1452.3985476,,129.37703518850157,30943.0,3.0833333333333335
1452.5985474,6.083232207866372,91.10160924070209,28018.0,1.7467532467532467
1452.7985472,9.913051935421125,129.8924905970648,30846.0,3.0125
1452.998547,6.405748502994012,110.31422869858257,29225.0,1.6424242424242423
1453.1985468,8.317073170731707,129.96620782766826,28987.0,3.1225806451612903
1453.3985466,28.01351486302054,177.03434814466806,30041.0,2.813953488372093
1453.5985464,21.4929231564661,115.4046033762577,30946.0,3.090909090909091
1453.7985462,12.024936644703498,76.67737131719811,29595.0,1.7577639751552796
1453.998546,15.196778366391523,82.16331382528118,32468.0,1.7098765432098766
1454.1985458,8.144099414533349,23.72418936068819,34844.0,1.6647058823529413
1454.3985456,4.170141661491143,13.328252564595791,33813.0,1.75
1454.5985454,5.851403636363637,39.40844741404539,34375.0,1.7484662576687116
1454.7985452,24.922472887251892,265.6210224841703,39096.0,2.7954545454545454
1454.998545,4.062749253981091,10.451025744865092,35857.0,2.871345029239766
1455.1985448,2.889496345816101,6.2352490950068615,35302.0,2.8941176470588235
1455.3985446,4.459329489876772,8.073662863468147,36599.0,2.8771929824561404
1455.5985444,,57.36011375595011,35094.0,2.136094674556213
1455.7985442,,27.38225493567379,36344.0,2.905325443786982
1455.998544,4.152326602282704,19.283512757796522,36448.0,2.9166666666666665
1456.1985438,2.737332011456268,7.6120874693346465,36312.0,2.934131736526946
1456.3985436,2.4282136894824706,4.923066146017357,35940.0,2.9575757575757575
1456.5985434,2.346440640098305,6.1960177804292424,35807.0,2.975609756097561
1456.7985432,2.2445483302074294,2.9805642606671805,35723.0,2.9877300613496933
1456.998543,,56.331916258099945,33958.0,2.259259259259259
1457.1985427999998,,85.92375098832468,37371.0,2.1091954022988504
1457.3985426,3.4270013030423208,42.61151576009961,35302.0,2.940119760479042
1457.5985423999998,3.82528426839935,108.40150956154707,32012.0,1.670731707317073
1457.7985422,2.3177850863323,3.5650144425257837,31622.0,1.6748466257668713
1457.9985419999998,2.962738272832753,7.46911418479933,30165.0,1.670807453416149
1458.1985418,2.506511910385316,5.001589065887467,29638.0,1.6855345911949686
1458.3985415999998,4.757235150636165,17.450225458436574,30338.0,1.6503067484662577
1458.5985414,2.885318446403649,18.169935498424575,29377.0,1.68944099378882
1458.7985411999998,5.572453318543169,24.310545761436213,27045.0,1.4390243902439024
1458.998541,5.033226233226233,28.271905514901768,26455.0,1.8506493506493507
1459.1985407999998,2.7510246693991185,7.625848553075983,25862.0,1.888157894736842
1459.3985406,2.092127173450025,1.4912935433604488,25823.0,1.888157894736842
1459.5985403999998,,61.46073372955062,20778.0,1.5190839694656488
1459.7985402,,120.17814938921578,28089.0,3.289473684210526
1459.9985399999998,2.4874485116965883,98.19355434318587,25734.0,1.894736842105263
1460.1985398,2.532632569814873,5.501647040710474,25496.0,1.9072847682119205
1460.3985395999998,,4.9973985259238525,25209.0,1.8079470198675496
1460.5985394,,6.696869245862915,25286.0,1.9072847682119205
1460.7985391999998,8.429800759748817,47.369332690307424,25798.0,2.0135135135135136
1460.998539,4.3316692073170735,14.732915717634521,26240.0,1.9271523178807948
1461.1985387999998,2.875400857564948,117.87184763646182,27753.0,3.4295302013422817
1461.3985386,2.726659208199502,11.043306694964224,27709.0,3.4594594594594597
1461.5985383999998,2.9780246028902426,98.85827110219721,25119.0,2.0408163265306123
1461.7985382,2.301093479621516,116.02291174074783,27161.0,3.3945578231292517
1461.9985379999998,12.63507525542901,125.5124016501197,27307.0,1.8509316770186335
1462.1985378,16.00795547552791,56.2318123531076,30545.0,1.4153005464480874
1462.3985375999998,6.164007258619611,19.236316227420584,31962.0,1.3112244897959184
1462.5985374,3.431580687830688,28.31210948582612,30240.0,1.4277777777777778
1462.7985371999998,6.214214810403018,34.56452128701368,30222.0,1.5614035087719298
1462.998537,4.43134191488639,20.561207342159566,29443.0,1.6204819277108433
1463.1985367999998,,15.64777393134666,29336.0,1.6204819277108433
1463.3985366,,105.8147691885854,31657.0,2.9272727272727272
1463.5985363999998,2.779341111873713,90.58864566820412,29140.0,1.6687116564417177
1463.7985362,,13.908726921712297,28760.0,1.6012269938650308
1463.9985359999998,,9.078433646972332,28753.0,1.593939393939394
1464.1985358,2.481693241947512,3.036013972015936,28159.0,1.6097560975609757
1464.3985355999998,2.641168040128986,5.226184637332975,27910.0,1.6481481481481481
1464.5985354,2.354681770322768,3.610630523479546,27543.0,1.6521739130434783
1464.7985351999998,3.542179857912963,7.92935725540218,28011.0,1.5950920245398772
1464.998535,,6.011405484083814,27852.0,1.5337423312883436
1465.1985347999998,,7.579004729753394,27999.0,1.6503067484662577
1465.3985346,3.5991055456171734,10.313910520572453,27950.0,1.6204819277108433
1465.5985343999998,2.8054807482349515,5.191870288385457,27478.0,1.646341463414634
1465.7985342,4.0121546562793045,14.813125609044516,27726.0,1.5696969696969696
1465.9985339999998,,3.4043225136074478,27325.0,1.5426829268292683
1466.1985338,,11.79634591689583,27250.0,1.6319018404907975
1466.3985335999998,4.153500641665478,3.2973277771190967,28052.0,1.6012269938650308
1466.5985334,6.6068007016596955,35.32770338090125,29644.0,1.607361963190184
1466.7985331999998,3.0691750759650374,37.36150832667708,26657.0,1.6273291925465838
1466.998533,2.611216978664574,1.637012067317031,26763.0,1.6503067484662577
1467.1985327999998,2.3905479547190778,96.34811689183489,28798.0,2.987577639751553
1467.3985326,2.6945826816436798,2.6379544985731336,28132.0,2.99375
1467.5985323999998,3.274609224743854,4.160566695906178,28597.0,2.9937888198757765
1467.7985322,5.6056116133388345,129.03577364997005,26659.0,1.6402439024390243
1467.9985319999998,2.8337325972988925,107.75791958354228,28803.0,2.915151515151515
1468.1985318,2.718087347282685,15.11670480385753,28484.0,2.96319018404908
1468.3985315999998,2.6739038785834737,3.9486605004751474,28464.0,2.96319018404908
1468.5985314,,107.80695774619252,25255.0,1.5308641975308641
1468.7985311999998,,110.12758022770666,28032.0,2.9814814814814814
1468.998531,3.241544352265475,5.457110419631404,28206.0,2.9753086419753085
1469.1985307999998,5.83242770139674,33.73382222779209,27421.0,2.9937888198757765
1469.3985306,2.884179147884252,3.2371367696547018,27508.0,2.9937888198757765
1469.5985303999998,3.1817824189972104,5.794708200806506,27962.0,2.9693251533742333
1469.7985302,2.319549006315339,3.164903377790581,28027.0,2.9693251533742333
1469.9985299999998,2.6325415933019514,6.645466927943993,27829.0,2.9447852760736195
1470.1985298,,113.2241771220001,24878.0,1.329192546583851
1470.3985295999998,,112.46305414070413,27759.0,2.957055214723926
1470.5985294,7.425212212486309,26.808238285836804,29216.0,2.875
1470.7985291999998,2.892583208968174,4.784845610206376,28813.0,2.863095238095238
1470.998529,6.489436493417985,95.62328033365334,27879.0,1.569767441860465
1471.1985287999998,2.6020099416468554,5.782844829933401,27762.0,1.558139534883721
1471.3985286,3.2012512301419935,118.68849371648595,28452.0,2.9036144578313254
1471.5985283999999,2.8550351205393385,7.431020684274756,28331.0,2.9390243902439024
1471.7985282,,114.24969922473754,25231.0,1.5889570552147239
1471.9985279999999,,4.557900953588413,26006.0,1.6303030303030304
1472.1985278,6.032417316854243,93.31861781007203,28966.0,2.96319018404908
1472.3985275999999,3.001270553064275,108.01697148083655,26760.0,1.6666666666666667
1472.5985274,2.4287894025037278,107.10500819012427,28837.0,2.9876543209876543
1472.7985271999999,2.4582105263157894,2.4927740247270647,28500.0,2.987577639751553
1472.998527,2.1443593553548976,105.63534012247707,26247.0,1.68944099378882
1473.1985267999999,,20.418317119216294,27151.0,1.5212121212121212
1473.3985266,7.0775655483507185,21.987849875519956,28376.0,1.4821428571428572
1473.5985263999999,,37.56972489968549,32106.0,1.3617021276595744
1473.7985262,3.489322341944697,14.206227554766004,30812.0,1.4175824175824177
1473.9985259999999,4.639678181469893,17.11552247029436,31322.0,1.3796791443850267
1474.1985258,4.434519896058357,16.54332272882104,31941.0,1.3385416666666667
1474.3985255999999,2.756712825482167,4.943574675517228,31991.0,1.380952380952381
1474.5985254,2.9960643341907094,5.481985245597619,32269.0,1.380952380952381
1474.7985251999999,6.017750596658711,22.130943721316548,33520.0,1.3197969543147208
1474.998525,4.091061141051849,26.19176293722476,32286.0,1.3492063492063493
1475.1985247999999,6.0195202896364455,26.768377820377015,33145.0,1.3385416666666667
1475.3985246,3.0420353982300883,17.73133152609008,32092.0,1.3882978723404256
1475.5985243999999,5.235088248604616,16.781348601165973,33145.0,1.3453608247422681
1475.7985242,,10.975114796102492,32037.0,1.303191489361702
1475.9985239999999,,13.18096211385277,32897.0,1.3298969072164948
1476.1985238,3.1322914656891117,18.378843809222275,31098.0,1.39247311827957
1476.3985235999999,2.9770966193512995,23.03788117658285,29166.0,1.463276836158192
1476.5985234,,9.674218673093474,28210.0,1.4619883040935673
1476.7985231999999,,3.914102236447438,28733.0,1.5146198830409356
1476.998523,2.4019992229168876,3.5073682943889466,28311.0,1.5263157894736843
1477.1985227999999,2.4337557198169657,3.465509622730397,28410.0,1.5321637426900585
1477.3985226,3.33798795138768,11.741891142468813,28717.0,1.5730994152046784
1477.5985223999999,2.6450096946991355,100.6589153379524,30429.0,2.8128654970760234
1477.7985222,2.822124978120077,91.45473489571626,28565.0,1.5465116279069768
1477.9985219999999,2.3551591465547395,3.2259283996323185,28590.0,1.5174418604651163
1478.1985218,2.863043171557562,6.7856448262804445,28352.0,1.5857988165680474
1478.3985215999999,2.8919489213082548,8.350888377168474,27487.0,1.5808383233532934
1478.5985214,2.413476816409071,0.34594196094021257,27692.0,1.6144578313253013
1478.7985211999999,2.450130036815618,93.06450346713021,29607.0,2.897590361445783
1478.998521,2.5879341864716636,96.39017425629248,27350.0,1.6341463414634145
1479.1985207999999,3.1699925566228333,98.64792757548503,28213.0,3.0062111801242235
1479.3985206,,105.31716867722831,25537.0,1.5625
1479.5985203999999,4.682531684818418,22.244203317198405,25801.0,1.3395061728395061
1479.7985202,,15.111088197885016,26330.0,1.6625766871165644
1479.9985199999999,2.0900691962588396,0.4463527767546746,26302.0,1.656441717791411
1480.1985198,,7.502706425924586,25651.0,1.537037037037037
1480.3985195999999,,11.646444740756149,28121.0,1.567251461988304
1480.5985194,5.342809538685827,7.023210075450907,28809.0,1.5857988165680474
1480.7985191999999,4.367713147410359,101.22881467938274,31375.0,2.897590361445783
1480.998519,5.053728,26.738753393660758,31250.0,2.915151515151515
1481.1985187999999,,95.38041431673385,28493.0,1.6951219512195121
1481.3985186,2.7799548662105527,14.519566368079511,27917.0,1.6768292682926829
1481.5985183999999,,95.68044342655807,30537.0,2.909090909090909
1481.7985182,,3.3059099319735905,30722.0,2.8902439024390243
1481.9985179999999,,92.84508890200208,30370.0,1.6428571428571428
1482.1985178,,13.446420680090753,30555.0,1.592814371257485
1482.3985175999999,,19.616394386498264,30694.0,1.5976331360946745
1482.5985174,3.9733745123537063,5.864074419888481,30760.0,1.6153846153846154
1482.7985171999999,7.728566633098355,51.22960156684092,29790.0,1.68944099378882
1482.998517,2.4132687618531565,4.702026558280826,29528.0,1.7044025157232705
1483.1985167999999,2.402510574430345,4.474192482364355,29316.0,1.6855345911949686
1483.3985166,2.1482378629183585,2.463340522953755,29311.0,1.6918238993710693
1483.5985163999999,,3.4448153765687124,29079.0,1.6582278481012658
1483.7985162,,95.20243081441374,31351.0,3.037974683544304
1483.9985159999999,2.338176128743853,3.0289592856565664,31318.0,3.0440251572327046
1484.1985158,22.361833356910456,196.45584067472979,35345.0,1.6193181818181819
1484.3985155999999,,14.924986369509996,33078.0,1.6407185628742516
1484.5985154,,10.531115655860733,33033.0,1.6706586826347305
1484.7985151999999,2.455812216284549,93.78363838377952,34806.0,2.963855421686747
1484.998515,2.4701845444059978,3.555246585511786,34680.0,2.9578313253012047
1485.1985147999999,2.3649020760496273,92.5428312031879,32321.0,1.690909090909091
1485.3985146,2.3553947450152184,5.576117761068757,32198.0,1.6787878787878787
1485.5985143999999,2.2280265855022052,1.2092550476258535,32198.0,1.6890243902439024
1485.7985142,14.908654682012587,87.55363765874546,28759.0,1.5705882352941176
1485.998514,,20.21266433642479,26900.0,1.5889570552147239
1486.1985138,,112.9242653052959,29155.0,2.9753086419753085
1486.3985136,3.29260866522013,2.28454132495004,28574.0,2.987577639751553
1486.5985134,3.174401279209216,11.433806285334802,27517.0,3.050632911392405
1486.7985132,2.460910621477198,2.8465911217937476,27322.0,3.070063694267516
1486.998513,2.718201674554059,2.8067199753431935,27470.0,3.0961538461538463
1487.1985128,,115.52417978696757,25177.0,1.641025641025641
1487.3985126,4.840517072020746,18.360202195053514,25451.0,1.5849056603773586
1487.5985124,,18.015997408509577,24501.0,1.3416149068322982
1487.7985122,,95.88568585797408,30589.0,2.9390243902439024
1487.998512,11.451973265436028,81.34184866021218,31420.0,2.910828025477707
1488.1985118,7.001477708608439,34.26746819482215,31806.0,3.2119205298013247
1488.3985116,3.138759320958274,7.461372350818743,31515.0,3.306122448979592
1488.5985114,,4.528848074448442,30870.0,3.3541666666666665
1488.7985112,,16.770598027887633,31744.0,3.308219178082192
1488.998511,,90.85325447002137,31856.0,3.25
1489.1985108,,48.552226348179424,30858.0,3.1806451612903226
1489.3985106,8.638382821674215,65.32885935441341,29805.0,3.28
1489.5985104,7.3611808414499444,18.528432240869115,29877.0,3.4178082191780823
1489.7985102,,118.11367840448074,21458.0,1.7272727272727273
1489.99851,,65.95685262828967,22624.0,1.7205882352941178
1490.1985098,,43.58951820265609,23458.0,2.6470588235294117
1490.3985096,,8.244742053127219,23158.0,2.6865671641791047
1490.5985094,,7.41476375239247,23146.0,2.5673758865248226
1490.7985092,,49.162986096954796,22149.0,2.6893939393939394
1490.998509,,32.448850385882885,21524.0,2.7045454545454546
1491.1985088,3.2741710134128166,1.9784581966785142,21472.0,2.712121212121212
1491.3985086,,7.982845792311246,20880.0,2.732824427480916
1491.5985084,2.6146403219243117,32.18764210542046,22117.0,2.418918918918919
1491.7985082,,27.6208078175716,21523.0,2.691729323308271
1491.998508,6.461308831511204,195.83505240866864,25794.0,2.0282485875706215
1492.1985078,7.576398666172657,34.92992329730848,26990.0,1.951086956521739
1492.3985076,,19.74598825708382,26813.0,1.9833333333333334
1492.5985074,,253.15085462577701,22189.0,2.661764705882353
1492.7985072,,9.61454844642817,21281.0,2.763358778625954
1492.998507,,22.57939216298623,22672.0,2.701492537313433
1493.1985068,,56.509452004959265,20958.0,1.7938931297709924
1493.3985066,,39.12953445266958,21736.0,2.742424242424242
1493.5985064,,22.879186706404564,23342.0,2.6258992805755397
1493.7985062,10.724483434271464,19.57705537545011,22456.0,2.6423357664233578
1493.998506,,69.4799611740719,25953.0,2.3815789473684212
1494.1985058,,96.24631957073038,34846.0,1.624413145539906
1494.3985056,15.684174667079592,83.64500000238196,32290.0,1.6150234741784038
1494.5985054,,72.24932069388196,27087.0,0.9170731707317074
1494.7985052,,21.84206350128809,28518.0,1.180094786729858
1494.998505,15.164623352783059,44.981301294872466,30506.0,1.0900473933649288
1495.1985048,,223.34515091252572,31327.0,2.005586592178771
1495.3985046,15.732761520349815,127.33923171757182,29730.0,3.4489795918367347
1495.5985044,,26.55330229321675,28596.0,3.5135135135135136
1495.7985042,,0.18461632652170262,27470.0,3.586206896551724
1495.998504,,27.319045694752706,24953.0,3.725925925925926
1496.1985038,,50.713800316046175,28350.0,3.8865248226950353
1496.3985036,,81.44617090965335,22901.0,2.877862595419847
1496.5985034,2.6428994583615437,36.387685430772464,23632.0,3.8396946564885495
1496.7985032,,54.146617929989134,28190.0,3.8865248226950353
1496.998503,,49.440704687627886,25475.0,3.678832116788321
1497.1985028,,38.645427529720976,29700.0,3.7534246575342465
1497.3985026,,37.8374407313128,25168.0,3.6861313868613137
1497.5985024,6.328420227361819,9.347360521820583,25510.0,3.6715328467153285
1497.7985022,,27.842314651606262,23666.0,2.7142857142857144
1497.998502,8.180959591934327,20.305424825843087,25094.0,3.789473684210526
1498.1985018,9.853764779091474,8.031696102267759,24105.0,3.698529411764706
1498.3985016,15.996554607793945,333.3018211402964,29895.0,2.6923076923076925
1498.5985014,,172.11898982165806,25409.0,2.946107784431138
1498.7985012,,186.8700017117394,29488.0,2.7954545454545454
1498.998501,,8.874436252583308,29070.0,2.712707182320442
1499.1985008,,16.24895753837193,29447.0,2.712707182320442
1499.3985006,,68.14646112094707,30663.0,1.9734042553191489
1499.5985004,5.210035842293907,128.15987726233192,26505.0,2.34
1499.7985002,3.0228524141443076,158.76656920531727,31419.0,1.9037433155080214
1499.9985,2.8931480776551197,154.47946823558368,26270.0,2.4475524475524475
1500.1984998,2.672920285659139,10.284943983277605,25905.0,2.1552795031055902
1500.3984996,2.7397068403908795,152.5246784145242,30700.0,1.8351063829787233
1500.5984994,10.600534358606758,25.51848494435634,30691.0,2.027624309392265
1500.7984992,,141.28528715477157,26003.0,2.1219512195121952
1500.998499,,148.46259562868798,22587.0,1.5664335664335665
1501.1984988,,23.95433671030249,23723.0,2.493150684931507
1501.3984985999998,,35.04064562407361,21350.0,2.681159420289855
1501.5984984,,10.467797956477318,21573.0,2.7226277372262775
1501.7984981999998,,105.39215106353394,22700.0,1.9130434782608696
1501.998498,,55.72249312499525,29060.0,3.3472222222222223
1502.1984977999998,3.8876821651630813,2.3255022828144867,28820.0,3.3472222222222223
1502.3984976,4.247583746146119,3.0843795023196927,28867.0,3.2945205479452055
1502.5984973999998,,9.808005001628716,28749.0,3.2244897959183674
1502.7984972,,66.88652144716801,24045.0,2.0869565217391304
1502.9984969999998,,56.420333706085266,26708.0,3.248322147651007
1503.1984968,60.1300996875465,413.04292372602526,33605.0,2.9415204678362574
1503.3984965999998,,31.565258351404893,31338.0,1.7658227848101267
1503.5984964,,12.111526824383196,31352.0,1.8431372549019607
1503.7984961999998,2.742084018537898,99.94326882083627,33445.0,3.3092105263157894
1503.998496,,106.30761947485819,31046.0,1.844155844155844
1504.1984957999998,2.6576634789351252,7.679660699554793,30952.0,1.880794701986755
1504.3984956,,113.9017185543718,34101.0,3.3137254901960786
1504.5984953999998,2.7458414412152408,96.4412965669196,31862.0,1.9407894736842106
1504.7984952,3.3799172445946732,91.19671299538311,34318.0,3.320261437908497
1504.9984949999998,4.931378026070764,80.16902565923642,32220.0,1.8831168831168832
1505.1984948,15.965073335443705,173.14667647404,37908.0,3.0542168674698793
1505.3984945999998,6.632261314526606,47.15317279383467,37717.0,3.1358024691358026
1505.5984944,2.6633433929726236,6.639834617113827,37112.0,3.188679245283019
1505.7984941999998,2.5276982884293506,0.37034431062384443,37042.0,3.1625
1505.998494,6.5368017324601455,38.11726407378114,38327.0,3.14375
1506.1984937999998,4.384108833814033,15.096970255000656,39179.0,3.169811320754717
1506.3984936,2.290006863766937,1.7176453068311206,39337.0,3.189873417721519
1506.5984933999998,3.029612813721781,4.763193063795268,39645.0,3.2229299363057327
1506.7984932,5.029612991505951,27.419325289263327,38733.0,3.1055900621118013
1506.9984929999998,3.472015071826674,11.314404970285004,38217.0,3.1446540880503147
1507.1984928,2.1496878770392907,1.2264615368312317,38126.0,3.1446540880503147
1507.3984925999998,5.741705600567745,97.66087375300647,33818.0,1.6727272727272726
1507.5984924,4.5103521878335116,33.793596755118436,32795.0,1.6956521739130435
1507.7984921999998,9.052680528798247,69.30595342609207,30106.0,1.5180722891566265
1507.998492,7.994129023345766,66.66916330147168,28956.0,1.65625
1508.1984917999998,3.3642096412556053,24.304244031271,28544.0,1.6481481481481481
1508.3984916,2.1833616298811545,103.89574246728215,30628.0,3.037037037037037
1508.5984913999998,2.2279840011227283,102.19748295886535,28502.0,1.6319018404907975
1508.7984912,2.9606757227446883,6.0532340940938845,28710.0,1.603658536585366
1508.9984909999998,,11.707301607147246,27996.0,1.6296296296296295
1509.1984908,,11.717377959275055,28395.0,1.6134969325153374
1509.3984905999998,3.70495376718349,8.336832507701475,28443.0,1.6625
1509.5984904,9.67013132712994,60.59412259454628,30306.0,1.7088607594936709
1509.7984901999998,13.0097853721989,192.5556557598583,33826.0,3.0
1509.99849,4.412272291466922,18.280016122793757,32333.0,3.1233766233766236
1510.1984897999998,15.627127675320446,65.43013234474716,33781.0,1.6875
1510.3984896,10.744314588202942,12.47648945324641,36365.0,2.0264900662251657
1510.5984893999998,,12.922836546419418,35532.0,2.0884353741496597
1510.7984892,,195.2857530286809,38034.0,2.6728395061728394
1510.9984889999998,6.1797001015592326,33.78552282221787,33478.0,3.053691275167785
1511.1984888,3.204839717831949,9.466913931148218,33597.0,3.046979865771812
1511.3984885999998,5.449071780374785,16.07961057507368,34313.0,2.9294871794871793
1511.5984884,3.651958908545021,8.05520795427414,33973.0,2.9419354838709677
1511.7984881999998,2.391341531746734,0.6858348422340204,33909.0,2.9290322580645163
1511.998488,2.392985983795612,3.6711230950375318,33818.0,2.9290322580645163
1512.1984877999998,,5.394282063083002,33265.0,2.935064935064935
1512.3984876,4.722222222222222,3.2568946774479595,33480.0,2.9545454545454546
1512.5984873999998,3.725488999420219,6.894381748812678,32771.0,3.064935064935065
1512.7984872,4.931107404539227,15.615810404228906,33574.0,2.9874213836477987
1512.9984869999998,,17.677779472245003,32691.0,3.0844155844155843
1513.1984868,,8.58155508980185,32677.0,3.0384615384615383
1513.3984865999998,,8.73797677947661,33047.0,3.064516129032258
1513.5984864,2.7292132793130555,4.252402254055332,33074.0,3.0580645161290323
1513.7984861999998,7.983273596176822,23.670688986275458,35154.0,2.891566265060241
1513.998486,6.516132926866077,37.070801165323296,33131.0,3.0443037974683542
1514.1984857999998,5.2871555953225755,31.41387681435982,32411.0,3.183006535947712
1514.3984856,4.266414258010896,9.887797386438317,32487.0,3.2317880794701987
1514.5984853999998,4.092342907312179,6.234839162989727,31892.0,3.2905405405405403
1514.7984852,2.541000596714927,1.5989363545370086,31841.0,3.2837837837837838
1514.9984849999998,4.245252409581067,8.626508577117104,31437.0,3.2972972972972974
1515.1984848,3.2469854733044277,4.364201054372809,31597.0,3.2972972972972974
1515.3984845999998,4.2809180165391645,14.142754322980862,32287.0,3.2039473684210527
1515.5984844,2.5245430401499767,3.972374141983699,32005.0,3.210526315789474
1515.7984841999998,,110.99992681205228,24402.0,1.878787878787879
1515.998484,,131.44034468446,32488.0,3.0705128205128207
1516.1984837999998,7.516282451304111,15.900080022913826,33011.0,2.95679012345679
1516.3984836,6.238715070456174,35.21878264073573,33496.0,2.950310559006211
1516.5984833999999,5.742575257593104,24.579337211656433,29698.0,2.7434210526315788
1516.7984832,12.706183184941002,41.396585242293625,32459.0,2.856287425149701
1516.9984829999999,3.619137717121588,7.259126942512169,32240.0,2.855421686746988
1517.1984828,2.886582167832168,7.6947865379175235,32032.0,2.855421686746988
1517.3984825999999,2.6447537540361767,0.9469314614314419,31899.0,2.8493975903614457
1517.5984824,5.977001985440106,16.492940527360986,30220.0,2.5625
1517.7984821999999,7.618993993993994,44.77895095170808,29304.0,2.6493506493506493
1517.998482,5.9267903035354585,16.251535440647732,28794.0,2.664473684210526
1518.1984817999999,4.53701896263246,3.3312074561639915,28688.0,2.6710526315789473
1518.3984816,4.1375824939215,8.46997058966376,28790.0,2.664473684210526
1518.5984813999999,5.300474196116437,7.465389319290384,28891.0,2.7066666666666666
1518.7984812,4.075158883669522,8.027355614697827,28952.0,2.7432432432432434
1518.9984809999999,,4.209962356133608,28515.0,2.7551020408163267
1519.1984808,,1.9354182330537635,30236.0,3.2176870748299318
1519.3984805999999,7.870290198200636,28.66890065648126,29566.0,2.820689655172414
1519.5984804,5.144025367156209,3.1207941867521147,29960.0,2.8333333333333335
1519.7984801999999,5.385322657257244,4.483320761858224,29474.0,2.826388888888889
1519.99848,3.628381133614245,4.0399879411290005,29428.0,2.8531468531468533
1520.1984797999999,2.899579888873831,1.3098215846329266,29516.0,2.8333333333333335
1520.3984796,2.5411521237617043,0.6360885433126394,29476.0,2.8531468531468533
1520.5984793999999,2.5794364000135643,2.3509293581271025,29489.0,2.8531468531468533
1520.7984792,,9.755729897639938,28666.0,2.8661971830985915
1520.9984789999999,,14.455923782356551,29133.0,2.8531468531468533
1521.1984788,3.323547589616811,1.0866188630845992,29124.0,2.8661971830985915
1521.3984785999999,2.6272496222008517,2.237487916249614,29116.0,2.8531468531468533
1521.5984784,3.2333344805038373,5.9473350124499555,29057.0,2.8531468531468533
1521.7984781999999,,10.033412898521252,27987.0,2.8181818181818183
1521.998478,,10.188262368707127,27669.0,2.8652482269503547
1522.1984777999999,,3.1411024651642467,27353.0,2.8785714285714286
1522.3984776,,17.056252777674256,27907.0,2.880281690140845
1522.5984773999999,9.328611898016996,31.111450776164734,27887.0,2.7083333333333335
1522.7984772,13.433079196001897,67.86506520664277,27413.0,2.664335664335664
1522.9984769999999,18.18271502458336,74.08411672401313,31322.0,2.2485207100591715
1523.1984768,9.196679250815526,63.73282304049381,27283.0,2.557823129251701
1523.3984765999999,10.706759126414793,27.02129849172917,25092.0,2.704225352112676
1523.5984764,5.987036136768757,20.54913283612261,24684.0,2.74468085106383
1523.7984761999999,,2.5197337981875436,24298.0,2.805755395683453
1523.998476,,9.762365085755814,25130.0,2.7902097902097904
1524.1984757999999,3.514871382636656,7.773068016538211,24880.0,2.7816901408450705
1524.3984756,,2.583878001283469,24133.0,2.7928571428571427
1524.5984753999999,,5.2838273594516245,25083.0,2.75
1524.7984752,,8.31643955805208,24124.0,2.7163120567375887
1524.9984749999999,,9.102242028998837,24132.0,2.730496453900709
1525.1984748,,3.470684746098714,23678.0,2.7285714285714286
1525.3984745999999,,96.59827723502123,28735.0,3.1392405063291138
1525.5984744,,29.87225037840041,27646.0,2.509433962264151
1525.7984741999999,,55.54676367569447,21690.0,1.6950354609929077
1525.998474,,59.640824290234676,23381.0,2.5815602836879434
1526.1984737999999,,6.3759973778368995,23019.0,2.592857142857143
1526.3984736,,11.358477551293959,22724.0,2.63768115942029
1526.5984733999999,,17.68957520315485,23370.0,2.6
1526.7984732,,9.885245322139951,23171.0,2.6258992805755397
1526.9984729999999,11.189326674065853,9.471076590839933,21624.0,2.676470588235294
1527.1984728,,55.127036395359674,24902.0,2.909090909090909
1527.3984725999999,,12.636063941208656,24009.0,2.921985815602837
1527.5984724,,50.425540674788905,21306.0,2.696296296296296
1527.7984721999999,,13.483126733260873,21038.0,2.696296296296296
1527.998472,,61.28997750680456,24541.0,2.510344827586207
1528.1984717999999,26.53817271589487,157.135107827634,27965.0,3.22
1528.3984716,18.373212731567822,54.83389772697357,32172.0,2.951219512195122
1528.5984713999999,18.445727800236504,121.88112506086078,36363.0,3.0636942675159236
1528.7984712,2.9905929546032373,15.952757899600893,35399.0,3.0833333333333335
1528.9984709999999,,164.3114651145122,34923.0,2.348101265822785
1529.1984708,,38.87883232243955,38746.0,2.9058823529411764
1529.3984705999999,5.054531530579909,28.26154979721896,37868.0,2.940119760479042
1529.5984704,4.5747965899308545,18.63982916842557,36011.0,3.06875
1529.7984701999999,4.983119173595364,25.09752918831433,35721.0,3.0943396226415096
1529.99847,3.6553964392347673,4.528607128414137,36172.0,3.08125
1530.1984697999999,5.007988301876574,20.27974428428833,36929.0,2.9878048780487805
1530.3984696,3.4849840781816184,13.370413831142692,36428.0,3.0123456790123457
1530.5984693999999,2.4260814668423363,2.6212910446797917,36432.0,3.0246913580246915
1530.7984692,2.2558158810852627,2.0815684951901585,36194.0,3.031055900621118
1530.998469,2.8156683329097123,10.29700708215471,35409.0,3.0251572327044025
1531.1984688,4.715042192898001,12.104312848294539,35314.0,2.9212121212121214
1531.3984686,9.181620955646025,24.451386267631534,37336.0,2.96319018404908
1531.5984684,,92.98091817146211,36564.0,2.080246913580247
1531.7984682,,61.990129509046824,41410.0,3.0727272727272728
1531.998468,7.631842058517522,68.85227328048072,39407.0,2.9878048780487805
1532.1984678,15.20637518319492,71.24078915235496,40940.0,2.6815642458100557
1532.3984676,,179.13638145288823,38581.0,1.1981132075471699
1532.5984674,,70.8713951942856,31772.0,1.278048780487805
1532.7984672,6.945068744566442,30.091962617320426,31057.0,1.3121951219512196
1532.998467,,53.0297867285921,33309.0,1.431924882629108
1533.1984668,,118.19702327799882,35120.0,1.25
1533.3984666,,107.17130837418009,38855.0,2.2582159624413145
1533.5984664,,88.07281838747559,33630.0,1.113744075829384
1533.7984662,,22.677554969575887,34482.0,1.1853658536585365
1533.998466,,179.68919646982073,33731.0,2.869047619047619
1534.1984658,8.13457353887646,10.849039313226214,32629.0,2.9693251533742333
1534.3984656,4.205527347906722,3.4686333013643518,32891.0,2.9937888198757765
1534.5984654,,98.5227938291554,30114.0,1.83125
1534.7984652,,78.7074610453896,32367.0,2.951219512195122
1534.998465,27.544722339974566,170.920551408755,33026.0,2.8128654970760234
1535.1984648,,33.757826454373394,32526.0,2.9447852760736195
1535.3984646,,19.95730692330075,35140.0,3.106918238993711
1535.5984644,11.953600873884886,59.662910530223364,38449.0,2.9186046511627906
1535.7984642,6.345027992535324,59.25606125225674,37510.0,1.7337278106508875
1535.998464,4.088150289017341,25.519573335953858,35984.0,1.798780487804878
1536.1984638,3.4194592035351676,75.76862799017145,38018.0,3.1366459627329193
1536.3984636,2.980391103470506,15.308061364528166,37228.0,3.2356687898089174
1536.5984634,3.911884423550995,67.2236281651749,34886.0,1.705128205128205
1536.7984632,2.856541524459613,1.629676654348828,35160.0,1.8282208588957056
1536.998463,3.0681245645066193,83.7616244743453,37314.0,3.2435897435897436
1537.1984628,2.529524847928383,72.94228234818216,34852.0,1.7857142857142858
1537.3984626,2.902702125387162,71.41803110142075,37452.0,3.2987012987012987
1537.5984624,2.4435727894205983,71.48223919283515,35692.0,1.935483870967742
1537.7984622,5.8338605774761305,31.183820803729756,34772.0,1.8509316770186335
1537.998462,3.8679538718859123,14.732561472637917,34079.0,1.8742138364779874
1538.1984618,3.211007680408174,84.66442443494977,36847.0,3.2151898734177213
1538.3984616,2.829875741391804,1.5174177879523367,37261.0,3.2151898734177213
1538.5984614,,73.74805010539609,35011.0,1.9044585987261147
1538.7984612,,83.27531207226312,37330.0,3.2356687898089174
1538.998461,,85.01139621054746,34800.0,1.9102564102564104
1539.1984608,,6.875539174922611,35154.0,1.8987341772151898
1539.3984606,2.7547897853640237,73.34475360506086,37319.0,3.16875
1539.5984604,2.3906830919482824,50.87768908041711,36042.0,2.39375
1539.7984602,4.274385693358026,10.964812549479392,36179.0,1.925
1539.99846,2.5487910423540865,17.078804043878332,36974.0,2.3975155279503104
1540.1984598,2.853279601251392,48.64890092338434,37718.0,3.1490683229813663
1540.3984596,2.2511882510013352,1.1964704210410313,37450.0,3.142857142857143
1540.5984594,2.3421675876846737,74.82564841175778,35468.0,1.84472049689441
1540.7984592,2.1483954996397494,20.540071316175954,36086.0,2.3625
1540.998459,2.3551289581887116,57.04806228917325,37454.0,3.1625
1541.1984588,2.858995224246952,3.852084568986816,37481.0,3.1949685534591197
1541.3984586,2.6211448857333037,52.06409268591765,36056.0,2.40251572327044
1541.5984584,2.445377249684843,51.97094217401026,37283.0,3.16875
1541.7984582,2.192299407646742,0.9677470179041257,37140.0,3.188679245283019
1541.998458,2.080579548620786,53.58943307146709,35890.0,2.4465408805031448
1542.1984578,7.3499287657039245,56.055554131018496,38605.0,2.9763313609467454
1542.3984576,4.881901553434401,28.637402847166797,37401.0,3.16875
1542.5984574,4.55500834275257,24.066507759658787,37158.0,3.270967741935484
1542.7984572,3.32335410826552,16.63992624124094,36743.0,3.3642384105960264
1542.998457,2.538781697905182,5.379299426203841,36280.0,3.418918918918919
1543.1984568,2.920165663060952,3.5172504933316207,36701.0,3.4324324324324325
1543.3984566,4.28770143728223,11.353173231526126,36736.0,3.3443708609271523
1543.5984564,4.625175202156334,23.73086793543953,37100.0,3.3959731543624163
1543.7984562,4.6003122353937345,14.83669253936835,37792.0,3.38255033557047
1543.998456,6.9946089616609415,12.55255483811249,39881.0,3.3137254901960786
1544.1984558,,35.90342667445663,40795.0,3.4093959731543624
1544.3984556,,37.612836506080214,39339.0,3.335526315789474
1544.5984554,3.646742560012116,10.849943090102313,39617.0,3.3642384105960264
1544.7984552,4.387992219126229,4.795119880732385,38042.0,3.36
1544.998455,3.6219448094612354,8.760711207370377,38050.0,3.3443708609271523
1545.1984548,5.586290196893345,23.78429687931633,38498.0,3.279220779220779
1545.3984546,2.965607846197872,12.468467594111212,38439.0,3.3289473684210527
1545.5984543999998,2.784608591761467,1.271849811391844,38502.0,3.3289473684210527
1545.7984542,3.6214148157658235,5.526035713030905,38945.0,3.3421052631578947
1545.9984539999998,3.5718034163364907,3.1919047470843633,38111.0,3.3443708609271523
1546.1984538,2.5029510080434556,4.175317453162735,38292.0,3.357615894039735
1546.3984535999998,2.471805305993024,6.324319775572802,37844.0,3.357615894039735
1546.5984534,2.304413719755384,3.856525695709309,37610.0,3.3642384105960264
1546.7984531999998,11.277900830606594,35.63930896283803,39730.0,3.0869565217391304
1546.998453,4.543072736963168,116.60605414245394,35649.0,1.8588957055214723
1547.1984527999998,3.0928742061411176,25.053041927013933,34326.0,1.813664596273292
1547.3984526,2.5883798750333145,9.68959999651386,33769.0,1.8
1547.5984523999998,3.071564318802708,16.688652688079237,33676.0,1.763975155279503
1547.7984522,2.756088190093392,5.086071765744713,33836.0,1.7300613496932515
1547.9984519999998,2.5770198239204647,4.603001694491405,33394.0,1.7469135802469136
1548.1984518,2.7858335103638736,9.528666260650567,32951.0,1.75
1548.3984515999998,5.828778599491565,33.413984370540646,34616.0,1.825
1548.5984514,3.067995646445552,7.220412739397754,34914.0,1.8074534161490683
1548.7984511999998,3.383787682100101,19.322978451961795,34665.0,1.7654320987654322
1548.998451,2.3501991916019658,4.6474311892343945,34389.0,1.7701863354037266
1549.1984507999998,2.412190864125691,4.880470712418343,34370.0,1.7875
1549.3984506,2.2090352444848094,3.4071860442384714,34133.0,1.775
1549.5984503999998,2.147012394761459,3.131109537130355,34208.0,1.78125
1549.7984502,2.241213542430016,5.443157189046007,34115.0,1.7625
1549.9984499999998,3.206677265500795,3.12233527272024,33966.0,1.7453416149068324
1550.1984498,2.2475282590089427,2.219662783194991,33883.0,1.75625
1550.3984495999998,9.044078122200322,138.31511820626216,39067.0,3.15625
1550.5984494,7.53005451182712,21.479009388497204,41092.0,2.9473684210526314
1550.7984491999998,3.4177466782835983,85.65591989030781,36728.0,1.7636363636363637
1550.998449,4.212741784304257,32.92818163098042,35207.0,1.7696969696969698
1551.1984487999998,4.836674595084381,15.989372641006469,35316.0,1.8588957055214723
1551.3984486,5.351129044773803,101.84664856590976,38661.0,3.073170731707317
1551.5984483999998,3.6277273876049536,101.1321540753423,35611.0,1.8545454545454545
1551.7984482,2.6275445021718764,7.832386887417018,35223.0,1.8475609756097562
1551.9984479999998,2.6758093266632166,3.6508047474566863,34782.0,1.852760736196319
1552.1984478,2.5389476102941178,4.228365813225775,34816.0,1.876543209876543
1552.3984475999998,2.399574370182906,2.2664685959246316,34772.0,1.8588957055214723
1552.5984474,2.2315510638910485,2.2875578657895717,34731.0,1.876543209876543
1552.7984471999998,2.1771037181996085,1.922392186988025,34748.0,1.8641975308641976
1552.998447,6.519661256175017,15.365858005578914,35425.0,1.7636363636363637
1553.1984467999998,4.220925576340027,9.101435810806452,34962.0,1.7926829268292683
1553.3984466,3.7240684507761728,1.0176006385878271,35237.0,1.7951807228915662
1553.5984463999998,2.48112214413748,3.2438839934330357,35147.0,1.8
1553.7984462,2.409725992171205,1.371370851273443,34999.0,1.793939393939394
1553.9984459999998,2.466237017003769,3.2008996882311562,34757.0,1.8048780487804879
1554.1984458,2.6880478202143863,6.474531379534575,34797.0,1.798780487804878
1554.3984455999998,6.900870960348384,33.36188824520465,34904.0,1.680473372781065
1554.5984454,3.680950056003906,3.252271051392878,34819.0,1.6352941176470588
1554.7984451999998,3.4387814201320515,8.574830839447376,34532.0,1.6449704142011834
1554.998445,3.5009547310596045,4.056241763978688,34041.0,1.6547619047619047
1555.1984447999998,3.1411328033668457,1.6758274063106615,34216.0,1.6607142857142858
1555.3984446,10.670842791873797,49.790785016990036,34801.0,1.5248618784530388
1555.5984443999998,6.016284697508897,28.23204732502071,35125.0,1.7978142076502732
1555.7984442,3.076265000437969,17.464583280850768,34249.0,1.5294117647058822
1555.9984439999998,2.4611433937899867,3.2937523314800603,34074.0,1.5294117647058822
1556.1984438,2.3044949108666235,2.016796685087457,33994.0,1.5294117647058822
1556.3984435999998,2.2282423458894045,2.899859799472116,34034.0,1.597883597883598
1556.5984434,2.148390519985851,0.4067508996598928,33924.0,1.5159574468085106
1556.7984431999998,2.4391053899958854,7.4154542905690155,34026.0,1.7580645161290323
1556.998443,10.85093293868431,47.258650527073186,34461.0,1.36
1557.1984427999998,4.314304313370316,88.9093800211628,35332.0,2.50253807106599
1557.3984426,2.421542512476654,97.33008617879848,32661.0,1.36
1557.5984423999998,2.27935620603864,2.0362432263842347,32557.0,1.4
1557.7984422,2.2800651385730966,1.9257081085466148,32546.0,1.380710659898477
1557.9984419999998,13.846576302874503,55.87025007105537,34232.0,1.4240837696335078
1558.1984418,5.972164607569063,28.15078110741558,33267.0,1.4731182795698925
1558.3984415999998,3.015889287544849,5.203307955973086,33167.0,1.4838709677419355
1558.5984414,2.3535500272380605,1.476675599096726,33042.0,1.5081967213114753
1558.7984411999998,17.041289933694998,54.88345176651237,36498.0,1.411764705882353
1558.998441,9.00745357578873,190.36867889660465,31126.0,2.7657142857142856
1559.1984407999998,4.0227967479674795,5.251842282014141,30750.0,2.6538461538461537
1559.3984406,6.039827393319483,22.51643879828216,31285.0,2.5
1559.5984403999998,18.7077736582994,101.47709627379527,32906.0,1.4431818181818181
1559.7984402,9.80460191981931,95.68649207016237,35420.0,2.6740331491712706
1559.9984399999998,2.560666363429611,6.184822215916264,35176.0,2.6448087431693987
1560.1984398,2.30494292204618,7.585563784610956,34777.0,3.0759493670886076
1560.3984395999998,,15.194697785355237,34482.0,2.601092896174863
1560.5984394,,5.800377996258873,34949.0,2.659340659340659
1560.7984391999998,2.286433310455273,4.726116359392802,34968.0,2.6519337016574585
1560.998439,5.358809623140036,11.148943960654941,35955.0,2.688888888888889
1561.1984387999998,9.035761334943462,78.28178100695654,36436.0,3.142857142857143
1561.3984386,3.3902787105439893,16.96031463894929,35736.0,3.1225806451612903
1561.5984383999998,3.3702849468644165,27.57503135245758,34252.0,3.1225806451612903
1561.7984382,4.680613985218875,21.493466627211237,35180.0,3.1633986928104574
1561.9984379999999,10.746352619542073,54.128608127000625,38041.0,3.0573248407643314
1562.1984378,15.14397159573936,64.29197323660982,39994.0,2.683333333333333
1562.3984375999999,25.003737507786475,164.4070881314264,36923.0,1.2769953051643192
1562.5984374,9.206433888125739,26.12741321939179,31303.0,1.1830985915492958
1562.7984371999999,18.570203411870338,95.67510869301978,32299.0,1.2816901408450705
1562.998437,,60.91186413343799,31777.0,1.278301886792453
1563.1984367999999,,50.420840531220385,31481.0,1.3849765258215962
1563.3984366,16.931573328156848,67.52450290723432,30909.0,1.3051643192488263
1563.5984363999999,3.8617326057298773,27.39618309881344,29320.0,1.3380281690140845
1563.7984362,11.133927125506073,34.433433528366386,30875.0,1.1784037558685445
1563.9984359999999,10.908611656843483,54.93167334928279,30540.0,1.2173913043478262
1564.1984358,6.199730374364824,47.27682237589699,28929.0,1.3689839572192513
1564.3984355999999,9.391989978261671,106.08961788567561,27141.0,3.025
1564.5984354,6.5847409307960945,3.678147055880705,28062.0,3.03125
1564.7984351999999,12.567268841620196,29.517034155308878,29947.0,3.3684210526315788
1564.998435,21.931118218431653,118.51643411089681,33768.0,3.1858974358974357
1565.1984347999999,6.012756782655567,14.770578782930574,33394.0,3.335526315789474
1565.3984346,,10.076154051489398,32617.0,3.4093959731543624
1565.5984343999999,,6.085038643772743,33338.0,3.3866666666666667
1565.7984342,2.2980884828083674,1.6413302718139922,33272.0,3.3933333333333335
1565.9984339999999,2.1799806926511405,0.5802655602891201,33148.0,3.3866666666666667
1566.1984338,2.4444945170497223,2.9410610897028424,33285.0,3.3866666666666667
1566.3984335999999,3.9837265343765806,4.685036731280959,33613.0,3.3421052631578947
1566.5984334,2.5345163514283144,2.5944375527587455,33361.0,3.348684210526316
1566.7984331999999,,8.807150878950038,32892.0,3.357615894039735
1566.998433,,6.902957718612404,33375.0,3.377483443708609
1567.1984327999999,2.2688667944417826,1.6630228903473834,33392.0,3.3642384105960264
1567.3984326,2.197375533001021,0.397687658145184,33302.0,3.357615894039735
1567.5984323999999,5.776933680502374,27.44528874416135,32645.0,3.439189189189189
1567.7984322,3.79432493718208,7.337737270638276,32634.0,3.510344827586207
1567.9984319999999,15.318805017943134,113.90066459108694,32603.0,3.384105960264901
1568.1984318,,78.92044785791583,29078.0,2.8092105263157894
1568.3984315999999,,16.79641498622401,28597.0,2.835526315789474
1568.5984314,6.223493489629032,32.46550625918415,28493.0,2.7987012987012987
1568.7984311999999,3.3245532853990176,10.330897586369396,28094.0,2.8609271523178808
1568.998431,,11.788496812096971,27863.0,2.847682119205298
1569.1984307999999,,6.911166746455103,28026.0,2.8609271523178808
1569.3984306,2.818699216093353,4.791273279957863,27937.0,2.88
1569.5984303999999,3.0312791783380018,1.9300899620677412,27846.0,2.8866666666666667
1569.7984302,2.351475551087815,1.586761546697642,27854.0,2.8866666666666667
1569.9984299999999,2.431810831207101,1.1081195817954368,27827.0,2.8933333333333335
1570.1984298,7.592358932788214,6.844573119940932,28373.0,2.8675496688741724
1570.3984295999999,6.147970272733646,4.247495001493176,28526.0,2.8874172185430464
1570.5984294,2.8902054266283392,3.5172887643003894,28526.0,2.8684210526315788
1570.7984291999999,2.532754926411184,1.035627520582521,28469.0,2.880794701986755
1570.998429,2.86021920888077,3.527252053724313,28466.0,2.8874172185430464
1571.1984287999999,2.599485571332934,1.7492122089300757,28381.0,2.9066666666666667
1571.3984286,2.8961508744819837,1.609119967750045,28474.0,2.8874172185430464
1571.5984283999999,4.072007011393515,4.808068932193271,28525.0,2.880794701986755
1571.7984282,2.8831155143338956,8.419651154616828,28464.0,2.8684210526315788
1571.9984279999999,4.563739575303105,15.55186973901259,28538.0,2.8933333333333335
1572.1984278,7.321728202167046,22.332389014606704,29441.0,2.945578231292517
1572.3984275999999,5.195592093755466,11.599061583004845,28585.0,2.9657534246575343
1572.5984274,3.5481047553411442,4.478909220590666,29020.0,2.9523809523809526
1572.7984271999999,5.778338767925388,14.033885410318973,28521.0,2.8926174496644297
1572.998427,8.486645759382432,56.689532148561895,29017.0,3.535483870967742
1573.1984267999999,5.928537589737983,40.2812735631988,27441.0,2.8157894736842106
1573.3984266,6.8723909975488375,6.749162959656816,26926.0,2.8533333333333335
1573.5984263999999,6.396828966602946,5.135934626222847,26679.0,2.87248322147651
1573.7984262,5.344896469593945,8.980716291476671,26031.0,2.891891891891892
1573.9984259999999,6.503097845146709,5.347085375316828,25663.0,2.925170068027211
1574.1984258,5.195300022815423,49.101413782192004,26298.0,3.7534246575342465
1574.3984255999999,4.258006573415884,2.5430437833420485,26166.0,3.727891156462585
1574.5984254,4.08953802190824,38.44029638712198,25196.0,2.9183673469387754
1574.7984251999999,7.314267180524287,41.229971882457356,26207.0,3.727891156462585
1574.998425,6.934547224137232,36.854972865451025,24659.0,2.925170068027211
1575.1984247999999,3.242526538414609,4.752528587553839,24587.0,2.952054794520548
1575.3984246,2.5246176494643002,1.4572519098164889,24454.0,2.972413793103448
1575.5984243999999,2.9223627998685506,1.7677854044509014,24344.0,2.952054794520548
1575.7984242,14.652630774521416,27.768086682189303,26171.0,2.8300653594771243
1575.9984239999999,19.388670130042023,3.8679995105849136,30221.0,3.156862745098039
1576.1984238,8.314925373134328,10.702327124455213,32160.0,3.1225806451612903
1576.3984236,10.588391424821351,58.01166365741064,34285.0,3.1776315789473686
1576.5984234,10.224608176696972,54.6581670274799,35858.0,3.2635135135135136
1576.7984232,6.621679331784211,51.701566242494735,31846.0,3.2857142857142856
1576.998423,,8.669008457680041,31009.0,3.2534246575342465
1577.1984228,,6.050002748615759,31253.0,3.315068493150685
1577.3984226,5.042302983439654,21.57769771009633,31038.0,3.248322147651007
1577.5984224,4.492547338792221,19.811009728073817,31264.0,3.205298013245033
1577.7984222,4.341724334962859,9.997683849616282,31502.0,3.1933333333333334
1577.998422,3.9572468648770007,10.37376475972729,31179.0,3.198675496688742
1578.1984218,4.781722970815506,13.115523297578179,31318.0,3.2416107382550337
1578.3984216,,6.768140833558955,30570.0,3.2094594594594597
1578.5984214,,9.22231305042482,31597.0,3.156862745098039
1578.7984212,17.927850478258318,80.1925051342799,34082.0,2.76
1578.998421,4.220791275089917,13.338875484438049,34476.0,2.781609195402299
1579.1984208,6.333333333333333,37.024612846278806,32415.0,2.951219512195122
1579.3984206,4.273941125326046,14.779389022087088,32204.0,2.9693251533742333
1579.5984204,9.584306830373107,39.21664907207259,33556.0,2.96319018404908
1579.7984202,5.704790362058552,37.97033928333407,31459.0,3.2138364779874213
1579.99842,2.6170882053889173,2.2997635921404798,31472.0,3.220125786163522
1580.1984198,6.412984698580471,15.44834762987904,32546.0,3.1677018633540373
1580.3984196,3.1703056768558953,3.909628168184803,32747.0,3.220125786163522
1580.5984194,9.087395250384203,27.75837064325666,34487.0,3.0416666666666665
1580.7984192,,15.272647296057677,33930.0,2.8848484848484848
1580.998419,,37.77954034021346,36327.0,2.631868131868132
1581.1984188,9.452463454250136,41.41188800803028,36940.0,2.9941520467836256
1581.3984186,11.48634561534836,37.23611832259227,36069.0,2.6740331491712706
1581.5984184,5.992820630635805,27.853785284442548,34822.0,2.781609195402299
1581.7984182,5.777342737872463,18.570205734538092,34735.0,3.0176470588235293
1581.998418,3.1776487663280117,8.746233528064298,34450.0,2.863905325443787
1582.1984178,6.830726066995409,19.14523807476206,35286.0,2.880952380952381
1582.3984176,12.59944529191513,53.1864700770052,36055.0,2.7657142857142856
1582.5984174,11.389191170251754,48.9056682778111,35471.0,2.4948453608247423
1582.7984172,11.352867284040782,63.34095797572228,34231.0,2.6740331491712706
1582.998417,12.348601179688272,73.8111333866251,30347.0,3.1025641025641026
1583.1984168,9.616080434711874,43.46194930402063,30733.0,3.1225806451612903
1583.3984166,5.198796756473973,23.310039858827032,30584.0,2.878205128205128
1583.5984164,9.253908390548947,53.64915953107267,31023.0,3.1025641025641026
1583.7984162,5.214517088649435,23.311937019217012,30254.0,3.176470588235294
1583.998416,2.8722148541114056,7.467991459028277,30160.0,3.1633986928104574
1584.1984158,6.586234844064061,14.877644809100014,30846.0,3.082802547770701
1584.3984156,3.4935200260501467,10.364308124440232,30710.0,3.0632911392405062
1584.5984154,8.46881489917599,28.802815371589833,29854.0,3.142857142857143
1584.7984152,6.381738774396069,8.413813091761364,29308.0,3.1842105263157894
1584.998415,2.856932658089242,2.119813155577777,29224.0,3.205298013245033
1585.1984148,2.4444254328930257,3.7981168889815815,29222.0,3.205298013245033
1585.3984146,2.638686875552233,2.315657407279307,29426.0,3.205298013245033
1585.5984144,4.433477837147562,8.217713113996457,29757.0,3.1842105263157894
1585.7984142,5.405025919187064,15.72528401069385,29129.0,3.248322147651007
1585.998414,,17.862407739722368,28849.0,3.1733333333333333
1586.1984138,,33.73411125103929,26207.0,3.0272108843537415
1586.3984136,11.470597410700359,40.00457193180497,25644.0,3.205298013245033
1586.5984134,7.933041325461817,1.5325874055297217,26255.0,3.2266666666666666
1586.7984132,7.408233742045631,30.789866450095317,25772.0,3.1564625850340136
1586.998413,8.588901247318661,7.659141592500152,25174.0,3.138888888888889
1587.1984128,11.81506501620524,12.321498329745971,25609.0,3.0067567567567566
1587.3984126,25.225465940953324,103.41780194897383,30315.0,2.28125
1587.5984124,10.68612264751001,101.89732372074582,26727.0,3.2119205298013247
1587.7984122,22.304803659931377,22.200383244380827,31476.0,3.27027027027027
1587.998412,19.471647329361346,79.0876243506554,38268.0,3.025
1588.1984118,33.83465581724452,179.97983856898654,39572.0,1.5774647887323943
1588.3984116,7.8992761584695925,25.767454452169115,30946.0,1.1408450704225352
1588.5984114,6.469299197222825,127.79710128509251,32263.0,2.0657276995305165
1588.7984112,,146.65639753227597,28399.0,0.9903846153846154
1588.998411,,52.444304907064605,37738.0,1.488262910798122
1589.1984108,24.06252271901127,196.5234902501443,41265.0,2.748663101604278
1589.3984106,11.007227609468169,96.92557205489122,33206.0,3.1835443037974684
1589.5984104,4.592489364823236,12.733997821014128,34085.0,3.0987654320987654
1589.7984101999998,4.108693719062157,8.864888141121215,33737.0,3.157232704402516
1589.99841,3.202784698812839,6.104915334688,34115.0,3.1835443037974684
1590.1984097999998,3.1250851776138417,5.203992347110048,33753.0,3.1974522292993632
1590.3984096,4.125320886814469,7.234849888143354,34280.0,3.2243589743589745
1590.5984093999998,2.7837950303174415,5.381310245928774,33644.0,3.238709677419355
1590.7984092,3.205996837367717,15.705051379187992,32884.0,3.2451612903225806
1590.9984089999998,8.274521050820237,37.100161983244696,34868.0,3.238709677419355
1591.1984088,15.483242563887725,77.8842368477827,38192.0,2.801282051282051
1591.3984085999998,4.05139028122197,8.747052828589567,37906.0,2.7770700636942673
1591.5984084,4.192413920088382,7.154341927417623,38017.0,2.7770700636942673
1591.7984081999998,3.7188575632570484,6.008529029419743,38059.0,2.7948717948717947
1591.998408,7.439688504057071,30.288858987319774,36726.0,2.7948717948717947
1592.1984077999998,5.939266404521995,47.28063629569747,32552.0,2.8193548387096774
1592.3984076,3.0739156994502137,6.11382612230992,32740.0,2.8506493506493507
1592.5984073999998,2.6848621615028057,2.7444949867498174,32792.0,2.832258064516129
1592.7984072,3.1291750625877754,3.0561438458728207,32754.0,2.857142857142857
1592.9984069999998,2.8979441546486653,1.1477628748562043,32590.0,2.8506493506493507
1593.1984068,3.0726646761318626,3.768108200120578,32822.0,2.838709677419355
1593.3984065999998,5.577386811023622,4.847746490211881,32512.0,2.9019607843137254
1593.5984064,,7.942637905618957,32564.0,3.3533333333333335
1593.7984061999998,,24.405596274495842,33130.0,3.3758389261744965
1593.998406,2.666253214339737,2.4983437604920407,33055.0,3.3758389261744965
1594.1984057999998,2.7988089150900834,3.793843200555575,33247.0,3.3533333333333335
1594.3984056,2.928603938465273,1.7899511547828886,32957.0,3.36
1594.5984053999998,3.141028363415744,7.041742816818752,32965.0,3.3986486486486487
1594.7984052,3.5859216433975027,4.985496070314351,32518.0,3.3758389261744965
1594.9984049999998,3.220263774189572,12.281194080500802,32452.0,3.3311258278145695
1595.1984048,2.730031112343283,3.7492460132857612,32463.0,3.337748344370861
1595.3984045999998,2.4666293636731016,0.9452580020593471,32169.0,3.3311258278145695
1595.5984044,2.6128638879334605,4.096722650938603,31981.0,3.3533333333333335
1595.7984041999998,2.863946653182479,1.3632405361259523,31642.0,3.3758389261744965
1595.998404,2.3683910412772833,2.1924017928745143,31567.0,3.389261744966443
1596.1984037999998,8.378984687796082,20.440275909343434,32719.0,3.36
1596.3984036,4.940550884678128,14.531611161802351,31876.0,3.472972972972973
1596.5984033999998,5.477371125992836,10.10366561135661,32105.0,3.3443708609271523
1596.7984032,2.870715107064052,9.239528323750982,32177.0,3.3815789473684212
1596.9984029999998,3.4270043813361477,3.107494278775507,31269.0,3.403973509933775
1597.1984028,6.521296386957799,35.298296080640995,30639.0,2.986754966887417
1597.3984025999998,9.765324155892475,35.45222588676513,32253.0,2.953020134228188
1597.5984024,11.946939840037093,38.6835857414697,34508.0,2.87248322147651
1597.7984021999998,,38.590247453728736,35672.0,2.7777777777777777
1597.998402,,6.722317674098051,35931.0,2.8289473684210527
1598.1984017999998,3.079284816315128,3.8397494588541363,35795.0,2.931972789115646
1598.3984016,4.2816540477577165,20.508263364091277,34340.0,2.9452054794520546
1598.5984013999998,6.7960780556354,49.94344596243925,31311.0,2.979591836734694
1598.7984012,5.631088148194821,43.107411044946645,31742.0,3.727891156462585
1598.9984009999998,5.885098743267505,3.918993873096824,31192.0,3.7027027027027026
1599.1984008,3.337764600867126,12.210047557175312,31368.0,3.7534246575342465
1599.3984005999998,2.552689898827686,3.88940512027485,31135.0,3.7534246575342465
1599.5984004,4.950834203944661,1.6373154079720156,31587.0,3.7534246575342465
1599.7984001999998,6.623041140180133,11.525950613227245,30311.0,3.779310344827586
1599.9984,4.426399921545553,1.6319877333550514,30591.0,3.779310344827586
1600.1983997999998,3.403224740633054,1.7921163107525204,30266.0,3.779310344827586
1600.3983996,2.7673364006487704,2.1758939586325075,30211.0,3.779310344827586
1600.5983993999998,11.623020508826583,28.306475166529356,30816.0,3.8055555555555554
1600.7983992,6.673869444264734,33.12297546877278,30914.0,3.418918918918919
1600.9983989999998,20.392840782671293,150.56374025134036,30562.0,2.933333333333333
1601.1983988,,154.70901149413476,24507.0,2.589041095890411
1601.3983985999998,,33.496523303163336,26149.0,2.3157894736842106
1601.5983984,9.952056461426137,37.058119305093534,24654.0,1.5782312925170068
1601.7983981999998,,20.262958876420758,25752.0,2.513888888888889
1601.998398,3.466101032217704,6.6390815000805,25576.0,2.5454545454545454
1602.1983977999998,,73.97644757901537,29848.0,3.142857142857143
1602.3983976,13.281424758515506,82.3897043352838,31472.0,3.2266666666666666
1602.5983973999998,7.480353993066116,42.61166495845254,32882.0,3.315068493150685
1602.7983972,14.092782105920357,79.72816161510664,36839.0,3.361111111111111
1602.9983969999998,,994.7132583199663,18775.0,4.428571428571429
1603.1983968,,1047.8393218008105,35622.0,3.3379310344827586
1603.3983965999998,3.4263505070758145,20.129090760677183,34413.0,3.361111111111111
1603.5983964,2.954456560388764,16.208419713220557,33748.0,3.361111111111111
1603.7983961999998,5.864742401506458,18.32054740988549,33987.0,3.27027027027027
1603.998396,10.99638695944432,72.21721944205824,35704.0,3.156862745098039
1604.1983957999998,15.20898810003492,132.64176849041317,37227.0,3.189873417721519
1604.3983956,14.522802953525408,123.11442150586393,34535.0,1.8024691358024691
1604.5983953999998,8.844864446165763,29.19876504222972,32275.0,1.7784810126582278
1604.7983952,10.071715714855618,52.93243742801191,32587.0,3.2129032258064516
1604.9983949999998,15.470104561199054,197.26101134648553,30891.0,1.7245508982035929
1605.1983948,12.126486671223514,71.56213447785159,29260.0,3.0548780487804876
1605.3983945999998,8.97584916319469,34.88109640065554,28322.0,3.0308641975308643
1605.5983944,6.958516656191075,7.098319179024297,28638.0,3.075
1605.7983941999998,4.382016559079427,1.653131721204215,28504.0,3.0943396226415096
1605.998394,3.2129059798655333,7.518793658144658,28111.0,3.1337579617834397
1606.1983937999998,4.878369284171005,7.1760820864348505,28233.0,3.107594936708861
1606.3983936,2.576398435021677,1.0405605915891945,28371.0,3.088050314465409
1606.5983933999998,6.443700396825397,11.777128840919502,28224.0,3.075
1606.7983932,6.057804509111864,9.876846507291612,27766.0,3.088050314465409
1606.9983929999999,4.711103061039667,3.6966037124200852,27605.0,3.1139240506329116
1607.1983928,4.131802170943858,4.958261740827861,27822.0,3.1464968152866244
1607.3983925999999,2.8175211512039917,1.795033454693004,27658.0,3.1464968152866244
1607.5983924,2.5329023823358514,3.504792866268378,27536.0,3.1464968152866244
1607.7983921999999,2.608954460796845,3.8992086920879814,27383.0,3.1538461538461537
1607.998392,3.155808590371865,5.769671546127557,27752.0,3.173076923076923
1608.1983917999999,6.524148127288088,9.363064790620815,28408.0,3.075
1608.3983916,7.708478183753104,9.410013299825907,28190.0,3.1139240506329116
1608.5983913999999,5.030549466091507,5.456819006080505,28282.0,3.1337579617834397
1608.7983912,7.767719805018957,7.169867272886808,27695.0,3.188311688311688
1608.9983909999999,5.042738453724195,2.576280772805589,27563.0,3.2091503267973858
1609.1983908,18.56921593830334,76.44298272646877,31120.0,3.14375
1609.3983905999999,10.291697503868667,33.30867873800796,29726.0,3.2435897435897436
1609.5983904,20.395507746431228,201.83153679855155,29562.0,1.5326086956521738
1609.7983901999999,25.19498531326651,104.29204252041853,33023.0,1.2582159624413145
1609.99839,8.167045386593315,28.932472748680844,33446.0,1.272300469483568
1610.1983897999999,13.61685990759306,62.15208859648036,34413.0,1.0845070422535212
1610.3983896,5.118182941140139,51.31294609517561,32382.0,0.9530516431924883
1610.5983893999999,6.440469276338716,33.279720891731166,34436.0,1.244131455399061
1610.7983892,11.24298682284041,65.51202662158889,34150.0,1.2018779342723005
1610.9983889999999,16.88838838838839,103.32622422089872,33966.0,1.192488262910798
1611.1983888,8.702598103924156,55.49109598503635,33332.0,1.1830985915492958
1611.3983885999999,19.492265310447127,74.75831433983399,37752.0,1.3192488262910798
1611.5983884,19.311430793157076,207.15630045854894,33436.0,2.976470588235294
1611.7983881999999,8.908509471888896,16.348192866461122,32834.0,3.1165644171779143
1611.998388,4.3870345418912295,8.594540173743997,32656.0,3.19375
1612.1983877999999,4.1273643972846505,104.94411711258739,30346.0,1.822085889570552
1612.3983876,6.019085557999881,130.66305424509724,33638.0,3.1552795031055902
1612.5983873999999,4.604538515735087,10.43259128434488,34064.0,3.175
1612.7983872,6.938389811946556,83.2104556844314,31959.0,1.8481012658227849
1612.9983869999999,4.916130900666087,125.76572236964817,34530.0,3.2371794871794872
1613.1983868,4.848828113683113,14.733853548931693,34517.0,3.2516129032258063
1613.3983865999999,2.85794457075431,6.460587911695601,34747.0,3.272727272727273
1613.5983864,2.5511453909928647,1.198243522163716,34617.0,3.2941176470588234
1613.7983861999999,2.61615957508227,1.0186950996646331,34642.0,3.2662337662337664
1613.998386,2.4867167486975794,1.9874093071703662,34743.0,3.2941176470588234
1614.1983857999999,3.3352420021080817,6.421100413206847,35103.0,3.2941176470588234
1614.3983856,8.184886027192503,28.197964166761544,34789.0,3.119496855345912
1614.5983853999999,7.47221042498372,20.513167244246088,35319.0,3.2222222222222223
1614.7983852,5.206368261590351,21.85550831354804,34986.0,3.3445945945945947
1614.9983849999999,3.614689809440213,4.763653248441329,35317.0,3.3378378378378377
1615.1983848,5.563068628552173,25.436042671313814,35612.0,3.304054054054054
1615.3983845999999,2.43675525742266,2.8328071284568623,35331.0,3.326530612244898
1615.5983844,2.4529670826040313,4.882759998293618,35422.0,3.3333333333333335
1615.7983841999999,,5.316351527332635,34928.0,3.3793103448275863
1615.998384,,33.27294138225769,35317.0,3.0062111801242235
1616.1983837999999,5.337528935185185,8.524191993726628,34560.0,3.03125
1616.3983836,4.9900152149106125,97.122827358168,31548.0,1.7169811320754718
1616.5983833999999,5.653169598406904,75.26150377390299,33143.0,3.0628930817610063
1616.7983832,4.196360153256705,109.57001664652074,30276.0,1.7044025157232705
1616.9983829999999,2.635872417945472,100.10818997085758,32387.0,3.0632911392405062
1617.1983828,3.847538006188618,102.08713888489203,29732.0,1.7197452229299364
1617.3983825999999,4.801180239419996,13.352852542917091,29655.0,1.6645569620253164
1617.5983824,2.9875285378403245,4.647117172254518,29347.0,1.7261146496815287
1617.7983821999999,3.124592137358634,106.22454165818385,31567.0,3.1153846153846154
1617.998382,2.924813706133367,3.2078209051658844,31402.0,3.108974358974359
1618.1983817999999,7.097706845288951,99.04163325607874,29261.0,1.639240506329114
1618.3983816,2.971976821506602,105.59891358630125,31581.0,3.0440251572327046
1618.5983813999999,3.057041624106231,3.654056736197831,31328.0,3.0440251572327046
1618.7983812,3.1748545263760373,4.454493721254916,31449.0,3.069620253164557
1618.9983809999999,8.413833312875905,7.135004150412214,32588.0,3.03125
1619.1983808,11.455352347570456,20.80021025086322,35377.0,3.025
1619.3983805999999,5.584095621417246,98.90464254323001,32796.0,1.7088607594936709
1619.5983804,2.792659486835281,2.325007578985273,32777.0,1.732484076433121
1619.7983801999999,2.8402536430705445,1.39163645913362,32802.0,1.7261146496815287
1619.99838,3.228708249984846,2.8652326348627755,32994.0,1.7452229299363058
1620.1983797999999,3.6016358313463916,3.9450412996695277,33133.0,1.7215189873417722
1620.3983796,8.754882076838385,56.46541800261959,34514.0,2.9693251533742333
1620.5983793999999,4.4936253582080825,21.804398300641527,34198.0,3.0440251572327046
1620.7983792,4.190108416880392,11.614963661110599,34312.0,3.056603773584906
1620.9983789999999,3.002960469031172,1.433201221749645,34454.0,3.0632911392405062
1621.1983788,2.2433288762281265,0.0860834250229498,34402.0,3.0569620253164556
1621.3983786,2.361021622406037,0.5286446266229257,34455.0,3.0632911392405062
1621.5983784,4.21348542900267,9.84360172997222,34452.0,3.050314465408805
1621.7983782,4.993910731948565,92.78018613499987,32352.0,1.795031055900621
1621.998378,3.9088341440451906,17.803695230126685,31865.0,1.7625
1622.1983778,2.5601485076154002,101.41176972313268,34207.0,3.025
1622.3983776,2.528905216752388,1.3702904194683772,34025.0,3.025
1622.5983774,9.379364931557873,129.7422760898837,32217.0,1.6484848484848484
1622.7983772,5.342743231946499,11.460282019582468,31102.0,1.6728395061728396
1622.998377,4.274560093500422,10.627937000353123,30802.0,1.6855345911949686
1623.1983768,3.3853942827375136,3.5605636308504303,30714.0,1.7169811320754718
1623.3983766,2.4249610187110187,1.6896340686725193,30784.0,1.7044025157232705
1623.5983764,18.601397265507735,94.09281645666435,36643.0,1.8484848484848484
1623.7983762,6.665458283735527,67.9271386278242,36964.0,3.0062111801242235
1623.998376,4.157660626029654,10.36884654602002,36420.0,2.9693251533742333
1624.1983758,9.588665781180822,27.80727923169152,38397.0,2.875
1624.3983756,9.676109350237718,30.06773138932544,40384.0,2.813953488372093
1624.5983754,5.540042751310357,87.72336048737297,34151.0,3.025
1624.7983752,4.863242555959667,26.071042571272752,33819.0,3.025
1624.998375,10.073721217325962,30.00158603177652,37262.0,2.9345238095238093
1625.1983748,7.641581989966129,21.109989164880695,39267.0,2.7796610169491527
1625.3983746,5.8963440860215055,70.30461268803333,39525.0,2.125
1625.5983744,3.8863391984359725,27.7751597693228,40920.0,2.783333333333333
1625.7983742,3.0571665078011336,12.820713071408802,39866.0,2.8579545454545454
1625.998374,12.84274415633055,38.294358762654035,45391.0,2.59375
1626.1983738,7.100808874508898,103.76102783497906,43270.0,1.9893048128342246
1626.3983736,10.533717795748817,46.778188432651916,45258.0,1.4607843137254901
1626.5983734,3.239412034910427,20.823442599041933,43540.0,1.5463917525773196
1626.7983732,4.657413418702008,12.020057727425474,44669.0,1.4752475247524752
1626.998373,3.0810920577617327,12.271918678183708,44320.0,1.5125628140703518
1627.1983728,5.492240639239252,16.90983083395206,45429.0,1.4182692307692308
1627.3983726,4.20119584132792,21.650374492882744,44822.0,1.4803921568627452
1627.5983724,3.3155703396924703,6.402634498617657,45394.0,1.4611650485436893
1627.7983722,3.0304483604728976,3.9212336701432715,44830.0,1.4611650485436893
1627.998372,3.7744222285626496,5.13062627502962,45563.0,1.463768115942029
1628.1983718,3.5453775141595685,15.030877025482267,44846.0,1.5098039215686274
1628.3983716,6.228331415919599,18.18188177825752,46069.0,1.4178403755868545
1628.5983714,3.9754425662185544,18.421004504682056,45078.0,1.5170731707317073
1628.7983712,2.23969878441187,1.7385211442558772,44752.0,1.5270935960591132
1628.998371,2.7927461139896375,8.783354302379275,44390.0,1.495049504950495
1629.1983708,4.939745592501674,4.839958481308301,44810.0,1.48
1629.3983706,9.091657281469288,36.388812175151166,46172.0,1.380281690140845
1629.5983704,4.729587472860056,20.935189899024582,45597.0,1.4182692307692308
1629.7983702,3.8299170326988774,10.80455575789983,45078.0,1.403755868544601
1629.99837,5.871128090472986,7.570109120981222,46069.0,1.408450704225352
1630.1983698,4.5419658440668975,11.5560398075547,45263.0,1.431924882629108
1630.3983696,5.321816625326514,15.260408976366788,45557.0,1.4663461538461537
1630.5983694,3.3281073510143226,7.027984050221514,44266.0,1.5049019607843137
1630.7983692,10.365605899114698,44.61997003629849,45973.0,1.380281690140845
1630.998369,,23.965429325435043,44548.0,1.4541062801932367
1631.1983688,,4.173609105630271,44901.0,1.4471153846153846
1631.3983686,3.64080007199748,12.48175277062698,44446.0,1.4757281553398058
1631.5983684,3.2607634066574076,7.572627404074624,44642.0,1.497560975609756
1631.7983682,3.5199677469930792,9.457457884664077,44647.0,1.497560975609756
1631.998368,4.948852149692259,20.800348650390426,44518.0,1.56
1632.1983678,9.047536257400031,34.290096637955315,45439.0,1.4688995215311005
1632.3983676,6.884611991000132,28.80860377742399,45334.0,1.5123152709359606
1632.5983674,2.8186733717540777,11.855230299613785,44941.0,1.5422885572139304
1632.7983672,2.475692115031978,7.083686043260132,44718.0,1.555
1632.998367,,13.870226615901734,44315.0,1.5148514851485149
1633.1983668,,26.44984290729493,46859.0,1.497584541062802
1633.3983666,4.99574159644831,19.08746540070378,44148.0,1.36318407960199
1633.5983664,3.6171683839540263,9.600130304623233,44547.0,1.3645320197044335
1633.7983662,5.9825949367088604,23.361347086052003,45504.0,1.3173076923076923
1633.9983659999998,4.257200017587829,15.802222417304517,45486.0,1.2582159624413145
1634.1983658,,518.4602595273179,3076.0,9.15
1634.3983655999998,,522.236581858118,44492.0,1.272300469483568
1634.5983654,,529.4458928303321,3315.0,9.3
1634.7983651999998,,525.8785238051528,44372.0,1.192488262910798
1634.998365,7.249081458912089,25.599175349495543,44636.0,1.2582159624413145
1635.1983647999998,6.726194495082484,28.808238821318827,44433.0,1.2018779342723005
1635.3983646,7.030494052657371,17.31263673815304,44894.0,1.2629107981220657
1635.5983643999998,4.255064993276558,20.503034547154474,44620.0,1.2910798122065728
1635.7983642,5.6769886298904,16.924499173682424,43887.0,1.244131455399061
1635.9983639999998,6.713503813369224,37.53246225983445,44580.0,1.3492822966507176
1636.1983638,5.909688981647422,33.13116317867357,44081.0,1.2488262910798122
1636.3983635999998,6.516815067728906,21.54418466944394,44811.0,1.323943661971831
1636.5983634,,525.4428675117142,2639.0,7.45
1636.7983631999998,,521.3346307290998,44793.0,1.2863849765258215
1636.998363,4.109183080977266,8.989148941065631,44778.0,1.2910798122065728
1637.1983627999998,3.9609833359359317,2.7705824252803772,44827.0,1.2863849765258215
1637.3983626,4.872828260386581,8.014485002389334,45010.0,1.3157894736842106
1637.5983623999998,5.273166603567691,13.415447559108792,44903.0,1.3846153846153846
1637.7983622,3.5289580394922426,5.868025858210959,45376.0,1.4326923076923077
1637.9983619999998,4.102717379403972,18.06669469826376,45669.0,1.4641148325358853
1638.1983618,,13.965967119486619,44891.0,1.3980582524271845
1638.3983615999998,,17.801537875963806,44817.0,1.2910798122065728
1638.5983614,4.852423986110493,7.807524567106449,44926.0,1.3827751196172249
1638.7983611999998,7.890551876379691,28.77228856824296,45300.0,1.2394366197183098
1638.998361,7.346604728619322,30.88746654305536,45637.0,1.3708920187793427
1639.1983607999998,2.8722114936405405,4.794640457177792,45051.0,1.3192488262910798
1639.3983606,3.9064390286666084,2.945351325235038,45628.0,1.3661971830985915
1639.5983603999998,4.632683254875588,18.739495146566615,44610.0,1.2769953051643192
1639.7983602,6.33800467856524,30.566051545736386,46168.0,1.3990610328638498
1639.9983599999998,3.9589065294676176,11.627366454548053,45287.0,1.3615023474178405
1640.1983598,5.86807376039076,33.09213138651933,44631.0,1.2535211267605635
1640.3983595999998,6.952251415428167,26.748753134765014,45216.0,1.3192488262910798
1640.5983594,4.472076769712771,16.977833814884214,45643.0,1.4131455399061033
1640.7983591999998,9.839774924504116,59.11356804156342,46029.0,1.5147058823529411
1640.998359,,92.08334046131769,41418.0,2.7191011235955056
1641.1983587999998,,36.133139397157926,40714.0,2.8823529411764706
1641.3983586,3.946225010374204,17.342355186851492,40967.0,3.0479041916167664
1641.5983583999998,2.790191073331516,2.929714146321865,40351.0,3.0787878787878786
1641.7983582,2.5641346828339513,2.7791416429495626,39916.0,3.097560975609756
1641.9983579999998,2.759879253567508,1.677203993194746,40084.0,3.0787878787878786
1642.1983578,3.2396670342944174,59.02205308925497,38082.0,2.3597560975609757
1642.3983575999998,2.349302979920706,50.083925127940745,39095.0,3.1226993865030677
1642.5983574,2.175265943779228,1.760962217290157,38918.0,3.128834355828221
1642.7983571999998,2.117129892229155,2.0999075518864556,38786.0,3.1481481481481484
1642.998357,5.383634323028263,24.203079312146293,39204.0,2.946107784431138
1643.1983567999998,3.2297338480292566,4.029389315158265,39376.0,3.029940119760479
1643.3983566,2.8481139081666624,5.824024168193488,39049.0,2.92814371257485
1643.5983563999998,2.8596723988365564,7.612502233963617,39194.0,2.910179640718563
1643.7983562,3.0948983046433503,15.116365489073203,38399.0,2.8922155688622753
1643.9983559999998,2.902506744898761,13.731212248679787,38177.0,2.963636363636364
1644.1983558,4.882016549833975,20.8288506164741,37946.0,3.1296296296296298
1644.3983555999998,3.5568053104338433,8.71985191709662,37963.0,3.18125
1644.5983554,7.418628403457639,23.23402167477098,40143.0,3.1349693251533743
1644.7983551999998,10.567597847000657,55.17010236672771,41059.0,2.100591715976331
1644.998355,5.729364557593344,53.557034339163586,44111.0,2.760233918128655
1645.1983547999998,2.4103935717374974,5.265332611210731,43931.0,2.7660818713450293
1645.3983546,2.412979485658216,3.3571248158309626,43823.0,2.7660818713450293
1645.5983543999998,2.183594107420624,1.256349093032522,43716.0,2.776470588235294
1645.7983542,7.028312151306804,22.100425805369536,43197.0,2.7109826589595376
1645.9983539999998,,75.0223380359342,37691.0,2.095808383233533
1646.1983538,,50.61622444431988,38401.0,2.890909090909091
1646.3983535999998,2.240650491256418,2.206516562027185,38371.0,2.9207317073170733
1646.5983534,2.195414404925869,43.378588554719606,37029.0,2.1463414634146343
1646.7983531999998,2.422848086466263,51.87339204828693,38489.0,2.932926829268293
1646.998353,2.671965656302849,6.525642658628153,38435.0,2.9695121951219514
1647.1983527999998,2.464889466840052,2.2439729454603463,38450.0,2.96319018404908
1647.3983526,2.1036319486148463,1.2572798804737177,38299.0,2.9693251533742333
1647.5983523999998,2.168387567793075,1.726421975747427,38352.0,2.9754601226993866
1647.7983522,2.10047423002762,0.2757554725966792,38378.0,2.9390243902439024
1647.9983519999998,2.098020735155514,3.2125643179251626,38196.0,2.9693251533742333
1648.1983518,,3.8194258086551276,37640.0,2.932098765432099
1648.3983515999998,,43.26672004829125,36106.0,2.1614906832298137
1648.5983514,,47.576732193628,38457.0,2.789156626506024
1648.7983511999998,3.085855614973262,14.47596028074837,37400.0,2.8963414634146343
1648.998351,2.2492361297239345,3.1193198294360314,37310.0,2.8895705521472395
1649.1983507999998,2.112711249630565,1.5049957576905852,37219.0,2.895705521472393
1649.3983506,2.071093244118282,2.862143358767308,37064.0,2.895705521472393
1649.5983503999998,2.1909108041892145,4.567079394394802,37143.0,2.8834355828220857
1649.7983502,5.018077797225633,21.340723262796338,38279.0,2.876543209876543
1649.9983499999998,2.4433577832110838,8.11026969302529,38037.0,2.888888888888889
1650.1983498,2.0785738736603734,1.3409107656632877,37977.0,2.882716049382716
1650.3983495999998,2.385186359193808,3.1976492013907962,37857.0,2.8950617283950617
1650.5983494,3.153419593345656,4.579610754800095,37870.0,2.847560975609756
1650.7983491999998,3.4004620409463873,24.77645385455272,37659.0,2.824242424242424
1650.998349,2.7409199590117272,55.862188196952495,35132.0,2.1411042944785277
1651.1983487999998,,35.927858564616315,35692.0,2.8703703703703702
1651.3983486,,10.379634366888881,35983.0,2.852760736196319
1651.5983483999998,2.093303695470964,1.0823191409825226,35990.0,2.8588957055214723
1651.7983482,2.304425619950236,2.793920244477334,35769.0,2.871165644171779
1651.9983479999999,2.6192379049521906,11.129034437791407,35035.0,2.871165644171779
1652.1983478,2.399125205030071,3.507446613373606,34751.0,2.8895705521472395
1652.3983475999999,2.2351704070755667,1.5479770411014928,34711.0,2.8950617283950617
1652.5983474,2.0591932647118183,0.6419833755104435,34683.0,2.9012345679012346
1652.7983471999999,2.102553732378091,1.0258583647751494,34616.0,2.888888888888889
1652.998347,2.2352975360297536,3.2038986634388835,34416.0,2.882716049382716
1653.1983467999999,2.140539285403303,0.8991677858484719,34453.0,2.888888888888889
1653.3983466,9.577807776807221,50.860924062584374,37779.0,2.8109756097560976
1653.5983463999999,8.035081599601346,44.067081746718245,40135.0,2.787878787878788
1653.7983462,12.288980232772953,45.22927099475443,43304.0,2.798816568047337
1653.9983459999999,7.867571350620389,41.61876551894483,42151.0,2.7777777777777777
1654.1983458,,22.075935239420595,41496.0,2.7823529411764705
1654.3983455999999,,24.873108737686405,41006.0,2.844311377245509
1654.5983454,4.753641412553704,18.37921140461455,38172.0,2.855421686746988
1654.7983451999999,4.290863392069307,17.342359376167902,37399.0,2.7975460122699385
1654.998345,4.675557605687307,25.871625430394957,36854.0,2.932515337423313
1655.1983447999999,3.5911885520981555,8.504548369970799,37247.0,2.8353658536585367
1655.3983446,2.93308979558946,12.28419285237514,37229.0,2.8658536585365852
1655.5983443999999,2.6177918897828487,9.068736322784348,37163.0,2.8424242424242423
1655.7983442,3.0409063836699333,15.574419124457233,36938.0,2.806060606060606
1655.9983439999999,2.09136548894707,5.593230119402618,37049.0,2.787878787878788
1656.1983438,6.636162494532918,24.120621646535973,38869.0,2.6882352941176473
1656.3983435999999,,146.97470757849786,39288.0,1.8956043956043955
1656.5983434,,43.540719600507146,40252.0,1.4574468085106382
1656.7983431999999,3.619930785728212,13.837217218656201,41032.0,1.4450261780104712
1656.998343,2.438523076923077,3.746791387945248,40625.0,1.4270833333333333
1657.1983427999999,2.5647495454205793,10.613194744268762,40147.0,1.3989637305699483
1657.3983426,6.583355619848776,28.628567635249567,41131.0,1.3201970443349753
1657.5983423999999,4.716290661070304,41.710083402015414,38120.0,1.382198952879581
1657.7983422,5.084446057714745,31.694264498697144,38569.0,1.3937823834196892
1657.9983419999999,4.119460500963391,21.66629686794892,38406.0,1.3958333333333333
1658.1983418,5.1254351806483225,27.336711816492365,38777.0,1.3724489795918366
1658.3983415999999,5.823129772942048,34.5907446814251,39153.0,1.3282828282828283
1658.5983414,3.8517547242576167,24.312361096526757,38895.0,1.325
1658.7983411999999,3.595441813088872,13.780163658964547,39270.0,1.3366834170854272
1658.998341,3.693198979326147,20.548242819144427,38406.0,1.421875
1659.1983407999999,2.1847550951175596,1.9553279008732365,38321.0,1.4345549738219896
1659.3983406,,2.3329799000262748,37490.0,1.4232804232804233
1659.5983403999999,,15.14965900197882,36735.0,1.4331550802139037
1659.7983402,4.009085332008998,29.83819762182784,34231.0,1.569767441860465
1659.9983399999999,3.1068262921607,90.24128281929993,34748.0,2.838323353293413
1660.1983398,4.527037530535199,9.169100873375733,36024.0,2.7941176470588234
1660.3983395999999,2.179427420515034,51.08031636790507,34755.0,2.070588235294118
1660.5983394,,59.306378609987874,35824.0,2.7916666666666665
1660.7983391999999,,7.231316652870729,36072.0,2.8106508875739644
1660.998339,3.940371324027646,10.139183552722665,36895.0,2.761627906976744
1661.1983387999999,2.6909200735839214,7.398868283522299,36421.0,2.7674418604651163
1661.3983386,2.6094573422589376,40.46740925082143,35105.0,2.0584795321637426
1661.5983383999999,2.039508413064995,50.23092556920335,36372.0,2.7777777777777777
1661.7983382,,4.256173982294518,35944.0,2.7823529411764705
1661.9983379999999,,45.04599200278543,34970.0,2.0941176470588236
1662.1983378,3.5421791387667048,12.708801320428456,35693.0,2.052325581395349
1662.3983375999999,3.5816626570435712,35.42559095196399,37410.0,2.7085714285714286
1662.5983374,2.4562127956239608,3.821602174174247,37294.0,2.7298850574712645
1662.7983371999999,2.535961158657011,5.225606036902027,36456.0,2.761627906976744
1662.998337,2.97262507508796,47.45302714086345,34959.0,2.0588235294117645
1663.1983367999999,2.9451669307688104,63.11579209052661,36602.0,2.804733727810651
1663.3983366,7.782437174987832,24.25866538827598,39037.0,2.7142857142857144
1663.5983363999999,,49.487846721701295,40034.0,1.8864864864864865
1663.7983362,,21.2259718616269,41317.0,1.4381443298969072
1663.9983359999999,2.873042084557663,5.2405758756233665,41179.0,1.413265306122449
1664.1983358,4.840236127508855,12.011427074887774,42350.0,1.3869346733668342
1664.3983355999999,4.11554829770388,25.019372397061726,40416.0,1.4764397905759161
1664.5983354,2.1774285643355427,0.8643014673401179,40281.0,1.4736842105263157
1664.7983351999999,2.9596029949503744,3.6038211533952658,40201.0,1.5106382978723405
1664.998335,2.577456029056895,8.956540452322356,40197.0,1.5401069518716577
1665.1983347999999,4.482498438475953,67.54493842671292,40025.0,2.7142857142857144
1665.3983346,3.575683619377526,31.29933783657897,38106.0,2.0289017341040463
1665.5983343999999,13.968758532811504,53.99694470920157,43948.0,2.448453608247423
1665.7983342,3.5830396938370708,16.21250957553919,42853.0,2.5401069518716577
1665.9983339999999,9.633984809188588,91.56847241977789,43184.0,1.4292929292929293
1666.1983338,4.734740351206686,41.590497192604744,42596.0,1.8031088082901554
1666.3983336,4.255829704886309,40.75898658901537,41340.0,1.393939393939394
1666.5983334,6.428112228497956,36.84235895014159,43554.0,1.5561224489795917
1666.7983332,3.9337890272513985,48.917356851178084,44328.0,2.461139896373057
1666.998333,4.377563216235851,26.383842565063524,42671.0,1.873015873015873
1667.1983328,8.749965679769367,44.55538092477695,43706.0,1.763819095477387
1667.3983326,4.918040508714084,16.76474050276427,42460.0,1.4871794871794872
1667.5983324,5.10367287434161,25.733698047142745,42528.0,1.3718592964824121
1667.7983322,,11.05828750948143,41719.0,1.4461538461538461
1667.998332,,17.449977381710106,40268.0,1.355
1668.1983318,3.771768172397433,19.856019959365337,40047.0,1.3333333333333333
1668.3983316,6.000681643897867,67.20006301308285,35209.0,1.5227272727272727
1668.5983314,3.1779142979399717,16.72593813764336,32718.0,1.5294117647058822
1668.7983312,2.427560740993577,6.433408870483784,32227.0,1.5235294117647058
1668.998331,2.7012114785179473,7.275796781013494,31119.0,1.544378698224852
1669.1983308,2.2087271785575555,2.824938951448985,30892.0,1.4733727810650887
1669.3983306,2.1264727718777237,1.6348170253827736,30979.0,1.5384615384615385
1669.5983304,3.378444962717209,17.770889582736313,30443.0,1.4311377245508983
1669.7983302,3.7479025542228577,107.3756941207059,32182.0,2.8048780487804876
1669.99833,6.541330294108335,104.48846177203787,31587.0,1.5714285714285714
1670.1983298,3.840175953079179,7.953671496159816,32054.0,1.6107784431137724
1670.3983296,4.7726729971001305,95.4873102439373,35174.0,2.7337278106508878
1670.5983294,3.73623358808544,15.403351164059558,35721.0,2.6820809248554913
1670.7983292,3.131872421099587,12.08526982026912,35868.0,2.745664739884393
1670.998329,2.3204737538090034,49.35304246722168,34786.0,2.0346820809248554
1671.1983288,2.785922937821672,55.89719594742253,35945.0,2.761627906976744
1671.3983286,5.176449395854118,32.00304838294849,36084.0,2.8214285714285716
1671.5983284,3.682551883166795,20.395192252893036,36428.0,2.8727272727272726
1671.7983282,2.5803727590730214,7.180812709448454,36592.0,2.878787878787879
1671.998328,2.262810686521406,3.857708952309424,36532.0,2.878787878787879
1672.1983278,2.092255375164546,1.495815697628317,36464.0,2.878787878787879
1672.3983276,,4.8943828239600276,35994.0,2.8841463414634148
1672.5983274,,6.435736812133909,36357.0,2.806060606060606
1672.7983272,2.0343025334910463,1.0662014332886947,36353.0,2.8963414634146343
1672.998327,2.0214234773926685,47.6222154714597,35055.0,2.0545454545454547
1673.1983268,3.0124571271779392,48.40799941039377,36445.0,2.8963414634146343
1673.3983266,3.71335345460478,9.816158429741613,36777.0,2.817073170731707
1673.5983264,2.577546106277021,1.0541776731166943,36546.0,2.817073170731707
1673.7983262,2.806105452857494,3.6888611046655315,36623.0,2.834355828220859
1673.998326,4.37239004886717,34.002048055017234,36016.0,2.147239263803681
1674.1983258,2.6634503542349584,46.32189146867121,37828.0,2.914110429447853
1674.3983256,2.06139799349389,45.60160929987551,36581.0,2.128834355828221
1674.5983254,2.0610711261642676,44.63052982807777,37792.0,2.914110429447853
1674.7983252,1.9990131308424024,46.807130598057995,36479.0,2.1595092024539877
1674.998325,2.0432381002722204,47.71442104246572,37837.0,2.914110429447853
1675.1983248,2.0955163115317506,1.113974245523222,37826.0,2.901840490797546
1675.3983246,16.57649744429557,92.86271972222758,40302.0,1.8554913294797688
1675.5983244,6.270906630581868,54.95851051032704,40645.0,2.7674418604651163
1675.7983242,3.975653518094239,42.43013953839577,36227.0,2.8273809523809526
1675.998324,2.3821691125856987,11.466214493663484,36319.0,2.8273809523809526
1676.1983238,2.1916678200692044,1.5098907234569787,36125.0,2.844311377245509
1676.3983236,2.09923515505493,2.4635693524227102,35955.0,2.838323353293413
1676.5983234,2.0958980352869148,0.48965882709034225,35934.0,2.844311377245509
1676.7983232,2.078193832599119,51.83299555521888,34504.0,2.1137724550898205
1676.998323,,42.70116939870418,35169.0,2.8313253012048194
1677.1983228,,6.208629611602651,35513.0,2.86144578313253
1677.3983226,2.0592031109107305,0.4054199062664038,35488.0,2.838323353293413
1677.5983224,2.078616441065928,0.9241959012616898,35387.0,2.86144578313253
1677.7983222,,16.44142377047047,36155.0,2.1158536585365852
1677.998322,,73.96076382410061,35351.0,2.8322981366459627
1678.1983217999998,4.385615603413247,11.481444541920647,34454.0,3.051282051282051
1678.3983216,3.0875779854134326,7.96998988692964,34141.0,3.0709677419354837
1678.5983213999998,3.629510941740285,6.4149743295087625,34638.0,3.0448717948717947
1678.7983212,4.838841289269686,22.71383998944802,34314.0,2.993710691823899
1678.9983209999998,2.4494742990654204,3.714680353979215,34240.0,2.993710691823899
1679.1983208,3.5835365678707713,5.451711586915535,34853.0,2.808641975308642
1679.3983205999998,12.98153354138189,37.36472943036011,38773.0,2.7674418604651163
1679.5983204,2.6627123072903056,1.595171286958086,38270.0,2.6783625730994154
1679.7983201999998,2.4032785157073584,3.355438782637849,37944.0,2.8165680473372783
1679.99832,2.4468586248875246,3.0239533617841947,37786.0,2.8165680473372783
1680.1983197999998,8.423550221099179,29.078764307035357,39575.0,2.659090909090909
1680.3983196,7.380748501485922,46.307146050945704,39706.0,2.6444444444444444
1680.5983193999998,2.8198519405584888,54.34481788271682,36742.0,1.9943181818181819
1680.7983192,2.176683965261597,51.53581650148726,37768.0,2.7142857142857144
1680.9983189999998,4.16794370087803,60.66133090349989,30409.0,1.5178571428571428
1681.1983188,7.920129001269427,149.12536624476127,29147.0,3.2532467532467533
1681.3983185999998,8.84509128615339,7.953432909102692,27003.0,3.1946308724832213
1681.5983184,21.523441809156093,21.150833520016864,30821.0,3.26027397260274
1681.7983181999998,22.502874640669916,174.65982228848966,32004.0,3.4166666666666665
1681.998318,9.369569603227976,160.68964992606672,29740.0,2.0460526315789473
1682.1983177999998,5.077942923180636,102.14876486882727,31151.0,3.3537414965986394
1682.3983176,6.455474088838269,95.25131571111199,28096.0,2.173611111111111
1682.5983173999998,3.6174757975208087,4.860438497942563,27993.0,2.173611111111111
1682.7983172,5.6121441997851775,147.24959939806516,29792.0,3.361111111111111
1682.9983169999998,5.844007070501053,24.653816973937193,29418.0,3.3846153846153846
1683.1983168,17.29131407450637,110.76107893484891,30843.0,3.2243589743589745
1683.3983165999998,5.608810015315975,41.98145067644965,30034.0,3.3266666666666667
1683.5983164,12.153048992691698,265.4042959563376,25861.0,1.4038461538461537
1683.7983161999998,7.000180564082193,197.23024871872846,27691.0,3.3133333333333335
1683.998316,8.160823775517565,5.204139192919264,27726.0,3.3133333333333335
1684.1983157999998,5.319815157116451,20.49531749861173,27050.0,3.2733333333333334
1684.3983156,11.488079253910078,19.967731447908186,27557.0,3.1025641025641026
1684.5983153999998,7.2647366220735785,9.168233074455797,28704.0,3.0822784810126582
1684.7983152,8.467808143189972,11.580989712841692,27041.0,3.1354838709677417
1684.9983149999998,7.142598710083373,32.64470867187241,25428.0,3.2039473684210527
1685.1983148,5.739331682163304,10.782260208667584,24629.0,3.312925170068027
1685.3983145999998,9.879581816642682,37.431113827576894,23626.0,3.4785714285714286
1685.5983144,2.8593037624099877,3.79076797572638,23469.0,3.4964028776978417
1685.7983141999998,2.585158047201159,1.7186631538055677,23474.0,3.5035971223021583
1685.998314,8.726518530870889,4.435654244786989,23987.0,3.4295774647887325
1686.1983137999998,,14.581539355810275,23838.0,3.4326241134751774
1686.3983136,12.829048334783641,22.352405820667393,25282.0,3.2567567567567566
1686.5983133999998,,35.292220354541925,26974.0,3.1973684210526314
1686.7983132,27.8871740797546,129.05652155778992,31296.0,2.325358851674641
1686.9983129999998,6.277997877608772,58.454685216954,28270.0,2.5208333333333335
1687.1983128,,150.6705101337296,27890.0,1.240566037735849
1687.3983125999998,,144.8649111464822,29473.0,2.244131455399061
1687.5983124,,46.33244166503453,26734.0,2.553763440860215
1687.7983121999998,,55.85137168884045,26047.0,2.8982035928143715
1687.998312,12.973935179908052,18.407696628871278,26319.0,3.2171052631578947
1688.1983117999998,4.349990485252141,6.05154886872983,26275.0,3.23841059602649
1688.3983116,13.447628291694802,213.2939848568202,23696.0,1.3461538461538463
1688.5983113999998,7.283341078066915,213.90335767485357,25824.0,3.310810810810811
1688.7983112,3.288555100779983,6.925126760069075,25898.0,3.310810810810811
1688.9983109999998,2.7866697595298846,2.4668527759420744,25866.0,3.3401360544217686
1689.1983108,2.590282362993747,0.9582014445483776,25747.0,3.3333333333333335
1689.3983105999998,8.744138951631747,12.236570367387264,25678.0,3.3197278911564627
1689.5983104,6.426994150234378,7.438159483857173,25813.0,3.3793103448275863
1689.7983101999998,3.8718533668974198,7.134292422633456,25424.0,3.3493150684931505
1689.99831,3.329706288192391,1.3956068736171416,25365.0,3.3655172413793104
1690.1983097999998,13.062355830046878,20.63122208320161,26878.0,3.1493506493506493
1690.3983096,9.539329751459162,10.662111952416923,25871.0,3.210526315789474
1690.5983093999998,3.192087739913827,8.617247277423106,25530.0,3.2317880794701987
1690.7983092,8.091457085828344,9.577992767441124,25050.0,3.2972972972972974
1690.9983089999998,3.753330142777379,3.3580528717008686,25074.0,3.2905405405405403
1691.1983088,16.117681584739547,69.520458002464,27260.0,3.1548387096774193
1691.3983085999998,22.944363240553567,116.02063748706045,32155.0,2.3737864077669903
1691.5983084,27.80887315003508,138.07630025552618,29933.0,1.2582159624413145
1691.7983081999998,5.931854577668745,37.20714616996044,29349.0,0.7887323943661971
1691.998308,4.719695389109117,15.822436855261111,28758.0,0.8544600938967136
1692.1983077999998,5.906860409718914,5.536062637287064,29386.0,1.0328638497652582
1692.3983076,,14.092461022030431,29677.0,1.1367924528301887
1692.5983073999998,3.002615869608961,3.7851072177502174,29818.0,1.1367924528301887
1692.7983072,11.762429704666493,48.810776476249146,26851.0,0.7216981132075472
1692.9983069999998,4.237880016996948,18.930496996599114,25887.0,0.910377358490566
1693.1983068,7.8233587502324715,32.14712940551344,26885.0,1.1650943396226414
1693.3983065999998,23.470188003581022,115.07810225806253,27925.0,0.9905660377358491
1693.5983064,,140.99047917732116,32600.0,1.2300469483568075
1693.7983061999998,14.732826193850693,182.13883522866624,34573.0,2.513227513227513
1693.998306,18.884800897363995,69.92879942024032,35660.0,2.8333333333333335
1694.1983057999998,8.964314478656837,58.16547672967088,32282.0,3.111111111111111
1694.3983056,21.302373431477672,142.33618462207014,34507.0,3.0375
1694.5983053999998,13.079852303740568,74.90637668487749,31145.0,3.4305555555555554
1694.7983052,13.520484589100196,115.82456306610382,28973.0,3.048780487804878
1694.9983049999998,10.90715646834639,38.124526215573354,28338.0,3.189542483660131
1695.1983048,,16.8626525405952,26562.0,3.031055900621118
1695.3983045999998,7.12781306359288,29.159846138816317,25506.0,3.2635135135135136
1695.5983044,,19.075159368550036,25643.0,3.2837837837837838
1695.7983041999998,,3.0270056810776715,25114.0,3.3013698630136985
1695.998304,2.8944768025707974,3.8011783897144538,24895.0,3.3472222222222223
1696.1983037999998,,13.557755344545182,25264.0,3.3586206896551722
1696.3983036,2.5423513029639944,2.1493765968334824,25135.0,3.3655172413793104
1696.5983033999998,2.7105639396346306,2.2706381595951526,25180.0,3.3586206896551722
1696.7983032,7.977796590602994,17.057008151800606,25987.0,3.2466666666666666
1696.9983029999999,4.703133568350959,10.983260715339568,25530.0,3.3379310344827586
1697.1983028,4.102480779900135,6.753403255467744,25234.0,3.388888888888889
1697.3983025999999,,19.39427367483278,24510.0,3.4113475177304964
1697.5983024,,28.97580750197169,25240.0,3.388888888888889
1697.7983021999999,3.4597071031404183,7.598286234124065,25538.0,3.375
1697.998302,2.8114102716166527,4.295320131104292,25293.0,3.4125874125874125
1698.1983017999999,4.35571618793989,35.840146652538046,26285.0,3.4125874125874125
1698.3983016,11.663488566436223,67.87654771734564,26326.0,3.306122448979592
1698.5983013999999,5.6774624636427955,26.891596955091508,25442.0,3.4125874125874125
1698.7983012,3.7655479749181686,9.832724386078285,25357.0,3.4680851063829787
1698.9983009999999,2.706668261944644,2.7968428211295056,25074.0,3.4609929078014185
1699.1983008,2.6672134426885377,3.550351102149602,24995.0,3.4539007092198584
1699.3983005999999,5.151658767772512,13.169121148017508,25531.0,3.388888888888889
1699.5983004,9.96482868164284,17.528097455033294,26442.0,3.2837837837837838
1699.7983001999999,5.17117289380091,10.404766997695562,26149.0,3.3517241379310345
1699.9983,2.8912556053811658,3.9370719659676996,25868.0,3.3819444444444446
1700.1982997999999,2.753397002872894,4.877598899205713,25758.0,3.3819444444444446
1700.3982996,,12.170490782408233,25302.0,3.370629370629371
1700.5982993999999,,14.582735144471386,25749.0,3.375
1700.7982992,3.87194083023544,4.825586610329001,25824.0,3.3819444444444446
1700.9982989999999,21.566315350099135,66.16559010831118,28749.0,3.1146496815286624
1701.1982988,13.286636877749075,17.396139251066298,28646.0,3.2129032258064516
1701.3982985999999,9.40073938480313,12.220889140291055,27861.0,3.2565789473684212
1701.5982984,5.520211966056787,7.017154675513727,27929.0,3.2697368421052633
1701.7982981999999,4.7208047285142625,11.25340853011329,27239.0,3.3513513513513513
1701.998298,3.419765814861183,5.963818455929287,27158.0,3.335570469798658
1702.1982977999999,4.80506873170551,6.553303595378273,26989.0,3.36734693877551
1702.3982976,3.351051051051051,3.6805279525822967,26640.0,3.36734693877551
1702.5982973999999,2.8810483111797267,3.2556267491982367,26557.0,3.360544217687075
1702.7982972,2.462067927934705,0.6934080780913267,26587.0,3.36734693877551
1702.9982969999999,2.806374501992032,2.4895345553073405,26355.0,3.360544217687075
1703.1982968,2.6655594141627663,3.8489652078968963,26492.0,3.36734693877551
1703.3982965999999,2.6700372538584354,0.9962727310560349,26306.0,3.36734693877551
1703.5982964,2.941537419063394,2.9458011468648206,26564.0,3.3741496598639458
1703.7982961999999,,97.98874798648365,29225.0,3.2151898734177213
1703.998296,,102.7536262206393,29453.0,1.7696969696969698
1704.1982957999999,8.67587185324491,20.08285058401764,30309.0,1.7018633540372672
1704.3982956,5.35993070416794,14.843451410361183,29439.0,1.763157894736842
1704.5982953999999,3.3789289086739513,3.7365475299732123,29652.0,1.7402597402597402
1704.7982952,2.9856602003551447,9.676577067670982,29847.0,1.9281045751633987
1704.9982949999999,13.24297954081166,63.00112307886264,32797.0,1.8940397350993377
1705.1982948,6.3282434177286255,131.78326401182062,35626.0,3.4489795918367347
1705.3982945999999,5.4516433308769345,9.488545663681608,33925.0,3.513888888888889
1705.5982944,2.6727671817993057,5.192366184621346,33713.0,3.513888888888889
1705.7982941999999,2.5639399892838006,3.0833922342232682,33594.0,3.5208333333333335
1705.998294,2.2766159978582263,1.1610926842867482,33617.0,3.513888888888889
1706.1982937999999,2.26684571769621,0.40114927241395665,33510.0,3.5384615384615383
1706.3982936,9.123240511952025,43.586150646957584,36019.0,3.489655172413793
1706.5982933999999,9.764891118701964,46.43399710160197,37472.0,3.189542483660131
1706.7982932,5.238411433630557,142.97086086051272,31626.0,1.8657718120805369
1706.9982929999999,10.027876858914558,126.71798141178894,36446.0,3.128205128205128
1707.1982928,14.013046794854933,92.67830760390763,38017.0,3.150943396226415
1707.3982925999999,4.776843308565363,14.344406716121963,36741.0,2.920245398773006
1707.5982924,6.4863525680955885,35.33400705769561,35318.0,2.9447852760736195
1707.7982921999999,,77.21538428451566,31896.0,1.6319018404907975
1707.998292,,62.87166829382702,34144.0,2.96319018404908
1708.1982917999999,4.538716142353941,67.22316286961909,32932.0,1.5963855421686748
1708.3982916,2.3676529326819677,4.363806106886899,32547.0,1.612121212121212
1708.5982913999999,8.495652992686985,174.53454819434475,31861.0,2.993710691823899
1708.7982912,5.5826872490654855,69.66138402782072,28892.0,3.1946308724832213
1708.9982909999999,9.292664412393899,56.45446764784024,28982.0,2.993710691823899
1709.1982908,,101.1228217138212,26606.0,2.64804469273743
1709.3982905999999,,68.15936647891644,28725.0,3.031847133757962
1709.5982904,,23.79180313977204,31694.0,3.0384615384615383
1709.7982901999999,,24.908222521820324,30914.0,2.9225352112676055
1709.99829,7.304121936715596,24.482468486779254,31951.0,3.0211267605633805
1710.1982897999999,,67.49783814671169,36248.0,2.5591397849462365
1710.3982896,9.61630558722919,43.85803913724192,38588.0,2.5591397849462365
1710.5982893999999,,45.47655892971558,34562.0,2.855421686746988
1710.7982892,,45.09749446774143,34022.0,3.315068493150685
1710.9982889999999,14.429008274373427,73.9671801454644,33356.0,3.2266666666666666
1711.1982888,11.211173656981096,74.41415233452761,30733.0,3.1946308724832213
1711.3982886,6.848842746928279,43.67197062276531,31497.0,3.2534246575342465
1711.5982884,,21.97876766169488,30983.0,3.268965517241379
1711.7982882,,5.317664815568146,31859.0,3.27027027027027
1711.998288,3.6985005694040236,4.093621393094834,31612.0,3.1315789473684212
1712.1982878,3.6924018423680227,8.497142350960843,31047.0,3.1733333333333333
1712.3982876,2.5466246219190425,2.79738893503629,31078.0,3.1946308724832213
1712.5982874,14.510313989163784,98.79664743379375,30638.0,2.863905325443787
1712.7982872,32.350774177763796,258.8501839805823,28611.0,2.453658536585366
1712.998287,17.427444481272786,53.49358677976302,30170.0,3.1801242236024843
1713.1982868,12.069489584300616,19.021693976906775,32307.0,3.1801242236024843
1713.3982866,6.115805088845174,13.357302667809437,31009.0,3.269230769230769
1713.5982864,8.955224387263222,76.43565660637762,29458.0,1.8831168831168832
1713.7982862,3.7054175338189386,124.20546949125544,30752.0,3.25974025974026
1713.998286,3.5174753867791844,120.34080984534124,28440.0,1.87012987012987
1714.1982858,5.430353031465848,130.82456030271717,31272.0,3.281045751633987
1714.3982856,18.93513934471825,61.44780349361138,35954.0,3.099378881987578
1714.5982854,10.94473187156114,53.635864931298464,36531.0,1.7378048780487805
1714.7982852,19.398641642472004,149.21075398293377,38576.0,2.205298013245033
1714.998285,7.654618360489086,73.46410304047973,35413.0,3.174193548387097
1715.1982848,4.282234036338143,15.145033245881178,34234.0,3.2222222222222223
1715.3982846,4.7726276507522805,30.200665061390136,33764.0,3.206451612903226
1715.5982844,2.8288884274229433,7.76844638480149,33709.0,3.1858974358974357
1715.7982842,3.0972083161552506,5.936163356352114,33958.0,3.1794871794871793
1715.998284,2.5793066761237697,5.362244090918286,33837.0,3.206451612903226
1716.1982838,3.3972049876513464,19.809000494803904,33202.0,3.1320754716981134
1716.3982836,4.106188305512741,89.51004823043462,30493.0,1.8193548387096774
1716.5982834,8.006155909063205,30.30736715570066,32814.0,1.8823529411764706
1716.7982832,11.797103519195613,59.811847573130215,35008.0,1.821656050955414
1716.998283,15.480980855233405,218.42102771216267,39802.0,3.1025641025641026
1717.1982828,10.554706585581371,60.571228016567986,38478.0,2.125
1717.3982826,7.704680891964629,114.54650630864678,41616.0,3.111111111111111
1717.5982824,3.049843306969109,60.98331327386187,40206.0,2.3225806451612905
1717.7982822,10.068862106037459,36.63037594926734,35346.0,1.8313253012048192
1717.998282,4.177834047526296,35.875030910496434,30804.0,1.7160493827160495
1718.1982818,4.01038649755318,31.883305487457168,30039.0,1.720496894409938
1718.3982816,3.071069081583587,101.95033285554828,31195.0,3.127388535031847
1718.5982814,2.7722840314136126,8.069614121315757,30560.0,3.161290322580645
1718.7982812,3.917772797793484,94.03480609235353,29005.0,1.7658227848101267
1718.998281,3.6232425523547342,112.15964200761283,30513.0,3.1346153846153846
1719.1982808,3.0244159957766925,6.504961864616698,30308.0,3.121794871794872
1719.3982806,3.359977463995211,82.39893467506323,28399.0,1.7151898734177216
1719.5982804,3.188518966249551,82.3831329701785,30607.0,3.0817610062893084
1719.7982802,3.411458516512503,96.24183892635644,28433.0,1.7169811320754718
1719.99828,,87.27113815852664,30987.0,3.05625
1720.1982798,,14.02827115412259,31281.0,3.06875
1720.3982796,2.19790162672057,2.2738987497632213,31167.0,3.04375
1720.5982794,3.8417123563485425,6.253242587259613,32283.0,3.0308641975308643
1720.7982792,2.969650986342944,10.030782257996684,31632.0,3.0817610062893084
1720.998279,,2.7456713962079817,31057.0,3.1082802547770703
1721.1982788,,16.479337971695884,31498.0,3.0822784810126582
1721.3982786,13.709660724554341,47.047051112683064,34780.0,2.853801169590643
1721.5982784,3.4618614854277654,20.030797569400715,31910.0,2.975609756097561
1721.7982782,4.7642974371922735,21.937364386693346,31684.0,2.926829268292683
1721.9982779999998,2.3350374698336087,6.0739505116537496,31492.0,2.9691358024691357
1722.1982778,2.4267867983002653,3.446023335834521,31299.0,3.00625
1722.3982775999998,3.4747427502338635,9.218709722934081,32070.0,2.950920245398773
