t,motion,speed,area,elong
0.0,,,37644.0,3.4472049689440993
0.19999979999999998,3.6334545644836336,3.1775308916960863,38219.0,3.432098765432099
0.39999959999999996,3.3335723200297407,3.2887372235020376,37659.0,3.4382716049382718
0.5999994,3.420777219964406,6.109341669169225,37647.0,3.5126582278481013
0.7999991999999999,3.2998455661220842,31.2082351404824,36909.0,2.8641975308641974
0.999999,2.863394064762511,30.58757766173962,37707.0,3.453416149068323
1.1999988,2.9676562623261193,3.6328731258338256,38029.0,3.453416149068323
1.3999986,2.789045171760887,36.48646222145882,36970.0,2.8404907975460123
1.5999983999999998,2.6607049059775187,32.20888007008446,38076.0,3.4171779141104293
1.7999981999999999,3.3211103495544894,6.757357018338707,37934.0,3.4060606060606062
1.999998,2.7451849506622343,1.897477652775127,37902.0,3.375757575757576
2.1999978,4.094022575679836,12.99513227798,38980.0,3.3493975903614457
2.3999976,,329.0137048078133,16775.0,1.564102564102564
2.5999974,,342.49763456949853,37917.0,3.3696969696969696
2.7999972,4.320947611510418,15.2157414664298,38539.0,3.4171779141104293
2.999997,2.5078950093186996,2.841548693277656,38632.0,3.4691358024691357
3.1999967999999996,2.5750266697889836,3.009758436342399,38433.0,3.453416149068323
3.3999965999999997,,320.66139377646607,16299.0,1.5299145299145298
3.5999963999999998,4.447758496023138,14.458477309947494,16596.0,1.608695652173913
3.7999962,,348.50913682472026,37568.0,3.49685534591195
3.999996,3.945622841105354,11.621377476325726,37056.0,3.6887417218543046
4.1999958,2.8340927806752676,8.46492631632374,36430.0,3.7635135135135136
4.3999956,,343.40634157890315,15047.0,1.892156862745098
4.5999954,,342.44401328090123,36520.0,3.7315436241610738
4.7999952,2.447770979020979,3.1929533170868263,36608.0,3.7567567567567566
4.999995,2.399311813862035,2.4731899059030673,36618.0,3.7567567567567566
5.1999948,,334.1300831782167,14693.0,1.900990099009901
5.399994599999999,,335.9055931002569,36426.0,3.75
5.5999944,4.945208785903934,17.334821683463733,37287.0,3.633986928104575
5.7999941999999995,3.9592963364061386,4.595167507111492,37859.0,3.5641025641025643
5.999994,3.0452468487394957,5.612392319775949,38080.0,3.5253164556962027
6.1999938,3.176781774197836,10.233965529136125,37617.0,3.535031847133758
6.399993599999999,3.76364302922384,10.516734245431946,38188.0,3.475
6.5999934,3.3450992751339426,2.9472093295484845,38076.0,3.5126582278481013
6.799993199999999,3.8824267001040473,12.372502550773348,37483.0,3.616883116883117
6.999993,,336.1593434210557,15398.0,1.8285714285714285
7.1999927999999995,,335.3751424341417,37194.0,3.6578947368421053
7.3999926,4.82880477461913,13.89146972258319,38202.0,3.74
7.5999924,,302.32164347406166,14324.0,2.051546391752577
7.799992199999999,,325.7287216160849,36369.0,3.9714285714285715
7.999992,,355.286141183306,14700.0,2.1808510638297873
8.1999918,,352.0305193182327,39170.0,4.0137931034482754
8.3999916,,28.071093668409475,36020.0,3.9432624113475176
8.5999914,,358.192349926028,14317.0,1.9215686274509804
8.7999912,,360.9378966793964,36880.0,3.7823129251700682
8.999991,,1023.4641053629258,10902.0,3.0491803278688523
9.1999908,,991.108873736181,38895.0,3.3780487804878048
9.399990599999999,,318.6699642841775,19294.0,1.1139240506329113
9.5999904,,311.1002973765509,39435.0,2.8461538461538463
9.7999902,4.820616570327553,53.81687472002498,36330.0,3.7755102040816326
9.99999,,279.8296618096144,14625.0,1.7864077669902914
10.199989799999999,4.6420969365741405,32.20436025191159,13906.0,1.7403846153846154
10.3999896,,284.59844539628153,34527.0,3.808219178082192
10.5999894,2.617917349566846,6.683803160585724,34168.0,3.815068493150685
10.799989199999999,,268.7379960396598,12762.0,1.816326530612245
10.999989,2.328868578632209,0.8237107488163145,12692.0,1.8061224489795917
11.1999888,,272.0062590808574,34031.0,3.861111111111111
11.399988599999999,2.2047501324386367,1.5768940998271674,33978.0,3.861111111111111
11.599988399999999,2.2719712162321577,3.404699165288733,33908.0,3.8811188811188813
11.7999882,,286.86585466669385,14516.0,1.854368932038835
11.999988,,255.10063902688594,36547.0,3.7315436241610738
12.199987799999999,4.867783067914409,22.40997434538384,36546.0,3.777027027027027
12.3999876,,314.8117738663218,13800.0,1.9795918367346939
12.5999874,,302.3485880056695,35238.0,3.9714285714285715
12.799987199999999,,323.52550326519764,13588.0,2.0526315789473686
12.999986999999999,,302.4079567243449,37022.0,3.7635135135135136
13.1999868,2.6987772949337363,0.7202292968938874,37049.0,3.7567567567567566
13.3999866,2.9267082429501086,9.154015267634968,36880.0,3.861111111111111
13.599986399999999,,322.3403359089805,14959.0,2.090909090909091
13.7999862,,317.84986035002214,36691.0,3.908450704225352
13.999986,2.5281626875017014,2.6255901358175007,36733.0,3.9645390070921986
14.199985799999999,2.4997142623887663,2.69844540459173,36747.0,3.915492957746479
14.399985599999999,2.3573970927863064,0.2087639897739098,36805.0,3.9714285714285715
14.5999854,2.2508068234209313,1.621800890407364,36873.0,3.9785714285714286
14.7999852,2.408529283692576,4.087313665571178,36744.0,4.036231884057971
14.999984999999999,2.2818273338230894,1.9727443975321262,36753.0,3.9361702127659575
15.1999848,2.239710168614312,0.1803044567758801,36711.0,3.9432624113475176
15.3999846,2.2521635007892016,0.11399018906433496,36746.0,3.9785714285714286
15.599984399999999,,317.1648672465309,14282.0,2.265957446808511
15.799984199999999,,316.34824835504793,36809.0,3.9714285714285715
15.999984,2.273350378066692,1.2251426713031968,36766.0,3.9714285714285715
16.1999838,2.2647849827497217,2.958284922278882,36811.0,4.014285714285714
16.3999836,2.3256807115850173,0.6244073778225422,36763.0,3.9714285714285715
16.5999834,2.2814645308924484,1.5041250721441646,36708.0,4.0
16.7999832,2.2543278536572067,0.32245595145412803,36681.0,3.9714285714285715
16.999983,2.4310382276281493,1.884860686486772,36832.0,3.9432624113475176
17.1999828,2.522306765929494,9.330446830771992,36536.0,3.915492957746479
17.399982599999998,,315.4187509962716,14104.0,2.1789473684210527
17.5999824,,316.3880318900206,36326.0,3.8811188811188813
17.7999822,2.7348961784846475,5.392670140010422,36216.0,3.9432624113475176
17.999982,2.2787788203382324,0.7346253855852389,36129.0,3.915492957746479
18.1999818,2.2608298502505053,0.3591529811462943,36127.0,3.950354609929078
18.3999816,2.2947362594786074,0.820857315642914,36134.0,3.9432624113475176
18.5999814,2.7344817013685647,5.251549526368915,35877.0,3.908450704225352
18.799981199999998,2.622730573710966,5.814023824789012,35802.0,3.950354609929078
18.999981,2.276286009667775,1.3038065555808984,35789.0,3.908450704225352
19.1999808,2.238354709810825,0.09793304345140372,35787.0,3.915492957746479
19.3999806,5.883617293008342,15.023930969461134,36801.0,3.7823129251700682
19.5999804,3.6950776706980806,12.608324438376812,36629.0,3.861111111111111
19.7999802,5.197219046606227,29.817516482692724,37613.0,3.861111111111111
19.99998,,362.9616365955172,15273.0,2.2755102040816326
20.199979799999998,16.307307187984264,76.2457240954063,16778.0,1.9553571428571428
20.399979599999998,,413.7196789823363,35244.0,4.118518518518519
20.5999794,3.845761427238806,9.270107113637938,34304.0,4.172932330827067
20.7999792,,421.69897785984745,10765.0,2.0795454545454546
20.999979,,450.35291460613945,35936.0,3.9591836734693877
21.1999788,6.465527595940184,41.77357477692996,33302.0,3.9591836734693877
21.399978599999997,4.83462226670306,5.16984817423726,32973.0,4.020689655172414
21.599978399999998,,50.544612518541,34060.0,3.5
21.799978199999998,,437.79424089931655,10751.0,1.8369565217391304
21.999978,,26.60939670625459,11521.0,1.826086956521739
22.1999778,,424.90659106455234,36383.0,4.1571428571428575
22.3999776,13.061794666932988,24.663262982324014,40052.0,4.076923076923077
22.5999774,,363.39167605432857,12062.0,2.2045454545454546
22.799977199999997,18.93960589651023,51.19416104146814,13296.0,2.5
22.999976999999998,16.44398899104058,167.01111935777894,17077.0,4.419354838709677
23.199976799999998,,245.92991194793706,37877.0,4.095588235294118
23.3999766,2.8408106887667013,3.3669006701915087,37647.0,4.0583941605839415
23.5999764,,10.9820363762821,43630.0,4.098591549295775
23.7999762,,173.68592848524113,21606.0,4.586206896551724
23.999976,6.675540765391015,74.64929924206697,18030.0,4.48314606741573
24.199975799999997,,171.52993845767855,38251.0,4.0583941605839415
24.399975599999998,,176.32723286734048,17415.0,4.34065934065934
24.599975399999998,,183.47431783579376,36813.0,4.149253731343284
24.7999752,2.566805136977003,1.6349046166943029,36831.0,4.180451127819549
24.999975,2.4779419784054966,1.8093624790293852,36676.0,4.212121212121212
25.1999748,2.2504767612924317,0.4955611391675901,36706.0,4.212121212121212
25.3999746,2.2383557914795156,0.9996889388032641,36735.0,4.212121212121212
25.599974399999997,2.314908694467157,0.7157681876975239,36690.0,4.212121212121212
25.799974199999998,2.259311466522093,2.1022349137896605,36890.0,4.204545454545454
25.999973999999998,,312.9739232185003,17245.0,2.3529411764705883
26.1999738,7.137358490566037,21.116706611583208,15900.0,2.313131313131313
26.3999736,6.217602660867341,23.726261469553346,15634.0,2.27
26.5999734,4.411100905392993,6.365273500549886,15242.0,2.2857142857142856
26.7999732,,312.5273070687963,39470.0,3.9591836734693877
26.999972999999997,2.570401970493385,1.2453265888131406,39381.0,3.9863013698630136
27.199972799999998,,294.45640576202914,14890.0,2.3789473684210525
27.399972599999998,2.6236224731255495,3.180894908982451,14791.0,2.3541666666666665
27.5999724,,295.57584156109505,39402.0,3.8609271523178808
27.7999722,6.891709884665996,7.104285262052678,38757.0,3.761290322580645
27.999972,7.539622963405272,31.780098074316427,35169.0,3.810457516339869
28.1999718,7.793195640038781,9.281424189937347,34037.0,3.8543046357615895
28.399971599999997,8.40145654453229,31.598628953246436,35289.0,4.134751773049645
28.599971399999998,10.233833748872739,50.403665578441675,37702.0,3.8866666666666667
28.799971199999998,10.810670879922217,69.12238747412982,41140.0,3.4035087719298245
28.999971,10.632483315071223,43.57037682929533,40156.0,4.020689655172414
29.1999708,,293.72459196114147,11859.0,2.042105263157895
29.3999706,,340.2942953799564,38018.0,3.88
29.5999704,10.67020591252893,60.739875916381564,41911.0,3.8289473684210527
29.799970199999997,3.751643483231707,3.305172284308698,41984.0,3.9659863945578233
29.999969999999998,2.620310633213859,3.767311912658289,41850.0,4.0137931034482754
30.199969799999998,8.400677765647744,34.45963853513178,43968.0,3.8543046357615895
30.3999696,4.537726241725686,3.458269068792302,43206.0,3.689873417721519
30.5999694,5.797597042513863,65.74475568573993,38952.0,3.660377358490566
30.7999692,,308.0014796851481,13589.0,1.9313725490196079
30.999969,,344.20408885081076,37631.0,3.8543046357615895
31.199968799999997,3.167825897951421,7.914110392424841,36806.0,3.9324324324324325
31.399968599999998,2.552799587057513,2.037526873581169,36809.0,3.9863013698630136
31.599968399999998,,366.1874624268264,12663.0,2.126315789473684
31.7999682,,355.6899218214811,37451.0,3.9060402684563758
31.999968,2.765170429874077,9.564629676383761,36848.0,3.993150684931507
32.199967799999996,2.7182985122724097,5.670507669024497,37238.0,3.9324324324324325
32.3999676,,359.6357758133139,12849.0,2.1052631578947367
32.5999674,2.842154493725154,0.9551546715982554,12829.0,2.09375
32.7999672,,360.7292263874827,37155.0,4.0137931034482754
32.999967,2.2932850737399386,1.934040605217777,37022.0,4.0137931034482754
33.1999668,,363.123712078656,13232.0,1.97
33.3999666,,367.43466087078156,36834.0,3.9659863945578233
33.5999664,,362.43598186297845,12603.0,2.0416666666666665
33.7999662,,5.366033823016714,12458.0,2.0526315789473686
33.999966,,3.91433234801674,12705.0,2.0520833333333335
34.1999658,4.060904193019442,4.051704985957058,12807.0,2.0309278350515463
34.3999656,,348.9628605101714,37357.0,3.88
34.599965399999995,3.8775279348875706,19.10983249601928,36245.0,3.9324324324324325
34.799965199999995,3.0616756092108206,6.518420286298797,35784.0,4.048611111111111
34.999964999999996,,359.6370044183636,11013.0,2.076923076923077
35.1999648,,368.1427021146399,35156.0,4.127659574468085
35.3999646,2.3966221969912005,1.4545471982292473,35230.0,4.127659574468085
35.5999644,,365.32388831701803,10886.0,2.087912087912088
35.7999642,,365.6273488613596,35261.0,4.127659574468085
35.999964,,375.21041799868556,11437.0,1.956989247311828
36.1999638,,366.43478666407265,35872.0,4.0137931034482754
36.3999636,4.020264463726333,4.3764972415345635,36073.0,4.048611111111111
36.5999634,2.560565501087502,5.2943419941857135,35862.0,4.06993006993007
36.7999632,2.3254602000504327,1.5412662156857677,35691.0,4.076923076923077
36.999963,2.347991602519244,0.1556186325299256,35725.0,4.06993006993007
37.1999628,,366.71151376561403,11504.0,2.096774193548387
37.399962599999995,2.48170412963931,1.0140740417574845,11478.0,2.130434782608696
37.599962399999995,2.604544271962536,0.7550414378244443,11531.0,2.096774193548387
37.799962199999996,2.5820508386650527,2.122386434421292,11566.0,2.10752688172043
37.999962,2.5736413984077537,0.9058158032455588,11556.0,2.141304347826087
38.1999618,2.532687651331719,1.0045480296498746,11564.0,2.10752688172043
38.3999616,2.537566775805618,0.6471931386470938,11606.0,2.10752688172043
38.5999614,,368.90027262039547,35776.0,4.098591549295775
38.7999612,2.280083857442348,1.4097794136834052,35775.0,4.06993006993007
38.999961,8.711781703194854,10.591485393250133,36684.0,3.9591836734693877
39.1999608,,356.60082409765084,11633.0,1.9166666666666667
39.3999606,,12.28051838279715,11683.0,1.7291666666666667
39.5999604,,372.9455663585029,35335.0,3.9863013698630136
39.7999602,,362.37684309929995,10721.0,1.7204301075268817
39.99996,7.802165263255297,11.473095568463048,10807.0,1.6842105263157894
40.199959799999995,11.764608551772184,19.929476670316053,11483.0,1.5742574257425743
40.399959599999995,,374.35723265519994,35083.0,4.076923076923077
40.599959399999996,6.610260315311504,10.75228150395007,35457.0,3.9324324324324325
40.799959199999996,6.461190257991058,17.900896398402637,36009.0,3.88
40.999959,,387.4468032445837,13252.0,1.79
41.1999588,18.53823088455772,54.146640654516716,13340.0,2.1157894736842104
41.3999586,,354.1216633733859,38381.0,3.7152317880794703
41.5999584,,192.518283195648,19616.0,3.3873873873873874
41.7999582,4.389534252524156,21.898358752031314,18422.0,3.86734693877551
41.999958,9.224294914501444,37.45323668548752,18012.0,4.172043010752688
42.1999578,,196.43365579400242,37595.0,4.0
42.3999576,,265.54619383343766,15723.0,2.351063829787234
42.5999574,4.760576923076923,9.845609485282381,15600.0,2.263157894736842
42.799957199999994,3.387171412044476,12.20487378276463,15559.0,2.2736842105263158
42.999956999999995,3.2229451600053114,7.156694997608289,15062.0,2.3333333333333335
43.199956799999995,3.855940829205401,12.09657293259743,14737.0,2.2872340425531914
43.399956599999996,2.5143629604596147,0.2584516508776641,14795.0,2.2872340425531914
43.599956399999996,,5.550940500083365,14678.0,2.2872340425531914
43.7999562,,2.5551273039572533,14964.0,2.2736842105263158
43.999956,,4.7942974923068,14837.0,2.3225806451612905
44.1999558,,3.731242727661983,15082.0,2.297872340425532
44.3999556,3.6465676545068786,4.621810981215149,14611.0,2.263157894736842
44.5999554,2.487907608695652,1.692638758311284,14720.0,2.263157894736842
44.7999552,2.5706414529623833,1.3910541938503642,14701.0,2.263157894736842
44.999955,,3.604131878089248,14543.0,2.2872340425531914
45.1999548,,2.9897093052953068,14793.0,2.2736842105263158
45.3999546,2.560877169379793,1.0533689094877532,14866.0,2.2395833333333335
45.599954399999994,2.6946220636736893,4.006368848839246,14857.0,2.2395833333333335
45.799954199999995,2.7933279634850314,4.3113151597947965,14898.0,2.2395833333333335
45.999953999999995,2.808777219430486,2.4696191920954833,14925.0,2.2395833333333335
46.199953799999996,2.516699146562731,0.8863818821646344,14881.0,2.2291666666666665
46.399953599999996,3.126394806248732,2.6317999978750266,14787.0,2.2395833333333335
46.5999534,2.786870926560505,2.64931147572142,14883.0,2.2395833333333335
46.7999532,2.6966239027684,1.665277800409517,14810.0,2.2291666666666665
46.999953,3.0956591639871385,3.107094162450349,14928.0,2.2395833333333335
47.1999528,,3.329109092542011,14601.0,2.2526315789473683
47.3999526,,4.991554164203569,14733.0,2.21875
47.5999524,3.893188854489164,5.737624294804805,14858.0,2.2395833333333335
47.7999522,3.6043273496689645,3.9930108420786854,14651.0,2.2291666666666665
47.999952,,2.1387079209921773,14414.0,2.276595744680851
48.1999518,2.469902912621359,0.20659698847323105,14420.0,2.2526315789473683
48.399951599999994,,6.5575118778163,15267.0,2.1313131313131315
48.599951399999995,7.7099771105426145,28.252365381668625,14854.0,2.0
48.799951199999995,6.970830818748743,5.49898585689095,14913.0,1.970873786407767
48.999950999999996,9.127254143243047,19.322447404870214,13697.0,1.8932038834951457
49.199950799999996,5.482510673357801,5.913977819766594,13351.0,1.911764705882353
49.3999506,3.7533594409890196,2.5817136668982905,13023.0,1.900990099009901
49.5999504,2.7630390783123153,1.7423506089024,12846.0,1.91
49.7999502,2.660851799465661,3.0431816687931916,12726.0,1.91
49.99995,2.5661648177496037,1.676626272798001,12620.0,1.9393939393939394
50.1999498,2.6246907668980928,2.025047949132104,12531.0,1.91
50.3999496,2.580096894607259,0.805993958226369,12591.0,1.92
50.5999494,2.5138866719872306,0.4966274151775493,12530.0,1.91
50.7999492,20.8748158070998,21.939063976238618,14930.0,1.9326923076923077
50.999949,3.9647392596595514,6.977252456302416,14804.0,1.8773584905660377
51.199948799999994,5.467404498393431,8.995695076557936,14005.0,1.8461538461538463
51.399948599999995,14.64674016952393,17.59921613301504,15691.0,1.9142857142857144
51.599948399999995,5.554810143566349,8.149591346919438,14906.0,1.9047619047619047
51.799948199999996,,20.995113048250083,16389.0,2.0194174757281553
51.999947999999996,,7.963026453668379,16365.0,2.0679611650485437
52.1999478,,298.3623285413296,38234.0,3.8013698630136985
52.3999476,,207.8461454185132,20122.0,3.4545454545454546
52.5999474,,35.57517068257028,19464.0,3.5961538461538463
52.7999472,,8.812785198549236,19317.0,3.485981308411215
52.999947,,187.43812771474998,40019.0,3.6103896103896105
53.1999468,6.729023897929179,38.77999325478465,40129.0,3.7
53.3999466,5.139168150023817,23.934142668287798,39887.0,3.7066666666666666
53.5999464,4.0573534203995685,15.670101453492824,39893.0,3.6578947368421053
53.7999462,,158.6833680378836,18342.0,3.536082474226804
53.999945999999994,,166.21356688032608,37229.0,3.8482758620689657
54.199945799999995,,186.41369257183797,18972.0,2.990990990990991
54.399945599999995,10.301373359881554,55.65448535052531,19587.0,3.045045045045045
54.599945399999996,,176.5371796917951,38634.0,3.490566037735849
54.799945199999996,3.6908276832544455,7.72392628959614,39085.0,3.411042944785276
54.999945,4.551307469724574,58.818698942729284,37324.0,2.9367088607594938
55.1999448,3.178756336964729,24.668520887697053,37084.0,3.5641025641025643
55.3999446,3.650507139065076,15.2771873137503,35789.0,3.651315789473684
55.5999444,2.8226123595505617,3.0417828704657315,35600.0,3.6578947368421053
55.7999442,3.945906222081328,10.507677420765855,34699.0,3.6578947368421053
55.999944,,182.39443921660424,14986.0,3.05
56.1999438,3.6686398872445385,13.676177322893631,14190.0,3.231578947368421
56.3999436,,178.21276300489603,34191.0,3.6973684210526314
56.599943399999994,,182.1565087916758,14693.0,3.0485436893203883
56.799943199999994,2.7784290738569752,2.9825902469527783,14501.0,3.0784313725490198
56.999942999999995,3.1250436117507503,8.433960020754206,14331.0,3.0980392156862746
57.199942799999995,3.0327913836866296,3.492196233696023,14577.0,3.0384615384615383
57.399942599999996,3.4753032928942806,10.200150273735561,13848.0,3.191919191919192
57.599942399999996,6.909453072248481,13.8300860985112,14810.0,3.0095238095238095
57.7999422,6.379287899498796,17.746099922294146,15363.0,2.8660714285714284
57.999942,11.607725886503617,33.33770316725761,16723.0,2.5483870967741935
58.1999418,11.577411671298135,86.79531196180618,15114.0,2.8666666666666667
58.3999416,,10.969721208188906,14173.0,2.9215686274509802
58.5999414,,10.545195891498462,14390.0,2.9029126213592233
58.7999412,4.21040089711242,12.14203181265465,14268.0,2.9423076923076925
58.999941,4.422594142259414,6.602168120460464,14579.0,3.049019607843137
59.1999408,9.837966245922564,53.97663003059837,14102.0,3.5434782608695654
59.399940599999994,,174.45950774914826,33678.0,3.861111111111111
59.599940399999994,,53.29916132310447,39614.0,3.5060240963855422
59.799940199999995,5.550583608541105,16.755937862186876,39667.0,3.38953488372093
59.999939999999995,,170.03559263796888,15930.0,3.4242424242424243
60.199939799999996,3.841130541395109,3.217040000310217,15497.0,3.39
60.399939599999996,6.811387425828388,43.28176272522521,14999.0,3.6736842105263157
60.5999394,3.8810990052108005,14.56074967219484,14777.0,3.806451612903226
60.7999392,2.9190198207982623,4.747130557454999,14732.0,3.858695652173913
60.999939,4.765042607168412,6.948750370581514,15373.0,3.7578947368421054
61.1999388,2.8110670909917514,0.8091501455454455,15397.0,3.7473684210526317
61.3999386,2.636631716906946,3.0273186916874817,15260.0,3.7473684210526317
61.5999384,2.3539059412462127,1.4586612569694573,15182.0,3.7872340425531914
61.7999382,2.406549151647191,2.0461325773284926,15147.0,3.7872340425531914
61.999938,2.314875923970433,2.4062448545213884,15152.0,3.7872340425531914
62.199937799999994,3.0038070233016083,6.117411574015179,15235.0,3.736842105263158
62.399937599999994,2.6626857749469215,3.069575471058797,15072.0,3.7872340425531914
62.599937399999995,,353.1281346371685,61960.0,3.3513513513513513
62.799937199999995,3.598847870182556,10.680770824279138,61625.0,3.2804232804232805
62.999936999999996,3.458344789661809,3.790225966216497,61829.0,3.297872340425532
63.199936799999996,2.7594449228969307,0.8799246339382768,61541.0,3.263157894736842
63.3999366,,378.65045359737604,15183.0,3.3535353535353534
63.5999364,3.9105814183182988,11.445647355051918,15187.0,3.1941747572815533
63.7999362,,378.7977359486908,61848.0,3.1313131313131315
63.999936,2.749760649087221,2.9062498521487536,61625.0,3.1313131313131315
64.19993579999999,,383.387719472563,15107.0,3.0
64.39993559999999,,190.82915285755078,33917.0,3.6103896103896105
64.59993539999999,,185.86259825260606,14662.0,3.056603773584906
64.7999352,2.7185720238922073,2.758023968869503,14398.0,3.0186915887850465
64.999935,2.34892936596218,1.1911375023629742,14384.0,3.047169811320755
65.1999348,2.4244007803790413,3.3384430390944204,14352.0,3.056603773584906
65.3999346,2.4658415156963076,0.9920917941239965,14462.0,3.056603773584906
65.5999344,2.3514168918450773,2.888672869708465,14433.0,3.085714285714286
65.7999342,2.69342142254709,1.7366056851608307,14228.0,3.056603773584906
65.999934,2.3318755731113776,3.3077154995828937,14177.0,3.085714285714286
66.1999338,,385.48736507150335,60654.0,3.163265306122449
66.3999336,,385.14693788275054,14198.0,3.085714285714286
66.5999334,2.3608631475363744,0.777300616773605,14227.0,3.085714285714286
66.7999332,2.3502820874471086,1.366491190814512,14180.0,3.085714285714286
66.999933,2.2858755467757867,0.44889004934376336,14174.0,3.085714285714286
67.1999328,,384.45628710092683,60778.0,3.163265306122449
67.3999326,2.408572278995932,2.1981795154801804,60474.0,3.163265306122449
67.5999324,,386.32771368056456,13660.0,3.1153846153846154
67.7999322,,6.8615084391553465,14078.0,3.085714285714286
67.999932,2.341279977295303,1.5836425992630918,14094.0,3.085714285714286
68.1999318,2.3959655000356403,0.9990178524419456,14029.0,3.0761904761904764
68.3999316,,380.9938559705683,61143.0,3.084577114427861
68.5999314,2.4670939117574564,2.5476974744626664,60855.0,3.1
68.7999312,,394.0737425495196,14946.0,2.9814814814814814
68.99993099999999,,393.69147923497,60915.0,3.1155778894472363
69.19993079999999,,388.7808727398243,14298.0,3.0093457943925235
69.39993059999999,,388.0075233285844,61076.0,3.1313131313131315
69.59993039999999,,394.9205748162313,15323.0,2.9363636363636365
69.79993019999999,3.1340466538180367,7.0192064851323845,15047.0,3.046728971962617
69.99992999999999,,389.07928636819577,61209.0,3.1155778894472363
70.19992979999999,,388.0345479200496,14806.0,3.037037037037037
70.3999296,2.707840590607697,1.474904007665586,14629.0,3.0277777777777777
70.5999294,3.855799165397099,3.529017556882954,15097.0,3.018348623853211
70.7999292,2.946055877842235,8.58360182248743,14997.0,3.0841121495327104
70.999929,9.416832940322873,32.24828523172379,16539.0,3.1339285714285716
71.1999288,7.3001606978879705,31.643332045655594,17424.0,3.439252336448598
71.3999286,4.825946580569416,30.751935001129134,17035.0,3.3207547169811322
71.5999284,3.8892609564093528,7.424996518035868,17022.0,3.259259259259259
71.7999282,3.2678730347078018,8.798448021865628,16855.0,3.4
71.999928,4.18476821192053,12.811204245199576,16610.0,3.633663366336634
72.1999278,14.978060368921184,221.65352135847272,14312.0,2.101010101010101
72.3999276,10.015541740674955,84.04428618663525,13512.0,2.3626373626373627
72.5999274,4.126746290264205,9.385025985604004,13815.0,2.297872340425532
72.7999272,3.9604981662591685,18.264972474421224,13088.0,2.1648351648351647
72.999927,6.801597869507323,10.483341096807413,14269.0,2.340659340659341
73.1999268,11.868993135011442,25.79062783807523,15732.0,2.0673076923076925
73.3999266,4.687092323130958,16.858591858403017,15944.0,2.2626262626262625
73.5999264,3.6069860537190084,10.769857524563504,15488.0,2.3541666666666665
73.7999262,4.473440375706035,5.35115012676747,15757.0,2.4574468085106385
73.999926,2.7276989274934174,2.82463018359316,15571.0,2.4838709677419355
74.1999258,2.9937948419623814,3.841741090485252,15471.0,2.532608695652174
74.3999256,2.71637445817429,3.9499488656106028,15457.0,2.5494505494505493
74.59992539999999,2.5122220060947935,1.35441388343734,15423.0,2.5604395604395602
74.79992519999999,2.5344558574957743,1.4917484975165618,15382.0,2.5494505494505493
74.99992499999999,3.6837387964148527,1.6493201078640518,15620.0,2.5760869565217392
75.19992479999999,3.6431484238462035,10.708521974776117,15449.0,2.5434782608695654
75.39992459999999,3.1321743746267665,15.183868985834255,15071.0,2.3870967741935485
75.59992439999999,2.8381991088648,1.2932551511180257,15037.0,2.4086021505376345
75.79992419999999,3.2228526190790343,7.984419875130873,15158.0,2.4239130434782608
75.999924,2.4148059542796383,2.886614332720998,15048.0,2.4347826086956523
76.1999238,3.6740298898793915,3.6992863867117576,15256.0,2.4516129032258065
76.3999236,,312.4946278715067,37446.0,4.0071942446043165
76.5999234,2.513648441903535,3.6695055426072045,37257.0,4.0
76.7999232,,308.0623877025431,14770.0,2.4239130434782608
76.999923,2.5392900690963285,0.9993423153119737,14762.0,2.4395604395604398
77.1999228,,303.6301241548288,37323.0,4.065693430656935
77.3999226,,302.69203504586204,14713.0,2.4395604395604398
77.5999224,2.472537943238277,1.558012558978447,14693.0,2.4395604395604398
77.7999222,2.3985985441186477,0.2640952924347232,14699.0,2.4395604395604398
77.999922,2.4788952225841476,2.612076188289505,14736.0,2.4395604395604398
78.1999218,2.4618204031765423,1.1395949423702794,14733.0,2.4395604395604398
78.3999216,2.473684210526316,2.3212702928477325,14687.0,2.4395604395604398
78.5999214,2.5410348813490176,1.160047013394135,14707.0,2.4395604395604398
78.7999212,,306.33241742246713,37129.0,4.0583941605839415
78.999921,,303.90307705714605,14605.0,2.4395604395604398
79.1999208,2.410827807779069,0.37800590640327636,14629.0,2.4395604395604398
79.3999206,2.3974763406940065,0.38633815523553994,14582.0,2.4395604395604398
79.5999204,2.392486338797814,1.2707959190734626,14640.0,2.4395604395604398
79.7999202,2.426667577911427,0.34033202452915545,14632.0,2.4395604395604398
79.99992,2.4428396239269654,1.957790985303678,14678.0,2.4395604395604398
80.19991979999999,2.484439265149438,2.2476652676264863,14588.0,2.4395604395604398
80.39991959999999,2.4677827126750937,3.0880978361739286,14635.0,2.4395604395604398
80.59991939999999,4.833202614379085,10.448136305129529,15300.0,2.4838709677419355
80.79991919999999,2.880041770003916,4.261374584444168,15322.0,2.425531914893617
80.99991899999999,,301.107635586524,38088.0,4.0
81.19991879999999,,363.4081793926345,14545.0,2.4269662921348316
81.39991859999999,,342.17192808110843,36605.0,4.118518518518519
81.59991839999999,,447.08007159976364,14270.0,2.080808080808081
81.7999182,,408.40441144842725,36381.0,4.125925925925926
81.999918,,430.11918898153027,12067.0,2.3529411764705883
82.1999178,6.654458097038438,16.344510657576578,12696.0,2.2988505747126435
82.3999176,,402.7797483949673,36583.0,3.9785714285714286
82.5999174,,397.88311724988097,13148.0,2.197802197802198
82.7999172,3.537715843683732,8.976734778648742,13204.0,2.21978021978022
82.999917,2.699962020508925,1.2251705547471963,13165.0,2.2444444444444445
83.1999168,,425.7192120593579,35940.0,4.102941176470588
83.3999166,,421.67553188994737,12934.0,2.2333333333333334
83.5999164,,5.508581276541521,13056.0,2.2333333333333334
83.7999162,,421.4562733668072,35872.0,4.118518518518519
83.999916,,420.83234829514333,12932.0,2.258426966292135
84.1999158,2.672936098049796,2.0722916383496273,12973.0,2.269662921348315
84.3999156,2.600894095884076,0.6405184978671699,12974.0,2.269662921348315
84.5999154,2.8257471264367817,1.1285897954376187,13050.0,2.2555555555555555
84.7999152,2.6307822345166745,1.4900840101714983,13014.0,2.2808988764044944
84.999915,,3.983475245733866,12708.0,2.2954545454545454
85.1999148,,423.99373806085873,35897.0,4.118518518518519
85.3999146,,424.35829912408474,12908.0,2.2954545454545454
85.59991439999999,,1.8715480097748927,12619.0,2.32183908045977
85.79991419999999,,3.517017826459529,12897.0,2.3068181818181817
85.99991399999999,2.688528425485456,1.2112171040350286,12823.0,2.32183908045977
86.19991379999999,2.857288003126221,1.341530069818315,12795.0,2.2954545454545454
86.39991359999999,,2.455264696004971,12585.0,2.3488372093023258
86.59991339999999,2.543302081678055,0.3410189961240196,12586.0,2.310344827586207
86.79991319999999,,2.4618857193198216,12782.0,2.284090909090909
86.99991299999999,,2.284120139216387,12575.0,2.3488372093023258
87.19991279999999,,2.9623109145160598,12801.0,2.3068181818181817
87.3999126,2.513344290522032,0.4483531575724513,12777.0,2.32183908045977
87.5999124,9.778360655737705,30.29225759944991,13725.0,2.0631578947368423
87.7999122,,420.27152957995685,35999.0,4.0359712230215825
87.999912,2.5325437206328023,1.8598094757370895,35967.0,4.0
88.1999118,3.335136768098429,10.401150032272033,36412.0,3.9642857142857144
88.3999116,2.6059849004804394,3.0292977997903456,36425.0,4.007142857142857
88.5999114,,415.55636185421906,13416.0,2.1847826086956523
88.7999112,,404.01353525376044,37042.0,3.9714285714285715
88.999911,3.682300344329668,19.99412190117671,36012.0,4.0
89.1999108,,407.3894200207273,12265.0,2.0543478260869565
89.3999106,,412.44406307128224,36700.0,4.06993006993007
89.5999104,5.895922746781116,4.883625929922345,36348.0,3.939189189189189
89.7999102,,461.9968766718882,13693.0,1.424778761061947
89.99991,,466.0201415994291,33950.0,3.9225352112676055
90.1999098,,476.8923894836553,12087.0,1.891304347826087
90.3999096,16.11054112195929,40.70655980943431,12086.0,1.8736842105263158
90.5999094,,439.0683278013865,35465.0,3.8493150684931505
90.7999092,,13.210478691700224,38681.0,3.9863013698630136
90.999909,,268.7464343527345,15522.0,2.5698924731182795
91.19990879999999,17.864094505256315,44.460095890346096,18454.0,2.3211009174311927
91.39990859999999,7.5306402857928,14.409779443141,18195.0,2.3823529411764706
91.59990839999999,3.484448581754463,2.014106649419258,18262.0,2.355769230769231
91.79990819999999,,285.8111209141112,39953.0,3.7315436241610738
91.99990799999999,3.091197281326875,8.026902364039683,39431.0,3.861111111111111
92.19990779999999,2.6733078880407124,2.4868329317997335,39300.0,3.8493150684931505
92.39990759999999,2.7363689463392338,2.9976753962230744,39377.0,3.7823129251700682
92.59990739999999,2.3234727014410392,0.8621724167857209,39416.0,3.7567567567567566
92.79990719999999,,281.45339991087656,17332.0,2.53
92.999907,3.3958404950154693,7.492204966519135,17454.0,2.56
93.1999068,,275.2565965548682,39529.0,3.808219178082192
93.3999066,2.36157019564172,0.6132412163983411,39511.0,3.808219178082192
93.5999064,,200.1288324343775,19067.0,4.1313131313131315
93.7999062,3.7553322035879155,103.1880042625525,17113.0,2.5656565656565657
93.999906,2.6120512970662295,2.076127991475143,17077.0,2.5757575757575757
94.1999058,,282.81614757451183,39316.0,3.808219178082192
94.3999056,,280.3889127677403,17112.0,2.5918367346938775
94.5999054,,280.52562708198485,39313.0,3.8344827586206898
94.7999052,2.6757601372985986,2.6216498066148044,39039.0,3.861111111111111
94.999905,2.278475819272783,1.6787587104312887,38998.0,3.861111111111111
95.1999048,2.2708583395050694,1.4198208959948107,39157.0,3.861111111111111
95.3999046,2.441030597451484,1.5520511972253175,39317.0,3.815068493150685
95.5999044,,281.4377586769764,17152.0,2.5656565656565657
95.7999042,3.186483170640636,97.65031808211927,18747.0,4.141414141414141
95.999904,3.043611866209668,102.23481452769249,16922.0,2.5714285714285716
96.1999038,,284.2313873552641,39097.0,3.8680555555555554
96.3999036,,283.4201769246834,16912.0,2.5714285714285716
96.59990339999999,,301.8469363292857,38360.0,3.171232876712329
96.79990319999999,,301.94915337541573,16829.0,2.5918367346938775
96.99990299999999,,283.99335722472273,39028.0,3.861111111111111
97.19990279999999,,284.99494902959094,16798.0,2.5816326530612246
97.39990259999999,,285.14125309529504,39171.0,3.8680555555555554
97.59990239999999,,204.3216483771362,18613.0,4.141414141414141
97.79990219999999,3.0691790200631064,100.40124310602744,16797.0,2.618556701030928
97.99990199999999,2.533947939262473,100.37822042308044,18440.0,4.22680412371134
98.19990179999999,,202.78241791346946,39067.0,3.8680555555555554
98.39990159999999,2.5161381290537594,0.6589733162900177,39007.0,3.861111111111111
98.5999014,,283.46397706849416,16846.0,2.5454545454545454
98.7999012,2.8894186487511515,101.50106862906736,18457.0,4.141414141414141
98.999901,2.8815025476952245,100.73048898954752,16878.0,2.525252525252525
99.1999008,2.639685449062851,1.3081334164251561,16913.0,2.525252525252525
99.3999006,,283.47024878856894,39170.0,3.8344827586206898
99.5999004,2.86606891251441,2.4556978781487144,39035.0,3.8680555555555554
99.7999002,2.5880577931210844,1.619602124310752,39105.0,3.8344827586206898
99.9999,2.4304737911000283,1.7251429235279097,38899.0,3.861111111111111
100.1998998,,286.6697729746094,16731.0,2.561224489795918
100.3998996,2.48031538879826,106.07231298219332,18390.0,4.237113402061856
100.5998994,,201.7490768463457,39066.0,3.861111111111111
100.7998992,,199.42911163476805,18480.0,4.237113402061856
100.999899,2.52066607195956,106.27625797121274,16815.0,2.6288659793814433
101.1998988,2.6313243845443184,104.07028191384197,18401.0,4.22680412371134
101.3998986,2.529649195702499,100.46389648740903,16847.0,2.618556701030928
101.5998984,,281.96428425084923,39131.0,3.861111111111111
101.7998982,,282.4654448163945,16848.0,2.6288659793814433
101.999898,,281.9548815020332,39102.0,3.8275862068965516
102.19989779999999,,307.7377113649301,17784.0,2.1203703703703702
102.39989759999999,6.162187884895308,21.397347806440287,17862.0,2.219047619047619
102.59989739999999,,15.476253364713774,17493.0,1.954954954954955
102.79989719999999,,307.03026708296994,41167.0,3.5705521472392636
102.99989699999999,7.659788282355237,5.138745668474605,40998.0,3.62111801242236
103.19989679999999,,311.11364100254775,15914.0,1.7383177570093458
103.39989659999999,,319.26056162197267,39266.0,3.6835443037974684
103.59989639999999,6.884151856650451,19.249821392081014,40907.0,3.3976608187134505
103.79989619999999,,322.12125504719666,20338.0,1.4184397163120568
103.99989599999999,,269.53471546989084,47814.0,2.6944444444444446
104.1998958,10.397418365655561,38.41388226277739,48264.0,2.6944444444444446
104.3998956,8.555589169565875,24.420635164940602,46277.0,2.6944444444444446
104.5998954,4.7466987054595835,2.568989551836382,46194.0,2.6944444444444446
104.7998952,4.367703100640915,3.4164178008380524,46184.0,2.699074074074074
104.999895,5.231459540108829,4.709282889680736,45576.0,2.699074074074074
105.1998948,,328.84414137548777,21732.0,1.096969696969697
105.3998946,27.35014088684562,129.12645014369076,20229.0,0.8545454545454545
105.5998944,24.54857693130751,120.00034016379543,18692.0,1.443609022556391
105.7998942,11.706933371298405,112.54936158966314,14048.0,1.7075471698113207
105.999894,,385.18574715693836,37390.0,3.730769230769231
106.1998938,3.568067812977816,4.200298482323522,37279.0,3.810457516339869
106.3998936,,375.1656012591475,11461.0,1.7878787878787878
106.5998934,5.365244268910449,12.387481901672135,11647.0,1.5940594059405941
106.7998932,14.946106040007768,9.388542970964645,10298.0,1.6237623762376239
106.999893,,404.995833741685,34676.0,3.9324324324324325
107.1998928,,494.74146894123606,14854.0,1.7289719626168225
107.3998926,,459.87185938350535,37342.0,4.18705035971223
107.5998924,4.444474248927039,9.63397383229415,37280.0,4.217391304347826
107.79989219999999,6.748363972085698,2.127990979527717,36827.0,4.1571428571428575
107.99989199999999,5.187759392012073,5.064614101524389,37106.0,4.164285714285715
108.19989179999999,4.737753654811259,4.057325705072024,36664.0,4.22463768115942
108.39989159999999,7.07067312701886,21.141944271937614,38388.0,3.6835443037974684
108.59989139999999,,351.7120971144125,15882.0,1.608695652173913
108.79989119999999,,328.0621171126833,43182.0,3.3448275862068964
108.99989099999999,8.09993000835384,30.13879001626262,44291.0,2.8955223880597014
109.19989079999999,,369.2686239679781,23282.0,1.121212121212121
109.39989059999999,,35.82384198003545,24690.0,1.225609756097561
109.59989039999999,,44.07139744845266,26622.0,1.393939393939394
109.7998902,,354.9844049623904,49341.0,3.180327868852459
109.99989,8.032963446475195,70.29489969284782,42896.0,3.810457516339869
110.1998898,4.732975711518403,20.699490516513112,40266.0,3.7857142857142856
110.3998896,,353.66702482028325,15074.0,2.13
110.5998894,3.117368069472278,6.61854298303452,14970.0,2.163265306122449
110.7998892,4.291307593132931,7.847381627902403,14737.0,2.1414141414141414
110.999889,4.34579945799458,4.555097885348112,14760.0,2.1313131313131315
111.1998888,2.755211516262647,2.4038207669764744,14727.0,2.1530612244897958
111.3998886,2.5737883959044368,0.9548545759194037,14650.0,2.1530612244897958
111.5998884,2.775081788440567,1.3658047248356755,14672.0,2.1530612244897958
111.7998882,2.8865901952751605,1.4306630768627853,14646.0,2.1313131313131315
111.999888,3.1701867572156197,3.097222671793893,14725.0,2.1530612244897958
112.1998878,3.357177413781187,3.4360861662642526,14469.0,2.1752577319587627
112.3998876,,354.31982348383804,38991.0,3.9324324324324325
112.5998874,,355.94112969318263,14558.0,2.142857142857143
112.7998872,10.47068359902729,14.421270742965316,14804.0,1.9807692307692308
112.999887,,363.1311957055112,38673.0,3.8866666666666667
113.19988679999999,5.5486644386049955,4.127513314805976,39197.0,3.803921568627451
113.39988659999999,4.2048199069475665,7.030665266819516,38258.0,3.8289473684210527
113.59988639999999,,390.52899451030385,13846.0,1.8846153846153846
113.79988619999999,,388.82362247317116,37704.0,3.7857142857142856
113.99988599999999,4.2953076177136085,6.336732630252059,37124.0,3.761290322580645
114.19988579999999,,395.0518047926567,12011.0,1.7980769230769231
114.39988559999999,,4.352277941780737,11862.0,1.8415841584158417
114.59988539999999,,28.803480032788013,15943.0,1.9433962264150944
114.79988519999999,15.28495371770827,21.06658903686133,16529.0,2.0849056603773586
114.99988499999999,,112.54963658109935,17328.0,2.326923076923077
115.19988479999999,,180.32768734328542,18121.0,4.083333333333333
115.3998846,5.6819136899951515,18.3619027452093,18561.0,4.040816326530612
115.5998844,9.197740418400995,61.98232386043334,18499.0,4.0
115.7998842,,53.48548674724581,18921.0,3.796116504854369
115.999884,,10.5986764681046,22325.0,3.7663551401869158
116.1998838,,186.4084258165712,44439.0,3.779220779220779
116.3998836,,28.738835806782777,41456.0,3.5576923076923075
116.5998834,,192.60280881797058,22381.0,3.0655737704918034
116.7998832,,200.98589595737994,39592.0,3.46875
116.999883,6.273095602940031,16.520302479152438,38503.0,3.3592814371257487
117.1998828,4.987973224453518,36.593093109735584,36003.0,3.5641025641025643
117.3998826,,202.59842027366284,16629.0,2.743119266055046
117.5998824,,202.16913274379644,34066.0,3.603896103896104
117.7998822,5.14443816380567,6.86072650392056,33613.0,3.6103896103896105
117.999882,,186.05682587285895,14889.0,2.8349514563106797
118.1998818,,198.0144761194199,34610.0,3.6821192052980134
118.3998816,,178.52631851370015,15592.0,3.0485436893203883
118.5998814,3.1130933213112644,4.505440591103549,15527.0,3.1176470588235294
118.79988119999999,,184.21428223777315,34759.0,3.8413793103448275
118.99988099999999,,165.4782200705555,14465.0,3.8043478260869565
119.19988079999999,,164.7606262848984,34643.0,4.0
119.39988059999999,,185.5406585430161,16113.0,3.6
119.59988039999999,17.79391327767304,53.81867688538166,18565.0,2.446969696969697
119.79988019999999,,194.25345979841128,37480.0,3.289940828402367
119.99987999999999,,179.99252664683237,15929.0,2.732142857142857
120.19987979999999,,196.35388716484468,34046.0,3.6103896103896105
120.39987959999999,,278.0488008279638,60491.0,3.195876288659794
120.59987939999999,,273.95778018470935,32837.0,3.7315436241610738
120.79987919999999,2.219829820976547,0.7001729099681785,32789.0,3.7315436241610738
120.99987899999999,,185.11342396512168,13686.0,2.9607843137254903
121.1998788,6.278133514986376,11.779308159516226,14680.0,2.895238095238095
121.3998786,,190.19473810976214,32997.0,3.6821192052980134
121.5998784,,185.9285571086119,13959.0,2.9320388349514563
121.7998782,,188.21577413800756,32806.0,3.7066666666666666
121.999878,2.2517179244418655,1.611404574299741,32743.0,3.7651006711409396
122.1998778,,189.17938323029472,13982.0,2.9320388349514563
122.3998776,5.632415325567302,13.433228183119033,14851.0,2.814814814814815
122.5998774,,429.7685128002199,60447.0,3.1794871794871793
122.7998772,,435.9968026696452,15234.0,2.790909090909091
122.999877,5.012985367707608,3.9346029676549077,15787.0,2.7217391304347824
123.1998768,6.529488696518652,25.10531657601324,16057.0,2.705357142857143
123.3998766,3.5497009757632987,10.933999146426322,15885.0,2.6785714285714284
123.5998764,3.311185374483979,13.781023369557776,15261.0,2.690909090909091
123.7998762,2.7784763560965824,4.702365166778582,14951.0,2.6339285714285716
123.999876,,194.56361276883504,33766.0,3.5253164556962027
124.19987579999999,2.303158580267014,0.36926701994101374,33781.0,3.518987341772152
124.39987559999999,,195.10983552172578,15728.0,2.72972972972973
124.59987539999999,3.481844702377258,5.316398145561997,16111.0,2.6785714285714284
124.79987519999999,,445.21622020714807,61600.0,3.0693069306930694
124.99987499999999,,439.70393874710294,14930.0,2.7
125.19987479999999,,217.54973956713516,35935.0,3.6375
125.39987459999999,,34.434864447057805,34460.0,3.56687898089172
125.59987439999999,,187.65791124081812,15300.0,2.6936936936936937
125.79987419999999,,441.6991488999369,60925.0,3.084577114427861
125.99987399999999,2.373695576913566,1.8265606157001075,60659.0,3.084577114427861
126.19987379999999,,283.19126847032817,33390.0,3.5641025641025643
126.39987359999999,,190.41552213737526,14548.0,2.7155963302752295
126.59987339999999,,192.4825345348246,33240.0,3.5641025641025643
126.7998732,2.224569757979445,0.9827824124243474,33179.0,3.5641025641025643
126.999873,2.197197529004068,0.17099196594856417,33185.0,3.5806451612903225
127.1998728,2.3443135369079107,2.212143256357629,33272.0,3.5806451612903225
127.3998726,,168.92807516556792,18310.0,2.466666666666667
127.5998724,,444.9247174565151,60591.0,3.1155778894472363
127.7998722,,282.56450284381685,33147.0,3.6103896103896105
127.999872,2.196329389036465,0.7318219319919097,33128.0,3.587096774193548
128.19987179999998,,284.34982107511934,60335.0,3.1313131313131315
128.39987159999998,,448.9755679917317,14349.0,2.7570093457943927
128.59987139999998,,449.47849157217564,60183.0,3.1313131313131315
128.79987119999998,,284.8142672888033,32890.0,3.6103896103896105
128.99987099999998,,192.41628941795568,13836.0,2.7570093457943927
129.19987079999999,,455.15359750141175,59893.0,3.163265306122449
129.39987059999999,2.2975245290587862,0.5084580555652943,59827.0,3.163265306122449
129.5998704,,452.41824762297597,13743.0,2.8095238095238093
129.7998702,,182.64316190184698,33395.0,3.5576923076923075
129.99987,,284.2545750401877,60716.0,3.1
130.1998698,2.3605735948574256,0.7930987943398718,60670.0,3.084577114427861
130.3998696,2.5661817274918945,6.274933517720914,60145.0,3.1155778894472363
130.5998694,2.3540601315899057,1.3115983462147198,60035.0,3.1313131313131315
130.7998692,,452.24941058476304,13938.0,2.7735849056603774
130.999869,,452.5619686465575,59990.0,3.1313131313131315
131.1998688,,285.8435744919244,32761.0,3.6470588235294117
131.3998686,,192.8640719268277,13925.0,2.7735849056603774
131.5998684,,193.92563165232204,32562.0,3.627450980392157
131.7998682,,193.11186190324665,13776.0,2.7735849056603774
131.999868,,193.17533476149904,32581.0,3.6405228758169934
132.1998678,2.1715399012057803,0.6804181682045425,32593.0,3.633986928104575
132.3998676,,193.55149256784205,13750.0,2.7735849056603774
132.5998674,2.371193953927767,1.176260236552489,13761.0,2.8
132.7998672,2.2555998550199345,0.25091061750407384,13795.0,2.8
132.999867,2.377282980426399,1.9374448084321012,13743.0,2.7476635514018692
133.1998668,,193.54868120253587,32519.0,3.633986928104575
133.3998666,,286.35390090022815,59830.0,3.1472081218274113
133.5998664,2.272228907607969,0.16619815990659645,59832.0,3.1472081218274113
133.7998662,,452.92014014746866,13704.0,2.7735849056603774
133.999866,,453.0358398375032,59849.0,3.1313131313131315
134.1998658,2.2831039551042225,0.3867928781703034,59872.0,3.1472081218274113
134.3998656,,450.633595266749,13745.0,2.7830188679245285
134.5998654,2.427599326845687,3.2149413775403546,13667.0,2.7735849056603774
134.7998652,2.267915486822043,1.8724431804753123,13773.0,2.7735849056603774
134.999865,,453.8648310944772,59870.0,3.1472081218274113
135.1998648,2.2784560653382995,0.12550863898940468,59873.0,3.1472081218274113
135.3998646,2.291304783538215,0.17574769771365845,59872.0,3.163265306122449
135.5998644,,285.0611656988093,32401.0,3.664473684210526
135.7998642,,286.1124647625057,59702.0,3.163265306122449
135.999864,,451.59663835295373,13659.0,2.8095238095238093
136.1998638,,451.55065132458594,59789.0,3.163265306122449
136.3998636,2.309072948582718,0.7744845428992798,59727.0,3.163265306122449
136.5998634,,452.1439352666535,13614.0,2.8095238095238093
136.7998632,,192.8115654790616,32322.0,3.6578947368421053
136.999863,2.1984933156318505,1.0236104969368849,32389.0,3.6710526315789473
137.1998628,,276.07327141408706,60891.0,3.084577114427861
137.3998626,2.688877788877789,7.658696048659942,60060.0,3.1313131313131315
137.5998624,,287.6936996422532,32943.0,3.5705128205128207
137.7998622,,288.837017500104,60142.0,3.1155778894472363
137.99986199999998,,447.39999908046076,13988.0,2.75
138.19986179999998,,448.30695831826927,60034.0,3.1313131313131315
138.39986159999998,,449.30022809214734,13839.0,2.740740740740741
138.59986139999998,,217.9628065457184,34990.0,3.6835443037974684
138.79986119999998,,218.31123796663192,13828.0,2.7663551401869158
138.99986099999998,,450.0185520771845,59994.0,3.1313131313131315
139.19986079999998,,284.69570554905033,32581.0,3.6103896103896105
139.39986059999998,,193.17387025368072,13759.0,2.7570093457943927
139.59986039999998,2.2852135815991237,1.2927754168784003,13695.0,2.7570093457943927
139.79986019999998,2.29879465582341,0.40118866797757435,13772.0,2.7663551401869158
139.99985999999998,2.3079979770247814,0.9993757238706648,13841.0,2.7663551401869158
140.19985979999998,,450.4427392437587,59851.0,3.1155778894472363
140.39985959999998,,450.45988692240303,13648.0,2.7570093457943927
140.59985939999999,,451.1191932592705,59804.0,3.1313131313131315
140.7998592,,285.68032589600904,32609.0,3.603896103896104
140.999859,,285.4077961430033,59909.0,3.1313131313131315
141.1998588,,451.0692845514987,13685.0,2.7570093457943927
141.3998586,2.2824751316559393,1.9672134115042046,13672.0,2.7830188679245285
141.5998584,2.862722407059164,5.518442552473062,13826.0,2.7663551401869158
141.7998582,,218.83894232374033,34884.0,3.6835443037974684
141.999858,,219.26958240980258,13646.0,2.7570093457943927
142.1998578,2.3145993413830954,1.7414242845287118,13665.0,2.7570093457943927
142.3998576,,192.7226611304829,32604.0,3.616883116883117
142.5998574,,285.93500716936586,59747.0,3.1313131313131315
142.7998572,2.272730314334945,0.20834911974923737,59777.0,3.1313131313131315
142.999857,,285.7971328203493,32454.0,3.6103896103896105
143.1998568,,193.37944609483444,13752.0,2.7570093457943927
143.3998566,2.2508880028996012,0.4042614244480372,13795.0,2.7570093457943927
143.5998564,2.240708351552252,1.1907405759120315,13722.0,2.7570093457943927
143.7998562,2.2405183082186797,0.3429253012528111,13737.0,2.7570093457943927
143.999856,,193.4481800855417,32443.0,3.6103896103896105
144.1998558,,192.9061619854081,13636.0,2.7570093457943927
144.3998556,2.3539247900693683,0.8151138636743273,13695.0,2.7570093457943927
144.5998554,,193.37273478016496,32536.0,3.6493506493506493
144.7998552,,193.3231497415485,13640.0,2.7570093457943927
144.999855,,451.23847435292345,59816.0,3.1313131313131315
145.1998548,,451.337442152155,13710.0,2.7570093457943927
145.3998546,,194.17945392349742,32324.0,3.633986928104575
145.5998544,,193.7124773245382,13553.0,2.7570093457943927
145.7998542,2.2633129557339617,0.195296924050522,13577.0,2.7570093457943927
145.999854,,452.20795999200976,59697.0,3.1313131313131315
146.1998538,2.3256101845191295,0.7848343531618596,59777.0,3.1313131313131315
146.3998536,2.2514874983286535,0.3080347201122374,59832.0,3.1313131313131315
146.5998534,2.335225750267953,0.9406395134008261,59712.0,3.1313131313131315
146.7998532,,451.51851150978865,13601.0,2.7570093457943927
146.999853,2.233867411436131,1.0388937949614363,13606.0,2.7570093457943927
147.1998528,2.2396992702881993,0.6925496267715217,13567.0,2.7830188679245285
147.3998526,,451.2749402347066,59782.0,3.1313131313131315
147.5998524,,284.3559647229415,32334.0,3.633986928104575
147.7998522,,193.40383617966435,13624.0,2.7663551401869158
147.999852,2.2912136350279164,0.17587878412693986,13612.0,2.7663551401869158
148.1998518,2.510408178383584,4.450874444830898,13499.0,2.7830188679245285
148.3998516,,451.69774303405563,59562.0,3.1313131313131315
148.5998514,2.2426363224409647,0.2053587042227411,59583.0,3.1313131313131315
148.7998512,,450.92575000904685,13419.0,2.7830188679245285
148.999851,,451.4187369057434,59536.0,3.1472081218274113
149.19985079999998,,451.23338750969344,13417.0,2.7830188679245285
149.39985059999998,2.8870577894968137,3.1443404289656307,13653.0,2.7830188679245285
149.59985039999998,2.634578331110123,3.0321884130601413,13494.0,2.7830188679245285
149.79985019999998,,176.294254996001,33400.0,3.5443037974683542
149.99984999999998,,291.3361604990231,60445.0,3.0693069306930694
150.19984979999998,2.4697548314569593,1.7918379938852047,60489.0,3.0693069306930694
150.39984959999998,,447.1437386323182,14669.0,2.75
150.59984939999998,,193.9730307772219,34147.0,3.5935483870967744
150.79984919999998,,279.60151829351855,61747.0,3.163265306122449
150.99984899999998,3.6424431636247196,5.282298585055851,62460.0,3.1313131313131315
151.19984879999998,2.8641748333359978,1.5396319629568784,62551.0,3.1472081218274113
151.39984859999998,5.08144588250222,9.567064208359197,63048.0,2.9665071770334928
151.59984839999998,,253.86802595062352,34093.0,3.6973684210526314
151.79984819999999,,175.99688947297682,14885.0,3.076923076923077
151.999848,2.6351809188236888,3.379582768200246,14758.0,3.1372549019607843
152.1998478,2.8764863059452237,5.816994869633712,14970.0,3.1067961165048543
152.3998476,7.273132112815438,18.037679542208554,16168.0,3.0
152.5998474,6.57020275853302,36.64451453328285,15733.0,3.4158415841584158
152.7998472,14.40031907713076,87.01927438633048,16297.0,3.613861386138614
152.999847,,361.1497614534258,62475.0,3.369565217391304
153.1998468,,337.866075915005,13764.0,2.2580645161290325
153.3998466,6.654598418643363,32.233689572225394,14418.0,2.3263157894736843
153.5998464,7.908290743895514,96.9105185364668,17610.0,4.122448979591836
153.7998462,,192.273623898998,39934.0,4.048611111111111
153.999846,13.680674461071455,82.57254761456525,42167.0,3.772727272727273
154.1998458,,339.2554689103999,14370.0,2.221052631578947
154.3998456,6.933981368975294,33.41968149303424,14814.0,2.210526315789474
154.5998454,6.260467688418392,59.81974619473079,12658.0,2.258426966292135
154.7998452,6.212935174069628,21.52384959304407,13328.0,2.21978021978022
154.999845,,424.77610311385257,37264.0,3.9432624113475176
155.1998448,,357.14747421149696,14732.0,2.221052631578947
155.3998446,3.094104077617206,3.2261031306352055,14739.0,2.3010752688172045
155.5998444,,358.5030659287502,37154.0,4.0583941605839415
155.7998442,,359.5200938310824,14336.0,2.3516483516483517
155.999844,,363.87513697506967,39459.0,3.5414012738853504
156.1998438,,304.07564904166736,15172.0,1.9326923076923077
156.3998436,6.614615290219659,16.118199908911816,16298.0,1.990566037735849
156.5998434,9.591116765947604,30.886943614071463,17291.0,1.7946428571428572
156.7998432,,315.8505532188194,39198.0,3.49685534591195
156.999843,3.468552588528427,6.158817613780655,39733.0,3.49685534591195
157.1998428,3.0905174650957594,19.235605070624853,38534.0,3.5414012738853504
157.3998426,,291.5653770145709,17463.0,1.6991150442477876
157.5998424,6.350779586510063,27.619106946142114,14559.0,1.7745098039215685
157.7998422,12.265003572279115,36.86649071091747,16796.0,1.6936936936936937
157.999842,,340.80213303145194,37876.0,3.453416149068323
158.1998418,3.1644107227832707,3.9384919446993596,37826.0,3.475
158.3998416,3.412363067292645,10.619168369970703,38340.0,3.432098765432099
158.5998414,4.665384421984211,19.25359018494399,39774.0,3.3963414634146343
158.7998412,2.8833638117187306,4.308402498194031,39919.0,3.3696969696969696
158.999841,,313.52073800639,18367.0,1.6581196581196582
159.1998408,,321.2488521692663,39426.0,3.3696969696969696
159.3998406,3.1673387096774195,3.7543271702774885,39184.0,3.3963414634146343
159.5998404,,315.3342176040505,17806.0,1.6896551724137931
159.7998402,2.961112973516594,1.2320620673929064,17898.0,1.6982758620689655
159.99984,3.4846984698469847,5.869656124678199,17776.0,1.7543859649122806
160.19983979999998,,311.32643521125635,39882.0,3.3902439024390243
160.39983959999998,,307.5657557305812,17541.0,1.7876106194690264
160.59983939999998,4.284927930995346,16.486139415716853,17622.0,1.6551724137931034
160.79983919999998,3.990953296392627,10.190518414242018,17686.0,1.7043478260869565
160.99983899999998,,311.61395426904375,39506.0,3.46875
161.19983879999998,2.6274795501022497,4.832738679890954,39120.0,3.509433962264151
161.39983859999998,,310.1935685258911,17205.0,1.8545454545454545
161.59983839999998,,305.9130840305539,39574.0,3.432098765432099
161.79983819999998,,306.81236461483826,17434.0,1.8125
161.99983799999998,4.078042251062096,16.944341613829536,17183.0,1.7043478260869565
162.19983779999998,,295.9415768757754,39727.0,3.432098765432099
162.39983759999998,,299.69740838832865,17464.0,1.8053097345132743
162.59983739999998,,302.93176941184424,39389.0,3.518987341772152
162.79983719999998,3.265265418840135,9.637922415127653,39108.0,3.475
162.99983699999999,,307.3654092480908,17287.0,1.7433628318584071
163.19983679999999,3.8471610660486673,6.689034918169533,17260.0,1.8468468468468469
163.3998366,3.001735508503992,7.201004641611646,17286.0,1.8636363636363635
163.5998364,,303.1848443501954,39755.0,3.475
163.7998362,3.0898680418625815,9.146446013284768,39558.0,3.425925925925926
163.999836,3.920312700243496,10.343088785527737,39015.0,3.5477707006369426
164.1998358,,312.94052619752847,17624.0,1.7964601769911503
164.3998356,5.857087890947067,8.2316755637901,18193.0,1.7280701754385965
164.5998354,,321.8932252677728,39019.0,3.518987341772152
164.7998352,3.1178666666666666,7.086442218236383,39375.0,3.518987341772152
164.999835,2.673918594555947,4.099045755422941,39162.0,3.5477707006369426
165.1998348,,309.0525404311722,17621.0,1.7857142857142858
165.3998346,,311.18130031731675,38998.0,3.453416149068323
165.5998344,,301.8886827471084,17208.0,1.7699115044247788
165.7998342,,306.7499220966866,38789.0,3.48125
165.999834,4.227386613488776,14.298513069818863,39114.0,3.5641025641025643
166.1998338,2.7843799527137625,8.928832831979685,38489.0,3.587096774193548
166.3998336,,315.64762206601256,17006.0,1.8981481481481481
166.5998334,2.9040227880479015,4.273573519795196,17202.0,1.8981481481481481
166.7998332,,310.02341719668306,39079.0,3.587096774193548
166.999833,2.3448945190785104,0.9949787886253026,39154.0,3.587096774193548
167.1998328,2.304222108495394,0.4748249746555654,39080.0,3.5935483870967744
167.3998326,,306.0263999761173,17006.0,1.9074074074074074
167.5998324,2.5756902199344878,1.4418504218101715,17096.0,1.9074074074074074
167.7998322,2.59983619025332,2.9960514261358644,17093.0,1.9345794392523366
167.999832,2.691414496833216,1.1621969257629803,17052.0,1.9345794392523366
168.1998318,,314.7856548194146,38802.0,3.6103896103896105
168.3998316,2.6312828981319023,3.5973987441167776,38756.0,3.616883116883117
168.5998314,,303.9595239267953,16771.0,1.9074074074074074
168.7998312,3.813029661016949,12.303712263480572,16992.0,1.9811320754716981
168.999831,,321.0120058165693,38427.0,3.066225165562914
169.1998308,3.0558461577338085,32.78743440386524,39573.0,3.642857142857143
169.3998306,3.402595737040552,13.825016236590518,38987.0,3.655844155844156
169.5998304,,273.1589245486772,15311.0,2.04040404040404
169.7998302,5.902377120217903,10.358653975944941,16154.0,1.9428571428571428
169.99983,6.647828392951854,22.063219971966383,16969.0,1.9245283018867925
170.1998298,3.444117105505432,10.3114861039662,16293.0,1.9615384615384615
170.3998296,3.7534484826676264,7.102849096374658,16674.0,1.8878504672897196
170.5998294,,308.90518470397865,38064.0,3.6821192052980134
170.7998292,3.78931766040265,7.618312717859053,38793.0,3.587096774193548
170.999829,,286.6273186502926,15406.0,1.9223300970873787
171.19982879999998,3.53629639327093,9.787534042488312,15277.0,2.0
171.39982859999998,,302.4745792502228,37847.0,3.738255033557047
171.59982839999998,,314.6207882744581,17357.0,1.7787610619469028
171.79982819999998,5.559211986681465,19.85025441058681,18020.0,1.7946428571428572
171.99982799999998,3.779949816187197,12.51760989684361,17137.0,1.834862385321101
172.19982779999998,3.6739375928677562,10.43870591423129,16825.0,1.8256880733944953
172.39982759999998,,330.08893514850786,36982.0,3.0526315789473686
172.59982739999998,,336.2521884166612,15517.0,1.9805825242718447
172.79982719999998,,277.2050106870144,40503.0,3.49685534591195
172.99982699999998,,265.51934918713147,16034.0,1.9134615384615385
173.19982679999998,,297.85645339401367,38022.0,3.6821192052980134
173.39982659999998,2.5495094139485546,3.0210076676011037,37710.0,3.6821192052980134
173.59982639999998,,281.4275709625247,14323.0,1.8557692307692308
173.79982619999998,4.919621228804228,19.358763829223218,13623.0,1.9019607843137254
173.99982599999998,,308.1953565235795,35594.0,3.808219178082192
174.19982579999999,,328.8423773049001,12292.0,2.2637362637362637
174.39982559999999,,273.4076277906398,36986.0,4.195488721804511
174.5998254,,29.80347699895858,41010.0,4.18705035971223
174.7998252,,50.930283021608275,36836.0,4.0583941605839415
174.999825,,346.1753184391659,13773.0,2.265957446808511
175.1998248,6.8799755985969195,7.562882951964058,13114.0,2.1157894736842104
175.3998246,,398.30049467110774,35026.0,4.37593984962406
175.5998244,3.3067946654403313,3.5328095665644086,34792.0,4.409090909090909
175.7998242,,42.133052237458855,31697.0,4.132352941176471
175.999824,14.090799303488176,53.341464686808536,35606.0,3.4171779141104293
176.1998238,,375.0530562151248,15181.0,2.2708333333333335
176.3998236,24.849440219687366,264.2333152190372,18936.0,4.229166666666667
176.5998234,10.156254967413766,56.36300830570162,18873.0,4.157894736842105
176.7998232,5.300145780465417,31.816973776746096,18521.0,4.172043010752688
176.999823,,176.3839157857999,38263.0,3.9785714285714286
177.1998228,2.778645360450336,2.326620650928867,38549.0,3.9714285714285715
177.3998226,2.3933579144162858,1.5137717514831435,38512.0,4.0
177.5998224,,166.44177804922828,18151.0,4.206521739130435
177.7998222,,160.29611303398994,39037.0,3.915492957746479
177.999822,3.3115302164148632,4.382998110058129,39184.0,3.808219178082192
178.1998218,3.261671848537701,8.572373612391903,39561.0,3.7567567567567566
178.3998216,2.9067212904877735,6.0501400884290115,39055.0,3.8013698630136985
178.5998214,2.427786902073496,2.0112827566591847,38968.0,3.861111111111111
178.7998212,2.3466717869943676,1.533876719377252,39060.0,3.8344827586206898
178.999821,8.094367637036315,21.56567710344529,41084.0,3.5414012738853504
179.1998208,,192.85094898452968,22422.0,3.3304347826086955
179.3998206,16.001119269340975,70.58964598904062,22336.0,1.9586776859504131
179.5998204,12.189357921529078,56.453452950836706,20823.0,1.2857142857142858
179.7998202,14.880138104791676,42.9830235240475,21433.0,1.084848484848485
179.99982,9.952333722287047,75.81913844019823,17140.0,1.4112903225806452
180.1998198,10.235939236754353,69.56391721212844,13495.0,1.7047619047619047
180.3998196,10.451135383730957,14.635330397558821,13916.0,1.6574074074074074
180.5998194,,307.68846720578847,38262.0,3.6149068322981366
180.7998192,,323.47565905088834,14023.0,1.7850467289719627
180.999819,15.79397615561598,28.804748461871387,14343.0,2.0606060606060606
181.1998188,14.380231827785074,152.9502653627088,17513.0,4.0
181.3998186,12.836966517011954,48.28933654668357,18487.0,3.9285714285714284
181.5998184,4.392225376719808,4.634959121027705,18316.0,4.0
181.7998182,,173.67604258408144,38504.0,3.8958333333333335
181.999818,,176.29537984854443,18212.0,3.9591836734693877
182.19981779999998,,179.72922860500105,38335.0,3.861111111111111
182.39981759999998,2.777561000988502,1.3838679666921632,38442.0,3.861111111111111
182.59981739999998,,176.8753072389189,18342.0,3.938775510204082
182.79981719999998,16.484186203244597,71.98054903309378,20773.0,3.5405405405405403
182.99981699999998,13.870536392645494,125.64801177990766,19743.0,3.6372549019607843
183.19981679999998,12.035756532960534,93.25165751875979,18598.0,3.515463917525773
183.39981659999998,,169.53100388345894,36732.0,3.7315436241610738
183.59981639999998,3.525853463765223,16.004414771142287,35063.0,3.888111888111888
183.79981619999998,,195.04941004591703,15651.0,2.933333333333333
183.99981599999998,,156.80744369842876,39502.0,3.1684782608695654
184.19981579999998,,191.19986547009967,14880.0,2.52212389380531
184.39981559999998,,199.3521618654083,34273.0,3.587096774193548
184.59981539999998,4.488284335234752,13.624341566352909,34185.0,3.6821192052980134
184.79981519999998,3.57271572479395,9.61572969533763,33851.0,3.808219178082192
184.99981499999998,,179.13792379799537,15873.0,3.1584158415841586
185.19981479999998,,201.00324390229883,36817.0,3.8609271523178808
185.39981459999998,,238.61545803448155,60556.0,3.2460732984293195
185.59981439999999,,430.5662561956707,14403.0,3.13265306122449
185.7998142,,434.5067684262972,60205.0,3.2804232804232805
185.999814,,441.1270559162865,15189.0,2.941747572815534
186.1998138,3.758780036968577,9.59288558556033,15148.0,3.1414141414141414
186.3998136,,179.7693869944936,34313.0,3.808219178082192
186.5998134,7.661744853189335,28.63089180320191,35556.0,3.7315436241610738
186.7998132,,176.00146460051425,16161.0,3.4455445544554455
186.999813,18.28705909039356,110.9823632875644,17634.0,3.418181818181818
187.1998128,8.333791733516694,142.87019691935578,13089.0,2.3636363636363638
187.3998126,7.408185328185328,33.13334422777767,12950.0,2.1956521739130435
187.5998124,4.970428438373176,26.352660552521346,12884.0,2.1157894736842104
187.7998122,7.488782416913834,35.92058478396037,13149.0,2.126315789473684
187.999812,4.771112102289623,15.385876515609363,13452.0,1.958762886597938
188.1998118,2.6779422649888973,2.539211783307882,13510.0,1.9896907216494846
188.3998116,3.5110307414104884,6.3869594138427574,13825.0,1.9795918367346939
188.5998114,6.822044622044622,10.714366720185156,15015.0,1.9805825242718447
188.7998112,6.260867081738733,82.35516730426,17507.0,3.766990291262136
188.999811,5.815455090800022,25.45664712111937,18337.0,3.872549019607843
189.1998108,13.937173571319914,37.191653892266366,19721.0,3.552380952380952
189.3998106,,320.51937752451255,67308.0,2.6271186440677967
189.5998104,8.273438422481993,36.74981378059718,67752.0,2.421875
189.7998102,4.245762837527247,11.261596620550932,67439.0,2.421875
189.99981,3.2087479887968535,4.908650668525776,67124.0,2.421875
190.1998098,3.1269907670242327,3.18636287853628,66934.0,2.421875
190.3998096,4.482916641625097,13.541351547560314,66556.0,2.421875
190.5998094,,361.47717884975657,15384.0,2.643478260869565
190.7998092,9.174159990434054,5.2733634785081165,16726.0,2.672268907563025
190.999809,,218.26823666382606,33820.0,3.664473684210526
191.1998088,2.3851307286417263,1.73819077046041,33734.0,3.6887417218543046
191.3998086,2.639173694109082,7.743899400397566,32966.0,3.6821192052980134
191.5998084,,185.42997644511857,13693.0,3.1067961165048543
191.7998082,2.5383079426120396,1.9952197921056225,13522.0,3.1067961165048543
191.999808,2.595932406161208,2.6728748908319724,13374.0,3.1372549019607843
192.1998078,,399.3018735874084,59992.0,3.1794871794871793
192.3998076,3.1006231248557583,6.429537753571389,60662.0,3.1472081218274113
192.5998074,,400.8515290771708,13810.0,3.076923076923077
192.7998072,2.9513565461669256,4.9089197730675265,13527.0,3.1372549019607843
192.999807,,186.8549577046427,32698.0,3.7315436241610738
193.19980679999998,,183.33057801991012,13202.0,3.1782178217821784
193.39980659999998,2.5379279143417284,0.31787644625926276,13262.0,3.21
193.59980639999998,2.5788070389274016,2.1248628963683758,13127.0,3.1470588235294117
193.79980619999998,2.5090435315757205,0.8624130134809983,13048.0,3.1782178217821784
193.99980599999998,2.428615079061951,0.9172801287430388,13091.0,3.1782178217821784
194.19980579999998,2.5117547633681623,1.380643246700353,13016.0,3.1683168316831685
194.39980559999998,2.77702599969591,0.9682931293866394,13154.0,3.21
194.59980539999998,,403.8975781308408,59410.0,3.2291666666666665
194.79980519999998,,401.9129341354407,12902.0,3.21
194.99980499999998,2.302112457284871,0.667809031110689,12876.0,3.2
195.19980479999998,2.3968646227507917,2.5074799483109227,12949.0,3.21
195.39980459999998,,165.38215441515294,34124.0,3.5806451612903225
195.59980439999998,,179.6716513657145,14070.0,3.009433962264151
195.79980419999998,4.588223040066662,8.357725708546624,14401.0,2.935185185185185
195.99980399999998,,407.6536768113182,61024.0,3.1155778894472363
196.19980379999998,2.961711052580236,4.2942540237212565,61506.0,3.1
196.39980359999998,4.2657285693750095,7.651532469688119,62609.0,3.1313131313131315
196.59980339999998,,383.09869593767155,14474.0,3.329896907216495
196.79980319999999,3.948073325851104,11.293487150510062,13365.0,3.389473684210526
196.99980299999999,,405.7579108020422,59235.0,3.3155080213903743
197.1998028,,403.1244947121358,12619.0,3.3195876288659796
197.3998026,2.511709137096134,1.605637110103027,12597.0,3.2857142857142856
197.5998024,2.412416851441242,1.0677257257096018,12628.0,3.242424242424242
197.7998022,,185.11150746879028,31746.0,3.8689655172413793
197.999802,,184.68652029038296,12457.0,3.242424242424242
198.1998018,,404.06518516288423,59054.0,3.263157894736842
198.3998016,,409.4682951009634,12761.0,3.21
198.5998014,,410.5324905293623,58939.0,3.263157894736842
198.7998012,,406.6303436432603,12425.0,3.242424242424242
198.999801,,407.46807385510135,58838.0,3.263157894736842
199.1998008,,405.78887143135995,12331.0,3.2755102040816326
199.3998006,2.834856501523168,1.7537800153205212,12474.0,3.2755102040816326
199.5998004,2.608695652173913,1.7879517721778604,12282.0,3.2755102040816326
199.7998002,2.369405423064358,0.29360765217307905,12244.0,3.242424242424242
199.9998,,405.6969103685254,58769.0,3.263157894736842
200.1997998,2.2665384877152386,0.1518535190506993,58772.0,3.2804232804232805
200.3997996,2.368708060817124,1.2364510739198644,58865.0,3.2804232804232805
200.5997994,2.353928948533669,1.731581292471158,58718.0,3.2804232804232805
200.7997992,2.266183007203801,0.2967727714256935,58719.0,3.2804232804232805
200.999799,,268.422390154975,31491.0,3.8344827586206898
201.1997988,,185.02262119279976,12252.0,3.2755102040816326
201.3997986,,405.86847638152034,58777.0,3.2804232804232805
201.5997984,2.29814065739828,0.45849817159987016,58838.0,3.2804232804232805
201.7997982,,404.49696506891723,12174.0,3.2755102040816326
201.999798,2.302317962159063,1.4525665530676521,12209.0,3.3092783505154637
202.1997978,2.3885653350832583,1.1574394023739063,12191.0,3.2755102040816326
202.3997976,2.29296585767174,1.4470864838721702,12155.0,3.2755102040816326
202.5997974,,406.1856297410579,58656.0,3.2804232804232805
202.7997972,,405.7735418905099,12146.0,3.3092783505154637
202.999797,,182.95867504981626,31594.0,3.8482758620689657
203.1997968,,183.20986473879873,12223.0,3.3092783505154637
203.3997966,2.4754732510288067,0.9101813284143294,12150.0,3.2755102040816326
203.5997964,2.289088215931534,0.30744943036847316,12152.0,3.3092783505154637
203.7997962,2.377244036396426,1.2050513404958207,12199.0,3.3092783505154637
203.999796,2.6682938735660238,1.7992716420082642,12291.0,3.3092783505154637
204.1997958,2.3165473478685326,0.78958152694274,12292.0,3.3092783505154637
204.39979559999998,2.3108766233766236,1.1098361502631466,12320.0,3.2755102040816326
204.59979539999998,2.3520188479974005,0.7181454415919339,12309.0,3.3092783505154637
204.79979519999998,2.311554109031733,0.18810615344753467,12290.0,3.3092783505154637
204.99979499999998,2.2808263922913605,0.3242893430951273,12246.0,3.3092783505154637
205.19979479999998,2.562721649484536,1.5318164506649705,12125.0,3.3092783505154637
205.39979459999998,2.3206163480553723,0.6901102607345675,12136.0,3.3092783505154637
205.59979439999998,2.331875928064676,1.9250708078872811,12122.0,3.3092783505154637
205.79979419999998,,404.8829738403279,58727.0,3.297872340425532
205.99979399999998,,405.86085971350576,12145.0,3.3092783505154637
206.19979379999998,2.3736563585248884,2.7541302221002786,12094.0,3.3092783505154637
206.39979359999998,2.2701073492981005,1.527535377431408,12110.0,3.3092783505154637
206.59979339999998,2.321693907875186,0.5921467886971563,12114.0,3.3092783505154637
206.79979319999998,2.7886875612144957,1.4082031861212818,12252.0,3.3092783505154637
206.99979299999998,2.455750391043056,1.2178345335040601,12147.0,3.3092783505154637
207.19979279999998,2.2830685653140175,0.5595701061780056,12149.0,3.3092783505154637
207.39979259999998,2.3386418021288886,1.0958768159876446,12119.0,3.3092783505154637
207.59979239999998,2.6037936391137273,1.3700480680612868,12231.0,3.2755102040816326
207.79979219999998,2.6115579139374843,2.504968611329887,12061.0,3.3092783505154637
207.99979199999999,2.310927152317881,0.5132099565967074,12080.0,3.3092783505154637
208.19979179999999,2.321708302415698,1.109670059687509,12129.0,3.3092783505154637
208.3997916,,405.86209221631236,58551.0,3.297872340425532
208.5997914,,405.48458728348925,12068.0,3.3092783505154637
208.7997912,2.3757846052196894,0.37035668290231116,12108.0,3.3092783505154637
208.999791,2.361168755706815,0.8470895886712866,12047.0,3.3092783505154637
209.1997908,2.369568822553897,0.8382418295669481,12060.0,3.3092783505154637
209.3997906,2.433526490066225,0.752380326439442,12080.0,3.3092783505154637
209.5997904,2.4047423019924254,3.0728095998345575,12146.0,3.3092783505154637
209.7997902,,406.2482807500212,58537.0,3.3155080213903743
209.99979,,403.8302495526344,11978.0,3.34375
210.1997898,2.3003237320494727,1.7066844019849632,12047.0,3.34375
210.3997896,2.348010654236724,0.4592833136754124,12014.0,3.34375
210.5997894,2.2967736570763346,0.3168808202284723,12026.0,3.34375
210.7997892,2.3669314796425023,1.278984891699324,12084.0,3.34375
210.999789,2.263978762236602,0.693725287794163,12054.0,3.34375
211.1997888,,405.72741294849806,58485.0,3.3155080213903743
211.3997886,,405.4676218792316,12032.0,3.34375
211.5997884,2.4699458039086877,2.900664866981195,12178.0,3.3092783505154637
211.7997882,2.4435551108887776,3.6756517653135585,11994.0,3.34375
211.999788,2.2777270083907952,0.5565470491560249,12037.0,3.34375
212.1997878,,184.3083443183158,31237.0,3.888111888111888
212.3997876,,184.07040960050588,11982.0,3.34375
212.5997874,2.2979646312979645,1.6574619401100255,11988.0,3.34375
212.7997872,2.290236587804065,0.4008701216642854,12004.0,3.34375
212.999787,,184.12672971673462,31236.0,3.888111888111888
213.1997868,,183.67133989649238,11966.0,3.34375
213.3997866,,404.29530082125626,58475.0,3.3155080213903743
213.5997864,,405.2226695190702,12023.0,3.34375
213.7997862,2.298066550493735,1.3504304077743552,12051.0,3.34375
213.999786,,405.70119970759015,58447.0,3.3333333333333335
214.1997858,,411.48523746005765,12437.0,3.242424242424242
214.3997856,2.9669667189693616,5.60385836155224,12109.0,3.34375
214.5997854,2.9200621829487807,1.408213906135122,12222.0,3.3333333333333335
214.7997852,,407.2361012945154,58694.0,3.3155080213903743
214.999785,2.3349965823650036,1.4114629503476561,58520.0,3.3155080213903743
215.1997848,,406.7228518114126,12050.0,3.3333333333333335
215.39978459999998,2.332531918421489,0.169004598766965,12062.0,3.3333333333333335
215.59978439999998,2.6224363726216953,0.8313018425009611,12141.0,3.3333333333333335
215.79978419999998,2.484393159555039,1.3298754704723177,12046.0,3.3333333333333335
215.99978399999998,2.601761896920797,1.0667370387002866,12146.0,3.34375
216.19978379999998,,408.34993635631014,58438.0,3.3155080213903743
216.39978359999998,,406.02208287445404,11981.0,3.3333333333333335
216.59978339999998,2.368372867249272,2.2159121801442243,12015.0,3.3333333333333335
216.79978319999998,2.458715596330275,1.1504357100031448,12099.0,3.3333333333333335
216.99978299999998,2.6595954612728168,2.127811282771294,12162.0,3.3333333333333335
217.19978279999998,15.372170763980778,33.23866333573223,14359.0,2.925925925925926
217.39978259999998,,183.92395681100214,40779.0,3.3314285714285714
217.59978239999998,,19.6960384049504,37990.0,3.7066666666666666
217.79978219999998,,157.62868375002142,15891.0,4.1208791208791204
217.99978199999998,9.737164474869394,37.44233329531095,16653.0,4.041666666666667
218.19978179999998,15.399125422381235,220.8131551063608,15093.0,2.28125
218.39978159999998,11.40343155538978,103.24266945699708,13405.0,2.6588235294117646
218.59978139999998,16.25500129903871,103.2510672952022,15396.0,2.7976190476190474
218.79978119999998,12.09626013925777,131.71215251892875,13931.0,2.202247191011236
218.99978099999998,5.85341784338896,52.31669494856009,12464.0,2.098901098901099
219.19978079999998,,318.38713483825194,36547.0,4.105633802816901
219.39978059999999,7.535892788487944,28.85171298235302,36414.0,3.939189189189189
219.5997804,,21.768113401950743,33274.0,3.9577464788732395
219.7997802,,25.655846534721267,34357.0,3.88
219.99978,,402.840363550798,11629.0,1.67
220.1997798,,406.39646335793094,32668.0,3.9858156028368796
220.3997796,,274.02864399612554,11666.0,2.0919540229885056
220.5997794,21.280601383714743,198.70163902713554,15032.0,3.778947368421053
220.7997792,24.523389757179167,58.57140540148707,18491.0,3.0434782608695654
220.999779,,199.22405173574475,35774.0,4.118518518518519
221.1997788,5.137082748948107,16.962641636625822,35650.0,4.156716417910448
221.3997786,,166.7575821084583,16125.0,3.9775280898876404
221.5997784,10.402052184110232,14.786702647119432,17055.0,3.776595744680851
221.7997782,12.759625902428352,17.555559517616885,18284.0,3.736842105263158
221.999778,,165.1834568768592,41368.0,3.5060240963855422
222.1997778,5.81037571356916,13.822181292254754,41867.0,3.180327868852459
222.3997776,,230.67099874932995,17080.0,1.475
222.5997774,11.631063283006746,91.74723941130736,12452.0,1.8936170212765957
222.7997772,7.931304710295957,13.207264388259603,11995.0,1.923913043478261
222.999777,3.676294561540463,8.319243046011593,11529.0,2.0
223.1997768,8.94932707072532,5.700166138627121,11071.0,1.9230769230769231
223.3997766,,285.6078272789181,33846.0,4.134751773049645
223.5997764,,278.49048492815893,10488.0,1.8571428571428572
223.7997762,7.424596549805231,13.66448375237777,10782.0,1.8085106382978724
223.999776,33.24966496917716,89.31747588519936,14924.0,1.282258064516129
224.1997758,23.12522351041126,136.75033098447418,17337.0,3.0782608695652174
224.3997756,20.710621147463254,34.09043928461576,21090.0,2.92
224.5997754,9.644022503516174,23.530844681197557,21330.0,3.324561403508772
224.7997752,24.60502202643172,227.5526411320614,22700.0,2.475
224.999775,,196.69111347588895,48699.0,3.2333333333333334
225.1997748,5.914747358649043,47.6974843451861,45242.0,3.4235294117647057
225.3997746,5.572517889087656,9.548138702879383,44720.0,3.3257142857142856
225.5997744,,282.93738491257767,16897.0,1.8
225.7997742,,305.2755445854901,38468.0,3.5705521472392636
225.999774,,343.8601513716865,13820.0,1.5833333333333333
226.1997738,,349.75169201110305,37460.0,3.7371794871794872
226.39977359999997,5.63538952406275,9.299768596598408,37610.0,3.548780487804878
226.59977339999998,,367.7295470427458,12716.0,1.4205607476635513
226.79977319999998,4.926622928176796,31.920450959459316,11584.0,1.4851485148514851
226.99977299999998,5.645581163986072,7.8367248046756774,12062.0,1.4757281553398058
227.19977279999998,,367.17627848449746,36694.0,3.6835443037974684
227.39977259999998,,351.7997069198719,11518.0,1.65625
227.59977239999998,,392.5723342200777,35309.0,3.9591836734693877
227.79977219999998,,394.16335979976566,10673.0,1.7052631578947368
227.99977199999998,,393.67496014225486,35226.0,3.9591836734693877
228.19977179999998,2.575542258788332,4.893275129059713,34762.0,4.0137931034482754
228.39977159999998,2.317033062142981,1.5564956076995506,34662.0,4.041666666666667
228.59977139999998,2.2721939660154895,0.5043390796004855,34604.0,4.041666666666667
228.79977119999998,2.307828304785091,0.9195093456384484,34503.0,4.041666666666667
228.99977099999998,2.2739972177138883,0.4181559496124484,34504.0,4.041666666666667
229.19977079999998,2.2841182089206633,0.8035112113882381,34549.0,4.027777777777778
229.39977059999998,,402.51091362327253,10422.0,1.7234042553191489
229.59977039999998,,402.1604605454908,34480.0,4.041666666666667
229.79977019999998,2.32108048702895,1.8907116226400789,34577.0,4.048611111111111
229.99976999999998,2.2898655695909143,1.879732117615509,34516.0,4.041666666666667
230.19976979999998,2.294155259104252,1.1291381328918209,34407.0,4.076923076923077
230.39976959999998,,403.7550172495454,10208.0,1.7608695652173914
230.59976939999999,,395.1911575302208,35481.0,3.9060402684563758
230.7997692,,379.66370308405203,11383.0,1.6224489795918366
230.999769,3.8876611418047884,15.145019884179657,10860.0,1.6631578947368422
231.1997688,,395.8718646948745,34799.0,3.9591836734693877
231.3997686,2.4942737108655617,1.223664168526812,34752.0,4.0137931034482754
231.5997684,2.5188102244532917,2.204547767130467,34662.0,4.0137931034482754
231.7997682,2.4983345401882695,1.9525288579036089,34525.0,4.020689655172414
231.999768,,405.45298608513826,10269.0,1.6881720430107527
232.1997678,2.6646730071575644,2.9090401692727306,10199.0,1.6881720430107527
232.3997676,3.7760536398467432,3.9078656586445364,10440.0,1.6702127659574468
232.5997674,,411.7914463821714,34255.0,4.06993006993007
232.7997672,,412.9694459415344,9933.0,1.6956521739130435
232.999767,,414.7879827995711,34220.0,4.06993006993007
233.1997668,,409.6503306406858,10093.0,1.6956521739130435
233.3997666,2.721870286576169,4.016174640248732,9945.0,1.7065217391304348
233.5997664,,412.6450048628529,34101.0,4.105633802816901
233.7997662,2.2348402616833396,0.9602372037772017,34087.0,4.105633802816901
233.999766,2.2561361373088866,1.1624173146489303,34142.0,4.06993006993007
234.1997658,2.2530477083577543,0.5790309057258299,34124.0,4.098591549295775
234.3997656,2.2869703296380157,1.018530672862117,34007.0,4.098591549295775
234.5997654,,413.114343795936,9804.0,1.7065217391304348
234.7997652,2.665892334107666,1.5325171991538504,9901.0,1.7065217391304348
234.999765,2.5673390383048087,1.5878437351927812,9816.0,1.7252747252747254
235.1997648,,414.09364372111617,34030.0,4.105633802816901
235.3997646,,414.3159212936363,9803.0,1.7252747252747254
235.5997644,,414.5689434159583,34023.0,4.134751773049645
235.7997642,2.3014328675039804,0.9395370584381486,33918.0,4.1571428571428575
235.999764,2.385933910584909,0.28525947768334353,33954.0,4.164285714285715
236.1997638,2.4220775412047626,1.499089942043167,34098.0,4.134751773049645
236.3997636,2.372789276329387,2.6463083587720764,33869.0,4.1571428571428575
236.5997634,2.268334415009735,0.6642593205400238,33898.0,4.1571428571428575
236.7997632,,411.8887187852211,9663.0,1.7752808988764044
236.999763,,392.06093547412934,35415.0,3.8866666666666667
237.1997628,,391.82966046923724,11135.0,1.5757575757575757
237.39976259999997,3.510231677634544,6.300263204565951,11093.0,1.5918367346938775
237.59976239999997,,386.22653873041133,35747.0,3.810457516339869
237.79976219999998,3.0587120684370386,4.684346573036979,35887.0,3.8543046357615895
237.99976199999998,2.764225567746874,9.562139761420324,35271.0,3.8866666666666667
238.19976179999998,3.59425010621725,6.510032540985957,35305.0,3.9324324324324325
238.39976159999998,2.6180810748736794,4.320888263284162,34832.0,3.9863013698630136
238.59976139999998,,378.26900153985827,10281.0,1.6559139784946237
238.79976119999998,,390.7345254204664,33959.0,4.105633802816901
238.99976099999998,2.488946993106727,3.5023293144036067,33656.0,4.098591549295775
239.19976079999998,,398.3447760809997,9958.0,1.6451612903225807
239.39976059999998,,395.46828553307427,33775.0,4.041666666666667
239.59976039999998,,394.72709932289223,9778.0,1.6451612903225807
239.79976019999998,2.7853289064121185,3.444605652730881,9638.0,1.6630434782608696
239.99975999999998,,399.0652868787103,33551.0,4.098591549295775
240.19975979999998,2.3508500772797527,1.682510218727751,33644.0,4.048611111111111
240.39975959999998,2.299266809728183,1.0482673847304544,33552.0,4.098591549295775
240.59975939999998,,398.0772721212117,9601.0,1.6813186813186813
240.79975919999998,2.4743347999161953,1.3287243818599574,9546.0,1.673913043478261
240.99975899999998,2.299286164182238,0.3658463081748301,9526.0,1.6923076923076923
241.19975879999998,2.36554488870134,0.90849333677492,9479.0,1.6813186813186813
241.39975859999998,,401.2210071916572,33399.0,4.105633802816901
241.59975839999998,2.222841225626741,0.17871245202942898,33387.0,4.098591549295775
241.79975819999999,,401.02684989792107,9448.0,1.673913043478261
241.99975799999999,2.530822281167109,1.3544970714787887,9425.0,1.6813186813186813
242.1997578,,400.2120708073946,33384.0,4.098591549295775
242.3997576,2.294224905840856,0.3641280677660953,33454.0,4.127659574468085
242.5997574,2.251272531289299,0.5378885178318368,33398.0,4.134751773049645
242.7997572,,398.8792207821003,9394.0,1.711111111111111
242.999757,,399.58147780235856,33380.0,4.127659574468085
243.1997568,,399.7258029841194,9393.0,1.6923076923076923
243.3997566,2.318457124641377,0.37273186721323515,9411.0,1.6923076923076923
243.5997564,,399.3681199284902,33307.0,4.127659574468085
243.7997562,2.2413762019230767,1.4642522543823748,33280.0,4.127659574468085
243.999756,,400.13486850242515,9362.0,1.6923076923076923
244.1997558,,400.1369385859806,33299.0,4.127659574468085
244.3997556,,399.44306133606574,9358.0,1.6923076923076923
244.5997554,,400.6123324063068,33232.0,4.1571428571428575
244.7997552,,397.84166733596027,9389.0,1.7222222222222223
244.999755,2.477128403831665,0.8212047192868336,9291.0,1.711111111111111
245.1997548,,399.6520438193113,33210.0,4.1571428571428575
245.3997546,2.2456912136916958,0.8065916542256464,33188.0,4.1571428571428575
245.5997544,,398.77628900631584,9288.0,1.711111111111111
245.7997542,,399.3934375414315,33245.0,4.1571428571428575
245.999754,2.2468272390196846,1.1987718918918284,33173.0,4.1571428571428575
246.1997538,2.2441727398662894,0.24941722149366746,33206.0,4.1571428571428575
246.3997536,2.230271084337349,0.4940741464392067,33200.0,4.1571428571428575
246.5997534,2.2458858279582854,0.3028270982763037,33178.0,4.171428571428572
246.7997532,2.2348701866538008,0.5786846539958896,33163.0,4.1571428571428575
246.999753,,397.93223245732725,9326.0,1.7303370786516854
247.1997528,,398.1885512537849,33243.0,4.1571428571428575
247.3997526,2.276523259670174,0.5593515494685655,33169.0,4.1571428571428575
247.5997524,2.2490645745322873,0.33432723812430537,33140.0,4.18705035971223
247.7997522,2.269765198782289,1.0005303895061097,33177.0,4.1571428571428575
247.999752,2.277809572577487,0.9356063287675268,33199.0,4.15
248.1997518,2.2602867642629074,0.3227188544049577,33198.0,4.1571428571428575
248.39975159999997,2.257785675561713,0.5354729652333584,33202.0,4.1571428571428575
248.59975139999997,,397.98702207455295,9230.0,1.7303370786516854
248.79975119999997,2.336400043294729,1.2317114683896178,9239.0,1.7415730337078652
248.99975099999997,2.272668112798265,0.6617896223122538,9220.0,1.7613636363636365
249.19975079999998,,397.8167888400619,33124.0,4.172661870503597
249.39975059999998,,397.18905006004064,9223.0,1.7415730337078652
249.59975039999998,,396.00852119857893,33210.0,4.1571428571428575
249.79975019999998,2.2753425900716944,1.0617686966296627,33057.0,4.18705035971223
249.99974999999998,2.229040335475307,1.2188420605196622,33147.0,4.194244604316546
250.19974979999998,,397.3938993907849,9222.0,1.7415730337078652
250.39974959999998,,396.039440801112,33178.0,4.18705035971223
250.59974939999998,,396.3138999789978,9309.0,1.7415730337078652
250.79974919999998,,396.22215047863773,33131.0,4.18705035971223
250.99974899999998,2.2437985315889657,1.4188513481138034,33097.0,4.18705035971223
251.19974879999998,2.2259957056884505,1.1341243018039369,33067.0,4.18705035971223
251.39974859999998,2.2528274572488463,1.1141314249074095,33157.0,4.18705035971223
251.59974839999998,2.245752977449973,1.3532516900792002,33082.0,4.194244604316546
251.79974819999998,2.2330273012805026,1.1179998434718483,33112.0,4.194244604316546
251.99974799999998,,396.55301852978863,9245.0,1.7415730337078652
252.19974779999998,,396.93943034204574,33073.0,4.18705035971223
252.39974759999998,2.2761522683397684,1.6241397695349378,33152.0,4.194244604316546
252.59974739999998,2.2496988677427128,0.4314994440352594,33208.0,4.1571428571428575
252.79974719999998,2.2755919799195574,1.2795811616144674,33067.0,4.18705035971223
252.99974699999999,2.230135000453022,0.4597447759885946,33111.0,4.18705035971223
253.19974679999999,,395.71179874323536,9196.0,1.7613636363636365
253.3997466,2.424500491320013,0.8118635999753587,9159.0,1.7613636363636365
253.5997464,,396.6439924168171,33096.0,4.18705035971223
253.7997462,,397.00834091895837,9271.0,1.7415730337078652
253.999746,2.486842105263158,1.0432318907414888,9196.0,1.7613636363636365
254.1997458,,396.3554800375487,33069.0,4.217391304347826
254.3997456,2.2446827794561934,1.1857707584739126,33100.0,4.18705035971223
254.5997454,,397.6586122235525,9199.0,1.7415730337078652
254.7997452,,396.2561808260648,33162.0,4.194244604316546
254.999745,,395.81851370739025,9159.0,1.7613636363636365
255.1997448,,395.5983378683571,33144.0,4.18705035971223
255.3997446,2.2922923225962704,1.0557438076480876,33032.0,4.194244604316546
255.5997444,,395.86610079092344,9103.0,1.7613636363636365
255.7997442,2.40397640375792,1.1500675734970383,9154.0,1.7613636363636365
255.999744,,396.0016797572183,32988.0,4.18705035971223
256.19974379999996,,395.5820691434595,9121.0,1.7415730337078652
256.39974359999997,2.4128792027160224,0.18644329309562732,9131.0,1.7613636363636365
256.59974339999997,,395.3421276015758,33047.0,4.194244604316546
256.79974319999997,2.247965142666949,1.316831676190953,33049.0,4.22463768115942
256.99974299999997,2.245068285280728,2.8205114257181663,32950.0,4.217391304347826
257.19974279999997,,392.1104768756983,9107.0,1.7613636363636365
257.39974259999997,,395.28803638015273,33024.0,4.217391304347826
257.59974239999997,2.2696164300815465,0.8993739446747321,33110.0,4.217391304347826
257.79974219999997,2.2623748903873486,0.9580212858063559,33071.0,4.217391304347826
257.99974199999997,,394.36257842592164,9079.0,1.75
258.19974179999997,2.402970297029703,0.5620901146108513,9090.0,1.75
258.39974159999997,,395.2621020121377,32972.0,4.2101449275362315
258.59974139999997,2.283303595729882,0.9121027933238692,33067.0,4.2101449275362315
258.79974119999997,,393.49840593632484,9053.0,1.7613636363636365
258.999741,,394.0506912126838,32924.0,4.22463768115942
259.1997408,2.256520684216911,0.4958186744342912,32972.0,4.22463768115942
259.3997406,,395.045745901625,9048.0,1.7613636363636365
259.5997404,,395.2175140799121,33015.0,4.217391304347826
259.7997402,2.254317540291984,0.79071721181111,32947.0,4.217391304347826
259.99974,2.248605384428814,0.6125816691869914,32984.0,4.217391304347826
260.1997398,2.257022984312295,0.7653284109357535,32892.0,4.217391304347826
260.3997396,,394.38144534682317,9033.0,1.7816091954022988
260.5997394,,393.53060802708455,32921.0,4.217391304347826
260.7997392,2.230482482725179,1.398206284592121,32996.0,4.217391304347826
260.999739,2.2348652835576077,0.5834142590989425,32921.0,4.217391304347826
261.1997388,2.2455235204855843,0.2725281017060413,32950.0,4.2101449275362315
261.3997386,2.3045649936429133,1.5839897402736525,33034.0,4.217391304347826
261.5997384,,393.9737324393239,9077.0,1.793103448275862
261.7997382,2.477224869777236,0.623203108542201,9023.0,1.793103448275862
261.999738,,394.59916515207385,32889.0,4.217391304347826
262.1997378,2.2731689542086726,0.6330969912799679,32932.0,4.217391304347826
262.3997376,,395.2701615654384,9118.0,1.7613636363636365
262.5997374,,395.19721231316294,32987.0,4.22463768115942
262.7997372,2.227820073402287,0.8745214520704355,32969.0,4.22463768115942
262.999737,2.2714368042706785,0.6017901256311476,32969.0,4.22463768115942
263.1997368,2.2619105493437046,1.1808669107937015,32912.0,4.248175182481752
263.3997366,2.297422962377682,0.7604682831618829,32906.0,4.255474452554744
263.5997364,2.2753332726002853,0.8368421123527355,32931.0,4.22463768115942
263.7997362,,393.55911215247096,8995.0,1.7816091954022988
263.999736,2.5291583830351225,0.7658431432559687,9054.0,1.7816091954022988
264.1997358,2.5348655584067834,1.0178272693066066,8963.0,1.7701149425287357
264.3997356,,394.48706553663794,32927.0,4.248175182481752
264.5997354,,394.61600440313765,8977.0,1.7816091954022988
264.7997352,,394.67677283218035,32891.0,4.2101449275362315
264.999735,,393.85917914714025,8958.0,1.7701149425287357
265.1997348,2.381137957911146,0.45829508115038514,8981.0,1.7816091954022988
265.3997346,2.3709443639201693,0.3019374248599567,8969.0,1.7816091954022988
265.5997344,2.3858048726220935,0.5978466489887941,8989.0,1.7816091954022988
265.7997342,,393.1833872019711,32926.0,4.22463768115942
265.999734,2.2779449764401885,1.0695840734704063,32895.0,4.248175182481752
266.1997338,,393.42193902712273,8980.0,1.7816091954022988
266.3997336,,393.55833580194127,32907.0,4.248175182481752
266.5997334,,393.80059472004,9019.0,1.7816091954022988
266.7997332,,392.8968649490968,32879.0,4.217391304347826
266.999733,,393.28953066210977,8985.0,1.802325581395349
267.1997328,2.4952370403190076,1.1932231713922394,9028.0,1.7816091954022988
267.3997326,,393.02986163752513,32973.0,4.22463768115942
267.5997324,2.2875445056449895,0.7908329016588591,32861.0,4.248175182481752
267.7997322,2.264993322811703,0.7515691759922891,32948.0,4.217391304347826
267.999732,,393.4760015047127,9059.0,1.793103448275862
268.1997318,,394.53662416337545,32871.0,4.240875912408759
268.3997316,2.2393061125288614,0.46071926601813923,32916.0,4.255474452554744
268.5997314,2.223655390605987,0.38084599757703985,32872.0,4.22463768115942
268.7997312,2.3104806934594166,1.3402175156578056,32994.0,4.217391304347826
268.999731,2.2236087075325623,0.8330800556488583,32937.0,4.217391304347826
269.1997308,,393.85019909267874,9041.0,1.7816091954022988
269.3997306,2.5723430084979584,0.766830813738278,9061.0,1.7701149425287357
269.5997304,2.464440734557596,1.6391853140002866,8985.0,1.7816091954022988
269.7997302,2.5415839399955877,1.1870399111034915,9066.0,1.7816091954022988
269.99973,,395.0550516864029,32920.0,4.248175182481752
270.1997298,,394.28086566496575,8965.0,1.7816091954022988
270.3997296,,394.8890644642313,32890.0,4.248175182481752
270.5997294,2.2646826121355974,0.5094372732094341,32862.0,4.248175182481752
270.7997292,2.2544292679972138,1.404794828825621,33019.0,4.217391304347826
270.999729,,395.0734648245322,8959.0,1.7816091954022988
271.1997288,2.4302744039586144,0.8256549712849813,8892.0,1.802325581395349
271.3997286,,393.76324444758444,32844.0,4.255474452554744
271.5997284,,393.9217922887156,8909.0,1.802325581395349
271.7997282,,394.7367726970352,32836.0,4.248175182481752
271.999728,,394.97738173032184,8928.0,1.7816091954022988
272.1997278,,394.7046133059085,32892.0,4.22463768115942
272.3997276,,394.6171419172301,8922.0,1.7816091954022988
272.5997274,2.5504168982768203,0.814848276125657,8995.0,1.7816091954022988
272.7997272,2.376853606868101,0.3170307336666508,8969.0,1.7816091954022988
272.999727,,394.54281662521436,32898.0,4.248175182481752
273.1997268,2.2603015075376884,0.7132007907856679,32835.0,4.248175182481752
273.3997266,,394.80243723172174,8923.0,1.802325581395349
273.5997264,2.35528964437486,0.5048968055423975,8942.0,1.7816091954022988
273.7997262,2.3991728146657723,0.43698337011716665,8946.0,1.7701149425287357
273.999726,,394.26275399762363,32898.0,4.248175182481752
274.1997258,,394.0972623410766,8960.0,1.7816091954022988
274.3997256,,394.5818668239815,32828.0,4.248175182481752
274.5997254,,395.0072428041168,8941.0,1.7816091954022988
274.7997252,,395.60474100034696,32851.0,4.233576642335766
274.999725,2.277984453921302,1.0165068895469438,33063.0,4.248175182481752
275.1997248,2.2768232498629137,1.4814723464210486,32826.0,4.248175182481752
275.3997246,2.249909079888471,0.8391740191397375,32996.0,4.255474452554744
275.5997244,2.2869869261173608,1.9031810204757234,32890.0,4.248175182481752
275.7997242,2.3098570078356047,1.4178237204882427,32799.0,4.279411764705882
275.99972399999996,2.2541230984970886,0.7665066522516585,32803.0,4.248175182481752
276.19972379999996,2.240509794378878,0.3303615552907947,32876.0,4.240875912408759
276.39972359999996,2.2513170315783064,0.8782204026607526,32839.0,4.279411764705882
276.59972339999996,2.241189360277558,0.3989135149156734,32858.0,4.255474452554744
276.79972319999996,,395.2465895867996,8947.0,1.7816091954022988
276.99972299999996,2.4843855313412715,0.7477443865885011,8902.0,1.7816091954022988
277.19972279999996,2.3041086663673105,0.22458482400734467,8908.0,1.813953488372093
277.39972259999996,,394.67923114047306,32823.0,4.248175182481752
277.59972239999996,,394.42922247344825,8928.0,1.7816091954022988
277.79972219999996,,394.8429906570474,32862.0,4.255474452554744
277.99972199999996,,395.4145773970559,8972.0,1.7816091954022988
278.19972179999996,2.3482481588931043,0.5025963116998472,8962.0,1.802325581395349
278.39972159999996,,395.4896971616959,32787.0,4.255474452554744
278.59972139999996,,394.4964742302169,8915.0,1.7816091954022988
278.79972119999996,2.4790946593823167,0.5192647408927282,8969.0,1.7816091954022988
278.99972099999997,,394.15365016506206,32940.0,4.22463768115942
279.19972079999997,,393.933276429742,8988.0,1.7816091954022988
279.39972059999997,,394.6537483535026,32867.0,4.248175182481752
279.59972039999997,2.2757550871429877,0.3332297335598322,32877.0,4.248175182481752
279.79972019999997,,394.55208962084504,8953.0,1.802325581395349
279.99971999999997,2.410095344924285,0.40718806254607137,8915.0,1.7906976744186047
280.19971979999997,,394.8612413124992,32846.0,4.248175182481752
280.39971959999997,2.279644779659986,1.1052299902366292,32881.0,4.248175182481752
280.59971939999997,,393.46025526535664,8938.0,1.7816091954022988
280.79971919999997,,378.6277963796899,34122.0,3.993150684931507
280.99971899999997,2.634069683908046,9.33693966725581,33408.0,4.091549295774648
281.19971879999997,,394.54107708114196,9366.0,1.6813186813186813
281.39971859999997,,395.5336252715249,33152.0,4.127659574468085
281.5997184,,401.0494389746824,9558.0,1.6344086021505377
281.7997182,,375.2249309188664,35399.0,3.835526315789474
281.999718,2.6661062542030933,3.829655856131698,35688.0,3.7548387096774194
282.1997178,2.698366575450673,2.916856597097678,35447.0,3.8866666666666667
282.3997176,2.756872037914692,5.000007104985207,35870.0,3.8543046357615895
282.5997174,2.827384615384615,3.9136549368534843,35750.0,3.8733333333333335
282.7997172,2.726626417649382,3.0141340497773625,35446.0,3.9060402684563758
282.999717,,393.56737160378043,12106.0,1.5096153846153846
283.1997168,,380.29978435172046,36000.0,3.779220779220779
283.3997166,5.796361486577271,14.483006915473199,37213.0,3.689873417721519
283.5997164,3.686002353444587,3.331900607030084,37392.0,3.7070063694267517
283.7997162,3.7524053880692754,4.108810133339728,37416.0,3.7371794871794872
283.999716,5.229031162657054,9.369661393145892,38283.0,3.7197452229299364
284.1997158,,317.11384518530343,14965.0,1.9902912621359223
284.3997156,,340.8772827777154,41217.0,3.803921568627451
284.5997154,3.1431323303503937,5.66969815941107,41011.0,3.9324324324324325
284.7997152,,278.36066989958937,16513.0,2.3854166666666665
284.999715,,281.18286790553753,40814.0,3.9794520547945207
285.1997148,,279.4900557433446,16489.0,2.442105263157895
285.3997146,,279.95645840953495,40786.0,4.0137931034482754
285.5997144,,284.10098426068856,16471.0,2.4105263157894736
285.7997142,6.171870032428308,50.6396913408369,15727.0,1.99
285.999714,4.259586610063331,33.54791613435698,14369.0,1.881188118811881
286.1997138,3.5526691407365116,8.924650874090842,14012.0,1.9191919191919191
286.3997136,4.311731215294862,16.532785687860827,14227.0,1.9393939393939394
286.5997134,,333.8865908373735,39086.0,3.779220779220779
286.7997132,,291.23876099424706,16214.0,1.9541284403669725
286.999713,10.527123688195061,139.4926298293474,19153.0,3.3392857142857144
287.1997128,7.524042716384447,55.83064157437269,16949.0,3.8333333333333335
287.3997126,7.7920331385121715,20.770841092501495,17623.0,3.5825242718446604
287.5997124,5.194157483930211,4.94031113666275,17424.0,3.6372549019607843
287.7997122,5.9542970112803815,28.561461727834573,17198.0,3.68
287.999712,13.849460590048437,74.44746433835412,18168.0,3.0982142857142856
288.1997118,,375.0616086803027,61428.0,3.163265306122449
288.3997116,5.726033219984306,12.510571010017076,61168.0,3.1794871794871793
288.5997114,6.933924151696607,11.620708934999742,62625.0,3.1472081218274113
288.7997112,,391.23067890199354,17678.0,3.0849056603773586
288.999711,,199.24867533774054,37878.0,3.7070063694267517
289.1997108,,223.31821914212824,62045.0,3.195876288659794
289.3997106,3.212997507371988,6.63404832337206,61381.0,3.2291666666666665
289.5997104,4.9648215209518884,5.735582119625669,61856.0,3.1794871794871793
289.7997102,,396.6136565808026,16035.0,2.9444444444444446
289.99971,7.192638349359995,32.914815686431915,15703.0,2.8073394495412844
290.1997098,,416.08822584852174,61159.0,3.1
290.3997096,,412.69559728223516,15405.0,2.734513274336283
290.5997094,,428.5479179388838,58743.0,3.2291666666666665
290.7997092,3.7819906824905636,4.779434896935857,58814.0,3.2124352331606216
290.999709,,442.0712338359425,14566.0,2.7545454545454544
291.1997088,15.404534678742934,31.29961716101089,16451.0,2.881818181818182
291.3997086,7.3217283789939485,39.34962500289236,15367.0,3.0776699029126213
291.5997084,8.917623312728649,23.120560922611187,15854.0,3.1666666666666665
291.7997082,11.075151806649432,13.974702928991075,16633.0,3.0679611650485437
291.999708,,409.88156756409325,61750.0,3.2291666666666665
292.1997078,3.8759656863549132,6.507806130156551,60967.0,3.2291666666666665
292.3997076,,419.86339159652306,15262.0,3.0776699029126213
292.5997074,,417.2720002874156,60808.0,3.2460732984293195
292.7997072,,430.6361847674678,14577.0,3.11
292.999707,4.342486236661456,4.858578632352888,14713.0,3.118811881188119
293.1997068,,429.56349194358205,60561.0,3.2460732984293195
293.3997066,,425.99880601802204,14553.0,3.191919191919192
293.5997064,3.6473196016914473,3.5172865274023715,14662.0,3.1485148514851486
293.7997062,3.534654144100912,4.356616304818679,14587.0,3.2323232323232323
293.999706,2.7325077399380806,1.0096101675652047,14535.0,3.242424242424242
294.1997058,,422.7380137625963,60556.0,3.2804232804232805
294.3997056,,422.2120695441982,14524.0,3.242424242424242
294.5997054,2.493017439032863,4.180907448789227,14393.0,3.2755102040816326
294.7997052,3.279217199558986,5.771863750204421,14512.0,3.295918367346939
294.999705,2.5867099986170654,1.1855602163585064,14462.0,3.295918367346939
295.1997048,2.532377077442935,1.7575644185736163,14501.0,3.295918367346939
295.3997046,2.908784248932948,0.174295390115822,14526.0,3.306122448979592
295.5997044,2.7984398941356736,2.9223521916660267,14358.0,3.295918367346939
295.7997042,,420.7834163773537,60551.0,3.297872340425532
295.999704,,240.26604937956913,35779.0,3.939189189189189
296.1997038,2.347024191523201,0.16068402346775423,35839.0,3.9591836734693877
296.3997036,,201.24317204544732,14514.0,3.3608247422680413
296.5997034,,420.3088234662703,60600.0,3.3155080213903743
296.7997032,,419.28247157686843,14443.0,3.3958333333333335
296.999703,2.591461710452767,3.4029940369001195,14312.0,3.3958333333333335
297.1997028,2.4379221502680872,0.9419872965812953,14361.0,3.350515463917526
297.3997026,2.423811515404991,0.9489716674368178,14346.0,3.350515463917526
297.5997024,,421.92236099467607,60525.0,3.3155080213903743
297.7997022,,419.9316656760617,14336.0,3.3958333333333335
297.999702,2.4041824031333054,1.9815212239464068,14298.0,3.3854166666666665
298.19970179999996,2.798170224563349,2.1109567571365417,14428.0,3.3958333333333335
298.39970159999996,2.499440715883669,1.2591139897044044,14304.0,3.3958333333333335
298.59970139999996,2.543330292611045,1.9674385343430567,14251.0,3.3958333333333335
298.79970119999996,,420.99960949225414,60419.0,3.3155080213903743
298.99970099999996,,421.4062015300483,14437.0,3.3608247422680413
299.19970079999996,2.4363876529477198,2.2408292416662783,14384.0,3.3958333333333335
299.39970059999996,2.5921477735637026,0.9668308712890237,14238.0,3.3854166666666665
299.59970039999996,2.559489788806022,3.285356448953218,14347.0,3.3958333333333335
299.79970019999996,,421.1463197259364,60358.0,3.3333333333333335
299.99969999999996,2.254444628372786,0.5830068148057902,60410.0,3.3333333333333335
300.19969979999996,2.3227135129770233,0.34539231538858717,60453.0,3.3155080213903743
300.39969959999996,,420.10367246769965,14239.0,3.40625
300.59969939999996,2.3772501225747704,0.6521178394395959,14277.0,3.40625
300.79969919999996,,420.6223438437207,60425.0,3.3333333333333335
300.99969899999996,,420.21736393166697,14232.0,3.442105263157895
301.19969879999996,2.352174826644253,0.4898488117378759,14277.0,3.442105263157895
301.39969859999997,2.3258781462525415,0.7779012450696555,14263.0,3.4526315789473685
301.59969839999997,2.4273115419612235,1.019085466223923,14287.0,3.40625
301.79969819999997,2.503361344537815,0.6888533663370107,14280.0,3.442105263157895
301.99969799999997,2.4825999023641816,0.2849731267732248,14339.0,3.4526315789473685
302.19969779999997,2.821684210526316,2.0557150532053736,14250.0,3.442105263157895
302.39969759999997,2.516367697354645,0.42222720900664334,14327.0,3.442105263157895
302.59969739999997,2.7073341257078933,1.1107134503442762,14303.0,3.4526315789473685
302.79969719999997,2.741263157894737,1.2593337757930312,14250.0,3.4526315789473685
302.99969699999997,,420.79415461890306,60402.0,3.3513513513513513
303.19969679999997,,421.4476328460083,14196.0,3.442105263157895
303.39969659999997,2.573199775847576,0.7640036966680476,14276.0,3.4526315789473685
303.59969639999997,2.390273170043058,0.8146345968842816,14167.0,3.4526315789473685
303.79969619999997,2.3856149469691648,0.6792866467606578,14237.0,3.4526315789473685
303.999696,2.4533604317050948,1.0098045212943165,14269.0,3.442105263157895
304.1996958,3.0489500764844943,1.7809557533767735,14382.0,3.4526315789473685
304.3996956,2.6755735870173476,1.9168996590891736,14296.0,3.4526315789473685
304.5996954,2.367717086834734,0.37018851853192397,14280.0,3.4526315789473685
304.7996952,2.4762736739115243,0.2871383525021873,14309.0,3.4526315789473685
304.999695,6.972051941203612,17.433047705701654,15171.0,3.303030303030303
305.1996948,9.480495669216666,11.999717081696918,15817.0,3.233009708737864
305.3996946,4.8877829201800544,5.753810939408596,15773.0,3.37
305.5996944,8.527935412157023,26.196101012133767,17093.0,3.4019607843137254
305.7996942,,171.18827752950085,36620.0,3.7315436241610738
305.999694,6.105341329447372,17.967156700118995,35684.0,3.6103896103896105
306.1996938,5.121676775692988,14.099908632005143,35282.0,3.7066666666666666
306.3996936,2.3287694531847944,0.8287694708435761,35277.0,3.7066666666666666
306.5996934,2.273069733189826,0.20400499336505143,35306.0,3.7066666666666666
306.7996932,2.347516523416447,0.8929567755401927,35253.0,3.7315436241610738
306.999693,2.2829412265516362,0.6304500542037654,35237.0,3.7315436241610738
307.1996928,2.2913186750752796,0.8991677857384405,35202.0,3.7248322147651005
307.3996926,2.38250560172448,1.5473497522816402,35257.0,3.7066666666666666
307.5996924,2.3081606070902705,0.2595313707939889,35316.0,3.738255033557047
307.7996922,,32.26776408440681,39667.0,3.4790419161676644
307.999692,,327.9213759939686,20902.0,1.951219512195122
308.1996918,13.711302262106612,64.39655541546259,24181.0,2.2578125
308.3996916,,189.3636368428057,50309.0,3.095744680851064
308.5996914,5.155213370662595,30.832025574019852,47148.0,3.3505747126436782
308.7996912,3.2765301915858447,11.778233421836312,46089.0,3.429411764705882
308.999691,2.672035010940919,4.1335991165579955,45700.0,3.4437869822485205
309.1996908,3.1986259408366884,7.53878093919308,45704.0,3.383720930232558
309.3996906,2.8076317249029397,10.007861386199691,45075.0,3.4235294117647057
309.5996904,2.4255974295468237,1.4068910970625608,44817.0,3.437869822485207
309.7996902,2.3053731743266783,0.563616518575864,44778.0,3.437869822485207
309.99969,,5.490182755151822,44151.0,3.4226190476190474
310.1996898,,306.7137695024317,19292.0,2.0
310.3996896,,308.23069189253295,44054.0,3.4345238095238093
310.5996894,,306.7928413465055,19213.0,1.9915254237288136
310.7996892,,307.7699011654916,43808.0,3.4550898203592815
310.999689,2.383626724197287,3.1176874383635598,43571.0,3.4550898203592815
311.1996888,2.334271655795858,1.28462687350045,43695.0,3.4550898203592815
311.3996886,7.817003699416718,55.56927637145492,44061.0,3.6226415094339623
311.5996884,,67.94890259606278,44383.0,3.288135593220339
311.7996882,,419.73373294643415,14995.0,1.6036036036036037
311.999688,3.9872223314330646,2.106225417539344,15261.0,1.6944444444444444
312.1996878,2.9879799666110185,6.9547718098615325,14975.0,1.6944444444444444
312.3996876,5.746562398175302,14.608156147705442,15345.0,1.7155963302752293
312.5996874,2.9001317523056653,4.808708499430343,15180.0,1.7314814814814814
312.7996872,2.654745254745255,2.1578450138608023,15015.0,1.7314814814814814
312.999687,3.5468546071521794,5.554836898488873,15324.0,1.690909090909091
313.1996868,3.5089176310415247,10.816355648671333,14690.0,1.6666666666666667
313.3996866,2.7070011025358323,2.8063405163789126,14512.0,1.6822429906542056
313.5996864,2.630867364625945,1.802099549792424,14423.0,1.6822429906542056
313.7996862,2.4886205939494865,0.2890365360493335,14412.0,1.6822429906542056
313.999686,2.4754792998055017,0.19045723330449016,14396.0,1.6728971962616823
314.1996858,2.501836833714563,0.5622067663948618,14427.0,1.6822429906542056
314.3996856,2.4992364292655838,0.8208631843314078,14406.0,1.6728971962616823
314.5996854,2.7342736248236954,3.66793389637223,14180.0,1.6728971962616823
314.7996852,,2.8468814083129717,14001.0,1.6886792452830188
314.999685,,3.091785776335468,14153.0,1.6728971962616823
315.1996848,2.533906062953313,1.571723194863612,14201.0,1.6981132075471699
315.3996846,7.001265991471215,18.401937975042504,15008.0,1.5575221238938053
315.5996844,8.761036468330134,49.76303191007453,14588.0,1.4912280701754386
315.7996842,,442.1041318347527,40350.0,3.4035087719298245
315.999684,7.712771184030202,47.28914769258021,38673.0,3.88
316.1996838,,430.25371237674324,12530.0,2.1797752808988764
316.3996836,,451.07787880553144,39357.0,4.06993006993007
316.5996834,8.901579237460759,25.076863542958648,41729.0,3.88
316.7996832,11.00600385321923,30.07619870469948,44638.0,3.4850299401197606
316.999683,7.623095643708932,40.728046226954554,41090.0,3.7548387096774194
317.1996828,,383.0490240319516,16823.0,2.2115384615384617
317.3996826,20.36063536657842,134.200784047627,18509.0,2.457943925233645
317.5996824,25.594435972087435,266.5170042676887,21639.0,3.4
317.7996822,15.019232646685541,126.31132514716356,20486.0,2.9173553719008263
317.999682,7.987642752562225,60.528222305961876,17075.0,3.1320754716981134
318.1996818,10.106281305774656,15.091588911894688,17369.0,3.0925925925925926
318.3996816,7.733305105250423,12.639559878269012,16532.0,3.130841121495327
318.5996814,7.547159232494393,16.461189529163168,16052.0,3.074766355140187
318.7996812,4.726850956891552,7.579101561126759,15519.0,3.173076923076923
318.999681,3.6949441891004597,4.8326158916704225,15230.0,3.2549019607843137
319.1996808,,378.5989284539429,61087.0,3.2460732984293195
319.3996806,,376.8642259235881,14926.0,3.3434343434343434
319.5996804,2.6672665466906618,0.83096830648516,15003.0,3.3535353535353534
319.7996802,,375.8162661968745,61221.0,3.2460732984293195
319.99968,,378.0530156279473,15085.0,3.31
320.19967979999996,2.647725014901649,1.5325530096209803,15099.0,3.31
320.39967959999996,2.6817394778902504,1.1086351072144847,15016.0,3.31
320.59967939999996,,379.585731704966,60800.0,3.263157894736842
320.79967919999996,,377.4373510031456,14842.0,3.3434343434343434
320.99967899999996,2.6966518757563533,1.5847890484162994,14874.0,3.3434343434343434
321.19967879999996,3.0682079361860337,2.055187073736359,14793.0,3.3877551020408165
321.39967859999996,2.8283244411427026,1.4707587670320361,14807.0,3.3535353535353534
321.59967839999996,2.75304960693955,0.9929591055563108,14756.0,3.3535353535353534
321.79967819999996,2.9898831088932942,1.2142445616531865,14629.0,3.3434343434343434
321.99967799999996,2.6890698316312447,3.0127028868968626,14492.0,3.3877551020408165
322.19967779999996,2.6837326779984982,3.044820939040791,14649.0,3.3877551020408165
322.39967759999996,2.594445971954908,0.887457008910602,14548.0,3.3877551020408165
322.59967739999996,,178.13361571529643,33533.0,3.882758620689655
322.79967719999996,,178.3564112620411,14849.0,3.3877551020408165
322.99967699999996,2.6083350329730095,2.8570603219142416,14709.0,3.3535353535353534
323.19967679999996,2.6856702619414485,2.459125928079322,14927.0,3.3535353535353534
323.39967659999996,,378.98953446700403,60814.0,3.297872340425532
323.59967639999996,2.4095743803697167,0.43403735426786,60641.0,3.297872340425532
323.79967619999996,,378.24112993140994,14906.0,3.3877551020408165
323.99967599999997,2.768415403193345,1.928020268937891,14906.0,3.422680412371134
324.19967579999997,2.768315761016491,1.562267007463245,14796.0,3.422680412371134
324.39967559999997,2.6736588950497695,1.8870613547086998,14969.0,3.422680412371134
324.59967539999997,2.638534073430081,0.7867645505171192,14953.0,3.3877551020408165
324.79967519999997,2.6863754932780415,1.0292206541194648,14951.0,3.422680412371134
324.99967499999997,2.717579831932773,1.8931280354179865,14875.0,3.422680412371134
325.19967479999997,8.827064676616915,2.9637052511925126,15075.0,3.3877551020408165
325.39967459999997,6.42487182857894,6.632259867570111,15214.0,3.422680412371134
325.59967439999997,7.3569028095174085,9.394869422592647,14878.0,3.4329896907216493
325.79967419999997,8.317366854118426,4.483845978280996,15115.0,3.3535353535353534
325.99967399999997,8.335900280623898,12.145902392406175,15323.0,3.3333333333333335
326.19967379999997,5.66116300486778,2.414846429148263,15202.0,3.3333333333333335
326.39967359999997,5.53866420761428,2.764890364568012,15182.0,3.3
326.5996734,2.863841059602649,2.1721457894519056,15100.0,3.3333333333333335
326.7996732,,177.5973604031599,33627.0,3.861111111111111
326.999673,,256.42808057375805,60766.0,3.297872340425532
327.1996728,,378.4328601857567,14860.0,3.36734693877551
327.3996726,,378.98425604998033,60785.0,3.297872340425532
327.5996724,,379.5596603996973,14867.0,3.36734693877551
327.7996722,,176.8075874432941,33688.0,3.9027777777777777
327.999672,,175.32116094815194,14794.0,3.402061855670103
328.1996718,2.666869753587869,1.7598420166775077,14772.0,3.402061855670103
328.3996716,,379.3908307154515,60602.0,3.297872340425532
328.5996714,,378.4764497088596,14744.0,3.402061855670103
328.7996712,,378.6667721323421,60605.0,3.297872340425532
328.999671,,377.691127437483,14635.0,3.4375
329.1996708,2.690288891902889,2.664191901850623,14746.0,3.4479166666666665
329.3996706,,378.7086682805753,60548.0,3.3155080213903743
329.5996704,,379.04662266055993,14668.0,3.4375
329.7996702,2.8848331855086307,2.8768521155532194,14657.0,3.4123711340206184
329.99967,2.852722687930212,1.6710711512787633,14673.0,3.4123711340206184
330.1996698,2.6304540798907476,0.08971494400087783,14645.0,3.4123711340206184
330.3996696,2.734346256046876,1.3043446952946616,14677.0,3.4123711340206184
330.5996694,2.755817117975235,1.1259642504908747,14698.0,3.422680412371134
330.7996692,2.701973143326939,0.6292215677373179,14596.0,3.4479166666666665
330.999669,2.595859524460235,1.0748070784743138,14636.0,3.4479166666666665
331.1996688,2.650886766712142,0.2968520811805359,14660.0,3.4583333333333335
331.3996686,2.6059920471685176,0.05033578176157654,14586.0,3.4583333333333335
331.5996684,2.7886018133478765,2.6048751429141657,14669.0,3.4583333333333335
331.7996682,2.673805939510059,1.1958400517114829,14614.0,3.4583333333333335
331.999668,,177.0770701929076,33238.0,3.923076923076923
332.1996678,,177.0756113936251,14591.0,3.4583333333333335
332.3996676,2.6480224826924394,0.802404574509289,14589.0,3.4583333333333335
332.5996674,2.6712375728488174,0.7623230798482555,14585.0,3.4583333333333335
332.7996672,2.765508769535249,0.9069612807913315,14653.0,3.4583333333333335
332.999667,,176.75418557920773,33343.0,3.915492957746479
333.1996668,,176.74767721972253,14612.0,3.4583333333333335
333.3996666,2.842831516489582,1.832844539464439,14494.0,3.4583333333333335
333.5996664,,175.88309092222028,33293.0,3.888111888111888
333.7996662,2.3222708995979113,0.6111589622197544,33326.0,3.888111888111888
333.999666,,176.7082516260895,14619.0,3.4583333333333335
334.1996658,2.822371119923424,0.5506064929104205,14626.0,3.4583333333333335
334.3996656,,177.59193354213352,33225.0,3.888111888111888
334.5996654,,253.1556297652999,60603.0,3.263157894736842
334.7996652,,374.9888555877878,14354.0,3.323232323232323
334.999665,4.8637390567636265,5.320246575040664,14164.0,3.357142857142857
335.1996648,,378.0766644086361,59903.0,3.297872340425532
335.3996646,,375.2068593284349,13996.0,3.402061855670103
335.5996644,,180.5221883409768,32509.0,3.888111888111888
335.7996642,,179.53805359426923,13790.0,3.4375
335.999664,2.794307235460274,0.7571244502469681,13807.0,3.4375
336.1996638,2.825340222691216,0.8991834418059339,13741.0,3.4375
336.3996636,,376.57240635529666,59450.0,3.3155080213903743
336.5996634,,377.00320455730093,13664.0,3.4375
336.7996632,2.9500290951411112,2.209114328058885,13748.0,3.4375
336.999663,3.0226637233259748,1.8813848277522558,13590.0,3.4375
337.1996628,2.6425127830533235,0.8097620524231031,13690.0,3.4375
337.3996626,3.1458562724803643,0.5116763432937121,13623.0,3.4375
337.5996624,2.951283004834511,1.8778857589163402,13445.0,3.473684210526316
337.7996622,2.6484893146647015,0.5018177767295865,13570.0,3.473684210526316
337.999662,2.7490783070343605,0.6753342894859573,13562.0,3.473684210526316
338.1996618,2.666348553810013,0.5629137824947429,13622.0,3.4375
338.3996616,2.6839909230656613,1.8999377946743723,13661.0,3.473684210526316
338.5996614,3.164211914706529,3.026633614329277,13647.0,3.4375
338.7996612,2.834367612293144,1.3760360432996557,13536.0,3.473684210526316
338.999661,2.7175877907838197,0.674212186754414,13498.0,3.473684210526316
339.1996608,2.6435321913762553,1.5253455711469648,13544.0,3.4842105263157896
339.3996606,2.720432480141218,0.8831431153164119,13596.0,3.4375
339.5996604,,375.55934979105405,59299.0,3.3333333333333335
339.7996602,,416.45715136086284,16799.0,3.0654205607476634
339.99966,11.129898697539797,19.529988816235896,17275.0,2.936936936936937
340.1996598,8.47397716187525,1.7895424900121142,17427.0,2.9724770642201834
340.3996596,,190.82978205925025,32938.0,2.448051948051948
340.5996594,,181.51290126207934,17598.0,2.891891891891892
340.7996592,16.892779939472547,46.22208156944573,18504.0,2.552
340.999659,13.470161035680455,16.23076204682049,19002.0,2.37007874015748
341.1996588,17.28880726850957,90.71143256582225,15519.0,2.4695652173913043
341.3996586,,480.31675711489055,60089.0,3.1
341.5996584,2.860054668781426,7.230918554839728,59266.0,3.1313131313131315
341.7996582,,294.3822270706007,31563.0,3.664473684210526
341.999658,2.4882963244132346,2.9522247996497213,31614.0,3.6973684210526314
342.19965779999995,,204.47444246616683,13158.0,2.676190476190476
342.39965759999995,,210.02710770115098,31258.0,3.728476821192053
342.59965739999996,,217.4880335904853,14135.0,2.6422018348623855
342.79965719999996,4.862425504415882,1.9734878422731796,13927.0,2.6513761467889907
342.99965699999996,3.9053293369398348,5.811250598425434,13679.0,2.7196261682242993
343.19965679999996,2.589739809832682,1.5479200559242283,13567.0,2.7289719626168223
343.39965659999996,,469.41244705496877,59085.0,3.1472081218274113
343.59965639999996,,466.0344669567827,13218.0,2.780952380952381
343.79965619999996,,469.0970148647386,58798.0,3.163265306122449
343.99965599999996,2.3490920209964834,0.16891076152141266,58867.0,3.163265306122449
344.19965579999996,,468.31489371370594,13364.0,2.780952380952381
344.39965559999996,,467.3664078401143,59078.0,3.163265306122449
344.59965539999996,,466.7565946005114,14566.0,2.7155963302752295
344.79965519999996,,464.7736818348505,59479.0,3.163265306122449
344.99965499999996,2.4615410543346368,1.896538897772965,59336.0,3.163265306122449
345.19965479999996,,458.6162116573795,13665.0,2.8380952380952382
345.39965459999996,2.726061861772976,2.1381433605043347,13514.0,2.8653846153846154
345.59965439999996,2.63688931722144,0.09014245500009734,13489.0,2.8653846153846154
345.79965419999996,,459.5311050915922,59103.0,3.1794871794871793
345.99965399999996,,472.244889092477,14280.0,2.7757009345794392
346.19965379999996,5.836092596574214,9.646159676995627,13953.0,2.857142857142857
346.39965359999997,21.229679111000124,40.99117871854434,16018.0,2.900900900900901
346.59965339999997,8.2228134977775,15.029373821790669,15973.0,3.102803738317757
346.79965319999997,7.292434497085036,32.155527995029566,14923.0,3.484536082474227
346.99965299999997,29.903247997641394,83.26945855308482,20351.0,2.8536585365853657
347.19965279999997,,193.52363997776874,39727.0,3.651315789473684
347.39965259999997,4.61158135829516,13.78213134653391,40168.0,3.6103896103896105
347.59965239999997,6.642795595978937,19.049160217797258,41780.0,3.3636363636363638
347.79965219999997,,151.77143948369903,20756.0,3.548076923076923
347.99965199999997,7.892769123459661,20.396032896354214,21505.0,3.5045871559633026
348.19965179999997,8.98157587342041,40.984827075108534,18834.0,4.061855670103093
348.39965159999997,,161.51569716027362,39481.0,3.915492957746479
348.59965139999997,6.834370177469136,28.010314587798586,41472.0,3.915492957746479
348.79965119999997,6.2452292324365075,12.434550722570147,42446.0,3.908450704225352
348.999651,4.422466722334103,41.32522995563459,40718.0,3.8275862068965516
349.1996508,4.252853197144197,43.02483828903308,38378.0,3.808219178082192
349.3996506,3.1664609370981847,5.9854904943165685,38886.0,3.7891156462585034
349.5996504,4.759935097353969,14.382564335924853,40060.0,3.7248322147651005
349.7996502,4.458547963844883,11.613394485695004,41156.0,3.7
349.99965,,161.04596341906338,20575.0,3.7450980392156863
350.1996498,,165.1306768814077,40574.0,3.7567567567567566
350.3996496,,161.93255264030006,20439.0,3.792079207920792
350.5996494,6.742281303602058,9.130733468456606,20988.0,3.704761904761905
350.7996492,4.048372049631496,3.6004097997102384,21438.0,3.6448598130841123
350.999649,,163.68874599537887,41828.0,3.6103896103896105
351.1996488,,182.6148426364,22189.0,3.590909090909091
351.3996486,8.726509848254272,65.09199852633408,22999.0,3.853211009174312
351.5996484,4.694084332551657,22.076731315577803,22601.0,3.8363636363636364
351.7996482,,168.5033912097991,43497.0,3.490566037735849
351.999648,5.412302268404694,23.15634687525335,43114.0,3.4049079754601226
352.1996478,5.4630895091434075,36.197934532708686,41560.0,3.6821192052980134
352.3996476,,263.25959172395824,18363.0,2.5757575757575757
352.5996474,6.056811532528326,22.451247455574872,18799.0,2.4466019417475726
352.7996472,5.091837277319862,15.393888396203655,18805.0,2.2777777777777777
352.999647,,274.3346237174018,40537.0,3.587096774193548
353.1996468,,41.463870805824016,43189.0,3.5864197530864197
353.3996466,6.58693211060684,18.080466478705997,42746.0,3.4910179640718564
353.5996464,,327.09472609160696,15734.0,1.9333333333333333
353.7996462,,332.3877226019076,41314.0,3.779220779220779
353.999646,2.967004703115814,8.546340692459518,40824.0,3.8543046357615895
354.1996458,,334.4550836467847,16009.0,2.19
354.3996456,,336.4237686840718,40595.0,3.88
354.5996454,,335.47088367118283,15836.0,2.212121212121212
354.7996452,5.905372405372406,14.092377713946282,16380.0,2.1067961165048543
354.999645,,330.88784768846045,41279.0,3.7243589743589745
355.1996448,,309.4771142570727,15338.0,2.0588235294117645
355.3996446,3.8028951701427003,5.700915493151631,14576.0,2.02
355.5996444,2.9986668537749086,2.0836832128527436,14252.0,2.01010101010101
355.7996442,2.5769067496816187,1.6355547839983582,14134.0,2.0306122448979593
355.999644,2.4241565069464133,1.284586339954583,14108.0,2.0412371134020617
356.1996438,,335.0019435115624,38550.0,3.925675675675676
356.3996436,,331.3625429428031,13983.0,2.051546391752577
356.5996434,2.3672620328527367,0.8470050795644597,13941.0,2.051546391752577
356.7996432,2.390151243638449,0.45212483730826064,13951.0,2.051546391752577
356.999643,,333.7876504692955,38405.0,3.9591836734693877
357.1996428,2.387237580544585,0.6845203884955108,38488.0,3.9591836734693877
357.3996426,,330.5673144210058,13840.0,2.0412371134020617
357.5996424,2.4030862417075283,1.219737661247423,13868.0,2.0412371134020617
357.7996422,,332.05705467568043,38396.0,3.9591836734693877
357.999642,,331.75427975848294,13823.0,2.0412371134020617
358.1996418,,334.8069474279774,38282.0,3.9324324324324325
358.3996416,,334.65605329689237,13911.0,2.0412371134020617
358.5996414,10.960672686821097,31.147191558692903,15282.0,2.0
358.7996412,2.7855972740973725,2.8600054219608904,15261.0,2.0
358.999641,3.276640887002943,9.939611241563071,14611.0,2.02
359.1996408,2.6635045026465938,2.074357473736842,14547.0,2.04040404040404
359.3996406,2.642693984910362,2.192498357302011,14447.0,2.04040404040404
359.5996404,2.728851229337408,3.4892730737779964,14398.0,2.0510204081632653
359.7996402,2.7454147855530473,4.8552089011044375,14176.0,2.0408163265306123
359.99964,2.4012250070402703,1.0224864027202623,14204.0,2.0721649484536084
360.1996398,2.6203574420552918,3.4282141056624713,14324.0,2.0714285714285716
360.3996396,2.428461322869955,1.3299635871483289,14272.0,2.061224489795918
360.5996394,2.6872556684910087,3.6830790032292184,14069.0,2.082474226804124
360.7996392,2.4173838822106837,0.41068570869453985,14059.0,2.0721649484536084
360.999639,,340.31680816046907,38661.0,3.925675675675676
361.1996388,,340.5747207506336,14034.0,2.0618556701030926
361.3996386,2.590428175814812,2.1263411459488397,14083.0,2.0721649484536084
361.5996384,2.552794588821645,3.07001046244256,14045.0,2.0721649484536084
361.7996382,2.5541469703480875,1.0551562475345664,13962.0,2.051546391752577
361.999638,2.465277282135465,1.3122414717183817,14011.0,2.0618556701030926
362.1996378,,3.0346544261186894,13820.0,2.0729166666666665
362.3996376,,4.117935856738018,13906.0,2.0618556701030926
362.5996374,2.4400774582227642,1.2282448353724327,13943.0,2.051546391752577
362.7996372,2.356344886851905,0.1885707694002461,13964.0,2.0618556701030926
362.999637,,341.2304028898735,38552.0,3.9591836734693877
363.1996368,,341.20704234522213,13931.0,2.0833333333333335
363.3996366,2.3625277957104944,0.3253546967679795,13941.0,2.0618556701030926
363.5996364,,344.2685512998854,38319.0,3.9523809523809526
363.7996362,,342.1285247726944,13837.0,2.0412371134020617
363.999636,,340.49514577991823,38399.0,3.9523809523809526
364.1996358,,339.4459425566114,13742.0,2.0625
364.39963559999995,2.4560087399854336,1.5033292721875158,13730.0,2.0729166666666665
364.59963539999995,2.9984783711325265,6.416840081786914,13801.0,2.0729166666666665
364.79963519999995,,343.5367599239627,38382.0,3.9863013698630136
364.99963499999996,,341.1899178414442,13712.0,2.0625
365.19963479999996,2.552604548789435,2.1267059735896527,13630.0,2.0625
365.39963459999996,2.556196596801285,2.4514435356868565,13693.0,2.0729166666666665
365.59963439999996,2.433002481389578,0.49687690274524865,13702.0,2.0625
365.79963419999996,2.479068742655699,1.2163685023765154,13616.0,2.0625
365.99963399999996,,340.34946025138703,38201.0,3.9523809523809526
366.19963379999996,,339.01138143639827,13530.0,2.0842105263157893
366.39963359999996,,340.92517156497547,38136.0,3.9863013698630136
366.59963339999996,,342.94182082067675,13631.0,2.0625
366.79963319999996,2.3562370982011207,1.2267248664188537,13564.0,2.0842105263157893
366.99963299999996,2.63219569356965,3.126886496385271,13654.0,2.094736842105263
367.19963279999996,,344.81014183825135,38124.0,3.9863013698630136
367.39963259999996,,341.1610415407856,13495.0,2.0842105263157893
367.59963239999996,,342.6058940104647,38060.0,3.9863013698630136
367.79963219999996,,343.57025424013847,13532.0,2.0842105263157893
367.99963199999996,2.3882465571838867,1.1547990003643653,13579.0,2.094736842105263
368.19963179999996,2.5029359953024075,1.5556543984882216,13624.0,2.094736842105263
368.39963159999996,,4.725203675349032,13272.0,2.106382978723404
368.59963139999996,,2.6245562139800622,13509.0,2.0625
368.79963119999996,2.402672178342068,1.0952652396137412,13547.0,2.0842105263157893
368.99963099999997,2.5471158080140905,2.4346840076639373,13626.0,2.0842105263157893
369.19963079999997,2.5958077179468186,3.286676027614128,13501.0,2.094736842105263
369.39963059999997,,340.1127899675839,38091.0,3.9863013698630136
369.59963039999997,,346.4930903859053,13683.0,2.094736842105263
369.79963019999997,6.752529075769045,17.4176487643425,14531.0,2.0202020202020203
369.99962999999997,3.338646552337579,8.140975276461486,14053.0,2.051546391752577
370.19962979999997,2.7177715396242714,2.6506574455674197,13893.0,2.0412371134020617
370.39962959999997,,345.47943074743904,38559.0,3.9324324324324325
370.59962939999997,,347.084591738395,13926.0,2.051546391752577
370.79962919999997,,348.32345305756644,38428.0,3.9523809523809526
370.99962899999997,,344.6969681710177,13774.0,2.0729166666666665
371.19962879999997,2.925894011202068,4.354935587580599,13926.0,2.0729166666666665
371.39962859999997,2.6241391808626315,3.430028611816716,13795.0,2.0625
371.5996284,,347.0181580275013,38329.0,3.9591836734693877
371.7996282,,346.4078802553104,13748.0,2.0625
371.999628,,348.1845371249092,38203.0,3.9863013698630136
372.1996278,2.3022885208213597,1.1897893929390144,38278.0,3.9591836734693877
372.3996276,,344.5572718329824,13647.0,2.0625
372.5996274,,346.8289244940423,38216.0,3.9591836734693877
372.7996272,,347.9185389372601,13723.0,2.0729166666666665
372.999627,,346.4600994862887,38254.0,3.9591836734693877
373.1996268,,346.15339819041947,13661.0,2.0842105263157893
373.3996266,2.4435952083486443,1.0443477640847831,13607.0,2.094736842105263
373.5996264,,347.0634230701851,38168.0,3.9863013698630136
373.7996262,,346.55962605078173,13615.0,2.0729166666666665
373.999626,2.480108432852224,2.25306829444964,13649.0,2.0729166666666665
374.1996258,2.4602815668538915,1.5452776496628347,13709.0,2.0729166666666665
374.3996256,2.4970536240424277,2.1475989188898974,13576.0,2.0842105263157893
374.5996254,2.384746264240272,2.1713544286874615,13518.0,2.0842105263157893
374.7996252,2.4361897756528137,2.1752895221191744,13595.0,2.0625
374.999625,2.4109568812758417,1.3020308876203694,13544.0,2.0842105263157893
375.1996248,,346.3773824072066,38071.0,3.9863013698630136
375.3996246,,347.423185298062,13561.0,2.0842105263157893
375.5996244,2.393137109894986,1.075599506100293,13522.0,2.0736842105263156
375.7996242,,348.0423550408442,37987.0,3.9863013698630136
375.999624,,347.451075127424,13515.0,2.0736842105263156
376.1996238,2.3870106761565837,0.5123383904777217,13488.0,2.0842105263157893
376.3996236,2.597241684490007,2.0864273575452614,13559.0,2.0842105263157893
376.5996234,2.4674832962138082,1.3079336479261823,13470.0,2.0842105263157893
376.7996232,2.394268701153703,0.6373987977221252,13435.0,2.0842105263157893
376.999623,2.5801076072335976,2.1564124400543565,13382.0,2.0842105263157893
377.1996228,2.6100193538782195,2.982060002084862,13434.0,2.094736842105263
377.3996226,2.3680136935327827,0.3897619940368391,13437.0,2.117021276595745
377.5996224,2.348299522673031,0.8741634768429472,13408.0,2.117021276595745
377.7996222,2.6371967250056336,3.340651556572419,13313.0,2.106382978723404
377.999622,2.4268265267890596,0.9678336432419438,13345.0,2.106382978723404
378.1996218,,348.27885586600763,37964.0,4.020689655172414
378.3996216,,350.1505163401989,13390.0,2.106382978723404
378.5996214,2.43214607754734,1.2082347292271824,13308.0,2.106382978723404
378.7996212,2.3951117109011846,0.36432240958217854,13338.0,2.106382978723404
378.999621,,331.45450877791103,39507.0,3.8289473684210527
379.1996208,,345.255699161003,15343.0,1.9807692307692308
379.3996206,4.340985111825277,17.759772971652215,15247.0,2.089108910891089
379.5996204,3.615094821531192,8.875402366893471,15661.0,2.087378640776699
379.7996202,2.8941376602983513,5.159302429870993,15284.0,2.0784313725490198
379.99962,2.796614600352918,3.079569752620631,15301.0,2.0392156862745097
380.1996198,,6.897981753424226,14551.0,2.05
380.3996196,,16.513119681502985,15040.0,2.06
380.5996194,3.8704456278026904,8.096130786769738,14272.0,2.0714285714285716
380.7996192,2.7968772280051333,3.45230418598302,14026.0,2.0927835051546393
380.999619,2.7213602550478213,2.7581914626478055,14115.0,2.082474226804124
381.1996188,2.742167806985956,5.139468273817269,13885.0,2.1041666666666665
381.3996186,,357.9640271757778,38458.0,3.9591836734693877
381.5996184,2.3067041871857006,1.5194268489050684,38379.0,3.9523809523809526
381.7996182,,357.2162728537399,13779.0,2.0729166666666665
381.999618,2.4917086711958505,1.4688523698189584,13689.0,2.0833333333333335
382.1996178,2.4097810218978104,0.6486405016142256,13700.0,2.0729166666666665
382.3996176,2.4821415528449347,1.9995073935765575,13691.0,2.1052631578947367
382.5996174,3.3002374271530326,4.49394828579498,13899.0,2.0729166666666665
382.7996172,,357.4498922547935,38265.0,3.9863013698630136
382.999617,,356.49196072621976,13807.0,2.0625
383.1996168,2.729252501471454,3.656056941966567,13592.0,2.0625
383.3996166,2.366553805387899,0.6487955535837847,13586.0,2.0625
383.5996164,2.441800878477306,2.0046658138035585,13660.0,2.0625
383.7996162,2.516902544547921,0.6723945788532957,13637.0,2.0842105263157893
383.999616,2.396969475148232,0.9347877727183384,13661.0,2.0625
384.1996158,,359.19276118611117,38083.0,3.9863013698630136
384.3996156,2.3114831780129523,2.4127452563349565,37986.0,3.9794520547945207
384.5996154,,356.67079805613173,13357.0,2.106382978723404
384.7996152,2.350367151206354,1.0819858161823572,13346.0,2.095744680851064
384.999615,2.9147567647493715,3.1542625444514854,13526.0,2.0736842105263156
385.1996148,10.396349768455462,19.20259723892585,14684.0,1.8737864077669903
385.3996146,7.268179964659508,22.101951810341795,14714.0,1.7358490566037736
385.5996144,,15.44013084484527,14733.0,1.6
385.7996142,,22.341951276737475,14848.0,1.5135135135135136
385.999614,4.6217504332755635,14.341552112630303,13848.0,1.490909090909091
386.1996138,,380.8842355023017,38045.0,3.548780487804878
386.39961359999995,,399.771048754467,13433.0,1.375
386.59961339999995,5.414583177849093,15.007244427660478,13399.0,1.3783783783783783
386.79961319999995,,444.32678720330534,36504.0,3.810457516339869
386.99961299999995,3.802102425876011,7.371450819559297,37100.0,3.730769230769231
387.19961279999995,7.151279899286614,12.914287334696967,38128.0,3.6149068322981366
387.39961259999995,6.205871739354572,1.66764945648727,38796.0,3.660377358490566
387.59961239999996,,354.9140891038768,14408.0,1.8349514563106797
387.79961219999996,3.875933410974858,6.857447247816391,14597.0,1.8932038834951457
387.99961199999996,3.8904383845357264,9.745062622566506,14485.0,1.9603960396039604
388.19961179999996,3.5444788441692467,9.187130016154793,14535.0,2.01
388.39961159999996,7.566844919786096,15.287030863921325,15521.0,1.8867924528301887
388.59961139999996,6.280179394543416,17.9099045272355,16054.0,2.038095238095238
388.79961119999996,9.24722256134782,54.749674380193014,16382.0,2.1523809523809523
388.99961099999996,11.40480284273269,46.632193011588704,17448.0,2.0825688073394497
389.19961079999996,13.10985468432277,138.12962424387175,20163.0,3.3043478260869565
389.39961059999996,,230.72831521313663,40871.0,3.847682119205298
389.59961039999996,,205.82326966556803,18760.0,3.898989898989899
389.79961019999996,,194.5472962439053,41565.0,3.847682119205298
389.99960999999996,,196.3582050838152,18545.0,3.8118811881188117
390.19960979999996,4.294194746327344,2.254767745557925,18311.0,3.888888888888889
390.39960959999996,3.5972001097996156,4.460000993773553,18215.0,3.9591836734693877
390.59960939999996,2.877130094303204,2.096989302651535,18133.0,4.0
390.79960919999996,2.9811279470488485,1.5067988309421885,18281.0,3.9591836734693877
390.99960899999996,5.934408830396944,9.119324884975947,18844.0,3.8316831683168315
391.19960879999996,3.9494278929188256,14.836588180070972,18528.0,3.9285714285714284
391.39960859999997,3.67761047996956,3.250632073356913,18397.0,4.03125
391.59960839999997,3.0691625401316864,1.8747324506866856,18377.0,4.041666666666667
391.79960819999997,2.652322738386308,1.425733576695594,18405.0,4.08421052631579
391.99960799999997,4.068928145659478,3.181864914237126,18454.0,4.03125
392.19960779999997,3.3843145774494894,1.8864238343403017,18412.0,4.08421052631579
392.39960759999997,2.558813963573287,3.1400366441523193,18448.0,4.117021276595745
392.59960739999997,2.7565968074709524,1.3909088690269102,18418.0,4.073684210526316
392.79960719999997,2.5389465673751155,1.0799330245665666,18397.0,4.117021276595745
392.99960699999997,3.1706519962960944,1.6801124667837053,18359.0,4.127659574468085
393.19960679999997,2.559971611071682,1.35042766336971,18317.0,4.172043010752688
393.39960659999997,2.6360264033604275,1.0195357234517717,18331.0,4.172043010752688
393.59960639999997,,191.20855825287677,40793.0,4.034722222222222
393.79960619999997,,192.19575272539717,18276.0,4.172043010752688
393.99960599999997,2.449934483511684,2.3785944586947374,18316.0,4.172043010752688
394.1996058,2.463478545692761,0.11387298064566877,18318.0,4.172043010752688
394.3996056,2.5072376686513356,0.14926526930295966,18307.0,4.172043010752688
394.5996054,2.608841112268963,2.0511070613032936,18233.0,4.172043010752688
394.7996052,2.6293419397188336,1.8552627772950587,18281.0,4.172043010752688
394.999605,2.4744086961271643,2.386665891988235,18307.0,4.172043010752688
395.1996048,2.629712599715878,1.21265034150026,18302.0,4.172043010752688
395.3996046,2.8705232653507573,1.4408815567079425,18289.0,4.217391304347826
395.5996044,2.5160742647461527,2.9035395939865443,18259.0,4.217391304347826
395.7996042,2.587072035058888,1.3901051846893897,18255.0,4.217391304347826
395.999604,2.494869684499314,1.110809581367162,18225.0,4.217391304347826
396.1996038,2.4893663670247754,0.7555125203921316,18244.0,4.217391304347826
396.3996036,2.5057660626029654,0.17161340326005678,18210.0,4.217391304347826
396.5996034,2.5516501650165018,1.156368407620374,18180.0,4.217391304347826
396.7996032,2.5581996043086392,1.0134025474525863,18196.0,4.217391304347826
396.999603,2.5461145025573337,0.5036127511439827,18183.0,4.217391304347826
397.1996028,2.4644742630884293,0.3596396109132527,18184.0,4.217391304347826
397.3996026,2.4818900230490617,0.4204777251277001,18222.0,4.217391304347826
397.5996024,2.4971617525489114,0.3746383426752581,18145.0,4.217391304347826
397.7996022,2.548736063583177,1.2511881959567217,18118.0,4.217391304347826
397.999602,,191.3592306812135,40680.0,4.091549295774648
398.1996018,,190.88155622264085,18091.0,4.217391304347826
398.3996016,2.793341812752309,0.5814302814986054,18083.0,4.217391304347826
398.5996014,2.697702807679503,0.9299579334500312,18022.0,4.263736263736264
398.7996012,2.9454092920353983,1.7843450613232112,18080.0,4.217391304347826
398.999601,2.8035398230088497,1.123379990600605,18080.0,4.217391304347826
399.1996008,3.0528151469855507,2.3852139976316837,18063.0,4.263736263736264
399.3996006,2.4887730775627874,1.0267738332104703,18037.0,4.263736263736264
399.5996004,2.62947742544566,2.023805024412194,18007.0,4.263736263736264
399.7996002,2.538333425859102,1.8039393306462133,18013.0,4.274725274725275
399.9996,2.5040048948715095,1.1821553728154133,17978.0,4.274725274725275
400.1995998,5.618548909522781,7.0632103882031565,18524.0,4.08421052631579
400.3995996,5.309716599190283,14.555135324506871,18278.0,4.0
400.5995994,4.4590663979519585,5.123846398028883,18359.0,3.9896907216494846
400.7995992,10.631514030218932,48.218659052328,19458.0,3.7524752475247523
400.999599,5.455771725032426,2.2018865516735704,19275.0,3.78
401.1995988,6.495076437625809,17.404211696378038,18381.0,3.917525773195876
401.3995986,3.5879399697689482,5.265234256518346,18524.0,3.917525773195876
401.5995984,5.932047508934202,10.619262720627999,19028.0,3.8282828282828283
401.7995982,4.36342814530734,7.294119213805967,18774.0,3.877551020408163
401.999598,3.382712708378437,3.2558994075077137,18476.0,3.9583333333333335
402.1995978,2.7126292868807838,2.931945412622682,18370.0,4.0
402.3995976,2.865549874904819,0.7066770361970607,18386.0,4.0
402.5995974,3.751084834020395,5.184429992116561,18436.0,4.0
402.7995972,2.952654310863266,0.9671192587343088,18291.0,4.042553191489362
402.999597,3.3155895599327145,0.8613467918453287,18429.0,4.0
403.1995968,2.682424308667614,1.20118184941272,18298.0,4.0
403.3995966,3.3015768725361365,2.490357701809801,18264.0,3.9894736842105263
403.5995964,2.8627162912177604,1.8602285055832366,18378.0,4.0
403.7995962,2.6728155869671997,0.969966713082286,18323.0,4.042553191489362
403.999596,3.6696984462129825,4.056568674041819,18471.0,4.0
404.1995958,12.704946385333795,149.22102364047345,17346.0,2.25
404.3995956,4.249815808862225,92.59731902664096,19002.0,3.8415841584158414
404.5995954,3.4603803486529316,1.728022919218049,18930.0,3.88
404.7995952,6.805831864946286,102.50476034575765,17593.0,2.1844660194174756
404.999595,6.20179928648984,112.73833660953277,19341.0,3.7475728155339807
405.1995948,3.91150489288548,7.707109355092506,18905.0,3.86
405.3995946,3.042275213765999,2.2844328759812984,18829.0,3.898989898989899
405.5995944,11.806502308221196,28.276144045461386,20362.0,3.6826923076923075
405.7995942,3.9897621198434208,5.532292239593349,19926.0,3.782178217821782
405.999594,3.1990180695449713,3.6815321663029055,19757.0,3.782178217821782
406.1995938,2.8035231044166453,2.687954949767547,19585.0,3.8585858585858586
406.3995936,2.585993134894206,1.001946334928033,19519.0,3.8686868686868685
406.5995934,3.0720238707685974,2.100012933306282,19438.0,3.9081632653061225
406.7995932,2.552230378317335,0.9449120605780291,19481.0,3.8686868686868685
406.999593,2.5738799835593915,0.3602471401303798,19464.0,3.8979591836734695
407.1995928,2.9138488378059417,1.0750492284988862,19489.0,3.8686868686868685
407.3995926,3.0711736409248434,3.2719480100568332,19333.0,3.9081632653061225
407.5995924,2.473464335447934,1.7939214792131952,19389.0,3.9081632653061225
407.7995922,2.5446552521980563,0.590388410517972,19449.0,3.8686868686868685
407.999592,2.852929064140842,0.4710199460051339,19426.0,3.9081632653061225
408.1995918,2.713293959175215,1.487634839871664,19302.0,3.948453608247423
408.3995916,2.835188267110464,1.4647707165937363,19228.0,3.9081632653061225
408.59959139999995,,186.68676503079348,41702.0,3.8993288590604025
408.79959119999995,,186.67523898799456,19333.0,3.9081632653061225
408.99959099999995,2.9791160506590852,0.9150653147960087,19345.0,3.9081632653061225
409.19959079999995,,187.21302537218173,41688.0,3.925675675675676
409.39959059999995,,189.5515086719642,19135.0,3.8686868686868685
409.59959039999995,2.9599120787104876,2.7774120541475127,19108.0,3.8686868686868685
409.79959019999995,2.956856946718065,2.1322523319050375,18937.0,3.8686868686868685
409.99958999999996,3.419812808917867,6.7126488811372065,19018.0,3.948453608247423
410.19958979999996,2.8610246398986967,2.7744056563055595,18953.0,3.948453608247423
410.39958959999996,2.6515662904756883,1.4933266878305402,18962.0,3.9081632653061225
410.59958939999996,3.832586260815178,2.3734704810267724,19186.0,3.8686868686868685
410.79958919999996,4.7039699906220696,2.279185267631757,19194.0,3.82
410.99958899999996,5.035997044230972,4.580651426621344,18946.0,3.8686868686868685
411.19958879999996,3.652080995886093,3.626216899585602,18717.0,3.9081632653061225
411.39958859999996,2.8546427615734546,1.7382678541921093,18685.0,3.9081632653061225
411.59958839999996,2.7063978494623657,1.0361890151308148,18600.0,3.948453608247423
411.79958819999996,2.5695449429168677,0.9017939883678384,18657.0,3.948453608247423
411.99958799999996,2.754210921574938,0.6947353225115528,18642.0,3.9081632653061225
412.19958779999996,2.80711096767253,1.0431619039885875,18591.0,3.948453608247423
412.39958759999996,2.787711612310022,2.482421596381575,18489.0,3.9895833333333335
412.59958739999996,2.659655728886498,1.677633968207313,18590.0,3.948453608247423
412.79958719999996,2.714378238341969,2.148022882329129,18528.0,3.9895833333333335
412.99958699999996,5.918924628954735,8.919089295781022,18933.0,3.9081632653061225
413.19958679999996,4.647536106453184,12.845350388224743,18487.0,3.9587628865979383
413.39958659999996,,190.34653279936185,40966.0,3.9324324324324325
413.59958639999996,,188.68119123840722,18557.0,3.9587628865979383
413.79958619999996,2.5613039247486213,1.3173277882180272,18498.0,4.0
413.99958599999997,3.1021835000537807,2.4599362005730097,18594.0,3.9587628865979383
414.19958579999997,4.486615014694095,1.9711117958135904,18715.0,3.9587628865979383
414.39958559999997,3.0520570045711213,2.6246921504219545,18595.0,3.9587628865979383
414.59958539999997,2.5573885384656854,1.286117553361399,18549.0,4.010416666666667
414.79958519999997,2.6374284788945266,1.485096145323863,18526.0,4.010416666666667
414.99958499999997,2.5867482271423157,0.5107194053999018,18473.0,4.010416666666667
415.19958479999997,3.6264735963826236,2.086581793955998,18577.0,4.0
415.39958459999997,,191.3566508862713,40825.0,3.9591836734693877
415.59958439999997,,190.36892282989376,18568.0,4.010416666666667
415.79958419999997,,188.6706644431242,41157.0,3.925675675675676
415.99958399999997,,187.72486347010803,18520.0,4.010416666666667
416.19958379999997,,189.49216768636936,40843.0,3.9591836734693877
416.39958359999997,,191.34461044562815,18519.0,4.010416666666667
416.5995834,2.6690651374161436,1.295232139628762,18484.0,4.010416666666667
416.7995832,2.660880313860375,1.907687344040251,18607.0,4.010416666666667
416.999583,,189.47935495010262,40903.0,3.9591836734693877
417.1995828,,190.73846768731352,18421.0,4.010416666666667
417.3995826,3.194943518020441,1.689065387463009,18590.0,4.010416666666667
417.5995824,2.727988778593008,1.342868941191411,18536.0,4.010416666666667
417.7995822,2.6222799610263072,0.3892312566252301,18474.0,4.010416666666667
417.999582,2.7203893996755,0.24572680328901247,18490.0,4.010416666666667
418.1995818,2.7412204639063518,0.5625900209413744,18452.0,4.010416666666667
418.3995816,2.7438964710999945,2.233757835855347,18391.0,4.052631578947368
418.5995814,2.858086523363474,1.0788327767002122,18469.0,4.010416666666667
418.7995812,2.6877795962902344,1.0103530537915424,18330.0,4.0
418.999581,2.7757267363178695,1.5201251493462762,18473.0,4.010416666666667
419.1995808,3.715243605688639,2.7852756762104387,18493.0,4.0
419.3995806,3.497224338739523,2.668449174669336,18374.0,4.010416666666667
419.5995804,3.358019352397427,3.339291475494693,18499.0,4.010416666666667
419.7995802,2.9420541479029896,0.36440413482264866,18431.0,4.010416666666667
419.99958,,192.742597123555,40677.0,3.9863013698630136
420.1995798,,191.42433051755634,18309.0,4.010416666666667
420.3995796,2.6172246190814263,0.13187809924781455,18311.0,4.010416666666667
420.5995794,3.3588113863537594,2.562290957225092,18408.0,4.0
420.7995792,,186.86897269642847,41119.0,3.9324324324324325
420.999579,,197.56261633933445,18701.0,3.898989898989899
421.1995788,5.914708212305255,6.46433541936839,18935.0,3.9285714285714284
421.3995786,6.872654948126646,8.63097466462939,18603.0,3.792079207920792
421.5995784,6.345070422535211,4.071155839971029,18176.0,3.9081632653061225
421.7995782,3.522748425951273,2.3655777209321,18265.0,3.878787878787879
421.999578,,195.60940299104544,40321.0,3.9591836734693877
422.1995778,,193.07053703406606,18193.0,3.9587628865979383
422.3995776,3.774659627674354,1.913459754889543,17995.0,4.0
422.5995774,,190.77766628908066,40497.0,3.9659863945578233
422.7995772,,192.01936798309214,17865.0,4.0
422.999577,2.9610157167626823,0.29908909888871194,17879.0,4.0
423.1995768,2.724684785654245,1.6688016139209476,17845.0,4.0
423.3995766,,194.52138247197817,40192.0,3.9591836734693877
423.5995764,,194.32736130963133,17741.0,4.042105263157895
423.7995762,2.5992217898832686,1.893321208544574,17733.0,4.042105263157895
423.999576,2.750846501128668,0.3059340524407946,17720.0,4.042105263157895
424.1995758,2.588833060464066,0.3146785400796594,17713.0,4.010416666666667
424.3995756,2.7732614249219414,0.8572006734804417,17615.0,4.042105263157895
424.5995754,,195.10544308134777,40057.0,3.9726027397260273
424.7995752,,194.93785694005143,17590.0,4.052631578947368
424.999575,11.192949808592088,10.81636077357119,18808.0,3.888888888888889
425.1995748,5.856989995184849,9.153097207572536,18691.0,3.898989898989899
425.3995746,4.458821059261981,5.818847895702645,19051.0,3.85
425.5995744,3.400553368096201,1.7313123342547585,18794.0,3.84
425.7995742,4.123980078414751,2.5981092912311086,18874.0,3.85
425.999574,10.197973420235247,24.385063324968453,19639.0,3.70873786407767
426.1995738,9.28837411741948,27.60307955020399,20678.0,3.5233644859813085
426.3995736,,170.94496941992045,44688.0,3.391812865497076
426.5995734,,151.5064778895508,18857.0,3.5714285714285716
426.7995732,7.7309090909090905,34.884729210469295,17325.0,3.6559139784946235
426.999573,4.1081065123693685,7.79222048251322,16937.0,3.6559139784946235
427.1995728,,173.52041257733964,35921.0,4.028985507246377
427.3995726,3.3706346330722705,5.499899167212853,35879.0,4.0
427.5995724,,166.724553434391,16378.0,3.6847826086956523
427.7995722,9.744337519070532,9.114201679670124,17042.0,3.5789473684210527
427.999572,5.946155199718459,15.708230584065737,17049.0,3.5257731958762886
428.1995718,3.9022140221402215,1.9198819457795708,16802.0,3.5520833333333335
428.3995716,3.666767389859189,3.049529445413406,16547.0,3.5520833333333335
428.5995714,7.075352398631011,7.181743295235772,17239.0,3.376237623762376
428.7995712,12.165937700021336,27.755709621681223,18748.0,2.982300884955752
428.999571,8.521401243424199,49.13908911500144,16728.0,3.144230769230769
429.1995708,8.004608607251779,45.62132676144328,14755.0,3.4731182795698925
429.3995706,,184.5994837663626,35814.0,3.9863013698630136
429.5995704,,197.58377305906671,14935.0,3.4725274725274726
429.7995702,17.173385719166383,35.69437437214032,17562.0,3.0673076923076925
429.99957,,185.11400825805526,41365.0,3.660377358490566
430.1995698,,162.87186006725014,18443.0,3.323529411764706
430.3995696,7.849792381296263,25.145758103533634,16617.0,3.4
430.59956939999995,,363.8889668219568,62552.0,3.263157894736842
430.79956919999995,,364.2228824475559,16238.0,3.4242424242424243
430.99956899999995,,364.79257678128675,62389.0,3.263157894736842
431.19956879999995,,367.47907543232554,16308.0,3.4242424242424243
431.39956859999995,11.686996684036002,15.697634503210853,16888.0,3.284313725490196
431.59956839999995,4.948153147625476,6.572044148797299,16298.0,3.3069306930693068
431.79956819999995,3.568424336973479,4.202930504014494,16025.0,3.35
431.99956799999995,3.3486226859214963,3.154650649414815,15719.0,3.3838383838383836
432.19956779999995,,372.80214563949306,61907.0,3.263157894736842
432.39956759999995,,373.96162447905436,15776.0,3.3838383838383836
432.59956739999996,2.7025082760376877,1.8395358001486204,15708.0,3.3838383838383836
432.79956719999996,,367.90968226785026,62471.0,3.2291666666666665
432.99956699999996,,371.43289714600536,16088.0,3.3168316831683167
433.19956679999996,5.211245078740157,4.291781406253764,16256.0,3.3069306930693068
433.39956659999996,8.76195432559848,7.607822868613562,16333.0,3.287128712871287
433.59956639999996,5.727146727146727,3.914325214759776,15873.0,3.287128712871287
433.79956619999996,3.677305871817833,2.4820066049170832,15634.0,3.32
433.99956599999996,3.038950151544464,3.0136660559154085,15507.0,3.3535353535353534
434.19956579999996,2.6482937926551835,1.9514166240338384,15385.0,3.3877551020408165
434.39956559999996,3.6581963455367084,2.154507543453048,15269.0,3.443298969072165
434.59956539999996,2.8514203429768292,1.1825481676229823,15278.0,3.4329896907216493
434.79956519999996,3.238660477453581,2.3600919330535293,15080.0,3.4329896907216493
434.99956499999996,3.8410202883423574,3.486193674834735,15329.0,3.4329896907216493
435.19956479999996,3.14491318412887,2.785244383840487,15147.0,3.4329896907216493
435.39956459999996,2.834410177845867,1.245569946341629,15013.0,3.4329896907216493
435.59956439999996,2.576238671694119,1.802706236885053,15117.0,3.4329896907216493
435.79956419999996,2.6665999332665997,2.429731829986033,14985.0,3.46875
435.99956399999996,2.518306483823725,0.9591133610389312,15022.0,3.4329896907216493
436.19956379999996,2.5720753711964846,1.1492003968791338,15019.0,3.443298969072165
436.39956359999996,2.505880789421224,1.38740335135836,15049.0,3.443298969072165
436.59956339999997,2.6785998408910103,0.946081674026294,15084.0,3.443298969072165
436.79956319999997,3.024750819452806,2.284048210295565,14949.0,3.443298969072165
436.99956299999997,2.5643259179844544,0.7521747689500529,14924.0,3.4791666666666665
437.19956279999997,2.5097476298571237,2.0050207575152528,14978.0,3.4791666666666665
437.39956259999997,2.4727636849132177,1.0115154817010887,14980.0,3.443298969072165
437.59956239999997,2.5156708455588155,1.3994862240861223,14996.0,3.4791666666666665
437.79956219999997,,380.7721893562355,61042.0,3.3155080213903743
437.99956199999997,,378.86609797196513,14912.0,3.4791666666666665
438.19956179999997,2.5762598583077128,0.9211054275961995,14962.0,3.4791666666666665
438.39956159999997,3.17803760047831,2.400719609531225,15053.0,3.4791666666666665
438.59956139999997,2.773457819273091,2.3870881483371305,14995.0,3.4791666666666665
438.79956119999997,2.9511293358429684,1.6626569559345243,14876.0,3.4791666666666665
438.99956099999997,2.6471892000805965,0.6178821381413617,14889.0,3.4791666666666665
439.1995608,2.9846666666666666,1.8113391428247196,15000.0,3.443298969072165
439.3995606,2.495191023243388,0.5955001373053206,14972.0,3.4791666666666665
439.5995604,2.557957957957958,0.6398730493877284,14985.0,3.4791666666666665
439.7995602,2.5560021436227225,0.2589676720381342,14928.0,3.4791666666666665
439.99956,2.468758380262805,0.3726336831087964,14916.0,3.4791666666666665
440.1995598,2.5179586649722427,2.323454646809286,14951.0,3.46875
440.3995596,3.071500774984837,2.323874440067387,14839.0,3.4791666666666665
440.5995594,2.5731608730800324,0.7475019821130999,14844.0,3.4791666666666665
440.7995592,,379.84129388291956,60883.0,3.3155080213903743
440.999559,,378.9429272162973,14782.0,3.4791666666666665
441.1995588,2.516525023607177,0.7423070106853064,14826.0,3.4791666666666665
441.3995586,2.6773497064975373,1.5007070684499855,14821.0,3.4791666666666665
441.5995584,2.958604059213611,2.2111446966942343,14929.0,3.4791666666666665
441.7995582,,380.5531894277249,60840.0,3.3155080213903743
441.999558,,378.7103749183395,14729.0,3.4791666666666665
442.1995578,2.5147960903269295,1.3412918025074507,14835.0,3.443298969072165
442.3995576,2.541189160037751,0.9953722524974588,14834.0,3.4791666666666665
442.5995574,3.0720338983050848,0.6531405722226631,14868.0,3.4791666666666665
442.7995572,3.29258909287257,1.3625614718349388,14816.0,3.4791666666666665
442.999557,2.636425232061793,2.0648550364858487,14759.0,3.4791666666666665
443.1995568,2.610846365527888,2.6735746386944674,14899.0,3.4791666666666665
443.3995566,2.529705307168386,1.9265932831028783,14829.0,3.4791666666666665
443.5995564,,378.96217301442573,60854.0,3.3333333333333335
443.7995562,2.354454533491249,0.5994914055666174,60792.0,3.3333333333333335
443.999556,,379.7108450425356,14815.0,3.4791666666666665
444.1995558,2.737373058040218,1.3712515785650845,14869.0,3.4791666666666665
444.3995556,,372.3200282212976,61918.0,3.263157894736842
444.5995554,,376.33632272681155,16037.0,3.2524271844660193
444.7995552,5.3881578947368425,4.160625779844813,15504.0,3.2745098039215685
444.999555,15.923398739025396,23.409281354267033,16971.0,3.074766355140187
445.1995548,,391.39527328264035,61977.0,3.2291666666666665
445.3995546,,226.20754241542602,37455.0,3.9324324324324325
445.5995544,,188.86795411919843,15518.0,3.442105263157895
445.7995542,5.056321463573996,23.008702147521326,15305.0,3.489130434782609
445.999554,5.243818323789693,9.01908961994716,15368.0,3.3870967741935485
446.1995538,6.256530825496343,9.161433685902741,15312.0,3.2842105263157895
446.3995536,11.170915484114028,20.048189665967314,15926.0,2.925233644859813
446.5995534,,420.4828226579429,61203.0,3.1794871794871793
446.7995532,,423.0375828894002,15480.0,3.108910891089109
446.999553,30.73392313546423,100.10851279769005,21024.0,2.1301369863013697
447.1995528,8.51953742602882,18.956540277964436,22137.0,2.0860927152317883
447.3995526,,461.07898486085975,68120.0,2.6724137931034484
447.5995524,,348.211626180005,19628.0,3.201923076923077
447.7995522,9.924108829827434,39.111623950092934,15878.0,3.2549019607843137
447.999552,6.90676652892562,16.99006314343062,15488.0,3.2254901960784315
448.1995518,3.6780481423338567,4.415583637402923,15288.0,3.29
448.3995516,3.427604337824515,4.415901298992931,15215.0,3.2475247524752477
448.5995514,2.8250364093737588,3.3860236301190314,15106.0,3.28
448.7995512,2.692302618560781,1.6082426752402645,15161.0,3.28
448.999551,2.5371280552603612,0.9443622983664469,15056.0,3.28
449.1995508,,390.6223219301481,61306.0,3.2460732984293195
449.3995506,,388.3888120311057,14945.0,3.323232323232323
449.5995504,3.4985060752938053,2.34034718856008,15061.0,3.323232323232323
449.7995502,2.933002813881817,3.1035063184546887,14926.0,3.323232323232323
449.99955,5.179840848806366,6.661021228241241,15080.0,3.29
450.1995498,2.8566083121742616,3.1257436518733654,14966.0,3.323232323232323
450.3995496,2.874793524942187,1.4152458250628546,15135.0,3.323232323232323
450.5995494,3.1236155063291138,1.5632643881287582,15168.0,3.28
450.7995492,3.2158755698578707,2.92310508937078,14916.0,3.29
450.999549,,387.10647912219883,61220.0,3.263157894736842
451.1995488,,387.72384763949526,14853.0,3.323232323232323
451.3995486,2.4861982857528515,1.8546682933442062,14817.0,3.323232323232323
451.5995484,2.5059045819555976,0.46035430459925847,14819.0,3.323232323232323
451.7995482,2.468819524034248,0.026517044855974375,14833.0,3.323232323232323
451.999548,2.7929105734887796,1.6304100948963491,14839.0,3.323232323232323
452.1995478,3.3428208725863566,1.112570158646253,14967.0,3.313131313131313
452.3995476,3.0960856473737035,3.4010114728885057,14945.0,3.28
452.59954739999995,2.477385253579553,1.8462513883227132,14946.0,3.313131313131313
452.79954719999995,3.319682069244241,1.394288388583444,14846.0,3.323232323232323
452.99954699999995,2.54456720666983,1.6350285056014122,14753.0,3.323232323232323
453.19954679999995,,388.91213735853364,61005.0,3.263157894736842
453.39954659999995,2.5485100882001603,1.779869819270385,61111.0,3.263157894736842
453.59954639999995,,390.1457593404911,14881.0,3.313131313131313
453.79954619999995,,391.4929038220577,60966.0,3.2804232804232805
453.99954599999995,,390.23218310541614,14766.0,3.323232323232323
454.19954579999995,2.649682832003274,1.8626556481378838,14661.0,3.323232323232323
454.39954559999995,2.5452066003000136,1.2499565160830963,14666.0,3.323232323232323
454.59954539999995,2.4888737201365188,0.45915722726018904,14650.0,3.323232323232323
454.79954519999995,2.503910234614077,0.6246816415839885,14705.0,3.323232323232323
454.99954499999996,2.51207498118629,0.8329274569449272,14617.0,3.323232323232323
455.19954479999996,2.759779576841962,0.9556126656170313,14699.0,3.323232323232323
455.39954459999996,2.597197660182288,0.2351947495219549,14702.0,3.323232323232323
455.59954439999996,2.762796079499047,0.346401327703812,14692.0,3.323232323232323
455.79954419999996,2.4486751583679585,0.2936161826495218,14681.0,3.323232323232323
455.99954399999996,2.5549125076598354,0.5562804188548837,14687.0,3.357142857142857
456.19954379999996,2.5163514712910495,0.5441138572909107,14647.0,3.323232323232323
456.39954359999996,2.5004786652078774,1.1765991989726452,14624.0,3.323232323232323
456.59954339999996,2.486340663843737,0.552724090706451,14642.0,3.323232323232323
456.79954319999996,2.521730217302173,0.7107099639152339,14634.0,3.323232323232323
456.99954299999996,2.525300875273523,0.6709137174956954,14624.0,3.323232323232323
457.19954279999996,2.5491372843210804,0.5694650582457617,14663.0,3.323232323232323
457.39954259999996,2.5040394358482816,0.7490926421968906,14606.0,3.357142857142857
457.59954239999996,2.5419496467037113,0.25325597309253045,14577.0,3.323232323232323
457.79954219999996,2.467896221870484,0.8402919285352165,14531.0,3.357142857142857
457.99954199999996,2.494862423281153,0.2981348177310364,14501.0,3.357142857142857
458.19954179999996,2.5524740210584267,1.0770469142917056,14531.0,3.357142857142857
458.39954159999996,2.703280147914812,0.3939468441461999,14603.0,3.357142857142857
458.59954139999996,2.7106046259975654,2.279174520265916,14786.0,3.323232323232323
458.79954119999996,2.7483371793131535,2.4954952676331237,14734.0,3.357142857142857
458.99954099999997,2.706295121786654,0.8146294653468747,14821.0,3.357142857142857
459.19954079999997,2.700209501926066,0.3663738694172405,14797.0,3.357142857142857
459.39954059999997,2.653377110694184,1.323926256309105,14924.0,3.323232323232323
459.59954039999997,10.627687296416939,13.180495799411647,15350.0,3.292929292929293
459.79954019999997,22.580786307187438,64.17755237959851,15541.0,2.6814159292035398
459.99953999999997,22.760734396996714,59.40224962953447,17048.0,2.411290322580645
460.19953979999997,,208.28042565470264,36408.0,3.3902439024390243
460.39953959999997,4.004381829275057,11.606144565267156,36058.0,3.5414012738853504
460.59953939999997,3.172115546100879,7.150127837889541,35726.0,3.6493506493506493
460.79953919999997,2.340754674602729,2.3964965636933018,35618.0,3.633986928104575
460.99953899999997,2.46521031055203,0.22621179627793106,35614.0,3.633986928104575
461.19953879999997,4.4521682956971125,37.25576194108745,35604.0,2.949044585987261
461.39953859999997,,173.2886441350025,17142.0,3.074074074074074
461.5995384,4.154097764855534,21.69027980510192,16509.0,3.0952380952380953
461.7995382,3.6160083543215187,7.814956092543948,16279.0,3.105769230769231
461.999538,11.342726289676229,57.75127414908632,15721.0,3.2115384615384617
462.1995378,6.144439493284104,17.206876797857902,15709.0,3.2941176470588234
462.3995376,2.8275004781028876,2.284732650963021,15687.0,3.3366336633663365
462.5995374,11.378375318426267,26.186500088825223,17665.0,3.3076923076923075
462.7995372,,163.82271026798804,37413.0,3.5253164556962027
462.999537,3.829648335706418,6.480648344060814,37223.0,3.664473684210526
463.1995368,,172.44564932760505,17633.0,3.295238095238095
463.3995366,,174.63746037448288,37024.0,3.6821192052980134
463.5995364,,171.8945144821102,17929.0,3.3461538461538463
463.7995362,,172.1428891079772,37542.0,3.6821192052980134
463.999536,,200.52148917574792,19834.0,2.9
464.1995358,6.780705957514774,24.540825185272443,18783.0,3.205357142857143
464.3995356,3.756421661292116,13.047596131815991,17986.0,3.311926605504587
464.5995354,,178.65537575893103,36677.0,3.0460526315789473
464.7995352,,168.73746106677186,17873.0,3.4285714285714284
464.999535,,171.11247093929381,37806.0,3.6754966887417218
465.1995348,,172.06972011179644,17866.0,3.4339622641509435
465.3995346,20.164022558372423,46.52663991978116,18973.0,2.635658914728682
465.5995344,7.149803340363678,45.70539330094527,17543.0,2.9304347826086956
465.7995342,3.9941863845125285,5.691313222375164,17201.0,2.9910714285714284
465.999534,15.985690633869442,62.18592868522615,16912.0,2.7787610619469025
466.1995338,5.568632293917876,11.38867914655704,16195.0,2.732142857142857
466.3995336,2.9653905053598777,1.8214422882749746,16325.0,2.7410714285714284
466.5995334,2.8707865168539324,1.5632397735317993,16198.0,2.7567567567567566
466.7995332,3.9903863930486225,1.820786617583248,16227.0,2.7837837837837838
466.999533,,193.01692117977956,34714.0,3.5641025641025643
467.1995328,2.2739608585112046,37.84114665087791,33826.0,2.949044585987261
467.3995326,,180.60260922321487,15944.0,2.809090909090909
467.5995324,,190.42203841602148,34738.0,3.5641025641025643
467.7995322,,210.0800047728763,17425.0,2.6440677966101696
467.999532,7.725689574567555,20.55562135864003,17112.0,2.8660714285714284
468.1995318,,171.61318192691306,36318.0,2.930379746835443
468.3995316,6.7678349288766295,20.54553709388966,36978.0,2.7176470588235295
468.5995314,,150.44438077367124,17503.0,2.9285714285714284
468.7995312,3.1796901893287437,3.454578348775607,17430.0,3.018348623853211
468.999531,,183.01300451489314,36334.0,3.5961538461538463
469.1995308,,181.45490641235128,17558.0,3.0555555555555554
469.3995306,2.624440105662111,1.8891339678388634,17414.0,3.0462962962962963
469.5995304,2.419045431049337,1.3961507195943959,17411.0,3.0275229357798166
469.7995302,2.355289650808261,0.9858775918502635,17383.0,3.0462962962962963
469.99953,2.677907379605035,0.6905590277756556,17318.0,3.018348623853211
470.1995298,16.929675675675675,69.10374235351915,18500.0,2.743801652892562
470.3995296,14.368267343323598,26.891244853412903,20887.0,2.808
470.5995294,6.75106048329441,18.975267127792986,20981.0,3.008403361344538
470.7995292,8.206328919789376,30.379450814988576,19561.0,3.533980582524272
470.999529,5.719593374271118,22.374050715260452,19379.0,3.7
471.1995288,,163.6539130910445,39992.0,3.820689655172414
471.3995286,8.432001351286134,40.614137993884725,41442.0,2.9240506329113924
471.5995284,,163.85112269385607,21600.0,3.2389380530973453
471.7995282,,164.7971253673623,41012.0,2.8580246913580245
471.999528,3.0392029726427094,14.15785566602205,40099.0,2.9182389937106916
472.1995278,,163.29497938297447,21336.0,3.2363636363636363
472.3995276,,164.89236200501023,40102.0,2.967948717948718
472.5995274,,202.27639408908604,22761.0,3.2051282051282053
472.7995272,,172.43668091036267,42237.0,3.4049079754601226
472.999527,,330.74313482725466,19099.0,1.7258064516129032
473.1995268,,296.614904470498,39151.0,3.5864197530864197
473.3995266,,325.6137757616038,14164.0,1.7102803738317758
473.5995264,2.876952845062348,5.8592753209279556,13954.0,1.7102803738317758
473.7995262,,337.24042842803834,38042.0,3.7070063694267517
473.999526,,330.5962188290334,13724.0,1.7333333333333334
474.1995258,,335.0188800126338,37823.0,3.761290322580645
474.3995256,,331.5269668395125,13577.0,1.75
474.5995254,2.3226997489292573,0.8728956940278466,13542.0,1.7403846153846154
474.79952519999995,2.3132192387134847,0.6337572999816323,13556.0,1.7403846153846154
474.99952499999995,2.3372308147709613,0.32159613099666273,13513.0,1.7403846153846154
475.19952479999995,2.3320497630331753,0.756525902889629,13504.0,1.75
475.39952459999995,,2.572952149722425,13285.0,1.7475728155339805
475.59952439999995,,2.465237649152182,13478.0,1.7403846153846154
475.79952419999995,,332.2739933775113,37653.0,3.7548387096774194
475.99952399999995,2.369683402622322,1.3041354517404269,37524.0,3.779220779220779
476.19952379999995,,332.77806173743835,13433.0,1.766990291262136
476.39952359999995,2.7291666666666665,3.0410281297792987,13536.0,1.7403846153846154
476.59952339999995,,285.2906081610857,40989.0,3.3448275862068964
476.79952319999995,,256.41680172858685,16119.0,3.933333333333333
476.99952299999995,,283.20203029835534,37120.0,3.9863013698630136
477.19952279999995,7.08461581353853,2.4896024811024113,35868.0,4.041666666666667
477.39952259999995,4.997552496175775,0.9776774269875922,35955.0,4.0137931034482754
477.59952239999996,8.390449060761602,19.11353111783046,37211.0,3.88
477.79952219999996,3.638195624468989,2.13021105752123,37664.0,3.88
477.99952199999996,10.370607278993264,13.943232655919218,38302.0,3.803921568627451
478.19952179999996,5.2379815799714615,2.8909250836853215,38545.0,3.7857142857142856
478.39952159999996,8.086902156924038,15.491914691800453,38388.0,3.810457516339869
478.59952139999996,3.8835195311477984,2.6960306313518574,38221.0,3.803921568627451
478.79952119999996,,253.6392927142895,15799.0,3.9223300970873787
478.99952099999996,,254.29060423033036,38563.0,3.803921568627451
479.19952079999996,2.7640113350125946,6.900344124660521,38112.0,3.8289473684210527
479.39952059999996,,237.8557790629883,15582.0,3.9504950495049505
479.59952039999996,,242.7711479245651,37820.0,3.8543046357615895
479.79952019999996,2.315061976372334,1.0489342387067468,37837.0,3.8543046357615895
479.99951999999996,2.3016610769271395,0.9377527545457891,37867.0,3.8543046357615895
480.19951979999996,2.3401961043423105,0.5846125349967973,37837.0,3.8609271523178808
480.39951959999996,,240.5402241062587,15498.0,3.98
480.59951939999996,2.6417320282621377,0.9095229663600464,15427.0,3.98
480.79951919999996,3.653047904973241,0.8787662460669522,15322.0,3.98
480.99951899999996,,239.72103166328037,37763.0,3.8543046357615895
481.19951879999996,2.455388517530186,0.7793033784507668,37849.0,3.88
481.39951859999996,2.37635998732439,0.9917020803404405,37868.0,3.8543046357615895
481.59951839999997,,238.08362484996871,15456.0,3.99
481.79951819999997,,241.83423408616216,37569.0,3.8866666666666667
481.99951799999997,2.3268957604895104,18.045595297506686,36608.0,3.88
482.19951779999997,2.336389243197279,18.271623012283168,37632.0,3.88
482.39951759999997,2.354530495249217,0.6223988995739292,37678.0,3.88
482.59951739999997,2.3934669243190303,1.3350540229911554,37777.0,3.8866666666666667
482.79951719999997,2.2728233305156382,0.22276910094022404,37856.0,3.88
482.99951699999997,2.295610117081164,0.3648117944429401,37837.0,3.88
483.19951679999997,,237.97406335547396,15356.0,3.98
483.39951659999997,,240.2153005838138,37670.0,3.88
483.59951639999997,,237.90897228849488,15313.0,3.98
483.79951619999997,2.4901343821697806,0.1438927008210483,15255.0,3.98
483.99951599999997,2.558046279253221,0.6717710922604623,15212.0,3.98
484.1995158,2.506252864532181,0.2446106308529701,15273.0,4.02020202020202
484.3995156,,238.19558619492733,37615.0,3.88
484.5995154,,238.49206685513232,15148.0,3.98
484.7995152,2.720888830278254,2.2143442983881685,15166.0,3.98
484.999515,,237.96181790309532,37591.0,3.88
485.1995148,,241.92237951417627,15437.0,3.98
485.3995146,,239.12487764132186,37674.0,3.8609271523178808
485.5995144,2.5916635633345746,3.051532882559226,37594.0,3.8733333333333335
485.7995142,2.354637526652452,1.3262942875058887,37520.0,3.8866666666666667
485.999514,2.4058380916804527,2.0624475917134037,37478.0,3.88
486.1995138,,237.7747277805848,15156.0,3.98
486.3995136,2.7400499146197292,4.523363784764376,15226.0,3.98
486.5995134,3.2259218313064966,2.032210590976299,15377.0,3.97
486.7995132,3.052514696276943,1.1431560216299235,15310.0,3.98
486.999513,3.355854661185519,5.876461159867225,15082.0,4.02020202020202
487.1995128,,238.20041424760475,36408.0,3.88
487.3995126,,238.50067044635173,15133.0,4.02020202020202
487.5995124,2.8495049504950494,1.4093332129699505,15150.0,4.02020202020202
487.7995122,,236.4864590058081,36617.0,3.88
487.999512,,237.37534625142777,15079.0,4.02020202020202
488.1995118,3.0311559804773687,2.862183543038379,14957.0,3.98
488.3995116,,238.2552199205714,36335.0,3.88
488.5995114,2.2601525900147235,16.6695536654478,37355.0,3.8609271523178808
488.7995112,2.282483311081442,0.33124491870623257,37450.0,3.88
488.999511,2.5882320729403387,17.036095466340104,36523.0,3.8733333333333335
489.1995108,2.359169588080631,0.5482945240801715,36512.0,3.8666666666666667
489.3995106,2.541421096116772,2.4064632833043675,36310.0,3.88
489.5995104,2.3241708192680703,17.395131228989353,37326.0,3.88
489.7995102,2.349333902875297,1.325299255646449,37457.0,3.88
489.99951,2.674328175353557,1.1372414328443288,37547.0,3.88
490.1995098,,238.00602029024068,15168.0,4.02020202020202
490.3995096,,236.16670609039613,37652.0,3.8866666666666667
490.5995094,2.38777301870228,2.137753788198456,37589.0,3.8866666666666667
490.7995092,2.506494892107439,1.1697221451146675,37491.0,3.88
490.999509,2.2863960504662644,18.006266521698,36460.0,3.8866666666666667
491.1995088,2.326248869500452,19.041465419014447,37594.0,3.8866666666666667
491.3995086,2.3319026418917117,1.324950402840727,37511.0,3.88
491.5995084,2.623155018617235,3.0589227331128033,37331.0,3.88
491.7995082,2.2969904680304167,1.88532988327,37348.0,3.88
491.999508,,235.51060749184478,15051.0,4.02020202020202
492.1995078,,234.9849743300314,37442.0,3.88
492.3995076,2.358733630277652,0.5832245836909269,37493.0,3.8866666666666667
492.5995074,2.6005576856047403,2.8607333725137765,37297.0,3.88
492.7995072,2.3629074477171907,16.90628864487047,36293.0,3.88
492.999507,2.292991349385641,0.7964273902269878,36298.0,3.88
493.1995068,,389.6755920941825,12017.0,1.9898989898989898
493.3995066,,388.9401032794447,36349.0,3.8733333333333335
493.5995064,2.3396605268794173,18.015132387499225,37352.0,3.88
493.7995062,2.5530947413470284,1.9009918691848606,37386.0,3.88
493.999506,2.6038832879927454,1.8453619103386028,37494.0,3.88
494.1995058,2.9285983117371903,4.628486115860969,37198.0,3.88
494.3995056,2.2912118855426535,0.9991684044493038,37289.0,3.88
494.5995054,2.3384998393832315,0.8222999065282138,37356.0,3.8733333333333335
494.7995052,2.2889649455867804,0.4806779680059452,37399.0,3.88
494.999505,,236.7223906941796,14874.0,4.02020202020202
495.1995048,2.621337240277038,4.746529567959702,15016.0,4.02020202020202
495.3995046,2.7723364234851537,1.671444846222577,14886.0,4.0
495.5995044,2.738049074012168,5.556516524332935,14957.0,4.02020202020202
495.7995042,,240.61038511885232,37287.0,3.8866666666666667
495.999504,2.3607605134539984,1.6293935047231167,37238.0,3.88
496.1995038,2.3383661661385866,18.083232169534693,36295.0,3.8866666666666667
496.3995036,2.5820216297248098,17.834785523321564,37356.0,3.88
496.5995034,2.400154202004626,17.967699280754974,36316.0,3.9060402684563758
496.79950319999995,,233.37244366152348,14814.0,4.01010101010101
496.99950299999995,,233.58720505507304,37219.0,3.88
497.19950279999995,2.382336716681377,17.496297835916593,36256.0,3.88
497.39950259999995,2.2796407988205334,17.570304664806734,37305.0,3.88
497.59950239999995,2.2793183827666588,0.4607772620416982,37323.0,3.9060402684563758
497.79950219999995,,238.78410694174534,14900.0,4.051020408163265
497.99950199999995,,238.27718315723348,37291.0,3.9060402684563758
498.19950179999995,2.4867901201386835,1.6150346605974948,37207.0,3.8866666666666667
498.39950159999995,2.447888613594743,1.0260311049729811,37132.0,3.88
498.59950139999995,,232.85560124920434,14765.0,4.01010101010101
498.79950119999995,,233.04732049518364,37128.0,3.88
498.99950099999995,2.361306113666317,0.4075268129609261,37179.0,3.88
499.19950079999995,,233.9699685277066,14882.0,4.061224489795919
499.39950059999995,,231.31940211190943,37344.0,3.912751677852349
499.59950039999995,2.2935453695042094,1.0639451978875212,37415.0,3.912751677852349
499.79950019999995,2.6039322070317747,2.6149955765375688,37231.0,3.8866666666666667
499.99949999999995,2.3626835511248823,1.1768063456728175,37115.0,3.88
500.19949979999996,2.33655731979259,0.6391823503346042,37221.0,3.9060402684563758
500.39949959999996,2.3076675430595053,0.9226655461320434,37274.0,3.88
500.59949939999996,2.372847664329653,0.3898081286542808,37227.0,3.9060402684563758
500.79949919999996,2.2891275167785237,0.5484915476849825,37250.0,3.8993288590604025
500.99949899999996,2.284423693225771,18.284929042286983,36196.0,3.9060402684563758
501.19949879999996,2.586775090947999,17.455182711101735,37384.0,3.9060402684563758
501.39949859999996,2.3452801885781636,1.0496757890942052,37332.0,3.9060402684563758
501.59949839999996,2.291036586997832,0.9486047034516968,37363.0,3.912751677852349
501.79949819999996,2.6212781995369623,1.8581160122489517,37146.0,3.912751677852349
501.99949799999996,2.3021989867414034,0.5763581840648336,37108.0,3.88
502.19949779999996,2.3422856681990485,1.2687154810816317,37197.0,3.9060402684563758
502.39949759999996,2.589294835605022,0.6372428526607883,37197.0,3.9060402684563758
502.59949739999996,2.334851082065567,1.0142383157251902,37336.0,3.9060402684563758
502.79949719999996,,236.20522940209165,14979.0,4.051020408163265
502.99949699999996,,235.71395986132785,37354.0,3.912751677852349
503.19949679999996,2.425417484604835,1.4392410204437243,37187.0,3.939189189189189
503.39949659999996,2.541549827437446,1.61635586526669,37088.0,3.9060402684563758
503.59949639999996,2.400199600798403,0.09111974764343427,37074.0,3.912751677852349
503.79949619999996,2.2641962647090574,0.6495454965786044,37052.0,3.9060402684563758
503.99949599999997,2.4047100572626823,1.3321244414372462,37197.0,3.8866666666666667
504.19949579999997,2.4617946445357615,0.49350660435303567,37233.0,3.9060402684563758
504.39949559999997,2.416058981233244,1.7280096521396335,37300.0,3.912751677852349
504.59949539999997,2.3137118371719336,0.455888578743758,37340.0,3.9060402684563758
504.79949519999997,2.3468293336908435,0.6726173257180963,37295.0,3.9060402684563758
504.99949499999997,2.444504339388712,1.8796314633098896,37102.0,3.9324324324324325
505.19949479999997,2.3302428375064013,1.2872533465035738,37103.0,3.9060402684563758
505.39949459999997,,232.60437713850754,14754.0,4.061224489795919
505.59949439999997,,232.1245357438667,37111.0,3.9060402684563758
505.79949419999997,,392.9460783752635,11905.0,2.0408163265306123
505.99949399999997,,392.78039322727784,37192.0,3.9060402684563758
506.19949379999997,,233.18845258404238,14884.0,4.061224489795919
506.39949359999997,3.1941734598423093,2.830662201652965,14966.0,4.061224489795919
506.5994934,2.9364266954003635,5.058766326426892,14849.0,4.061224489795919
506.7994932,2.450365160941304,3.924392008369041,14788.0,4.061224489795919
506.999493,,232.35096261742,37281.0,3.8866666666666667
507.1994928,2.3220316304958657,0.8457164953270447,37369.0,3.9060402684563758
507.3994926,,227.2834250941319,14720.0,4.061224489795919
507.5994924,,226.4633247257079,37394.0,3.912751677852349
507.7994922,2.433501909937053,2.7710550601001556,37174.0,3.9060402684563758
507.999492,2.577932841407336,2.7889526328681673,37404.0,3.9060402684563758
508.1994918,2.638922558922559,2.857302924578269,37125.0,3.9060402684563758
508.3994916,2.3459682419863586,1.2585235363292828,37093.0,3.9060402684563758
508.5994914,2.3085598923283985,0.426860123895882,37150.0,3.9060402684563758
508.7994912,,230.67534053936646,14699.0,4.061224489795919
508.999491,,230.3471994344191,37198.0,3.8993288590604025
509.1994908,2.4471656059507505,0.8473271727002889,37239.0,3.939189189189189
509.3994906,,229.1336707718517,14724.0,4.051020408163265
509.5994904,,230.90119648831967,37119.0,3.9060402684563758
509.7994902,2.2582297592407863,1.843945437391274,37091.0,3.8993288590604025
509.99949,,232.0320808125375,14695.0,4.061224489795919
510.1994898,2.6060975609756096,2.071764445461219,14760.0,4.02020202020202
510.3994896,,230.69417976355567,37303.0,3.9324324324324325
510.5994894,,230.47424987716028,14843.0,4.061224489795919
510.7994892,2.614883215643672,0.5784161629439404,14728.0,4.061224489795919
510.999489,,233.26475878932405,37067.0,3.9060402684563758
511.1994888,2.3697746592902442,0.2693637353011994,37055.0,3.8993288590604025
511.3994886,2.2920129519697787,1.0152030445737068,37060.0,3.912751677852349
511.5994884,2.380440637793579,1.8177892857397921,37128.0,3.9060402684563758
511.7994882,,235.26149711916457,14812.0,4.061224489795919
511.999488,,233.66684378844243,37362.0,3.9324324324324325
512.1994877999999,2.3190437818963203,1.3244173799091132,37230.0,3.9324324324324325
512.3994875999999,,228.17808434065256,14706.0,4.051020408163265
512.5994873999999,,229.85682731368863,37155.0,3.9324324324324325
512.7994871999999,2.6575386511615444,2.8913409040738167,37321.0,3.9060402684563758
512.9994869999999,2.403407411388493,1.97501540528882,37213.0,3.9324324324324325
513.1994867999999,2.2829889140027984,0.3638152389484663,37164.0,3.912751677852349
513.3994865999999,2.500160840660519,2.00369151675774,37304.0,3.939189189189189
513.5994863999999,2.545593931568754,2.016068942283236,37176.0,3.9324324324324325
513.7994861999999,2.6099541690118198,2.4044456946457293,37311.0,3.9060402684563758
513.9994859999999,2.4291304813980914,0.5982898901629405,37308.0,3.9060402684563758
514.1994857999999,2.6904267651578464,2.217883945346456,37093.0,3.912751677852349
514.3994855999999,2.520297991794429,0.8902227739755432,37048.0,3.9060402684563758
514.5994853999999,2.320331032995471,1.3440251427103502,37096.0,3.9060402684563758
514.7994851999999,2.503541896732836,1.5324095488572198,37127.0,3.9060402684563758
514.9994849999999,2.5242231695219712,2.6836336044143683,37299.0,3.9324324324324325
515.1994847999999,2.4985200731891077,2.0305386620722006,37164.0,3.925675675675676
515.3994845999999,2.2922573307071326,17.87651878356625,36047.0,3.9060402684563758
515.5994843999999,2.375398584013403,18.464595052898197,37006.0,3.9324324324324325
515.7994841999999,2.294995278564684,0.5323059147472756,37065.0,3.9060402684563758
515.9994839999999,2.2897183667969276,0.8014819632773009,37105.0,3.912751677852349
516.1994837999999,2.6212466793678053,1.8999347866706253,37267.0,3.9324324324324325
516.3994835999999,2.3063084801201104,0.5366717886491471,37299.0,3.9060402684563758
516.5994833999999,2.5664207140733533,3.0323361131115947,36999.0,3.9060402684563758
516.7994831999999,2.3706386313883407,0.940075906944742,37001.0,3.9324324324324325
516.9994829999999,2.27742706971829,18.56087878988061,35959.0,3.939189189189189
517.1994827999999,,231.69491559849303,14521.0,4.040816326530612
517.3994825999999,,231.27809305893558,35968.0,3.9060402684563758
517.5994823999999,2.282245008094981,18.149228210702503,37060.0,3.8993288590604025
517.7994821999999,2.334322399654726,0.2609728811647909,37072.0,3.9060402684563758
517.999482,2.6328099795676954,1.6563937068360166,37196.0,3.925675675675676
518.1994818,2.282575961279914,0.8481118725033324,37190.0,3.8993288590604025
518.3994816,2.278195286918246,0.5826985617364805,37258.0,3.9060402684563758
518.5994814,2.7008369330453563,2.9562218581074196,37040.0,3.9060402684563758
518.7994812,2.3740937390507506,0.27844970437510624,37103.0,3.9060402684563758
518.999481,2.408198536361427,0.3541098640139546,37031.0,3.9060402684563758
519.1994808,2.3559043227354852,0.3992966076842214,37083.0,3.9060402684563758
519.3994806,2.3329466044302944,0.22816231596878064,37063.0,3.9324324324324325
519.5994804,2.589497321573508,2.351358123054044,36962.0,3.9324324324324325
519.7994802,2.344903089773741,1.1109551477948982,36993.0,3.912751677852349
519.99948,2.278860975148057,0.312222878053892,36979.0,3.912751677852349
520.1994798,2.3140009439462506,17.86742582097187,36019.0,3.9060402684563758
520.3994796,2.332523288780883,18.104302152997022,37035.0,3.9060402684563758
520.5994794,,234.29088857958374,14921.0,4.061224489795919
520.7994792,,234.30045964325137,36972.0,3.9060402684563758
520.999479,2.2972739774044815,0.7765548745717102,37087.0,3.9060402684563758
521.1994788,2.26379175330111,1.0237408646216477,37033.0,3.9324324324324325
521.3994786,2.3332884460005388,1.9339142828956106,37130.0,3.939189189189189
521.5994784,,229.19209152107095,14579.0,4.103092783505154
521.7994782,,229.03189123846036,37061.0,3.9060402684563758
521.999478,2.495016521315205,0.8953816306633676,36922.0,3.9060402684563758
522.1994778,2.305108070913948,0.9067743275889425,37059.0,3.9060402684563758
522.3994776,2.3700946678533863,0.24263087778035475,37077.0,3.939189189189189
522.5994774,2.2816319922286086,0.6400672552104996,37059.0,3.9060402684563758
522.7994772,2.4492631921118213,2.3404156977462267,36916.0,3.939189189189189
522.999477,2.3137960907466564,0.22473006040028884,36938.0,3.9060402684563758
523.1994768,2.4421370587124787,2.174394391703078,37079.0,3.939189189189189
523.3994766,2.471666441045079,1.5731724291088973,36935.0,3.9324324324324325
523.5994764,2.3481147607352026,0.4611010621661515,37051.0,3.9324324324324325
523.7994762,2.3589008492454155,0.3098228651948096,36974.0,3.9324324324324325
523.999476,2.323778906418846,0.48033306278244847,37016.0,3.912751677852349
524.1994758,2.338777060387391,2.101876498711116,36862.0,3.9324324324324325
524.3994756,2.3884413688706276,2.6038987276113263,36994.0,3.9324324324324325
524.5994754,2.3245789787187956,2.0173624816187923,36934.0,3.9060402684563758
524.7994752,2.3218313096622407,1.429614105131243,36979.0,3.9324324324324325
524.999475,2.711344096164731,2.2451975227576466,37103.0,3.9324324324324325
525.1994748,2.301446230912176,1.5199715142274544,37131.0,3.9324324324324325
525.3994746,2.4017392237908637,2.122097442591318,37258.0,3.9324324324324325
525.5994744,,231.3401806274565,14716.0,4.103092783505154
525.7994742,,232.08056021677598,37226.0,3.9324324324324325
525.999474,2.8188454778964447,3.023849797728895,36985.0,3.939189189189189
526.1994738,2.336245131977499,0.12278874632730828,36976.0,3.9324324324324325
526.3994736,2.6486515612791983,2.448526112622372,37117.0,3.9060402684563758
526.5994734,2.989402697495183,2.4408558159297704,37368.0,3.9324324324324325
526.7994732,2.3341753782483674,1.0768601073553892,37211.0,3.9324324324324325
526.999473,2.5770227235925947,2.3676914353096876,37054.0,3.9324324324324325
527.1994728,2.3403128630481183,1.65909728909571,37013.0,3.912751677852349
527.3994726,2.2799447797959016,0.20309380582451858,36943.0,3.939189189189189
527.5994724,,228.56702430525084,14453.0,4.103092783505154
527.7994722,,228.72675671200847,36878.0,3.8993288590604025
527.999472,2.3157055181550272,0.5572693449867623,36987.0,3.9324324324324325
528.1994718,2.407258608137622,0.712249002598301,37087.0,3.9060402684563758
528.3994716,2.4840712523384756,1.889476091866542,36883.0,3.918918918918919
528.5994714,2.3633503309102744,0.7844142401239992,36868.0,3.9324324324324325
528.7994712,2.29394391003929,0.9602238961646192,36905.0,3.9324324324324325
528.999471,,229.0437508865286,14566.0,4.061224489795919
529.1994708,,226.86344919228372,37076.0,3.9324324324324325
529.3994706,2.613239001382451,2.80953649700514,36891.0,3.925675675675676
529.5994704,2.3184663324752743,0.42656934268340047,36905.0,3.9324324324324325
529.7994702,2.287308379827745,0.285868099527158,36922.0,3.9324324324324325
529.99947,2.2620710187290247,0.3360882827620586,36948.0,3.9324324324324325
530.1994698,2.2713378216961666,1.13590092121883,36836.0,3.9324324324324325
530.3994696,2.3920060658578857,0.7617427933894769,36928.0,3.9324324324324325
530.5994694,2.6622349014963937,2.929830785105509,37156.0,3.9324324324324325
530.7994692,2.2481637924076514,0.8261692356386711,37169.0,3.9324324324324325
530.999469,2.318513316406461,1.6130043805720915,37022.0,3.939189189189189
531.1994688,2.55710911410963,3.783288225378897,36833.0,3.9324324324324325
531.3994686,2.3552128783977886,0.6136251034094262,36899.0,3.925675675675676
531.5994684,2.3533311684797313,0.5953742305327996,36954.0,3.9324324324324325
531.7994682,2.45893550474547,1.703951793612129,37088.0,3.9324324324324325
531.999468,2.3821074525269443,1.630864422259346,37021.0,3.9324324324324325
532.1994678,2.335346695557963,0.8871696418392828,36920.0,3.9324324324324325
532.3994676,2.500148323939484,2.2085740143171706,37081.0,3.9324324324324325
532.5994674,2.430011107198006,2.3192977734517597,36913.0,3.9324324324324325
532.7994672,2.3588932164881533,1.1432328280535333,36972.0,3.9324324324324325
532.999467,2.4440556595329155,1.5457562169760877,36867.0,3.939189189189189
533.1994668,,228.74033652835746,14399.0,4.061224489795919
533.3994666,,228.81330331859715,36911.0,3.9324324324324325
533.5994664,2.5475541209861428,20.3685172872248,35938.0,3.9324324324324325
533.7994662,2.3054566062176165,18.1094551676551,37056.0,3.9324324324324325
533.999466,2.328321886323076,1.2175947959990374,36982.0,3.9324324324324325
534.1994658,2.3244875301253756,0.8988277886577394,36929.0,3.9324324324324325
534.3994656,2.3819189695932175,1.6880805430701527,36801.0,3.939189189189189
534.5994654,2.493258396606231,2.168575660326777,37009.0,3.925675675675676
534.7994652,2.5509035172636336,2.9056025241237413,37188.0,3.939189189189189
534.999465,,228.27596994940484,14703.0,4.11340206185567
535.1994648,,231.16997399189117,36939.0,3.939189189189189
535.3994646,2.2638964134792503,1.270315786432121,36916.0,3.9324324324324325
535.5994644,2.3211532740107645,0.4584438028385685,36973.0,3.9324324324324325
535.7994642,2.926561078709401,5.543350656135459,37378.0,3.9060402684563758
535.999464,2.353690180028355,1.095759882685387,37383.0,3.912751677852349
536.1994638,2.516370893791467,4.692162418976941,37078.0,3.912751677852349
536.3994636,2.5000670474964464,2.6898780423246933,37287.0,3.9060402684563758
536.5994634,2.5236501983216857,3.42639016669954,37061.0,3.9324324324324325
536.7994632,2.298336264033545,0.9583367634068566,36965.0,3.9324324324324325
536.999463,2.2752313495617247,0.7714501434598534,36849.0,3.9324324324324325
537.1994628,2.2881167439715733,1.450256342522671,36867.0,3.9324324324324325
537.3994626,2.306859694222703,1.0717513893282966,36955.0,3.9324324324324325
537.5994624,2.637227200559727,3.115698234667614,37161.0,3.9324324324324325
537.7994622,2.2772303881979217,0.14330537359195372,37146.0,3.939189189189189
537.999462,2.2964597008501024,0.6375404815210604,37172.0,3.9324324324324325
538.1994618,2.30364274150027,1.0243933794962297,37060.0,3.9324324324324325
538.3994616,2.293599069742286,0.9415936229213001,36979.0,3.9324324324324325
538.5994614,2.3995398565435107,0.46418682081823526,36945.0,3.9324324324324325
538.7994612,2.4585379012678716,0.9829283438575342,37070.0,3.9324324324324325
538.999461,2.319577915960053,1.2804289834863751,37149.0,3.9324324324324325
539.1994608,2.3281503515413737,1.4278968316390352,36980.0,3.9324324324324325
539.3994606,2.5212360395189,1.7795769111921231,37248.0,3.939189189189189
539.5994604,2.37437707081863,2.639828551379008,37123.0,3.918918918918919
539.7994602,2.3386726452553956,0.8355156065329152,37021.0,3.939189189189189
539.99946,2.3142182538605587,1.102174013837338,36847.0,3.9324324324324325
540.1994598,2.31531945985441,0.8460594050893581,36953.0,3.9324324324324325
540.3994596,2.491860810409524,2.0051351951485086,37043.0,3.939189189189189
540.5994594,2.3717809997835966,2.257671155980894,36968.0,3.9324324324324325
540.7994592,2.3483526606697733,0.6882492915834684,36908.0,3.9324324324324325
540.999459,2.263788383879448,0.22790189913877623,36897.0,3.9324324324324325
541.1994588,2.332115899683467,0.6670215198214523,36963.0,3.925675675675676
541.3994586,2.2775089872151795,0.3139469816360305,36997.0,3.9324324324324325
541.5994584,,228.21010259497095,14552.0,4.103092783505154
541.7994582,,224.68073819666398,37247.0,3.9324324324324325
541.999458,2.4400205705624427,3.1847471065745556,36946.0,3.9324324324324325
542.1994578,2.478862640758956,2.6058839134879737,37209.0,3.9324324324324325
542.3994576,2.30586174370031,0.4292981855295521,37105.0,3.9324324324324325
542.5994574,2.4494078200205505,2.7489524189417023,36982.0,3.939189189189189
542.7994572,2.376999755547709,2.5035427651625444,36817.0,3.9324324324324325
542.999457,2.3024895590388894,0.9292837193470329,36874.0,3.9324324324324325
543.1994568,2.288409484625379,1.1812977509703517,36944.0,3.9324324324324325
543.3994566,2.2968551074030934,0.20006360082756738,36917.0,3.925675675675676
543.5994564,2.293192157712305,0.2047811295231637,36928.0,3.9324324324324325
543.7994562,2.523460450074114,2.714865409416856,37105.0,3.9324324324324325
543.999456,2.309987344158117,0.4585774232809333,37137.0,3.9324324324324325
544.1994558,2.262724188075618,0.24137105696778863,37134.0,3.9324324324324325
544.3994556,2.4975690577722247,3.468922240747018,36817.0,3.939189189189189
544.5994554,2.790278785923596,3.6951531437500935,37197.0,3.9324324324324325
544.7994552,2.3044509106584763,0.5308976764627176,37116.0,3.9324324324324325
544.999455,2.5401620025465284,3.547675300996613,36913.0,3.9324324324324325
545.1994548,2.3569861009509876,0.5894271431933717,36909.0,3.9324324324324325
545.3994546,2.2655109736577956,0.6152196745851107,36861.0,3.9060402684563758
545.5994544,2.3453687891355615,0.4594598281650571,36891.0,3.939189189189189
545.7994542,3.0176181920570646,6.169235615084129,37291.0,3.9324324324324325
545.999454,2.4958318720155392,5.062141789423725,37067.0,3.939189189189189
546.1994538,2.3248218527315916,0.791453385426125,37048.0,3.8993288590604025
546.3994536,2.3108411568951057,0.8799093995545022,36961.0,3.9324324324324325
546.5994534,2.306175374142309,1.1940835613792289,37018.0,3.939189189189189
546.7994532,2.32324382967182,0.983085090667382,36870.0,3.9324324324324325
546.999453,2.2971177571107075,1.6597471865346969,36881.0,3.9324324324324325
547.1994528,,226.0698837901393,14348.0,4.061224489795919
547.3994526,2.599833668306882,3.0167292288934844,14429.0,4.071428571428571
547.5994524,,228.1499870183524,36919.0,3.9324324324324325
547.7994522,2.418691995754293,1.4501394830775518,36743.0,3.925675675675676
547.999452,2.2878409214386615,0.8224908997373539,36812.0,3.9324324324324325
548.1994518,2.3018969896773496,0.7939636573306866,37006.0,3.939189189189189
548.3994516,,226.86206905167597,14350.0,4.061224489795919
548.5994514,,227.59340619727902,36829.0,3.9324324324324325
548.7994512,2.327943254701598,0.6750115079487619,36796.0,3.9324324324324325
548.999451,2.65642683912692,2.4624300090361047,37110.0,3.925675675675676
549.1994508,2.2846628743967865,1.1497580060685673,37093.0,3.925675675675676
549.3994506,2.5094538953299383,2.818499883529163,36916.0,3.939189189189189
549.5994504,2.3085600172711573,0.9368068509220815,37056.0,3.9324324324324325
549.7994502,2.324681644902263,0.34002536501416863,36987.0,3.939189189189189
549.99945,2.6233169394501332,3.4273654746915323,37209.0,3.9060402684563758
550.1994498,,229.4061945273579,14615.0,4.061224489795919
550.3994496,,232.05907925437467,36985.0,3.912751677852349
550.5994494,,228.17848331720964,14439.0,4.051020408163265
550.7994492,,223.82196586498742,37290.0,3.8993288590604025
550.999449,,525.674145981072,13295.0,1.4054054054054055
551.1994488,,464.017651513243,37851.0,3.6835443037974684
551.3994486,12.46822457234758,36.54518134213803,41038.0,3.64375
551.5994484,7.953463101200038,12.175614731878731,42332.0,3.5
551.7994482,8.500221285318302,22.605486892262576,42931.0,3.4235294117647057
551.9994479999999,,328.202757433581,17052.0,1.9444444444444444
552.1994477999999,,329.35742555544704,42033.0,3.700636942675159
552.3994475999999,,350.21355190022354,16635.0,2.0679611650485437
552.5994473999999,5.594664423481343,9.982170529448181,16643.0,2.0980392156862746
552.7994471999999,4.27751340280706,5.522090194337443,16601.0,2.118811881188119
552.9994469999999,,407.3275825726428,41697.0,3.60625
553.1994467999999,,300.6369235104184,15765.0,2.1862745098039214
553.3994465999999,7.398701298701298,26.186651502184173,16170.0,2.0970873786407767
553.5994463999999,6.720688203092101,11.910419696704418,16623.0,2.0185185185185186
553.7994461999999,6.546902415980564,60.708405270412634,14818.0,2.24468085106383
553.9994459999999,,285.21769776937714,39079.0,3.9523809523809526
554.1994457999999,,311.0711575971266,16792.0,1.97196261682243
554.3994455999999,,239.33966287911667,41675.0,3.5617283950617282
554.5994453999999,,33.048538923907394,42152.0,3.7483870967741937
554.7994451999999,5.539580522507053,14.929796484571547,40765.0,3.9060402684563758
554.9994449999999,4.6336301781068645,12.979556879895997,39976.0,3.925675675675676
555.1994447999999,3.276553005574248,3.258527299794234,39826.0,3.9523809523809526
555.3994445999999,,366.6959111009284,15566.0,2.2371134020618557
555.5994443999999,7.433620119126406,13.220274837403851,15110.0,2.185567010309278
555.7994441999999,,366.29508293686416,39859.0,3.9060402684563758
555.9994439999999,3.6595260710893367,2.5035207176369187,40006.0,3.9060402684563758
556.1994437999999,3.1975684643193185,3.1885306879627904,40386.0,3.8993288590604025
556.3994435999999,,379.31241102548836,15849.0,2.1717171717171717
556.5994433999999,19.677334099396724,81.36345863071477,17405.0,2.277227722772277
556.7994431999999,5.056513804674163,19.09188445676864,16987.0,2.4123711340206184
556.9994429999999,4.994743680604772,6.210945119992228,16932.0,2.4791666666666665
557.1994427999999,3.978732402875959,4.065033193388428,16551.0,2.4842105263157896
557.3994425999999,3.0597561708005525,0.8418329381175222,16651.0,2.4479166666666665
557.5994423999999,3.1466101694915256,3.009615182551764,16520.0,2.521276595744681
557.7994421999999,3.0321367935968953,1.409267407543398,16492.0,2.5
557.9994419999999,3.3339018150810085,3.19777308756414,16418.0,2.5376344086021505
558.1994417999999,2.6284163006344556,0.99482341646613,16392.0,2.5376344086021505
558.3994415999999,3.2997563946406823,1.9062435081182696,16420.0,2.5268817204301075
558.5994413999999,3.334984709480122,4.556559989415443,16350.0,2.5483870967741935
558.7994411999999,2.775073385518591,2.372168965039885,16352.0,2.5760869565217392
558.9994409999999,,317.46862344956287,41204.0,4.041666666666667
559.1994407999999,,319.979735648929,16360.0,2.597826086956522
559.3994405999999,2.6938600782778863,1.2737268095251313,16352.0,2.597826086956522
559.5994403999999,3.0638102243471863,1.0383619718566788,16314.0,2.5869565217391304
559.7994401999999,2.5159149563721273,2.445995727523886,16274.0,2.5869565217391304
559.9994399999999,2.9256441717791413,1.3900763419857942,16300.0,2.597826086956522
560.1994397999999,2.6296865396435156,0.7073705972436025,16270.0,2.597826086956522
560.3994395999999,3.328461350293542,4.291107422049454,16352.0,2.597826086956522
560.5994393999999,3.155541909732883,4.946615141326828,16285.0,2.608695652173913
560.7994391999999,2.637199607650809,1.367659600154405,16312.0,2.619565217391304
560.9994389999999,2.5465758468335786,0.7118216035992635,16296.0,2.6483516483516483
561.1994387999999,2.6020326455189404,0.7609485018261801,16235.0,2.6483516483516483
561.3994385999999,2.543966265657944,2.5375710312966024,16126.0,2.6483516483516483
561.5994383999999,2.504630773030378,1.7564359800602367,16196.0,2.6483516483516483
561.7994381999999,2.4965086819501945,0.5368160049298998,16183.0,2.6483516483516483
561.9994379999999,2.758123414000124,0.3385658925001783,16157.0,2.659340659340659
562.1994377999999,2.5280891917002166,0.6247277105002923,16145.0,2.659340659340659
562.3994375999999,2.5459429418303077,0.46243705933360996,16194.0,2.659340659340659
562.5994373999999,,289.4098013905397,30134.0,3.6
562.7994371999999,,290.75738937088187,16183.0,2.6483516483516483
562.999437,2.6909068384539148,0.6141656400333072,16144.0,2.6483516483516483
563.1994368,,321.35273484484617,41038.0,4.120567375886525
563.3994366,,321.223756419855,16112.0,2.688888888888889
563.5994364,2.544466403162055,0.7225037359414467,16192.0,2.659340659340659
563.7994362,2.7216908361616783,1.4832428377042564,16205.0,2.659340659340659
563.999436,2.749027837787791,1.436261672128315,16201.0,2.659340659340659
564.1994358,2.4855494914413296,1.8133983942173886,16124.0,2.688888888888889
564.3994356,2.6766215297100104,3.211636473605257,16173.0,2.6483516483516483
564.5994354,,320.29696009429887,41019.0,4.127659574468085
564.7994352,2.3323255473740674,0.7135359353796645,41014.0,4.1571428571428575
564.999435,,319.64185623323067,16148.0,2.7
565.1994348,2.536221106773254,0.5604517534166862,16137.0,2.67032967032967
565.3994346,2.516042946689009,0.3245471053671576,16113.0,2.7
565.5994344,2.731604155004043,1.3706892822395373,16077.0,2.6777777777777776
565.7994342,2.6929133858267718,1.0857370431513238,16129.0,2.6777777777777776
565.999434,2.6597144630664182,1.552833608242424,16110.0,2.6777777777777776
566.1994338,2.8393711551606287,1.2518933292270862,16093.0,2.730337078651685
566.3994336,2.5307998012916046,0.15060606622240705,16104.0,2.7
566.5994334,2.518484001242622,0.774268021230111,16095.0,2.7
566.7994332,2.5135589003607413,0.7135466614886358,16078.0,2.7191011235955056
566.999433,2.5477865637257953,0.7882703719912476,16061.0,2.7191011235955056
567.1994328,2.5608070240986365,0.7458377453017546,16059.0,2.7191011235955056
567.3994326,2.545776617564796,1.1958759690099503,16089.0,2.688888888888889
567.5994324,2.582481933715425,0.9454491301004986,16052.0,2.688888888888889
567.7994322,2.512383322962041,0.12699204664788688,16070.0,2.688888888888889
567.999432,2.5172715347616967,1.0830002950693733,16009.0,2.688888888888889
568.1994318,2.512339523868877,1.329148217008354,16046.0,2.7191011235955056
568.3994316,2.614642946006469,0.7628800069467903,16076.0,2.688888888888889
568.5994314,2.556171378752024,0.5456250653750235,16058.0,2.7191011235955056
568.7994312,2.5284218399401643,0.37480495638683636,16044.0,2.688888888888889
568.999431,2.542100342785915,0.2954719635752387,16045.0,2.7
569.1994308,2.5161693095267825,0.8621280131328646,16018.0,2.688888888888889
569.3994306,2.607234175241659,0.14147628144908347,16035.0,2.7191011235955056
569.5994304,,319.6510225696735,42445.0,4.0137931034482754
569.7994302,,340.63179403592756,17195.0,2.4123711340206184
569.99943,4.616303374141535,6.9378919424775765,16745.0,2.4526315789473685
570.1994298,4.204962243797195,1.263738682770016,16686.0,2.463157894736842
570.3994296,7.450704225352113,21.86437276111053,16117.0,2.350515463917526
570.5994294,4.656609014013382,15.679586080213772,15842.0,2.389473684210526
570.7994292,3.0279072697492757,2.0731378687565942,15874.0,2.389473684210526
570.999429,,355.3522417198335,40777.0,4.0137931034482754
571.1994288,2.387123745819398,1.07405028521415,40664.0,4.041666666666667
571.3994286,,357.7092198494896,15702.0,2.4516129032258065
571.5994284,,357.78743397021645,40644.0,4.041666666666667
571.7994282,,358.81085487386724,15705.0,2.4408602150537635
571.999428,2.5807586515703957,0.5096833454404504,15633.0,2.4408602150537635
572.1994278,,358.873195063059,40617.0,4.06993006993007
572.3994276,2.3730334862159097,0.6481464135785447,40554.0,4.06993006993007
572.5994274,2.432606602306116,0.7340976512359532,40501.0,4.062937062937063
572.7994272,,358.76383895385646,15646.0,2.467391304347826
572.999427,,358.1967576717499,40579.0,4.06993006993007
573.1994268,,359.6114988160539,15525.0,2.467391304347826
573.3994266,,359.99173784665624,40525.0,4.06993006993007
573.5994264,,360.6991679365578,15519.0,2.4565217391304346
573.7994262,,359.9198577925282,40561.0,4.06993006993007
573.999426,2.3561697926949656,0.3888062316026207,40520.0,4.062937062937063
574.1994258,2.362084722736816,0.5439176564737903,40485.0,4.062937062937063
574.3994256,2.3784971726300714,1.2625633311896682,40497.0,4.06993006993007
574.5994254,,360.27747486449107,15520.0,2.4565217391304346
574.7994252,,361.1185270102805,40358.0,4.098591549295775
574.999425,2.3966391961788798,0.10133466254815668,40407.0,4.098591549295775
575.1994248,2.3481906552227363,0.23962340610620841,40429.0,4.06993006993007
575.3994246,2.4482741519539775,1.1343634955647297,40328.0,4.098591549295775
575.5994244,,363.2864388191931,15444.0,2.4456521739130435
575.7994242,2.6029516936480075,1.5048285179538223,15381.0,2.4456521739130435
575.999424,2.8176749011217015,1.188795301562907,15423.0,2.4835164835164836
576.1994238,,363.4040046599435,40360.0,4.098591549295775
576.3994236,,362.3677899463834,15420.0,2.4456521739130435
576.5994234,3.1279777317452098,1.219554597217317,15448.0,2.4456521739130435
576.7994232,2.832704566150644,1.8653940756236755,15374.0,2.4347826086956523
576.999423,,364.9194771601556,40278.0,4.098591549295775
577.1994228,2.369232294196362,1.2208299001372618,40354.0,4.06993006993007
577.3994226,,364.86875882703225,15273.0,2.4725274725274726
577.5994224,2.6200274348422496,0.2768604976889878,15309.0,2.4456521739130435
577.7994222,,365.3603710140926,40256.0,4.084507042253521
577.999422,2.3925477248467097,0.6693870911299686,40283.0,4.077464788732394
578.1994218,,365.31752675970444,15271.0,2.4725274725274726
578.3994216,,365.3779749703454,40308.0,4.098591549295775
578.5994214,2.563006211180124,0.570034432732645,40250.0,4.098591549295775
578.7994212,,361.3975324522695,16564.0,2.3541666666666665
578.999421,5.772130141190915,9.172126868878706,16290.0,2.4105263157894736
579.1994208,,356.64210347051466,41032.0,3.9863013698630136
579.3994206,2.3380498158132275,0.5797487572369516,40991.0,3.9794520547945207
579.5994204,,357.37726783562186,16054.0,2.4468085106382977
579.7994202,2.659563893893272,1.1178076058697402,16097.0,2.4105263157894736
579.99942,,356.51920875010643,40995.0,4.0137931034482754
580.1994198,,356.55961328214437,16071.0,2.4361702127659575
580.3994196,2.563752106347126,1.3406170220207339,16023.0,2.4361702127659575
580.5994194,,358.1726456636797,40996.0,4.020689655172414
580.7994192,2.3310331374509277,0.5511258845214311,41011.0,4.0137931034482754
580.999419,,358.4375374048266,15997.0,2.4361702127659575
581.1994188,,358.09817565057733,41042.0,4.0137931034482754
581.3994186,,357.38435095911797,16044.0,2.4361702127659575
581.5994184,,357.7975161401172,40885.0,4.041666666666667
581.7994182,,360.48711926857396,15889.0,2.4361702127659575
581.999418,2.621514942672765,1.9079707741390022,15961.0,2.4361702127659575
582.1994178,2.576903713027061,1.5626617808909162,15890.0,2.4623655913978495
582.3994176,2.5908604519418392,0.5972763542077102,15887.0,2.4361702127659575
582.5994174,2.597683155917345,1.3473598392339123,15970.0,2.4361702127659575
582.7994172,2.5891526272937933,0.37184488238417684,15967.0,2.4361702127659575
582.999417,2.6282600478770317,2.962346655423988,15874.0,2.425531914893617
583.1994168,2.6272062531517903,0.6741580669684375,15864.0,2.425531914893617
583.3994166,3.02801926324348,3.0644328894550417,15989.0,2.4361702127659575
583.5994164,2.72095793367187,3.0315546992965547,15951.0,2.425531914893617
583.7994162,2.530163503100921,1.7422632562481812,15963.0,2.425531914893617
583.999416,2.608412210869429,1.3726263150881306,15953.0,2.4361702127659575
584.1994158,,358.0308676915461,40860.0,4.041666666666667
584.3994156,,358.9125669968816,15857.0,2.4516129032258065
584.5994154,,359.419997348168,40807.0,4.041666666666667
584.7994152,,360.11684529793206,15856.0,2.4516129032258065
584.999415,,359.4184628541126,40841.0,4.048611111111111
585.1994148,2.4647287675255085,0.4752052097223618,40869.0,4.041666666666667
585.3994146,,361.6403010689835,15757.0,2.4408602150537635
585.5994144,2.6073952549217565,2.273687623759261,15848.0,2.4408602150537635
585.7994142,2.637739912586305,1.6857697569828198,15787.0,2.4623655913978495
585.999414,2.5590431590937857,0.35422399042791664,15802.0,2.4623655913978495
586.1994138,2.564775025278059,0.7736621450370442,15824.0,2.4516129032258065
586.3994136,2.883504311158663,1.2667072147562988,15889.0,2.4361702127659575
586.5994134,2.7046733700120154,1.959106757422574,15813.0,2.4148936170212765
586.7994132,2.7882567882567884,2.47635217107663,15873.0,2.4516129032258065
586.999413,3.0612919633774163,3.971013288533517,15728.0,2.4408602150537635
587.1994128,2.560602226720648,2.28872700107726,15808.0,2.4623655913978495
587.3994126,2.586649713922441,2.6094229682783285,15730.0,2.4408602150537635
587.5994124,,361.9937969721321,40738.0,4.041666666666667
587.7994122,,360.49796505117075,15802.0,2.4408602150537635
587.999412,2.6085636582126366,0.22146452642329528,15811.0,2.4408602150537635
588.1994118,,361.1166419169095,40764.0,4.06993006993007
588.3994116,,362.2956039110909,15728.0,2.4516129032258065
588.5994114,2.8326150335910762,1.415902807258001,15778.0,2.4516129032258065
588.7994112,2.6270011345014495,1.9302359615685734,15866.0,2.4516129032258065
588.999411,2.5711299721307324,1.427897704060648,15788.0,2.4516129032258065
589.1994108,3.0415396341463414,2.114167604048286,15744.0,2.4408602150537635
589.3994106,2.6295518207282913,1.826359059806292,15708.0,2.467391304347826
589.5994104,,2.8568412435998027,15489.0,2.467391304347826
589.7994102,,2.836970039994853,15729.0,2.4408602150537635
589.99941,2.8646307536671727,2.808987662322864,15816.0,2.4516129032258065
590.1994098,2.654258355000317,1.8005977324430038,15769.0,2.4408602150537635
590.3994096,2.6278847379829147,0.7208391456535662,15686.0,2.467391304347826
590.5994094,2.8299548833958186,0.5844639122950818,15737.0,2.4516129032258065
590.7994092,2.5878047228056777,1.0006065106837205,15711.0,2.4782608695652173
590.999409,2.6258841521697573,1.7449309038185046,15693.0,2.4408602150537635
591.1994088,2.6532427110461794,0.6842307724806279,15743.0,2.4301075268817205
591.3994086,2.739374243293188,0.5526002310476671,15693.0,2.4408602150537635
591.5994084,2.600342835375532,1.4039503306239107,15751.0,2.4408602150537635
591.7994082,2.9223939703628004,2.2236832316481054,15656.0,2.467391304347826
591.999408,2.567814476458187,0.5935660444779403,15653.0,2.467391304347826
592.1994078,2.5950908511316544,0.7054797094135233,15685.0,2.4782608695652173
592.3994076,2.5957460439490037,1.6363692688586318,15609.0,2.467391304347826
592.5994074,3.0694100463580365,3.6400701561619084,15747.0,2.4516129032258065
592.7994072,,360.16479342641935,40686.0,4.06993006993007
592.999407,2.369381780609609,1.7325975607495958,40649.0,4.06993006993007
593.1994068,,361.4258824242341,15603.0,2.467391304347826
593.3994066,2.695975868044413,0.8290674468774758,15581.0,2.467391304347826
593.5994064,,361.962830550651,40535.0,4.06993006993007
593.7994062,,362.0654701856518,15596.0,2.467391304347826
593.999406,,361.41810671783634,40551.0,4.06993006993007
594.1994058,2.3428014411924387,0.4681137811639559,40522.0,4.06993006993007
594.3994056,,362.0742182128175,15569.0,2.467391304347826
594.5994054,,362.6079722904958,40508.0,4.06993006993007
594.7994052,2.3769766752322594,0.3626657577088337,40472.0,4.062937062937063
594.999405,2.32551645744786,0.42128711871609203,40468.0,4.06993006993007
595.1994048,2.359823126899039,0.19626004636252012,40481.0,4.098591549295775
595.3994046,,362.53636154583495,15546.0,2.467391304347826
595.5994044,,362.2052303019139,40563.0,4.06993006993007
595.7994042,,362.31431298189045,15533.0,2.467391304347826
595.999404,2.6211819175615716,0.3529091906037806,15551.0,2.4782608695652173
596.1994037999999,2.621889905891453,1.3852783728987998,15514.0,2.4565217391304346
596.3994035999999,2.5859737248840804,1.2645978528663693,15528.0,2.4945054945054945
596.5994033999999,2.607326809168169,0.33689521361477087,15532.0,2.467391304347826
596.7994031999999,2.6434542181069958,0.1770765731797646,15552.0,2.467391304347826
596.9994029999999,2.681870818322182,0.8559653620917164,15544.0,2.467391304347826
597.1994027999999,,360.02646717378127,41835.0,3.9591836734693877
597.3994025999999,5.19320779618675,3.5929775051237867,42431.0,3.9863013698630136
597.5994023999999,3.639829015665735,5.052900987191203,42577.0,4.0137931034482754
597.7994021999999,,311.04773013461636,17434.0,2.4123711340206184
597.9994019999999,3.813258962291558,4.723413682236526,17211.0,2.46875
598.1994017999999,,330.74512727000683,42301.0,3.8733333333333335
598.3994015999999,3.799471111845678,6.707351670895321,42353.0,3.9324324324324325
598.5994013999999,,305.46129170165705,17419.0,2.4948453608247423
598.7994011999999,2.749956749899083,1.1157500309417894,17341.0,2.5208333333333335
598.9994009999999,2.9416892789099935,1.6658411789087386,17321.0,2.53125
599.1994007999999,,306.6621135666033,42152.0,3.9863013698630136
599.3994005999999,,305.7609039990677,17291.0,2.557894736842105
599.5994003999999,2.548080269110312,1.6621593709953932,17242.0,2.557894736842105
599.7994001999999,,306.2506058212861,42180.0,3.9794520547945207
599.9993999999999,,306.4402328662508,17295.0,2.5416666666666665
600.1993997999999,,307.3604549114098,42156.0,3.9794520547945207
600.3993995999999,5.273167777104785,7.435584452229428,42926.0,3.9060402684563758
600.5993993999999,,316.9885693120462,17605.0,2.3535353535353534
600.7993991999999,3.669341434057431,6.586122790714095,17447.0,2.3979591836734695
600.9993989999999,3.665497412305923,2.342410274892313,17390.0,2.4583333333333335
601.1993987999999,3.423826420801582,4.44319761252937,17191.0,2.4479166666666665
601.3993985999999,2.6074663260566653,1.0993745425374972,17224.0,2.473684210526316
601.5993983999999,2.562492740155651,1.2396750100066287,17218.0,2.4842105263157896
601.7993981999999,2.736652530064486,0.5036402762889879,17213.0,2.473684210526316
601.9993979999999,3.063003620226556,1.7495832939194724,17126.0,2.5106382978723403
602.1993977999999,2.523956994273694,0.3572092279737288,17114.0,2.521276595744681
602.3993975999999,2.5874379199532576,1.7551790931337072,17115.0,2.521276595744681
602.5993973999999,2.5699357851722127,0.3897484818894956,17130.0,2.5106382978723403
602.7993971999999,2.883731778425656,1.0018521458780707,17150.0,2.4842105263157896
602.9993969999999,,310.4547477349602,41931.0,4.0137931034482754
603.1993967999999,,309.45334301397776,17067.0,2.521276595744681
603.3993965999999,2.59860189155848,1.5594169225495187,17023.0,2.521276595744681
603.5993963999999,2.591175780333255,0.4852115473396992,17044.0,2.521276595744681
603.7993961999999,3.376310883243999,3.0026218239269844,17164.0,2.4842105263157896
603.9993959999999,4.322400919012062,4.783201953932183,17410.0,2.4270833333333335
604.1993957999999,4.07521736593336,4.211475076343034,17137.0,2.4583333333333335
604.3993955999999,3.4307575933899686,0.5106098289201734,17186.0,2.46875
604.5993953999999,,310.02069313926114,42060.0,3.9863013698630136
604.7993951999999,,309.8617332641398,17202.0,2.4947368421052634
604.9993949999999,,276.6596888338573,31036.0,3.475806451612903
605.1993947999999,,277.23320693999597,17111.0,2.521276595744681
605.3993945999999,2.5663375591517203,0.34799035184095495,17117.0,2.5319148936170213
605.5993943999999,,310.03690640082544,41970.0,4.0137931034482754
605.7993941999999,,310.1319882055828,17114.0,2.5319148936170213
605.9993939999999,2.5816840379435533,1.143660102717337,17078.0,2.5319148936170213
606.1993937999999,2.653985719302353,1.0610898286382795,17086.0,2.521276595744681
606.3993935999999,2.8009856841117107,0.5416628434524678,17044.0,2.5483870967741935
606.5993933999999,2.6326410888184912,0.4848693984293046,17046.0,2.5591397849462365
606.7993931999999,2.536728467495893,1.0465767843234044,17044.0,2.5425531914893615
606.9993929999999,2.677241217248267,0.4776352730619386,17022.0,2.521276595744681
607.1993927999999,2.5212259996477013,0.7246842331277646,17031.0,2.521276595744681
607.3993925999999,2.712645025196297,1.0116327238547784,17066.0,2.521276595744681
607.5993923999999,2.8301387582314206,1.202828394703861,17008.0,2.5483870967741935
607.7993921999999,2.6479237736736856,0.6821391043588716,17002.0,2.5698924731182795
607.999392,2.520756050167815,0.28398648947582433,16983.0,2.5698924731182795
608.1993918,,310.7779881375413,41850.0,4.034722222222222
608.3993916,,311.1547322920997,17015.0,2.521276595744681
608.5993914,3.128432813878271,1.150348294283599,17005.0,2.5531914893617023
608.7993912,2.6176643537574975,0.376588112824696,17006.0,2.5425531914893615
608.999391,2.7967949095622457,0.5539214575382063,16973.0,2.5806451612903225
609.1993908,2.5180467091295116,1.6718250095152412,16956.0,2.5806451612903225
609.3993906,2.6577165400694813,1.831337690745729,16983.0,2.5806451612903225
609.5993904,2.67112157786282,0.5875039692028935,16985.0,2.5806451612903225
609.7993902,2.5974094789520166,0.49043640574013225,16985.0,2.5806451612903225
609.99939,3.4727059513339196,3.759805246251217,17055.0,2.5425531914893615
610.1993898,4.171278073628154,2.923131285461241,17276.0,2.5
610.3993896,5.553803774469581,3.0883736282286733,17062.0,2.5052631578947366
610.5993894,3.4270378671699895,6.425604967977075,16954.0,2.4842105263157896
610.7993892,2.9513077516161554,1.7461969558769925,16861.0,2.5425531914893615
610.999389,2.7777645305514156,2.5680412987125116,16775.0,2.521276595744681
611.1993888,2.650489493791786,1.023856538079348,16752.0,2.521276595744681
611.3993886,2.5898278747310544,1.225808215647814,16732.0,2.5483870967741935
611.5993884,2.5351170568561874,1.0604042156054814,16744.0,2.5591397849462365
611.7993882,2.5864499940255707,0.6491698016575496,16738.0,2.5376344086021505
611.999388,2.5777472691458247,0.9905011952128818,16753.0,2.5483870967741935
612.1993878,2.643557255558212,0.736014794870904,16732.0,2.5376344086021505
612.3993876,2.7871884851008146,0.742241005412785,16813.0,2.5591397849462365
612.5993874,2.5061285500747386,1.3613258534906807,16725.0,2.5376344086021505
612.7993872,2.9543954395439544,1.527553664929984,16665.0,2.5869565217391304
612.999387,2.6092520276359266,0.38407234924529643,16645.0,2.5483870967741935
613.1993868,2.616040340977308,0.05892580578213578,16658.0,2.5760869565217392
613.3993866,6.522694167686302,7.6438074846192645,17163.0,2.473684210526316
613.5993864,,316.11299745467716,42435.0,3.9863013698630136
613.7993862,,307.0050073108164,17285.0,2.5052631578947366
613.999386,,318.45442184216256,42774.0,3.8289473684210527
614.1993858,4.755606844780155,9.487143620217,42894.0,3.7070063694267517
614.3993856,4.257106924208628,19.198803327165866,42142.0,3.8223684210526314
614.5993854,,276.762460842634,16845.0,2.36734693877551
614.7993852,4.370148566163769,125.54377639187997,17366.0,4.318681318681318
614.999385,,206.64630676114103,39830.0,4.134751773049645
615.1993848,,202.25138366204524,17574.0,4.3076923076923075
615.3993846,,198.5615188007188,40258.0,4.098591549295775
615.5993844,,213.39921481419097,18598.0,4.157894736842105
615.7993842,4.122814709267277,4.708688274877931,18247.0,4.212765957446808
615.999384,,202.28339864461623,40824.0,4.041666666666667
616.1993838,,201.8135329375763,18157.0,4.268817204301075
616.3993836,2.9591175986390823,3.5354928969425163,18223.0,4.258064516129032
616.5993834,2.829147115650014,2.2609763728957692,18115.0,4.258064516129032
616.7993832,2.5055525013743813,1.6974219485901567,18190.0,4.304347826086956
616.999383,2.9246027397260272,2.7552634229219093,18250.0,4.258064516129032
617.1993828,2.5856781710265992,1.2050678840429006,18196.0,4.304347826086956
617.3993826,2.758930045682206,1.818291226211219,18169.0,4.304347826086956
617.5993824,2.5167940190203946,1.8234883354711184,18191.0,4.304347826086956
617.7993822,2.4550074573275147,2.8531627300721505,18103.0,4.304347826086956
617.999382,2.4993114085826034,1.6746255069573737,18153.0,4.304347826086956
618.1993818,2.522134627046695,0.2280824406911722,18139.0,4.304347826086956
618.3993816,2.563579017264276,2.55125536277736,18072.0,4.304347826086956
618.5993814,2.526562586197385,3.574948970576398,18127.0,4.304347826086956
618.7993812,2.5100011050944855,2.1418645167772663,18098.0,4.315217391304348
618.999381,2.5300402004515665,2.0398053964456837,18159.0,4.304347826086956
619.1993808,,198.85997996632292,40832.0,4.06993006993007
619.3993806,,204.1655096713257,18330.0,4.279569892473118
619.5993804,3.104134594237959,0.43078070941196617,18188.0,4.279569892473118
619.7993802,2.631020453045964,0.6181810602437908,18188.0,4.279569892473118
619.99938,2.6451736605675467,2.0571828711853675,18254.0,4.279569892473118
620.1993798,2.579025191675794,0.7014401729582854,18260.0,4.326086956521739
620.3993796,2.5798641542506573,0.6296446289870872,18256.0,4.279569892473118
620.5993794,2.6285073565607395,2.120034624000496,18283.0,4.326086956521739
620.7993792,,203.0484157759209,41668.0,4.041666666666667
620.999379,,194.98604057591587,18731.0,4.279569892473118
621.1993788,,193.60010128020284,41481.0,4.041666666666667
621.3993786,2.304689004429039,0.6387561798826643,41544.0,4.062937062937063
621.5993784,2.3274116569445114,0.4930783108884539,41486.0,4.06993006993007
621.7993782,2.331159455166771,0.7794809066028303,41554.0,4.06993006993007
621.999378,,195.7389157833524,18743.0,4.279569892473118
622.1993778,,194.7502416191292,41586.0,4.041666666666667
622.3993776,2.290185127229832,0.5230820700391328,41539.0,4.062937062937063
622.5993774,,194.65365533798916,18744.0,4.326086956521739
622.7993772,,195.3690947581103,41500.0,4.062937062937063
622.999377,2.3235449862802677,1.0150676138585732,41546.0,4.062937062937063
623.1993768,2.2841814026223988,1.4461541535344846,41565.0,4.06993006993007
623.3993766,2.251702317076105,0.2267856585363772,41561.0,4.06993006993007
623.5993764,,195.6736545775699,18722.0,4.326086956521739
623.7993762,,195.6264446323848,41532.0,4.048611111111111
623.999376,2.279558490384152,0.30467446308749874,41494.0,4.034722222222222
624.1993758,2.283539600974645,0.9088990151590223,41451.0,4.062937062937063
624.3993756,2.3116657832602514,1.8099496384671583,41506.0,4.06993006993007
624.5993754,,195.47675037452453,18669.0,4.326086956521739
624.7993752,2.539861862183434,0.6901332787741357,18677.0,4.326086956521739
624.999375,,194.48929297418394,41459.0,4.041666666666667
625.1993748,2.4412587412587414,0.7857485670486803,41470.0,4.062937062937063
625.3993746,2.2621913060222405,0.08963691251766445,41546.0,4.06993006993007
625.5993744,2.231075312899414,0.9928454492452536,41467.0,4.076923076923077
625.7993742,2.269609851314553,0.6189736671533208,41497.0,4.06993006993007
625.999374,2.386111379210501,0.18589151730307482,41444.0,4.034722222222222
626.1993738,2.329408642362535,0.23193726435449585,41447.0,4.062937062937063
626.3993736,2.288997248105055,0.5311746148947865,41426.0,4.048951048951049
626.5993734,,193.27060108336272,18757.0,4.326086956521739
626.7993732,,193.70256645482598,41461.0,4.06993006993007
626.999373,2.310299932491079,0.2885528963797988,41476.0,4.062937062937063
627.1993728,2.3124969808221825,0.6302554966135071,41402.0,4.06993006993007
627.3993726,4.440789473684211,7.124113828399092,41952.0,3.9591836734693877
627.5993724,,284.22139731697456,16880.0,2.4526315789473685
627.7993722,4.480657851600918,107.44987628606374,18302.0,4.23404255319149
627.999372,3.2161823237555205,5.962281832822161,18341.0,4.2
628.1993718,2.5887356196499645,2.144210957075526,18341.0,4.24468085106383
628.3993716,2.4801455809658317,4.360263740821048,18409.0,4.24468085106383
628.5993714,2.5953315881326353,1.1639141042778371,18336.0,4.290322580645161
628.7993712,2.5959557420831745,1.4532661866942231,18347.0,4.290322580645161
628.999371,2.476548455630005,0.49444248538899277,18357.0,4.290322580645161
629.1993708,2.493046086719389,0.5491883635135095,18335.0,4.290322580645161
629.3993706,2.461387541555398,0.7848073910230313,18349.0,4.290322580645161
629.5993704,2.5471502590673576,0.49653478965545467,18335.0,4.290322580645161
629.7993702,2.842005007075215,0.9903540190670359,18374.0,4.290322580645161
629.99937,2.77829854487983,1.594630291640026,18349.0,4.290322580645161
630.1993698,2.559192580469176,1.735794716427799,18330.0,4.290322580645161
630.3993696,2.545018007202881,0.7887424969583082,18326.0,4.290322580645161
630.5993694,2.468831734960767,0.9467144815593832,18352.0,4.290322580645161
630.7993692,2.7377978949664614,1.1324888769020125,18337.0,4.290322580645161
630.999369,2.946348651893898,1.631873392898091,18322.0,4.290322580645161
631.1993688,2.452884878315559,1.029547608228395,18285.0,4.336956521739131
631.3993686,2.469960604070913,1.0758612953354083,18276.0,4.290322580645161
631.5993684,2.591369585455342,1.0022663753522374,18261.0,4.290322580645161
631.7993682,2.5651841328816523,2.176499164768302,18302.0,4.290322580645161
631.999368,2.7109807576339016,1.514508710354878,18241.0,4.290322580645161
632.1993678,2.52096430328541,1.6307629158854369,18293.0,4.336956521739131
632.3993676,2.4743048318982064,1.993907082695804,18233.0,4.290322580645161
632.5993674,2.504164839982464,1.0515278947774207,18248.0,4.290322580645161
632.7993672,2.990204171482032,4.007922512943199,18171.0,4.290322580645161
632.999367,2.934260429835651,3.012634887964565,18193.0,4.336956521739131
633.1993668,2.575410105886871,0.7490159676230507,18227.0,4.290322580645161
633.3993666,2.5797276520975183,0.7876910731722518,18212.0,4.290322580645161
633.5993664,2.687431333772797,0.6437841846681858,18204.0,4.290322580645161
633.7993662,2.5694444444444446,1.1431106131356288,18216.0,4.336956521739131
633.999366,2.54565872363736,1.4070740776558934,18255.0,4.336956521739131
634.1993658,2.545554275684274,1.9511298181032224,18231.0,4.336956521739131
634.3993656,2.5566925686768087,0.6039800825864164,18274.0,4.290322580645161
634.5993654,2.7923282588530585,2.2840483138084937,18327.0,4.290322580645161
634.7993652,,8.676043480915807,17883.0,4.326086956521739
634.999365,,9.885518438257924,18268.0,4.336956521739131
635.1993648,2.511853271283876,1.221111226214422,18265.0,4.290322580645161
635.3993646,2.495667909629305,1.2471477443803598,18236.0,4.290322580645161
635.5993644,2.5808425769083656,1.3712945246241939,18301.0,4.290322580645161
635.7993642,2.6995081967213115,0.6896424298314261,18300.0,4.290322580645161
635.999364,3.3998382749326144,4.779273327759479,18550.0,4.2
636.1993638,2.956991582948683,3.46378537788334,18415.0,4.24468085106383
636.3993636,2.5969254252071523,1.4159403777011887,18344.0,4.290322580645161
636.5993634,2.487896630683677,0.884672158711077,18342.0,4.24468085106383
636.7993632,2.4889216328312593,2.1162164186714647,18324.0,4.290322580645161
636.999363,2.5266265718972116,0.6243096139225879,18290.0,4.290322580645161
637.1993628,2.6862670091261815,1.7032349865918164,18299.0,4.279569892473118
637.3993626,2.813223411225158,1.0100277670903004,18316.0,4.290322580645161
637.5993624,2.611917577339205,0.9480616053395321,18393.0,4.24468085106383
637.7993622,2.491965793343864,1.0559867964759517,18359.0,4.290322580645161
637.999362,2.5755548302872064,0.46029363258933875,18384.0,4.23404255319149
638.1993618,2.8693163231926726,1.7206549369533422,18342.0,4.290322580645161
638.3993616,2.523931391233324,1.5618506990632233,18365.0,4.290322580645161
638.5993614,2.5116735762600917,1.3628958512776566,18332.0,4.290322580645161
638.7993612,2.4825686071253203,0.2135631399759918,18329.0,4.290322580645161
638.999361,,9.373415823999364,17931.0,4.336956521739131
639.1993608,,6.889418394315836,18344.0,4.24468085106383
639.3993606,2.6442653305740116,2.969454538567835,18362.0,4.24468085106383
639.5993604,2.759057180270624,0.9797105887973471,18328.0,4.290322580645161
639.7993602,2.5530534351145038,0.7268387953168058,18340.0,4.290322580645161
639.99936,2.5073894312046683,0.2520330283111521,18337.0,4.290322580645161
640.1993598,2.4515952797202796,1.0613367839242067,18304.0,4.290322580645161
640.3993595999999,2.830188679245283,1.5130133033531876,18285.0,4.290322580645161
640.5993593999999,2.8899961671138366,1.439301281765,18263.0,4.290322580645161
640.7993591999999,2.4506108584890156,0.269504467494869,18253.0,4.290322580645161
640.9993589999999,3.930414175688049,3.13669707329594,18567.0,4.189473684210526
641.1993587999999,4.207106653725871,11.48870942664367,18546.0,4.15625
641.3993585999999,4.12178011618985,10.449530629419089,18246.0,4.23404255319149
641.5993583999999,2.6844000654771647,2.66653603009963,18327.0,4.189473684210526
641.7993581999999,2.8771353482260182,1.4256887277192463,18264.0,4.24468085106383
641.9993579999999,2.5345138547302835,0.8069517582344683,18297.0,4.24468085106383
642.1993577999999,2.5589603283173736,0.7344813981247094,18275.0,4.290322580645161
642.3993575999999,2.537149417746433,0.8753890707479666,18291.0,4.24468085106383
642.5993573999999,2.7308112239327436,0.8520972059875771,18318.0,4.24468085106383
642.7993571999999,2.539029997810379,0.5807634938094416,18268.0,4.290322580645161
642.9993569999999,2.6244601169974304,0.719525086433722,18291.0,4.290322580645161
643.1993567999999,2.5047598205492942,1.7980308847342137,18278.0,4.24468085106383
643.3993565999999,2.6530322086728275,1.6057252630300605,18287.0,4.290322580645161
643.5993563999999,2.510867779906926,0.8128873835309169,18265.0,4.290322580645161
643.7993561999999,2.8082131935342947,2.5763350002438763,18312.0,4.290322580645161
643.9993559999999,2.5916812801402895,3.166185785498355,18248.0,4.290322580645161
644.1993557999999,2.6473167790385355,0.7697508066446183,18243.0,4.290322580645161
644.3993555999999,2.781424351821464,1.9353600823449717,18282.0,4.290322580645161
644.5993553999999,2.517570664629488,2.074823116981067,18326.0,4.290322580645161
644.7993551999999,2.4665791488896183,1.9980168376182241,18282.0,4.290322580645161
644.9993549999999,2.5307106459920004,0.37020612639835954,18251.0,4.290322580645161
645.1993547999999,2.5409755296436196,0.6170316709718849,18267.0,4.290322580645161
645.3993545999999,2.6429586704570305,1.5266458546454238,18292.0,4.290322580645161
645.5993543999999,2.5020200917230837,0.8385840751776641,18316.0,4.290322580645161
645.7993541999999,2.43655937602988,3.4494942297132307,18206.0,4.290322580645161
645.9993539999999,7.492332652954414,14.411452419490425,19107.0,4.145833333333333
646.1993537999999,4.32543265613243,10.884545948153805,18606.0,4.2
646.3993535999999,2.7169872663234895,3.9422767737251805,18455.0,4.2
646.5993533999999,4.0277417261518496,4.507957839132826,18492.0,4.145833333333333
646.7993531999999,5.993366236798812,15.304135615987525,18843.0,4.030612244897959
646.9993529999999,4.777475603903375,8.41771522424473,18753.0,3.9696969696969697
647.1993527999999,4.14015091551897,4.960993235559542,18951.0,3.9797979797979797
647.3993525999999,3.7689736955584303,9.645648953881961,18552.0,4.168421052631579
647.5993523999999,2.7415990106995,0.7408896891451358,18599.0,4.168421052631579
647.7993521999999,2.7035999137745206,2.301458071391877,18556.0,4.223404255319149
647.9993519999999,2.572471940282477,1.0557235242202707,18621.0,4.223404255319149
648.1993517999999,2.5226238286479252,0.9782832336857704,18675.0,4.223404255319149
648.3993515999999,2.531124120522047,0.6696933558407853,18619.0,4.223404255319149
648.5993513999999,2.5009940357852884,0.6957760894114549,18611.0,4.223404255319149
648.7993511999999,2.455456152568704,1.2830445445367185,18667.0,4.223404255319149
648.9993509999999,2.706998494947323,1.263270401232633,18604.0,4.268817204301075
649.1993507999999,2.8129793510324483,2.1025762428432837,18645.0,4.268817204301075
649.3993505999999,2.4841772151898733,0.19355662122551898,18644.0,4.268817204301075
649.5993503999999,2.582206482077699,1.043561207191836,18636.0,4.268817204301075
649.7993501999999,2.5474205175103557,1.3501903043688734,18589.0,4.268817204301075
649.9993499999999,2.603613291751801,0.6954775855464534,18598.0,4.268817204301075
650.1993497999999,2.5750268528464018,0.7325001101145688,18620.0,4.268817204301075
650.3993495999999,2.6677580376791368,1.7768071611906122,18631.0,4.223404255319149
650.5993493999999,,8.375460811917682,18223.0,4.315217391304348
650.7993491999999,,7.506857436644909,18644.0,4.268817204301075
650.9993489999999,,194.8953989763915,41662.0,3.9863013698630136
651.1993487999999,,200.66003287431917,18647.0,4.125
651.3993485999999,3.6261989438517084,2.6692451605398975,18558.0,4.114583333333333
651.5993483999999,2.99092130002686,0.5630625069320532,18615.0,4.082474226804123
651.7993481999999,3.1637058570198104,3.1566499166470314,18576.0,4.125
651.9993479999999,2.945251937984496,1.0602063211510284,18576.0,4.082474226804123
652.1993477999999,2.7109829704677733,0.4326885763467141,18556.0,4.125
652.3993475999999,2.806430694406917,2.1338878364720992,18505.0,4.125
652.5993473999999,2.88659793814433,2.5592996398393537,18430.0,4.178947368421053
652.7993471999999,2.5502530336834086,0.9500984282351446,18377.0,4.178947368421053
652.999347,2.5775787187839305,1.0014415848234348,18420.0,4.178947368421053
653.1993468,2.554015114445713,0.777914595527778,18393.0,4.178947368421053
653.3993466,2.6324156014421503,0.8594320180563272,18306.0,4.178947368421053
653.5993464,2.4944510934609943,1.8818652916382708,18382.0,4.178947368421053
653.7993462,2.5075398769666286,0.444887805559158,18369.0,4.178947368421053
653.999346,2.71666394646646,0.8728640960661713,18381.0,4.178947368421053
654.1993458,2.673958106044076,2.1218355866705267,18332.0,4.178947368421053
654.3993456,2.7979775774895583,3.6513296807818394,18196.0,4.268817204301075
654.5993454,2.4861408419781545,0.6149028653897168,18219.0,4.268817204301075
654.7993452,2.447300630309674,0.0625041259371445,18245.0,4.279569892473118
654.999345,2.4873747055923756,0.25083759512120024,18257.0,4.268817204301075
655.1993448,2.554296040742566,0.5881814372349109,18261.0,4.223404255319149
655.3993446,2.4483439350734812,0.31727456083743133,18236.0,4.268817204301075
655.5993444,2.4975588348236326,0.22861060803464978,18229.0,4.223404255319149
655.7993442,2.934672815107598,1.032643345936796,18216.0,4.279569892473118
655.999344,2.559797557487072,0.5485520825292071,18178.0,4.279569892473118
656.1993438,2.4854241010156466,1.182863175507232,18215.0,4.268817204301075
656.3993436,2.527077600440286,1.671537367038756,18170.0,4.268817204301075
656.5993434,2.850725828540126,2.982635744345021,18255.0,4.268817204301075
656.7993432,2.908624965555249,2.443462585937606,18145.0,4.268817204301075
656.999343,2.4614156759136945,0.023061374224726146,18168.0,4.268817204301075
657.1993428,2.4635903640963592,0.2477559076550418,18182.0,4.279569892473118
657.3993426,2.462012433294823,0.1826644717903242,18177.0,4.279569892473118
657.5993424,2.6959507719356077,0.8716251459562726,18201.0,4.223404255319149
657.7993422,2.4969806763285023,1.0394596953226625,18216.0,4.279569892473118
657.999342,2.467703809576164,0.6753821248330283,18191.0,4.23404255319149
658.1993418,2.8941461267605635,1.563673381041148,18176.0,4.279569892473118
658.3993416,2.5100837557857614,1.0799703783299504,18148.0,4.279569892473118
658.5993414,2.5647182204559256,1.2085008136502648,18117.0,4.279569892473118
658.7993412,3.6315961089071247,4.573491968428999,18401.0,4.279569892473118
658.999341,2.7451729028035343,0.6861202290590377,18334.0,4.279569892473118
659.1993408,2.4316444638567374,0.9992668323645669,18316.0,4.279569892473118
659.3993406,2.44938541382136,0.27642304196679307,18305.0,4.23404255319149
659.5993404,2.51339115256641,0.2520561882988189,18333.0,4.279569892473118
659.7993402,2.4706555501062613,0.9876800096567889,18351.0,4.279569892473118
659.99934,2.649549795361528,0.5198013691364302,18325.0,4.279569892473118
660.1993398,2.7796266900213475,1.1018632855658765,18269.0,4.326086956521739
660.3993396,2.4918426365471706,0.17264300261316165,18327.0,4.279569892473118
660.5993394,2.7620345635937413,0.8962236361233017,18343.0,4.279569892473118
660.7993392,2.6645362176335627,0.9411162783749519,18306.0,4.279569892473118
660.999339,2.461261457878656,0.5053213037847014,18328.0,4.279569892473118
661.1993388,2.4723560324063936,2.854614210827435,18268.0,4.279569892473118
661.3993386,2.5028712059064806,1.4867903562723095,18285.0,4.326086956521739
661.5993384,2.639757985391911,1.5388968087562522,18346.0,4.279569892473118
661.7993382,2.526719229084538,1.7190937884705717,18264.0,4.279569892473118
661.999338,2.7623475359623693,1.9763920544114681,18283.0,4.336956521739131
662.1993378,2.4784513443951592,0.5029209445517986,18261.0,4.336956521739131
662.3993376,2.4511915172715346,0.2518285082811105,18296.0,4.279569892473118
662.5993374,2.465120096295891,1.1632966023530342,18277.0,4.326086956521739
662.7993372,2.5207194401924338,0.7642837604304463,18292.0,4.279569892473118
662.999337,2.5264598040825264,1.41656823512608,18273.0,4.326086956521739
663.1993368,2.6029009304871376,0.8246808917749876,18270.0,4.326086956521739
663.3993366,2.5066455176940328,0.6523745346373453,18283.0,4.326086956521739
663.5993364,2.529553679131484,1.1080369507862395,18238.0,4.326086956521739
663.7993362,2.6689337428696795,1.0247028976166266,18232.0,4.326086956521739
663.999336,2.5186528212735566,2.294860952471564,18201.0,4.326086956521739
664.1993358,2.4701173374273493,0.47589243762702077,18238.0,4.336956521739131
664.3993356,2.6292578574954746,1.0713529187737791,18231.0,4.326086956521739
664.5993354,2.5636134407718028,0.2311150616463631,18243.0,4.279569892473118
664.7993352,2.893407135419521,1.2231963118503684,18247.0,4.336956521739131
664.999335,2.627961825362001,0.9940880144220817,18232.0,4.336956521739131
665.1993348,2.451934670612737,0.19143018084599533,18246.0,4.326086956521739
665.3993346,5.921499180631178,7.33731805096217,18917.0,4.145833333333333
665.5993344,3.6871056463355445,4.5055239656527455,18543.0,4.24468085106383
665.7993342,2.7832107312851577,1.6117073292885769,18488.0,4.24468085106383
665.999334,2.8727390880537205,0.33624740595603425,18466.0,4.24468085106383
666.1993338,5.0408842150445325,5.133542268641814,18638.0,4.092783505154639
666.3993336,,172.6249215598835,42684.0,3.5705521472392636
666.5993334,,174.21015725738567,18699.0,3.8627450980392157
666.7993332,,194.87406588178007,42238.0,3.88
666.999333,,186.0532595024845,19206.0,4.135416666666667
667.1993328,3.1156856606136505,8.535967267453836,19164.0,4.157894736842105
667.3993326,6.370487582470632,5.024048061572696,18643.0,4.061855670103093
667.5993324,3.344833180122208,2.818569187990753,18493.0,4.104166666666667
667.7993322,2.997425926940139,3.1888184633359478,18259.0,4.236559139784946
667.999332,3.1552036945406563,2.643863425770258,18189.0,4.225806451612903
668.1993318,2.8051327141836566,0.7914312152936709,18197.0,4.236559139784946
668.3993316,3.0674237830089863,2.822943368345473,18139.0,4.282608695652174
668.5993314,2.704879125731317,2.732969176907883,18118.0,4.282608695652174
668.7993312,3.3146384675008305,0.7729095181170303,18062.0,4.329670329670329
668.999331,2.982041222302039,2.1563959611631844,18097.0,4.282608695652174
669.1993308,2.5507078719770835,1.0141486102293265,18153.0,4.293478260869565
669.3993306,13.646252854473738,65.73036340995223,19268.0,4.05
669.5993304,4.155806914130954,11.032685735387682,18831.0,4.154639175257732
669.7993302,4.065832223701731,11.89090925564429,18775.0,4.134020618556701
669.99933,3.127888811075796,8.353738097373165,18563.0,4.166666666666667
670.1993298,2.6383105294467577,1.9463254158260062,18491.0,4.166666666666667
670.3993296,2.6441120478651072,1.2274962747976066,18385.0,4.2105263157894735
670.5993294,,102.87338432597048,16522.0,2.5531914893617023
670.7993292,,99.2626729054132,18318.0,4.2105263157894735
670.999329,,93.43330067825895,16483.0,2.6021505376344085
671.1993288,,101.40475545896562,18311.0,4.2
671.3993286,7.62526633061373,12.494523635233737,19243.0,4.145833333333333
671.5993284,4.613211087877326,15.560519871080839,18651.0,4.2105263157894735
671.7993282,2.844497092397157,1.461269406837741,18572.0,4.2105263157894735
671.999328,3.075170842824601,3.722794568960615,18438.0,4.25531914893617
672.1993278,2.514902807775378,0.5565650122642016,18520.0,4.24468085106383
672.3993276,2.565428371165148,1.4313147491122848,18547.0,4.25531914893617
672.5993274,2.9127155172413794,1.392097827031248,18560.0,4.311827956989247
672.7993272,2.746101127839836,3.4286021662493464,18531.0,4.311827956989247
672.999327,2.5714594828518877,2.214995741331582,18486.0,4.358695652173913
673.1993268,6.268655919718159,16.74086401237971,18734.0,4.208333333333333
673.3993266,6.572439678284183,31.65174916421193,18650.0,4.092783505154639
673.5993264,8.847317744154058,28.509151709968886,19629.0,3.9320388349514563
673.7993262,4.498556880683984,37.28100333538042,18363.0,4.168421052631579
673.999326,3.3148189045936394,5.094746328162441,18112.0,4.304347826086956
674.1993258,,170.26066116652973,42100.0,3.88
674.3993256,,199.27976680763288,18974.0,4.197916666666667
674.5993254,3.394574929110267,6.496756903752704,18691.0,4.276595744680851
674.7993252,2.6814620008587378,0.8818227855481202,18632.0,4.287234042553192
674.999325,2.858945446735395,4.118363227518778,18624.0,4.369565217391305
675.1993248,3.703378163719157,5.066762670864101,18886.0,4.273684210526316
675.3993246,,195.9963577429896,41926.0,3.9863013698630136
675.5993244,,193.0819767239233,18616.0,4.287234042553192
675.7993242,3.2091135404264532,2.8157067480958258,18478.0,4.333333333333333
675.999324,3.0937534126897455,2.9449886222120916,18314.0,4.380434782608695
676.1993238,2.6034087184529664,1.8562061754632109,18306.0,4.380434782608695
676.3993236,12.046900697555719,157.44745185932314,17633.0,2.41
676.5993234,3.5250043970217506,2.9007896946687453,17057.0,2.4123711340206184
676.7993232,3.77483561400391,10.867243975837118,16881.0,2.4375
676.999323,2.731806010116037,3.36024732110145,16805.0,2.4270833333333335
677.1993228,3.2567404183291018,6.782583423608624,16542.0,2.442105263157895
677.3993226,2.749667512997219,4.546229599511969,16542.0,2.4680851063829787
677.5993224,3.8616170724376313,2.3247142822635407,16635.0,2.5319148936170213
677.7993222,3.7188320209973753,107.22934205997372,18288.0,4.376344086021505
677.999322,,207.43457315465048,41412.0,4.06993006993007
678.1993218,2.4474416354179267,1.044727427329792,41335.0,4.084507042253521
678.3993216,,203.32662373419757,18283.0,4.4945054945054945
678.5993214,,204.37611432920883,41315.0,4.084507042253521
678.7993212,2.376699733849504,2.3522912365046325,41330.0,4.098591549295775
678.999321,,203.76713180103872,18265.0,4.483516483516484
679.1993208,2.4971363115693013,3.0135183524460882,18333.0,4.483516483516484
679.3993206,2.508232711306257,2.289321252559043,18220.0,4.483516483516484
679.5993204,,203.76897913718844,41326.0,4.105633802816901
679.7993202,2.3156123659428185,0.20306870134559932,41307.0,4.091549295774648
679.99932,2.5077109308800387,2.3428361934056534,41305.0,4.098591549295775
680.1993198,,201.84407815656607,18277.0,4.483516483516484
680.3993196,,203.1033319244951,41317.0,4.098591549295775
680.5993194,,200.44649364506657,18291.0,4.533333333333333
680.7993192,,200.6483062548206,41326.0,4.127659574468085
680.999319,,203.32076255216023,18224.0,4.4945054945054945
681.1993188,,202.48790030637466,41245.0,4.098591549295775
681.3993186,2.2950923073190848,0.4211702705167068,41221.0,4.120567375886525
681.5993184,,201.72300994272072,18228.0,4.4945054945054945
681.7993182,2.4862526860984078,1.7838815684323681,18149.0,4.544444444444444
681.999318,2.4595793624712456,3.339526650325062,18258.0,4.4945054945054945
682.1993178,,201.91028994955025,41182.0,4.1571428571428575
682.3993176,,200.86095983842552,18126.0,4.584269662921348
682.5993174,,201.0576819894869,41155.0,4.127659574468085
682.7993172,,316.74869323661744,18032.0,2.0825688073394497
682.999317,17.707976613071622,226.08709720701447,19156.0,3.3513513513513513
683.1993168,8.932207636035676,34.66951983805766,19958.0,3.2857142857142856
683.3993166,6.90161203390661,9.077768766823022,20409.0,3.217391304347826
683.5993164,4.81910414447319,12.215577618211245,19713.0,3.315315315315315
683.7993162,,162.03849430838022,43476.0,3.180327868852459
683.999316,,160.98893181943123,19446.0,3.0625
684.1993158,6.5928728599796065,8.972301671176867,18633.0,3.044642857142857
684.3993155999999,7.904656677805325,11.086276781293707,18554.0,2.9482758620689653
684.5993153999999,6.9856603328219045,22.02501551298488,16946.0,3.027027027027027
684.7993151999999,10.860108988066496,38.56519253252589,14497.0,3.463917525773196
684.9993149999999,11.012776831345827,12.97474782074395,14088.0,3.264705882352941
685.1993147999999,21.590835579514824,36.702546545644175,14840.0,2.76271186440678
685.3993145999999,,390.89113927470476,60596.0,3.0693069306930694
685.5993143999999,8.345312778615313,15.955794667157818,61689.0,2.980769230769231
685.7993141999999,,385.71702581056076,14352.0,2.981818181818182
685.9993139999999,10.239296427597491,27.2764904475438,14668.0,3.1296296296296298
686.1993137999999,6.215126164728287,7.031652416824708,14703.0,3.2264150943396226
686.3993135999999,4.665121180189673,6.590840733985266,14235.0,3.3076923076923075
686.5993133999999,4.482680934947902,5.3009346469891705,14204.0,3.3173076923076925
686.7993131999999,4.523667800453515,3.5122698087132163,14112.0,3.3689320388349513
686.9993129999999,3.486335628851033,2.987791707043015,13795.0,3.411764705882353
687.1993127999999,2.8403343023255814,2.4233057899850716,13760.0,3.4215686274509802
687.3993125999999,2.674279460051076,1.7751165409305154,13705.0,3.4554455445544554
687.5993123999999,2.6346027337182956,0.6970796180876851,13681.0,3.4554455445544554
687.7993121999999,3.448086245568338,2.8194455735414667,13821.0,3.4653465346534653
687.9993119999999,3.358162451996232,2.7332890722101166,13801.0,3.5
688.1993117999999,2.956889692585895,1.4782471560261303,13825.0,3.5
688.3993115999999,12.849669190369006,14.0245187702437,14661.0,3.4215686274509802
688.5993113999999,6.79184668989547,11.014421472231902,14350.0,3.3980582524271843
688.7993111999999,4.878019494278853,8.692211850918413,14158.0,3.504950495049505
688.9993109999999,5.287245368727376,4.684410423675128,14089.0,3.4607843137254903
689.1993107999999,7.6104595115681235,114.87647955224439,12448.0,1.766990291262136
689.3993105999999,,365.6836558443196,59954.0,3.195876288659794
689.5993103999999,,361.59125405202377,11156.0,1.6534653465346534
689.7993101999999,2.9168158119990664,129.94391598101265,12851.0,3.3168316831683167
689.9993099999999,3.067234701781565,3.1014999355561614,12910.0,3.3267326732673266
690.1993097999999,,381.88151171313973,59281.0,3.263157894736842
690.3993095999999,,380.2089812703348,12728.0,3.36
690.5993093999999,2.623079021551332,127.57692502909276,10997.0,1.73
690.7993091999999,2.4925197775515,130.85390379713385,12767.0,3.36
690.9993089999999,,381.6889014536702,59113.0,3.2460732984293195
691.1993087999999,,380.24904859594164,12677.0,3.37
691.3993085999999,2.863457295934447,1.7369426274748738,12692.0,3.37
691.5993083999999,2.766954182163488,3.1458463861715584,12637.0,3.37
691.7993081999999,2.9967825472808602,1.2842103715300692,12743.0,3.37
691.9993079999999,12.16010385114669,126.2821231213637,11555.0,1.5576923076923077
692.1993077999999,4.863657660471654,133.10579065549544,12806.0,3.1941747572815533
692.3993075999999,4.552520506490404,6.449796637971927,12557.0,3.277227722772277
692.5993073999999,3.197900221029365,3.3094499186204915,12668.0,3.277227722772277
692.7993071999999,2.5443509996826403,3.2123990982621247,12604.0,3.287128712871287
692.9993069999999,3.2061638280616385,3.9202758961196302,12330.0,3.32
693.1993067999999,2.643684679575468,0.5678429928153521,12343.0,3.3434343434343434
693.3993065999999,2.4292096499065874,1.130663563244327,12311.0,3.277227722772277
693.5993063999999,2.466504263093788,0.9093240496515612,12315.0,3.32
693.7993061999999,2.441343501541457,0.5594886534032237,12326.0,3.32
693.9993059999999,8.1965335573032,11.72054473886363,13097.0,3.287128712871287
694.1993057999999,6.18858712236802,11.209592827955909,13108.0,3.37
694.3993055999999,7.276537551744529,6.65193113773725,13528.0,3.386138613861386
694.5993053999999,9.237434863002186,140.20820976258491,11898.0,1.79
694.7993051999999,7.706362961128992,3.090524271814497,12117.0,1.84
694.9993049999999,6.778143327134888,117.31991090992803,13982.0,3.57
695.1993047999999,4.7518356571239995,128.0935872046451,12121.0,1.969387755102041
695.3993045999999,3.0625156497788164,3.595344857869575,11981.0,2.0103092783505154
695.5993043999999,2.700900373325525,124.89886750555293,13661.0,3.731958762886598
695.7993041999999,2.620983751194765,1.4726224837471178,13601.0,3.7422680412371134
695.9993039999999,2.8427520235467254,1.4031075323250373,13590.0,3.7708333333333335
696.1993037999999,,124.13661238746485,11638.0,2.042105263157895
696.3993035999999,,124.90391825253387,13595.0,3.7916666666666665
696.5993033999999,3.0260325770796976,3.617172290944186,13752.0,3.752577319587629
696.7993031999999,2.8555130281171794,3.75034396697301,13586.0,3.831578947368421
696.9993029999999,2.807749077490775,2.1397122665927797,13550.0,3.8020833333333335
697.1993027999999,2.485030446549391,123.24535054557369,11824.0,2.0520833333333335
697.3993025999999,2.6520776441065763,123.27966260166437,13549.0,3.7916666666666665
697.5993023999999,2.816782704287285,1.4074721901726979,13645.0,3.7916666666666665
697.7993021999999,2.516681299385426,0.4064442438146056,13668.0,3.8020833333333335
697.999302,4.565507629107981,2.3879799615826296,13632.0,3.7916666666666665
698.1993018,11.683161564110337,31.88949559759416,13196.0,3.41
698.3993016,8.529663235037516,127.21504315875002,11462.0,1.6565656565656566
698.5993014,7.263764201159927,137.6997993752676,12587.0,3.27
698.7993012,8.011662552140972,26.58186790128385,11747.0,3.3541666666666665
698.999301,10.600304465493911,11.00004715616719,11824.0,3.3229166666666665
699.1993008,11.014611638041528,13.56966617405267,11703.0,3.2916666666666665
699.3993006,11.094353109363832,21.210038334537245,11192.0,3.294736842105263
699.5993004,6.861043671988804,446.37952683795663,35011.0,1.9090909090909092
699.7993002,4.190341960650323,4.82396705616197,35121.0,1.903030303030303
699.9993,4.001017351494942,2.524134952242612,35386.0,1.903030303030303
700.1992998,4.0269332262505735,3.628352114517001,34864.0,1.903030303030303
700.3992996,3.934004252303331,2.8301130268067363,35275.0,1.903030303030303
700.5992994,3.9906526026927365,3.060395013457457,34983.0,1.903030303030303
700.7992992,4.327902004969087,2.962886607232931,34614.0,1.896969696969697
700.999299,3.8832480009204393,2.2691396107795487,34766.0,1.896969696969697
701.1992988,3.889914004214363,4.463048333354956,35118.0,1.896969696969697
701.3992986,3.858443017194205,3.42195916553905,34721.0,1.896969696969697
701.5992984,3.9651853132745405,2.027751451541941,34698.0,1.896969696969697
701.7992982,3.841986781725302,1.2528239186429877,34649.0,1.896969696969697
701.999298,3.8891311207366397,0.869517642993992,34861.0,1.896969696969697
702.1992978,3.907713973673622,2.398678161218498,34794.0,1.896969696969697
702.3992976,4.070912804579845,1.870266206613747,34761.0,1.896969696969697
702.5992974,3.8508599792219784,3.6209932236189606,34652.0,1.8909090909090909
702.7992972,4.098015206310334,6.582651214303046,35117.0,1.896969696969697
702.999297,,833.4874677025377,56951.0,3.2804232804232805
703.1992968,5.9772224793048485,10.80102908216578,58347.0,3.2124352331606216
703.3992966,,393.10263699788646,12578.0,3.336734693877551
703.5992964,4.6075099134094035,3.3914250382674433,12357.0,3.292929292929293
703.7992962,3.4560959686632935,3.3333270423858523,12254.0,3.3608247422680413
703.999296,3.3536982730531117,2.4524646001131267,12276.0,3.3711340206185567
704.1992958,,394.46400840871837,58299.0,3.3155080213903743
704.3992956,,391.51836478473734,12249.0,3.4166666666666665
704.5992954,6.21317228433853,1.3362119691896057,12253.0,3.4479166666666665
704.7992952,16.81472025676563,38.84811540811359,13709.0,3.3823529411764706
704.999295,15.514647239263804,160.92559439991706,13040.0,1.6542056074766356
705.1992948,7.406918631891301,15.820304441110647,12806.0,1.7641509433962264
705.3992946,15.963263063929135,34.16825331504159,14563.0,1.8962264150943395
705.5992944,7.5670652545268196,6.971939582058198,14635.0,1.9433962264150944
705.7992942,6.058845186230594,92.82769745031307,16297.0,3.6538461538461537
705.999294,7.9622630572140745,24.398125789969683,17251.0,3.8349514563106797
706.1992938,3.4283032304007253,95.8801158274059,15447.0,2.2549019607843137
706.3992936,2.8947212336892054,102.11662770659645,16860.0,3.94
706.5992934,2.615494211932324,1.8274797428569514,16845.0,3.93
706.7992932,2.678206650831354,1.1011331951723138,16840.0,3.95959595959596
706.999293,2.5922820787251752,1.355069248162029,16818.0,3.95959595959596
707.1992928,2.5972831889903905,1.1255299833108996,16858.0,3.95959595959596
707.3992926,5.417994889889281,26.983901402244125,16438.0,3.7254901960784315
707.5992924,4.241560854753794,6.022082164700644,16145.0,3.8686868686868685
707.7992922,3.27854692477334,4.587735705369119,16324.0,3.85
707.999292,3.0536970215888934,3.253681969988461,16351.0,3.898989898989899
708.1992918,2.7229787234042555,1.3666656759724027,16450.0,3.86
708.3992916,2.5641510585077176,1.168930560062329,16391.0,3.86
708.5992914,2.5543952331224276,1.115946106929034,16279.0,3.898989898989899
708.7992912,2.461632903621854,0.2447061922500799,16290.0,3.898989898989899
708.999291,2.522024943171346,1.6060114399794025,16277.0,3.888888888888889
709.1992908,2.6152283639049614,1.650581863946426,16246.0,3.898989898989899
709.3992906,2.4709466945709715,0.20463657802723326,16246.0,3.898989898989899
709.5992904,3.932164397189579,7.276351960423102,16083.0,3.888888888888889
709.7992902,5.996444218680551,2.663345204068287,15749.0,3.8
709.99929,3.082262374347881,2.337037365590632,15718.0,3.8686868686868685
710.1992898,2.545714104434998,1.9634591115246134,15761.0,3.8686868686868685
710.3992896,2.551141436041321,1.2204444268695889,15682.0,3.8686868686868685
710.5992894,2.5037924660590223,2.974691078365928,15689.0,3.8585858585858586
710.7992892,4.842826154322901,8.847309469316048,16135.0,3.84
710.999289,5.870337800958215,9.253922080644628,16489.0,3.737864077669903
711.1992888,10.054771889693734,108.7645479690393,15738.0,2.046728971962617
711.3992886,6.311988381304463,4.140600843219111,15148.0,2.0673076923076925
711.5992884,6.3236797274275975,12.138333500797755,14675.0,1.9523809523809523
711.7992882,4.139768835616438,13.399614328397398,14016.0,2.0594059405940595
711.999288,8.958609515392547,9.901612789798598,13578.0,1.8613861386138615
712.1992878,,269.253547176685,36500.0,3.8733333333333335
712.3992876,,263.1117069099575,12769.0,1.9387755102040816
712.5992874,4.024342363564978,1.7320375111399218,12735.0,1.9285714285714286
712.7992872,3.087862754529421,5.587778912488255,12474.0,1.9791666666666667
712.999287,2.6243364967025897,0.5975313756256274,12434.0,1.9791666666666667
713.1992868,2.6894148160155615,2.6120445967184973,12338.0,2.0
713.3992866,2.6109402815989644,2.1045634160079527,12358.0,1.96875
713.5992864,2.5802878395860285,1.1259237969312068,12368.0,2.0105263157894737
713.7992862,2.675996399050659,3.0284803412445376,12219.0,2.0319148936170213
713.999286,2.591451454723766,1.1828244127196268,12236.0,2.021276595744681
714.1992858,2.918639655032137,1.5393951141937303,12291.0,2.0210526315789474
714.3992856,2.479544530296869,0.1268802562618932,12295.0,2.021276595744681
714.5992854,2.923064277494657,3.183680128021516,12166.0,2.0106382978723403
714.7992852,2.652933935166188,1.1431886707287409,12185.0,2.0319148936170213
714.999285,2.6684365299787616,0.9797103629091518,12242.0,2.043010752688172
715.1992848,2.539584871605546,0.6267457813306141,12189.0,2.0531914893617023
715.3992846,2.803725991262056,1.8571482462596334,12131.0,2.021276595744681
715.5992844,2.511790321255443,1.1605110372115843,12171.0,2.043010752688172
715.7992842,2.892004238324232,2.3893662605208257,12269.0,2.021276595744681
715.999284,2.6085060875287924,1.892378278191449,12156.0,2.043010752688172
716.1992838,2.790131633413362,2.5601657458222666,12079.0,2.043010752688172
716.3992836,2.3298286281976983,0.38596731091044784,12079.0,2.064516129032258
716.5992834,2.431135743237654,0.7295907317498808,12089.0,2.064516129032258
716.7992832,2.446949602122016,0.3581798307358682,12064.0,2.0652173913043477
716.999283,2.476276920537998,1.001616996930767,12119.0,2.053763440860215
717.1992828,2.5148367952522257,0.7848739690041503,12132.0,2.043010752688172
717.3992826,2.7868947761813803,2.1232775643330912,12041.0,2.0760869565217392
717.5992824,2.664453481616732,0.16621709683946956,12049.0,2.043010752688172
717.7992822,18.219561859289424,32.27819651700708,14242.0,1.9803921568627452
717.999282,7.547819589729657,8.174454391576177,14722.0,2.0693069306930694
718.1992818,9.329924928811804,10.664325857862261,15452.0,1.97196261682243
718.3992816,4.669522240527183,5.328267239745814,15175.0,2.038095238095238
718.5992814,5.077288179077673,11.690787951347277,15591.0,2.0754716981132075
718.7992812,5.681558748277898,16.115970080261217,15243.0,2.237623762376238
718.999281,3.567817437097718,103.60182730110472,17090.0,3.9504950495049505
719.1992808,2.7350753636543144,97.66018526158099,15193.0,2.313131313131313
719.3992806,2.577019535374868,1.4095299918662747,15152.0,2.313131313131313
719.5992804,2.504481349677079,0.3824511884587837,15174.0,2.3333333333333335
719.7992802,2.5367462725953294,0.6180148749903557,15158.0,2.3333333333333335
719.99928,9.005862699363298,27.729876055488646,15863.0,2.104761904761905
720.1992798,3.7120622568093387,99.62840764407925,17219.0,3.7766990291262137
720.3992796,2.5906316262931313,98.66242647546567,15563.0,2.1862745098039214
720.5992794,2.833556875518937,0.5388004372925337,15657.0,2.196078431372549
720.7992792,7.320122699386503,26.52066884667177,16300.0,2.1132075471698113
720.999279,3.8563482930571538,15.04538252453177,15642.0,2.235294117647059
721.1992788,2.6431420483787957,3.9754323340819013,15544.0,2.277227722772277
721.3992786,2.642588265835929,1.9649148414918571,15408.0,2.27
721.5992784,2.4589899250839578,1.0690961343703722,15484.0,2.27
721.7992782,15.005673088287436,38.044470865112224,16922.0,1.826086956521739
721.999278,8.201899545507517,146.29447783889293,17162.0,3.3333333333333335
722.1992778,,192.1070536744674,39746.0,3.576687116564417
722.3992776,,253.14373214362067,14269.0,2.0096153846153846
722.5992774,27.652592639836723,117.38979662957159,15679.0,1.9115044247787611
722.7992772,,282.9182414362942,40159.0,3.6375
722.999277,8.140594202201818,15.084482026124364,41602.0,3.6835443037974684
723.1992768,5.207495137025091,27.538541604987568,40613.0,3.7070063694267517
723.3992766,5.288102877769979,5.631809106910795,39892.0,3.7548387096774194
723.5992764,4.999117971334068,13.970208952672643,40815.0,3.6835443037974684
723.7992762,,313.7300538057361,17468.0,1.923728813559322
723.999276,,308.543253522571,40794.0,3.660377358490566
724.1992758,5.796793061718435,29.846763734514024,39664.0,3.64375
724.3992756,4.831478251949118,11.344844625729692,38992.0,3.5644171779141103
724.5992754,,298.2505222486226,13987.0,1.6886792452830188
724.7992752,,315.7165201063553,37576.0,3.730769230769231
724.999275,,307.6089964226151,13648.0,1.7142857142857142
725.1992748,11.369258662369058,14.968722816952427,14892.0,1.709090909090909
725.3992746,,311.00148945829346,37940.0,3.730769230769231
725.5992744,2.44667582707959,1.7787464295935764,37844.0,3.730769230769231
725.7992742,,299.6179579302587,14048.0,1.7850467289719627
725.999274,2.884169054441261,2.962270933645575,13960.0,1.8285714285714285
726.1992738,,299.17022633561993,37775.0,3.7419354838709675
726.3992736,2.36266758336198,0.9308822056183698,37817.0,3.7483870967741937
726.5992734,2.3631095705553937,0.9332509975883581,37793.0,3.761290322580645
726.7992732,,299.1092640131892,13907.0,1.8461538461538463
726.999273,4.907323395981853,6.88343251377936,13887.0,1.7547169811320755
727.1992728,3.5453245639119246,3.009907625959204,13988.0,1.7169811320754718
727.3992726,3.2320510938188223,7.258193114661218,13622.0,1.7428571428571429
727.5992724,3.2515888669734823,6.1737828076808325,13689.0,1.7075471698113207
727.7992722,,300.5060852967251,37516.0,3.730769230769231
727.999272,13.90231343647811,42.064583947335,40978.0,3.2099447513812156
728.1992718,12.692743533716143,53.02700569672343,39358.0,3.5644171779141103
728.3992716,,326.95610104036416,15255.0,1.97196261682243
728.5992713999999,,331.08167463138096,39110.0,3.730769230769231
728.7992711999999,,322.82875102182794,15069.0,2.066666666666667
728.9992709999999,20.253323569175304,80.42521396043301,17752.0,1.9115044247787611
729.1992707999999,,297.2263161887238,44761.0,3.548780487804878
729.3992705999999,5.5204713833889345,17.797873320102763,46162.0,3.4790419161676644
729.5992703999999,5.9222555463382465,12.137605507850221,47013.0,3.4437869822485205
729.7992701999999,,290.75096770110383,20274.0,2.061946902654867
729.9992699999999,4.297558922558922,20.576710670264053,19008.0,2.18348623853211
730.1992697999999,,317.72477709085905,43900.0,3.660377358490566
730.3992695999999,2.5278996156454894,2.294632401621651,44230.0,3.660377358490566
730.5992693999999,,333.29192226216446,20037.0,2.259259259259259
730.7992691999999,4.872906155398587,20.73935768803261,19820.0,2.287037037037037
730.9992689999999,3.950026581605529,12.679289945827003,18810.0,2.375
731.1992687999999,2.8511276584346708,2.938572022283478,18667.0,2.407766990291262
731.3992685999999,,302.39011334307907,44407.0,3.772727272727273
731.5992683999999,,299.7754694439296,18502.0,2.4313725490196076
731.7992681999999,2.5716766142159524,1.5307498600250677,18430.0,2.4554455445544554
731.9992679999999,2.7887004429080697,3.139147294834939,18514.0,2.4554455445544554
732.1992677999999,17.82629084308189,83.4773971270986,19832.0,2.0434782608695654
732.3992675999999,,362.0634924788785,44836.0,3.7070063694267517
732.5992673999999,14.151408664041199,45.3520961408378,49515.0,3.2513966480446927
732.7992671999999,9.281171791204862,93.90658716246327,44752.0,3.4583333333333335
732.9992669999999,3.4440206209399635,19.070012648308744,43257.0,3.6024844720496896
733.1992667999999,,284.35296951946174,18354.0,2.1481481481481484
733.3992665999999,3.138684922431403,3.6906979716660393,18113.0,2.207547169811321
733.5992663999999,2.7391836961968927,4.148817190704274,17959.0,2.207547169811321
733.7992661999999,7.489716422561545,11.287663723542785,19254.0,2.172727272727273
733.9992659999999,3.6743055555555557,14.212038032024923,18720.0,2.2336448598130842
734.1992657999999,8.873322518802537,10.674867522047979,20343.0,2.150442477876106
734.3992655999999,,274.9679043139139,46036.0,3.6375
734.5992653999999,,262.3946113308733,20068.0,2.336448598130841
734.7992651999999,3.7317137298206866,19.87420069664857,19017.0,2.2616822429906542
734.9992649999999,2.9143221148741905,4.818509985730644,18838.0,2.30188679245283
735.1992647999999,2.658510467419821,2.6367291199704748,18677.0,2.323809523809524
735.3992645999999,2.9960044749880135,5.108488785710823,18771.0,2.323809523809524
735.5992643999999,2.6707219465343366,3.8811205593660008,18741.0,2.342857142857143
735.7992641999999,2.5596718850525413,2.5147520855156684,18652.0,2.3653846153846154
735.9992639999999,2.4868935942106676,1.1104630591182683,18655.0,2.3653846153846154
736.1992637999999,2.524978466838932,2.2444269507435144,18576.0,2.375
736.3992635999999,2.517181759239248,0.9848000587520657,18508.0,2.3653846153846154
736.5992633999999,2.5050412465627865,0.48655891997230666,18547.0,2.3980582524271843
736.7992631999999,2.4777465701631196,0.9431726174639824,18514.0,2.3980582524271843
736.9992629999999,2.4341156702260287,0.890940730869599,18449.0,2.3980582524271843
737.1992627999999,,274.8312596398745,43537.0,3.779220779220779
737.3992625999999,,274.88660229368,18476.0,2.4215686274509802
737.5992623999999,2.4349926714076324,1.5034986876398788,18421.0,2.3980582524271843
737.7992621999999,2.4609948355531395,0.7971004354794379,18395.0,2.3980582524271843
737.9992619999999,3.7664930555555554,3.90878445800807,18432.0,2.375
738.1992617999999,3.426188262320188,14.870647026079027,18283.0,2.342857142857143
738.3992615999999,2.753257418153947,5.656373254875615,18266.0,2.375
738.5992613999999,2.9679592507394017,4.8386678141849355,18258.0,2.342857142857143
738.7992611999999,2.519890410958904,1.4080745509954908,18250.0,2.3653846153846154
738.9992609999999,2.4492324561403507,0.798733074618154,18240.0,2.3653846153846154
739.1992607999999,2.4474552050126417,0.8237275423005999,18194.0,2.375
739.3992605999999,2.4565971266582265,1.4927223156129987,18167.0,2.3653846153846154
739.5992603999999,2.4075701807394387,0.7118202767271611,18203.0,2.375
739.7992601999999,2.5068583342477777,2.351433394023029,18226.0,2.375
739.9992599999999,2.4491893377301457,1.5908275114654884,18195.0,2.3846153846153846
740.1992597999999,,275.26294919711404,43101.0,3.779220779220779
740.3992595999999,,273.64786325231205,18165.0,2.375
740.5992593999999,,273.4450904377157,43041.0,3.779220779220779
740.7992591999999,,272.9940144546181,18146.0,2.375
740.9992589999999,2.4278461453562166,0.7745950547857925,18121.0,2.375
741.1992587999999,,274.60514146063235,42992.0,3.772727272727273
741.3992585999999,,273.9283190309833,18099.0,2.355769230769231
741.5992583999999,,272.58981819654747,43020.0,3.779220779220779
741.7992581999999,,273.88046626931896,18087.0,2.3980582524271843
741.9992579999999,2.4478066050782763,1.332033738329272,18077.0,2.375
742.1992577999999,2.4230364753417835,1.2997328628845815,18067.0,2.378640776699029
742.3992575999999,2.573169380746649,1.2741740439818225,18054.0,2.3980582524271843
742.5992573999999,2.399412221359654,0.4880802471119783,18034.0,2.3980582524271843
742.7992571999999,2.3843937042784304,0.27998470556719507,18044.0,2.3980582524271843
742.999257,2.4257985803016857,0.20533031003208516,18032.0,2.3883495145631066
743.1992568,2.4251566746159394,0.0343825083356538,18031.0,2.3980582524271843
743.3992566,2.4278341934409857,0.37649333300761134,18021.0,2.3883495145631066
743.5992564,2.498805090868671,0.9059606790963929,17993.0,2.3883495145631066
743.7992562,,243.4249126941985,32461.0,3.255639097744361
743.999256,,289.0054443200888,19511.0,2.5436893203883497
744.1992558,7.830568148934118,37.19491228426333,20734.0,2.5728155339805827
744.3992556,4.518475567972168,51.052400392373904,18971.0,2.3714285714285714
744.5992554,3.6762319629730467,12.844467511610727,18365.0,2.3714285714285714
744.7992552,2.811957935819601,1.2730992377562769,18448.0,2.3904761904761904
744.999255,2.504643458426112,0.677891564428324,18413.0,2.4134615384615383
745.1992548,2.7409844982322547,1.4759381778002,18385.0,2.4134615384615383
745.3992546,2.480959634424981,1.4234848761116394,18382.0,2.4134615384615383
745.5992544,2.45128877238969,0.8300851851155742,18312.0,2.436893203883495
745.7992542,2.5938464871892095,3.041689598769154,18461.0,2.423076923076923
745.999254,2.6587960701297293,2.379486140844773,18423.0,2.4326923076923075
746.1992538,2.428454842219804,0.9317770645762041,18380.0,2.4326923076923075
746.3992536,2.4300805924635154,0.7510962266016992,18364.0,2.4563106796116503
746.5992534,2.392332789559543,0.21358185301218138,18390.0,2.4563106796116503
746.7992532,2.364383710801394,0.2698584714088859,18368.0,2.4563106796116503
746.999253,2.514499837080482,1.1874448773749027,18414.0,2.4466019417475726
747.1992528,2.493885127757152,2.618894640937614,18316.0,2.4563106796116503
747.3992526,,276.7623871568477,43395.0,3.779220779220779
747.5992524,,278.1542828828441,18354.0,2.4466019417475726
747.7992522,2.429639737991266,0.3351258465442769,18320.0,2.4466019417475726
747.999252,2.8520829911862924,2.203144660254714,18267.0,2.480392156862745
748.1992518,2.4568536251709987,0.37403158897106475,18275.0,2.4466019417475726
748.3992516,2.795395998903809,1.0255222560278061,18245.0,2.4563106796116503
748.5992514,2.474000436967446,0.45349587220771637,18308.0,2.4563106796116503
748.7992512,2.530015364354697,2.1679046079356827,18224.0,2.4466019417475726
748.999251,2.9116082689038767,1.7577942533732303,18237.0,2.4563106796116503
749.1992508,2.483856797715792,0.6806770180075392,18212.0,2.4563106796116503
749.3992506,2.43186054160728,0.14251789028081432,18242.0,2.4563106796116503
749.5992504,2.812706634339872,2.551528121233242,18148.0,2.4705882352941178
749.7992502,2.412805113229379,0.1869685192414698,18149.0,2.480392156862745
749.99925,2.3852933076287526,0.7984338299775375,18155.0,2.4563106796116503
750.1992498,2.402314049586777,0.20733067981696618,18150.0,2.4466019417475726
750.3992496,2.4735914523324336,0.8040014657602723,18157.0,2.4466019417475726
750.5992494,2.4306059606290553,0.7265531537185385,18186.0,2.4466019417475726
750.7992492,2.4580354196458036,1.3072644403652418,18182.0,2.4466019417475726
750.999249,2.4527261701306577,0.9520706061281247,18139.0,2.480392156862745
751.1992488,2.410894085281981,1.5686503964540977,18175.0,2.4563106796116503
751.3992486,10.63961038961039,26.30162886629082,19712.0,2.1981981981981984
751.5992484,4.3595684562034425,20.792839433508494,19465.0,2.150442477876106
751.7992482,3.6690520694259012,8.056810947808888,18725.0,2.2477064220183487
751.999248,2.624553737944264,3.1706550196913112,18767.0,2.2752293577981653
752.1992478,2.921642191017258,4.972560469812996,18658.0,2.2477064220183487
752.3992476,2.476760977696957,0.8517724696207001,18697.0,2.287037037037037
752.5992474,2.482699425996459,0.8097581662286361,18641.0,2.287037037037037
752.7992472,2.4295926045361713,0.6753926935534942,18606.0,2.2777777777777777
752.999247,,270.6654242921229,43291.0,3.660377358490566
753.1992468,,269.8781908538358,18599.0,2.2777777777777777
753.3992466,2.471388041325411,2.404761530246192,18681.0,2.287037037037037
753.5992464,2.5223319733734164,1.2603903029399313,18628.0,2.287037037037037
753.7992462,2.4470328724377253,0.4132455516258898,18587.0,2.308411214953271
753.999246,2.4129919137466307,1.2397314656137204,18550.0,2.289719626168224
754.1992458,,271.7723330680312,43199.0,3.6835443037974684
754.3992456,,271.7503047093366,18551.0,2.308411214953271
754.5992454,2.5502244820684807,1.6403564442744514,18487.0,2.2990654205607477
754.7992452,2.8754798594214654,1.8326658365697892,18495.0,2.308411214953271
754.999245,2.993048128342246,3.337797457736629,18700.0,2.2962962962962963
755.1992448,2.484583154275892,0.9591147540660054,18616.0,2.2777777777777777
755.3992446,3.273965829808273,15.0749105982946,18203.0,2.074074074074074
755.5992444,2.458901504862281,9.784611343845405,18407.0,2.287037037037037
755.7992442,2.613862456747405,1.9216946071655716,18496.0,2.2685185185185186
755.999244,2.54113124656782,6.9551655140229345,18210.0,2.0841121495327104
756.1992438,2.6115346912101076,8.013063270892017,18362.0,2.2685185185185186
756.3992436,2.4785022314139544,0.7560682754819996,18374.0,2.308411214953271
756.5992434,2.603982300884956,12.23429982494248,18080.0,2.0555555555555554
756.7992432,2.457816851417026,10.749550294915851,18313.0,2.289719626168224
756.999243,2.468423913043478,1.1431600612481674,18400.0,2.2990654205607477
757.1992428,2.5800894122778324,1.5940739088064033,18342.0,2.2990654205607477
757.3992426,2.4652368478498143,1.470629591375458,18324.0,2.2685185185185186
757.5992424,2.4090063471219083,0.686136176905803,18276.0,2.2990654205607477
757.7992422,2.442034527972028,0.4648262978916662,18304.0,2.2803738317757007
757.999242,2.464447971974383,0.42551402148156064,18269.0,2.289719626168224
758.1992418,2.448659612959816,0.36384339852656966,18241.0,2.289719626168224
758.3992416,2.679953560371517,6.887054594066256,18088.0,2.074766355140187
758.5992414,2.6675575433620597,9.875803639204104,18334.0,2.317757009345794
758.7992412,2.5946419766613706,4.08375413130115,18253.0,2.2990654205607477
758.999241,2.4859029859029858,9.037421750103961,18018.0,2.074766355140187
759.1992408,2.4139782001424113,9.391838320667802,18257.0,2.2990654205607477
759.3992406,2.448423361667124,0.8863354819811083,18235.0,2.2803738317757007
759.5992404,2.431102578167855,0.16908380937148024,18230.0,2.2990654205607477
759.7992402,2.668688524590164,4.012765086121865,18300.0,2.2990654205607477
759.99924,2.4366912366912366,0.6029187582219813,18315.0,2.308411214953271
760.1992398,2.6558068225373708,2.870367253300484,18263.0,2.2803738317757007
760.3992396,2.599113573407202,8.182756523161977,18050.0,2.0654205607476634
760.5992394,2.445988836598446,9.40633406449114,18274.0,2.2990654205607477
760.7992392,2.68967412210804,3.466841365067022,18197.0,2.2803738317757007
760.999239,2.43213677093068,0.5419077029035725,18191.0,2.289719626168224
761.1992388,2.47094331339516,0.7887697062586736,18223.0,2.2990654205607477
761.3992386,2.4488327382587203,0.1488925459678726,18205.0,2.2803738317757007
761.5992384,2.547538107248602,1.9006398688193782,18238.0,2.289719626168224
761.7992382,2.4687191848362002,0.30646027274441845,18254.0,2.289719626168224
761.999238,2.605258824175221,2.4016863080695474,18217.0,2.289719626168224
762.1992378,2.415715539947322,0.5644936931470821,18224.0,2.3207547169811322
762.3992376,2.4675951310450706,2.2152863405594365,18238.0,2.289719626168224
762.5992374,2.460823153956201,1.0799897011180282,18174.0,2.3207547169811322
762.7992372,2.424797754664025,0.34678030620298805,18171.0,2.2803738317757007
762.999237,2.5139026812313805,2.109179146993224,18126.0,2.289719626168224
763.1992368,2.436814549462662,0.410857724339218,18145.0,2.311320754716981
763.3992366,2.4030541926236286,0.8434661869303246,18139.0,2.311320754716981
763.5992364,2.424534007807775,1.3437907171574948,18187.0,2.2990654205607477
763.7992362,2.462930370696293,0.48638573922088646,18182.0,2.289719626168224
763.999236,2.47993632321458,1.3214530851957995,18217.0,2.289719626168224
764.1992358,2.403968427976321,0.6073024389589433,18244.0,2.2990654205607477
764.3992356,2.421708575820797,0.22987577680179253,18214.0,2.3207547169811322
764.5992354,2.4631885012069343,0.9103082654245052,18228.0,2.289719626168224
764.7992352,,268.4015756959378,42899.0,3.7070063694267517
764.999235,,267.12232128067683,18125.0,2.30188679245283
765.1992348,2.4793278797258456,1.9176297220077618,18092.0,2.311320754716981
765.3992346,2.4259473771305644,0.3769308858504239,18129.0,2.2990654205607477
765.5992344,2.4322623385226896,0.5829156462415871,18114.0,2.289719626168224
765.7992342,2.5074125103334253,1.3677158844633086,18145.0,2.3207547169811322
765.999234,2.4981767955801106,1.4323143183215372,18100.0,2.3207547169811322
766.1992338,2.41778662684586,0.2608234343341949,18081.0,2.3207547169811322
766.3992336,2.4401990599944705,1.4185598296235147,18085.0,2.3207547169811322
766.5992334,,237.25494674230595,32532.0,3.1605839416058394
766.7992332,,240.1870105336364,18227.0,2.330188679245283
766.999233,2.664071988517169,3.587053585507689,18114.0,2.2990654205607477
767.1992328,2.7336890747056883,3.374980919998405,18178.0,2.3207547169811322
767.3992326,5.097087378640777,19.084639372285224,18746.0,2.2803738317757007
767.5992324,4.304457758478535,22.71932352615009,18193.0,2.3846153846153846
767.7992322,4.009397669817543,19.193153047619575,18196.0,2.4271844660194173
767.999232,5.854393437450702,21.76898800277584,19017.0,2.3714285714285714
768.1992318,4.714986826471044,22.734808482024984,19357.0,2.466666666666667
768.3992316,3.9709526068849175,19.08703046710481,18969.0,2.4423076923076925
768.5992314,2.86880714437593,1.9844426720988002,18812.0,2.4563106796116503
768.7992312,2.6465361285516655,1.5512197016236384,18794.0,2.4563106796116503
768.999231,2.528323021122253,1.0705723030456362,18748.0,2.466019417475728
769.1992308,2.5801796023091725,1.241349643932846,18708.0,2.480392156862745
769.3992306,2.6143769796531915,0.7457974065559427,18627.0,2.514851485148515
769.5992304,2.658603451056281,2.0085252442237205,18603.0,2.5247524752475248
769.7992302,2.664017919044318,1.0965590450519958,18751.0,2.5098039215686274
769.99923,5.599034323501627,17.363981814691257,19054.0,2.330188679245283
770.1992298,3.453004372941748,10.826664171431428,18523.0,2.361904761904762
770.3992296,2.754077183917326,3.12327271630743,18579.0,2.4038461538461537
770.5992294,2.5855967299521327,1.015407447278853,18593.0,2.394230769230769
770.7992292,2.772941112853512,4.973943593551922,18493.0,2.394230769230769
770.999229,2.5555975998702634,2.0210122844283127,18499.0,2.407766990291262
771.1992288,2.532224758178459,2.3550480261854134,18402.0,2.4174757281553396
771.3992286,2.4684635826237864,1.7911020794954244,18439.0,2.4271844660194173
771.5992284,2.5884818463883295,2.962402981922827,18371.0,2.4174757281553396
771.7992282,2.489949338127145,1.5548070554959466,18357.0,2.436893203883495
771.999228,2.451350613915416,1.2163423275213745,18325.0,2.4271844660194173
772.1992278,,2.8490740630068023,18120.0,2.4411764705882355
772.3992276,,2.624412145180834,18326.0,2.4174757281553396
772.5992274,2.6247957293822854,2.2148991700197977,18358.0,2.4174757281553396
772.7992271999999,2.6233191210232865,2.081603515987784,18294.0,2.4607843137254903
772.9992269999999,2.4618883226478165,2.551076065577139,18249.0,2.450980392156863
773.1992267999999,2.4502026952996605,0.6677301428699146,18254.0,2.4411764705882355
773.3992265999999,2.460464352206768,0.9246870481573611,18262.0,2.450980392156863
773.5992263999999,2.4458148330866636,0.9150382852330312,18243.0,2.4174757281553396
773.7992261999999,2.441657997043202,0.5830075479667193,18263.0,2.4411764705882355
773.9992259999999,2.457917808219178,0.6200229320480077,18250.0,2.4411764705882355
774.1992257999999,2.529550438596491,0.9773775147809645,18240.0,2.407766990291262
774.3992255999999,2.4650052149091506,0.6648355718089837,18217.0,2.4313725490196076
774.5992253999999,2.5974204171240394,1.1239202803258255,18220.0,2.4174757281553396
774.7992251999999,3.8409456416854293,7.703600380721173,18654.0,2.375
774.9992249999999,3.187907177085016,3.8875538026836685,18573.0,2.394230769230769
775.1992247999999,2.4731891891891893,1.3153943559015153,18500.0,2.4174757281553396
775.3992245999999,2.4700873244020176,0.7277213360661496,18437.0,2.4271844660194173
775.5992243999999,,3.6813011568395417,18192.0,2.4411764705882355
775.7992241999999,,3.7657073406670896,18382.0,2.407766990291262
775.9992239999999,2.505115924676173,1.3312139383068644,18374.0,2.407766990291262
776.1992237999999,2.6647119509149158,3.156951809250889,18417.0,2.4271844660194173
776.3992235999999,2.4795442213781875,0.2426707674043848,18430.0,2.4271844660194173
776.5992233999999,3.0405129055435802,7.061712154052126,18093.0,2.3980582524271843
776.7992231999999,4.182779947916667,10.24783598385176,18432.0,2.394230769230769
776.9992229999999,2.58076776890916,2.295021833246172,18417.0,2.3846153846153846
777.1992227999999,2.6540880503144653,4.486841773387078,18444.0,2.407766990291262
777.3992225999999,2.5204364110079793,0.8416567057069373,18423.0,2.4174757281553396
777.5992223999999,2.4452598390954554,0.1678103931838785,18396.0,2.407766990291262
777.7992221999999,2.7955445544554456,7.282048940402055,18180.0,2.407766990291262
777.9992219999999,2.621572713314323,3.080991649342066,18236.0,2.3846153846153846
778.1992217999999,,2.702286067949591,18022.0,2.4411764705882355
778.3992215999999,,3.472957993394937,18245.0,2.4174757281553396
778.5992213999999,2.7837544145612605,3.0191222458194615,18405.0,2.3846153846153846
778.7992211999999,2.9700766987144864,2.2905646204974084,18514.0,2.3653846153846154
778.9992209999999,2.508460831486187,1.68390618719129,18497.0,2.3846153846153846
779.1992207999999,2.7260665552019847,1.7911302952499553,18541.0,2.375
779.3992205999999,4.808845772701194,15.853150684441584,19173.0,2.466666666666667
779.5992203999999,3.651155428933207,7.977221517944369,18954.0,2.3904761904761904
779.7992201999999,4.522789352471747,4.302450550702541,18671.0,2.361904761904762
779.9992199999999,3.162945702828655,6.803014618338612,18454.0,2.4134615384615383
780.1992197999999,2.662073455216188,1.9175499824910134,18433.0,2.4038461538461537
780.3992195999999,2.536568098894516,1.7468076582024823,18363.0,2.436893203883495
780.5992193999999,2.573058239179084,1.3294528850025784,18321.0,2.4271844660194173
780.7992191999999,2.4519178231887224,0.4017406358049405,18302.0,2.436893203883495
780.9992189999999,2.462589138782227,2.4934736571182445,18230.0,2.4271844660194173
781.1992187999999,2.508495012605503,2.216640403382763,18246.0,2.436893203883495
781.3992185999999,2.434071961386573,0.8258600591710044,18232.0,2.4607843137254903
781.5992183999999,2.47241549334356,0.49731465373096445,18253.0,2.4607843137254903
781.7992181999999,2.6410101895474964,1.0463095785183572,18254.0,2.4271844660194173
781.9992179999999,2.4800087873462213,1.8390825704055203,18208.0,2.436893203883495
782.1992177999999,2.6842453298065796,2.2747652572120556,18147.0,2.4607843137254903
782.3992175999999,2.6837155584886982,1.6838307505529646,18183.0,2.4705882352941178
782.5992173999999,,280.4385855076075,43227.0,3.779220779220779
782.7992171999999,,277.96205711646144,18129.0,2.4607843137254903
782.9992169999999,2.47451261942895,1.7448391263913448,18107.0,2.4466019417475726
783.1992167999999,2.569660810960115,3.257043568246664,18102.0,2.4705882352941178
783.3992165999999,2.63292817679558,1.971569605995441,18100.0,2.450980392156863
783.5992163999999,2.4398610268571113,0.7157162128028947,18133.0,2.436893203883495
783.7992161999999,2.494510344827586,0.266881565245013,18125.0,2.4607843137254903
783.9992159999999,2.4500635604930086,0.32477738688307023,18093.0,2.450980392156863
784.1992157999999,2.540760418396148,1.6303120170976324,18069.0,2.4271844660194173
784.3992155999999,2.649342032511335,0.8903677660920367,18086.0,2.4607843137254903
784.5992153999999,2.5236044392910384,0.6693623260936914,18111.0,2.450980392156863
784.7992151999999,2.498311465426563,0.43179284447078664,18063.0,2.4607843137254903
784.9992149999999,2.5198472014615514,0.9481055335957698,18063.0,2.4607843137254903
785.1992147999999,2.4460439621283427,0.17580457022821214,18061.0,2.436893203883495
785.3992145999999,2.6067601899922677,2.9949454092868413,18106.0,2.4607843137254903
785.5992143999999,2.4959178006109415,2.182505269548094,18005.0,2.4607843137254903
785.7992141999999,2.479379724321921,2.430832365186843,17992.0,2.450980392156863
785.9992139999999,2.428112360795612,1.8964652150658887,18049.0,2.4607843137254903
786.1992137999999,2.467840141702646,0.6289137953444854,18066.0,2.4607843137254903
786.3992135999999,2.4732330494414336,0.38795128138530754,18082.0,2.4607843137254903
786.5992133999999,2.465709375173255,0.7583489492406397,18037.0,2.4705882352941178
786.7992131999999,2.4153283863107764,0.6313614945073759,18058.0,2.4607843137254903
786.9992129999999,2.3952122353984264,0.722137036601025,18046.0,2.4705882352941178
787.1992127999999,2.4295755160772594,1.1516254502910976,18069.0,2.4607843137254903
787.3992125999999,2.5702933985330074,1.4232489444724192,17996.0,2.4607843137254903
787.5992123999999,2.4532720628944746,2.3320508074711443,18062.0,2.450980392156863
787.7992121999999,2.4683965402528276,1.245898567825352,18036.0,2.4411764705882355
787.9992119999999,2.493228993228993,0.5881800784746175,18018.0,2.450980392156863
788.1992118,2.611493614658523,1.7401123215004177,18010.0,2.4607843137254903
788.3992116,2.4578493196150015,1.3593493317502308,18078.0,2.4607843137254903
788.5992114,2.4535864978902953,2.2489073238468573,18012.0,2.450980392156863
788.7992112,2.4581534373962137,0.7762621431707762,18066.0,2.4607843137254903
788.999211,,247.56226921929314,32559.0,3.263157894736842
789.1992108,,248.26234910949506,18050.0,2.4705882352941178
789.3992106,,278.1453123632474,43005.0,3.7908496732026142
789.5992104,,278.64355307248553,18005.0,2.4752475247524752
789.7992102,7.646044518758491,9.092338293893048,19138.0,2.361904761904762
789.99921,4.221564794759364,5.834043051895003,18929.0,2.2616822429906542
790.1992098,3.106086106737608,6.6408654702724546,18419.0,2.2830188679245285
790.3992096,3.216365324739171,2.0739859649005252,18307.0,2.292452830188679
790.5992094,2.549942719982543,1.7655792689970207,18331.0,2.3142857142857145
790.7992092,2.562794005032272,1.7227589709511364,18282.0,2.3142857142857145
790.999209,,277.68312677754403,42952.0,3.7483870967741937
791.1992088,,276.6673782586691,18244.0,2.355769230769231
791.3992086,2.453851644429803,0.40232117043719046,18213.0,2.3365384615384617
791.5992084,2.5312259905608605,0.8093269722424682,18222.0,2.355769230769231
791.7992082,2.416588900477576,0.37474748675464176,18217.0,2.3365384615384617
791.999208,2.6102541582038756,1.8514173235625406,18217.0,2.3653846153846154
792.1992078,2.4745074364743975,0.33878279308944864,18221.0,2.3653846153846154
792.3992076,2.462787253880327,0.6528087188613763,18233.0,2.3653846153846154
792.5992074,2.427811008066729,0.3688612084786713,18223.0,2.3653846153846154
792.7992072,2.54608999563128,2.997840633590423,18312.0,2.355769230769231
792.999207,,3.256829022439095,18041.0,2.349514563106796
793.1992068,,2.906608644785967,18232.0,2.3365384615384617
793.3992066,,277.4842648193578,43060.0,3.7483870967741937
793.5992064,,275.91666425714044,18210.0,2.3653846153846154
793.7992062,2.6830858583091337,2.0083105196830413,18251.0,2.355769230769231
793.999206,2.4324160704457896,2.2984245967808237,18170.0,2.3461538461538463
794.1992058,2.4379092159559836,0.7881778628727815,18175.0,2.355769230769231
794.3992056,2.433219366935039,1.9814461619782195,18134.0,2.355769230769231
794.5992054,,276.34793751887565,42975.0,3.779220779220779
794.7992052,,277.19601756546564,18123.0,2.3653846153846154
794.999205,2.630770078219676,1.0538460857795668,18154.0,2.3653846153846154
795.1992048,2.4424695977549113,0.3244888072116279,18173.0,2.3653846153846154
795.3992046,2.742433430729368,1.9583568820257542,18139.0,2.355769230769231
795.5992044,2.484938271604938,1.810422797219402,18225.0,2.3653846153846154
795.7992042,2.5275451740855,1.2768786217378707,18152.0,2.3653846153846154
795.999204,2.4483365411053066,0.3326033653183282,18185.0,2.3653846153846154
796.1992038,2.4572844946295787,0.25709272931364285,18155.0,2.3653846153846154
796.3992036,2.4247359154929575,0.637502762310555,18176.0,2.3653846153846154
796.5992034,2.4208930540242557,0.7495404848791671,18140.0,2.3653846153846154
796.7992032,2.455510922797557,1.0881138700797346,18173.0,2.375
796.999203,5.822945133487492,8.431025454687978,19028.0,2.2616822429906542
797.1992028,3.6947250280583614,7.425229815607262,18711.0,2.2777777777777777
797.3992026,2.7073340844465905,4.331687534465595,18639.0,2.308411214953271
797.5992024,2.5678540680154973,1.2289651025409387,18584.0,2.330188679245283
797.7992022,2.6376216216216215,2.337230204397175,18500.0,2.330188679245283
797.999202,2.4624139613029103,1.0927184119754718,18451.0,2.3523809523809525
798.1992018,2.6890642737445267,2.5411313979091905,18499.0,2.3207547169811322
798.3992016,2.5951401666847063,1.6468379198563674,18478.0,2.330188679245283
798.5992014,2.4964558194902873,0.9618790891674439,18481.0,2.339622641509434
798.7992012,2.4326486486486485,0.3315240081166021,18500.0,2.330188679245283
798.999201,2.4429573664328115,0.7127333354727229,18530.0,2.339622641509434
799.1992008,2.4079887421519808,1.351322271629733,18476.0,2.330188679245283
799.3992006,2.42585963770474,0.681983047901302,18438.0,2.339622641509434
799.5992004,2.4340400151819117,0.2363065903298474,18443.0,2.330188679245283
799.7992002,2.47151298314089,1.8497174870790023,18447.0,2.361904761904762
799.9992,7.342091678711542,20.492979721205398,19372.0,2.2222222222222223
800.1991998,5.53647295650792,14.79923874678252,18877.0,2.3904761904761904
800.3991996,4.044610072888694,4.309130612383176,18247.0,2.3523809523809525
800.5991994,3.2350030577639406,10.425903175175108,17987.0,2.342857142857143
800.7991992,3.1323845024285553,5.199836436619357,17706.0,2.3883495145631066
800.999199,2.628028368794326,1.8759495791557323,17625.0,2.3980582524271843
801.1991988,,277.35283286185773,42603.0,3.779220779220779
801.3991986,,278.91515821630003,17703.0,2.407766990291262
801.5991984,2.5769599819382516,1.1153640009423762,17717.0,2.4174757281553396
801.7991982,2.433137896042395,0.9528903009259059,17738.0,2.4174757281553396
801.999198,2.4281117696867063,0.6674761004306186,17715.0,2.407766990291262
802.1991978,2.5161563187277958,0.8575438512638727,17733.0,2.407766990291262
802.3991976,2.6018335125346614,1.8472750991753937,17671.0,2.450980392156863
802.5991974,2.4643260329645518,0.44744459250145624,17716.0,2.450980392156863
802.7991972,2.4333352141285336,0.5046422861697581,17723.0,2.450980392156863
802.999197,2.5014984450098954,0.3795580998104294,17685.0,2.4411764705882355
803.1991968,2.641172144594671,1.1997830252488004,17677.0,2.450980392156863
803.3991966,2.46120323730828,1.4056776014377967,17669.0,2.4411764705882355
803.5991964,2.4535948451277414,0.2640263036776359,17692.0,2.450980392156863
803.7991962,2.6961653583328626,0.202627765506242,17707.0,2.450980392156863
803.999196,,243.35096107297338,32265.0,3.2781954887218046
804.1991958,,244.93087527031415,17753.0,2.4607843137254903
804.3991956,,2.9182581082684678,17498.0,2.485148514851485
804.5991954,,4.440247973101247,17728.0,2.4607843137254903
804.7991952,7.519102772391384,31.749991670846647,19081.0,2.495145631067961
804.999195,3.109344868921666,0.5688157616789694,19187.0,2.533980582524272
805.1991948,3.761101106251608,4.9749092305357205,19435.0,2.548076923076923
805.3991946,3.5690558524572986,10.117976358194802,19086.0,2.480769230769231
805.5991944,4.739467605323947,15.133221829829724,18182.0,2.5098039215686274
805.7991942,3.0363068835222604,3.920147649806079,18261.0,2.5544554455445545
805.999194,2.6697871877211123,4.918636476963976,18373.0,2.5643564356435644
806.1991938,2.6801502613240418,1.0567590613923785,18368.0,2.5643564356435644
806.3991936,2.549733086392853,0.44427714734420287,18358.0,2.5643564356435644
806.5991934,2.7319255742893,1.9566263962650676,18327.0,2.5742574257425743
806.7991932,2.5955453901867886,4.066343519213593,18363.0,2.61
806.999193,2.9019195513857436,4.077033275433203,18546.0,2.59
807.1991928,13.93536140666367,53.0880465647534,20019.0,2.2017543859649122
807.3991926,4.376701556483541,23.623318700045644,18439.0,2.1944444444444446
807.5991924,3.2750683433570256,7.483677843295063,18290.0,2.2523364485981308
807.7991922,2.5274477447744776,1.3709383079797612,18180.0,2.2641509433962264
807.999192,2.5475678951137555,2.2850445406543853,18153.0,2.295238095238095
808.1991918,2.5110693976701817,1.0334858859292357,18113.0,2.295238095238095
808.3991916,2.5941075672986567,1.6411723779782044,18091.0,2.2857142857142856
808.5991914,10.281716220505766,43.091447079236644,18902.0,2.026315789473684
808.7991912,10.178021190561498,68.010533263996,19537.0,2.364485981308411
808.999191,3.68169633283294,8.134050067579468,18652.0,2.378640776699029
809.1991908,3.576878802828482,4.103985568156492,18243.0,2.3980582524271843
809.3991906,,299.3607768091872,43289.0,3.772727272727273
809.5991904,,300.52221321380966,18204.0,2.3980582524271843
809.7991902,2.719519585697758,2.521281795725071,18151.0,2.3980582524271843
809.99919,2.497497387382432,0.05482869486450018,18181.0,2.407766990291262
810.1991898,6.205456936226167,15.667391931364,18252.0,2.2710280373831777
810.3991896,6.023424306803944,16.422615144550427,18357.0,2.3653846153846154
810.5991894,3.999942879990861,5.336269904757008,17507.0,2.326923076923077
810.7991892,5.703553756185335,27.71343733696585,15561.0,2.123809523809524
810.999189,8.311988037966454,17.483749057342056,15382.0,1.8990825688073394
811.1991888,6.377898042359859,9.778350615666945,14967.0,1.834862385321101
811.3991886,,263.7279586538222,39573.0,3.4850299401197606
811.5991884,,427.5181739667993,12464.0,1.6470588235294117
811.7991882,,437.812689537586,38505.0,3.3257142857142856
811.999188,,441.5359900855117,13551.0,1.6213592233009708
812.1991878,14.74941360437842,12.835147863478348,12790.0,1.7524752475247525
812.3991876,,460.8596801413537,36695.0,3.88
812.5991874,2.7010312083367345,2.437034046124563,36753.0,3.88
812.7991872,2.544079980170206,2.8696351375953335,36309.0,3.9060402684563758
812.999187,2.7626709794139415,1.8425995222837108,36481.0,3.912751677852349
813.1991868,,446.0348928210584,12479.0,1.7128712871287128
813.3991866,,451.79041589764694,36299.0,3.912751677852349
813.5991864,,449.1078291537626,12146.0,1.73
813.7991862,,453.1421759278155,36245.0,3.912751677852349
813.999186,,445.6873699606809,13242.0,1.6320754716981132
814.1991858,17.67287501797785,42.85628873096114,13906.0,1.5045871559633028
814.3991856,18.340102879283855,16.476035520895937,14969.0,1.6126126126126126
814.5991854,,421.0049365868844,42302.0,3.4035087719298245
814.7991852,,253.41958678250117,21662.0,1.930232558139535
814.999185,7.120208630615559,29.100636373345772,20323.0,2.2857142857142856
815.1991848,,277.27858134784356,42525.0,3.5414012738853504
815.3991846,,263.61997706645917,20811.0,2.3392857142857144
815.5991844,,246.9318293176929,46032.0,3.5962732919254656
815.7991842,6.12910613794006,27.293341030501367,45846.0,3.6835443037974684
815.999184,3.4258658855622386,12.96620117364687,44723.0,3.7243589743589745
816.1991838,,310.8224983792751,18970.0,2.5096153846153846
816.3991836,3.8994257415310045,7.639412912081888,18981.0,2.4174757281553396
816.5991834,7.1935221849934,35.201703947304274,19698.0,2.4761904761904763
816.7991832,,305.47826324959345,42645.0,3.6578947368421053
816.9991829999999,,275.6884652811436,20133.0,2.6153846153846154
817.1991827999999,4.775998164295548,94.74253418813231,21790.0,3.925233644859813
817.3991825999999,3.530242214532872,5.715277755161949,21675.0,4.0285714285714285
817.5991823999999,3.298994055784179,2.645136712359681,21870.0,4.0285714285714285
817.7991821999999,2.8824376676269,87.08146488934939,20134.0,2.552380952380952
817.9991819999999,2.646790909513408,85.10310576149548,21517.0,4.0673076923076925
818.1991817999999,,166.1856519265021,33900.0,3.216417910447761
818.3991815999999,,160.51913803524232,21604.0,4.106796116504855
818.5991813999999,,163.37635883189247,33831.0,3.225563909774436
818.7991811999999,,165.80580390541436,21427.0,4.116504854368932
818.9991809999999,3.987980769230769,7.730197516231047,21632.0,4.097087378640777
819.1991807999999,10.66345505347336,115.79569379836691,20758.0,2.3394495412844036
819.3991805999999,,267.6653578477804,46327.0,3.548780487804878
819.5991803999999,5.6173000470226135,5.080407586719071,46786.0,3.6375
819.7991801999999,,279.51220699657284,22693.0,2.388888888888889
819.9991799999999,,1056.6871206682645,10497.0,5.490196078431373
820.1991797999999,7.51319124964792,1.7107285372378698,10651.0,5.137254901960785
820.3991795999999,,985.5121648697933,47702.0,3.660377358490566
820.5991793999999,,273.53227927766505,19737.0,2.364485981308411
820.7991791999999,4.420329946685444,16.655250173975723,19882.0,2.330275229357798
820.9991789999999,3.261507024265645,4.279579366040074,19575.0,2.361111111111111
821.1991787999999,3.7332156394413003,13.019344929833789,19259.0,2.364485981308411
821.3991785999999,3.3964548874117586,7.561045676976622,19407.0,2.383177570093458
821.5991783999999,2.652019002375297,3.09051508031157,19366.0,2.3738317757009346
821.7991781999999,3.2344831174236512,7.052899085190511,19221.0,2.4056603773584904
821.9991779999999,2.9451616288832914,6.244991694704363,19056.0,2.3773584905660377
822.1991777999999,,258.81423080790097,33097.0,3.1838235294117645
822.3991775999999,,252.71767029759891,19131.0,2.4
822.5991773999999,4.339869616549459,11.581382478033895,19481.0,2.383177570093458
822.7991771999999,3.056324212700052,1.4934450459262114,19370.0,2.383177570093458
822.9991769999999,3.4563807151383052,8.240026719967041,19269.0,2.383177570093458
823.1991767999999,3.1270689293945106,9.663844116760464,19092.0,2.3773584905660377
823.3991765999999,2.825792326939116,5.501477751676719,19184.0,2.3738317757009346
823.5991763999999,11.376290706910247,28.09036574921935,20144.0,2.302752293577982
823.7991761999999,,288.1597503804339,46938.0,3.580246913580247
823.9991759999999,,180.2750078629584,21525.0,3.7289719626168223
824.1991757999999,,206.04895564865186,42676.0,2.911949685534591
824.3991755999999,,176.07718304720535,24128.0,3.2564102564102564
824.5991753999999,19.256374165527227,97.14752704614484,24866.0,2.7218045112781954
824.7991751999999,,232.55488443034216,37846.0,3.432098765432099
824.9991749999999,,169.3860277902372,16878.0,2.933333333333333
825.1991747999999,9.490503996825217,26.23236631007523,17639.0,2.6403508771929824
825.3991745999999,7.268409308256296,16.15391268118801,18822.0,2.5126050420168067
825.5991743999999,4.909928962637601,14.2107326260909,18441.0,2.6814159292035398
825.7991741999999,3.2124902245559155,13.728252187896567,17902.0,2.690265486725664
825.9991739999999,,123.56675339847932,28606.0,3.034965034965035
826.1991737999999,,98.83506224374014,36678.0,3.490566037735849
826.3991735999999,,198.69770788506946,18845.0,2.558333333333333
826.5991733999999,4.396946153016079,12.503562032380593,18534.0,2.6782608695652175
826.7991731999999,3.747928863360212,8.662456670386248,18106.0,2.7142857142857144
826.9991729999999,,192.1116815829267,36506.0,3.475
827.1991727999999,3.5382027197532593,10.043496937913961,35665.0,3.518987341772152
827.3991725999999,2.76644624330179,7.42254051347008,35084.0,3.587096774193548
827.5991723999999,,183.95366906142016,16015.0,2.8333333333333335
827.7991721999999,2.6408672633303922,3.024786243081311,15866.0,2.8425925925925926
827.9991719999999,,184.38414115460742,34889.0,3.603896103896104
828.1991717999999,2.23167054363746,0.7895872402270094,34821.0,3.6103896103896105
828.3991715999999,,183.5987814766488,15776.0,2.869158878504673
828.5991713999999,2.36842771274913,2.577253738219722,15805.0,2.869158878504673
828.7991711999999,2.2675155200810844,0.6049091532984389,15786.0,2.9238095238095236
828.9991709999999,2.238544901451296,0.9716133331458279,15779.0,2.8867924528301887
829.1991707999999,2.242766497461929,0.9311356893768677,15760.0,2.8867924528301887
829.3991705999999,2.2658420551855376,0.7328847966476004,15765.0,2.8962264150943398
829.5991703999999,,184.41353644448208,34641.0,3.6578947368421053
829.7991701999999,,183.90153796255152,15759.0,2.914285714285714
829.9991699999999,2.4724399413751352,1.435086638922279,15693.0,2.914285714285714
830.1991697999999,2.450880326613932,1.6740883593698324,15676.0,2.914285714285714
830.3991695999999,2.184391736801836,0.4373512990146695,15684.0,2.914285714285714
830.5991693999999,2.322971079118359,1.3648575101464389,15698.0,2.914285714285714
830.7991691999999,,183.58634250616447,34669.0,3.7152317880794703
830.9991689999999,2.2037486281984635,0.848727940366889,34626.0,3.6578947368421053
831.1991687999999,,183.365237926136,15667.0,2.9423076923076925
831.3991685999999,2.346998722860792,1.1597144105665398,15660.0,2.9423076923076925
831.5991683999999,2.207489491784486,1.2356836810200904,15702.0,2.9423076923076925
831.7991681999999,2.304011754184234,0.9526964519670029,15654.0,2.914285714285714
831.9991679999999,2.3885582645421386,0.7063574582975346,15627.0,2.8867924528301887
832.1991677999999,2.2025682182985555,1.2175767053843853,15575.0,2.914285714285714
832.3991675999999,,182.6246118247096,34576.0,3.6578947368421053
832.5991673999999,,183.30557447988988,15623.0,2.914285714285714
832.7991671999999,2.2858421793068167,0.929918413918546,15638.0,2.914285714285714
832.9991669999999,2.3100012773023373,2.4809615490383266,15658.0,2.9326923076923075
833.1991668,6.004213225865543,13.760992014269766,16377.0,2.8425925925925926
833.3991666,,185.09441241471538,35175.0,3.6233766233766236
833.5991664,,202.24688009105722,17809.0,2.6495726495726495
833.7991662,6.0314174934428095,27.27762512537525,17538.0,2.7155172413793105
833.999166,4.7387507229612496,16.284653315970964,17290.0,2.7982456140350878
834.1991658,18.645288020069106,59.934326230553424,21127.0,2.2624113475177303
834.3991656,12.28418840082361,11.280628983042984,23312.0,2.3576642335766422
834.5991654,,734.267241899002,6916.0,5.918918918918919
834.7991652,,810.2450516186344,22062.0,2.725806451612903
834.999165,,196.75757113479355,38445.0,2.755952380952381
835.1991648,4.132567612012043,22.599461902613196,39527.0,3.3035714285714284
835.3991646,,172.5264217598403,20032.0,2.7333333333333334
835.5991644,,166.88580171196458,39993.0,3.2514619883040936
835.7991642,,168.869486993786,20288.0,2.7563025210084033
835.999164,,178.72683107893047,39239.0,3.3696969696969696
836.1991638,,175.2583245866272,20009.0,2.7711864406779663
836.3991636,2.3445016752512875,0.6365262200543428,19997.0,2.7711864406779663
836.5991634,,167.78146617548398,39863.0,3.289940828402367
836.7991632,,176.46857196477404,19529.0,2.691666666666667
836.999163,8.474707950550073,59.61101515655119,17634.0,2.6324786324786325
837.1991628,,217.4029414512282,34117.0,3.7567567567567566
837.3991626,,188.96579233244168,14731.0,3.0721649484536084
837.5991624,,183.77659721049278,33543.0,3.7315436241610738
837.7991622,,246.79915810329314,18747.0,2.183206106870229
837.999162,10.660791589363019,48.54608472557695,16170.0,2.4482758620689653
838.1991618,5.394786758857003,15.1003168200349,16343.0,2.6228070175438596
838.3991616,11.888793671720501,73.56056744617422,15170.0,3.292929292929293
838.5991614,20.36917098445596,98.67493988886551,16212.0,3.3883495145631066
838.7991612,13.263920671243326,71.93090508931954,17043.0,3.656862745098039
838.999161,11.261987721918036,62.30636559733495,18081.0,3.93
839.1991608,10.014692032397814,164.26163993520518,15927.0,2.2475247524752477
839.3991606,9.498885340724227,70.27007184214406,16597.0,2.3535353535353534
839.5991604,9.602233077459875,41.58113724654701,17196.0,2.326923076923077
839.7991602,5.775529579303388,26.49450952533793,16853.0,2.494949494949495
839.99916,12.388165422546722,57.44557353401153,18353.0,2.276190476190476
840.1991598,18.812474727052162,44.564094641150504,19784.0,2.1588785046728973
840.3991596,23.368959829225695,77.59654142671545,20612.0,1.489051094890511
840.5991594,,300.4667700983425,43613.0,2.1839622641509435
840.7991592,,283.31891102030187,22403.0,1.103030303030303
840.999159,8.767143468136673,47.1190129063691,21043.0,1.1578947368421053
841.1991588,,1012.074323444808,8583.0,3.7708333333333335
841.3991586,,1046.6766198615856,16271.0,1.7321428571428572
841.5991584,,278.75822265641034,40450.0,3.5060240963855422
841.7991582,,275.5891520788162,14353.0,1.7884615384615385
841.999158,10.479210945802338,42.22960831569191,15056.0,1.724770642201835
842.1991578,5.409208988180283,16.070174045295435,15398.0,1.809090909090909
842.3991576,3.6491729223410614,16.66224671720859,15053.0,1.787037037037037
842.5991574,3.7562549381090333,8.472468430985513,15188.0,1.7181818181818183
842.7991572,3.0889558496004192,6.31310821899966,15266.0,1.7339449541284404
842.999157,2.984761147551845,7.793507750680061,15093.0,1.7407407407407407
843.1991568,2.6363153350601047,3.562237732158053,15057.0,1.7407407407407407
843.3991566,2.367132401862941,2.4503900423944804,15030.0,1.7314814814814814
843.5991564,3.066851448558041,7.0809050672726075,15153.0,1.7407407407407407
843.7991562,3.111490558457212,4.1719389538976435,14934.0,1.7314814814814814
843.999156,3.0868173634726945,4.25337687632178,14997.0,1.75
844.1991558,2.9773380573567754,2.025470837176599,14959.0,1.7407407407407407
844.3991556,2.9778704513351717,5.4773416598247096,14867.0,1.7407407407407407
844.5991554,2.6243023334005784,3.0463598461109163,14871.0,1.7757009345794392
844.7991552,,256.2360319876977,36193.0,3.6103896103896105
844.999155,,255.019683574161,14783.0,1.7476635514018692
845.1991548,2.2807159743329954,0.8246258160985639,14805.0,1.7570093457943925
845.3991546,,256.9420336415116,36212.0,3.6103896103896105
845.5991544,,255.45737280099482,14737.0,1.7314814814814814
845.7991542,2.382652368671101,1.9874091286721687,14734.0,1.7476635514018692
845.999154,,252.75476698982985,36286.0,3.6103896103896105
846.1991538,,258.5308627045769,14958.0,1.7
846.3991536,,226.48337501848533,40840.0,3.3257142857142856
846.5991534,,269.76027617605155,16397.0,1.5833333333333333
846.7991532,3.8697031920851224,9.778195756628989,16071.0,1.6810344827586208
846.999153,4.859180912556881,21.864946577241213,16262.0,1.7964601769911503
847.1991528,12.64066403864305,49.30916176333471,18011.0,1.8333333333333333
847.3991526,8.634495140221631,65.20612914149123,16153.0,2.057142857142857
847.5991524,,314.18955682822093,40559.0,3.803921568627451
847.7991522,,288.1613126260521,15951.0,2.019230769230769
847.999152,4.898997637745004,15.54579966230858,15663.0,2.0
848.1991518,3.907131661442006,13.822392464553792,15312.0,1.9805825242718447
848.3991516,2.6835137602712926,0.7295991764027314,15334.0,1.970873786407767
848.5991514,3.4526650755767703,1.8627208964828854,15084.0,2.0
848.7991512,,283.5189317392442,39667.0,3.717948717948718
848.999151,,290.3531927517636,15007.0,1.9215686274509804
849.1991508,2.825263438708817,1.697955063690525,14994.0,1.9313725490196079
849.3991506,3.0454122958438457,3.8381306997087536,15062.0,1.9313725490196079
849.5991504,12.927897252090801,17.161215525774818,16740.0,2.057142857142857
849.7991502,7.804337767495662,29.124483674500468,17290.0,2.1923076923076925
849.99915,5.234485582265894,10.48516144558278,17097.0,2.3465346534653464
850.1991498,9.732678581012182,38.44939611000057,18633.0,2.4356435643564356
850.3991496,3.379528838342811,5.988496230315984,18465.0,2.484848484848485
850.5991494,5.32555596062705,62.59999801579894,16458.0,2.3
850.7991492,3.975621768037429,6.65768135216137,16244.0,2.28
850.999149,8.226344621513944,9.406503739134683,16064.0,2.0
851.1991488,5.915357652862521,8.896648423511783,15406.0,1.9523809523809523
851.3991486,,283.8228849588206,41051.0,3.558282208588957
851.5991484,4.186955982641042,5.586809243915705,40325.0,3.5925925925925926
851.7991482,,295.63439698163774,15220.0,1.8888888888888888
851.999148,,265.58145539795316,40161.0,3.7070063694267517
852.1991478,,320.42912401687613,15517.0,2.17
852.3991476,,323.9688690253096,40374.0,3.9324324324324325
852.5991474,,336.67855647170114,14926.0,2.3854166666666665
852.7991472,20.42659430122117,28.194599701231354,18425.0,2.074074074074074
852.999147,12.488344504419004,97.67170840908375,16859.0,2.076923076923077
853.1991468,3.1567092266923633,3.6255878302755193,16604.0,2.087378640776699
853.3991466,2.56305895236357,1.0407683064182562,16437.0,2.107843137254902
853.5991464,2.6082754454847477,1.8584823410943578,16555.0,2.1176470588235294
853.7991462,2.981417169317005,3.182306128080048,16413.0,2.19
853.999146,13.037577147850783,61.203419633517576,18309.0,2.3535353535353534
854.1991458,4.859950719156496,27.829977773942854,17451.0,2.13
854.3991456,,320.1992658406313,40954.0,3.6835443037974684
854.5991454,16.535371281330523,67.4623580486245,42690.0,3.2824858757062145
854.7991452,,413.94157113499796,15602.0,1.504201680672269
854.999145,14.096376596376597,19.865414190969783,13468.0,1.4196428571428572
855.1991448,19.082295614510016,56.822791196415714,11082.0,1.5858585858585859
855.3991446,,465.22620384732915,35482.0,3.888111888111888
855.5991444,,197.77735465188587,19644.0,3.3839285714285716
855.7991442,24.082905680410548,111.61287368759838,22604.0,2.8536585365853657
855.999144,20.58341316545778,74.48452503218117,21921.0,2.5692307692307694
856.1991438,9.107104382831547,103.13590516384916,17637.0,1.588235294117647
856.3991436,13.350685095434692,73.28468113313569,16713.0,3.0458715596330275
856.5991434,15.425690607734806,29.12897855016105,18100.0,2.7711864406779663
856.7991432,7.096824480369515,7.637406488983858,17320.0,2.7844827586206895
856.999143,4.281130122389332,13.009695884117397,16423.0,2.8421052631578947
857.1991428,3.181685604909765,3.1289792735558986,16457.0,2.8672566371681416
857.3991426,,156.20882127284858,26154.0,2.3776223776223775
857.5991424,,152.01665095014104,16132.0,2.892857142857143
857.7991422,2.95762816553428,3.900205530873397,16190.0,2.892857142857143
857.999142,2.9504950495049505,2.0588266205531287,16059.0,2.892857142857143
858.1991418,,146.02724095107655,26437.0,2.4685314685314683
858.3991416,,154.74344636045592,16894.0,2.8672566371681416
858.5991414,7.4075737346765385,7.129322381472815,16478.0,2.9017857142857144
858.7991412,3.625250379362671,3.139582114794653,16475.0,2.8761061946902653
858.999141,21.68219439728353,44.06050578874066,18848.0,2.6666666666666665
859.1991408,6.4195307618019655,22.6004155924032,17603.0,2.9557522123893807
859.3991406,16.212712851517,16.72501714949805,18029.0,2.8956521739130436
859.5991404,,157.22667541599876,28527.0,3.0492957746478875
859.7991402,2.9422662949500653,4.72213755650567,28337.0,3.0709219858156027
859.99914,2.6395418502202643,4.650492832279351,28375.0,3.0709219858156027
860.1991398,2.3739185705709946,1.0470741654455322,28319.0,3.0357142857142856
860.3991396,2.362589469208419,1.4504924844088372,28222.0,3.092857142857143
860.5991394,2.463727896965169,1.7362222723909293,28107.0,3.092857142857143
860.7991392,,131.89060889290505,17395.0,3.0275229357798166
860.9991389999999,,129.5109565779642,28327.0,3.092857142857143
861.1991387999999,2.1909747928785475,1.1679595081646066,28365.0,3.092857142857143
861.3991385999999,2.235673758865248,1.4718253017430292,28200.0,3.092857142857143
861.5991383999999,2.5098430813124106,2.6611386671718855,28040.0,3.115107913669065
861.7991381999999,,130.5220427671447,17051.0,3.0555555555555554
861.9991379999999,2.38633169360506,1.158499167235301,17076.0,3.0555555555555554
862.1991377999999,2.407627567535754,2.860322288200568,16991.0,3.0555555555555554
862.3991375999999,2.5620983759785023,2.0428230422517575,17118.0,3.0555555555555554
862.5991373999999,2.3993257382004187,1.1241158182147564,17204.0,3.0275229357798166
862.7991371999999,2.376562954347194,0.7406173161830113,17195.0,3.0275229357798166
862.9991369999999,,129.04739824860837,28206.0,3.115107913669065
863.1991367999999,,130.99838404342321,17264.0,3.0275229357798166
863.3991365999999,,131.6702702165948,28157.0,3.115107913669065
863.5991363999999,2.2773662844526745,0.7577955339261271,28082.0,3.115107913669065
863.7991361999999,,132.10063125156796,17402.0,3.0275229357798166
863.9991359999999,17.10922434111849,29.158197194359563,18668.0,2.911504424778761
864.1991357999999,7.529176017954472,4.263640984424022,18714.0,2.920353982300885
864.3991355999999,7.92384682332463,6.737215646229909,18384.0,2.911504424778761
864.5991353999999,,153.37866276638215,27325.0,3.027972027972028
864.7991351999999,,1.9508738344288654,26380.0,3.0357142857142856
864.9991349999999,,6.759236442576287,26987.0,2.9931034482758623
865.1991347999999,,192.4916006541151,18298.0,2.653225806451613
865.3991345999999,10.639740903029148,24.37262827437732,15747.0,2.7394957983193278
865.5991343999999,14.562071254702367,102.89749831657653,13557.0,1.3879310344827587
865.7991341999999,,378.5504541950591,61090.0,3.0392156862745097
865.9991339999999,,393.165489116835,14149.0,1.2773109243697478
866.1991337999999,12.675521695925804,19.59737437821262,15095.0,1.248
866.3991335999999,12.838317191283293,20.70732787050068,16520.0,1.3658536585365855
866.5991333999999,,215.10503638128404,29924.0,2.1463414634146343
866.7991331999999,14.61727504882079,54.91589947740776,33285.0,1.8061224489795917
866.9991329999999,,154.65193800203684,42263.0,2.6944444444444446
867.1991327999999,,207.20939683249077,15978.0,1.1223021582733812
867.3991325999999,9.52553417184422,48.40358590541869,13198.0,1.3508771929824561
867.5991323999999,15.796396106507924,2.1384404567451933,12431.0,1.4017857142857142
867.7991321999999,5.691579388353582,7.401137456943213,11935.0,1.4054054054054055
867.9991319999999,2.9114213197969545,2.4391999773706923,11820.0,1.4054054054054055
868.1991317999999,2.6731537350216708,1.756758344344705,11767.0,1.3963963963963963
868.3991315999999,2.904745646978491,1.1704458878827053,11716.0,1.3963963963963963
868.5991313999999,2.7889846885684553,120.68846247267074,13454.0,2.8828828828828827
868.7991311999999,2.655886379192334,119.51370399086284,11688.0,1.4363636363636363
868.9991309999999,7.458825202673873,116.35736996370692,14062.0,2.857142857142857
869.1991307999999,10.42919587628866,114.77024020274189,12125.0,1.3963963963963963
869.3991305999999,11.654469854469854,13.805317563466396,12025.0,1.3603603603603605
869.5991303999999,5.124578840970351,8.481269227945996,11872.0,1.4528301886792452
869.7991301999999,2.6054605207718886,2.290720167415818,11867.0,1.4528301886792452
869.9991299999999,2.497010022740672,1.1341292011993942,11873.0,1.4528301886792452
870.1991297999999,2.9951849974657883,2.0107669746048082,11838.0,1.4622641509433962
870.3991295999999,2.9076329331046313,2.1781607377922843,11660.0,1.4476190476190476
870.5991293999999,2.728757336055116,1.5977461679924057,11757.0,1.4666666666666666
870.7991291999999,2.97409592203129,2.016897729616592,11697.0,1.4299065420560748
870.9991289999999,3.352536908196165,1.047029802416034,11786.0,1.4485981308411215
871.1991287999999,3.1710863986313087,1.0075974845128806,11690.0,1.439252336448598
871.3991285999999,,259.66866188766375,34019.0,3.689873417721519
871.5991283999999,,259.00361629493915,11667.0,1.4485981308411215
871.7991281999999,6.717988865692415,8.757189913966007,11496.0,1.4074074074074074
871.9991279999999,18.981326976559394,25.64542392787034,12585.0,1.4017857142857142
872.1991277999999,5.469440621711326,1.9353715095504829,12353.0,1.3928571428571428
872.3991275999999,4.686428748861473,4.382639125076733,12077.0,1.3873873873873874
872.5991273999999,2.7132774225691274,1.6310337382062434,12043.0,1.3873873873873874
872.7991271999999,2.736784603748214,2.549287523770042,11899.0,1.3873873873873874
872.9991269999999,2.9025662959794696,2.92173341332292,11690.0,1.4090909090909092
873.1991267999999,2.61380248172701,0.28545476297547234,11766.0,1.4
873.3991265999999,2.614081615193772,1.025001208398619,11689.0,1.4181818181818182
873.5991263999999,2.531540048126504,1.0142672028803121,11636.0,1.4181818181818182
873.7991261999999,2.6588597316009914,0.8570579350267474,11699.0,1.3909090909090909
873.9991259999999,2.6946128233586615,1.4089099161394765,11713.0,1.4272727272727272
874.1991257999999,2.7164563481843933,1.384096913384762,11649.0,1.4311926605504588
874.3991255999999,2.448255010366275,2.1025452237640683,11576.0,1.4311926605504588
874.5991253999999,2.633304423243712,2.0723661300765435,11530.0,1.4090909090909092
874.7991251999999,2.488034557235421,0.708461891941157,11575.0,1.4
874.9991249999999,2.9605477107402653,1.159519792343722,11685.0,1.4311926605504588
875.1991247999999,2.65222582295753,1.4591974635134402,11726.0,1.4311926605504588
875.3991245999999,2.8385028591232024,2.2007702878450397,11542.0,1.4128440366972477
875.5991243999999,2.572972031018559,1.6999488140395953,11477.0,1.4128440366972477
875.7991241999999,2.851629502572899,1.7622170479902566,11660.0,1.4181818181818182
875.9991239999999,2.694285957591757,2.1503007305063067,11743.0,1.4403669724770642
876.1991237999999,2.575613886536833,2.2952907067670805,11810.0,1.4090909090909092
876.3991235999999,,3.4749764283464657,11678.0,1.3944954128440368
876.5991233999999,,7.274729635214612,11426.0,1.4036697247706422
876.7991231999999,16.427495730476632,18.393111919641612,12882.0,1.3771929824561404
876.9991229999999,9.022020217851265,8.373507448359323,12761.0,1.4424778761061947
877.1991227999999,12.967293602235818,20.08149907073438,13239.0,1.5267857142857142
877.3991225999999,4.189278783958603,11.969507557733795,12368.0,1.5504587155963303
877.5991223999999,2.996629398224268,2.07608639100382,12164.0,1.5740740740740742
877.7991221999999,15.805656501817033,32.92122222724984,12658.0,1.3805309734513274
877.9991219999999,6.642639831500117,2.5549673344083215,12819.0,1.3893805309734513
878.1991218,4.114450391107452,8.02621288172724,12145.0,1.3928571428571428
878.3991216,2.664952301949399,1.6726007625090311,12055.0,1.4054054054054055
878.5991214,2.665991902834008,2.2282919382395088,11856.0,1.3873873873873874
878.7991212,2.900863174087685,2.6137745025269745,11701.0,1.4090909090909092
878.999121,2.5959312223357167,1.9512451704513947,11748.0,1.4054054054054055
879.1991208,2.5656643536365973,1.714191308873552,11673.0,1.3693693693693694
879.3991206,2.5950800136193393,1.8830177571698288,11748.0,1.4090909090909092
879.5991204,2.5631583454654447,1.7236798723634768,11677.0,1.4090909090909092
879.7991202,2.47902547825341,0.3584104479897524,11657.0,1.3909090909090909
879.99912,3.1801373481246697,3.933011629122605,11358.0,1.4036697247706422
880.1991198,2.7526032627559873,2.156964484260161,11524.0,1.4403669724770642
880.3991196,2.668225918225918,2.033304725209299,11544.0,1.4220183486238531
880.5991194,3.2809750087997185,3.028696237055077,11364.0,1.4128440366972477
880.7991192,2.5972699251431086,0.2909565614335213,11355.0,1.4220183486238531
880.999119,2.595796633818784,1.2818442706812512,11467.0,1.4220183486238531
881.1991188,2.4600625108525787,0.46123467011061664,11518.0,1.4220183486238531
881.3991186,2.600622945146219,1.2385734725067366,11558.0,1.4036697247706422
881.5991184,2.846193816575734,1.4562310367336917,11547.0,1.4311926605504588
881.7991182,3.1329041361672103,1.843307289192979,11339.0,1.4166666666666667
881.999118,2.541166077738516,0.5520788242252679,11320.0,1.3944954128440368
882.1991178,,262.30998107067614,33752.0,3.6666666666666665
882.3991176,,261.8561225527022,11317.0,1.4259259259259258
882.5991174,2.619980754089756,1.3413365754222586,11431.0,1.4036697247706422
882.7991172,2.842901878914405,2.2612595157775623,11496.0,1.4128440366972477
882.999117,2.6351129185774855,0.260444613853478,11557.0,1.4495412844036697
883.1991168,2.94915104350902,2.7571092935023263,11308.0,1.4128440366972477
883.3991166,2.527939361889653,0.889487463045192,11346.0,1.4351851851851851
883.5991164,2.9056324540785234,2.018900460685649,11487.0,1.4128440366972477
883.7991162,3.1423925463654743,2.4707699312919673,11377.0,1.4444444444444444
883.999116,2.5104009914136496,0.6384934625732922,11297.0,1.4166666666666667
884.1991158,2.7916040653999117,1.1934113078291277,11315.0,1.4351851851851851
884.3991156,2.446034269563681,0.35443878206197266,11322.0,1.4166666666666667
884.5991154,2.621762114537445,0.6437572615835337,11350.0,1.4537037037037037
884.7991152,2.7178165938864627,2.632576504360892,11450.0,1.4036697247706422
884.999115,2.725321888412017,1.4688617832260782,11417.0,1.4444444444444444
885.1991148,2.460972800567024,0.7597610926421632,11287.0,1.4166666666666667
885.3991146,2.853943699973019,2.1189969309936885,11119.0,1.4166666666666667
885.5991144,,262.6646059241343,33603.0,3.660377358490566
885.7991142,,263.26646952414904,11252.0,1.4259259259259258
885.999114,2.4786590787835676,0.8455999014177478,11246.0,1.4074074074074074
886.1991138,2.9137794930269276,1.7259813497572865,11401.0,1.4537037037037037
886.3991136,2.5307125307125307,1.4245162205408732,11396.0,1.4351851851851851
886.5991134,2.6914996060579535,0.9533708925471069,11423.0,1.4444444444444444
886.7991132,2.950682243824133,2.619517419677372,11213.0,1.4672897196261683
886.999113,2.483053839364519,1.157679100988667,11330.0,1.4444444444444444
887.1991128,2.4597680800212447,0.7158174796400519,11297.0,1.462962962962963
887.3991126,3.1619567161509567,4.584619851729856,11182.0,1.4485981308411215
887.5991124,2.55250490283473,0.3924288965043284,11218.0,1.4351851851851851
887.7991122,2.7903984381932734,1.502536522783321,11269.0,1.4444444444444444
887.999112,3.3380599710982657,4.055019057354445,11072.0,1.4579439252336448
888.1991118,2.5238834596766826,0.4962285156949312,10949.0,1.4485981308411215
888.3991116,2.6026741349715423,0.977145861340466,11069.0,1.439252336448598
888.5991114,2.8039021758676497,1.9609923243482157,11122.0,1.439252336448598
888.7991112,2.705279115391475,0.6765795627523562,11214.0,1.4485981308411215
888.999111,2.505322924059617,1.1174201107391737,11272.0,1.485981308411215
889.1991108,2.860751528227256,2.2167259480372223,11124.0,1.4579439252336448
889.3991106,2.5607384944702103,1.425071210147394,11212.0,1.4672897196261683
889.5991104,2.918992635694154,2.4455860377803362,10999.0,1.4579439252336448
889.7991102,2.445359692476661,0.7458337529770651,10926.0,1.4485981308411215
889.99911,2.8281477438136826,2.3891524000065854,10992.0,1.439252336448598
890.1991098,2.7239269324214885,1.4665991366792828,11113.0,1.4672897196261683
890.3991096,2.759754688472136,1.8484950922699857,11251.0,1.4579439252336448
890.5991094,3.483399245838315,4.373976435442424,10873.0,1.439252336448598
890.7991092,2.457439002017978,0.22538846700229428,10902.0,1.4811320754716981
890.999109,2.5643654177628594,0.8386163080192821,11023.0,1.4672897196261683
891.1991088,2.449731598580657,0.18862355652000112,10991.0,1.4579439252336448
891.3991086,2.4607272727272727,0.2829468192782641,11000.0,1.471698113207547
891.5991084,2.687648023319366,0.9214875259311498,10978.0,1.4528301886792452
891.7991082,2.495831067609208,1.1626928677500292,11034.0,1.4299065420560748
891.999108,2.5381068619473828,1.3087053184991448,11061.0,1.4672897196261683
892.1991078,2.5697674418604652,0.14430969965208085,11008.0,1.4528301886792452
892.3991076,3.0022202486678506,2.184050179826747,11260.0,1.485981308411215
892.5991074,2.862994993172508,2.216019247054106,10985.0,1.4622641509433962
892.7991072,2.456767603064575,0.9536474433710203,10964.0,1.4485981308411215
892.999107,2.4559292680703675,1.5288196471820588,10971.0,1.490566037735849
893.1991068,2.4453467153284674,0.9760279239372905,10960.0,1.4622641509433962
893.3991066,,264.0525239563597,33330.0,3.7070063694267517
893.5991064,,266.801830852248,11291.0,1.4579439252336448
893.7991062,3.5984273566791627,4.211234495264158,10937.0,1.439252336448598
893.999106,2.6977436823104695,0.6677963765827506,11080.0,1.490566037735849
894.1991058,3.075485134413388,2.1336245295062746,11234.0,1.4766355140186915
894.3991056,2.516760525610083,1.025709872706024,11187.0,1.485981308411215
894.5991054,2.5959785522788206,0.9033623260449412,11190.0,1.4485981308411215
894.7991052,3.5240980446158083,4.533497783583694,10893.0,1.490566037735849
894.999105,2.382716049382716,0.9484992879611179,10854.0,1.4622641509433962
895.1991048,2.3638629858738804,0.7332854587705031,10831.0,1.471698113207547
895.3991046,2.4499634101719723,0.9287257443146052,10932.0,1.4811320754716981
895.5991044,2.469059518400727,1.6302313111417845,11005.0,1.4672897196261683
895.7991042,2.488906999909445,0.3982928233055355,11043.0,1.4811320754716981
895.999104,2.7381477398015437,1.2476190671100724,10884.0,1.471698113207547
896.1991038,2.4786301369863013,1.4039101925830402,10950.0,1.5
896.3991036,2.4332412523020257,1.4314242957264707,10860.0,1.5238095238095237
896.5991034,2.580102414045355,1.7553384221603143,10936.0,1.4766355140186915
896.7991032,3.754118799536913,3.7775236796699247,11229.0,1.485981308411215
896.999103,3.1636978167534484,3.095383299759669,10947.0,1.439252336448598
897.1991028,2.5582075903063557,1.668763345774937,10935.0,1.4622641509433962
897.3991026,2.4635326335006846,1.568252626767437,10955.0,1.471698113207547
897.5991024,3.0093346755742654,0.5241123327941745,10927.0,1.4811320754716981
897.7991022,3.009975290564656,0.6300830898539016,10927.0,1.4622641509433962
897.999102,2.867794769704099,1.4712597456521586,11051.0,1.471698113207547
898.1991018,2.847468411962549,0.9909664595666893,11001.0,1.471698113207547
898.3991016,2.8498364825581395,1.2730921706463139,11008.0,1.490566037735849
898.5991014,,4.789374278848445,10919.0,1.4857142857142858
898.7991012,,7.244390230086639,10762.0,1.4811320754716981
898.999101,2.9011857707509883,2.107346410942339,10879.0,1.4811320754716981
899.1991008,2.421255860991082,1.4664155814319488,10877.0,1.4811320754716981
899.3991006,2.4237194277803416,0.8143006987000662,10835.0,1.4811320754716981
899.5991004,9.89014277165085,14.404238401716032,11697.0,1.4220183486238531
899.7991002,3.613002042205582,7.9225804629510685,11752.0,1.4128440366972477
899.9991,35.33017163504968,64.85931762003179,15498.0,1.1755725190839694
900.1990998,27.111445957693423,70.08011894475555,17255.0,1.3779527559055118
900.3990996,12.3737087070042,30.033038671957627,17618.0,1.5040650406504066
900.5990994,24.35578713968958,141.69446113690512,22550.0,2.606060606060606
900.7990992,8.44678119188878,19.420913908674386,22586.0,2.76
900.999099,,125.42314318103296,33406.0,2.925675675675676
901.1990988,,77.09531515270754,40800.0,3.4472049689440993
901.3990986,3.036302742873906,7.034673983383204,40906.0,3.453416149068323
901.5990984,,173.31111437268186,21296.0,3.139130434782609
901.7990982,2.952749661831242,4.088716698491383,21439.0,3.1666666666666665
901.999098,2.6476110801264174,3.7681950150650114,21516.0,3.139130434782609
902.1990978,,172.58078183285227,40957.0,3.432098765432099
902.3990976,,171.70536145413794,21402.0,3.121739130434783
902.5990974,20.74666977358344,48.8012754222059,25749.0,2.921875
902.7990972,,902.4440115465997,6751.0,5.162162162162162
902.999097,,919.832035811932,25621.0,2.0078740157480315
903.1990968,,867.8973246361655,8481.0,5.744186046511628
903.3990966,4.726343011637475,1.5720077058084883,8507.0,5.744186046511628
903.5990964,,6.262135527828245,8868.0,5.488888888888889
903.7990962,,890.4309681226046,23580.0,3.158333333333333
903.999096,4.5817222419297625,17.78851549414638,22552.0,3.213675213675214
904.1990958,4.3384705248023,13.399892353102684,22256.0,3.260869565217391
904.3990956,3.804207047474432,9.147283971331154,22391.0,3.243478260869565
904.5990954,6.744531747717137,16.431662057921447,23545.0,3.2719298245614037
904.7990952,5.157582628411965,5.82202726852173,22934.0,3.208695652173913
904.999095,3.8228064646828432,7.366180224077945,22213.0,3.265486725663717
905.1990947999999,2.9695146772807455,3.7917659616441783,22109.0,3.324324324324324
905.3990945999999,13.443997450808572,34.17021443006287,25106.0,3.110169491525424
905.5990943999999,23.79812863773668,112.5039826398965,27146.0,1.605263157894737
905.7990941999999,16.695326695254014,42.299613300205614,27518.0,1.3757575757575757
905.9990939999999,16.04113533525298,86.88032988163611,21879.0,1.0545454545454545
906.1990937999999,,304.18014620334856,44474.0,2.689814814814815
906.3990935999999,9.032380470528713,19.796056784868735,47436.0,2.689814814814815
906.5990933999999,10.622480518915154,52.724585547385125,45942.0,2.689814814814815
906.7990931999999,,355.9940342209919,22560.0,0.9696969696969697
906.9990929999999,,380.3883291554209,44331.0,2.6944444444444446
907.1990927999999,,274.2249467948948,16953.0,1.512396694214876
907.3990925999999,16.040968660968662,18.072939895378095,17550.0,1.6311475409836065
907.5990923999999,5.547594142259414,15.670781647034577,17208.0,1.6694214876033058
907.7990921999999,4.457842404735905,8.204843055608421,17399.0,1.6859504132231404
907.9990919999999,2.942045919261553,2.783964400492746,17117.0,1.7
908.1990917999999,30.311777076761302,109.66670893765678,22824.0,2.0708661417322833
908.3990915999999,7.715155027528253,25.512857317902135,24157.0,2.1693548387096775
908.5990913999999,4.673526699639534,35.73016297046504,23858.0,3.193548387096774
908.7990911999999,,201.78852422624166,42450.0,3.2705882352941176
908.9990909999999,,253.69646311424552,20770.0,2.0165289256198347
909.1990907999999,,234.8074510421009,34180.0,2.629139072847682
909.3990905999999,2.3663927208687996,2.8834991994595036,34070.0,2.6466666666666665
909.5990903999999,,160.81014163885337,22093.0,3.319327731092437
909.7990901999999,2.4472648296457176,1.9703531854927063,22101.0,3.310924369747899
909.9990899999999,,209.163871251123,41385.0,2.789156626506024
910.1990897999999,,208.3011525657887,22073.0,3.3389830508474576
910.3990895999999,,198.16800463325595,42176.0,3.3696969696969696
910.5990893999999,2.265688809414494,26.538410917312177,41383.0,2.812121212121212
910.7990891999999,,207.2089700750125,21945.0,3.3389830508474576
910.9990889999999,2.4542516387472686,0.6748374068596174,21968.0,3.3389830508474576
911.1990887999999,2.4263588544710695,73.46738575084296,20532.0,2.282051282051282
911.3990885999999,2.4158424866687938,74.64324645083501,21941.0,3.3389830508474576
911.5990883999999,2.5321704187405816,2.0091824661434488,21899.0,3.3675213675213675
911.7990881999999,,194.84978884619304,42113.0,3.3902439024390243
911.9990879999999,,250.21845601522423,20527.0,2.3162393162393164
912.1990877999999,2.4948035372413164,73.59159301542375,21938.0,3.3675213675213675
912.3990875999999,2.4968792666276576,74.31935916164461,20508.0,2.299145299145299
912.5990873999999,2.402920175759795,74.14299301598585,21848.0,3.3675213675213675
912.7990871999999,2.4943913788880723,74.43971079214023,20415.0,2.2222222222222223
912.9990869999999,2.6262200430738214,74.24027373997849,21823.0,3.3675213675213675
913.1990867999999,2.5600275040110017,1.804409139683407,21815.0,3.3675213675213675
913.3990865999999,2.3902691002115413,76.4148347283703,20327.0,2.230769230769231
913.5990863999999,2.4034870383115394,77.0426446984826,21795.0,3.3675213675213675
913.7990861999999,2.423154701718908,0.6005482913956429,21758.0,3.3675213675213675
913.9990859999999,2.399585921325052,0.8411212618170114,21735.0,3.3675213675213675
914.1990857999999,2.4430589426218194,0.5615807474520544,21733.0,3.396551724137931
914.3990855999999,2.3757572772496673,74.68902712581455,20303.0,2.2758620689655173
914.5990853999999,2.5167464114832536,76.43456943051088,21736.0,3.396551724137931
914.7990851999999,,194.1597475730505,41979.0,3.4049079754601226
914.9990849999999,2.2814701452655104,26.58470350262,41166.0,2.8404907975460123
915.1990847999999,,205.38061144412222,21728.0,3.396551724137931
915.3990845999999,,207.1357820461383,41038.0,2.8466257668711656
915.5990843999999,,205.09700308009977,21788.0,3.396551724137931
915.7990841999999,2.4102516909768554,2.6607116328075278,21733.0,3.396551724137931
915.9990839999999,2.6401272417131527,1.8898541460322524,21691.0,3.396551724137931
916.1990837999999,,193.79448321283866,41851.0,3.411042944785276
916.3990835999999,,193.9499798568799,21661.0,3.396551724137931
916.5990833999999,2.4184842883548985,0.1632619721947922,21640.0,3.396551724137931
916.7990831999999,2.5137669777326064,0.4829333975025458,21646.0,3.396551724137931
916.9990829999999,,192.68390368233682,41898.0,3.411042944785276
917.1990827999999,,252.19265167385055,19945.0,2.1826086956521737
917.3990825999999,,4.098211761016854,20267.0,2.293103448275862
917.5990823999999,2.4607584386720376,75.79957871218325,21597.0,3.396551724137931
917.7990821999999,,193.7386866654645,41855.0,3.432098765432099
917.9990819999999,2.2236225368280085,0.7300158794368716,41816.0,3.411042944785276
918.1990817999999,,194.0391579476562,21596.0,3.4260869565217393
918.3990815999999,2.361986012598581,75.2865442942573,20161.0,2.2844827586206895
918.5990813999999,2.4473220087255174,74.54776476343757,21546.0,3.4260869565217393
918.7990811999999,2.481701102566478,0.9629161806923405,21586.0,3.4260869565217393
918.9990809999999,,194.52606436044792,41778.0,3.432098765432099
919.1990807999999,,194.17253690069379,21602.0,3.4260869565217393
919.3990805999999,2.461189329381252,0.6647345949515924,21592.0,3.4260869565217393
919.5990803999999,2.5621546319944275,1.8769784761208197,21535.0,3.4260869565217393
919.7990801999999,2.4320970440602343,1.0579790853237534,21516.0,3.396551724137931
919.9990799999999,2.4583603520148216,0.6543342111435237,21590.0,3.396551724137931
920.1990797999999,2.4302325581395348,1.8279093246172005,21586.0,3.396551724137931
920.3990795999999,2.4264295027006892,2.629033164805623,21476.0,3.4260869565217393
920.5990793999999,2.4265299009112185,75.3220007439812,20083.0,2.2782608695652176
920.7990791999999,2.5550654656885503,77.84836544869783,21538.0,3.4260869565217393
920.9990789999999,,150.86962075703175,34088.0,2.8843537414965987
921.1990787999999,,221.8706454957528,20427.0,2.293103448275862
921.3990785999999,2.7626683771648493,74.2604209684763,21826.0,3.4051724137931036
921.5990783999999,2.560971123781497,0.4297354995746049,21748.0,3.4051724137931036
921.7990781999999,2.5005983063328423,0.7871047826155165,21728.0,3.4051724137931036
921.9990779999999,2.447923381526844,0.3893859648738674,21718.0,3.4051724137931036
922.1990777999999,2.497418641098921,0.38427878009905597,21694.0,3.4051724137931036
922.3990775999999,2.4391542214993347,74.47086216570511,20289.0,2.2844827586206895
922.5990773999999,2.4280304779496653,72.79972603163041,21655.0,3.4051724137931036
922.7990771999999,2.485146693644808,2.2600694604910374,21746.0,3.4347826086956523
922.9990769999999,,205.36833419664805,41175.0,2.8641975308641974
923.1990768,,270.66578015913274,20027.0,2.1826086956521737
923.3990766,,78.53360761087175,21707.0,3.4347826086956523
923.5990764,,205.89046233482784,41070.0,2.8580246913580245
923.7990762,,205.63637169507004,21635.0,3.4051724137931036
923.999076,2.3794567901234567,75.36547016190725,20250.0,2.2844827586206895
924.1990758,2.5555144679670887,76.71901559172588,21634.0,3.4347826086956523
924.3990756,2.92902652244777,75.86795701645602,20247.0,2.3217391304347825
924.5990754,6.572920677705044,21.297065570435585,20776.0,2.05
924.7990752,4.226156566152637,4.624219386445992,20362.0,2.0762711864406778
924.999075,,2.828893620155402,19989.0,2.1206896551724137
925.1990748,,2.5945926911255697,20225.0,2.094017094017094
925.3990746,2.4231865539610773,3.6790159452224693,20348.0,2.111111111111111
925.5990744,2.490264874481123,2.7582632804735887,20236.0,2.111111111111111
925.7990742,2.392008692645824,1.355081622901466,20247.0,2.1025641025641026
925.999074,,256.368204595005,41998.0,3.4171779141104293
926.1990738,2.3022076159176965,1.1898630394641816,41991.0,3.411042944785276
926.3990736,,256.74244494138713,20212.0,2.1293103448275863
926.5990734,2.3961517534747983,0.6377996785574951,20217.0,2.111111111111111
926.7990732,2.4111083560624844,0.7229095173928846,20165.0,2.1293103448275863
926.999073,2.4129616793741953,0.623431298775543,20198.0,2.1293103448275863
927.1990728,,2.9935421493478063,19903.0,2.139130434782609
927.3990726,,3.391718801905778,20295.0,2.146551724137931
927.5990724,2.4713086419753085,0.7214206648398844,20250.0,2.1120689655172415
927.7990722,2.411694864945088,0.35434987651266614,20214.0,2.146551724137931
927.999072,,257.01987239999175,41973.0,3.4049079754601226
928.1990718,,256.1216783704294,20169.0,2.1293103448275863
928.3990716,2.457313136329774,0.24144840408608623,20135.0,2.1379310344827585
928.5990714,2.4559848635729935,2.4599715638738138,20084.0,2.1293103448275863
928.7990712,2.398457327693456,0.2830941357309509,20095.0,2.1379310344827585
928.999071,2.4335354941340226,0.3952192598330451,20116.0,2.1379310344827585
929.1990708,2.402814511702181,1.1144525645255783,20039.0,2.1120689655172415
929.3990706,,258.8189123155006,41964.0,3.411042944785276
929.5990704,,258.2402873773502,20157.0,2.1206896551724137
929.7990702,,257.7212105865141,41985.0,3.411042944785276
929.99907,,256.5725826396146,20233.0,2.1293103448275863
930.1990698,2.398003558015418,0.16822359376953233,20236.0,2.1293103448275863
930.3990696,2.692771680015821,1.4856951983723876,20226.0,2.146551724137931
930.5990694,2.3711744833068362,3.2809228740826355,20128.0,2.1120689655172415
930.7990692,2.4170714781401803,1.4735990758960535,20174.0,2.1379310344827585
930.999069,2.414453549215125,1.9816654783171308,20258.0,2.146551724137931
931.1990688,2.3541511771995043,1.8542126424243008,20175.0,2.146551724137931
931.3990686,2.3616386596400516,0.6611075942565195,20114.0,2.146551724137931
931.5990684,2.5655250915569634,1.6394702386616782,20206.0,2.146551724137931
931.7990682,2.39043628296771,2.09418790643297,20285.0,2.1551724137931036
931.999068,2.4215988083416087,3.2454391862173577,20140.0,2.1206896551724137
932.1990678,2.5277042218336248,2.6664906543087206,20015.0,2.1206896551724137
932.3990676,2.45069718626618,0.505832054299292,20009.0,2.1293103448275863
932.5990674,2.8243931378850053,5.676252406714897,20227.0,2.146551724137931
932.7990672,2.7124875621890547,2.591642695842217,20100.0,2.1379310344827585
932.999067,2.4103971263220916,1.3532660037675666,20044.0,2.1379310344827585
933.1990668,,256.2774659225817,41901.0,3.432098765432099
933.3990666,,256.3701639752857,20109.0,2.1565217391304348
933.5990664,2.4324028461959495,1.1136907647700403,20097.0,2.1652173913043478
933.7990662,2.5408352088022004,1.9340988582904985,19995.0,2.1652173913043478
933.999066,2.706425682759998,0.5835116935160024,20029.0,2.1565217391304348
934.1990658,,256.74232773294574,41868.0,3.4049079754601226
934.3990656,,257.9925427216488,20001.0,2.1379310344827585
934.5990654,2.4018467681557274,1.8489219251181157,20035.0,2.1652173913043478
934.7990652,2.4118292439656894,0.5078783562501112,20052.0,2.1652173913043478
934.999065,,256.64133811073145,41754.0,3.425925925925926
935.1990648,,195.9317118907406,21548.0,3.4224137931034484
935.3990646,2.472273429325893,80.69115204548444,20071.0,2.146551724137931
935.5990644,2.6174116243225773,1.5376040304451841,20113.0,2.146551724137931
935.7990642,2.4362576595426693,0.3113362733843762,20073.0,2.1652173913043478
935.999064,2.388528030378735,3.1645981415481583,20014.0,2.1478260869565218
936.1990638,2.3939771650795234,1.6160947587057894,20057.0,2.1565217391304348
936.3990636,2.405262633310077,0.44137714666091554,20066.0,2.1478260869565218
936.5990634,2.423574676460301,0.6373776349047222,20013.0,2.1565217391304348
936.7990632,2.402235194332186,0.3136566087974345,20043.0,2.1478260869565218
936.999063,2.373057512616799,0.4549259044048918,20013.0,2.1652173913043478
937.1990628,2.7143645854246135,1.7258132188696904,19924.0,2.1478260869565218
937.3990626,,258.3946565237061,41748.0,3.4444444444444446
937.5990624,,257.96337595090904,19969.0,2.1478260869565218
937.7990622,2.5413109679996007,2.6699391236912575,20031.0,2.1739130434782608
937.999062,2.390043982407037,2.1994121828478534,20008.0,2.1478260869565218
938.1990618,2.6781066278076477,1.6970902733759967,19901.0,2.139130434782609
938.3990616,,231.45107892802955,33559.0,2.910958904109589
938.5990614,,228.68117492069018,20026.0,2.1565217391304348
938.7990612,2.408078482406527,0.8422414810909583,19979.0,2.1652173913043478
938.999061,2.370004016870858,2.839618673582155,19916.0,2.1478260869565218
939.1990608,,4.031731232442997,19761.0,2.192982456140351
939.3990606,,2.965728389219457,19933.0,2.1565217391304348
939.5990604,2.501536291744321,0.951853153345584,19853.0,2.1478260869565218
939.7990602,,258.09422568114917,41591.0,3.425925925925926
939.99906,,257.7706972481623,19978.0,2.1565217391304348
940.1990598,2.794315556894647,0.6423408052217111,19914.0,2.1478260869565218
940.3990596,,257.55638051664334,41649.0,3.432098765432099
940.5990594,,256.3561386518235,19971.0,2.1565217391304348
940.7990592,2.41040694465352,1.2310176582521366,19929.0,2.1478260869565218
940.999059,3.0851701904333484,6.675121499133642,20007.0,2.175438596491228
941.1990588,,254.79901024315566,41664.0,3.432098765432099
941.3990586,2.298237588481726,0.20670960484514325,41534.0,3.432098765432099
941.5990584,,257.3183416831369,19842.0,2.1565217391304348
941.7990582,2.819851837020723,3.52582297903375,19978.0,2.1652173913043478
941.999058,2.4455465384230037,1.892282951470005,19962.0,2.1739130434782608
942.1990578,2.4947887820351444,2.1146436058531797,19861.0,2.1565217391304348
942.3990576,,257.5642569092387,41600.0,3.453416149068323
942.5990574,,257.64140562296893,19873.0,2.1565217391304348
942.7990572,2.401098347440548,0.26496430876739574,19848.0,2.1652173913043478
942.999057,2.471461763814527,0.363552876506734,19798.0,2.1478260869565218
943.1990568,2.503574305275876,0.39276858781429874,19864.0,2.1565217391304348
943.3990566,2.436855086324055,1.5838990085198041,19867.0,2.1739130434782608
943.5990564,2.5622059195547684,2.794121037952774,19765.0,2.1565217391304348
943.7990562,2.3928625664388763,0.3953901960035939,19755.0,2.139130434782609
943.999056,2.42667205904656,0.4416539578093931,19781.0,2.1652173913043478
944.1990558,2.4231640408717974,1.8435993450053967,19867.0,2.1652173913043478
944.3990556,2.4768238613462312,0.5566040604252127,19848.0,2.1739130434782608
944.5990554,2.465346035586471,0.8205654588883778,19839.0,2.1565217391304348
944.7990552,2.4561253704354815,0.9074950614816885,19909.0,2.1652173913043478
944.999055,,255.3792236220797,41479.0,3.432098765432099
945.1990548,,257.33306435092686,19848.0,2.1652173913043478
945.3990546,2.4759479628882612,0.6238652902901538,19832.0,2.1652173913043478
945.5990544,,257.3930419954405,41514.0,3.484472049689441
945.7990542,2.3630769973216226,0.766603224272787,41443.0,3.453416149068323
945.999054,,256.878685175522,19812.0,2.1565217391304348
946.1990538,2.3787641074953187,1.7832873977901298,19759.0,2.1565217391304348
946.3990536,,227.8823922485558,32977.0,2.9310344827586206
946.5990534,,152.48253572676717,21426.0,3.482456140350877
946.7990532,2.38326102310564,83.1454029991825,19822.0,2.1666666666666665
946.999053,,256.63263112187946,41431.0,3.453416149068323
947.1990528,,257.8419226708452,19704.0,2.1652173913043478
947.3990526,2.3894199160471348,1.553841818886791,19773.0,2.1652173913043478
947.5990524,2.410431527292963,0.7846299896884054,19767.0,2.1652173913043478
947.7990522,2.3948554357182643,0.34230727465480765,19749.0,2.1565217391304348
947.999052,2.434967585089141,0.241094705097466,19744.0,2.1652173913043478
948.1990518,2.4185350512326265,0.11089566779702065,19714.0,2.1652173913043478
948.3990516,,274.8171474058471,40565.0,2.875776397515528
948.5990514,,273.8456240039548,19749.0,2.175438596491228
948.7990512,2.360938928970633,1.3823699546528574,19682.0,2.1842105263157894
948.999051,,258.48945913425877,41447.0,3.453416149068323
949.1990508,,260.0221576298202,19637.0,2.1565217391304348
949.3990505999999,2.4322413266863365,0.8794734253132666,19658.0,2.1565217391304348
949.5990503999999,2.502563321658799,0.6667662660938218,19701.0,2.1565217391304348
949.7990501999999,2.4278253815342494,0.34580370991585574,19723.0,2.175438596491228
949.9990499999999,2.4398601044148207,0.6261597544024649,19729.0,2.1842105263157894
950.1990497999999,2.429193017961042,0.44493025584415197,19765.0,2.1565217391304348
950.3990495999999,2.4352450256984377,1.0896951973527433,19651.0,2.1842105263157894
950.5990493999999,2.4796343321482985,0.6514512806153291,19690.0,2.1842105263157894
950.7990491999999,,258.8611435001022,41417.0,3.459627329192547
950.9990489999999,2.3151919221199604,0.9221494149676045,41397.0,3.4472049689440993
951.1990487999999,,258.7434682429253,19619.0,2.175438596491228
951.3990485999999,,258.70233661087127,41407.0,3.453416149068323
951.5990483999999,,257.0228007590432,19701.0,2.1842105263157894
951.7990481999999,2.500581836579813,0.7080378121863313,19765.0,2.1842105263157894
951.9990479999999,2.574970784004878,2.942826042789946,19681.0,2.1478260869565218
952.1990477999999,2.6261658556366587,1.6175676273397748,19728.0,2.1666666666666665
952.3990475999999,,257.9000189374832,41513.0,3.4472049689440993
952.5990473999999,2.4088022448678186,27.218529190825844,40626.0,2.875776397515528
952.7990471999999,,273.2653101137148,19809.0,2.1842105263157894
952.9990469999999,,256.1419524682503,41441.0,3.453416149068323
953.1990467999999,,256.8829850364597,19721.0,2.1666666666666665
953.3990465999999,,2.893643656872317,19444.0,2.2035398230088497
953.5990463999999,,2.8509664172711657,19753.0,2.1666666666666665
953.7990461999999,2.732603872529246,0.318968786004882,19832.0,2.175438596491228
953.9990459999999,2.5147664311492908,1.3794149096699737,19673.0,2.1666666666666665
954.1990457999999,,259.05499937054344,41482.0,3.46875
954.3990455999999,,257.19882895119895,19770.0,2.1842105263157894
954.5990453999999,2.7336382113821136,3.126665887490461,19680.0,2.1666666666666665
954.7990451999999,2.410428760566249,0.712450020975901,19638.0,2.1842105263157894
954.9990449999999,2.381546261089987,2.3672413992294894,19725.0,2.175438596491228
955.1990447999999,2.43590391908976,1.3543624717344491,19775.0,2.1842105263157894
955.3990445999999,2.4050043053234056,0.3773109202099916,19743.0,2.1842105263157894
955.5990443999999,2.417650935266386,0.985150871819698,19727.0,2.175438596491228
955.7990441999999,2.5417871822195157,0.7396786506886237,19707.0,2.1946902654867255
955.9990439999999,2.391525251498831,0.8306166450546901,19682.0,2.2035398230088497
956.1990437999999,2.5161372559016977,1.6623430364496445,19613.0,2.1946902654867255
956.3990435999999,,258.6727806124952,41375.0,3.475
956.5990433999999,2.432888010031832,1.1790595213797823,41468.0,3.475
956.7990431999999,,256.56975413232817,19714.0,2.2123893805309733
956.9990429999999,2.697638839308481,3.069437230481034,19609.0,2.175438596491228
957.1990427999999,2.4412004899959165,0.17068831588169214,19592.0,2.1842105263157894
957.3990425999999,,2.8713719035359526,19366.0,2.2123893805309733
957.5990423999999,,3.4281613170997276,19707.0,2.192982456140351
957.7990421999999,2.4679674297127057,3.131210260014038,19527.0,2.1842105263157894
957.9990419999999,2.5736812655781067,1.922863482674064,19659.0,2.1842105263157894
958.1990417999999,2.694416088199265,1.3331124133758474,19592.0,2.2035398230088497
958.3990415999999,,258.6014178966131,41308.0,3.475
958.5990413999999,,258.4309848675961,19635.0,2.175438596491228
958.7990411999999,2.560393329616301,1.7519152807357532,19729.0,2.175438596491228
958.9990409999999,2.542430725346373,0.9166469788778905,19632.0,2.175438596491228
959.1990407999999,2.375884719181221,0.38414562623799237,19639.0,2.2035398230088497
959.3990405999999,2.4373888747777497,0.4778349072193884,19685.0,2.175438596491228
959.5990403999999,,258.1998581355734,41319.0,3.475
959.7990401999999,2.292275725434294,0.728240739269469,41389.0,3.475
959.9990399999999,,258.69571261259534,19625.0,2.1842105263157894
960.1990397999999,2.4779255049223585,0.7985259015102227,19706.0,2.1842105263157894
960.3990395999999,2.544831785659918,1.4972573185145022,19707.0,2.2123893805309733
960.5990393999999,2.413387030995106,1.738919493459852,19616.0,2.1946902654867255
960.7990391999999,2.5535269287494278,1.1571517522673538,19663.0,2.175438596491228
960.9990389999999,,259.354226817432,41442.0,3.475
961.1990387999999,2.479594050574934,0.5568870134565238,41483.0,3.46875
961.3990385999999,,257.5410850833839,19737.0,2.1946902654867255
961.5990383999999,2.7789280432454486,1.8316464923424465,19609.0,2.175438596491228
961.7990381999999,2.3981902765707273,0.9975867214749277,19561.0,2.175438596491228
961.9990379999999,2.405091764224733,0.17672975989677064,19561.0,2.175438596491228
962.1990377999999,2.394614953936988,1.921828628868567,19647.0,2.175438596491228
962.3990375999999,2.4243922328117833,1.2224409125487625,19621.0,2.175438596491228
962.5990373999999,,257.84986322858526,41336.0,3.475
962.7990371999999,2.31102001446829,1.201202456366045,41470.0,3.5125
962.9990369999999,2.3901428917413416,1.4266736750984799,41290.0,3.48125
963.1990367999999,,259.56410225405705,19527.0,2.2035398230088497
963.3990365999999,2.5925247902364608,2.714084847569394,19665.0,2.1946902654867255
963.5990363999999,2.458416398302919,2.0007713565036394,19563.0,2.175438596491228
963.7990361999999,2.4423805137652237,0.22251985858248813,19542.0,2.1842105263157894
963.9990359999999,2.466632031360695,84.60440954439237,21173.0,3.482456140350877
964.1990357999999,,195.37832463085607,41478.0,3.475
964.3990355999999,,257.1414631721173,19657.0,2.2035398230088497
964.5990353999999,2.3851613562091503,2.596337835374336,19584.0,2.1946902654867255
964.7990351999999,2.408854961832061,2.2706557521404904,19650.0,2.2035398230088497
964.9990349999999,2.431793879525434,0.399517418489801,19639.0,2.2123893805309733
965.1990347999999,2.440715883668904,0.20113652770828808,19668.0,2.2035398230088497
965.3990345999999,2.621236944501331,2.488467681971162,19532.0,2.1946902654867255
965.5990343999999,2.425019147306612,0.675290832601662,19585.0,2.175438596491228
965.7990341999999,,259.37770400286996,41318.0,3.475
965.9990339999999,,258.79486288816156,19527.0,2.1946902654867255
966.1990337999999,2.4122941597627086,1.044192726653169,19554.0,2.1666666666666665
966.3990335999999,2.4161012193255447,1.9110702343661778,19601.0,2.1946902654867255
966.5990333999999,2.431931136957524,2.20861160814748,19517.0,2.175438596491228
966.7990331999999,,259.77273979792426,41378.0,3.475
966.9990329999999,2.267997287084585,0.06838505056194663,41284.0,3.46875
967.1990327999999,,258.0417821310725,19621.0,2.2123893805309733
967.3990325999999,,258.5226133693746,41278.0,3.475
967.5990323999999,2.2488055683554435,1.0328718921970819,41233.0,3.475
967.7990321999999,,258.29816750148825,19555.0,2.1946902654867255
967.9990319999999,2.694497251194574,1.7439320851794196,19463.0,2.1946902654867255
968.1990318,2.3822927328556807,2.2650463866668624,19540.0,2.2123893805309733
968.3990316,2.4829816725704603,2.0264301891645573,19479.0,2.2035398230088497
968.5990314,2.432704595409702,2.2078469561780483,19563.0,2.1946902654867255
968.7990312,2.440258342303552,1.403735023852715,19509.0,2.2035398230088497
968.999031,2.4724219391947413,0.30300837077937487,19472.0,2.2123893805309733
969.1990308,,259.2273189915639,41391.0,3.475
969.3990306,,257.5368939701395,19631.0,2.2035398230088497
969.5990304,,257.76020019490295,41294.0,3.490566037735849
969.7990302,,257.78301579856105,19516.0,2.2123893805309733
969.99903,2.420833761166444,2.0082453997174827,19478.0,2.1946902654867255
970.1990298,2.404429440949312,2.1609230915553455,19551.0,2.2035398230088497
970.3990296,,257.2436334123975,41260.0,3.475
970.5990294,,258.2052747125739,19540.0,2.2035398230088497
970.7990292,2.397187868835634,0.7095256711295442,19487.0,2.2035398230088497
970.999029,2.408979341378605,1.7724575348017555,19556.0,2.2123893805309733
971.1990288,,257.42963070648,41297.0,3.475
971.3990286,2.28843913803145,1.0349039347233968,41208.0,3.475
971.5990284,,258.4386102286399,19553.0,2.2123893805309733
971.7990282,2.5662939704906313,0.6045541590347113,19587.0,2.1946902654867255
971.999028,2.413494809688581,1.8102523658529566,19652.0,2.2123893805309733
972.1990278,2.727123932279679,1.3075468017912661,19551.0,2.2123893805309733
972.3990276,2.4436244362443627,1.0385725959529784,19512.0,2.2035398230088497
972.5990274,2.445645491803279,0.32333560330261013,19520.0,2.185840707964602
972.7990272,2.4274805248052482,1.0331133160603438,19512.0,2.2123893805309733
972.999027,,256.8547008344816,41267.0,3.475
973.1990268,,257.6344955567605,19483.0,2.1946902654867255
973.3990266,,257.87338079026904,41115.0,3.475
973.5990264,2.2677764277035237,0.27317108289580755,41150.0,3.475
973.7990262,,257.19263141453024,19509.0,2.2123893805309733
973.999026,2.3950249267615766,0.8718318606562475,19457.0,2.2035398230088497
974.1990258,2.410996245435375,0.9467349567593142,19443.0,2.2035398230088497
974.3990256,2.426839915772174,0.796689557890847,19471.0,2.2035398230088497
974.5990254,2.408338474192885,0.5657635430899027,19452.0,2.2035398230088497
974.7990252,,258.52746702551354,41190.0,3.475
974.999025,,257.1454168072164,19486.0,2.2035398230088497
975.1990248,,258.38747828789474,41314.0,3.475
975.3990246,2.3122701761176696,1.052175874914095,41336.0,3.490566037735849
975.5990244,,259.4062175710326,19449.0,2.1946902654867255
975.7990242,2.7407691520916435,3.8937013616111416,19554.0,2.2123893805309733
975.999024,2.6504265597697607,3.6475450832945104,19458.0,2.2035398230088497
976.1990238,,259.4520411405257,41163.0,3.46875
976.3990236,2.3335192009309544,0.5365056088425516,41248.0,3.475
976.5990234,,257.69028996763467,19503.0,2.2123893805309733
976.7990232,2.4537892791127542,0.22778338833894354,19476.0,2.2123893805309733
976.999023,,257.9316898025534,41174.0,3.475
977.1990228,,258.83227439596794,19464.0,2.2123893805309733
977.3990226,,258.80163883783257,41210.0,3.49685534591195
977.5990224,2.2856935014548982,0.3930472741112391,41240.0,3.49685534591195
977.7990222,,258.29336717515287,19505.0,2.2035398230088497
977.999022,2.416825021827333,0.8771622064097091,19471.0,2.2123893805309733
978.1990218,2.5006943372936274,2.5602003027120186,19443.0,2.2123893805309733
978.3990216,2.3917933442892356,1.340697559399023,19472.0,2.2123893805309733
978.5990214,,257.5489348586831,41106.0,3.46875
978.7990212,,258.43002949802263,19477.0,2.2123893805309733
978.999021,,2.557949097586637,19202.0,2.232142857142857
979.1990208,,260.5864716119181,41244.0,3.49685534591195
979.3990206,,259.2358499849032,19438.0,2.1946902654867255
979.5990204,,259.32017003179817,41209.0,3.475
979.7990202,,257.57479408184383,19504.0,2.2035398230088497
979.99902,,257.5884828314949,41278.0,3.475
980.1990198,2.3435145936780915,0.05696613889823211,41285.0,3.49685534591195
980.3990196,,257.4755062363785,19510.0,2.2123893805309733
980.5990194,2.531749680715198,1.967548664008172,19575.0,2.232142857142857
980.7990192,2.42159778484258,1.342896738763066,19502.0,2.232142857142857
980.999019,2.4248091407490904,0.7927131365409149,19517.0,2.2212389380530975
981.1990188,2.5677883380426407,1.9838091141638508,19465.0,2.2035398230088497
981.3990186,2.4547276464542653,0.2547890954578222,19460.0,2.1946902654867255
981.5990184,2.416816109033151,0.489871180429034,19517.0,2.2035398230088497
981.7990182,,259.68787562405475,41245.0,3.49685534591195
981.999018,,258.08420796571664,19460.0,2.2123893805309733
982.1990178,2.7648260714103285,1.6317077094913794,19577.0,2.2232142857142856
982.3990176,,257.58035091623907,41344.0,3.46875
982.5990174,,257.11486839591623,19666.0,2.2212389380530975
982.7990172,,256.0431237913498,41408.0,3.46875
982.999017,,254.66208511374296,19616.0,2.2123893805309733
983.1990168,2.3991322103113832,1.8425690956139888,19590.0,2.2212389380530975
983.3990166,2.4188796574748967,0.6782026870627413,19619.0,2.2212389380530975
983.5990164,2.4763194196086444,1.274394504273706,19573.0,2.1946902654867255
983.7990162,2.456832883410584,1.854259343733868,19633.0,2.2123893805309733
983.999016,2.614726985904025,2.882029256850864,19651.0,2.2035398230088497
984.1990158,2.560497857580086,1.4969598811885279,19604.0,2.2212389380530975
984.3990156,2.4159040065080335,1.246651682382153,19668.0,2.2212389380530975
984.5990154,2.3881518522298193,1.3944175893537492,19598.0,2.2123893805309733
984.7990152,2.5167231695592776,4.3338253801084505,19763.0,2.3893805309734515
984.999015,2.395608314652537,5.038908361363403,19628.0,2.2035398230088497
985.1990148,2.439936802405586,2.231757259103834,19621.0,2.2410714285714284
985.3990146,2.446412166989895,1.767457335592187,19594.0,2.2123893805309733
985.5990144,,257.09794213847874,41407.0,3.49685534591195
985.7990142,,255.77400935618664,19711.0,2.2035398230088497
985.999014,2.3922845946358593,0.4934591294076886,19649.0,2.232142857142857
986.1990138,2.6994119151112246,2.5935852738556657,19555.0,2.2035398230088497
986.3990136,2.4206995442208226,0.78750405385308,19527.0,2.2035398230088497
986.5990134,2.459420734827551,0.24230915787318064,19542.0,2.1946902654867255
986.7990132,2.7373814622208625,2.504249299617975,19614.0,2.2212389380530975
986.999013,2.644016435541859,2.502949888762349,19470.0,2.2212389380530975
987.1990128,2.48326092512139,1.5983146247276596,19565.0,2.2035398230088497
987.3990126,,256.295604376859,41251.0,3.475
987.5990124,2.224422122715721,1.0412192283940667,41315.0,3.46875
987.7990122,2.3911289348440556,0.9001318805759514,41393.0,3.49685534591195
987.999012,,255.61933965837386,19589.0,2.2410714285714284
988.1990118,2.481786746246033,82.02740207425073,21111.0,3.544642857142857
988.3990116,2.6281329923273655,82.52691494130734,19550.0,2.2123893805309733
988.5990114,,272.7588568018068,40454.0,2.89375
988.7990112,2.2506243354845092,0.2002275341482614,40443.0,2.89375
988.999011,,273.54638211922867,19526.0,2.2123893805309733
989.1990108,,257.2755660799071,41267.0,3.49685534591195
989.3990106,,257.09997470161625,19494.0,2.2035398230088497
989.5990104,2.4134224736436103,1.3483867780373713,19445.0,2.2035398230088497
989.7990102,2.4227459016393444,1.561567747516474,19520.0,2.2123893805309733
989.99901,2.3880459298749233,0.6436427541200305,19508.0,2.2212389380530975
990.1990098,2.4117043647740677,0.5700109633069482,19497.0,2.2123893805309733
990.3990096,2.711795765622597,0.9397430623761106,19507.0,2.2212389380530975
990.5990094,,256.9848748618266,41284.0,3.475
990.7990092,2.2614693381906497,0.8348660077507166,41175.0,3.475
990.999009,,256.1054945014294,19524.0,2.2212389380530975
991.1990088,2.5432598667350077,1.7575163223409194,19510.0,2.2212389380530975
991.3990086,2.4406562419892337,0.31058496711811434,19505.0,2.2212389380530975
991.5990084,2.5115275994865214,0.5528575971457371,19475.0,2.2123893805309733
991.7990082,2.4337355557827998,0.9733139026993352,19558.0,2.2212389380530975
991.999008,2.469076387466721,0.2724593892594018,19532.0,2.2123893805309733
992.1990078,2.5112471308339708,3.1253762844377646,19605.0,2.2212389380530975
992.3990076,2.5937918253886543,5.522483163273929,19426.0,2.1946902654867255
992.5990074,2.6559618930547018,3.478201281144295,19524.0,2.2212389380530975
992.7990072,2.631457682658338,0.8430604777238919,19531.0,2.2212389380530975
992.999007,2.415650302347033,1.189025517877778,19514.0,2.2123893805309733
993.1990068,2.4721796051958678,0.4558620720825469,19554.0,2.2212389380530975
993.3990066,,257.06207810060704,41200.0,3.46875
993.5990063999999,,257.68935805973166,19490.0,2.1946902654867255
993.7990061999999,2.4997440098300223,2.9327705611300887,19532.0,2.2212389380530975
993.9990059999999,,256.1922127916623,41286.0,3.50314465408805
994.1990057999999,2.3518243916668693,0.8102720630365863,41137.0,3.49685534591195
994.3990055999999,,257.788612751246,19430.0,2.2410714285714284
994.5990053999999,2.4074836584487107,0.33665538343911433,19429.0,2.232142857142857
994.7990051999999,2.430900581186031,0.6407902394056499,19443.0,2.2123893805309733
994.9990049999999,,2.9026873466752803,19156.0,2.2410714285714284
995.1990047999999,,3.7296812705757665,19505.0,2.2410714285714284
995.3990045999999,2.461058233548255,1.8064516252986371,19542.0,2.2410714285714284
995.5990043999999,2.4288722267871816,1.902194635638657,19472.0,2.2410714285714284
995.7990041999999,2.444619272397845,81.74146163117676,20973.0,3.544642857142857
995.9990039999999,2.739112529599506,81.37654189519198,19426.0,2.230088495575221
996.1990037999999,2.427296181630547,2.1336610288654145,19380.0,2.2035398230088497
996.3990035999999,2.9206324759997946,2.8419316632700125,19479.0,2.2410714285714284
996.5990033999999,2.693531774642085,1.657668314325187,19418.0,2.2212389380530975
996.7990031999999,2.44287772745986,0.4832645416981408,19432.0,2.2212389380530975
996.9990029999999,2.4552327076369247,0.14693047141562612,19445.0,2.2212389380530975
997.1990027999999,2.4745362043270465,1.1861830983121668,19459.0,2.2212389380530975
997.3990025999999,2.6370263144289923,2.6377970800550954,19343.0,2.2410714285714284
997.5990023999999,2.439804073214746,0.17054826758004468,19395.0,2.2035398230088497
997.7990021999999,2.418231390503627,1.8624449439340902,19439.0,2.2410714285714284
997.9990019999999,2.450554528650647,0.8594891324332342,19476.0,2.2410714285714284
998.1990017999999,2.528140523377887,1.5820696706930437,19527.0,2.25
998.3990015999999,2.4385884040155705,1.7629460895830933,19524.0,2.230088495575221
998.5990013999999,2.5435209086215798,1.7216484609621394,19370.0,2.2410714285714284
998.7990011999999,2.4386209029066173,0.06919593641258147,19404.0,2.232142857142857
998.9990009999999,2.40084431630972,0.025060438413409596,19424.0,2.2410714285714284
999.1990007999999,2.4281155093426676,0.5233107971513637,19427.0,2.230088495575221
999.3990005999999,2.410453141091658,0.8030800459323313,19420.0,2.2212389380530975
999.5990003999999,2.4379821042887997,1.0882165259907473,19446.0,2.230088495575221
999.7990001999999,,230.11442580463518,33149.0,3.027972027972028
999.9989999999999,,58.81184903226447,41244.0,3.49685534591195
1000.1989997999999,,193.51939646111785,20947.0,3.544642857142857
1000.3989995999999,,204.87848162998307,40323.0,2.911949685534591
1000.5989993999999,,272.4493951776448,19490.0,2.2212389380530975
1000.7989991999999,2.4310584599536442,1.5270932439844003,19415.0,2.230088495575221
1000.9989989999999,2.453443582764111,2.29501810855012,19471.0,2.25
1001.1989987999999,2.440968458004233,2.5506880490280954,19371.0,2.230088495575221
1001.3989985999999,2.6360686138154845,1.7242520954423532,19413.0,2.25
1001.5989983999999,,257.0342891551248,41540.0,3.453416149068323
1001.7989981999999,2.6940097269706746,0.7429506753517385,41534.0,3.425925925925926
1001.9989979999999,2.5485839198635567,2.822053955449565,41629.0,3.432098765432099
1002.1989977999999,2.4889318511358143,1.7904969501175607,41380.0,3.4472049689440993
1002.3989975999999,2.6225409836065574,1.3417149458862174,41480.0,3.4472049689440993
1002.5989973999999,2.310290046937056,1.9323327737624285,41545.0,3.475
1002.7989971999999,,253.2084176987132,19763.0,2.2017543859649122
1002.9989969999999,2.4841704718417046,1.2585904522513836,19710.0,2.192982456140351
1003.1989967999999,,255.70855008932088,41476.0,3.46875
1003.3989965999999,2.248933452240353,0.6702492636046475,41489.0,3.475
1003.5989963999999,,268.5443257550164,20271.0,2.051282051282051
1003.7989961999999,4.1484705539075035,4.395731226229865,20563.0,2.042016806722689
1003.9989959999999,4.10270136307311,4.77137688424911,20175.0,2.0677966101694913
1004.1989957999999,,262.23975674770634,41812.0,3.3841463414634148
1004.3989955999999,,257.65106017398205,20050.0,2.1025641025641026
1004.5989953999999,4.634776501279285,10.525915569452586,19933.0,2.0683760683760686
1004.7989951999999,3.527531709281256,5.091267907998978,19868.0,2.0948275862068964
1004.9989949999999,2.9209472136301406,3.42355460857162,19721.0,2.0948275862068964
1005.1989947999999,,263.1439932684308,41529.0,3.432098765432099
1005.3989945999999,,262.02110181575046,19630.0,2.103448275862069
1005.5989943999999,,264.58542070759523,41439.0,3.432098765432099
1005.7989941999999,,262.80246450924847,19614.0,2.103448275862069
1005.9989939999999,,263.4979191577933,41435.0,3.432098765432099
1006.1989937999999,,261.7138557147526,19608.0,2.139130434782609
1006.3989935999999,2.5015293637846656,1.0464873643670365,19616.0,2.139130434782609
1006.5989933999999,2.470585228724764,0.9327400036142112,19565.0,2.1478260869565218
1006.7989931999999,2.438751532488762,0.14167543303029567,19576.0,2.139130434782609
1006.9989929999999,,260.62198120231926,41286.0,3.432098765432099
1007.1989927999999,,261.443414545866,19544.0,2.139130434782609
1007.3989925999999,2.442546663257479,0.40611349311507594,19555.0,2.139130434782609
1007.5989923999999,,260.9407345709277,41389.0,3.432098765432099
1007.7989921999999,,261.60728373401133,19583.0,2.1478260869565218
1007.9989919999999,2.5235122550273754,1.610067523806288,19543.0,2.139130434782609
1008.1989917999999,,262.14786241761294,41275.0,3.453416149068323
1008.3989915999999,,261.80917612077684,19490.0,2.139130434782609
1008.5989913999999,,261.97416072632774,41289.0,3.453416149068323
1008.7989911999999,2.2936737120531925,1.2996682685519596,41209.0,3.432098765432099
1008.9989909999999,,261.0037764927202,19463.0,2.139130434782609
1009.1989907999999,2.4421517298018682,0.2862400809572949,19482.0,2.139130434782609
1009.3989905999999,2.5244992295839754,0.41242689202251,19470.0,2.1578947368421053
1009.5989903999999,2.4359843814221125,0.2699826174127906,19464.0,2.1578947368421053
1009.7989901999999,2.468163641956321,0.46263027743805185,19506.0,2.1578947368421053
1009.9989899999999,2.529318216795773,0.4824693193441287,19493.0,2.1578947368421053
1010.1989897999999,,261.3455449902655,41262.0,3.453416149068323
1010.3989895999999,,261.26301335915383,19418.0,2.1491228070175437
1010.5989893999999,2.47951472780548,0.15350202785398928,19453.0,2.139130434782609
1010.7989891999999,2.475725661443617,0.869012390972468,19465.0,2.139130434782609
1010.9989889999999,2.4201390677311356,0.7644304366325337,19415.0,2.1666666666666665
1011.1989887999999,2.43122006489159,0.9982629758045412,19417.0,2.1578947368421053
1011.3989885999999,2.5703189300411524,1.9234314948265636,19440.0,2.1578947368421053
1011.5989883999999,,3.2985211411411983,19178.0,2.1769911504424777
1011.7989881999999,,264.2819060363555,41193.0,3.453416149068323
1011.9989879999999,,261.3971151256329,19490.0,2.1565217391304348
1012.1989877999999,2.4373616188661757,0.5628226355563768,19421.0,2.139130434782609
1012.3989875999999,2.37165500205846,0.14469941198158948,19432.0,2.1666666666666665
1012.5989873999999,,260.5463763486759,41288.0,3.432098765432099
1012.7989871999999,,262.08252711001677,19400.0,2.139130434782609
1012.9989869999999,2.580977786897861,1.0382511295325267,19493.0,2.139130434782609
1013.1989868,2.7142269313856597,1.129648058960694,19442.0,2.139130434782609
1013.3989866,2.5131707819990723,0.9245246018524309,19399.0,2.139130434782609
1013.5989864,2.549726324486213,0.666808774608589,19366.0,2.139130434782609
1013.7989862,,278.15411040509196,40415.0,2.8580246913580245
1013.998986,,279.12870344709825,19426.0,2.1565217391304348
1014.1989858,2.472599917593737,0.7650058021882746,19416.0,2.1478260869565218
1014.3989856,2.422878381168697,0.767869663634565,19372.0,2.139130434782609
1014.5989854,,263.444639191365,41176.0,3.453416149068323
1014.7989852,,262.92355919192295,19419.0,2.1478260869565218
1014.998985,,262.95682456583455,41154.0,3.425925925925926
1015.1989848,,262.94637804001894,19393.0,2.1478260869565218
1015.3989846,,235.1526938055341,32647.0,2.7517241379310344
1015.5989844,,63.584835648127104,41165.0,3.432098765432099
1015.7989842,2.3166066387618027,0.7223509887111303,41092.0,3.432098765432099
1015.998984,,263.1405851035989,19350.0,2.1478260869565218
1016.1989838,,262.9157962199014,41171.0,3.425925925925926
1016.3989836,,261.81055007396156,19353.0,2.1478260869565218
1016.5989834,,261.0351392835744,41195.0,3.4472049689440993
1016.7989832,,262.40933351677296,19370.0,2.1478260869565218
1016.998983,2.5361862481932684,2.1881037732149813,19372.0,2.175438596491228
1017.1989828,2.4172984682036205,0.1571295844855675,19389.0,2.1652173913043478
1017.3989826,,262.7503966556158,41154.0,3.453416149068323
1017.5989824,,263.5539733706342,19366.0,2.1565217391304348
1017.7989822,2.462978283350569,0.5785779602764457,19340.0,2.1666666666666665
1017.998982,2.437009500206526,1.16004618479205,19368.0,2.1565217391304348
1018.1989818,2.6292889623811493,1.2216370387754296,19352.0,2.1565217391304348
1018.3989816,,280.2929814880566,40221.0,2.875776397515528
1018.5989814,,279.6751192269704,19356.0,2.175438596491228
1018.7989812,2.408100010331646,0.46489351958204683,19358.0,2.1842105263157894
1018.998981,,261.785330230414,40967.0,3.453416149068323
1019.1989808,,262.4085748402073,19351.0,2.1565217391304348
1019.3989806,2.439006725297465,0.6787233968196856,19330.0,2.1652173913043478
1019.5989804,3.08807226442209,3.7060775270347888,19484.0,2.1379310344827585
1019.7989802,,262.41722482017855,41159.0,3.411042944785276
1019.99898,2.4143780683420015,1.3302700910500043,41146.0,3.411042944785276
1020.1989798,,283.7507348399974,19660.0,2.0338983050847457
1020.3989796,3.338452056905141,1.1201055731754916,19471.0,2.0427350427350426
1020.5989794,2.7821084274904115,2.91580634623504,19294.0,2.034188034188034
1020.7989792,9.565010177232786,24.717903769475942,20143.0,1.910569105691057
1020.998979,7.405422249922094,90.35478308709821,22463.0,3.355371900826446
1021.1989788,12.753859765538598,29.574671092257088,22605.0,2.216666666666667
1021.3989786,3.2161659133209253,6.575150383271065,22566.0,2.2711864406779663
1021.5989784,,241.2449791187092,46810.0,3.4583333333333335
1021.7989782,,241.76902468912965,22616.0,2.2796610169491527
1021.998978,,241.4260990132983,47049.0,3.4642857142857144
1022.1989778,,239.67427925457503,22635.0,2.299145299145299
1022.3989776,,241.2773637805141,47029.0,3.4790419161676644
1022.5989774,,239.5065535402971,22595.0,2.3076923076923075
1022.7989772,2.514927683665797,0.9336991053814949,22609.0,2.3076923076923075
1022.998977,2.4331654739818007,0.6645364740282188,22638.0,2.3076923076923075
1023.1989768,2.457140328362172,0.6063184977837983,22597.0,2.3076923076923075
1023.3989766,2.5789496989018774,0.5576316241749313,22584.0,2.299145299145299
1023.5989764,2.4452512729687848,0.17265056750192073,22585.0,2.3076923076923075
1023.7989762,2.5437086973876792,0.7621352178249894,22547.0,2.3076923076923075
1023.998976,2.7193628538468366,0.708748116558773,22538.0,2.3076923076923075
1024.1989758,2.630164371390493,0.47345552927317025,22510.0,2.3275862068965516
1024.3989755999999,,238.85537193081237,46857.0,3.4730538922155687
1024.5989754,,237.11145403047055,22444.0,2.3275862068965516
1024.7989751999999,2.5701820436727645,1.2225670179841033,22577.0,2.3275862068965516
1024.998975,2.6809359212975274,0.8243915666190831,22566.0,2.3275862068965516
1025.1989747999999,13.755911052730344,116.24479942173356,21316.0,1.7727272727272727
1025.3989746,8.205102479575748,15.088715320768978,20931.0,1.9754098360655739
1025.5989743999999,3.593510438262379,10.458461255555557,20741.0,2.0083333333333333
1025.7989742,15.66771412798845,137.54435013920977,23549.0,3.1496062992125986
1025.9989739999999,13.611596009975063,29.903491541414983,24060.0,2.03125
1026.1989738,22.4435951050629,76.49800824621575,29173.0,1.9727891156462585
1026.3989735999999,9.467469496442908,103.1198515114071,25161.0,1.934782608695652
1026.5989734,,250.47301938934925,40417.0,2.543956043956044
1026.7989731999999,,137.65529420975324,17703.0,2.75
1026.998973,4.8940896214267315,26.321132815144676,15532.0,3.0392156862745097
1027.1989727999999,6.2950797783563655,36.722186650658095,14979.0,3.1020408163265305
1027.3989726,8.117699283404148,21.555725219262566,15769.0,3.019607843137255
1027.5989723999999,3.7424645102741945,12.499001449528272,15427.0,3.0693069306930694
1027.7989722,4.384019594862968,13.326002108485088,15106.0,3.111111111111111
1027.9989719999999,,180.6797797720137,34335.0,3.7823129251700682
1028.1989718,,185.3665316895677,15550.0,3.09
1028.3989715999999,,184.63707056191674,34491.0,3.808219178082192
1028.5989714,,175.148897045446,15002.0,3.1313131313131315
1028.7989711999999,8.60021531251979,16.928940910183645,15791.0,2.9047619047619047
1028.998971,,186.51560132128643,34581.0,3.7
1029.1989707999999,,182.4362994360642,15523.0,2.9514563106796117
1029.3989706,2.514993481095176,2.763842940563113,15340.0,3.00990099009901
1029.5989703999999,,423.2276233785539,60776.0,3.2291666666666665
1029.7989702,,421.6149871557871,15318.0,3.01980198019802
1029.9989699999999,19.9944339307581,56.745349081493686,17966.0,2.432
1030.1989698,10.61060372435061,50.881588155547135,16862.0,2.2755905511811023
1030.3989695999999,8.08649448479957,31.74510450442656,14868.0,2.5398230088495577
1030.5989694,5.767232767232767,19.71984748050361,14014.0,2.9494949494949494
1030.7989691999999,,212.3952805699295,31368.0,4.028985507246377
1030.998969,6.427432950191571,15.474731502610261,32625.0,3.915492957746479
1031.1989687999999,6.052763364305539,19.10762571946841,33148.0,3.9577464788732395
1031.3989686,,179.05351372827263,14084.0,3.2989690721649483
1031.5989683999999,4.367222753999727,8.371709643674318,14626.0,3.242424242424242
1031.7989682,5.5893396350269136,9.930181454464229,15234.0,3.227722772277228
1031.9989679999999,10.483011410722254,40.564403650700335,15687.0,2.9702970297029703
1032.1989678,,164.8710058286331,34322.0,2.9426751592356686
1032.3989675999999,,185.17548469789847,16360.0,2.6216216216216215
1032.5989674,2.8580246913580245,3.1554775015026975,16362.0,2.6216216216216215
1032.7989671999999,2.8454912023460412,2.146388518352634,16368.0,2.566371681415929
1032.998967,2.5241797257590597,1.4046560009143263,16336.0,2.5217391304347827
1033.1989667999999,2.3388460124954062,0.33919653720429194,16326.0,2.5217391304347827
1033.3989666,,193.86665263310178,35008.0,3.432098765432099
1033.5989663999999,,232.67197632355166,18977.0,2.161764705882353
1033.7989662,,224.46495255343837,34621.0,2.723529411764706
1033.9989659999999,,183.87869923560658,16451.0,2.3666666666666667
1034.1989658,3.3593594217347955,6.830010344984256,16048.0,2.3865546218487395
1034.3989655999999,3.8074069376625026,6.631559652975416,15769.0,2.406779661016949
1034.5989654,2.879679313174673,2.4452462093764264,15841.0,2.4655172413793105
1034.7989651999999,2.583274905985085,2.673267521250943,15689.0,2.4444444444444446
1034.998965,2.627282077654924,3.4841579846976707,15556.0,2.456896551724138
1035.1989647999999,2.497789736690371,1.5802820622412255,15609.0,2.4782608695652173
1035.3989646,,217.20532663134577,37513.0,3.38953488372093
1035.5989643999999,,221.15139106226334,15829.0,2.3983050847457625
1035.7989642,4.476866961028988,13.176018256066625,15627.0,2.4786324786324787
1035.998964,3.168965296042081,4.882897144348665,15589.0,2.47008547008547
1036.1989638,5.195811129012269,14.533625429458496,16138.0,2.4705882352941178
1036.3989636,3.5890444608204373,3.5984418391468105,16284.0,2.4873949579831933
1036.5989634,4.919987623762376,14.585727233463702,16160.0,2.547008547008547
1036.7989632,3.2343621788802626,6.803287969436019,15843.0,2.582608695652174
1036.998963,,191.61766536943816,34590.0,3.432098765432099
1037.1989628,,190.1903909474558,15798.0,2.6194690265486726
1037.3989626,2.3856843708357127,2.253249239739138,15759.0,2.6052631578947367
1037.5989624,2.4670654871762236,2.7938865296287387,15713.0,2.6283185840707963
1037.7989622,2.3215875842768097,1.3705875763682265,15722.0,2.6194690265486726
1037.998962,7.297373936629269,16.259584091611163,16222.0,2.4745762711864407
1038.1989618,3.39761254682837,8.498090757953822,15749.0,2.5391304347826087
1038.3989616,3.236728929969831,5.727328565608343,15579.0,2.5701754385964914
1038.5989614,,194.34811942220355,34124.0,3.46875
1038.7989612,,191.63988588224876,15332.0,2.584070796460177
1038.998961,2.30231647634584,1.14846466649798,15325.0,2.584070796460177
1039.1989608,2.2937381898742424,0.9338659013338103,15347.0,2.607142857142857
1039.3989606,2.3757089771171525,1.9490293591144001,15339.0,2.5982142857142856
1039.5989604,2.388089005235602,1.0396190493881938,15280.0,2.607142857142857
1039.7989602,2.2780998814073,1.5838193365688673,15178.0,2.5982142857142856
1039.99896,2.298118668596237,2.961495008642297,15202.0,2.5892857142857144
1040.1989598,2.2555254997690835,0.5028044786151106,15157.0,2.5892857142857144
1040.3989596,2.3421505091919057,2.2567035320596904,15122.0,2.5892857142857144
1040.5989594,2.2792005823572232,0.6737988983296213,15111.0,2.6126126126126126
1040.7989592,2.302535510420815,0.3557444090102817,15066.0,2.5892857142857144
1040.998959,2.2795327847093176,0.9695475220512039,15068.0,2.6126126126126126
1041.1989588,2.259475994148158,1.2750274310769365,15038.0,2.580357142857143
1041.3989586,,120.66149889437895,25557.0,3.0492957746478875
1041.5989584,,120.12932784033909,15081.0,2.580357142857143
1041.7989582,6.694342021614749,16.95159148735085,15730.0,2.4615384615384617
1041.998958,4.418796945023039,15.508093795797839,15843.0,2.3983050847457625
1042.1989578,,229.36187093207622,36474.0,3.4850299401197606
1042.3989576,,38.34480925275691,33446.0,3.432098765432099
1042.5989574,,201.22094463355853,14821.0,2.4434782608695653
1042.7989572,,232.20895352991536,35595.0,3.5272727272727273
1042.998957,,231.2044260439444,14647.0,2.456140350877193
1043.1989568,2.277264325323475,0.8003531101723735,14607.0,2.456140350877193
1043.3989566,2.2126681306615428,0.6734235765275867,14572.0,2.47787610619469
1043.5989564,2.2144522144522143,0.050344173067645936,14586.0,2.47787610619469
1043.7989562,2.2317676143386898,0.8433294424739579,14562.0,2.47787610619469
1043.998956,2.2503956512764054,0.7982175272789154,14533.0,2.47787610619469
1044.1989558,2.2539267015706805,1.1135310022273635,14516.0,2.47787610619469
1044.3989556,2.2251810969299757,0.5931912465365284,14495.0,2.47787610619469
1044.5989554,2.2429468165827413,0.7164147613950947,14497.0,2.47787610619469
1044.7989552,2.4957323788546257,1.7606072234303485,14528.0,2.4690265486725664
1044.998955,2.24769379044472,1.1214369057236868,14526.0,2.4690265486725664
1045.1989548,2.579273385300668,2.684741970543724,14368.0,2.5
1045.3989546,2.3490381934764426,0.738565988916078,14348.0,2.5
1045.5989544,2.253059805285118,1.2946579618289533,14380.0,2.5
1045.7989542,2.244207146845338,1.3507863438674443,14328.0,2.4910714285714284
1045.998954,2.2529718456725756,1.326822297596312,14385.0,2.4910714285714284
1046.1989538,,110.57554123955012,25604.0,2.945578231292517
1046.3989536,,130.54167864298364,15397.0,2.3846153846153846
1046.5989534,2.763253402462735,1.4575827962346732,15430.0,2.3728813559322033
1046.7989532,,205.1425982034913,33725.0,3.3963414634146343
1046.998953,4.215216318950759,11.122780204411582,34463.0,3.4060606060606062
1047.1989528,,188.3707322648584,15422.0,2.5391304347826087
1047.3989526,3.189217619986851,5.220005734756047,15210.0,2.584070796460177
1047.5989524,2.7418433118479633,4.544917753220099,15049.0,2.584070796460177
1047.7989522,2.421355752681054,0.980117243441286,15106.0,2.607142857142857
1047.998952,,193.94232978892717,33792.0,3.5345911949685536
1048.1989518,,192.9348044322735,14981.0,2.607142857142857
1048.3989516,2.281603836419342,0.14009663934889194,15014.0,2.607142857142857
1048.5989514,,219.8227828983965,36033.0,3.5705521472392636
1048.7989512,,218.09579799612,15030.0,2.630630630630631
1048.998951,2.292104912794568,2.482008366001353,15022.0,2.607142857142857
1049.1989508,,193.3303360451988,33643.0,3.518987341772152
1049.3989506,,194.06165041594622,14951.0,2.607142857142857
1049.5989504,2.311230305062018,0.38355055373468133,14915.0,2.5982142857142856
1049.7989502,2.285426054206739,0.6831069326060981,14869.0,2.6216216216216215
1049.99895,,193.97852519049198,33569.0,3.518987341772152
1050.1989498,,193.9083935168213,14945.0,2.607142857142857
1050.3989496,2.379212916246216,2.5554882067602165,14865.0,2.630630630630631
1050.5989494,2.2980136894376595,1.0492409338539712,14902.0,2.630630630630631
1050.7989492,9.34681638382034,31.146234326941183,15674.0,2.361344537815126
1050.998949,3.199644198458193,6.605692743555392,15177.0,2.393162393162393
1051.1989488,,67.20999956833099,18924.0,2.186046511627907
1051.3989486,,70.06842462996687,14991.0,2.4310344827586206
1051.5989484,2.6279322033898307,4.631209417713377,14750.0,2.4347826086956523
1051.7989482,2.677722840269194,5.439808064502074,14562.0,2.456140350877193
1051.998948,2.4577069622445444,3.0046889840181996,14435.0,2.4690265486725664
1052.1989478,2.23735165521549,0.37972813934277044,14409.0,2.4690265486725664
1052.3989476,2.2464040025015635,0.9210117997123084,14391.0,2.4910714285714284
1052.5989474,2.3709521173539994,1.1139186076653858,14452.0,2.4601769911504423
1052.7989472,2.4347553324968634,2.2467877092424944,14346.0,2.4690265486725664
1052.998947,2.3276429021199188,1.5193210833225939,14293.0,2.4910714285714284
1053.1989468,,231.96968088762063,35229.0,3.5644171779141103
1053.3989466,,232.98742118962662,14254.0,2.482142857142857
1053.5989464,2.257106847780423,0.3856596908470216,14282.0,2.482142857142857
1053.7989462,,232.9760275270276,35260.0,3.5644171779141103
1053.998946,,233.13823531905624,14371.0,2.482142857142857
1054.1989458,2.278206026629292,1.0372977381096018,14270.0,2.482142857142857
1054.3989456,2.2500350189102116,1.383860582752124,14278.0,2.482142857142857
1054.5989454,2.354244320978972,2.701624388581099,14219.0,2.482142857142857
1054.7989452,2.2451132048938263,0.21335480696787568,14222.0,2.482142857142857
1054.998945,,204.56442014779608,32761.0,3.49685534591195
1055.1989448,,205.227101485499,14377.0,2.482142857142857
1055.3989446,2.219912396579295,0.44243959626724416,14383.0,2.5045045045045047
1055.5989444,,205.55657082780425,32770.0,3.518987341772152
1055.7989442,,204.71311900533166,14295.0,2.5045045045045047
1055.998944,2.4899111048398477,3.1776413872171054,14174.0,2.5045045045045047
1056.1989438,,233.9227567231871,35086.0,3.576687116564417
1056.3989436,2.17432447839471,0.5353884087725195,35084.0,3.5705521472392636
1056.5989434,,234.873724958042,14260.0,2.482142857142857
1056.7989432,2.253722955886485,0.38228923434702455,14236.0,2.5045045045045047
1056.998943,2.580415181379744,3.0956419963030175,14307.0,2.5045045045045047
1057.1989428,2.428631608509443,2.5720078416779004,14243.0,2.5045045045045047
1057.3989426,2.3792284036902434,1.1242304103771135,14308.0,2.5045045045045047
1057.5989424,2.4551690001414226,2.3813697228376536,14142.0,2.5045045045045047
1057.7989422,2.2527246992215146,1.0455014190081013,14130.0,2.482142857142857
1057.998942,,205.89720204707066,32677.0,3.5345911949685536
1058.1989418,,206.44085394187266,14160.0,2.5045045045045047
1058.3989416,2.254092576912221,1.0602374619625257,14172.0,2.5045045045045047
1058.5989414,2.265902860757714,1.1776613534834524,14227.0,2.482142857142857
1058.7989412,2.191070672873466,0.9593609923947535,14178.0,2.482142857142857
1058.998941,,234.33436146926005,35108.0,3.5925925925925926
1059.1989408,,234.5126851250607,14267.0,2.482142857142857
1059.3989406,2.4866647751454107,3.3687400031680865,14098.0,2.5045045045045047
1059.5989404,2.2007221750212405,0.4545674303317648,14124.0,2.482142857142857
1059.7989401999998,2.2070065952769307,0.25639283753235576,14101.0,2.482142857142857
1059.99894,2.2285916991841077,0.16541857701242818,14095.0,2.482142857142857
1060.1989397999998,,235.00653556029584,35041.0,3.5705521472392636
1060.3989396,,235.1859581640566,14115.0,2.4954954954954953
1060.5989393999998,2.410200645432861,0.8754448172491132,14254.0,2.4732142857142856
1060.7989392,2.2441868633649458,2.136223365805179,14235.0,2.482142857142857
1060.9989389999998,2.216586944288126,0.9514503236697072,14216.0,2.482142857142857
1061.1989388,,235.14883092282903,35019.0,3.5705521472392636
1061.3989385999998,,235.39907632364816,14066.0,2.4732142857142856
1061.5989384,,235.10485980608604,34976.0,3.5705521472392636
1061.7989381999998,,235.5489245243428,14112.0,2.4954954954954953
1061.998938,2.3279892647785863,1.2410887978271992,14159.0,2.4732142857142856
1062.1989377999998,2.4835110861633454,1.9850066971486544,14252.0,2.4954954954954953
1062.3989376,2.2024186177318428,0.5950561120529646,14223.0,2.5045045045045047
1062.5989373999998,2.3868251609707776,2.180394725393317,14133.0,2.5045045045045047
1062.7989372,2.245265621675296,1.312921570701781,14099.0,2.4954954954954953
1062.9989369999998,2.294325739351917,1.6313917497899235,14134.0,2.482142857142857
1063.1989368,2.192629340892984,0.6274850055797963,14110.0,2.5045045045045047
1063.3989365999998,2.328385768056246,2.750284857950704,14081.0,2.4732142857142856
1063.5989364,2.21045187751927,0.43173641377830174,14141.0,2.4954954954954953
1063.7989361999998,2.2056134382309165,0.7261186232805643,14109.0,2.4954954954954953
1063.998936,2.2008477569763336,0.6775353982150336,14155.0,2.4732142857142856
1064.1989357999998,2.4431234611326063,2.4049875729489294,14215.0,2.4954954954954953
1064.3989356,2.2720474107520814,1.4475479964995799,14174.0,2.5045045045045047
1064.5989353999998,2.4036736437419908,0.722454739619622,14046.0,2.4954954954954953
1064.7989352,2.2119596131968144,0.7766967105776991,14064.0,2.4954954954954953
1064.9989349999998,2.229256867059408,2.032416554599001,14089.0,2.4954954954954953
1065.1989348,2.240125035521455,1.8486385487702073,14076.0,2.4732142857142856
1065.3989345999998,2.231200340522134,0.5862490923565639,14096.0,2.4954954954954953
1065.5989344,2.246726590699979,0.4035637392345658,14129.0,2.4954954954954953
1065.7989341999998,,234.93099177611361,35151.0,3.5925925925925926
1065.998934,,234.6985769233649,14095.0,2.4954954954954953
1066.1989337999998,2.269851425321675,0.22070397841166267,14067.0,2.4954954954954953
1066.3989336,2.3886805801202686,1.4711372183391036,14135.0,2.4954954954954953
1066.5989333999999,2.2190246668556846,1.3450044432060815,14108.0,2.4732142857142856
1066.7989332,2.3505132743362833,1.296167495045068,14125.0,2.4954954954954953
1066.9989329999999,,207.31239050835504,32630.0,3.5569620253164556
1067.1989328,,206.92157180774993,14110.0,2.4954954954954953
1067.3989325999999,2.3831209966917717,1.4164541475472272,14207.0,2.4954954954954953
1067.5989324,,206.3936490654519,32716.0,3.5253164556962027
1067.7989321999999,,205.97933087978174,14120.0,2.4954954954954953
1067.998932,2.298799971596961,1.6647061814407624,14083.0,2.4954954954954953
1068.1989317999999,2.2427951327118762,0.46249584250269515,14053.0,2.4954954954954953
1068.3989316,2.264957264957265,0.6291904045197364,14040.0,2.4954954954954953
1068.5989313999999,2.2138083048919226,0.4032157452986585,14064.0,2.4954954954954953
1068.7989312,2.3584023794348843,2.6329508046032997,14121.0,2.4954954954954953
1068.9989309999999,2.263680181457329,1.7410750957433978,14108.0,2.4954954954954953
1069.1989308,,63.492492976300476,17760.0,2.2419354838709675
1069.3989305999999,,64.56456286712312,14179.0,2.4954954954954953
1069.5989304,2.225174924022899,0.652356034746613,14149.0,2.4954954954954953
1069.7989301999999,2.236464010191804,1.7990148990557566,14129.0,2.518181818181818
1069.99893,2.265757490107405,3.074245469399422,14152.0,2.4954954954954953
1070.1989297999999,2.4758340461933277,4.044234748034486,14028.0,2.518181818181818
1070.3989296,2.6927740571025733,3.0942943915467436,14185.0,2.4954954954954953
1070.5989293999999,2.3474218089602705,0.9880224734204108,14196.0,2.4732142857142856
1070.7989292,2.364107294919103,1.404698558120013,14092.0,2.4954954954954953
1070.9989289999999,,236.75404496962284,34942.0,3.5925925925925926
1071.1989288,,236.46675951147847,14130.0,2.4954954954954953
1071.3989285999999,2.566685424873382,2.9253812057328052,14216.0,2.4954954954954953
1071.5989284,2.6086151655393377,3.879292429334112,14045.0,2.4954954954954953
1071.7989281999999,,236.3781955474713,34937.0,3.5925925925925926
1071.998928,,236.54497556805916,14071.0,2.4954954954954953
1072.1989277999999,2.2026921714488132,0.7989173374067591,14115.0,2.4954954954954953
1072.3989276,2.2752534202878003,2.2740436877675227,14107.0,2.4954954954954953
1072.5989273999999,,207.40063249522683,32640.0,3.5414012738853504
1072.7989272,2.2469454959529744,0.8716527433444522,32493.0,3.518987341772152
1072.9989269999999,,208.07812247870044,14064.0,2.4954954954954953
1073.1989268,2.244805009962995,0.6482118504105985,14052.0,2.4954954954954953
1073.3989265999999,2.2023512646954044,0.1174171771303291,14035.0,2.4954954954954953
1073.5989264,2.236683023967001,0.8881475278399378,14061.0,2.4954954954954953
1073.7989261999999,2.237814409549524,0.32764677095492295,14074.0,2.4954954954954953
1073.998926,2.2412206173888416,0.977986876058057,14124.0,2.4954954954954953
1074.1989257999999,,235.554619424095,35163.0,3.5705521472392636
1074.3989256,,259.4982175502595,16860.0,2.224
1074.5989253999999,2.6157276288038567,2.4760342266149413,16595.0,2.2419354838709675
1074.7989252,3.629067665289256,16.356858311438785,15488.0,2.3361344537815127
1074.9989249999999,3.093624580564511,8.204671600418415,15199.0,2.3361344537815127
1075.1989248,2.6417674907943187,3.8887167242723395,15208.0,2.347457627118644
1075.3989245999999,,54.36697594036959,18245.0,2.1384615384615384
1075.5989244,,54.558398735664,15108.0,2.3559322033898304
1075.7989241999999,2.3737266129569212,1.3695692940864432,15019.0,2.347457627118644
1075.998924,2.4289443737867327,3.398447547097913,14939.0,2.347457627118644
1076.1989237999999,,235.94943309483506,35892.0,3.4437869822485205
1076.3989236,,236.08955080185092,14950.0,2.3675213675213675
1076.5989233999999,,236.09768674789055,35861.0,3.4642857142857144
1076.7989232,,238.6948504364131,15636.0,2.3361344537815127
1076.9989229999999,4.165841118565427,10.384427033188791,15949.0,2.316666666666667
1077.1989228,2.5908607198748044,1.183737969549479,15975.0,2.316666666666667
1077.3989225999999,2.9407501589319773,5.348700774368093,15730.0,2.3333333333333335
1077.5989224,3.4419566185357167,9.629458639806316,15721.0,2.3666666666666667
1077.7989221999999,2.6724946969210004,4.681209405845852,15557.0,2.3865546218487395
1077.998922,,232.0989952289828,36208.0,3.4850299401197606
1078.1989217999999,,228.0740051635778,14988.0,2.4608695652173913
1078.3989216,2.404750689724783,2.2291772326870998,14861.0,2.4521739130434783
1078.5989213999999,2.3155015197568387,1.324336712939056,14805.0,2.4521739130434783
1078.7989212,2.342394251626898,1.6251085949371116,14752.0,2.4521739130434783
1078.9989209999999,,124.69733467083834,25145.0,2.9657534246575343
1079.1989208,,124.35638431694436,14697.0,2.4521739130434783
1079.3989205999999,,124.28507275465444,25058.0,2.9657534246575343
1079.5989204,,124.98153482802097,14656.0,2.4649122807017543
1079.7989201999999,2.7931692685254617,3.747232874614331,14669.0,2.4434782608695653
1079.99892,2.6964469795890316,1.3403310514696776,14551.0,2.4867256637168142
1080.1989197999999,2.4149104139493374,2.0603791691429576,14567.0,2.4867256637168142
1080.3989196,2.2264125068568292,1.1486235994402663,14584.0,2.47787610619469
1080.5989193999999,2.4222328570451905,1.7868625403808442,14627.0,2.47787610619469
1080.7989192,5.656864029342415,11.956183404555915,15268.0,2.4649122807017543
1080.998919,2.6706673700870485,5.941366638988734,15164.0,2.4260869565217393
1081.1989188,3.092630199803472,3.107016432659316,15265.0,2.4473684210526314
1081.3989186,3.179975760840291,10.013096773619958,14852.0,2.43859649122807
1081.5989184,2.5566841638830184,3.1610705624418896,14669.0,2.4601769911504423
1081.7989182,2.4601763861352293,2.433764780359356,14627.0,2.482142857142857
1081.998918,,211.05065023461592,37159.0,3.341040462427746
1082.1989178,4.833237522863862,13.149190180091919,38270.0,3.2290502793296088
1082.3989176,,223.94462734785972,18422.0,2.1578947368421053
1082.5989174,3.892962812554389,18.672751620527094,17237.0,2.2598425196850394
1082.7989172,3.059307385110568,5.353052830079561,16777.0,2.296
1082.998917,3.3104333475948904,13.833279987376317,16361.0,2.3089430894308944
1083.1989168,2.7062332981169597,2.612074819746095,16091.0,2.3089430894308944
1083.3989166,,201.06682300588557,34667.0,3.2705882352941176
1083.5989164,,205.23817693871715,16539.0,2.3089430894308944
1083.7989162,24.84060462059552,86.91234510036354,19781.0,2.1654676258992804
1083.998916,5.747114317425083,43.49450574445256,18020.0,2.2790697674418605
1084.1989158,,199.7695677233453,36504.0,3.177142857142857
1084.3989156,,194.3271205615504,17691.0,2.2992125984251968
1084.5989154,2.988496444881207,7.063590554434154,17299.0,2.336
1084.7989152,2.451828206616367,1.9443944248429175,17230.0,2.3548387096774195
1084.998915,2.3252051446196824,0.9443658247884528,17183.0,2.3548387096774195
1085.1989148,6.337724278900749,21.297838395800063,17612.0,2.3492063492063493
1085.3989146,4.584124868077542,11.022352824664367,18003.0,2.3359375
1085.5989144,3.1667506297229218,6.511210114188464,17865.0,2.365079365079365
1085.7989142,4.125396913820957,9.40966928108839,17951.0,2.4274193548387095
1085.998914,,178.83318439477833,36692.0,2.615819209039548
1086.1989138,,187.2475569237703,18517.0,2.4960629921259843
1086.3989136,6.502767828069033,20.426935830330926,18426.0,2.592
1086.5989134,,192.37522704331016,40486.0,3.2458100558659218
1086.7989132,,226.59515477098,19141.0,2.4108527131782944
1086.998913,4.10495792585854,22.544688171132883,17588.0,2.5245901639344264
1087.1989128,3.6743519155769673,13.811471115743466,17436.0,2.55
1087.3989126,2.7449152048487675,4.137258913007837,17159.0,2.593220338983051
1087.5989124,2.5808110664459685,1.7827437602928426,16916.0,2.6153846153846154
1087.7989122,,193.1556527460308,35852.0,3.426829268292683
1087.998912,,194.60702847501778,17113.0,2.5847457627118646
1088.1989118,2.4546578002706996,1.8673678545227552,16993.0,2.606837606837607
1088.3989116,2.357907670703879,1.1398165511842562,17091.0,2.6293103448275863
1088.5989114,2.3744740532959328,1.3832750103850684,17112.0,2.606837606837607
1088.7989112,3.8882168330955778,6.639268139692885,17525.0,2.5416666666666665
1088.998911,,197.54103014952128,40130.0,3.1630434782608696
1089.1989108,,42.82495636666508,35377.0,3.3987730061349692
1089.3989106,,183.3879207432326,16154.0,2.725663716814159
1089.5989104,4.245219622457084,13.98285008542068,16369.0,2.7964601769911503
1089.7989102,,177.01645034475092,35439.0,3.3493975903614457
1089.99891,,176.0266996190936,16336.0,2.736842105263158
1090.1989098,5.571410990092917,17.985521901679853,16251.0,2.7964601769911503
1090.3989096,,407.5838821470087,59458.0,3.1794871794871793
1090.5989094,,360.80429185740024,16643.0,3.107142857142857
1090.7989092,6.008955223880597,20.364589744819796,17085.0,3.358490566037736
1090.998909,3.5433553532107362,5.88583222817127,16803.0,3.4563106796116503
1091.1989088,2.744663038928422,0.6441492524184165,16723.0,3.4563106796116503
1091.3989086,3.4710699342498508,1.680111695509876,16730.0,3.4901960784313726
1091.5989084,2.447999041456985,1.0157369086205754,16692.0,3.5247524752475248
1091.7989082,,175.37389661515107,36355.0,3.7567567567567566
1091.998908,,175.39459988126148,16581.0,3.5247524752475248
1092.1989078,2.4713406540364424,2.058033950724419,16574.0,3.56
1092.3989076,2.6327220077220077,2.8463774830661235,16576.0,3.56
1092.5989074,2.3555114797451617,2.2166001910121205,16638.0,3.5247524752475248
1092.7989072,2.383456834749081,1.0900868792756682,16599.0,3.5247524752475248
1092.998907,2.2776303088803087,1.3214301279587077,16576.0,3.5247524752475248
1093.1989068,2.4764542936288088,2.4643006900995945,16606.0,3.5247524752475248
1093.3989066,2.5106049650518196,0.7641664076077118,16596.0,3.5346534653465347
1093.5989064,2.3594408964935534,0.2582259861916234,16598.0,3.5247524752475248
1093.7989062,2.335770392749245,0.46366799263301084,16550.0,3.56
1093.998906,2.374841245842153,0.8946207216215704,16535.0,3.56
1094.1989058,2.3398886602928717,0.7840545593461465,16526.0,3.56
1094.3989056,2.4284937466014136,0.5921872589780425,16551.0,3.595959595959596
1094.5989054,2.317373627040476,1.0794848032746616,16479.0,3.595959595959596
1094.7989052,2.3523665963219775,2.5140754918106487,16585.0,3.606060606060606
1094.998905,2.346656976744186,1.3248572054494137,16512.0,3.56
1095.1989048,2.348658772353794,1.4827114205542116,16552.0,3.595959595959596
1095.3989046,2.3188886210221793,0.9376884874774825,16592.0,3.595959595959596
1095.5989044,2.298612373507847,1.6788472462984714,16503.0,3.606060606060606
1095.7989042,2.32053916827853,0.7421881013664836,16544.0,3.606060606060606
1095.998904,2.3355684426724657,0.42549139546971243,16554.0,3.56
1096.1989038,2.342710223835451,0.21276915199587604,16530.0,3.595959595959596
1096.3989036,2.4439464599358005,0.8525845832896555,16511.0,3.595959595959596
1096.5989034,2.3934475867498333,0.26801972121584516,16513.0,3.595959595959596
1096.7989032,2.300350792306762,1.5311129304987248,16534.0,3.595959595959596
1096.998903,2.355205123557489,1.288113530718681,16551.0,3.606060606060606
1097.1989028,2.335428122545169,0.2472463122936286,16549.0,3.56
1097.3989026,6.8083131319103645,23.667148775878236,16913.0,3.2641509433962264
1097.5989024,3.531959728400843,9.114483391517686,17084.0,3.2358490566037736
1097.7989022,9.635871313672922,22.195977911963084,18650.0,2.9565217391304346
1097.998902,3.0505168922519452,4.332756874533735,18766.0,3.017543859649123
1098.1989018,,196.1086550400681,40592.0,3.542682926829268
1098.3989016,,185.35789823718625,17394.0,3.0089285714285716
1098.5989014,3.791541526202881,13.661575413003973,16315.0,3.111111111111111
1098.7989012,2.721759516318095,3.856524147819425,16209.0,3.1401869158878504
1098.998901,2.4012399256044636,2.393321482133423,16130.0,3.169811320754717
1099.1989008,2.374054322212576,3.5316017802060036,16126.0,3.160377358490566
1099.3989006,,6.150700704043732,15771.0,3.2
1099.5989004,,5.25852961824061,16062.0,3.2
1099.7989002,2.296742913973148,0.9921667672236958,16088.0,3.2
1099.9989,2.386048822908255,1.2623780798443438,16099.0,3.2
1100.1988998,2.3566938445260472,0.9101120379571137,16067.0,3.1904761904761907
1100.3988996,2.324839972655522,1.237067204134323,16091.0,3.1904761904761907
1100.5988994,2.287860839204439,0.3635324292391652,16039.0,3.1904761904761907
1100.7988992,2.3120682143523994,0.2650868765790826,16067.0,3.1904761904761907
1100.998899,2.410055379254558,1.6811950471865433,16071.0,3.160377358490566
1101.1988988,2.3427186276337872,0.9379806458561374,16089.0,3.1904761904761907
1101.3988986,,179.70535763090032,35379.0,3.6821192052980134
1101.5988984,,178.57754014992184,16008.0,3.1904761904761907
1101.7988982,2.2983122625646137,1.92406205761811,16057.0,3.1809523809523808
1101.998898,2.3397179935113552,2.0745741762443672,16028.0,3.1809523809523808
1102.1988978,2.310056214865709,0.14664923292674742,16010.0,3.1809523809523808
1102.3988976,2.2859278639506635,0.9245157342154737,16053.0,3.150943396226415
1102.5988974,2.3246777507939473,0.525215829963445,16059.0,3.1809523809523808
1102.7988972,2.349078412995939,1.8823184720749058,16005.0,3.2115384615384617
1102.998897,2.2758125,1.2255933549238485,16000.0,3.1809523809523808
1103.1988968,2.3292919192550467,0.7948077033529202,16001.0,3.1809523809523808
1103.3988966,2.2973125,0.4352477016451715,16000.0,3.2115384615384617
1103.5988964,2.423057737872553,2.787647402288468,16038.0,3.1809523809523808
1103.7988962,2.2834861812964005,0.5135487278450757,16029.0,3.1809523809523808
1103.9988959999998,2.309254514778479,0.3677909650042216,16003.0,3.1809523809523808
1104.1988958,2.327327140096016,0.5369157699182304,16039.0,3.1809523809523808
1104.3988955999998,2.376644429203816,1.5011194575034184,16039.0,3.2115384615384617
1104.5988954,2.341658341658342,1.530426096168728,16016.0,3.2115384615384617
1104.7988951999998,2.355745797662938,1.4320829254823304,16003.0,3.1809523809523808
1104.998895,2.248764002753614,0.44041545929976206,15979.0,3.1809523809523808
1105.1988947999998,2.2788521522145975,0.8176106258917045,16030.0,3.1809523809523808
1105.3988946,2.298304872709076,0.9970173902438227,15987.0,3.1809523809523808
1105.5988943999998,2.32614387233512,0.1138826613425855,16042.0,3.1809523809523808
1105.7988942,4.943364225573929,9.410690320897087,16509.0,3.018181818181818
1105.9988939999998,2.854358219933799,4.563671683681004,16314.0,3.121495327102804
1106.1988938,2.301758052618638,1.2499870985561121,16268.0,3.121495327102804
1106.3988935999998,,180.60588588968412,35573.0,3.616883116883117
1106.5988934,2.232880564695295,0.9771979318906133,35559.0,3.633986928104575
1106.7988931999998,,179.75600702062698,16187.0,3.1121495327102804
1106.998893,2.4103180473372783,0.9862710468977876,16224.0,3.141509433962264
1107.1988927999998,2.250988875154512,0.6343248465964919,16180.0,3.1121495327102804
1107.3988926,2.287806686854953,0.5811768552947268,16181.0,3.141509433962264
1107.5988923999998,2.302219200098906,0.23751265216295497,16177.0,3.141509433962264
1107.7988922,2.3189574930189263,0.5292434798168293,16115.0,3.141509433962264
1107.9988919999998,2.417089155434648,3.847095828560109,16174.0,3.102803738317757
1108.1988918,2.3051839980274917,0.8073752260760558,16223.0,3.1121495327102804
1108.3988915999998,2.3039639417140036,0.5438444269743374,16196.0,3.1121495327102804
1108.5988914,2.2967985633785375,1.1091224155605945,16149.0,3.141509433962264
1108.7988911999998,2.409969732534437,0.7846503319055996,16189.0,3.1121495327102804
1108.998891,,180.5277252890247,35483.0,3.633986928104575
1109.1988907999998,,179.13585042158076,16161.0,3.1320754716981134
1109.3988906,2.279504643962848,0.48874980967913667,16150.0,3.1320754716981134
1109.5988903999998,2.2549117135041032,1.637792655644504,16084.0,3.102803738317757
1109.7988902,2.464166150030998,1.2863452533798396,16130.0,3.1320754716981134
1109.9988899999998,2.3833147528799703,1.478230446831209,16146.0,3.102803738317757
1110.1988898,4.407134733943856,12.739567930882094,16707.0,3.0642201834862384
1110.3988895999998,2.598067458888489,2.8338797110004355,16662.0,3.1401869158878504
1110.5988894,5.837727612154633,20.558221130082575,17409.0,3.1636363636363636
1110.7988891999998,3.001122533380598,4.7518587690243335,16926.0,3.2429906542056073
1110.998889,,178.45552055220514,36501.0,3.6
1111.1988887999998,,178.87398402541933,16959.0,3.2222222222222223
1111.3988886,2.344105787476281,1.782611461106664,16864.0,3.2429906542056073
1111.5988883999999,2.548484311292324,3.21826174233955,16923.0,3.212962962962963
1111.7988882,2.914282370838453,7.728475928779698,17091.0,3.2616822429906542
1111.9988879999999,2.377152899824253,2.4272675528168115,17070.0,3.2523364485981308
1112.1988878,2.4269867355323393,2.2232649313794486,17038.0,3.2830188679245285
1112.3988875999999,2.2922669802999116,1.3432308828154023,17005.0,3.2830188679245285
1112.5988874,2.3027344898559248,0.5795366815957733,17005.0,3.2830188679245285
1112.7988871999999,2.404494382022472,1.7928818706006127,16999.0,3.3142857142857145
1112.998887,2.3619653587840226,1.1917219359414177,16974.0,3.3142857142857145
1113.1988867999999,2.312057991513437,0.748881207633519,16968.0,3.3142857142857145
1113.3988866,2.2232791728212704,0.6902857946765334,16925.0,3.3142857142857145
1113.5988863999999,2.291432625790812,0.6351353076718026,16913.0,3.3142857142857145
1113.7988862,2.304782171779866,0.9070363828090477,16917.0,3.3142857142857145
1113.9988859999999,2.3521460754090584,1.0484575412917068,16868.0,3.3047619047619046
1114.1988858,4.089656824579266,14.2770021179131,16697.0,3.110091743119266
1114.3988855999999,2.8544882271048966,5.572035058555323,16521.0,3.177570093457944
1114.5988854,2.5123479318734794,4.756097435260537,16440.0,3.196261682242991
1114.7988851999999,2.2979681226426574,1.2570588038678494,16438.0,3.1869158878504673
1114.998885,,8.055231485500375,16110.0,3.2476190476190476
1115.1988847999999,,11.140644226475684,16485.0,3.2169811320754715
1115.3988846,2.3267704610165385,0.99363839950856,16507.0,3.1869158878504673
1115.5988843999999,2.289781733934886,1.7313837995768684,16402.0,3.207547169811321
1115.7988842,2.3639240506329116,0.8262774648521569,16432.0,3.177570093457944
1115.9988839999999,,179.44356726539576,35829.0,3.6578947368421053
1116.1988838,,177.17978558623827,16438.0,3.207547169811321
1116.3988835999999,2.328996960486322,1.1579098794433427,16450.0,3.207547169811321
1116.5988834,,178.39580370337075,35799.0,3.633986928104575
1116.7988831999999,,178.27986361964983,16454.0,3.1869158878504673
1116.998883,2.463238419039524,1.1161700172304205,16471.0,3.207547169811321
1117.1988827999999,,179.22684699318137,35753.0,3.6578947368421053
1117.3988826,,178.08543137477508,16387.0,3.177570093457944
1117.5988823999999,4.8845646437994725,16.257137308340738,16676.0,3.1481481481481484
1117.7988822,7.9630673808852555,36.23689157594379,17735.0,3.2660550458715596
1117.9988819999999,2.978424716644612,9.875446557125462,17381.0,3.2962962962962963
1118.1988818,5.936388049681101,27.03423199587931,17874.0,3.4166666666666665
1118.3988815999999,,125.45671106138794,30230.0,3.214814814814815
1118.5988814,,239.02142389311132,16724.0,2.2788461538461537
1118.7988811999999,2.701059217386532,89.73462860918947,18221.0,3.872549019607843
1118.998881,,148.3544339001152,30537.0,3.13768115942029
1119.1988807999999,,135.5012824843612,17718.0,3.701923076923077
1119.3988806,2.7626308090469225,2.4123863867922726,17774.0,3.7745098039215685
1119.5988803999999,2.424703891708968,1.31743837113464,17730.0,3.8118811881188117
1119.7988802,2.4984159312061553,0.4926824068792433,17676.0,3.8118811881188117
1119.9988799999999,2.4409877944933296,0.8312503851329522,17615.0,3.85
1120.1988798,2.4806755071970983,0.2528224772719887,17646.0,3.801980198019802
1120.3988795999999,,140.53487190665524,29129.0,3.292307692307692
1120.5988794,,137.6678121216232,17481.0,3.84
1120.7988791999999,2.3879678687403865,1.2568624216103446,17553.0,3.83
1120.998879,2.446647296758389,0.6701484736393347,17553.0,3.84
1121.1988787999999,2.408525450810317,1.9991488503435075,17524.0,3.84
1121.3988786,2.3985573620334324,0.6689669136762196,17468.0,3.83
1121.5988783999999,2.4135067017986023,1.6411708081667613,17458.0,3.84
1121.7988782,2.515939213893967,1.2005146381412777,17504.0,3.84
1121.9988779999999,2.4353834732453885,1.2366056021705694,17511.0,3.878787878787879
1122.1988778,,188.31605072005516,40027.0,3.88
1122.3988775999999,,90.30220796715051,29454.0,3.3053435114503817
1122.5988774,,145.4934470067545,17481.0,3.84
1122.7988771999999,2.4813883012179083,2.9240102680505164,17489.0,3.83
1122.998877,2.4357669658681607,2.834834397772542,17491.0,3.83
1123.1988767999999,2.539588100686499,3.7756985202236657,17480.0,3.83
1123.3988766,2.3913614808889903,2.151634504543502,17503.0,3.83
1123.5988763999999,5.287006715879447,6.004363564806103,18017.0,3.735294117647059
1123.7988762,6.858818488565155,33.51430199109207,18671.0,3.8446601941747574
1123.9988759999999,,172.57562153752733,44091.0,3.6835443037974684
1124.1988758,18.30656610470275,118.57876445954369,45080.0,3.383720930232558
1124.3988755999999,5.87409299217109,42.167696545668754,41896.0,3.7548387096774194
1124.5988754,,417.9474553836895,15931.0,2.552380952380952
1124.7988751999999,,376.8661339355175,38848.0,3.6835443037974684
1124.998875,,481.25634369501785,11958.0,2.473684210526316
1125.1988747999999,,511.70897527356163,36893.0,4.06993006993007
1125.3988746,6.760147202078147,10.030511979846931,36956.0,4.076923076923077
1125.5988743999999,,540.4265453561334,11558.0,1.8617021276595744
1125.7988742,,535.4708057366144,36517.0,4.098591549295775
1125.998874,,537.2469862169019,10982.0,1.8602150537634408
1126.1988738,14.392133921339214,4.383212864666539,11111.0,1.8709677419354838
1126.3988736,7.735443858187541,3.403102823353833,10803.0,1.8404255319148937
1126.5988734,5.845911348872755,7.553612190195966,10468.0,1.7708333333333333
1126.7988732,,505.4106452725005,37675.0,3.5705521472392636
1126.998873,,571.248717501434,14363.0,1.4262295081967213
1127.1988728,21.7259398235008,51.699233363687426,14391.0,1.7478260869565216
1127.3988726,,494.8230840403134,41740.0,3.548780487804878
1127.5988724,8.934381628700544,11.839077299155498,43372.0,3.6149068322981366
1127.7988722,4.096214474743988,9.363062173903204,43455.0,3.6835443037974684
1127.998872,,407.13607785483515,16938.0,2.220183486238532
1128.1988718,,409.7419121753052,41439.0,3.729032258064516
1128.3988716,,393.9089561993739,15928.0,2.1869158878504673
1128.5988714,7.218676122931442,10.201094282691269,15228.0,2.074766355140187
1128.7988712,9.267900403768506,28.365508931593368,14860.0,2.0186915887850465
1128.998871,,448.1815091137953,39912.0,3.7070063694267517
1129.1988708,2.42506524794218,1.6629823488309914,39848.0,3.730769230769231
1129.3988706,2.7443915703602992,2.28583983718847,39717.0,3.7548387096774194
1129.5988704,,451.0502524486816,14381.0,2.0476190476190474
1129.7988702,2.718268627587649,1.8474711653207967,14347.0,2.0673076923076925
1129.99887,,451.59024902905225,39706.0,3.7857142857142856
1130.1988698,2.4682057513163222,1.0716994029937348,39504.0,3.7857142857142856
1130.3988696,,452.23385416395547,14294.0,2.0673076923076925
1130.5988694,3.7658783072496314,6.413358339330734,14249.0,2.0576923076923075
1130.7988692,3.473372363687663,3.6196538632335686,14177.0,2.0970873786407767
1130.998869,,454.94830705050543,39379.0,3.779220779220779
1131.1988688,,454.3511840135711,14119.0,2.087378640776699
1131.3988686,,456.47849697580625,39417.0,3.779220779220779
1131.5988684,2.6240168468057035,0.7937815777802835,39414.0,3.803921568627451
1131.7988682,2.829985561944325,1.0906531458234334,39479.0,3.803921568627451
1131.998868,2.488697551559484,1.1053384788365987,39372.0,3.8289473684210527
1132.1988678,,455.06066194091665,13978.0,2.1176470588235294
1132.3988676,,456.4446458915642,39357.0,3.810457516339869
1132.5988674,2.7059541984732824,1.6577902071140764,39300.0,3.8543046357615895
1132.7988672,,458.27550639258453,13789.0,2.128712871287129
1132.998867,2.7265075103403236,0.2397809387774034,13781.0,2.107843137254902
1133.1988668,3.050662227690526,2.0143381708918793,13817.0,2.0980392156862746
1133.3988666,,457.60732629949854,39201.0,3.8289473684210527
1133.5988664,,455.095094382855,13878.0,2.128712871287129
1133.7988662,3.6150935157557673,5.182453419274003,13741.0,2.1386138613861387
1133.998866,3.0656576734664034,2.676697266773,13677.0,2.118811881188119
1134.1988658,,460.84816194314806,39178.0,3.8543046357615895
1134.3988656,,458.0616297839486,13739.0,2.128712871287129
1134.5988654,,459.08843699504206,39159.0,3.8543046357615895
1134.7988652,,458.8828265243577,13724.0,2.128712871287129
1134.998865,,3.4659161211810927,13552.0,2.16
1135.1988648,,3.434438913317824,13689.0,2.14
1135.3988646,2.9612078465946663,2.4232151084040665,13611.0,2.118811881188119
1135.5988644,2.6754991192014095,0.9406160532617676,13624.0,2.128712871287129
1135.7988642,2.724800234586907,0.46356308787405953,13641.0,2.118811881188119
1135.998864,,460.45965382760625,39059.0,3.8609271523178808
1136.1988638,,462.4045176723298,13577.0,2.12
1136.3988636,11.862810936750497,14.377385287628659,14593.0,2.029126213592233
1136.5988634,14.906128254282358,36.915502336054104,16171.0,2.1634615384615383
1136.7988632,8.743572395128552,0.7304777446748529,16258.0,2.2095238095238097
1136.998863,,416.62585444016247,44209.0,3.6835443037974684
1137.1988628,,332.5462995614195,17941.0,2.423076923076923
1137.3988626,,357.20730476810155,44240.0,3.6835443037974684
1137.5988624,10.377137080824507,35.62225144262703,45506.0,3.608695652173913
1137.7988622,,409.7234100345029,19487.0,1.609375
1137.998862,,30.419770675002866,20206.0,1.264516129032258
1138.1988618,11.439316341114816,82.12088785138472,16792.0,1.5206611570247934
1138.3988616,,476.4741105767227,39860.0,3.761290322580645
1138.5988614,5.78382394384239,5.696787829305136,39033.0,3.576687116564417
1138.7988612,,493.03602721896493,13969.0,1.7339449541284404
1138.998861,,511.78099423836716,38796.0,3.6835443037974684
1139.1988608,,465.9493360531356,15840.0,1.90990990990991
1139.3988606,,443.90621094692966,44116.0,3.6375
1139.5988604,,282.6821099169379,17282.0,2.5
1139.7988602,10.849554489376285,49.308700996726444,17508.0,2.7291666666666665
1139.99886,20.84558175946766,51.51003109378342,20438.0,2.3783783783783785
1140.1988598,9.786460948555256,19.231438570781723,21907.0,2.15
1140.3988596,7.670909090909091,27.333719072563458,22000.0,2.125
1140.5988594,11.971223936260383,165.5800747653859,23596.0,3.5
1140.7988592,5.84166351924126,23.155538570798214,23829.0,3.584070796460177
1140.998859,,208.17701452740943,42969.0,3.7066666666666666
1141.1988588,4.398946840521565,8.47748402180487,43868.0,3.6103896103896105
1141.3988586,8.15217535849642,36.04472272994711,45119.0,3.425925925925926
1141.5988584,,217.8602636597035,22195.0,2.3805309734513274
1141.7988582,15.558881635457825,148.0241965768667,23284.0,2.8449612403100777
1141.998858,5.647822311594534,35.76474940199277,21881.0,3.094017094017094
1142.1988578,5.975178141663914,80.62724651529861,21191.0,2.183333333333333
1142.3988576,,219.3186068551377,41746.0,3.3902439024390243
1142.5988574,,172.44725950392106,21192.0,3.1652173913043478
1142.7988572,2.699881150463513,6.721377838002351,21035.0,3.2212389380530975
1142.998857,,896.4639062790244,9482.0,3.490566037735849
1143.1988568,,895.7601245302285,20874.0,3.279279279279279
1143.3988566,2.4081239772836653,0.9757517061103503,20778.0,3.309090909090909
1143.5988564,2.555827103699444,3.7934427655439156,20868.0,3.279279279279279
1143.7988562,,157.83863224726463,42357.0,3.3493975903614457
1143.998856,,169.76421430375737,21261.0,3.210526315789474
1144.1988558,,180.186007860343,41199.0,3.453416149068323
1144.3988556,,212.8508767462257,20240.0,2.3043478260869565
1144.5988554,2.6973434535104364,55.96029573721415,21080.0,3.2389380530973453
1144.7988552,2.3777439169563355,2.914792934288966,21001.0,3.2389380530973453
1144.998855,2.255890332714551,2.0625878968819396,21009.0,3.2389380530973453
1145.1988548,2.262660493532528,2.0424440145997655,20951.0,3.2389380530973453
1145.3988546,2.2272449602932194,64.92307845620999,19644.0,2.079646017699115
1145.5988544,2.287755393627661,66.07646029101265,20997.0,3.2389380530973453
1145.7988542,2.31335526629476,0.9809762884091946,20973.0,3.267857142857143
1145.998854,3.3077937988879467,3.750187363754977,21222.0,3.210526315789474
1146.1988538,6.491359779663275,23.59358050954846,22511.0,3.1826086956521737
1146.3988536,2.881971932349766,7.094218683699861,22232.0,3.1826086956521737
1146.5988534,,182.72247804365753,40929.0,2.89375
1146.7988532,,176.79252648463432,21541.0,3.210526315789474
1146.998853,,173.2116112321355,41622.0,3.49685534591195
1147.1988528,2.5,2.4696625935248093,41426.0,3.490566037735849
1147.3988526,3.57763385761393,6.829496690840851,42153.0,3.459627329192547
1147.5988524,2.578316399202355,3.2695402441751935,42124.0,3.432098765432099
1147.7988522,,204.58816443427517,25021.0,2.859375
1147.998852,6.2611976630963975,20.352842146589683,24648.0,3.0
1148.1988517999998,,165.68581959910463,45975.0,3.2267441860465116
1148.3988516,,174.23740556105705,26353.0,3.073170731707317
1148.5988513999998,,168.16088576037941,49847.0,3.2222222222222223
1148.7988512,3.1963957116569324,4.565841161832937,49996.0,3.1748633879781423
1148.9988509999998,4.110518367426991,9.408179445828504,50987.0,3.1236559139784945
1149.1988508,3.1693909320879547,5.716513499006441,51390.0,3.0904255319148937
1149.3988505999998,4.725141655138434,10.255364076596324,52769.0,3.0260416666666665
1149.5988504,2.683008717880239,3.9966651112237517,52421.0,3.057894736842105
1149.7988501999998,3.069314807987115,6.566117057572372,51533.0,3.068783068783069
1149.99885,,977.2612234255411,5457.0,6.655172413793103
1150.1988497999998,,980.6155534825656,51037.0,3.129032258064516
1150.3988496,2.8451328312834065,3.964888429969743,50327.0,3.1405405405405404
1150.5988493999998,3.1729211341434356,5.668835723849727,50364.0,3.1122994652406417
1150.7988492,3.6327694651717,5.063023732707862,51194.0,3.1122994652406417
1150.9988489999998,3.5262526311647946,8.25281691831017,50833.0,3.157608695652174
1151.1988488,3.086364083883036,7.449887110975338,50785.0,3.106951871657754
1151.3988485999998,,181.40921646199953,27241.0,2.893939393939394
1151.5988484,,178.23262138671797,50141.0,3.0793650793650795
1151.7988481999998,4.214972856458566,12.218535935433989,50104.0,3.1405405405405404
1151.998848,3.0694319746214163,3.323427930985351,50121.0,3.1684782608695654
1152.1988477999998,,223.3026790109395,26128.0,1.887218045112782
1152.3988476,,225.15567533491452,49930.0,3.1630434782608696
1152.5988473999998,3.6543334003619545,8.976892773656159,49730.0,3.106951871657754
1152.7988472,4.987605275703162,13.107526894682481,50344.0,3.180327868852459
1152.9988469999998,2.9241691842900304,3.3182053953460735,49650.0,3.1748633879781423
1153.1988468,2.7993849493487697,2.465633910092328,49752.0,3.157608695652174
1153.3988465999998,2.8169540113861187,4.6568925026207495,49534.0,3.2154696132596685
1153.5988464,,237.82491090255488,25459.0,1.762962962962963
1153.7988461999998,5.835864037173905,73.96446050531779,27331.0,2.8721804511278197
1153.998846,,195.13590912452895,49082.0,3.2154696132596685
1154.1988457999998,,231.63298645157445,25464.0,1.8571428571428572
1154.3988456,,224.81764718070042,49199.0,3.1630434782608696
1154.5988453999998,3.887934510847649,7.056923715053865,49596.0,3.1923076923076925
1154.7988452,,182.73249601790332,26666.0,2.953488372093023
1154.9988449999998,,184.84222521192763,49422.0,3.2044198895027622
1155.1988448,3.2959419532490504,3.042106950028215,49753.0,3.2333333333333334
1155.3988445999998,2.6156116096693345,2.400224346838633,49476.0,3.2458100558659218
1155.5988444,2.469841849889356,2.554216148578542,49257.0,3.2513966480446927
1155.7988441999998,2.2855115939678936,0.792076717325142,49336.0,3.2333333333333334
1155.998844,2.43702014133556,2.357966309835946,49103.0,3.2458100558659218
1156.1988437999998,,187.16899690437504,26547.0,2.9765625
1156.3988436,,187.76584230216787,48981.0,3.269662921348315
1156.5988433999999,,184.63918762274028,26138.0,3.015873015873016
1156.7988432,,189.6983914852119,48562.0,3.3068181818181817
1156.9988429999999,,185.8866362333231,25912.0,3.064516129032258
1157.1988428,2.5422019840624492,54.03417044835149,24596.0,2.056451612903226
1157.3988425999999,4.028987265009096,5.2251853813733335,24735.0,1.9763779527559056
1157.5988424,3.217376399786699,55.385123141171825,26254.0,2.9921259842519685
1157.7988421999999,,187.62357326432024,49154.0,3.269662921348315
1157.998842,,188.9769581247978,26527.0,2.9921259842519685
1158.1988417999999,,189.12101259008818,48978.0,3.2346368715083798
1158.3988416,3.719790919339961,5.761399753542044,48785.0,3.2154696132596685
1158.5988413999999,,220.70116033691482,25533.0,1.9307692307692308
1158.7988412,3.6187805464305747,7.824212983032491,24962.0,1.9224806201550388
1158.9988409999999,4.160896686159844,58.915607154324704,25650.0,3.048
1159.1988408,5.618059450364554,58.70772416650528,24962.0,1.9689922480620154
1159.3988405999999,,224.985409817338,49012.0,3.227777777777778
1159.5988404,,186.40012665660845,25792.0,2.96875
1159.7988401999999,2.7190416925948973,3.7662663976176267,25712.0,2.9921259842519685
1159.99884,,178.32800183223503,45816.0,3.2325581395348837
1160.1988397999999,,173.368560703508,25429.0,3.064516129032258
1160.3988396,,185.97273151906631,44429.0,2.7337278106508878
1160.5988393999999,,180.98678070702428,25102.0,3.089430894308943
1160.7988392,,4.299814041453084,24642.0,3.1404958677685952
1160.9988389999999,,3.1045742134542316,25081.0,3.089430894308943
1161.1988388,2.632227411821549,1.5299583187016164,24836.0,3.1147540983606556
1161.3988385999999,2.5310375526060214,2.1706111224627773,24712.0,3.1404958677685952
1161.5988384,2.6365707775562517,1.7769967067500139,24577.0,3.1666666666666665
1161.7988381999999,2.625096729523887,0.5021307652178811,24553.0,3.1666666666666665
1161.998838,,175.1666812779409,44837.0,3.3353293413173652
1162.1988377999999,2.6231442794915103,2.100909604330472,44996.0,3.3095238095238093
1162.3988376,,954.39411899016,7530.0,5.051282051282051
1162.5988373999999,,931.7560653227212,44071.0,2.7724550898203595
1162.7988372,2.276124316102522,0.6742747446196427,44049.0,2.7664670658682633
1162.9988369999999,,181.24582588493337,24671.0,3.1666666666666665
1163.1988368,,181.34020415102705,43884.0,2.7664670658682633
1163.3988365999999,2.2446305060065526,0.3389185223895785,43952.0,2.7724550898203595
1163.5988364,2.27209440335981,1.0376030358258157,43812.0,2.7664670658682633
1163.7988361999999,2.2647314484399304,0.7150355517582335,43716.0,2.7724550898203595
1163.998836,,181.03333432678195,24235.0,3.158333333333333
1164.1988357999999,,177.02274759687342,44290.0,3.3493975903614457
1164.3988356,2.3240495238973553,27.57602437881869,43373.0,2.789156626506024
1164.5988353999999,2.961660980954748,27.221820308112846,44263.0,3.3433734939759034
1164.7988352,,221.52907666501756,22513.0,2.0245901639344264
1164.9988349999999,2.881447925125005,61.334299078157706,23399.0,3.15
1165.1988348,3.091461051543728,4.294958343077006,23223.0,3.15
1165.3988345999999,4.074903343671666,7.5031353832679155,23537.0,3.1416666666666666
1165.5988344,5.5771334567139625,6.624350529661086,24315.0,3.15
1165.7988341999999,,15.774425737464918,23329.0,3.2393162393162394
1165.998834,,16.78847583133311,22404.0,3.2758620689655173
1166.1988337999999,,187.21622649928963,41589.0,2.823170731707317
1166.3988336,2.8472623165931052,32.19330119853398,41915.0,3.4171779141104293
1166.5988333999999,2.4566220910864702,2.0757787911026733,42026.0,3.3841463414634148
1166.7988332,2.6401196888090963,3.0799306468219227,41775.0,3.432098765432099
1166.9988329999999,,180.39722671687025,21803.0,3.2956521739130435
1167.1988328,20.58658256880734,48.68105066289313,26160.0,2.7553956834532376
1167.3988325999999,,187.62412499168025,45386.0,3.106145251396648
1167.5988324,,229.6498170010537,24576.0,1.9848484848484849
1167.7988321999999,6.488579140313419,29.772019006159248,24823.0,1.9776119402985075
1167.998832,3.793873248170656,6.4469427458052895,24189.0,2.007575757575758
1168.1988317999999,3.241015873015873,4.696566913015397,23625.0,1.9923664122137406
1168.3988316,,255.16148754401567,44202.0,2.64
1168.5988313999999,2.618307193077339,1.8885351196045066,44376.0,2.64
1168.7988312,,248.543270723558,23369.0,2.046875
1168.9988309999999,,236.29966771370087,45178.0,3.1954022988505746
1169.1988308,2.292577383317879,1.2883197327462423,45294.0,3.1954022988505746
1169.3988305999999,2.369600282829176,2.2696224917552557,45257.0,3.182857142857143
1169.5988304,2.391303382757702,1.5958512620576912,45052.0,3.1954022988505746
1169.7988301999999,2.32946735395189,26.037996843680457,44232.0,2.6551724137931036
1169.99883,,253.60261479020082,22903.0,2.0634920634920637
1170.1988297999999,,234.02358859607355,46165.0,3.1235955056179776
1170.3988296,,220.6330767287368,24230.0,2.0232558139534884
1170.5988293999999,3.156473205573553,56.077860700755146,25621.0,2.969465648854962
1170.7988292,5.471230708349822,51.82985648822651,25270.0,1.9481481481481482
1170.998829,3.849713114754098,9.316257000729026,24400.0,2.0307692307692307
1171.1988288,,227.2043994065646,46083.0,3.153409090909091
1171.3988286,,223.91096585381976,24292.0,2.0387596899224807
1171.5988284,2.4532806454268545,0.418273794360111,24294.0,2.0307692307692307
1171.7988282,2.4080891456871645,1.0490004200969807,24230.0,2.054263565891473
1171.998828,2.3347078470990885,1.6700920470032272,24251.0,2.054263565891473
1172.1988278,,223.14187226312657,45965.0,3.177142857142857
1172.3988276,,222.14185776261223,24197.0,2.0703125
1172.5988274,,222.31596533074693,45926.0,3.177142857142857
1172.7988272,,225.2138695249177,24079.0,2.0546875
1172.998827,,237.52714368204352,45048.0,2.645714285714286
1173.1988268,,234.7702467774447,24136.0,2.0703125
1173.3988266,,234.5094135860534,45007.0,2.645714285714286
1173.5988264,,189.12457714860562,25462.0,3.0390625
1173.7988262,,62.098101400214006,23760.0,2.0866141732283463
1173.998826,,4.358196384946953,24103.0,2.0703125
1174.1988258,2.467370521240336,0.5705986077613989,24058.0,2.0703125
1174.3988256,,222.10267499798547,45768.0,3.177142857142857
1174.5988254,2.215306723697706,1.0210354334179577,45823.0,3.177142857142857
1174.7988252,,182.15327530335264,25280.0,3.062992125984252
1174.998825,,183.29922621494995,45804.0,3.177142857142857
1175.1988248,,181.76674147870338,25376.0,3.062992125984252
1175.3988246,,182.79021511250897,45822.0,3.1954022988505746
1175.5988244,,181.6124584559853,25356.0,3.062992125984252
1175.7988242,,181.6997590389767,45731.0,3.1954022988505746
1175.998824,,223.5643250447047,23881.0,2.0866141732283463
1176.1988238,2.4338816830117054,61.274353458158046,25288.0,3.062992125984252
1176.3988236,6.816147416413374,17.03182035049253,26320.0,3.046511627906977
1176.5988234,3.1782898262267474,9.723891235019066,26126.0,3.0625
1176.7988232,2.9729007781347994,3.871018520803142,25831.0,3.094488188976378
1176.998823,2.449586649153983,0.8649363847999598,25886.0,3.094488188976378
1177.1988228,2.339893287967832,0.13337329827452588,25864.0,3.0866141732283463
1177.3988226,,180.97840417964983,46269.0,3.1954022988505746
1177.5988224,,180.98822473481798,25845.0,3.0866141732283463
1177.7988222,,189.34833012740145,45556.0,2.6551724137931036
1177.998822,,186.8674770858326,25927.0,3.0866141732283463
1178.1988218,2.712040871618222,5.16654402382749,25837.0,3.0703125
1178.3988216,2.332288037166086,1.1242542939941411,25830.0,3.094488188976378
1178.5988214,2.3297724105898747,0.5339168600100672,25836.0,3.094488188976378
1178.7988212,2.3551108874869375,1.7953151430398397,25837.0,3.094488188976378
1178.998821,2.3723004148734055,0.2461142695328466,25791.0,3.111111111111111
1179.1988208,2.3416785976860273,0.4476097179767377,25843.0,3.094488188976378
1179.3988206,,187.88250704801,45365.0,2.6436781609195403
1179.5988204,2.1971160206376505,0.379002577880093,45354.0,2.6666666666666665
1179.7988202,,187.25016219705628,25773.0,3.0866141732283463
1179.99882,3.9865703689244585,20.205322564378218,25615.0,3.078125
1180.1988198,,189.12655651764192,46151.0,3.1714285714285713
1180.3988196,,182.26615991225265,25308.0,3.1023622047244093
1180.5988194,2.4363727664560404,57.67288946382174,23897.0,2.119047619047619
1180.7988192,2.408167314866259,59.444388219264674,25198.0,3.126984126984127
1180.998819,,184.30499088331345,45734.0,3.213872832369942
1181.1988188,2.240973802829473,25.451288804318896,44814.0,2.6763005780346822
1181.3988186,,190.97488969289185,25241.0,3.126984126984127
1181.5988184,2.5734013928458372,2.2991050864550795,25272.0,3.126984126984127
1181.7988182,,182.31523862017312,45645.0,3.213872832369942
1181.998818,2.354102243568656,1.9001048235337008,45597.0,3.213872832369942
1182.1988178,,229.2932892799228,23503.0,2.12
1182.3988176,,242.65351825862115,44783.0,2.6763005780346822
1182.5988174,,192.04794904113248,25150.0,3.126984126984127
1182.7988172,2.432010824147399,1.2222113214540644,25129.0,3.152
1182.998817,2.4684585847504112,63.553477007297154,23699.0,2.112
1183.1988168,2.412348137821151,63.20480735384233,25105.0,3.126984126984127
1183.3988166,,183.85014027081797,45524.0,3.2325581395348837
1183.5988164,2.259617285849243,0.3639286154994604,45517.0,3.238372093023256
1183.7988162,,227.77335869233198,23641.0,2.119047619047619
1183.998816,2.4215486601972764,62.24762649800253,25041.0,3.126984126984127
1184.1988158,,183.8810680649306,45589.0,3.2325581395348837
1184.3988156,2.3140614004222377,0.23490809367000806,45472.0,3.2325581395348837
1184.5988154,,183.30910235575786,24993.0,3.152
1184.7988152,2.516629977986792,1.9236231748070998,24985.0,3.152
1184.998815,,184.42028035381588,45491.0,3.2325581395348837
1185.1988148,,227.20763402113604,23627.0,2.136
1185.3988146,6.5652156257613905,14.35758835574812,24626.0,2.1015625
1185.5988144,,43.0601485102673,25012.0,1.8880597014925373
1185.7988142,,6.8214423398249755,25213.0,1.8823529411764706
1185.998814,3.629206918043004,10.109436357864078,25672.0,1.9338235294117647
1186.1988138,4.891029984753515,23.455435568645864,23612.0,1.9389312977099236
1186.3988136,,257.7298237031525,44288.0,3.159090909090909
1186.5988134,,247.8462930422501,21738.0,1.992063492063492
1186.7988132,2.5886607018682493,2.4647296824640317,21571.0,2.024
1186.998813,2.646871338176705,8.401988983405209,21335.0,1.896
1187.1988128,,255.00387342833548,45483.0,3.3068181818181817
1187.3988126,,247.26122596802404,21439.0,2.032
1187.5988124,2.502003081664099,69.3824324287742,22715.0,3.096774193548387
1187.7988122,2.44281015037594,68.73273329318546,21280.0,2.064516129032258
1187.998812,2.557405496670106,2.791397374974183,21322.0,2.0725806451612905
1188.1988118,,246.98642835668215,45269.0,3.3257142857142856
1188.3988116,,253.39488419611024,20945.0,1.967479674796748
1188.5988114,,4.221159939496524,21240.0,1.9596774193548387
1188.7988112,,245.1173645988845,42982.0,3.2514619883040936
1188.998811,,245.05009172658706,21199.0,1.967479674796748
1189.1988108,2.3190594278628995,68.75929979476074,22582.0,3.096774193548387
1189.3988106,2.309395656279509,68.00573296913898,21180.0,1.967479674796748
1189.5988104,2.4432412072131457,2.3695706558812017,21239.0,2.0161290322580645
1189.7988102,2.658412106687969,67.46303269051954,22533.0,3.1219512195121952
1189.99881,2.3184148077835784,72.60583863154814,21070.0,1.967479674796748
1190.1988098,,3.00315666629092,20869.0,1.9918032786885247
1190.3988096,,75.14672734404878,22653.0,3.1219512195121952
1190.5988094,2.321548672566372,0.7811329854805129,22600.0,3.1219512195121952
1190.7988092,2.6582638025918692,2.7966764045267443,22532.0,3.1219512195121952
1190.998809,2.393792950565285,1.2078707612964028,22555.0,3.1219512195121952
1191.1988088,2.417411306732726,0.8684256663931982,22606.0,3.1219512195121952
1191.3988086,2.388854240912331,1.859329331235498,22448.0,3.1219512195121952
1191.5988084,,203.28222151152715,45078.0,3.3448275862068964
1191.7988082,2.231074460774534,0.09026110499189981,45111.0,3.3448275862068964
1191.998808,2.2582627212634754,0.6985750230741344,45082.0,3.339080459770115
1192.1988078,2.2838778314641606,0.12176336173424014,45118.0,3.3505747126436782
1192.3988075999998,,248.59402400190638,21050.0,2.040650406504065
1192.5988074,2.3886641602817305,2.4242969388388964,21013.0,1.975609756097561
1192.7988071999998,,250.2998035770356,45041.0,3.3448275862068964
1192.998807,,202.07782093366973,22453.0,3.1475409836065573
1193.1988067999998,2.389667582157401,68.23246098460447,21118.0,2.0569105691056913
1193.3988066,2.643349136774309,65.37282859409181,22358.0,3.1475409836065573
1193.5988063999998,2.284461391801716,68.83129605530081,20980.0,2.057377049180328
1193.7988062,,249.75718426719553,45055.0,3.339080459770115
1193.9988059999998,,202.5378129822769,22417.0,3.1475409836065573
1194.1988058,2.338038916444105,67.67741187630229,20968.0,2.0655737704918034
1194.3988055999998,2.3298223690083013,69.19446639451102,22406.0,3.1475409836065573
1194.5988054,2.451611469215381,3.635946800018205,22495.0,3.1475409836065573
1194.7988051999998,,200.94735220580006,44974.0,3.3583815028901736
1194.998805,,201.86007605470164,22377.0,3.1475409836065573
1195.1988047999998,2.4926361967858903,2.176198546517237,22339.0,3.1475409836065573
1195.3988046,2.3355304456999373,1.7487312134241928,22302.0,3.1475409836065573
1195.5988043999998,2.3390513727773548,2.4318682529428646,22327.0,3.1735537190082646
1195.7988042,,194.40993312118314,42560.0,3.2840236686390534
1195.9988039999998,,195.07122501096097,22331.0,3.1735537190082646
1196.1988038,2.3771099401625437,3.3596067450179237,22394.0,3.1475409836065573
1196.3988035999998,,201.41437185213348,44987.0,3.377906976744186
1196.5988034,2.328125347755447,1.2424989129277169,44931.0,3.383720930232558
1196.7988031999998,,246.5679623406057,20968.0,2.0991735537190084
1196.998803,,3.4718143486081123,20706.0,2.0416666666666665
1197.1988027999998,,70.11766590312337,22298.0,3.1475409836065573
1197.3988026,,73.47154321869532,20638.0,2.033333333333333
1197.5988023999998,,74.43512459385906,22330.0,3.1475409836065573
1197.7988022,,71.3454701431452,20687.0,2.091666666666667
1197.9988019999998,,70.00839745590986,22300.0,3.1735537190082646
1198.1988018,2.375185368264953,0.4411197676940699,22253.0,3.1735537190082646
1198.3988015999998,,151.7101868725661,33975.0,2.80794701986755
1198.5988014,,213.439636650383,20874.0,2.024793388429752
1198.7988011999998,,3.4635994979433837,20698.0,2.1
1198.998801,,70.79503528562987,22313.0,3.1735537190082646
1199.1988007999998,2.5475288816451753,72.35781727350206,20861.0,2.0826446280991737
1199.3988006,,247.9147416062765,44790.0,3.377906976744186
1199.5988003999998,,245.7965132687835,20941.0,2.074380165289256
1199.7988002,2.5025332186215468,0.10490779301188935,20922.0,2.1322314049586777
1199.9987999999998,2.5428969225598923,2.0325082796443583,20829.0,2.090909090909091
1200.1987998,2.5417664527253567,0.5217993401933726,20878.0,2.115702479338843
1200.3987995999998,,246.64595248846493,44848.0,3.377906976744186
1200.5987994,2.353993298271309,2.3320475727528365,45063.0,3.377906976744186
1200.7987991999998,,246.87549688945143,21000.0,2.1074380165289255
1200.998799,2.400716845878136,1.6537737425720953,20925.0,2.1322314049586777
1201.1987987999998,2.324787555811609,4.214432326561609,20829.0,2.0826446280991737
1201.3987986,2.2916806360457875,2.1062825553831357,20879.0,2.12396694214876
1201.5987983999999,,245.9607866941405,44886.0,3.377906976744186
1201.7987982,,84.68243546346085,33921.0,2.80794701986755
1201.9987979999999,,214.31217959912792,20640.0,2.0166666666666666
1202.1987978,5.630301907760696,11.72943961163675,21596.0,1.96
1202.3987975999999,3.3606665204998905,78.98280521971364,22805.0,3.130081300813008
1202.5987974,,195.02374593796046,42846.0,3.2705882352941176
1202.7987971999999,,190.8665561836645,22516.0,3.1557377049180326
1202.998797,,193.5688464093809,42863.0,3.2840236686390534
1203.1987967999999,,18.34914587771844,46996.0,3.2458100558659218
1203.3987966,,240.61086302894577,23871.0,2.0232558139534884
1203.5987963999999,3.6710425023297275,60.23641484098478,24681.0,3.0793650793650795
1203.7987962,,14.543650181480466,24461.0,3.1129032258064515
1203.9987959999999,,8.781345088028678,24244.0,3.138211382113821
1204.1987958,2.8489295364789027,6.47426840842419,24055.0,3.130081300813008
1204.3987955999999,,181.72119625491464,44424.0,3.3058823529411763
1204.5987954,2.2326173679821495,2.2353071984333273,44369.0,3.289940828402367
1204.7987951999999,2.223369014084507,0.3900157650888679,44375.0,3.289940828402367
1204.998795,,182.39193907031023,23925.0,3.1557377049180326
1205.1987947999999,,182.34425961223806,44353.0,3.289940828402367
1205.3987946,,181.3474575516128,23959.0,3.1557377049180326
1205.5987943999999,2.3729189324855686,0.7767712785745418,23906.0,3.1818181818181817
1205.7987942,2.381821980777267,0.7650027471319748,23930.0,3.1557377049180326
1205.9987939999999,2.343858766301841,1.8249353652077145,23847.0,3.1557377049180326
1206.1987938,2.5890639326498293,3.978764459241222,23994.0,3.190082644628099
1206.3987935999999,2.493557563587684,2.864320469263833,23904.0,3.1818181818181817
1206.5987934,2.3937027707808562,1.257669507475946,23820.0,3.1557377049180326
1206.7987931999999,2.368562547256994,1.1147888406434576,23806.0,3.190082644628099
1206.998793,,181.73122473478455,44162.0,3.3095238095238093
1207.1987927999999,,181.00963209760894,23762.0,3.190082644628099
1207.3987926,,180.8401582400275,44134.0,3.3095238095238093
1207.5987923999999,,186.29579402443912,23319.0,3.216666666666667
1207.7987922,,196.20541847619404,43250.0,2.738095238095238
1207.9987919999999,,190.54206489737834,23660.0,3.190082644628099
1208.1987918,,181.51712383841524,44041.0,3.3095238095238093
1208.3987915999999,,182.13775933782662,23759.0,3.190082644628099
1208.5987914,,187.50755187173218,46449.0,3.346820809248555
1208.7987911999999,,197.62691962770242,23460.0,3.231404958677686
1208.998791,2.852986678126343,4.3023717824805905,23270.0,3.231404958677686
1209.1987907999999,3.021474248185275,2.4169920095824575,23144.0,3.2583333333333333
1209.3987906,,187.3027413578106,46911.0,3.3011363636363638
1209.5987903999999,,189.8714162332809,24036.0,3.178861788617886
1209.7987902,4.489250435793143,11.77014717573459,24094.0,3.128
1209.9987899999999,,208.64546580693477,43041.0,2.7176470588235295
1210.1987898,,190.69864188031406,23183.0,3.2416666666666667
1210.3987895999999,2.712181770788079,3.498827859219402,23018.0,3.2333333333333334
1210.5987894,2.5125700143285137,0.5305845460326122,23031.0,3.2605042016806722
1210.7987891999999,2.736444868569446,0.4272824795452966,23054.0,3.2605042016806722
1210.998789,2.565715530385537,0.3487649618411304,22955.0,3.2605042016806722
1211.1987887999999,2.4602366657965717,0.5836651608343583,22986.0,3.2605042016806722
1211.3987886,,186.2028945223174,43340.0,3.3433734939759034
1211.5987883999999,,185.19306485081628,23017.0,3.2605042016806722
1211.7987882,2.930448690239474,7.332696025467211,23134.0,3.2416666666666667
1211.9987879999999,,180.6763544802966,43886.0,3.289940828402367
1212.1987878,2.5998442082111435,5.554128385288446,43648.0,3.3233532934131738
1212.3987875999999,,184.3402500031261,23166.0,3.2416666666666667
1212.5987874,2.410475241519733,0.20217271748571766,23083.0,3.26890756302521
1212.7987871999999,2.457614631186617,1.1122330273950478,23074.0,3.26890756302521
1212.998787,,187.63702892252113,43462.0,3.3493975903614457
1213.1987867999999,,185.81423344785335,23040.0,3.26890756302521
1213.3987866,,185.0293573197694,43380.0,3.3493975903614457
1213.5987863999999,,186.9840840282077,23008.0,3.2416666666666667
1213.7987862,,188.03340557558843,43444.0,3.3233532934131738
1213.9987859999999,2.2025976422820497,1.331245778883121,43347.0,3.3433734939759034
1214.1987858,2.2295750316710814,0.5095842640102585,43415.0,3.3493975903614457
1214.3987855999999,,185.95142538293737,22963.0,3.26890756302521
1214.5987854,2.3459393516904843,0.29003047899591367,22952.0,3.26890756302521
1214.7987851999999,,186.47998704603097,43374.0,3.3493975903614457
1214.998785,,186.83772360887903,22920.0,3.26890756302521
1215.1987847999999,,186.86262960264403,43372.0,3.3433734939759034
1215.3987846,2.2496771813318577,0.5288757594896397,43368.0,3.3433734939759034
1215.5987843999999,,186.69761246004109,22919.0,3.26890756302521
1215.7987842,2.395346814524897,1.94745930605531,22995.0,3.26890756302521
1215.998784,2.3724737002924616,1.465009745955976,22909.0,3.26890756302521
1216.1987838,,186.1483144478358,43310.0,3.3493975903614457
1216.3987836,,186.677329153951,22910.0,3.277310924369748
1216.5987834,,6.323549085872991,22528.0,3.2966101694915255
1216.7987832,,6.8328659864300265,22925.0,3.26890756302521
1216.998783,2.397089669638175,0.7251769727694042,22884.0,3.26890756302521
1217.1987828,2.5938633681542025,1.520563043714328,22879.0,3.26890756302521
1217.3987826,,187.62190096573912,43301.0,3.3433734939759034
1217.5987824,2.212313587884944,0.6985020636973444,43318.0,3.3493975903614457
1217.7987822,,187.39782252462837,22885.0,3.26890756302521
1217.998782,,187.55318245800822,43318.0,3.3433734939759034
1218.1987818,2.318290060805031,0.2754096806249146,43253.0,3.3636363636363638
1218.3987816,2.216893078273727,1.122332730013507,43284.0,3.3696969696969696
1218.5987814,2.225866851595007,1.344022981425172,43260.0,3.3636363636363638
1218.7987812,,186.23163337916841,22806.0,3.26890756302521
1218.998781,2.5298265592151368,0.8912836938472557,22832.0,3.26890756302521
1219.1987808,2.3410730683457954,0.6224724622389194,22869.0,3.26890756302521
1219.3987806,2.3775286802697257,1.2106707102652738,22838.0,3.26890756302521
1219.5987804,2.365626231230574,1.184420495632611,22843.0,3.26890756302521
1219.7987802,2.34399055283415,0.6088373100687074,22864.0,3.26890756302521
1219.99878,2.3970639636490736,0.38327625162680834,22888.0,3.26890756302521
1220.1987798,,186.13176131741506,43280.0,3.3493975903614457
1220.3987796,,185.9885363450186,22786.0,3.2966101694915255
1220.5987794,2.5001095962474245,1.5135102027942027,22811.0,3.26890756302521
1220.7987792,2.379846994535519,1.9191460045413207,22875.0,3.26890756302521
1220.998779,2.3774486173802534,1.0451932769261028,22819.0,3.26890756302521
1221.1987788,2.3589012242748693,0.5153235430557171,22789.0,3.2966101694915255
1221.3987786,2.3890446976336546,1.9961946898640293,22820.0,3.2966101694915255
1221.5987784,2.4948787533922787,2.1526994404375412,22846.0,3.2966101694915255
1221.7987782,2.4664326458973234,1.9588396404950301,22790.0,3.2966101694915255
1221.998778,,186.07772009471586,43221.0,3.3696969696969696
1222.1987778,2.245444230902818,1.4169577830195694,43187.0,3.3493975903614457
1222.3987776,,186.6375296229376,22765.0,3.2966101694915255
1222.5987774,,196.98741276588365,42391.0,2.806060606060606
1222.7987772,,195.02765899262803,22773.0,3.2966101694915255
1222.998777,,185.35066370510646,43148.0,3.3636363636363638
1223.1987768,,186.18041413762273,22756.0,3.305084745762712
1223.3987766,2.3753562815172113,1.2722590817754758,22805.0,3.26890756302521
1223.5987764,,185.7700767385637,43197.0,3.3636363636363638
1223.7987762,2.2700792510543635,0.46277953148939494,43154.0,3.3636363636363638
1223.998776,,187.49947823934727,22702.0,3.2966101694915255
1224.1987758,,6.691254312681995,22346.0,3.324786324786325
1224.3987756,,10.05958756645029,22858.0,3.305084745762712
1224.5987754,2.343610209630734,2.231059084850696,22802.0,3.277310924369748
1224.7987752,,186.63936507223787,43161.0,3.3636363636363638
1224.998775,2.2561916456224083,0.5333016694236802,43163.0,3.3696969696969696
1225.1987748,2.236085453081332,26.126341778103562,42222.0,2.806060606060606
1225.3987746,2.2890033885716936,27.56880239949269,43086.0,3.3636363636363638
1225.5987744,2.217855488652154,0.9770613225197506,43180.0,3.3696969696969696
1225.7987742,,186.83914423451859,22731.0,3.26890756302521
1225.998774,2.4111106227750185,1.6860111432846374,22753.0,3.2966101694915255
1226.1987738,2.5279677362791513,1.8351321975674277,22812.0,3.2966101694915255
1226.3987736,2.370912447257384,2.518001903409259,22752.0,3.2966101694915255
1226.5987734,,186.24089148808096,43135.0,3.3696969696969696
1226.7987732,2.2150657299853935,0.765398197650981,43131.0,3.3902439024390243
1226.998773,,184.61718325953916,22800.0,3.2966101694915255
1227.1987728,2.6407839354612417,0.8313085303707195,22808.0,3.2966101694915255
1227.3987726,,184.73892289652122,43106.0,3.3696969696969696
1227.5987724,2.2146376609491933,0.9037985847505904,43026.0,3.3696969696969696
1227.7987722,,184.72145057859248,22819.0,3.2966101694915255
1227.998772,2.728761023312669,2.182036488752604,22906.0,3.2966101694915255
1228.1987718,,158.85526796909264,46397.0,3.1714285714285713
1228.3987716,,31.01518533039113,47849.0,3.2333333333333334
1228.5987714,,240.7368637529536,23321.0,2.007751937984496
1228.7987712,,247.38287263236558,47159.0,3.2402234636871508
1228.998771,3.823998638616494,15.130341570530131,47011.0,3.197802197802198
1229.1987708,,263.4990608424667,21793.0,2.094488188976378
1229.3987706,3.525812356979405,11.460764783213046,21850.0,2.0952380952380953
1229.5987704,2.8723540731237973,5.170095642582492,21826.0,2.08
1229.7987702,2.782219129224479,68.13269853235283,22991.0,3.1693548387096775
1229.99877,2.291270207852194,69.7177972744827,21650.0,2.161290322580645
1230.1987698,2.3298930902022494,0.3300964642147844,21607.0,2.120967741935484
1230.3987696,,254.1579485143336,46894.0,3.269662921348315
1230.5987694,,23.0624655516255,44773.0,3.208092485549133
1230.7987692,,242.85374013944798,22901.0,2.0708661417322833
1230.998769,2.759920056626556,66.1775094536119,24017.0,3.144
1231.1987688,4.159243625086147,62.06957129692145,23216.0,2.094488188976378
1231.3987686,3.1318739989321944,8.941918085645362,22476.0,2.0476190476190474
1231.5987684,2.7471239789590727,62.04185892970324,23383.0,3.128
1231.7987682,2.909304901689283,65.7596346074154,21666.0,2.138211382113821
1231.998768,2.509646792387091,67.23791231229325,22961.0,3.178861788617886
1232.1987678,,208.101212012038,45936.0,3.3257142857142856
1232.3987676,,206.77871741753503,22947.0,3.178861788617886
1232.5987674,2.7503701768138664,1.4057515306891915,22962.0,3.178861788617886
1232.7987672,2.337857802400739,67.79325834001882,21660.0,2.1219512195121952
1232.998767,,61.66963383500215,22607.0,3.2049180327868854
1233.1987668,,9.39617152331824,22880.0,3.178861788617886
1233.3987666,,206.65721123927517,45698.0,3.339080459770115
1233.5987664,,258.1307117496021,21301.0,2.1721311475409837
1233.7987662,,258.1947026357598,45681.0,3.3448275862068964
1233.998766,,207.09855960367895,22919.0,3.178861788617886
1234.1987658,,210.29614796453777,42491.0,2.7176470588235295
1234.3987656,,216.2628907624503,22519.0,3.231404958677686
1234.5987654,,60.955336409644936,21571.0,2.1639344262295084
1234.7987652,2.392438811188811,66.72665387182518,22880.0,3.178861788617886
1234.998765,2.472837491256703,67.0658623689738,21445.0,2.1404958677685952
1235.1987648,2.4594499604604163,69.56880432059468,22762.0,3.2049180327868854
1235.3987646,2.4389859450939184,1.4164004361903697,22839.0,3.2049180327868854
1235.5987644,2.5873762920606995,1.3071762954180943,22735.0,3.231404958677686
1235.7987642,2.6274692943538973,69.990060336536,21413.0,2.165289256198347
1235.998764,2.3596048298573,69.92539310132852,22775.0,3.231404958677686
1236.1987638,2.3298549368273282,71.47641157583077,21370.0,2.122950819672131
1236.3987636,2.6896308695269138,71.36075160707409,22702.0,3.231404958677686
1236.5987633999998,,70.60846914525867,21066.0,2.225
1236.7987632,,71.76407988754272,22685.0,3.231404958677686
1236.9987629999998,2.302606901725431,71.38074950881847,21328.0,2.122950819672131
1237.1987628,2.3404199011997178,69.43418157920507,22672.0,3.231404958677686
1237.3987625999998,2.345107377519072,0.9589465169280877,22677.0,3.2049180327868854
1237.5987624,2.374577226606539,70.66743480060235,21288.0,2.1487603305785123
1237.7987621999998,,3.284311511022279,21000.0,2.158333333333333
1237.998762,,72.45757550401345,22573.0,3.231404958677686
1238.1987617999998,2.3646506685557425,1.7086408040593721,22586.0,3.231404958677686
1238.3987616,2.4445809897433475,71.77324547209386,21157.0,2.165289256198347
1238.5987613999998,2.413670345318619,70.27416483884592,22472.0,3.231404958677686
1238.7987612,2.355267515019632,69.95477189659029,21139.0,2.1487603305785123
1238.9987609999998,2.3668818161584686,71.50848391439037,22465.0,3.2583333333333333
1239.1987608,2.6889116130179618,1.5803904675336167,22492.0,3.2583333333333333
1239.3987605999998,,71.85961301268631,20834.0,2.226890756302521
1239.5987604,2.5030975363780437,2.5756273114779207,20823.0,2.158333333333333
1239.7987601999998,,73.06241222653036,22453.0,3.2583333333333333
1239.99876,2.3732187388671178,0.059923526995972545,22456.0,3.2583333333333333
1240.1987597999998,2.5746112373568595,0.9241437293537469,22443.0,3.2583333333333333
1240.3987596,2.6506882879672116,0.8338135433580829,22447.0,3.2583333333333333
1240.5987593999998,2.514582745319409,70.67083284680346,21258.0,2.1735537190082646
1240.7987592,2.4258807888322624,71.3963886441858,22565.0,3.2583333333333333
1240.9987589999998,7.1727901545095225,84.86360018058451,22264.0,2.0
1241.1987588,3.216885202033717,6.390166077226758,22422.0,2.112
1241.3987585999998,2.7761207438684754,2.626560055549319,22262.0,2.153225806451613
1241.5987584,7.361142671644213,77.55463639129707,24644.0,3.119047619047619
1241.7987581999998,4.100243859954712,79.55471563439761,22964.0,1.968503937007874
1241.998758,,266.2556455777006,43407.0,2.7134502923976607
1242.1987577999998,,206.09365854907273,24043.0,3.126984126984127
1242.3987576,2.397222684184267,0.7198749067329061,24052.0,3.152
1242.5987573999998,2.8790998124609293,6.113859520835136,23995.0,3.144
1242.7987572,2.874359721817349,4.790960733481849,24013.0,3.126984126984127
1242.9987569999998,,197.3768597183697,44405.0,3.2514619883040936
1243.1987568,,243.60653572156616,22499.0,2.1048387096774195
1243.3987565999998,,244.61038882500344,44330.0,3.245614035087719
1243.5987564,2.251006649639907,25.564861907217892,43461.0,2.7076023391812867
1243.7987561999998,,203.2038544025774,23892.0,3.1693548387096775
1243.998756,2.5791041020048655,0.6442702198508049,23842.0,3.1693548387096775
1244.1987557999998,2.4300719617395967,67.52575697093395,22373.0,2.097560975609756
1244.3987556,,244.33503533635874,44117.0,3.264705882352941
1244.5987553999998,,243.8188298648523,22318.0,2.16260162601626
1244.7987552,2.4336227242076873,67.71272327596098,23728.0,3.1951219512195124
1244.9987549999998,2.6262431681748946,66.34261868313925,22322.0,2.138211382113821
1245.1987548,2.3670965712488203,1.087164283459334,22253.0,2.113821138211382
1245.3987545999998,,4.307888821333736,21896.0,2.098360655737705
1245.5987544,,68.28603611083267,23496.0,3.1951219512195124
1245.7987541999998,2.2946549697024508,67.33856969905132,22114.0,2.130081300813008
1245.998754,2.3614893617021275,68.16818733274152,23500.0,3.1951219512195124
1246.1987537999998,2.3446966271814813,67.0427903468922,22118.0,2.130081300813008
1246.3987536,2.6139486530464655,1.2670288605829751,22124.0,2.113821138211382
1246.5987533999999,,244.501276713524,43935.0,3.289940828402367
1246.7987532,,244.07623153077452,22124.0,2.180327868852459
1246.9987529999999,,244.31004550428008,43833.0,3.289940828402367
1247.1987528,,244.40706140059334,22007.0,2.1311475409836067
1247.3987525999999,,245.0998663483969,43796.0,3.2840236686390534
1247.5987524,2.225931002970071,0.9379298460057907,43770.0,3.289940828402367
1247.7987521999999,,193.56289680951775,23369.0,3.221311475409836
1247.998752,,194.55483707601425,43797.0,3.3095238095238093
1248.1987517999999,2.245680025532303,0.29181014137059125,43866.0,3.289940828402367
1248.3987516,,193.90906408787922,23377.0,3.221311475409836
1248.5987513999999,,204.47617146745304,42965.0,2.739644970414201
1248.7987512,2.2576138075886947,25.674588752579847,43802.0,3.289940828402367
1248.9987509999999,2.22206716903898,26.576796940091548,42996.0,2.739644970414201
1249.1987508,,203.49091547631028,23384.0,3.221311475409836
1249.3987505999999,2.352473176941262,67.30245755142946,21996.0,2.190082644628099
1249.5987504,2.4109630266552022,66.97629804281878,23260.0,3.2131147540983607
1249.7987501999999,2.3654968251244206,0.7336246958123394,23308.0,3.2131147540983607
1249.99875,2.599055388578789,1.417120301741541,23290.0,3.2479338842975207
1250.1987497999999,2.359615632105015,0.16192187980600775,23311.0,3.221311475409836
1250.3987496,2.364499634769905,1.134172308713917,23273.0,3.221311475409836
1250.5987493999999,2.338607450640646,66.59717168061152,21931.0,2.1311475409836067
1250.7987492,2.3825396825396825,67.61427909286998,23310.0,3.2479338842975207
1250.9987489999999,,193.95335937958677,43716.0,3.3095238095238093
1251.1987488,,193.73586113385377,23360.0,3.2479338842975207
1251.3987485999999,2.389088920286222,67.75535621448968,21941.0,2.1735537190082646
1251.5987484,2.590256573850431,3.205284997538067,21943.0,2.1983471074380163
1251.7987481999999,,242.91650892752892,43682.0,3.3035714285714284
1251.998748,2.3192418123672356,25.65057139674664,42839.0,2.755952380952381
1252.1987477999999,,258.58843875357957,21866.0,2.1404958677685952
1252.3987476,3.858911333571684,3.9903247105416044,22376.0,2.105691056910569
1252.5987473999999,3.0788012817619714,3.3787962273646603,22157.0,2.1818181818181817
1252.7987472,3.7309595705418555,56.86846891246713,23844.0,3.185483870967742
1252.9987469999999,,192.87364423190954,46813.0,3.2458100558659218
1253.1987468,,252.8631038465915,21613.0,1.975609756097561
1253.3987465999999,,261.09474411221635,46475.0,3.288135593220339
1253.5987464,4.454937984167972,11.248355411828747,47246.0,3.2824858757062145
1253.7987461999999,,247.31654045268428,23061.0,2.031496062992126
1253.998746,3.672279333569656,10.96374383833673,22568.0,2.0
1254.1987457999999,2.7617761643350454,2.464597300224093,22588.0,2.0555555555555554
1254.3987456,2.6411457244407277,67.35922637315976,23915.0,3.144
1254.5987453999999,2.364932477307948,64.31891503241229,22585.0,2.096
1254.7987452,,246.59477027954932,44334.0,3.2514619883040936
1254.9987449999999,2.28225642416435,0.11554642235890028,44247.0,3.2514619883040936
1255.1987448,,243.0367524886375,22444.0,2.0806451612903225
1255.3987445999999,,3.3557423682414544,22155.0,2.097560975609756
1255.5987444,,3.37244753307628,22420.0,2.1129032258064515
1255.7987441999999,2.4051131601005866,68.4975519176921,23860.0,3.1693548387096775
1255.998744,2.3947622445125276,0.13249432390734492,23827.0,3.1693548387096775
1256.1987437999999,,193.82705562860363,44247.0,3.264705882352941
1256.3987436,,194.4147142853749,23736.0,3.161290322580645
1256.5987433999999,2.292036979143406,66.43813007602493,22391.0,2.120967741935484
1256.7987432,2.4895075308850907,68.34534677246828,23636.0,3.1951219512195124
1256.9987429999999,2.3858511359782977,1.2109886067436502,23592.0,3.1951219512195124
1257.1987428,2.484180575020172,0.6384284342073733,23547.0,3.186991869918699
1257.3987425999999,2.5607485084071597,68.04491161113597,22124.0,2.138211382113821
1257.5987424,2.324699936828806,0.4628193815065852,22162.0,2.16260162601626
1257.7987421999999,2.353703118653247,0.5163991545283169,22157.0,2.113821138211382
1257.998742,2.5900238384383574,2.2679578514506464,22233.0,2.16260162601626
1258.1987417999999,,242.33645891495763,43969.0,3.264705882352941
1258.3987416,,243.40403655865146,22136.0,2.097560975609756
1258.5987413999999,2.4327187485912636,1.6927641478699753,22183.0,2.138211382113821
1258.7987412,2.446704603363343,67.55228184208742,23548.0,3.186991869918699
1258.9987409999999,2.391237509607994,67.220942046035,22117.0,2.1475409836065573
1259.1987408,2.5007028522196526,1.6185029237005855,22053.0,2.139344262295082
1259.3987405999999,,3.221567680528615,21839.0,2.1147540983606556
1259.5987404,,3.5058535951437877,22095.0,2.1557377049180326
1259.7987401999999,2.374738906176734,67.28957449974884,23459.0,3.2131147540983607
1259.99874,2.5730389854391733,0.20676766177573455,23419.0,3.2131147540983607
1260.1987397999999,,194.0393310703683,43855.0,3.264705882352941
1260.3987396,,244.66661513471325,22022.0,2.138211382113821
1260.5987393999999,2.3770849371311265,67.31279949841168,23382.0,3.186991869918699
1260.7987392,2.3734765076344524,66.25560539699171,22071.0,2.1463414634146343
1260.998739,2.4421500701897387,0.6832911690244936,22083.0,2.1219512195121952
1261.1987388,,244.58743657926217,43754.0,3.2958579881656807
1261.3987386,,193.73972111193646,23346.0,3.2131147540983607
1261.5987384,2.524404863846549,0.9113775803182937,23356.0,3.186991869918699
1261.7987382,,203.84632257851942,42914.0,2.7176470588235295
1261.998738,,204.13518589012583,23369.0,3.2131147540983607
1262.1987378,2.6807161826437076,0.4797344693445411,23346.0,3.2131147540983607
1262.3987376,2.581510617980083,66.77706135556778,21991.0,2.12396694214876
1262.5987374,2.580966231877471,0.9806308474022557,22003.0,2.1721311475409837
1262.7987372,2.516897672826831,66.67734492982235,23376.0,3.2131147540983607
1262.998737,2.7826598488619396,65.60184940325892,22099.0,2.1557377049180326
1263.1987368,2.588064178900959,1.612000533005037,22001.0,2.1065573770491803
1263.3987366,,243.22885847465406,43842.0,3.289940828402367
1263.5987364,,194.61780445192426,23358.0,3.186991869918699
1263.7987362,2.5352529112081514,64.31774524683041,21984.0,2.1487603305785123
1263.998736,2.3516538514036127,1.1352001912474377,21979.0,2.1311475409836067
1264.1987358,2.3284508327629476,1.5047020362477124,21915.0,2.0901639344262297
1264.3987356,2.29419002050581,1.7005863545998068,21945.0,2.12396694214876
1264.5987354,2.3037836361152846,0.519665693861398,21963.0,2.139344262295082
1264.7987352,2.2896781861400624,2.627530287622267,21876.0,2.081967213114754
1264.998735,,245.16984566399364,43826.0,3.3095238095238093
1265.1987348,,195.72377019818595,23215.0,3.2131147540983607
1265.3987346,,195.82835018171613,43798.0,3.3035714285714284
1265.5987344,2.2610820563180853,0.10652607041806932,43787.0,3.3095238095238093
1265.7987342,2.2432993927217937,0.4245775605413929,43802.0,3.3095238095238093
1265.998734,2.2105118955203436,0.5430721820878597,43798.0,3.289940828402367
1266.1987338,,242.87573789179282,21979.0,2.1639344262295084
1266.3987336,2.348293126991352,0.2205092579880631,21970.0,2.098360655737705
1266.5987334,,243.44224194109802,43781.0,3.3095238095238093
1266.7987332,,242.83025997482272,21963.0,2.165289256198347
1266.998733,2.340543994158452,1.5474470850252315,21912.0,2.1074380165289255
1267.1987328,2.3637400748380033,0.5143304757426206,21914.0,2.1487603305785123
1267.3987326,2.3237537162307724,64.28669081975377,23209.0,3.2131147540983607
1267.5987324,2.3363581627386893,1.2019028085580692,23252.0,3.239669421487603
1267.7987322,2.338203167667941,64.33563358748309,21972.0,2.190082644628099
1267.998732,,243.3734722116828,43816.0,3.3095238095238093
1268.1987318,,242.88088010023571,21982.0,2.1818181818181817
1268.3987316,2.3948012889366272,66.242800100079,23275.0,3.239669421487603
1268.5987314,,192.9514746684669,43684.0,3.3095238095238093
1268.7987312,,192.3362083730209,24379.0,3.203252032520325
1268.998731,,18.547164348849783,23536.0,3.2295081967213113
1269.1987308,,54.6446345342266,22388.0,2.1707317073170733
1269.3987306,2.4528910802330794,1.0429385908102282,22310.0,2.16260162601626
1269.5987304,4.811222104144527,52.15422470509519,23525.0,3.1774193548387095
1269.7987302,,201.60786376551397,43831.0,3.2958579881656807
1269.99873,,244.7755816963449,22014.0,2.1639344262295084
1270.1987298,2.805767819367094,65.45544265938294,23163.0,3.2479338842975207
1270.3987296,2.6851314638301793,70.81845872362872,21717.0,2.1818181818181817
1270.5987294,2.487863405629903,0.36827877822391863,21670.0,2.165289256198347
1270.7987292,2.443247001564401,69.69583363242064,23012.0,3.256198347107438
1270.998729,2.3528407255272996,69.22027637714623,21667.0,2.1983471074380163
1271.1987288,2.731329479768786,0.9773875933510219,21625.0,2.206611570247934
1271.3987286,,263.90056597239635,42601.0,2.7664670658682633
1271.5987284,2.3808953574060427,27.39143640467392,43424.0,3.3233532934131738
1271.7987282,,196.1215160972621,23003.0,3.256198347107438
1271.998728,2.415753781950965,0.41979290732357477,23004.0,3.283333333333333
1272.1987278,2.3963810769566165,0.8399254483442674,22935.0,3.256198347107438
1272.3987276,2.679676609980485,70.02832415312879,21522.0,2.2083333333333335
1272.5987274,,249.31143593678019,43343.0,3.3233532934131738
1272.7987272,,197.80264730428942,22838.0,3.283333333333333
1272.998727,2.3447087853252015,69.52297518631694,21479.0,2.2
1273.1987268,2.416352972073886,71.7260312689377,22846.0,3.283333333333333
1273.3987266,2.438952594349985,2.105672116505507,22761.0,3.283333333333333
1273.5987264,2.3860923944158188,0.4597263869324876,22707.0,3.283333333333333
1273.7987262,,208.61586058390895,42392.0,2.7784431137724552
1273.998726,2.2169951610999648,0.10428455262859573,42365.0,2.7724550898203595
1274.1987258,2.2464686163449312,25.378142418183995,43255.0,3.3233532934131738
1274.3987256,,252.056753852536,21295.0,2.175
1274.5987254,,252.2590194750562,43197.0,3.3493975903614457
1274.7987252,,197.70895346317025,22667.0,3.283333333333333
1274.998725,2.4915994179124223,0.5854306432967442,22677.0,3.310924369747899
1275.1987248,2.6072648972522585,71.81949742142068,21363.0,2.2436974789915967
1275.3987246,2.7711589113257244,75.11473185050932,22780.0,3.310924369747899
1275.5987244,,195.52745552774385,43131.0,3.3433734939759034
1275.7987242,2.4269223651337097,0.8325769709662398,43228.0,3.3433734939759034
1275.998724,,196.42980057325732,22788.0,3.2916666666666665
1276.1987238,5.5476190476190474,73.22734443627428,22176.0,2.1983471074380163
1276.3987236,4.028338216827124,66.94757258411433,23890.0,3.2540983606557377
1276.5987234,3.8548359608010228,4.696014802253317,23470.0,3.272727272727273
1276.7987232,,196.01545473811152,43901.0,3.3293413173652695
1276.998723,,59.72227483065856,35751.0,2.8675496688741724
1277.1987228,,59.58688861751484,43880.0,3.3293413173652695
1277.3987226,2.4416998974592685,0.8026926192974827,43885.0,3.3353293413173652
1277.5987224,,195.9407505526608,23210.0,3.2916666666666665
1277.7987222,2.635778083132944,0.28862091365287557,23288.0,3.2916666666666665
1277.998722,,196.39352534381982,43731.0,3.3293413173652695
1278.1987218,2.2185985921930707,0.23830414120639853,43756.0,3.3293413173652695
1278.3987216,2.2504805052169137,0.4667803221531825,43704.0,3.3233532934131738
1278.5987214,2.2602523659305995,1.7862299493398106,43746.0,3.3233532934131738
1278.7987212,2.2003310100468543,25.054477566248426,42899.0,2.7724550898203595
1278.998721,2.243257104226403,0.5524327799369471,42897.0,2.754491017964072
1279.1987208,2.3167250818958607,26.58132224122529,43653.0,3.3233532934131738
1279.3987206,,248.29318459403507,21756.0,2.2083333333333335
1279.5987204,,248.33867446284603,43666.0,3.3293413173652695
1279.7987202,,195.49977572300185,23176.0,3.2916666666666665
1279.99872,2.468335787923417,69.47689931378498,21728.0,2.2184873949579833
1280.1987198,2.401142412047254,69.84898393293298,23109.0,3.2916666666666665
1280.3987196,2.4159632948101977,0.07216348786230627,23103.0,3.2916666666666665
1280.5987194,,195.22112385617964,43575.0,3.3493975903614457
1280.7987191999998,,193.94074721185086,23190.0,3.2916666666666665
1280.998719,2.334484187266952,72.67889693195733,21723.0,2.225
1281.1987187999998,2.4350943885265024,71.40107410545068,23149.0,3.327731092436975
1281.3987186,2.4461718344015244,1.8971468612394216,23092.0,3.327731092436975
1281.5987183999998,,82.92273063531417,22531.0,2.0655737704918034
1281.7987182,,20.312839631841616,22886.0,2.1885245901639343
1281.9987179999998,4.000570951732619,4.853706545629181,22769.0,2.1129032258064515
1282.1987178,3.578147810218978,9.793329961823307,21920.0,2.1487603305785123
1282.3987175999998,3.5723885982320045,2.1370505119215224,22172.0,2.122950819672131
1282.5987174,,20.8419747113577,23058.0,2.1048387096774195
1282.7987171999998,,45.969286266848854,23896.0,3.16
1282.998717,4.242772108843537,57.04611367192371,21168.0,2.032258064516129
1283.1987167999998,3.7171146357678793,8.791282885887778,21058.0,1.983739837398374
1283.3987166,2.9571726176057362,7.53068063353749,20641.0,2.025
1283.5987163999998,2.4885454791920836,75.79765650597349,22131.0,3.2416666666666667
1283.7987162,2.368518069366966,75.81900495902262,20615.0,2.0504201680672267
1283.9987159999998,2.629975942989424,75.54030288186512,22031.0,3.26890756302521
1284.1987158,4.489966407355022,7.236573738278173,22624.0,3.206611570247934
1284.3987155999998,3.2013508179465813,5.299322946165748,22801.0,3.25
1284.5987154,5.195223348746447,14.886837418150902,23573.0,3.1885245901639343
1284.7987151999998,4.095440173073722,9.804670239440334,24036.0,3.25
1284.998715,2.5046435742971886,2.1887274429447094,23904.0,3.277310924369748
1285.1987147999998,,190.59967543580808,46746.0,3.4176470588235293
1285.3987146,2.2516373442917685,0.28463819740401386,46722.0,3.4235294117647057
1285.5987143999998,,189.73164503918565,23882.0,3.305084745762712
1285.7987142,2.3171867136386513,1.394986111631006,23844.0,3.305084745762712
1285.9987139999998,2.391970527902206,2.7697898715591114,23887.0,3.277310924369748
1286.1987138,2.3554708764289605,0.4027196978731948,23881.0,3.305084745762712
1286.3987135999998,,7.7717765927804665,23454.0,3.3333333333333335
1286.5987134,,7.88195723913766,23860.0,3.305084745762712
1286.7987131999998,,181.49192828477467,44315.0,3.3696969696969696
1286.998713,,182.28860914955564,23812.0,3.305084745762712
1287.1987127999998,2.388454423141608,1.5651088210862607,23784.0,3.305084745762712
1287.3987126,2.3330105670862626,0.8700530942730701,23753.0,3.3333333333333335
1287.5987123999998,2.35342246214837,1.8182451339463945,23711.0,3.3333333333333335
1287.7987122,2.3160687215765536,0.4330261267260562,23748.0,3.3333333333333335
1287.9987119999998,2.323958509023444,0.37490799232406924,23716.0,3.3333333333333335
1288.1987118,2.6737208907020227,2.9132442967463126,23532.0,3.3333333333333335
1288.3987115999998,4.133160379364607,11.032359852982214,23513.0,3.2857142857142856
1288.5987114,2.96156508097633,68.2461801192107,21673.0,2.2288135593220337
1288.7987111999998,6.859338938344873,89.78869999485364,24264.0,3.2416666666666667
1288.998711,3.6829578719613085,9.19289865526893,23571.0,3.26890756302521
1289.1987107999998,3.527364101618332,74.18360207072959,21689.0,2.1416666666666666
1289.3987106,3.616211937796815,3.8167386565210015,21478.0,2.057377049180328
1289.5987103999998,,244.19309322814593,42341.0,3.3696969696969696
1289.7987102,,191.24644517553696,22202.0,3.2711864406779663
1289.9987099999998,2.4038279666741724,0.6279027944750313,22205.0,3.299145299145299
1290.1987098,,189.69236988549576,42421.0,3.3902439024390243
1290.3987095999998,2.350851134059509,0.7196597209783303,42414.0,3.3841463414634148
1290.5987094,,189.2064730969936,22037.0,3.3275862068965516
1290.7987091999998,2.3330311409274285,0.25367099579433416,22061.0,3.3275862068965516
1290.998709,3.374461979913917,3.9055323514092164,22304.0,3.2605042016806722
1291.1987087999998,5.06089521165857,17.26558215641611,23056.0,3.3076923076923075
1291.3987086,,183.0192950392375,43415.0,3.411042944785276
1291.5987083999999,,183.40156776217094,23012.0,3.3162393162393164
1291.7987082,,184.16210165638202,43398.0,3.411042944785276
1291.9987079999999,,182.93509888974202,22982.0,3.3448275862068964
1292.1987078,2.3417496751840625,2.7827161283896045,23090.0,3.3448275862068964
1292.3987075999999,2.537002392864912,2.117849435518232,22985.0,3.373913043478261
1292.5987074,,182.2169666177803,43416.0,3.432098765432099
1292.7987071999999,,182.36138612146584,22988.0,3.373913043478261
1292.998707,2.380952380952381,1.0016046294860623,23016.0,3.373913043478261
1293.1987067999999,,182.0216687900845,43315.0,3.432098765432099
1293.3987066,,182.48309303828123,22909.0,3.373913043478261
1293.5987063999999,2.324308957312806,0.36852778080356174,22864.0,3.373913043478261
1293.7987062,4.115589549673428,10.072492459628206,23272.0,3.3162393162393164
1293.9987059999999,3.1290585110939775,3.7995460440681823,23346.0,3.373913043478261
1294.1987058,,184.17476693287446,42722.0,2.8292682926829267
1294.3987055999999,,189.5528588654207,22967.0,3.3076923076923075
1294.5987054,3.1448272764026775,7.160988721715465,22261.0,3.356521739130435
1294.7987051999999,,71.94846566238392,20764.0,2.2280701754385963
1294.998705,,72.3530328772642,22447.0,3.365217391304348
1295.1987047999999,2.3270237615787353,1.7377007698395128,22347.0,3.365217391304348
1295.3987046,2.3336024761135783,0.7174501842500646,22293.0,3.365217391304348
1295.5987043999999,2.3681720813995,2.706142254841357,22408.0,3.365217391304348
1295.7987042,,185.89622013782534,42752.0,3.432098765432099
1295.9987039999999,2.290352743168377,0.3615204937716788,42779.0,3.432098765432099
1296.1987038,2.3838282408071536,26.68065457058726,41826.0,2.8518518518518516
1296.3987035999999,,195.39733524132072,22338.0,3.3947368421052633
1296.5987034,2.317954220314735,0.25192776998309796,22368.0,3.365217391304348
1296.7987031999999,2.566686028327599,1.059329439575264,22381.0,3.356521739130435
1296.998703,2.41309801110912,1.7939428645335043,22324.0,3.365217391304348
1297.1987027999999,2.478182716937042,0.9595249533473723,22253.0,3.3947368421052633
1297.3987026,,186.07393189409214,42665.0,3.432098765432099
1297.5987023999999,,185.27009166731057,22327.0,3.365217391304348
1297.7987022,2.396897278393041,3.5311040350844998,22303.0,3.365217391304348
1297.9987019999999,2.4179634793559415,2.864981440995481,22234.0,3.3947368421052633
1298.1987018,,5.880035569867139,22004.0,3.3947368421052633
1298.3987015999999,,191.40683000336054,42623.0,3.453416149068323
1298.5987014,2.211240219275641,0.8177852688882901,42686.0,3.453416149068323
1298.7987011999999,,187.01058056855618,22215.0,3.3947368421052633
1298.998701,,186.4137515086645,42635.0,3.453416149068323
1299.1987007999999,,186.38651564387294,22264.0,3.365217391304348
1299.3987006,2.2800341450265074,0.09727190770876873,22258.0,3.3947368421052633
1299.5987003999999,,196.95351112452784,41672.0,2.8875
1299.7987002,,196.76611116070376,22187.0,3.3947368421052633
1299.9986999999999,2.294009175137177,1.40997968463579,22234.0,3.3947368421052633
1300.1986998,2.3628676801295314,1.2172308928003268,22234.0,3.4035087719298245
1300.3986995999999,,186.50705279092017,42568.0,3.453416149068323
1300.5986994,2.3268141322488893,0.693535154500136,42541.0,3.453416149068323
1300.7986991999999,,185.23871573642307,22134.0,3.433628318584071
1300.998699,2.365956101526511,0.6156996987734275,22142.0,3.3947368421052633
1301.1986987999999,,186.5558156238058,42541.0,3.453416149068323
1301.3986986,2.299851837915383,0.40911006532045174,42521.0,3.475
1301.5986983999999,,184.98397133621992,22128.0,3.433628318584071
1301.7986982,,185.84132090272283,42452.0,3.475
1301.9986979999999,2.200075366824466,0.4544157036804765,42459.0,3.46875
1302.1986978,,186.43454362399385,22069.0,3.3947368421052633
1302.3986975999999,2.306718686204237,0.6808256318525553,22043.0,3.424778761061947
1302.5986974,,187.02062648321441,42437.0,3.46875
1302.7986971999999,,188.55496096217192,22039.0,3.3947368421052633
1302.998697,2.3701015965166907,1.679681590442598,22048.0,3.433628318584071
1303.1986967999999,2.41274893152678,1.0469046629821894,21994.0,3.433628318584071
1303.3986966,2.469174604709637,66.8000537424872,20681.0,2.265486725663717
1303.5986963999999,2.3237991464632706,69.60949079409984,22026.0,3.424778761061947
1303.7986962,2.3992181107373396,1.4136698128396405,21998.0,3.433628318584071
1303.9986959999999,2.2767131242741,69.04531707951637,20664.0,2.263157894736842
1304.1986958,,236.11763269173588,42394.0,3.46875
1304.3986955999999,,186.65064062637984,22028.0,3.424778761061947
1304.5986954,2.572112098427888,1.9409340209252275,21945.0,3.424778761061947
1304.7986951999999,,187.4200393062692,42390.0,3.46875
1304.998695,,186.7518567634733,21999.0,3.424778761061947
1305.1986947999999,2.322752285233526,1.1666424994809588,21989.0,3.424778761061947
1305.3986946,11.433437372777853,100.60404891466167,22107.0,2.065040650406504
1305.5986943999999,,249.84918537918938,43484.0,3.3035714285714284
1305.7986942,,173.61373348018034,23877.0,3.216666666666667
1305.998694,4.801343766643451,7.329670907183647,24409.0,3.2521008403361344
1306.1986938,2.685423476354007,3.6379871729676307,24169.0,3.2796610169491527
1306.3986936,2.522209826040246,2.1606547824787734,24201.0,3.2796610169491527
1306.5986934,2.3644689403671624,0.8347108108863045,24131.0,3.288135593220339
1306.7986932,2.36074556851675,0.7568539390930655,24089.0,3.288135593220339
1306.998693,2.326509426127398,0.5254926801059765,24082.0,3.3162393162393164
1307.1986928,2.3829178246982203,0.3007246422878562,24107.0,3.3162393162393164
1307.3986926,,176.6256513775987,44560.0,3.3902439024390243
1307.5986924,2.281296387926769,0.914606437040795,44462.0,3.3841463414634148
1307.7986922,,176.26948183875396,24015.0,3.3162393162393164
1307.998692,2.3363462179273577,1.781326755016377,24008.0,3.3162393162393164
1308.1986918,2.394183763005056,2.9523411013527645,23933.0,3.3162393162393164
1308.3986916,2.4627477213813864,2.3906558904772703,23918.0,3.3448275862068964
1308.5986914,2.2795644891122278,1.204087049550138,23880.0,3.3162393162393164
1308.7986912,,177.26562162296514,44335.0,3.3902439024390243
1308.998691,,178.25600714805833,23803.0,3.3448275862068964
1309.1986908,2.315391049769971,1.8001313406455834,23910.0,3.3448275862068964
1309.3986906,2.3569156061620897,0.12805323478277225,23888.0,3.3448275862068964
1309.5986904,2.3503885738290275,1.3789905741039687,23805.0,3.3448275862068964
1309.7986902,2.443462971490769,1.5674894882709287,23887.0,3.353448275862069
1309.99869,2.319571673568411,1.1738193547388394,23907.0,3.353448275862069
1310.1986898,2.3302325581395347,0.3412878053544602,23865.0,3.353448275862069
1310.3986896,,176.20165607984623,44190.0,3.4049079754601226
1310.5986894,,176.69688610754102,23758.0,3.373913043478261
1310.7986892,2.421198505018267,0.8863564455218971,23813.0,3.353448275862069
1310.998689,,176.43370607265567,44190.0,3.4049079754601226
1311.1986888,,177.65355480316433,23733.0,3.353448275862069
1311.3986886,,177.53845465854818,44147.0,3.432098765432099
1311.5986884,,176.50976271477265,23746.0,3.353448275862069
1311.7986882,2.3028977583378896,0.6988115032075863,23777.0,3.382608695652174
1311.998688,2.340351172680955,1.7098889351063422,23749.0,3.353448275862069
1312.1986878,2.322466515036644,0.08582089692892715,23742.0,3.353448275862069
1312.3986876,2.4136737708377294,1.7059257155203076,23695.0,3.353448275862069
1312.5986874,2.3369252873563218,1.728937367655495,23664.0,3.373913043478261
1312.7986872,2.560054095173696,0.9357156864091978,23662.0,3.382608695652174
1312.998687,2.4073839127125094,0.9797812862561824,23646.0,3.382608695652174
1313.1986868,,177.97199417778197,44048.0,3.425925925925926
1313.3986866,,63.58217030759457,35521.0,2.972413793103448
1313.5986864,,135.78082232613332,23606.0,3.373913043478261
1313.7986862,,167.78589061846634,44249.0,3.3353293413173652
1313.998686,,179.8918201593701,23343.0,3.3333333333333335
1314.1986858,,184.28618774287156,44314.0,3.3696969696969696
1314.3986856,,185.07273852001407,24177.0,3.2333333333333334
1314.5986854,3.8076781439882157,87.84030759542507,21724.0,2.0327868852459017
1314.7986852,3.5483900185679995,73.00436001361925,22081.0,3.235294117647059
1314.998685,2.952407279428703,5.286374830763804,21705.0,3.310344827586207
1315.1986848,2.595730918499353,3.3817802166789184,21644.0,3.347826086956522
1315.3986846,2.400211679168009,0.7414339568499968,21731.0,3.3189655172413794
1315.5986844,2.499259327840015,1.7381738167304923,21602.0,3.347826086956522
1315.7986842,2.2978850163836757,73.71958486436077,20142.0,2.0869565217391304
1315.998684,2.5670217693376562,74.20948139067204,21590.0,3.347826086956522
1316.1986838,,200.18281066541408,44279.0,3.5060240963855422
1316.3986836,,249.47891519257655,20029.0,2.0956521739130434
1316.5986834,,246.10250778340736,41809.0,3.432098765432099
1316.7986832,,246.20275533255042,20033.0,2.0956521739130434
1316.998683,2.586931317534666,75.56071881350032,21563.0,3.347826086956522
1317.1986828,,192.4314250822352,41772.0,3.432098765432099
1317.3986826,,20.571091360248406,44096.0,3.515151515151515
1317.5986824,,200.36618493269984,21354.0,3.356521739130435
1317.7986822,2.2762480635650393,72.72682864279133,20011.0,2.2280701754385963
1317.998682,2.254396072341065,1.968283519880239,19961.0,2.1228070175438596
1318.1986818,2.521156263091747,74.48276903655635,21483.0,3.356521739130435
1318.3986816,,192.58866082830772,41786.0,3.432098765432099
1318.5986814,,191.55624534220905,21299.0,3.356521739130435
1318.7986812,2.303749811756438,74.4392968871567,19921.0,2.0956521739130434
1318.998681,,241.55403080193645,45367.0,3.3976608187134505
1319.1986808,,247.66769323986136,20652.0,2.0
1319.3986806,3.132966168371361,72.653505782718,21607.0,3.2711864406779663
1319.5986804,3.953502276594766,8.8184302722658,21743.0,3.2
1319.7986802,,4.44010396157765,20994.0,3.282051282051282
1319.99868,,66.80522831034331,20091.0,2.0598290598290596
1320.1986798,2.4907797153738223,2.125060173505011,19956.0,2.0598290598290596
1320.3986796,2.4123909576962763,75.13036847375389,21322.0,3.3189655172413794
1320.5986794,4.645085459620941,65.17173923030114,20419.0,2.0252100840336134
1320.7986792,5.447155997747325,27.136060732641237,21308.0,2.1260504201680672
1320.998679,2.7081774705241726,4.0228591918718735,21119.0,2.1092436974789917
1321.1986788,,237.9452777666888,42985.0,3.2705882352941176
1321.3986786,,185.54513226812196,24149.0,2.952755905511811
1321.5986784,,190.96047868840898,42744.0,3.3233532934131738
1321.7986782,,232.42163541977015,20690.0,1.975
1321.998678,3.290132960111966,65.6209949738713,21435.0,3.152542372881356
1322.1986778,2.700861579246355,4.920265245521325,21124.0,3.1623931623931623
1322.3986776,4.5890931257619805,16.83675008294468,21326.0,3.1186440677966103
1322.5986774,,189.1675930414568,40777.0,3.3902439024390243
1322.7986772,,183.70255203018613,21027.0,3.163793103448276
1322.998677,2.388756437154301,1.7063458777748142,20972.0,3.1913043478260867
1323.1986768,2.3680718002577934,0.8535319779450418,20947.0,3.1913043478260867
1323.3986766,,181.00447170442675,41309.0,3.4049079754601226
1323.5986764,,174.50166175297633,21191.0,3.1551724137931036
1323.7986762,2.5339695738448453,1.2390139436410568,21166.0,3.1826086956521737
1323.998676,2.4579975348440315,1.2470945649609246,21094.0,3.210526315789474
1324.1986758,6.418805002315887,15.33412986291443,21590.0,3.0166666666666666
1324.3986756,7.68212478920742,27.389638242705256,21348.0,2.748031496062992
1324.5986754,,202.05432582649388,38839.0,3.3433734939759034
1324.7986752,,179.32081748769713,18960.0,2.864406779661017
1324.9986749999998,3.564485370239198,4.40368537557817,18353.0,2.9304347826086956
1325.1986748,2.965876357190339,2.904171818007614,18052.0,2.9473684210526314
1325.3986745999998,2.8976324689966177,5.398619598565293,17740.0,3.0
1325.5986744,,185.891736654488,37016.0,3.49685534591195
1325.7986741999998,,182.67103773954452,17590.0,3.036036036036036
1325.998674,2.4401077487391105,3.3895138547238375,17448.0,3.0727272727272728
1326.1986737999998,,184.5238731107329,36974.0,3.5414012738853504
1326.3986736,,181.98270725668775,17367.0,3.1009174311926606
1326.5986733999998,,183.96302992383048,36844.0,3.5641025641025643
1326.7986732,,190.17305397326427,17658.0,3.0089285714285716
1326.9986729999998,,188.31616529798,36995.0,3.5414012738853504
1327.1986728,,184.45710256801542,17499.0,3.0636363636363635
1327.3986725999998,2.3366653338664536,0.7396295860513354,17507.0,3.0727272727272728
1327.5986724,,189.12119407500379,36080.0,2.949044585987261
1327.7986721999998,,187.94463386552513,17401.0,3.1009174311926606
1327.998672,2.338130324660373,1.0318954693962004,17372.0,3.1009174311926606
1328.1986717999998,2.227047289504037,1.3154272474689361,17340.0,3.1009174311926606
1328.3986716,2.2734235531241,0.5010622617582136,17365.0,3.0727272727272728
1328.5986713999998,,181.04246204169704,37141.0,3.49685534591195
1328.7986712,,188.5254867491891,17007.0,3.1296296296296298
1328.9986709999998,,7.62247944683712,17321.0,3.1009174311926606
1329.1986708,2.329617650456278,0.32616259363218664,17314.0,3.1009174311926606
1329.3986705999998,4.760767198805559,8.814921134093808,17414.0,3.0
1329.5986704,,196.58803656804207,35793.0,2.967948717948718
1329.7986701999998,4.060618787624247,24.371031330506675,35715.0,3.5641025641025643
1329.99867,4.897176128093158,22.87177166658438,34350.0,3.587096774193548
1330.1986697999998,,203.78700317000218,16828.0,2.9243697478991595
1330.3986696,,193.3628094251008,39216.0,3.197802197802198
1330.5986693999998,,200.43416857602207,14742.0,2.5945945945945947
1330.7986692,9.310459987397605,34.01180287117988,15870.0,2.725663716814159
1330.9986689999998,11.367696734642813,58.527801212538535,15986.0,3.150943396226415
1331.1986688,19.622835150737654,108.51630743473439,15590.0,3.6
1331.3986685999998,6.856642712364105,7.255198011076905,16281.0,3.686868686868687
1331.5986684,7.04743381328379,33.79506394106313,17224.0,3.801980198019802
1331.7986681999998,,174.43182696646443,41073.0,3.6835443037974684
1331.998668,,270.34674631831155,17902.0,2.25
1332.1986677999998,,272.9881855277534,41150.0,3.847682119205298
1332.3986676,,244.88724158178832,15656.0,2.3195876288659796
1332.5986673999998,,252.64876147779924,40222.0,3.88
1332.7986672,3.3501499250374813,7.8029760241690305,40020.0,3.9591836734693877
1332.9986669999998,3.4243940072669354,4.856331359180963,40182.0,3.9324324324324325
1333.1986668,,256.5658930060121,15512.0,2.3645833333333335
1333.3986665999998,2.9702334630350196,3.3310403043301786,15420.0,2.4
1333.5986664,2.5572583800704316,1.8769885832473927,15334.0,2.4148936170212765
1333.7986661999998,2.4852643272560937,1.3078392768622322,15303.0,2.4361702127659575
1333.998666,2.6005897771952817,2.4026842262998955,15260.0,2.425531914893617
1334.1986657999998,2.402071316203461,0.6825169780404661,15256.0,2.4574468085106385
1334.3986656,,257.6423507990581,39693.0,4.041666666666667
1334.5986653999998,,256.6497179980558,15143.0,2.4838709677419355
1334.7986652,,257.91304474482683,39569.0,4.041666666666667
1334.9986649999998,2.3065208606929994,0.6748616438802151,39596.0,4.06993006993007
1335.1986648,,189.70070204181891,16739.0,4.301075268817204
1335.3986645999998,,190.9767410938541,39525.0,4.055944055944056
1335.5986644,,189.32406629910253,16714.0,4.290322580645161
1335.7986641999998,2.461175204734294,2.530556995776334,16729.0,4.3478260869565215
1335.998664,,190.34666264680988,39571.0,4.06993006993007
1336.1986637999998,,255.30039448818962,14872.0,2.5
1336.3986636,,255.26947430540943,39529.0,4.062937062937063
1336.5986633999999,,189.7638297880274,16599.0,4.336956521739131
1336.7986632,4.4831168831168835,121.01868635941604,15400.0,2.4946236559139785
1336.9986629999999,6.764171956788061,111.96320505391277,17958.0,4.051546391752577
1337.1986628,3.067326392861229,15.637761245978822,17482.0,4.020618556701031
1337.3986625999999,,102.76234661256281,15478.0,2.3125
1337.5986624,,104.54374905784152,17372.0,4.105263157894737
1337.7986621999999,2.612459359033906,1.878845607282331,17224.0,4.148936170212766
1337.998662,2.4509690296825704,100.00114592218462,15531.0,2.4408602150537635
1338.1986617999999,,253.26116263528155,39686.0,4.034722222222222
1338.3986616,2.3018118325826205,2.490751584096254,39518.0,4.034722222222222
1338.5986613999999,,186.90780851961134,16852.0,4.182795698924731
1338.7986612,2.4490889603429795,1.2364641308570574,16794.0,4.172043010752688
1338.9986609999999,2.43110964332893,102.60240787946994,15140.0,2.4193548387096775
1339.1986608,2.56627226006932,104.77788076131529,16734.0,4.172043010752688
1339.3986605999999,2.447704996414057,0.6827372535318745,16732.0,4.172043010752688
1339.5986604,2.4678813672030855,104.02493632739632,15038.0,2.4086021505376345
1339.7986601999999,2.5431065407150544,106.02396205595235,16726.0,4.217391304347826
1339.99866,,187.67503567202144,39405.0,4.06993006993007
1340.1986597999999,,188.79811943530996,16682.0,4.206521739130435
1340.3986596,2.6575870796673495,3.9734939619625016,16594.0,4.206521739130435
1340.5986593999999,2.4669683257918553,1.3165591496834372,16575.0,4.206521739130435
1340.7986592,2.5078110863140117,1.3879217085986606,16579.0,4.217391304347826
1340.9986589999999,2.680872867562843,3.0109521560568875,16589.0,4.217391304347826
1341.1986588,,189.28992506116504,39216.0,4.098591549295775
1341.3986585999999,2.296408635587388,2.320308164587746,39233.0,4.076923076923077
1341.5986584,2.254878017756748,0.6473585019015684,39309.0,4.091549295774648
1341.7986581999999,,187.34398644639506,16540.0,4.206521739130435
1341.998658,2.4970657632040654,1.4121725929784488,16529.0,4.206521739130435
1342.1986577999999,,186.43117881547354,39245.0,4.06993006993007
1342.3986576,,196.31254470645968,17330.0,4.03125
1342.5986573999999,3.9684782608695652,9.850187255196856,17480.0,3.948453608247423
1342.7986572,6.303115668488365,24.955400802981533,17749.0,3.742574257425743
1342.9986569999999,,192.72052909204197,39690.0,3.8609271523178808
1343.1986568,,278.8591293146294,13945.0,2.1473684210526316
1343.3986565999999,7.009308600337268,33.7373600195733,14825.0,2.294736842105263
1343.5986564,5.251405045092145,14.780174130967255,15302.0,2.2061855670103094
1343.7986561999999,10.852514696276943,61.658046224443005,15310.0,1.9705882352941178
1343.998656,5.919444626367149,25.28622433831266,15269.0,1.9801980198019802
1344.1986557999999,4.080112853487304,2.038728557466471,15241.0,1.9702970297029703
1344.3986556,9.789725943222317,26.865677583101053,16274.0,1.9326923076923077
1344.5986553999999,9.628412317099803,136.65617751909306,18316.0,3.240740740740741
1344.7986552,5.285985174969833,19.580514943380738,17403.0,3.436893203883495
1344.9986549999999,7.792277109089919,16.88980881684576,18361.0,3.3904761904761904
1345.1986548,4.704648292883587,13.226603777122941,17017.0,3.4554455445544554
1345.3986545999999,13.156796769851951,20.046245644412803,19318.0,3.2844036697247705
1345.5986544,3.77906535983105,14.69742565671479,18467.0,3.3904761904761904
1345.7986541999999,4.321318112804364,5.209868086856483,17783.0,3.419047619047619
1345.998654,4.147011398387545,0.8327412031122754,17985.0,3.3962264150943398
1346.1986537999999,2.9636657022034276,3.546173960840188,17972.0,3.4285714285714284
1346.3986536,2.9687570240503485,2.4480896450827414,17796.0,3.4095238095238094
1346.5986533999999,3.069155446756426,1.2929216687517322,17974.0,3.4615384615384617
1346.7986532,6.16845407872219,40.29593299642369,17530.0,3.1481481481481484
1346.9986529999999,4.569674439562915,1.9815609325277346,17754.0,3.238095238095238
1347.1986528,5.080979610697164,16.9425653091479,17313.0,3.177570093457944
1347.3986525999999,7.700811923034145,27.041654829132476,17982.0,3.177570093457944
1347.5986524,3.88576035008925,7.049180787580525,17367.0,3.201923076923077
1347.7986521999999,2.6911747584119223,6.52746596306242,17178.0,3.2549019607843137
1347.998652,3.807721735036196,7.757414523966806,16991.0,3.37
1348.1986517999999,3.933186446733758,4.954330366297665,16793.0,3.37
1348.3986516,3.576734493748468,6.4011089483562165,16316.0,3.438775510204082
1348.5986513999999,8.055023237133513,11.008843269769988,17429.0,3.378640776699029
1348.7986512,3.671105799328439,0.2278425857665985,17571.0,3.3333333333333335
1348.9986509999999,10.007680730707353,24.043818056472986,19269.0,3.0434782608695654
1349.1986508,4.858900259822896,21.092388728324988,18859.0,2.793388429752066
1349.3986505999999,6.060559556132688,30.788038585110684,16942.0,3.2037037037037037
1349.5986504,4.195567144719687,16.0114787835737,16874.0,3.2523364485981308
1349.7986501999999,2.8262520769048183,3.8819146489794023,16852.0,3.2523364485981308
1349.99865,2.706228106631835,2.0617381035987252,16843.0,3.3333333333333335
1350.1986497999999,3.6233959125475286,5.525272309406137,16832.0,3.339622641509434
1350.3986496,2.9560380405526647,4.282246161107714,16719.0,3.3714285714285714
1350.5986493999999,2.7423276324414516,4.887724442819672,16781.0,3.3904761904761904
1350.7986492,2.6587680589977634,4.390984461997423,16543.0,3.4134615384615383
1350.998649,3.5932263603528924,7.1614521321260085,16889.0,3.317757009345794
1351.1986488,3.124338306063523,5.104657027641493,16624.0,3.4
1351.3986486,,179.82292875760547,36112.0,3.6821192052980134
1351.5986484,2.2294812590305124,34.109637965781424,35297.0,3.066225165562914
1351.7986482,2.322090313990902,33.068082865579136,36052.0,3.7066666666666666
1351.998648,2.237302248126561,0.6317939116868628,36030.0,3.7066666666666666
1352.1986478,,178.662419229791,16463.0,3.423076923076923
1352.3986476,2.444775031878074,0.25170868329873974,16469.0,3.4563106796116503
1352.5986474,2.3354948184958486,1.2584046545669945,16501.0,3.4563106796116503
1352.7986472,,180.1831651596261,35345.0,3.0866666666666664
1352.998647,,181.4184726701396,16458.0,3.4134615384615383
1353.1986468,2.340357056108817,0.6948527908004148,16468.0,3.423076923076923
1353.3986466,2.348026156454347,0.13550735983111353,16516.0,3.4563106796116503
1353.5986464,2.3754682779456195,0.651216266406707,16550.0,3.4326923076923075
1353.7986462,2.4982111454732885,0.9143612549046366,16491.0,3.4563106796116503
1353.998646,,179.08076712178934,36010.0,3.7066666666666666
1354.1986458,2.207110938410725,0.3356374762120359,36029.0,3.7066666666666666
1354.3986456,2.2169483998112525,1.2902681014457344,36027.0,3.7066666666666666
1354.5986454,,177.3882803240171,16436.0,3.4563106796116503
1354.7986452,,177.27793161950598,36023.0,3.7066666666666666
1354.998645,,177.4091237709209,16381.0,3.4563106796116503
1355.1986448,2.3636474683930864,0.2375887554124349,16373.0,3.4466019417475726
1355.3986446,2.468075980392157,1.956031947108194,16320.0,3.4563106796116503
1355.5986444,,177.52811464587342,35923.0,3.7315436241610738
1355.7986442,,177.40734665417634,16346.0,3.4901960784313726
1355.998644,2.385546588407924,0.40775067528976433,16356.0,3.436893203883495
1356.1986438,2.399841017488076,1.0457925968476143,16354.0,3.480392156862745
1356.3986436,2.366828310109877,1.4455358183226943,16291.0,3.480392156862745
1356.5986434,2.3781115879828327,0.35838903549601653,16310.0,3.4705882352941178
1356.7986432,2.4531716531594663,2.0699908651881858,16411.0,3.436893203883495
1356.998643,2.508798822735913,3.0004103634983013,16309.0,3.4705882352941178
1357.1986428,2.345289276501658,1.5478699105267237,16282.0,3.4607843137254903
1357.3986426,2.479789538842464,1.6697297511134663,16155.0,3.4607843137254903
1357.5986424,2.3642941067342775,0.6428131076243169,16171.0,3.4607843137254903
1357.7986422,2.5788760167611535,1.0769715675614,16228.0,3.4607843137254903
1357.998642,2.6453499107527545,3.2490144050662497,16247.0,3.4705882352941178
1358.1986418,2.445666871542717,0.36556832962125807,16270.0,3.480392156862745
1358.3986416,2.370947861456921,0.43097870221466894,16226.0,3.4705882352941178
1358.5986414,,176.86300467124846,35902.0,3.7567567567567566
1358.7986412,,177.08668247322595,16210.0,3.4705882352941178
1358.998641,2.5456894960310135,0.6687506524433591,16251.0,3.4705882352941178
1359.1986408,,178.02073164642798,35834.0,3.7567567567567566
1359.3986406,,175.80577051263649,16102.0,3.514851485148515
1359.5986404,2.38037801541905,1.1488689596154806,16084.0,3.504950495049505
1359.7986402,2.316576677217154,2.1732945248344326,16113.0,3.504950495049505
1359.99864,2.436541316180109,1.8688907905721999,16168.0,3.504950495049505
1360.1986398,2.388365753933837,1.1648680289515823,16142.0,3.504950495049505
1360.3986396,2.465353303088683,2.2431581499115314,16091.0,3.54
1360.5986394,2.3540699473847106,0.9058183072650473,16155.0,3.514851485148515
1360.7986392,2.322678748758689,0.5907866128159228,16112.0,3.504950495049505
1360.998639,2.5070117995922656,1.6272237231285422,16187.0,3.504950495049505
1361.1986388,,177.21435734743622,35806.0,3.7567567567567566
1361.3986386,,175.940640608847,16111.0,3.504950495049505
1361.5986384,2.392685813967977,0.6404030099176707,16051.0,3.504950495049505
1361.7986382,,176.70460905552682,35748.0,3.7567567567567566
1361.998638,2.2667841557569655,0.4106863389619314,35748.0,3.7567567567567566
1362.1986378,,176.84994511444904,16104.0,3.504950495049505
1362.3986376,6.413562729100153,12.511749083910159,16914.0,3.308411214953271
1362.5986374,5.579827089337176,5.8583965914133795,17350.0,3.30188679245283
1362.7986372,3.414072445318829,7.895601532431865,17282.0,3.2616822429906542
1362.998637,3.9204558806250733,10.948832528261216,17022.0,3.394230769230769
1363.1986368,,192.32332773933416,39132.0,3.779220779220779
1363.3986366,,192.6629477103922,17393.0,3.4571428571428573
1363.5986364,2.9137860682016905,4.035333706810515,17155.0,3.533980582524272
1363.7986362,2.582145143455741,1.0239664528437589,17183.0,3.5242718446601944
1363.998636,,191.02603739126792,39302.0,3.8223684210526314
1364.1986358,,189.52246855020266,17135.0,3.533980582524272
1364.3986356,2.362269669494004,1.290115603071195,17095.0,3.5686274509803924
1364.5986354,2.35890073831009,0.9275922398943006,17066.0,3.5686274509803924
1364.7986352,2.4009729793095365,1.9327641444834585,17061.0,3.533980582524272
1364.998635,2.3885316810848725,1.0003185977742424,17108.0,3.533980582524272
1365.1986348,2.5336040489642184,2.001089010276628,16992.0,3.5686274509803924
1365.3986346,2.3392269736842106,0.6058326976244514,17024.0,3.5686274509803924
1365.5986344,,189.130819826827,39105.0,3.8223684210526314
1365.7986342,,189.36862311008665,16952.0,3.5686274509803924
1365.998634,2.332921883265738,1.99207082361249,17013.0,3.5686274509803924
1366.1986338,2.3471288763117557,0.7451210652308279,16962.0,3.5588235294117645
1366.3986336,2.467790594498669,1.5365226492647832,16905.0,3.603960396039604
1366.5986334,2.3495901397652887,0.21581661223849108,16957.0,3.5686274509803924
1366.7986332,2.4258888627266306,2.4085608920519967,16988.0,3.5242718446601944
1366.998633,2.3641281975889443,1.4894099071524707,17005.0,3.533980582524272
1367.1986328,2.3626282883095433,0.4278048126883428,16954.0,3.5686274509803924
1367.3986326,3.5313517674225827,8.90633065111779,16889.0,3.495145631067961
1367.5986324,11.653590891922516,22.377264860555343,18533.0,3.256880733944954
1367.7986322,4.465268146093389,27.635749896504922,17304.0,3.3714285714285714
1367.998632,5.676731101331402,7.737576347538951,17951.0,3.185185185185185
1368.1986318,4.84117166530517,20.57566525861715,17138.0,3.303921568627451
1368.3986316,3.1737014961683494,13.10380944822399,16442.0,3.3069306930693068
1368.5986314,3.2882734164832477,3.771334900607681,16356.0,3.36
1368.7986311999998,5.332071901608326,10.89639893414588,16912.0,3.33
1368.998631,5.8748713256319345,19.079633678534336,17486.0,3.3980582524271843
1369.1986307999998,7.087218928590504,17.807527550424556,18723.0,3.289719626168224
1369.3986306,4.964362794125388,3.265703477711599,18997.0,3.171171171171171
1369.5986303999998,3.3111123029067895,7.961476966697805,18646.0,3.061946902654867
1369.7986302,4.097697858206391,9.976854103673192,17462.0,3.109090909090909
1369.9986299999998,3.166685727355901,7.844725644550088,17488.0,3.054054054054054
1370.1986298,3.283478852477605,5.7467131154478865,17638.0,3.0
1370.3986295999998,2.648799585468363,1.8339149480461598,17369.0,3.027027027027027
1370.5986294,3.096234067207416,5.9547253320523295,17260.0,3.091743119266055
1370.7986291999998,3.0733961153619775,4.7039577227022304,16990.0,3.1869158878504673
1370.998629,2.793444942230606,3.166338295811316,16964.0,3.2242990654205608
1371.1986287999998,6.568117392029348,18.532761990187574,17991.0,3.1545454545454548
1371.3986286,2.9807681525091114,2.1719057052979416,17835.0,3.099099099099099
1371.5986283999998,3.042860457023547,14.386408635268923,17242.0,3.1
1371.7986282,,186.89523168521384,36079.0,3.616883116883117
1371.9986279999998,,179.17710793736765,16620.0,3.177570093457944
1372.1986278,,179.8247376589927,36014.0,3.651315789473684
1372.3986275999998,,177.83334491339048,16441.0,3.238095238095238
1372.5986274,2.494741347682524,1.7138948016664601,16354.0,3.257142857142857
1372.7986271999998,2.5826791123199606,3.8620199174167253,16177.0,3.269230769230769
1372.998627,2.412302371541502,0.5425819367726115,16192.0,3.2788461538461537
1373.1986267999998,2.4115175481957487,2.0692008929275327,16184.0,3.2788461538461537
1373.3986266,,6.50175491078721,15818.0,3.3300970873786406
1373.5986263999998,,182.68828134692598,35652.0,3.7218543046357615
1373.7986262,2.2280843453428334,37.22008447942388,34667.0,3.0866666666666664
1373.9986259999998,,178.89290353229413,15991.0,3.320388349514563
1374.1986258,2.331190312714562,0.7675460394126096,16021.0,3.3106796116504853
1374.3986255999998,2.3427447061028173,1.046406352399945,16009.0,3.3106796116504853
1374.5986254,2.3586357947434293,0.909034113995607,15980.0,3.3106796116504853
1374.7986251999998,2.2969024329069474,2.0451809689462555,15948.0,3.3106796116504853
1374.998625,2.28545465939713,0.6210495159735359,15957.0,3.3106796116504853
1375.1986247999998,2.3096012001500186,0.29859138976022687,15998.0,3.320388349514563
1375.3986246,2.387901914174903,2.31452892575412,15986.0,3.320388349514563
1375.5986243999998,2.340409543490513,2.1579308806807527,15969.0,3.320388349514563
1375.7986242,,177.31090520562486,35418.0,3.7066666666666666
1375.9986239999998,,249.62767563934295,62686.0,3.195876288659794
1376.1986238,,398.27484554505384,18212.0,2.982300884955752
1376.3986235999998,7.629898027848232,27.392712925335754,19319.0,3.0
1376.5986234,6.5195048577205705,8.073889398928053,20277.0,2.948717948717949
1376.7986231999998,3.153278204370939,8.373647548379418,20316.0,2.865546218487395
1376.998623,3.8500938181449365,26.857588227479432,19719.0,2.7916666666666665
1377.1986227999998,6.733928102860141,33.56578002578549,19055.0,2.973684210526316
1377.3986226,,185.52252160008814,41427.0,3.383720930232558
1377.5986223999998,,31.86523630324466,38987.0,3.3
1377.7986222,,191.4016354647315,19895.0,2.661290322580645
1377.9986219999998,3.5121216609884955,7.094774390159329,20253.0,2.590551181102362
1378.1986218,,204.5107110664726,41591.0,3.269662921348315
1378.3986215999998,,57.98233194303228,38325.0,2.6666666666666665
1378.5986214,,194.75068261931293,20204.0,2.5669291338582676
1378.7986211999998,2.8909198989448655,1.0313327131330368,20187.0,2.5546875
1378.998621,3.0138068066028123,10.615682947781218,19628.0,2.5234375
1379.1986207999998,2.877628280554561,3.8448511594933534,19547.0,2.5511811023622046
1379.3986206,,206.87175981847443,40878.0,3.288135593220339
1379.5986203999998,,202.4072678549771,19489.0,2.6031746031746033
1379.7986202,2.8309521326519973,7.152722623050713,19178.0,2.5634920634920637
1379.9986199999998,3.827145085803432,10.609342738347028,19230.0,2.616
1380.1986198,,206.13241786066465,40569.0,3.3011363636363638
1380.3986195999998,,205.8578096002891,19205.0,2.5873015873015874
1380.5986194,,206.81258748463358,40430.0,3.2711864406779663
1380.7986191999998,,208.38751781494673,19152.0,2.5634920634920637
1380.998619,3.127946127946128,4.139671466398469,19305.0,2.5511811023622046
1381.1986187999998,3.0506591537316607,9.820854903386062,18812.0,2.6129032258064515
1381.3986186,,86.89298334560768,23426.0,2.347826086956522
1381.5986183999999,,138.76377358022773,37603.0,3.2705882352941176
1381.7986182,,193.3119329261695,18928.0,2.620967741935484
1381.9986179999999,2.917146392640017,7.862061553137854,18587.0,2.6422764227642275
1382.1986178,3.0975178255508498,3.1133192948107054,18653.0,2.6341463414634148
1382.3986175999999,3.4066235864297254,3.7587993146666143,18570.0,2.680327868852459
1382.5986174,,206.99701629337073,39774.0,3.383720930232558
1382.7986171999999,,202.22636421549433,18013.0,2.691666666666667
1382.998617,2.714931874022783,3.8656095197559854,17908.0,2.683333333333333
1383.1986167999999,3.196160035514122,4.7800269060579765,18021.0,2.73109243697479
1383.3986166,6.5576822508105845,18.28757383026547,19122.0,2.7131147540983607
1383.5986163999999,,390.17685120348284,64902.0,2.9245283018867925
1383.7986162,,220.39554817319788,39843.0,3.429411764705882
1383.9986159999999,,201.76757103523803,18399.0,2.8135593220338984
1384.1986158,,379.75377656469686,65205.0,2.938388625592417
1384.3986155999999,,381.1265503437275,18403.0,2.773109243697479
1384.5986154,5.056888462358712,9.710146178797109,18756.0,2.831932773109244
1384.7986151999999,,202.2849907963499,41206.0,3.4642857142857144
1384.998615,,187.69052725524105,18959.0,3.3394495412844036
1385.1986147999999,5.161980096963511,15.634159963507424,19595.0,3.3944954128440368
1385.3986146,4.358317798004167,39.90148496937065,18238.0,3.27027027027027
1385.5986143999999,,186.91435084903353,37406.0,2.9056603773584904
1385.7986142,,181.9901233849207,18408.0,3.2882882882882885
1385.9986139999999,3.168689387642006,8.821194774089019,18045.0,3.330275229357798
1386.1986138,3.2939574468085104,10.9594578115746,17625.0,3.383177570093458
1386.3986135999999,3.3042630099259855,6.045137749582179,17429.0,3.4339622641509435
1386.5986134,2.7914849667202204,1.5660044437221792,17428.0,3.443396226415094
1386.7986131999999,3.487486335653875,4.367333301145809,17381.0,3.336448598130841
1386.998613,3.475515914655474,3.9949792423744284,17154.0,3.361904761904762
1387.1986127999999,2.7441426739713255,3.844619855807977,17158.0,3.4038461538461537
1387.3986126,,179.38652577954366,36672.0,3.6821192052980134
1387.5986123999999,,178.50345852002778,16870.0,3.4038461538461537
1387.7986122,2.549883852522485,1.5812712810041087,16789.0,3.436893203883495
1387.9986119999999,,186.04463204845436,35507.0,3.08
1388.1986118,,184.83371021314161,16677.0,3.4466019417475726
1388.3986115999999,2.7263394484266796,2.916684681286577,16462.0,3.4901960784313726
1388.5986114,,186.54257855367823,35328.0,3.1073825503355703
1388.7986111999999,,184.32454295413586,16446.0,3.4705882352941178
1388.998611,8.645447400920624,25.09403320384302,17814.0,3.349056603773585
1389.1986107999999,4.778136139874385,21.408898218580507,17673.0,3.2018348623853212
1389.3986106,5.33120984427747,8.946625278292323,18366.0,3.107142857142857
1389.5986103999999,2.787616990640749,5.635493279761585,18057.0,3.135135135135135
1389.7986102,,193.7863253988164,40396.0,3.5060240963855422
1389.9986099999999,,194.37677391048848,18289.0,3.1160714285714284
1390.1986098,4.09554690877648,6.100787768869455,18504.0,3.0085470085470085
1390.3986095999999,,133.86940721125276,30469.0,2.925675675675676
1390.5986094,,80.18324642047772,37983.0,3.46875
1390.7986091999999,,184.80609031814654,18584.0,3.0695652173913044
1390.998609,3.680754413202231,25.2010576909038,17391.0,3.1531531531531534
1391.1986087999999,3.5308619866284623,13.814537194841336,16752.0,3.25
1391.3986086,,186.10077394871203,35139.0,3.0065359477124183
1391.5986083999999,2.3758064516129034,36.00579619941751,35960.0,3.6103896103896105
1391.7986082,2.468638790035587,0.8715306794524516,35968.0,3.627450980392157
1391.9986079999999,,178.35266650768546,16148.0,3.295238095238095
1392.1986078,2.4279766343524734,1.5361482015295203,16092.0,3.3142857142857145
1392.3986075999999,,183.55307558316582,34853.0,3.0728476821192054
1392.5986074,2.2322980297685624,0.12406556979535294,34869.0,3.0728476821192054
1392.7986071999999,,231.77768159084582,19666.0,3.1565217391304348
1392.998607,4.715134492816247,20.026121644098815,18514.0,3.3363636363636364
1393.1986067999999,2.9033255574241847,5.504933990580086,18433.0,3.425925925925926
1393.3986066,,195.2383211978455,40513.0,3.7070063694267517
1393.5986063999999,,191.2667570061615,18264.0,3.435185185185185
1393.7986062,2.5136855852424227,0.7103094313253091,18377.0,3.467289719626168
1393.9986059999999,2.4495628415300548,3.3216424778148976,18300.0,3.467289719626168
1394.1986058,,191.71509192483924,40423.0,3.7070063694267517
1394.3986055999999,,190.24367466353746,18224.0,3.467289719626168
1394.5986054,2.3882488479262673,0.7086585617567627,18228.0,3.467289719626168
1394.7986051999999,2.3622280817402768,1.9135652150596014,18204.0,3.5
1394.998605,5.351493289480664,9.610983097087104,18851.0,3.3944954128440368
1395.1986047999999,3.726059902974056,8.964901362689206,18964.0,3.485981308411215
1395.3986046,5.864023573533351,23.405859024868345,18665.0,3.5
1395.5986043999999,3.0871962871962872,4.2643105231760945,18315.0,3.5046728971962615
1395.7986042,2.7758515646635282,2.722148512438138,18055.0,3.5046728971962615
1395.998604,3.401210121012101,2.9149891114155198,18180.0,3.514018691588785
1396.1986038,3.1798339655835943,4.079771466165535,18189.0,3.532710280373832
1396.3986036,3.133035861841018,0.930884641251748,18153.0,3.542056074766355
1396.5986034,2.6635141861622698,1.6692300027584768,18081.0,3.5754716981132075
1396.7986032,3.5627091827420436,101.53972669511761,16433.0,2.05607476635514
1396.998603,2.679596500027866,89.10641153607706,17943.0,3.5700934579439254
1397.1986028,2.3161755715857684,93.12512941978514,16358.0,2.05607476635514
1397.3986026,2.4665998105744054,92.58639498660729,17949.0,3.5794392523364484
1397.5986024,2.57968593384564,3.6922643871166465,17958.0,3.6132075471698113
1397.7986022,2.4674003668500917,1.1973187311484381,17991.0,3.6037735849056602
1397.998602,,181.7876842806262,41965.0,3.5925925925925926
1398.1986018,,182.21024601738134,18702.0,3.435185185185185
1398.3986016,4.1956864236431795,15.977472438579351,18407.0,3.388888888888889
1398.5986014,,195.74210997539325,40223.0,3.6835443037974684
1398.7986012,5.154277734221874,16.062242235495535,40816.0,3.7483870967741937
1398.998601,,198.7933223947252,18482.0,3.7403846153846154
1399.1986008,5.736340852130326,120.11855604502134,15960.0,2.329896907216495
1399.3986006,7.382590841214535,41.9209948872477,16072.0,2.4583333333333335
1399.5986004,7.1068707137414275,23.19259023606259,15748.0,2.303030303030303
1399.7986002,9.878882382892057,27.610763905230534,15712.0,2.099009900990099
1399.9986,7.318883457679444,27.078210424490866,15548.0,1.970873786407767
1400.1985998,5.158614707059923,16.91373318614011,14986.0,2.088235294117647
1400.3985996,10.085889570552148,40.76094126938836,14996.0,2.0792079207920793
1400.5985994,17.278362944162435,64.07734896420826,15760.0,1.7857142857142858
1400.7985992,,309.1653767802524,35537.0,3.7567567567567566
1400.998599,6.68210670784011,20.566052617980226,34974.0,3.6578947368421053
1401.1985988,,251.98902235879714,13665.0,1.6697247706422018
1401.3985986,8.10878566588873,8.013625781884858,13283.0,1.6542056074766356
1401.5985984,,264.32468540356757,34556.0,3.633986928104575
1401.7985982,,264.7358222821006,13494.0,1.6476190476190475
1401.998598,,270.61430076418077,34147.0,3.6821192052980134
1402.1985978,,264.3645667122521,13032.0,1.638095238095238
1402.3985976,2.8472849812361187,3.0976105079391436,13057.0,1.6538461538461537
1402.5985974,,268.2069702217047,33868.0,3.6821192052980134
1402.7985972,,264.06452110133597,12775.0,1.6538461538461537
1402.998597,2.9739962061334175,1.80401948051805,12652.0,1.6699029126213591
1403.1985968,3.0946685428392744,1.7344193424596164,12792.0,1.6699029126213591
1403.3985966,,266.26631172502215,33707.0,3.7466666666666666
1403.5985964,,267.427845839997,13020.0,1.6538461538461537
1403.7985962,,265.85935552101864,33823.0,3.7066666666666666
1403.998596,,263.3811379821256,12711.0,1.6699029126213591
1404.1985958,,264.80140003082556,33744.0,3.7066666666666666
1404.3985956,,191.50542343442746,14156.0,3.262135922330097
1404.5985954,2.57719032026196,117.85610124655855,12521.0,1.6862745098039216
1404.7985952,2.4821542383683877,0.13812213849942653,12552.0,1.6699029126213591
1404.998595,2.4794084910160596,0.31656466133863953,12578.0,1.6862745098039216
1405.1985948,2.5360371170306375,0.276176346990891,12501.0,1.696078431372549
1405.3985946,2.611467008327995,0.6550168924037914,12488.0,1.696078431372549
1405.5985944,3.5978806907378336,4.991694151635431,12740.0,1.6699029126213591
1405.7985942,,266.7404988914981,33628.0,3.75
1405.998594,2.400701942238482,1.272979793949138,33621.0,3.7315436241610738
1406.1985938,,264.5299674075726,12615.0,1.696078431372549
1406.3985936,,264.7048110246463,33647.0,3.7315436241610738
1406.5985934,2.5388171720204142,3.891466671422149,33310.0,3.7635135135135136
1406.7985932,,266.9355066408506,12549.0,1.696078431372549
1406.998593,,266.05228585395275,33442.0,3.7567567567567566
1407.1985928,2.328245414899337,1.2176847437017704,33478.0,3.7315436241610738
1407.3985926,2.452832456799399,2.37656065857421,33275.0,3.7567567567567566
1407.5985924,,267.006281344048,12480.0,1.696078431372549
1407.7985922,,266.4465606031018,33388.0,3.7972972972972974
1407.998592,,193.76211424475963,14167.0,3.303921568627451
1408.1985918,2.7284129281234923,119.20236742118975,12438.0,1.7227722772277227
1408.3985916,2.4829904422485014,0.609434841433421,12346.0,1.7058823529411764
1408.5985914,2.987448039775043,2.5436412225188927,12269.0,1.7128712871287128
1408.7985912,2.4478232512636557,0.46408710610478954,12266.0,1.7227722772277227
1408.998591,,266.2304385301023,33155.0,3.7823129251700682
1409.1985908,,266.72448436203854,12286.0,1.696078431372549
1409.3985906,,265.69176184373623,33277.0,3.7823129251700682
1409.5985904,2.324612695159443,1.110371011581093,33178.0,3.7567567567567566
1409.7985902,2.3312197613967607,1.425253807617143,33277.0,3.7837837837837838
1409.99859,,267.25428695733393,12499.0,1.7156862745098038
1410.1985898,,268.5712618281376,33142.0,3.82312925170068
1410.3985896,2.3311931030324953,0.6618821273000693,33174.0,3.816326530612245
1410.5985894,2.3191361366780967,0.9119059922586665,33246.0,3.7891156462585034
1410.7985892,2.4061234893693584,1.455422538209848,33347.0,3.7567567567567566
1410.998589,2.357909979485942,1.7907181350108823,33148.0,3.7823129251700682
1411.1985888,,267.6584417876174,12393.0,1.7227722772277227
1411.3985886,,267.9247039166786,33138.0,3.82312925170068
1411.5985884,,192.31922708508685,13811.0,3.38
1411.7985882,2.6576768587589146,123.02377888904746,12199.0,1.74
1411.998588,,265.48141240318546,33233.0,3.7823129251700682
1412.1985878,,265.2909093665522,12188.0,1.75
1412.3985876,2.7080116230801163,1.5203485096762153,12045.0,1.74
1412.5985874,2.6326078028747433,1.2003078325802112,12175.0,1.75
1412.7985872,2.4500164962058726,0.3971335743827606,12124.0,1.73
1412.9985869999998,2.6357282184655397,0.7295003911165692,12304.0,1.74
1413.1985868,2.9033463422735197,2.7612906247432645,12043.0,1.74
1413.3985865999998,2.498220640569395,0.4969596292628866,12083.0,1.75
1413.5985864,,265.85212189993905,33067.0,3.8493150684931505
1413.7985861999998,2.420146531190641,1.2236262643099673,33167.0,3.82312925170068
1413.998586,2.289372213519701,0.6760666836842667,33196.0,3.7891156462585034
1414.1985857999998,2.383780197243418,0.4242628950866933,33157.0,3.816326530612245
1414.3985856,2.746962351110313,3.6085172945451425,33414.0,3.7567567567567566
1414.5985853999998,2.4313567419085156,0.32066873712162397,33492.0,3.82312925170068
1414.7985852,,262.48437552624915,12097.0,1.73
1414.9985849999998,2.567687019152071,1.3067243784530531,12218.0,1.75
1415.1985848,9.584656513285807,9.70455602102585,12344.0,1.7087378640776698
1415.3985845999998,,250.21384920450961,34811.0,3.587096774193548
1415.5985844,,247.64630383681654,13246.0,1.7523809523809524
1415.7985841999998,,244.3318249397558,35253.0,3.6103896103896105
1415.998584,2.897035521880672,6.554496057852529,34711.0,3.6578947368421053
1416.1985837999998,2.309062049062049,1.1653339288953777,34650.0,3.664473684210526
1416.3985836,,252.1997721632064,13527.0,1.838095238095238
1416.5985833999998,,252.90584241524937,34651.0,3.7152317880794703
1416.7985832,,186.74738934304557,15234.0,3.4038461538461537
1416.9985829999998,2.566142666468931,109.65705659466047,13486.0,1.838095238095238
1417.1985828,2.489952718676123,1.0488021969051766,13536.0,1.8557692307692308
1417.3985825999998,,252.98690281063028,34630.0,3.6821192052980134
1417.5985824,2.286923746013337,1.5068195263996969,34490.0,3.6887417218543046
1417.7985821999998,2.3987495658214657,1.3518836843257966,34548.0,3.6821192052980134
1417.998582,2.282162852087141,0.9345991670363214,34473.0,3.7066666666666666
1418.1985817999998,2.4226735619564903,1.7348578678734563,34613.0,3.6821192052980134
1418.3985816,2.4386046511627906,2.341819247727815,34400.0,3.7333333333333334
1418.5985813999998,,253.4054712417632,13376.0,1.875
1418.7985812,2.8401307480870663,1.7460596078274895,13461.0,1.8461538461538463
1418.9985809999998,,253.01082315089695,34526.0,3.6821192052980134
1419.1985808,,251.75940639874278,13345.0,1.8365384615384615
1419.3985805999998,2.483726150392817,0.6590347527244629,13365.0,1.8653846153846154
1419.5985804,2.8506777275757353,2.2148467268106926,13501.0,1.9134615384615385
1419.7985801999998,2.6826307165201846,2.487118251728496,13426.0,1.8737864077669903
1419.99858,,254.1746132841824,34432.0,3.7066666666666666
1420.1985797999998,2.2596861064458214,0.2870363856195335,34534.0,3.7133333333333334
1420.3985796,2.4485053679428193,1.278063909901022,34557.0,3.6754966887417218
1420.5985793999998,2.4719702256338683,2.1766475731568957,34392.0,3.7133333333333334
1420.7985792,2.2985495450978113,0.7719800230926115,34403.0,3.7
1420.9985789999998,,186.3394968492108,15047.0,3.4563106796116503
1421.1985788,,185.02790647332952,34565.0,3.7066666666666666
1421.3985785999998,2.3710463699146884,1.6496599668116236,34462.0,3.7066666666666666
1421.5985784,2.28153703057784,0.6502587525036527,34404.0,3.7066666666666666
1421.7985781999998,2.2935950293246616,0.45903858955873644,34442.0,3.6821192052980134
1421.998578,,253.49744851261372,13393.0,1.8653846153846154
1422.1985777999998,2.4239707091085707,0.5123891504867525,13383.0,1.8653846153846154
1422.3985776,,253.26906707560008,34527.0,3.7133333333333334
1422.5985773999998,2.3383587013137332,0.2471628319802371,34558.0,3.7066666666666666
1422.7985772,2.4313816112539355,1.0191122799737011,34619.0,3.6821192052980134
1422.9985769999998,4.882379412178316,12.463304383030174,35555.0,3.587096774193548
1423.1985768,4.350323510298646,3.0927531895017197,35393.0,3.6493506493506493
1423.3985765999998,,247.3903888981628,14199.0,1.8240740740740742
1423.5985764,,246.4322189126581,35557.0,3.587096774193548
1423.7985761999998,,264.5323145767096,15292.0,1.8454545454545455
1423.998576,,261.3863874156481,35552.0,3.603896103896104
1424.1985757999998,5.461529792928581,0.6403167720704344,35495.0,3.5806451612903225
1424.3985756,,256.24160841952533,13846.0,1.6203703703703705
1424.5985753999998,11.99705600942077,7.601042324881745,13587.0,1.5675675675675675
1424.7985752,,272.32721023312973,34354.0,3.5961538461538463
1424.9985749999998,5.23821737736454,2.7750976591152847,34309.0,3.6103896103896105
1425.1985748,,271.0466069475521,13594.0,1.6181818181818182
1425.3985745999998,8.22599418040737,8.630605013950047,13403.0,1.688073394495413
1425.5985744,3.761239731142644,2.8361790731797023,13390.0,1.709090909090909
1425.7985741999998,,260.6366757021954,34460.0,3.587096774193548
1425.998574,,259.2395913540751,13410.0,1.7431192660550459
1426.1985737999998,,262.02990662374367,34290.0,3.6193548387096772
1426.3985736,,259.51874736334867,13271.0,1.7522935779816513
1426.5985733999999,,257.2635170268801,34530.0,3.5641025641025643
1426.7985732,2.539755663760679,2.993211776086949,34297.0,3.6258064516129034
1426.9985729999999,2.3996512134864116,1.5411768799526269,34405.0,3.587096774193548
1427.1985728,2.3621433988682106,2.005250931411455,34282.0,3.6493506493506493
1427.3985725999999,2.3725478679666394,2.380368571103611,34052.0,3.616883116883117
1427.5985724,2.3169781475188937,1.517803314898932,34138.0,3.6103896103896105
1427.7985721999999,,258.10463893655475,13053.0,1.7850467289719627
1427.998572,2.6025107825015406,1.6319708354368585,12984.0,1.7924528301886793
1428.1985717999999,,257.79555216914076,34107.0,3.627450980392157
1428.3985716,2.3076923076923075,0.5792221992078415,34073.0,3.6578947368421053
1428.5985713999999,2.3586953342109114,1.455277928067367,34185.0,3.6470588235294117
1428.7985712,,259.9773597166854,13152.0,1.8113207547169812
1428.9985709999999,,257.5803126679396,34335.0,3.6405228758169934
1429.1985708,,257.8787643423071,13208.0,1.7757009345794392
1429.3985705999999,,259.095029577564,34257.0,3.633986928104575
1429.5985704,2.3007937897624466,0.6212450235082457,34266.0,3.6578947368421053
1429.7985701999999,2.2925766745607112,0.39241941760137966,34203.0,3.633986928104575
1429.99857,,256.2845608324518,12972.0,1.838095238095238
1430.1985697999999,,258.79173563284655,34023.0,3.6578947368421053
1430.3985696,,257.84129977563407,12913.0,1.8
1430.5985693999999,,258.3930511819984,33976.0,3.6578947368421053
1430.7985692,2.4091575736243107,1.6344503026258241,34092.0,3.6578947368421053
1430.9985689999999,2.3647086438589286,0.5949021957455602,34082.0,3.6578947368421053
1431.1985688,2.5117600306143477,1.6613310052594727,33971.0,3.6578947368421053
1431.3985685999999,2.299007918984957,0.7591827921908986,33969.0,3.6907894736842106
1431.5985684,2.2827923128991436,0.18821505824204618,33979.0,3.6973684210526314
1431.7985681999999,,259.32508480865806,12953.0,1.7924528301886793
1431.998568,2.97380715325113,1.8076363549712844,13057.0,1.8018867924528301
1432.1985677999999,,259.460455218989,34132.0,3.6578947368421053
1432.3985676,2.4442255674467837,1.8320707125051872,34012.0,3.6578947368421053
1432.5985673999999,,257.92867533290024,12898.0,1.819047619047619
1432.7985672,,257.41845024548707,34015.0,3.6578947368421053
1432.9985669999999,2.311039342337052,0.5183329634033175,34060.0,3.6578947368421053
1433.1985668,2.396127328736981,0.42500657756300136,34085.0,3.6578947368421053
1433.3985665999999,,256.46534855601016,12867.0,1.8285714285714285
1433.5985664,2.363104980126257,0.1532679783754986,12831.0,1.8095238095238095
1433.7985661999999,,257.68682132389256,34023.0,3.651315789473684
1433.998566,2.3001886125191557,0.833608708553651,33932.0,3.6754966887417218
1434.1985657999999,2.328075802607186,1.9469791510673762,33983.0,3.6907894736842106
1434.3985656,2.398714109564911,1.710996046174981,34062.0,3.651315789473684
1434.5985653999999,2.4652447490472955,2.023392753488041,33851.0,3.6821192052980134
1434.7985652,2.3548017284458687,1.0166894796997608,34019.0,3.6973684210526314
1434.9985649999999,2.366688204887218,0.6845707622647018,34048.0,3.6578947368421053
1435.1985648,,256.3200615597334,12816.0,1.8095238095238095
1435.3985645999999,,257.95289087362437,33944.0,3.6821192052980134
1435.5985644,2.3556470588235294,1.086657748316244,34000.0,3.6821192052980134
1435.7985641999999,2.2950810032048454,0.5967520334215876,34011.0,3.6821192052980134
1435.998564,,257.0980272620964,12834.0,1.8095238095238095
1436.1985637999999,,257.3825990716722,33996.0,3.6578947368421053
1436.3985636,2.3528388656329224,1.4737764558688824,33922.0,3.6578947368421053
1436.5985633999999,2.3091798832616,0.12730879355269847,33922.0,3.6821192052980134
1436.7985632,2.3231457762859584,0.6213283204085427,33963.0,3.6887417218543046
1436.9985629999999,2.291133656815174,0.19560796969770342,34005.0,3.6821192052980134
1437.1985628,2.4071605520821047,1.0091718612300855,33908.0,3.6821192052980134
1437.3985625999999,,258.2005690428565,12820.0,1.8365384615384615
1437.5985624,,257.94320121856504,34012.0,3.6578947368421053
1437.7985621999999,2.2917883803959755,1.309716131892824,33891.0,3.6821192052980134
1437.998562,2.3685156273013814,0.800594313616139,33947.0,3.6887417218543046
1438.1985617999999,,259.6142275876925,12950.0,1.819047619047619
1438.3985616,2.962581852198316,2.7930379945337815,12828.0,1.819047619047619
1438.5985613999999,,256.8934905450331,33920.0,3.6578947368421053
1438.7985612,,259.06039791896774,12918.0,1.8095238095238095
1438.9985609999999,,260.3148615070954,33881.0,3.6821192052980134
1439.1985608,2.2950742399245816,1.135631054673277,33944.0,3.6887417218543046
1439.3985605999999,2.4402443680794197,1.073835728028717,34047.0,3.6821192052980134
1439.5985604,2.444635841644001,37.86108625444424,33090.0,3.039473684210526
1439.7985601999999,2.357719994123696,37.77057323217208,34035.0,3.6578947368421053
1439.99856,2.3714101133493863,0.8391670250588895,34054.0,3.6578947368421053
1440.1985597999999,,258.5883372792712,12998.0,1.838095238095238
1440.3985596,,261.4029783609233,33874.0,3.6887417218543046
1440.5985593999999,2.316741814752601,0.5040821657839318,33933.0,3.6887417218543046
1440.7985592,2.3131265479419745,0.6297919442568316,33916.0,3.6821192052980134
1440.998559,2.321432779545187,0.9899849365760883,33948.0,3.6821192052980134
1441.1985588,2.2700433130027404,0.9479632587972272,33939.0,3.664473684210526
1441.3985586,6.0235546038543895,35.008459512104544,34091.0,2.949044585987261
1441.5985584,,283.04883304615754,14330.0,1.7079646017699115
1441.7985582,,263.72836334778026,35213.0,3.535031847133758
1441.998558,,265.06394620443723,14838.0,1.6695652173913043
1442.1985578,7.6311882873680625,8.706775252924428,14685.0,1.7837837837837838
1442.3985576,,254.5330242288512,35780.0,3.518987341772152
1442.5985574,5.125568390431271,5.20345486297961,35407.0,3.5253164556962027
1442.7985572,,255.47345814595914,13788.0,1.7181818181818183
1442.998557,,263.07517210424,34704.0,3.5641025641025643
1443.1985568,2.3322186380989023,35.56388499813885,33791.0,2.9806451612903224
1443.3985566,,274.3306420071409,13454.0,1.75
1443.5985564,,257.0338429518526,34610.0,3.6258064516129034
1443.7985562,,256.8359594534906,13436.0,1.7407407407407407
1443.998556,,257.81307569993794,34575.0,3.642857142857143
1444.1985558,2.31912546093319,1.0996080280768548,34441.0,3.6103896103896105
1444.3985556,2.319945600277786,0.9227376908239877,34559.0,3.5935483870967744
1444.5985554,2.266139542966374,0.33494057099000724,34527.0,3.6103896103896105
1444.7985552,,256.98759163126135,13397.0,1.75
1444.998555,,257.2374599657812,34535.0,3.6103896103896105
1445.1985548,2.319802380677222,1.2159618285772475,34612.0,3.6103896103896105
1445.3985546,3.0870137676388927,4.025700958550677,34937.0,3.5806451612903225
1445.5985544,3.105943965887302,1.2644462964056127,34943.0,3.6258064516129034
1445.7985542,3.60504011112056,3.937103369811596,35277.0,3.5414012738853504
1445.998554,8.449184544658493,18.261533053454812,36544.0,3.518987341772152
1446.1985538,6.226025727826675,15.361704404042463,36925.0,3.5641025641025643
1446.3985536,,244.39577671680541,15002.0,2.0
1446.5985534,2.7147545287477026,3.560992349520766,15236.0,2.018348623853211
1446.7985532,2.5749446717188653,4.092294320611624,14911.0,2.0
1446.998553,2.381955591225254,0.2728367581719243,14952.0,2.0185185185185186
1447.1985528,,247.54272377224018,36613.0,3.5641025641025643
1447.3985526,2.4116988448619567,0.5947384631287047,36619.0,3.5641025641025643
1447.5985524,,246.56400240375922,14845.0,1.981651376146789
1447.7985522,2.4651397777029302,1.157452013503844,14845.0,1.963302752293578
1447.998552,2.450279781568125,0.7766857075486752,14833.0,1.981651376146789
1448.1985518,,247.21625389170902,36528.0,3.5641025641025643
1448.3985516,,247.28738026279626,14861.0,1.9724770642201834
1448.5985514,2.5039162727886564,0.3454581966715275,14810.0,1.944954128440367
1448.7985512,2.3827252419955323,0.7136420397614398,14773.0,1.944954128440367
1448.998551,2.4968131272036884,0.6816994594094511,14748.0,1.962962962962963
1449.1985508,2.5946482343279498,1.923202895803649,14612.0,1.962962962962963
1449.3985506,2.7440586261214985,1.7518736525127843,14601.0,1.97196261682243
1449.5985504,2.5275330396475773,1.7968711814887237,14528.0,1.9813084112149533
1449.7985502,,249.50411780728706,36104.0,3.603896103896104
1449.99855,,250.6181469553787,14594.0,1.97196261682243
1450.1985498,2.483025325119781,0.2607344504506281,14610.0,1.9813084112149533
1450.3985496,,251.1399502417863,36060.0,3.633986928104575
1450.5985494,,249.53194065864744,14491.0,1.97196261682243
1450.7985492,,247.98103771448856,36180.0,3.6493506493506493
1450.998549,3.9448272060849914,10.054932806234419,36286.0,3.5576923076923075
1451.1985488,,250.50054870510752,14744.0,1.9259259259259258
1451.3985486,,251.4472161836904,36167.0,3.5414012738853504
1451.5985484,2.8577532391865272,1.4902090448978809,36043.0,3.5806451612903225
1451.7985482,,248.7121182405989,14560.0,1.9166666666666667
1451.998548,,251.51548689378765,35845.0,3.6103896103896105
1452.1985478,2.3740885341907334,35.68828172557136,34834.0,3.012987012987013
1452.3985476,,268.1512447055253,14273.0,1.925233644859813
1452.5985474,,251.58169339660645,35539.0,3.6103896103896105
1452.7985472,2.2807718271827184,0.8749552408480682,35552.0,3.603896103896104
1452.998547,2.294696555494806,32.57547291523538,34751.0,3.0
1453.1985468,,268.2664710869343,14219.0,1.9439252336448598
1453.3985466,,250.6240109019093,35618.0,3.616883116883117
1453.5985464,,252.10238487787439,14184.0,1.9439252336448598
1453.7985462,2.4513938021791426,0.37319989028617395,14134.0,1.9345794392523366
1453.998546,2.444908949195777,0.8898772665243342,14113.0,1.9439252336448598
1454.1985458,,251.83377699981682,35481.0,3.627450980392157
1454.3985456,2.299321642694289,0.6206806406988779,35527.0,3.6578947368421053
1454.5985454,,250.90781660766575,14044.0,1.9439252336448598
1454.7985452,,251.0522365673751,35425.0,3.603896103896104
1454.998545,2.386747631497568,1.0834820202724689,35571.0,3.633986928104575
1455.1985448,2.4159062014408814,1.9396010286188938,35395.0,3.627450980392157
1455.3985446,2.278728813559322,1.0635976118842534,35400.0,3.6103896103896105
1455.5985444,2.3757737760270117,1.3046495639544047,35540.0,3.6103896103896105
1455.7985442,2.3940104534538778,2.5163430980486154,35395.0,3.6578947368421053
1455.998544,2.273194130925508,0.5781789581250607,35440.0,3.651315789473684
1456.1985438,2.2730893068971363,1.4808905707463793,35406.0,3.6103896103896105
1456.3985436,,249.98319569971522,13989.0,1.9439252336448598
1456.5985434,2.4235394577670246,0.9351844738873222,14053.0,1.9439252336448598
1456.7985432,,251.8602034164387,35421.0,3.6405228758169934
1456.998543,2.5868862595205306,3.7655156377808137,35581.0,3.633986928104575
1457.1985427999998,2.350631096618222,1.0988069971157466,35573.0,3.633986928104575
1457.3985426,2.418166502878001,1.8956665766522218,35615.0,3.633986928104575
1457.5985423999998,2.2987464984012904,1.2193476062886737,35341.0,3.6578947368421053
1457.7985422,2.261064948278786,0.8227483426689616,35382.0,3.6578947368421053
1457.9985419999998,2.2394207153544308,0.5912104858566044,35423.0,3.6578947368421053
1458.1985418,2.28771900222166,0.9023732170348925,35559.0,3.6578947368421053
1458.3985415999998,2.273782295637442,0.8562617115337298,35415.0,3.6578947368421053
1458.5985414,2.332900567299822,0.7085236710614841,35431.0,3.6578947368421053
1458.7985411999998,2.301380692887596,0.18182176573277967,35417.0,3.651315789473684
1458.998541,,251.516041361112,14020.0,1.9622641509433962
1459.1985407999998,,252.34199070114153,35469.0,3.664473684210526
1459.3985406,2.401492537313433,1.5708695507318247,35510.0,3.6578947368421053
1459.5985403999998,2.2908998675422034,1.3757251481628072,35483.0,3.6578947368421053
1459.7985402,2.2929367188825425,1.0330064939743546,35366.0,3.6578947368421053
1459.9985399999998,2.268032786885246,1.179745361063751,35380.0,3.6907894736842106
1460.1985398,,252.83185313491302,14058.0,1.9528301886792452
1460.3985395999998,2.4397633304818935,0.4241669907726187,14028.0,1.980952380952381
1460.5985394,,253.23746609977854,35365.0,3.6578947368421053
1460.7985391999998,2.2728249498119717,0.45959912380531776,35367.0,3.6578947368421053
1460.998539,5.171033458884337,14.978227994989885,36373.0,3.5641025641025643
1461.1985387999998,3.205995943430302,5.016890749906368,35991.0,3.587096774193548
1461.3985386,3.8143131845163447,2.27009438712484,35883.0,3.5641025641025643
1461.5985383999998,,253.59367801018735,14361.0,1.7027027027027026
1461.7985382,,261.1698390911315,35041.0,3.49685534591195
1461.9985379999998,3.6125458060420694,5.035126553206435,34657.0,3.518987341772152
1462.1985378,4.770754283086122,3.010250478449533,34788.0,3.535031847133758
1462.3985375999998,,268.1415324697939,14511.0,1.7747747747747749
1462.5985374,,259.2916777851697,35596.0,3.5414012738853504
1462.7985371999998,2.493022075615326,1.4168352020865846,35469.0,3.5477707006369426
1462.998537,2.44035191943195,1.4074420192751775,35349.0,3.5641025641025643
1463.1985367999998,2.2732991414241592,0.9950161973516441,35291.0,3.5961538461538463
1463.3985366,2.370281351618832,0.863735949571416,35365.0,3.5705128205128207
1463.5985363999998,2.405745468939972,1.0643716423306582,35367.0,3.587096774193548
1463.7985362,2.3610481586402265,1.6987559755139068,35300.0,3.5806451612903225
1463.9985359999998,2.3899758625585688,1.9387543108865763,35215.0,3.673202614379085
1464.1985358,2.283982167703098,0.8058277410988772,35217.0,3.642857142857143
1464.3985355999998,,256.0844639688453,14101.0,1.9065420560747663
1464.5985354,,257.0459133636906,35122.0,3.6103896103896105
1464.7985351999998,2.2482519470183617,0.7237649727181674,35182.0,3.633986928104575
1464.998535,2.265083202958327,1.3667350779903709,35155.0,3.633986928104575
1465.1985347999998,2.3426448484160973,1.1677648958601645,35261.0,3.6103896103896105
1465.3985346,2.318137895753993,1.2668446176565296,35186.0,3.6666666666666665
1465.5985343999998,2.333551415161428,1.3077487436550044,35155.0,3.633986928104575
1465.7985342,2.320623323249044,0.9814817562692374,35038.0,3.6578947368421053
1465.9985339999998,2.295480451384931,0.44231231065966575,35092.0,3.633986928104575
1466.1985338,3.093709413292676,4.184473937964067,35418.0,3.616883116883117
1466.3985335999998,4.532404335324044,9.03837610031246,36168.0,3.5477707006369426
1466.5985334,3.6517762828709626,2.3948748281864716,35974.0,3.6
1466.7985331999998,2.671672564152573,3.0010307563647203,35891.0,3.5641025641025643
1466.998533,,255.62198389563272,14685.0,1.8727272727272728
1467.1985327999998,,257.1596649860324,35799.0,3.587096774193548
1467.3985326,3.8990295556968673,6.677499166297305,36169.0,3.535031847133758
1467.5985323999998,3.672302806626041,35.75320044172671,34953.0,2.9870967741935486
1467.7985322,2.296448087431694,34.03625714781047,35868.0,3.587096774193548
1467.9985319999998,2.313326068125297,1.590226149082777,35787.0,3.5806451612903225
1468.1985318,2.319705412897987,1.4476736094829388,35711.0,3.587096774193548
1468.3985315999998,2.37392570196803,1.5285024522844932,35721.0,3.6103896103896105
1468.5985314,2.343032717885403,2.036811473273687,35638.0,3.6103896103896105
1468.7985311999998,2.3247149780105887,1.0988080782937637,35699.0,3.6103896103896105
1468.998531,2.4217126786431726,34.73053495309957,34846.0,3.0064935064935066
1469.1985307999998,2.505129430281908,33.15166508892264,35579.0,3.6103896103896105
1469.3985306,2.247423551275553,0.3542483029086173,35514.0,3.6103896103896105
1469.5985303999998,2.483349244679059,2.2321817224066596,35614.0,3.6103896103896105
1469.7985302,2.391921581882711,2.3726333601388254,35502.0,3.633986928104575
1469.9985299999998,,256.9776897566396,14338.0,1.9345794392523366
1470.1985298,,256.08471985329595,35547.0,3.616883116883117
1470.3985295999998,2.3903338400045038,0.892737141183368,35526.0,3.616883116883117
1470.5985294,2.4235896282130605,1.0549792023425852,35558.0,3.627450980392157
1470.7985291999998,2.27809818539879,0.6344610900853901,35545.0,3.6103896103896105
1470.998529,2.3477231072888762,1.4998224745933704,35465.0,3.6103896103896105
1471.1985287999998,2.2688919010504915,0.24384079889378138,35412.0,3.6103896103896105
1471.3985286,2.2592456872251665,0.7507857196899085,35476.0,3.6103896103896105
1471.5985283999999,2.2651690466783316,0.9720473134016238,35434.0,3.6103896103896105
1471.7985282,2.2766135792120705,33.61803170076843,34597.0,3.012987012987013
1471.9985279999999,2.2775815793191128,34.1066547981941,35395.0,3.6578947368421053
1472.1985278,2.243419750643182,0.14269233432014275,35371.0,3.633986928104575
1472.3985275999999,,257.890507812033,14277.0,1.9813084112149533
1472.5985274,,258.7086362616871,35362.0,3.6578947368421053
1472.7985271999999,,258.1497241068487,14206.0,1.9345794392523366
1472.998527,,257.46424789298726,35389.0,3.664473684210526
1473.1985267999999,2.4510688702126457,1.2469079245446282,35458.0,3.616883116883117
1473.3985266,2.3226543331735243,1.057943247616798,35459.0,3.627450980392157
1473.5985263999999,2.389082265047967,1.5286620487190083,35337.0,3.664473684210526
1473.7985262,2.250890081944052,0.4531415655619008,35390.0,3.651315789473684
1473.9985259999999,,258.16631582351835,14198.0,1.9439252336448598
1474.1985258,2.52929963287207,1.1963156498342487,14164.0,1.9811320754716981
1474.3985255999999,,257.9257905160013,35350.0,3.664473684210526
1474.5985254,2.2567618386415575,33.386432085038194,34569.0,3.039473684210526
1474.7985251999999,2.2803066738337057,34.8016008100569,35347.0,3.6578947368421053
1474.998525,2.2879326895928624,0.15524650527902953,35418.0,3.6405228758169934
1475.1985247999999,2.279202440126525,0.6727223600167894,35408.0,3.633986928104575
1475.3985246,2.3677939719824534,0.71941070983996,35335.0,3.651315789473684
1475.5985243999999,2.3566625226039783,1.9844572247046715,35392.0,3.633986928104575
1475.7985242,2.2876669773221496,0.36278730943923676,35409.0,3.633986928104575
1475.9985239999999,2.314671268530044,0.7974971689093479,35348.0,3.6578947368421053
1476.1985238,2.30178667193542,0.7167834099394299,35429.0,3.6578947368421053
1476.3985235999999,,257.0826284491131,14206.0,1.971698113207547
1476.5985234,,256.2732578616692,35509.0,3.6103896103896105
1476.7985231999999,2.4685765543533105,2.679439482444537,35674.0,3.6103896103896105
1476.998523,2.458728466416026,1.3851630574182083,35642.0,3.6405228758169934
1477.1985227999999,2.5127800568002523,32.75013441755106,34859.0,3.012987012987013
1477.3985226,2.3663650160193357,33.48562833194574,35582.0,3.6103896103896105
1477.5985223999999,2.2906031983003645,34.501874979551516,34831.0,3.012987012987013
1477.7985222,2.5961533069784393,35.01871098042128,35667.0,3.6103896103896105
1477.9985219999999,,256.8336924876015,14350.0,1.9345794392523366
1478.1985218,,255.7452787987826,35802.0,3.633986928104575
1478.3985215999999,2.8157440409890846,3.0904744143583196,35912.0,3.587096774193548
1478.5985214,3.5526387824373153,6.785503344882644,36532.0,3.5414012738853504
1478.7985211999999,,251.19881030372548,14791.0,1.9439252336448598
1478.998521,,255.6767686070654,36111.0,3.587096774193548
1479.1985207999999,,271.26676309894765,15969.0,1.9636363636363636
1479.3985206,,243.60311906171552,38253.0,3.490566037735849
1479.5985203999999,,255.0925812485628,16635.0,1.9035087719298245
1479.7985202,4.184109119823843,9.613600729246961,16349.0,2.0090909090909093
1479.9985199999999,5.529744536413982,16.828823269222532,16793.0,2.063063063063063
1480.1985198,3.347194600132586,6.711695706298769,16593.0,2.138888888888889
1480.3985195999999,2.5104844540853217,1.526870069510185,16596.0,2.1682242990654204
1480.5985194,14.890028456248517,76.15252975373144,16868.0,2.1666666666666665
1480.7985191999999,3.4120800571837027,8.847021118860354,16788.0,2.177570093457944
1480.998519,,284.1186795054054,41431.0,3.6835443037974684
1481.1985187999999,,285.36398333167006,16702.0,2.196261682242991
1481.3985186,2.4398018265385306,1.334354303463684,16753.0,2.2149532710280373
1481.5985183999999,,293.5943246769312,40388.0,3.5864197530864197
1481.7985182,4.267012771765623,5.023339858543145,41028.0,3.6375
1481.9985179999999,,293.0555745689234,16280.0,2.146788990825688
1482.1985178,,281.3917321823003,42500.0,3.6375
1482.3985175999999,,284.5799340316796,18268.0,1.981981981981982
1482.5985174,4.818332230311052,25.7858043172148,18132.0,1.9469026548672566
1482.7985171999999,,284.4910886752829,42012.0,3.62111801242236
1482.998517,2.428690714762859,1.310870862348815,41916.0,3.63125
1483.1985167999999,,275.1106294616506,17418.0,2.036697247706422
1483.3985166,2.5565117613310386,2.0512615519830066,17430.0,2.036697247706422
1483.5985163999999,3.1284694686756542,0.8069465695666229,17654.0,2.036363636363636
1483.7985162,3.9915020417172498,6.94188080568511,18122.0,1.9823008849557522
1483.9985159999999,2.5724729291485735,2.5848910619925007,18193.0,2.0089285714285716
1484.1985158,2.611432666335924,2.6348553101074432,18141.0,2.0089285714285716
1484.3985155999999,,274.96011013885845,42338.0,3.3257142857142856
1484.5985154,7.105829972726637,20.103033869015608,42899.0,3.2154696132596685
1484.7985151999999,5.02044175818776,24.552942568262043,40701.0,3.515151515151515
1484.998515,3.5841184724867197,12.068769960770874,39908.0,3.5864197530864197
1485.1985147999999,3.0995134674223803,3.9267330004989582,39874.0,3.63125
1485.3985146,2.4353321056481927,3.3025739368798144,39641.0,3.660377358490566
1485.5985143999999,2.3739490494104576,1.1232922049193603,39607.0,3.6540880503144653
1485.7985142,5.648454894668592,11.950720257010692,40871.0,3.5
1485.998514,3.114673273769302,8.236490564846834,39957.0,3.6149068322981366
1486.1985138,,299.089306024225,15861.0,1.8990825688073394
1486.3985136,,298.9910520563658,39970.0,3.6149068322981366
1486.5985134,2.3975532873011107,0.3538649538843058,39972.0,3.6375
1486.7985132,2.4850131463628395,1.1631701025955952,39935.0,3.6375
1486.998513,2.5741093828399397,2.144791920391796,39860.0,3.6375
1487.1985128,2.400833605343109,1.0787297699168519,39827.0,3.660377358490566
1487.3985126,,297.1363107193747,15758.0,1.9351851851851851
1487.5985124,2.775358606557377,2.1264700508517174,15616.0,1.925233644859813
1487.7985122,,297.55816032270934,39699.0,3.6835443037974684
1487.998512,2.3448241104727345,1.9471938308449617,39684.0,3.6835443037974684
1488.1985118,,303.82151331816954,18855.0,2.043859649122807
1488.3985116,,228.77835988188986,47000.0,3.4642857142857144
1488.5985114,3.8222615821258614,6.918252897980157,46861.0,3.5272727272727273
1488.7985112,2.8458832110524734,3.739090642173843,46614.0,3.548780487804878
1488.998511,2.410225998447339,1.9186395083806462,46372.0,3.5705521472392636
1489.1985108,2.5357142857142856,1.267609172287234,46284.0,3.5864197530864197
1489.3985106,,268.91512408332534,20855.0,2.327272727272727
1489.5985104,2.584179866159549,1.7869421799779408,20771.0,2.327272727272727
1489.7985102,,269.64105184204124,46167.0,3.608695652173913
1489.99851,,217.7035101423726,17622.0,2.018018018018018
1490.1985098,7.129760307925585,15.198859276561544,17147.0,2.0545454545454547
1490.3985096,3.1568846765173366,9.238232554925823,16987.0,2.111111111111111
1490.5985094,2.6632581100141044,3.0477505191639724,17016.0,2.111111111111111
1490.7985092,,278.35652830594535,41311.0,3.6835443037974684
1490.998509,,279.2451579358792,17072.0,2.1682242990654204
1491.1985088,,279.0605020019321,41337.0,3.689873417721519
1491.3985086,,279.2110410470505,17020.0,2.177570093457944
1491.5985084,,279.76114794469277,41325.0,3.7070063694267517
1491.7985082,2.2756937058880404,0.09071112261354544,41372.0,3.7070063694267517
1491.998508,2.4028400416797924,1.2835112074469903,41267.0,3.700636942675159
1492.1985078,,277.5371147509231,16955.0,2.19811320754717
1492.3985076,2.497940207156309,0.21484026920455865,16992.0,2.219047619047619
1492.5985074,,278.41022861129716,41207.0,3.730769230769231
1492.7985072,,276.27591057894364,16894.0,2.2285714285714286
1492.998507,,276.87743134993474,41226.0,3.7371794871794872
1493.1985068,,276.2167746633205,16930.0,2.238095238095238
1493.3985066,,276.9763434604382,41277.0,3.7243589743589745
1493.5985064,,276.31492049895957,16894.0,2.2285714285714286
1493.7985062,,1089.0664546256892,9497.0,3.4339622641509435
1493.998506,,1011.9559778629944,16526.0,1.7280701754385965
1494.1985058,10.584755108660396,5.264648048342794,15415.0,1.592920353982301
1494.3985056,10.569793042712462,13.646267044596003,13626.0,1.6728971962616823
1494.5985054,20.75631136044881,40.37024930532558,14260.0,1.518181818181818
1494.7985052,9.176390285960627,7.163746855744294,13918.0,1.5794392523364487
1494.998505,,3.534812221824385,13567.0,1.6
1495.1985048,,6.102565709583049,13519.0,1.6346153846153846
1495.3985046,2.883453561767358,3.117749606358336,13308.0,1.6601941747572815
1495.5985044,3.2480904597873295,3.1832840146263672,13354.0,1.6504854368932038
1495.7985042,13.304286561851082,8.696312845158003,13484.0,1.6226415094339623
1495.998504,19.177946493130875,58.88783205359754,13830.0,1.5309734513274336
1496.1985038,,251.23251585264032,34372.0,3.5414012738853504
1496.3985036,,186.4652375740712,15025.0,3.055045871559633
1496.5985034,,189.13388603901876,34152.0,3.5806451612903225
1496.7985032,,246.82414027470486,13358.0,1.6481481481481481
1496.998503,2.560599182932365,1.9933586172564974,13218.0,1.6542056074766356
1497.1985028,,247.00111230654744,34097.0,3.603896103896104
1497.3985026,2.514885039002016,1.4737202634601116,34229.0,3.5806451612903225
1497.5985024,2.3079731308411215,0.23571918607571776,34240.0,3.587096774193548
1497.7985022,2.3259637687542205,1.6829908693973865,34059.0,3.6103896103896105
1497.998502,10.238422051110367,19.145856645101162,35844.0,3.49685534591195
1498.1985018,6.971401677694416,10.078644642155226,36121.0,3.518987341772152
1498.3985016,,39.56436215150364,41459.0,3.4035087719298245
1498.5985014,10.660140900741705,49.932735487655215,43009.0,3.4437869822485205
1498.7985012,,278.401388420446,22221.0,1.984251968503937
1498.998501,,198.75327248479508,50755.0,3.157608695652174
1499.1985008,4.414475215266465,23.749959834915153,47267.0,3.383720930232558
1499.3985006,4.952195557824866,27.140899687757834,47004.0,3.4583333333333335
1499.5985004,12.637558765342806,35.4679324918868,47009.0,3.288135593220339
1499.7985002,8.153310687972443,54.969113618770294,41804.0,3.4850299401197606
1499.9985,6.179902406353155,19.733580672970703,41806.0,3.4437869822485205
1500.1984998,4.674042986137606,19.793358401532963,39315.0,3.5120481927710845
1500.3984996,,26.881883424756175,39323.0,3.461077844311377
1500.5984994,,17.31551660888734,39194.0,3.4176470588235293
1500.7984992,,475.13810974542116,14232.0,1.7428571428571429
1500.998499,7.625927724214469,16.108701767503298,14417.0,1.9029126213592233
1501.1984988,,465.87958147265823,40986.0,3.5925925925925926
1501.3984985999998,4.05140743984624,9.101044410377229,41103.0,3.6375
1501.5984984,,404.64373855617674,16582.0,1.9908256880733946
1501.7984981999998,13.006077092256048,73.84636031409379,17278.0,2.19811320754717
1501.998498,21.377541037069246,132.09824644151706,18398.0,2.4285714285714284
1502.1984977999998,33.82753532462887,278.07431362339355,22364.0,3.376068376068376
1502.3984976,,209.74086934392577,42905.0,3.608695652173913
1502.5984973999998,,170.0456527489115,18095.0,3.4901960784313726
1502.7984972,6.902152207676947,5.801532015826989,18028.0,3.58
1502.9984969999998,8.07665567875337,31.764193100376072,16685.0,3.736842105263158
1503.1984968,8.575753704649975,65.70342302250893,15656.0,3.7888888888888888
1503.3984965999998,13.086990083724244,23.204093520722907,16841.0,3.7252747252747254
1503.5984964,,805.1278502111841,12289.0,2.6666666666666665
1503.7984961999998,,853.0240945111187,19153.0,3.495049504950495
1503.998496,6.886442189764745,11.097638322334062,17938.0,3.5555555555555554
1504.1984957999998,,171.19558431899404,37438.0,3.808219178082192
1504.3984956,,166.96161328303955,18153.0,3.525252525252525
1504.5984953999998,3.124638808624139,3.432733947562375,17996.0,3.561224489795918
1504.7984952,,165.6572005284833,37401.0,3.8275862068965516
1504.9984949999998,4.132827022146689,7.476314031867643,37658.0,3.7567567567567566
1505.1984948,,163.97296538339495,17873.0,3.5
1505.3984945999998,,132.9429174078356,29272.0,3.330769230769231
1505.5984944,,69.85560856128849,37306.0,3.808219178082192
1505.7984941999998,2.3035757396925884,1.2763711899456986,37279.0,3.8344827586206898
1505.998494,,166.94080364694307,17807.0,3.5353535353535355
1506.1984937999998,,172.52669982213763,36391.0,3.2152777777777777
1506.3984936,,170.19841394261863,17768.0,3.5714285714285716
1506.5984933999998,,166.53218171863438,37161.0,3.861111111111111
1506.7984932,,166.46328623403969,17715.0,3.5714285714285716
1506.9984929999998,2.4984787018255576,0.8605829099995134,17748.0,3.5714285714285716
1507.1984928,,165.56004081223696,37323.0,3.8344827586206898
1507.3984925999998,2.3074364202167614,0.712043669875699,37276.0,3.861111111111111
1507.5984924,,165.2089636491514,17693.0,3.6082474226804124
1507.7984921999998,,165.74412399371994,37203.0,3.8680555555555554
1507.998492,,167.2795367229132,17807.0,3.597938144329897
1508.1984917999998,2.8017270572299355,1.490705619908803,17718.0,3.597938144329897
1508.3984916,,166.56975049322085,37186.0,3.861111111111111
1508.5984913999998,2.4981898146906594,1.3102141019452975,37289.0,3.861111111111111
1508.7984912,,164.46041345303075,17658.0,3.6082474226804124
1508.9984909999998,,165.94909553923932,37176.0,3.861111111111111
1509.1984908,,166.888712926209,17753.0,3.561224489795918
1509.3984905999998,2.5619633981021237,1.15001519851405,17704.0,3.597938144329897
1509.5984904,2.584339740318648,2.149388850753115,17637.0,3.6082474226804124
1509.7984901999998,2.6144319402816265,0.8121744273333348,17683.0,3.6082474226804124
1509.99849,2.902794175521448,2.7205287931139965,17787.0,3.597938144329897
1510.1984897999998,2.7172585387921284,1.773430246938914,17684.0,3.597938144329897
1510.3984896,2.550811513883391,0.5512164306687055,17683.0,3.6082474226804124
1510.5984893999998,3.037280701754386,2.4621611237351195,17784.0,3.597938144329897
1510.7984892,2.856761969593828,2.856911286947938,17628.0,3.6082474226804124
1510.9984889999998,2.5018161180476732,0.7509529436913014,17620.0,3.6082474226804124
1511.1984888,2.547068468366597,1.0147007919921205,17687.0,3.597938144329897
1511.3984885999998,2.51612538191694,1.0654286917105469,17674.0,3.597938144329897
1511.5984884,2.720585750492819,1.1491275537778416,17755.0,3.561224489795918
1511.7984881999998,2.8204548025794773,1.6308482795038628,17678.0,3.6082474226804124
1511.998488,3.455563685484325,4.215967341422069,17767.0,3.5816326530612246
1512.1984877999998,5.0055450815126985,14.299469444177301,18034.0,3.485148514851485
1512.3984876,3.3537380550871276,5.160130465989158,17790.0,3.5656565656565657
1512.5984873999998,,175.38434072111363,36322.0,3.1780821917808217
1512.7984872,2.482806904165657,33.97834948358445,37137.0,3.8344827586206898
1512.9984869999998,,169.17006015149192,17718.0,3.5656565656565657
1513.1984868,2.7417629317703294,1.7288516024243183,17573.0,3.6020408163265305
1513.3984865999998,,168.84117437124948,37034.0,3.8958333333333335
1513.5984864,2.237385599740828,0.09254167367980207,37041.0,3.9027777777777777
1513.7984861999998,,168.0907151716411,17514.0,3.6391752577319587
1513.998486,2.5048104455388844,0.8741435628544563,17462.0,3.6391752577319587
1514.1984857999998,2.529919908466819,3.34638704031123,17480.0,3.6391752577319587
1514.3984856,3.166742674723521,2.5005948489857035,17542.0,3.6288659793814433
1514.5984853999998,,168.1989290997389,36972.0,3.8958333333333335
1514.7984852,,168.29834373591203,17504.0,3.6288659793814433
1514.9984849999998,2.4924385093876618,1.7357533018172842,17523.0,3.6288659793814433
1515.1984848,2.5583299925548366,1.684150800717861,17461.0,3.6288659793814433
1515.3984845999998,,168.24116428018604,36944.0,3.861111111111111
1515.5984844,,168.48490299823771,17552.0,3.6288659793814433
1515.7984841999998,,167.74529946012157,37018.0,3.861111111111111
1515.998484,2.4720399197266367,3.0875817547039985,36874.0,3.93006993006993
1516.1984837999998,2.2702007205352546,1.4590579208827252,36917.0,3.861111111111111
1516.3984836,2.6207325157441166,35.50113475921213,36204.0,3.2083333333333335
1516.5984833999999,,178.79156926555902,18440.0,3.51
1516.7984832,2.9015258855585833,2.563562613091648,18350.0,3.51
1516.9984829999999,8.747885750757938,10.418989960606364,18801.0,3.355769230769231
1517.1984828,4.137016332346816,5.931371992582145,18246.0,3.4356435643564356
1517.3984825999999,,191.80041034482517,38988.0,3.9324324324324325
1517.5984824,4.633206116646602,2.3023962419775033,39041.0,4.034722222222222
1517.7984821999999,9.27521497341924,26.53272590953327,40819.0,3.8543046357615895
1517.998482,,181.98085655377858,18621.0,3.3009708737864076
1518.1984817999999,4.315740538175454,8.16760497535283,18284.0,3.3333333333333335
1518.3984816,3.3159324243576513,6.474664533066125,18409.0,3.366336633663366
1518.5984813999999,2.937036018696728,3.5402131518787936,18185.0,3.4
1518.7984812,2.870198095655029,4.025972819593424,18274.0,3.4
1518.9984809999999,3.217762085822922,4.968486397480867,18410.0,3.4
1519.1984808,,164.54463061359928,37741.0,3.82312925170068
1519.3984805999999,2.920562362133574,4.59951457221268,37627.0,3.7567567567567566
1519.5984804,,167.4224269006515,18435.0,3.405940594059406
1519.7984801999999,2.976900760851716,2.8790238488856947,18269.0,3.44
1519.99848,,166.0966623608194,37659.0,3.7823129251700682
1520.1984797999999,2.272524614527215,0.4677463422064966,37681.0,3.7823129251700682
1520.3984796,2.779801938251337,4.003738988867295,37766.0,3.7635135135135136
1520.5984793999999,,169.11111041397677,18630.0,3.3529411764705883
1520.7984792,3.2117320563748164,4.1927436316176525,18377.0,3.43
1520.9984789999999,2.723461098086255,3.4057264977551767,18341.0,3.44
1521.1984788,2.746466623178952,2.188545460228119,18396.0,3.405940594059406
1521.3984785999999,,166.81463269022893,37651.0,3.816326530612245
1521.5984784,,166.11609242335135,18347.0,3.44
1521.7984781999999,,167.71367485906833,36919.0,3.1496598639455784
1521.998478,,166.9182676759944,18437.0,3.43
1522.1984777999999,2.501063307704891,3.2860499043133102,18339.0,3.44
1522.3984776,,168.6570834585852,36872.0,3.142857142857143
1522.5984773999999,,168.21999647759972,18433.0,3.43
1522.7984772,3.261983966842995,4.1122935669978355,18337.0,3.44
1522.9984769999999,2.5356131561751254,0.4482260129041971,18364.0,3.44
1523.1984768,2.9023197696528493,2.494476949119014,18407.0,3.43
1523.3984765999999,2.527607028232606,0.3756186234783429,18383.0,3.43
1523.5984764,2.9291682595161377,2.5641714333268673,18311.0,3.474747474747475
1523.7984761999999,2.4372440901894414,1.1829002159327606,18317.0,3.44
1523.998476,2.484510735944927,1.0318612446683635,18303.0,3.44
1524.1984757999999,2.9262044909526925,2.6276893650794073,18348.0,3.43
1524.3984756,,166.1767577981285,37626.0,3.7823129251700682
1524.5984753999999,,164.9910118602654,18227.0,3.44
1524.7984752,,168.54652677931222,36708.0,3.1780821917808217
1524.9984749999999,,167.91342513302385,18269.0,3.4646464646464645
1525.1984748,2.5426322693484913,1.0510861013753054,18296.0,3.4646464646464645
1525.3984745999999,2.6820163487738418,3.0267699798346386,18350.0,3.43
1525.5984744,,167.11921719703005,37483.0,3.808219178082192
1525.7984741999999,,166.03853344383117,18192.0,3.474747474747475
1525.998474,3.2083151223776225,5.096169870451515,18304.0,3.43
1526.1984737999999,,167.24228985720956,37478.0,3.808219178082192
1526.3984736,,166.77296919662814,18249.0,3.474747474747475
1526.5984733999999,2.6555196759892725,2.8784915800287263,18271.0,3.4646464646464645
1526.7984732,2.7795761078998074,4.184527549397871,18165.0,3.474747474747475
1526.9984729999999,2.5006607929515416,1.2605866850162268,18160.0,3.474747474747475
1527.1984728,3.072431187630223,4.206278638440326,18238.0,3.4646464646464645
1527.3984725999999,2.7628271964001536,1.0471763998746695,18223.0,3.474747474747475
1527.5984724,2.467629454725166,0.3901330625214299,18211.0,3.474747474747475
1527.7984721999999,3.0371180232875963,3.313128110961409,18293.0,3.43
1527.998472,2.9390183440753592,4.618082677649462,18153.0,3.474747474747475
1528.1984717999999,2.427304280755881,0.1418490204993131,18151.0,3.474747474747475
1528.3984716,2.9315076011195873,3.842913575008114,18221.0,3.4646464646464645
1528.5984713999999,2.8533281946814952,3.0647724228713065,18163.0,3.474747474747475
1528.7984712,,165.90305018956107,37439.0,3.808219178082192
1528.9984709999999,,165.19147265608265,18138.0,3.474747474747475
1529.1984708,,167.83292239786587,36518.0,3.171232876712329
1529.3984705999999,,168.39048312684906,18139.0,3.474747474747475
1529.5984704,2.4790203991375974,0.68703487156548,18089.0,3.474747474747475
1529.7984701999999,3.106911328425448,5.2357767974106855,18202.0,3.4646464646464645
1529.99847,2.5537773853540093,2.5803964017245673,18121.0,3.474747474747475
1530.1984697999999,,166.49458793575272,37349.0,3.8493150684931505
1530.3984696,2.492178516993342,2.1283385150850918,37397.0,3.808219178082192
1530.5984693999999,2.267108639863131,0.590970188396615,37408.0,3.8344827586206898
1530.7984692,,166.72467658656305,18186.0,3.474747474747475
1530.998469,4.000813669650122,3.1696075798890444,18435.0,3.44
1531.1984688,3.398241206030151,9.245590974765767,18308.0,3.4158415841584158
1531.3984686,2.867722249711364,2.2843791857923295,18189.0,3.45
1531.5984684,2.5158599495115794,2.9922288989462977,18222.0,3.484848484848485
1531.7984682,2.6047650489710574,1.6352845106517466,18174.0,3.484848484848485
1531.998468,2.5732722960675085,1.3256440206179874,18131.0,3.484848484848485
1532.1984678,2.7399714254313663,3.2821144669720947,18198.0,3.484848484848485
1532.3984676,2.4997242748428365,1.6454955664470543,18134.0,3.484848484848485
1532.5984674,2.4235430208218576,0.3170184861352968,18154.0,3.484848484848485
1532.7984672,2.4807373882326966,0.7994532596519264,18118.0,3.484848484848485
1532.998467,,166.18311974967511,37413.0,3.808219178082192
1533.1984668,2.209729123256932,0.19700790904430404,37434.0,3.808219178082192
1533.3984666,,165.85365449216604,18077.0,3.484848484848485
1533.5984664,,165.7653776115869,37410.0,3.808219178082192
1533.7984662,,165.89444469334023,18139.0,3.484848484848485
1533.998466,,166.02421467488475,37389.0,3.808219178082192
1534.1984658,,165.84382147549582,18186.0,3.484848484848485
1534.3984656,3.1320006608293407,1.216262035332068,18159.0,3.474747474747475
1534.5984654,2.6375702169842494,0.7292501458111709,18158.0,3.484848484848485
1534.7984652,,166.59730869850358,37394.0,3.808219178082192
1534.998465,,166.1422581258296,18146.0,3.484848484848485
1535.1984648,,165.32597075058848,37471.0,3.808219178082192
1535.3984646,,165.19739051097469,18100.0,3.484848484848485
1535.5984644,2.5375779998895576,0.859226339084712,18109.0,3.484848484848485
1535.7984642,2.5027902094038343,0.2941556373780926,18099.0,3.484848484848485
1535.998464,2.436518469365185,1.4608021112792258,18084.0,3.484848484848485
1536.1984638,2.6942336453774995,3.1083766542044247,18053.0,3.484848484848485
1536.3984636,2.4922294120900395,1.5055523873945535,18081.0,3.484848484848485
1536.5984634,,165.78749763426356,37382.0,3.8013698630136985
1536.7984632,2.236947038831054,0.3755128392564169,37367.0,3.815068493150685
1536.998463,,165.53183010812833,18071.0,3.484848484848485
1537.1984628,2.4420305918864997,1.413964288904099,18044.0,3.484848484848485
1537.3984626,2.439164866810655,0.35599119492220394,18057.0,3.484848484848485
1537.5984624,2.4758769503153704,0.5373654938723952,18074.0,3.484848484848485
1537.7984622,3.0655014611016154,3.5394474139114167,18137.0,3.484848484848485
1537.998462,2.9066533710043765,3.433010137142887,18051.0,3.484848484848485
1538.1984618,2.8576312307013674,3.1810867268400957,18136.0,3.520408163265306
1538.3984616,,165.67310796022124,37375.0,3.8424657534246576
1538.5984614,,165.85849495749218,18150.0,3.484848484848485
1538.7984612,,166.0659149307468,37394.0,3.8013698630136985
1538.998461,,164.6888079695298,18075.0,3.484848484848485
1539.1984608,2.453645862126154,1.087468145783068,18089.0,3.484848484848485
1539.3984606,2.4603957652014854,0.7273108851818387,18041.0,3.484848484848485
1539.5984604,,165.40663750988247,37382.0,3.808219178082192
1539.7984602,2.2324156566872677,0.07207596208446666,37377.0,3.8344827586206898
1539.99846,2.4032413093394562,1.133773411317652,37454.0,3.808219178082192
1540.1984598,,165.13240034127395,18085.0,3.520408163265306
1540.3984596,,165.30399070400807,37417.0,3.808219178082192
1540.5984594,,164.70714113938584,18040.0,3.520408163265306
1540.7984592,2.532608695652174,2.0442315016777144,18124.0,3.484848484848485
1540.998459,2.698701012769705,1.8453441052829214,18168.0,3.484848484848485
1541.1984588,3.046413968394298,2.7038950342768686,18098.0,3.494949494949495
1541.3984586,2.4893581734755927,0.5735213438343107,18089.0,3.484848484848485
1541.5984584,2.7338193063839187,1.635187901911354,18108.0,3.484848484848485
1541.7984582,2.8672360248447206,3.16645882784211,18032.0,3.520408163265306
1541.998458,2.4101679830904437,1.3404062832831543,17978.0,3.494949494949495
1542.1984578,2.5016607617360496,1.5656570461408685,18064.0,3.494949494949495
1542.3984576,2.7616211745244,3.9432428360098575,18135.0,3.520408163265306
1542.5984574,,166.10295167269035,37355.0,3.8344827586206898
1542.7984572,,165.70255479532315,18064.0,3.520408163265306
1542.998457,,165.28251393076152,37417.0,3.8344827586206898
1543.1984568,,165.63778629475559,18143.0,3.484848484848485
1543.3984566,2.428122934567085,0.6954609547462464,18156.0,3.484848484848485
1543.5984564,3.8979934924078092,7.94501794155839,18440.0,3.47
1543.7984562,2.6483911362770187,3.087533386392846,18367.0,3.494949494949495
1543.998456,2.5935635706857862,1.7591420326005593,18271.0,3.494949494949495
1544.1984558,,165.2952703693974,37622.0,3.808219178082192
1544.3984556,,165.0675680162009,18276.0,3.494949494949495
1544.5984554,2.4745065789473686,0.8987162594432128,18240.0,3.494949494949495
1544.7984552,2.496665937909926,1.0519705924113631,18296.0,3.494949494949495
1544.998455,2.4740878711515286,1.5802804270245048,18254.0,3.494949494949495
1545.1984548,2.457119341563786,0.8014558940223315,18225.0,3.494949494949495
1545.3984546,2.5414744012304986,1.2303167922529639,18204.0,3.494949494949495
1545.5984543999998,3.1495357728017477,4.9170815591693415,18310.0,3.494949494949495
1545.7984542,2.4880048090059566,0.6112590114470309,18299.0,3.494949494949495
1545.9984539999998,2.6772620156738096,2.063962904951449,18247.0,3.494949494949495
1546.1984538,,165.8325563401539,37539.0,3.8013698630136985
1546.3984535999998,,165.33001278054752,18236.0,3.494949494949495
1546.5984534,3.4540685283348815,3.17482243625408,18299.0,3.494949494949495
1546.7984531999998,2.5840139387999566,1.6308612730788241,18366.0,3.494949494949495
1546.998453,2.886472235953205,4.759586118007939,18207.0,3.494949494949495
1547.1984527999998,,165.5419755899269,37540.0,3.8424657534246576
1547.3984526,,165.8415092889499,18185.0,3.494949494949495
1547.5984523999998,2.493909496775616,0.8661013060840206,18143.0,3.494949494949495
1547.7984522,2.4461107448912327,0.35412456109602913,18204.0,3.494949494949495
1547.9984519999998,,165.48903603996632,37549.0,3.815068493150685
1548.1984518,2.3333151670390757,34.603372392150575,36698.0,3.171232876712329
1548.3984515999998,,168.15255611009633,18200.0,3.494949494949495
1548.5984514,,165.56064121863716,37548.0,3.8424657534246576
1548.7984511999998,,165.9974010115968,18197.0,3.494949494949495
1548.998451,2.500798590075453,1.0867720172656854,18157.0,3.494949494949495
1549.1984507999998,3.0146857362047235,2.8293965742113674,18249.0,3.494949494949495
1549.3984506,2.9151431718061676,2.3148712814655537,18160.0,3.494949494949495
1549.5984503999998,,6.333493401546961,17833.0,3.5306122448979593
1549.7984502,,169.70232372982704,37499.0,3.8344827586206898
1549.9984499999998,2.3664465626497684,1.3736001884985598,37558.0,3.808219178082192
1550.1984498,,165.40700823401818,18312.0,3.494949494949495
1550.3984495999998,,124.25526643743025,29549.0,3.356589147286822
1550.5984494,,128.15073943760842,18540.0,3.46
1550.7984491999998,3.237485639258165,3.3624847331057075,18279.0,3.494949494949495
1550.998449,2.4984637331284976,0.990353618898534,18226.0,3.494949494949495
1551.1984487999998,,165.6923459835535,37557.0,3.808219178082192
1551.3984486,2.2574468085106383,0.249316934584956,37600.0,3.808219178082192
1551.5984483999998,,166.06061907287668,18271.0,3.494949494949495
1551.7984482,,166.2366132188663,37538.0,3.808219178082192
1551.9984479999998,,166.09484823032443,18247.0,3.494949494949495
1552.1984478,2.8106177181798198,2.526658345869662,18196.0,3.494949494949495
1552.3984475999998,2.485435830048182,1.760367882786021,18264.0,3.494949494949495
1552.5984474,2.637345258221083,1.5933997204996233,18337.0,3.494949494949495
1552.7984471999998,2.4551278541313035,0.6530036503920681,18263.0,3.494949494949495
1552.998447,2.721898692451379,2.1039555613782466,18202.0,3.5306122448979593
1553.1984467999998,,165.6860506592725,37538.0,3.8344827586206898
1553.3984466,,165.75179543285196,18239.0,3.494949494949495
1553.5984463999998,3.1448381285144946,3.1734407420442685,18317.0,3.494949494949495
1553.7984462,,124.99312845156727,29596.0,3.330769230769231
1553.9984459999998,,124.65896438559336,18242.0,3.494949494949495
1554.1984458,2.5972664397848284,1.398053221729305,18218.0,3.494949494949495
1554.3984455999998,2.448870523415978,2.297568521921335,18150.0,3.494949494949495
1554.5984454,2.4886432381895176,0.8614021365901152,18183.0,3.494949494949495
1554.7984451999998,2.930310158087632,4.320026015005916,18281.0,3.494949494949495
1554.998445,3.0005500247511137,3.6563261864684327,18181.0,3.5306122448979593
1555.1984447999998,2.486871017358822,0.6944315565010424,18204.0,3.494949494949495
1555.3984446,,164.51960739833623,37593.0,3.808219178082192
1555.5984443999998,,163.83038444490305,18160.0,3.5306122448979593
1555.7984442,2.4462409943353682,0.2743133173272949,18183.0,3.5306122448979593
1555.9984439999998,2.439529644485961,0.2966030075294473,18199.0,3.494949494949495
1556.1984438,,165.1549801642952,37531.0,3.8344827586206898
1556.3984435999998,,165.8161165107143,18190.0,3.494949494949495
1556.5984434,2.8528649423702643,2.4463118552977896,18133.0,3.5306122448979593
1556.7984431999998,2.454575469102515,0.758576592598856,18173.0,3.494949494949495
1556.998443,2.4747113798790545,0.3204637835488224,18190.0,3.494949494949495
1557.1984427999998,2.543362149661362,0.7876083100585561,18161.0,3.494949494949495
1557.3984426,,166.0035810705825,37398.0,3.8413793103448275
1557.5984423999998,,165.62563753574878,18111.0,3.5306122448979593
1557.7984422,2.4931491712707183,1.170541679553799,18100.0,3.5306122448979593
1557.9984419999998,2.4293919478654664,0.5743753869174367,18107.0,3.5306122448979593
1558.1984418,,165.38596963298656,37428.0,3.861111111111111
1558.3984415999998,,165.18921908408856,18066.0,3.5670103092783507
1558.5984414,2.476728723404255,1.338167473888896,18048.0,3.5306122448979593
1558.7984411999998,2.554610242528037,0.8942453936901362,18101.0,3.5306122448979593
1558.998441,3.160462555066079,3.141635269503101,18160.0,3.494949494949495
1559.1984407999998,,166.1405712320797,37461.0,3.9027777777777777
1559.3984406,2.370743571924948,0.5730740093005158,37414.0,3.861111111111111
1559.5984403999998,,165.4483499570245,18109.0,3.5306122448979593
1559.7984402,2.5358486390794424,0.12569607018259027,18076.0,3.5306122448979593
1559.9984399999998,2.6672950047125354,1.4949629845665315,18037.0,3.5670103092783507
1560.1984398,,164.9687857299543,37360.0,3.8680555555555554
1560.3984395999998,,75.28510769835708,29404.0,3.3828125
1560.5984394,,125.2702235967128,18081.0,3.5306122448979593
1560.7984391999998,2.6889909780262355,0.5206368168612889,18067.0,3.5306122448979593
1560.998439,3.3468381089619244,1.4608317237096013,18043.0,3.5306122448979593
1561.1984387999998,,166.70403966305366,37293.0,3.861111111111111
1561.3984386,2.2604398253555837,0.45679795674272744,37333.0,3.861111111111111
1561.5984383999998,,166.31355488106578,18045.0,3.5306122448979593
1561.7984382,2.9401367350341836,2.1157944269684443,17991.0,3.5670103092783507
1561.9984379999999,2.4905440630026066,0.16334956990851654,18031.0,3.5670103092783507
1562.1984378,2.6426866500138773,1.0694189933952691,18015.0,3.5670103092783507
1562.3984375999999,3.0127829118477116,3.809140136460208,18071.0,3.5670103092783507
1562.5984374,,165.78974034416382,37438.0,3.8680555555555554
1562.7984371999999,,164.73909188396215,18093.0,3.5306122448979593
1562.998437,2.474638081555973,0.7146329390480632,18098.0,3.5306122448979593
1563.1984367999999,,125.16494262239138,29449.0,3.3828125
1563.3984366,,76.64587666578517,37399.0,3.8958333333333335
1563.5984363999999,,165.11536185229446,18073.0,3.5670103092783507
1563.7984362,2.6004306537102475,0.9805030031935628,18112.0,3.5306122448979593
1563.9984359999999,2.7016186556927297,3.73075415885149,18225.0,3.484848484848485
1564.1984358,2.995181923907626,5.327298833180133,18057.0,3.5670103092783507
1564.3984355999999,2.4519124474906038,0.8907672121269287,18092.0,3.5670103092783507
1564.5984354,2.4407380728098853,1.1640243375991763,18047.0,3.5670103092783507
1564.7984351999999,2.839557399723375,1.4798838264388856,18075.0,3.5306122448979593
1564.998435,2.5509785441037867,1.5365186101915975,18037.0,3.5306122448979593
1565.1984347999999,8.797338140940665,26.31651938911279,18859.0,3.3883495145631066
1565.3984346,5.89966889157513,9.063506851034685,19027.0,3.3142857142857145
1565.5984343999999,4.5432439750880045,2.5095692983917934,18465.0,3.3365384615384617
1565.7984342,,171.78319972162575,37703.0,3.6821192052980134
1565.9984339999999,,175.8771726601775,18696.0,3.1296296296296298
1566.1984338,12.322653406469472,20.766087117354868,19507.0,2.888888888888889
1566.3984335999999,6.748903211829064,30.96641742090103,18463.0,2.8189655172413794
1566.5984334,15.240312388219865,25.47086527466995,16774.0,3.2017543859649122
1566.7984331999999,,389.828912335428,63420.0,2.857142857142857
1566.998433,,429.2756506379212,15195.0,2.5789473684210527
1567.1984327999999,15.786462008939074,27.807912099103664,17004.0,2.4545454545454546
1567.3984326,16.114013656580845,47.35411111885227,15963.0,2.8214285714285716
1567.5984323999999,12.804234703032478,38.133666938141936,16719.0,2.747826086956522
1567.7984322,,10.841202226955089,16942.0,2.700854700854701
1567.9984319999999,,196.18387789520105,36019.0,3.4382716049382718
1568.1984318,,186.3619524226061,16246.0,2.7857142857142856
1568.3984315999999,3.2181590482154037,6.125287852298558,15970.0,2.8623853211009176
1568.5984314,2.5923590972134662,1.446188023929613,15862.0,2.888888888888889
1568.7984311999999,2.4283546224864043,1.7865460270959832,15814.0,2.925233644859813
1568.998431,3.2196642075807684,1.400430968267848,15724.0,2.925233644859813
1569.1984307999999,2.3544730977395734,0.7631033052560784,15705.0,2.952830188679245
1569.3984306,2.3361542377195215,0.9543792458135192,15716.0,2.952830188679245
1569.5984303999999,2.5074882599314634,3.0923389887858455,15758.0,2.952830188679245
1569.7984302,2.25499115491534,0.3934134770514533,15828.0,2.952830188679245
1569.9984299999999,2.5408540471637986,3.419780251287857,15690.0,2.980952380952381
1570.1984298,2.375485266976389,0.28502037127981156,15713.0,2.980952380952381
1570.3984295999999,2.309032875837855,1.1354161491955752,15665.0,2.9904761904761905
1570.5984294,2.481557115507339,1.164796023485346,15670.0,2.980952380952381
1570.7984291999999,2.7519045200609447,2.8412974973179144,15752.0,2.961904761904762
1570.998429,2.3879332152795345,1.7213423252602205,15812.0,2.961904761904762
1571.1984287999999,2.324538091622374,0.14792571958953718,15804.0,2.9714285714285715
1571.3984286,2.58010064335308,2.50059313913788,15699.0,2.980952380952381
1571.5984283999999,,191.57672112903845,34661.0,3.6821192052980134
1571.7984282,,190.89221911397524,15639.0,2.980952380952381
1571.9984279999999,2.296918049593131,0.5193829319799118,15607.0,2.980952380952381
1572.1984278,,188.507808908077,38848.0,3.152173913043478
1572.3984275999999,,20.861113456939474,35406.0,3.425925925925926
1572.5984274,2.8198701150734875,5.8846946018878,35108.0,3.475
1572.7984271999999,2.50847844704539,2.110421048227977,35030.0,3.49685534591195
1572.998427,2.3873201155837838,1.6490641418208947,34953.0,3.5443037974683542
1573.1984267999999,2.4691054770886334,38.63831810405344,34197.0,2.930379746835443
1573.3984266,2.4571290395994536,38.40572158955013,35152.0,3.5253164556962027
1573.5984263999999,2.292711486833838,1.4793426143330377,35014.0,3.518987341772152
1573.7984262,2.308321142758799,1.2515515083202693,34863.0,3.5477707006369426
1573.9984259999999,2.601571877679337,2.7109223355274477,34990.0,3.5796178343949046
1574.1984258,2.282694395246529,1.531112864344969,35006.0,3.5414012738853504
1574.3984255999999,2.30803889696866,0.4107995541106463,35067.0,3.5477707006369426
1574.5984254,2.187770686118076,0.5503497271717336,35096.0,3.5641025641025643
1574.7984251999999,2.298721271324011,1.2723779420927228,35113.0,3.5414012738853504
1574.998425,15.83250930503861,50.83147817061781,36002.0,3.3095238095238093
1575.1984247999999,,194.3476411975319,16672.0,2.6551724137931036
1575.3984246,8.55080148717011,26.11301652472189,16407.0,2.7304347826086954
1575.5984243999999,10.14450724993856,41.044204798999495,16276.0,2.626086956521739
1575.7984242,,197.3874816882279,34823.0,3.475
1575.9984239999999,,191.9613812420833,15905.0,2.6875
1576.1984238,,195.0488420551367,34530.0,3.518987341772152
1576.3984236,,193.2851998539879,15780.0,2.7027027027027026
1576.5984234,,195.78138597873382,34464.0,3.550632911392405
1576.7984232,,194.1856826603868,15573.0,2.7181818181818183
1576.998423,,195.19998832884968,34261.0,3.6025641025641026
1577.1984228,2.5606966618287372,1.6185658102467677,34450.0,3.5961538461538463
1577.3984226,2.285676802425585,1.842240393421141,34301.0,3.6193548387096772
1577.5984224,2.4212753538596234,0.6877620173494368,34265.0,3.587096774193548
1577.7984222,2.5975666959835824,2.3275608197170374,34110.0,3.6258064516129034
1577.998422,2.4000941397975994,2.22617981690563,33992.0,3.587096774193548
1578.1984218,,194.25737633755318,15328.0,2.7570093457943927
1578.3984216,,195.42436693520906,33855.0,3.6103896103896105
1578.5984214,10.940470671647896,39.00502690827663,36671.0,3.2196531791907512
1578.7984212,5.988612258568717,22.08567556516131,35828.0,3.4691358024691357
1578.998421,,186.7214786814792,16148.0,2.6283185840707963
1579.1984208,3.4404180322800073,2.3012205800254644,16171.0,2.625
1579.3984206,3.5994286424046704,3.850763214179511,16102.0,2.675675675675676
1579.5984204,,194.0198943395989,34740.0,3.5414012738853504
1579.7984202,2.337588079011205,1.7319863566801608,34628.0,3.5414012738853504
1579.99842,2.384543923822795,1.8834219615284409,34446.0,3.5641025641025643
1580.1984198,2.3719627803867804,1.7576629071209453,34283.0,3.5641025641025643
1580.3984196,2.309574623593042,1.2998347060288984,34205.0,3.5641025641025643
1580.5984194,2.2958243424505747,0.9963532732887563,34294.0,3.5961538461538463
1580.7984192,,193.63789660124021,15517.0,2.7339449541284404
1580.998419,2.5209653671339862,0.6743734630538535,15621.0,2.759259259259259
1581.1984188,,196.51502014355253,33902.0,3.587096774193548
1581.3984186,2.2660888535125734,0.8679313166820047,33921.0,3.587096774193548
1581.5984184,2.253433761630483,0.9080947374809234,33855.0,3.587096774193548
1581.7984182,2.31106527184323,0.5857441376693482,33935.0,3.6103896103896105
1581.998418,2.267147587511826,1.1730459171949172,33824.0,3.616883116883117
1582.1984178,2.261473734111582,0.8676758786876144,33751.0,3.6103896103896105
1582.3984176,2.247625267157445,1.355635239170892,33688.0,3.6493506493506493
1582.5984174,2.365994492315892,0.7649690752601999,33771.0,3.673202614379085
1582.7984172,,194.11915385781563,14977.0,2.7757009345794392
1582.998417,,196.36044652830157,33555.0,3.673202614379085
1583.1984168,,194.26756404729016,14813.0,2.7735849056603774
1583.3984166,,194.40836520476745,33525.0,3.6973684210526314
1583.5984164,,194.7733845644985,14962.0,2.8380952380952382
1583.7984162,,193.8990676031591,33573.0,3.6578947368421053
1583.998416,2.324757310463939,1.3441253197172756,33582.0,3.651315789473684
1584.1984158,2.3007250683466065,0.5632574928173394,33652.0,3.664473684210526
1584.3984156,,193.85499063305136,14983.0,2.8380952380952382
1584.5984154,,194.10040057868235,33612.0,3.6821192052980134
1584.7984152,,193.65484632153562,15029.0,2.8
1584.998415,,194.87872311820297,33489.0,3.6821192052980134
1585.1984148,2.344075122969146,0.4163029445510148,33545.0,3.6578947368421053
1585.3984146,2.2485388835877864,0.08115718456763846,33536.0,3.6821192052980134
1585.5984144,,193.59839791688339,14793.0,2.8365384615384617
1585.7984142,2.4548030221262818,2.3836294688993456,14824.0,2.8190476190476192
1585.998414,2.625127127262865,2.271681476456798,14749.0,2.8285714285714287
1586.1984138,,193.68842098502014,33347.0,3.6821192052980134
1586.3984136,2.2764354533721525,0.6990165898032873,33317.0,3.6821192052980134
1586.5984134,2.2365202308681478,2.2419999738135967,33439.0,3.7218543046357615
1586.7984132,2.2705273548502887,1.314999666882267,33431.0,3.6821192052980134
1586.998413,2.3563643964050045,0.7767867330223284,33491.0,3.6821192052980134
1587.1984128,2.236317517159057,0.40510803229483283,33510.0,3.6821192052980134
1587.3984126,,192.35488763588233,14603.0,2.8365384615384617
1587.5984124,,193.7989682218817,33342.0,3.6821192052980134
1587.7984122,,192.7909656920877,14596.0,2.8653846153846154
1587.998412,,193.60396197284413,33227.0,3.6821192052980134
1588.1984118,2.2347313316084,0.3558395107147926,33238.0,3.7218543046357615
1588.3984116,2.2508493941489522,0.726129598188649,33259.0,3.6821192052980134
1588.5984114,,193.24891829919915,14638.0,2.8365384615384617
1588.7984112,,193.0591546346178,33282.0,3.7066666666666666
1588.998411,2.228486646884273,0.5834026601437041,33363.0,3.6821192052980134
1589.1984108,2.318569504713452,0.5818301393603665,33415.0,3.7152317880794703
1589.3984106,,192.99196578669645,14715.0,2.8653846153846154
1589.5984104,,192.8261853192942,33435.0,3.6887417218543046
1589.7984101999998,,193.42712369203667,14766.0,2.855769230769231
1589.99841,2.480037702820979,0.272499353576926,14853.0,2.8653846153846154
1590.1984097999998,,193.77433802196998,33391.0,3.7133333333333334
1590.3984096,,192.06577779234212,14507.0,2.8653846153846154
1590.5984093999998,,193.53260182176086,33192.0,3.6821192052980134
1590.7984092,2.219143425094874,0.8778410640331602,33202.0,3.6821192052980134
1590.9984089999998,,193.81459417991087,14574.0,2.8173076923076925
1591.1984088,2.481000481000481,1.1884240571666742,14553.0,2.8461538461538463
1591.3984085999998,,193.4416327118319,33223.0,3.7066666666666666
1591.5984084,11.006208200468437,18.70326073985823,35437.0,3.46875
1591.7984081999998,5.454194229807104,11.644116200063513,35978.0,3.475
1591.998408,5.150186855489055,6.666870961765198,35589.0,3.432098765432099
1592.1984077999998,6.166346842331376,11.429975505217413,34915.0,3.411042944785276
1592.3984076,5.237296923608711,5.518376487641057,34716.0,3.49685534591195
1592.5984073999998,3.5782348196796865,3.9982278004038743,34716.0,3.550632911392405
1592.7984072,2.4995513098856565,2.2160248702856626,34545.0,3.5253164556962027
1592.9984069999998,2.375378842545822,1.3559534916196885,34645.0,3.518987341772152
1593.1984068,2.3746009634917873,2.2958047082305657,34458.0,3.5414012738853504
1593.3984065999998,2.339439717543555,1.300741207325613,34554.0,3.535031847133758
1593.5984064,2.4040325372101075,1.7287222302687852,34668.0,3.5414012738853504
1593.7984061999998,2.3105685405624583,1.9933824119991994,34527.0,3.5641025641025643
1593.998406,2.373598931412974,1.0605104601573048,34438.0,3.573248407643312
1594.1984057999998,2.2870601194272133,0.6509983536349939,34498.0,3.5477707006369426
1594.3984056,2.4101468933075525,2.898109152938961,34651.0,3.5796178343949046
1594.5984053999998,,189.0342068948688,15890.0,2.8727272727272726
1594.7984052,,189.96971451410266,34589.0,3.6025641025641026
1594.9984049999998,3.7892659598985943,6.664773068358366,34712.0,3.518987341772152
1595.1984048,3.5216531365313655,40.310043318626875,33875.0,2.9056603773584904
1595.3984045999998,5.452804339316669,41.57216814307518,35766.0,3.4207317073170733
1595.5984044,4.562843044852248,1.0633020262769532,36074.0,3.3855421686746987
1595.7984041999998,,221.51015873368652,21383.0,2.481203007518797
1595.998404,,192.51173782662195,40567.0,3.1412429378531073
1596.1984037999998,4.48551201011378,18.65139698498197,39550.0,3.3696969696969696
1596.3984036,4.822758933979406,5.79560184147589,39624.0,3.3696969696969696
1596.5984033999998,,60.745226471578306,33138.0,2.945578231292517
1596.7984032,,237.56618453098415,24261.0,3.220472440944882
1596.9984029999998,,175.44156463049674,44466.0,2.7784431137724552
1597.1984028,4.108006737787759,4.312152028356167,44525.0,2.789156626506024
1597.3984025999998,,63.71616477041507,47700.0,3.391812865497076
1597.5984024,8.017867584952246,48.0977049094503,46173.0,3.4235294117647057
1597.7984021999998,4.836044313535851,21.211888829166167,45494.0,3.383720930232558
1597.998402,4.597225938810097,13.594734411428428,44844.0,3.3976608187134505
1598.1984017999998,,298.41886568678626,19049.0,1.9572649572649572
1598.3984016,3.0144699591066373,0.4039977171677006,19074.0,1.9914529914529915
1598.5984013999998,,331.6784783090043,43265.0,3.5705521472392636
1598.7984012,,300.72377501091466,18091.0,2.1363636363636362
1598.9984009999998,2.5169730087762874,2.068978079921059,18117.0,2.1545454545454548
1599.1984008,2.6041701417848206,3.3158242507122413,17985.0,2.1454545454545455
1599.3984005999998,2.4581568977044794,1.1334515438665707,17948.0,2.1743119266055047
1599.5984004,2.533233049194941,2.598127597144386,17949.0,2.1743119266055047
1599.7984001999998,2.5217147345976882,3.47525417148138,17822.0,2.1454545454545455
1599.9984,2.5785055042811074,2.5129400848508423,17986.0,2.1545454545454548
1600.1983997999998,2.486367437970449,1.9936540697141434,17935.0,2.1636363636363636
1600.3983996,2.790802823114248,4.60204590530794,18136.0,2.18348623853211
1600.5983993999998,2.5677315227070348,1.6963547563818953,17968.0,2.1545454545454548
1600.7983992,2.551190343131776,3.407824016040184,17894.0,2.1545454545454548
1600.9983989999998,5.4159885112494015,16.65849844639127,18801.0,2.1339285714285716
1601.1983988,3.3608974014095874,10.726017484299058,18587.0,2.1517857142857144
1601.3983985999998,2.6802695212737055,2.376032623016061,18403.0,2.142857142857143
1601.5983984,2.487227074235808,1.5300044473141423,18320.0,2.1621621621621623
1601.7983981999998,2.4166666666666665,1.8935624188612123,18288.0,2.1531531531531534
1601.998398,2.3901382185168933,1.0343702484159296,18232.0,2.1621621621621623
1602.1983977999998,2.4367161399857604,1.0659986458540909,18259.0,2.1621621621621623
1602.3983976,2.4714293510887955,2.238997927021802,18323.0,2.190909090909091
1602.5983973999998,,305.6539022694827,43240.0,3.6375
1602.7983972,,305.33930266743306,18217.0,2.172727272727273
1602.9983969999998,,303.5561423053473,43228.0,3.6149068322981366
1603.1983968,,303.80681115176253,18176.0,2.2018348623853212
1603.3983965999998,2.459126048577225,1.9554648091523548,18239.0,2.2110091743119265
1603.5983964,2.4493743511283537,2.2801844817002492,18301.0,2.2
1603.7983961999998,2.604500192551026,3.6708625471393157,18177.0,2.2018348623853212
1603.998396,2.428539993398614,0.9566054376124559,18178.0,2.2110091743119265
1604.1983957999998,,216.5270761229799,49909.0,3.0793650793650795
1604.3983956,5.455998325075023,55.658605774040076,42987.0,3.4642857142857144
1604.5983953999998,8.431533437158597,13.4783391713615,43021.0,3.5272727272727273
1604.7983952,10.047184281644876,16.03463913819847,41073.0,3.2824858757062145
1604.9983949999998,7.209655490854988,23.032234902788726,38983.0,3.548780487804878
1605.1983948,8.148820507705352,13.015140704970122,40102.0,3.4437869822485205
1605.3983945999998,,460.5184068597996,13460.0,1.92
1605.5983944,,506.0936303273532,38582.0,4.0137931034482754
1605.7983941999998,,452.2014142351212,12841.0,2.3222222222222224
1605.998394,7.797443097842152,13.349496541781875,13532.0,2.1382978723404253
1606.1983937999998,,457.22527781108863,38837.0,3.9591836734693877
1606.3983936,,485.1938798319585,13724.0,2.0412371134020617
1606.5983933999998,3.239329379896039,6.1438114835429465,13659.0,2.09375
1606.7983932,,472.5077564379993,38945.0,3.9863013698630136
1606.9983929999999,2.385856461293798,0.820481577748845,38986.0,3.9523809523809526
1607.1983928,,471.7309724802154,13512.0,2.1157894736842104
1607.3983925999999,,472.2882135202454,38805.0,4.0137931034482754
1607.5983924,2.451947050507647,1.6897534306546367,38905.0,4.0137931034482754
1607.7983921999999,2.273094435726597,0.41322624593485435,38873.0,4.0137931034482754
1607.998392,2.327504056455559,0.801680164605066,38827.0,4.020689655172414
1608.1983917999999,2.3266494845360826,0.7877598305388698,38800.0,4.041666666666667
1608.3983916,2.295874748931349,0.8784853652620982,38834.0,4.020689655172414
1608.5983913999999,2.3426501567075992,1.1052333219063053,38926.0,4.0137931034482754
1608.7983912,2.473563985421693,0.47136448876957393,38962.0,4.0137931034482754
1608.9983909999999,2.4980803421886675,1.6061947718862852,38809.0,4.041666666666667
1609.1983908,2.316107779808014,0.44648932594244745,38857.0,4.041666666666667
1609.3983905999999,2.37530590690126,0.29922123132958045,38819.0,4.0137931034482754
1609.5983904,2.407110239673899,0.8951470587061278,38761.0,4.041666666666667
1609.7983901999999,3.6829703222519425,6.3259679438892364,39255.0,3.925675675675676
1609.99839,3.2916182488758654,8.783057340831444,39586.0,3.8543046357615895
1610.1983897999999,3.7247023055485178,9.45544440613541,39470.0,3.8289473684210527
1610.3983896,,432.3408847551663,15482.0,1.8504672897196262
1610.5983893999999,,451.41076386782225,41244.0,3.5
1610.7983892,5.982342235994294,30.184319102453514,40662.0,3.6375
1610.9983889999999,4.391962965655978,8.646588489382278,41259.0,3.63125
1611.1983888,,295.53117691128926,16886.0,2.1333333333333333
1611.3983885999999,20.872247810902465,210.78707390075422,19757.0,3.4035087719298245
1611.5983884,14.08209196144445,49.98954182364507,21683.0,3.183333333333333
1611.7983881999999,9.241000578065059,90.97870036259759,19029.0,3.209090909090909
1611.998388,5.668168085690744,14.84062456101119,18205.0,3.4134615384615383
1612.1983877999999,7.584831553908281,26.876352475257256,18077.0,3.5742574257425743
1612.3983876,6.114019676739283,19.43254475124396,17076.0,3.778947368421053
1612.5983873999999,5.258847441415591,17.902674079447046,16728.0,3.858695652173913
1612.7983872,6.056509892192868,5.81195662659686,16882.0,3.901098901098901
1612.9983869999999,16.2846326117095,31.80883424027966,18754.0,3.3461538461538463
1613.1983868,8.694313200888029,55.58216483855521,17567.0,3.303921568627451
1613.3983865999999,18.120623229461756,98.72008512767566,17650.0,2.7217391304347824
1613.5983864,6.867921199647163,16.961468381127798,17005.0,2.617391304347826
1613.7983861999999,,424.9476238797435,63067.0,2.897196261682243
1613.998386,,454.8971607338765,13375.0,2.4690265486725664
1614.1983857999999,,456.357358589367,61877.0,2.897196261682243
1614.3983856,,238.76627828934008,40863.0,3.288135593220339
1614.5983853999999,,185.3083582140185,18363.0,2.9642857142857144
1614.7983852,9.586330571832693,22.385793459039903,19796.0,2.9051724137931036
1614.9983849999999,6.2750730282375855,6.57587860812542,20540.0,2.8803418803418803
1615.1983848,12.03512082853855,58.3422433598096,21725.0,3.0
1615.3983845999999,7.061589461746489,17.60340191161534,22926.0,2.975206611570248
1615.5983844,5.532846715328467,32.83531874338429,22605.0,2.991596638655462
1615.7983841999999,,174.14378331752718,42075.0,3.411042944785276
1615.998384,,167.51624146667493,22224.0,3.1130434782608694
1616.1983837999999,2.5809234121759657,4.300419447223522,22027.0,3.1130434782608694
1616.3983836,,169.0778527753443,41807.0,3.432098765432099
1616.5983833999999,,168.17290745622734,22023.0,3.121739130434783
1616.7983832,2.3273471243464425,0.8682972700447537,21995.0,3.121739130434783
1616.9983829999999,,169.24921863216696,41656.0,3.459627329192547
1617.1983828,2.4285133454510666,1.7231538675191214,41812.0,3.453416149068323
1617.3983825999999,,168.4989212493157,22060.0,3.1403508771929824
1617.5983824,2.4770467238795804,2.424830483036519,22023.0,3.1491228070175437
1617.7983821999999,,169.27837009162405,41635.0,3.475
1617.998382,,168.90119527643378,21927.0,3.168141592920354
1618.1983817999999,,169.61439144590486,41583.0,3.475
1618.3983816,,167.89019928525778,21770.0,3.1769911504424777
1618.5983813999999,2.30348623853211,0.18063472207543602,21800.0,3.1964285714285716
1618.7983812,,169.33829373287907,41410.0,3.49685534591195
1618.9983809999999,,168.27368244154715,21659.0,3.1875
1619.1983808,2.315871991146362,2.10646199364111,21686.0,3.1964285714285716
1619.3983805999999,,167.96435766544406,41384.0,3.490566037735849
1619.5983804,2.241495859588132,1.199415875265189,41421.0,3.5126582278481013
1619.7983801999999,,167.27062368303777,21628.0,3.225225225225225
1619.99838,2.6054116558741907,2.19377590663202,21620.0,3.225225225225225
1620.1983797999999,2.3149168712082617,0.5450710828419181,21593.0,3.225225225225225
1620.3983796,2.687470911291073,3.4002684900777034,21486.0,3.225225225225225
1620.5983793999999,,168.30985457838221,41188.0,3.518987341772152
1620.7983792,,168.6915263097883,21508.0,3.225225225225225
1620.9983789999999,,168.2388862349555,41223.0,3.518987341772152
1621.1983788,,168.46297022715677,21438.0,3.2072072072072073
1621.3983786,2.4004848710895614,1.347877811457491,21449.0,3.2072072072072073
1621.5983784,2.3410374935798663,0.4682803401301953,21417.0,3.2072072072072073
1621.7983782,,168.5969840760825,41158.0,3.5414012738853504
1621.998378,,167.8207278469327,21320.0,3.2363636363636363
1622.1983778,2.383964073536979,0.6988840233303957,21377.0,3.2363636363636363
1622.3983776,2.352532507158616,0.04391090493244758,21303.0,3.2363636363636363
1622.5983774,2.3374420021558793,1.77164773662703,21337.0,3.2363636363636363
1622.7983772,2.333583138173302,1.6304848086978316,21350.0,3.2162162162162162
1622.998377,,169.40983469126863,40998.0,3.554140127388535
1623.1983768,,168.9826786506677,21250.0,3.2162162162162162
1623.3983766,,168.712964459228,40992.0,3.535031847133758
1623.5983764,,168.51069922271319,21316.0,3.2363636363636363
1623.7983762,2.4161083325469472,1.8904950940445844,21194.0,3.2363636363636363
1623.998376,,167.65927438565055,41043.0,3.518987341772152
1624.1983758,,78.06000721137517,33804.0,3.027972027972028
1624.3983756,,117.47784639263546,22653.0,3.1130434782608694
1624.5983754,3.154440671908506,3.1629448986650215,22384.0,3.1578947368421053
1624.7983752,,168.1872849344609,42036.0,3.475
1624.998375,,166.09470441463768,22104.0,3.2142857142857144
1625.1983748,2.337310588875783,1.8183710585698842,22042.0,3.205357142857143
1625.3983746,2.372105693271588,1.6968189403330858,22026.0,3.2142857142857144
1625.5983744,2.346052392213935,0.23023612889359307,21988.0,3.2142857142857144
1625.7983742,2.3944297565867445,0.251923161237515,21938.0,3.2142857142857144
1625.998374,4.751911678204606,9.274648921523596,22101.0,3.1130434782608694
1626.1983738,2.7700492883136025,6.066872487897609,21709.0,3.1228070175438596
1626.3983736,2.6376515397835476,2.982421025418826,21529.0,3.1875
1626.5983734,2.3808705346773817,1.4369728695409636,21527.0,3.1785714285714284
1626.7983732,,162.10938480996774,40475.0,2.9182389937106916
1626.998373,,162.2805083359945,21581.0,3.1964285714285716
1627.1983728,,149.8026586206642,42042.0,2.7951807228915664
1627.3983726,5.705696705492359,51.57104461140509,44043.0,3.289940828402367
1627.5983724,,159.17177040811558,23267.0,3.128205128205128
1627.7983722,3.1614062773978606,7.276253980530642,22812.0,3.2017543859649122
1627.998372,2.58307210031348,1.8563026406011784,22649.0,3.2389380530973453
1628.1983718,2.570158365035831,2.4515755482293167,22606.0,3.247787610619469
1628.3983716,2.430397790547463,1.7193410396852344,22449.0,3.2767857142857144
1628.5983714,2.414709434975171,2.5924247297883065,22353.0,3.2767857142857144
1628.7983712,2.954093140506833,4.687988611064224,22611.0,3.256637168141593
1628.998371,10.216555833837118,50.450080513697316,23158.0,3.15
1629.1983708,7.271201335794006,22.38955618081119,22758.0,3.0403225806451615
1629.3983706,4.686622608094683,7.216514795756233,23151.0,3.1322314049586777
1629.5983704,5.02188038721655,20.303608632871555,22623.0,3.2844827586206895
1629.7983702,,165.40033864791783,42971.0,3.3696969696969696
1629.99837,,164.33325128199158,22354.0,3.3391304347826085
1630.1983698,,181.99409264903798,41003.0,3.5414012738853504
1630.3983696,3.735123512351235,16.820198315659738,39996.0,3.6103896103896105
1630.5983694,,171.3054060565514,20149.0,3.514018691588785
1630.7983692,,172.06258916376453,40045.0,3.633986928104575
1630.998369,,170.52218407940248,20002.0,3.514018691588785
1631.1983688,2.5205335205335206,1.6328786329599512,19943.0,3.580952380952381
1631.3983686,2.5268833308372023,2.416758946519031,20031.0,3.547169811320755
1631.5983684,2.517256925311827,0.6622075367589784,19963.0,3.547169811320755
1631.7983682,2.45851594378117,1.0605900564460682,19851.0,3.5904761904761906
1631.998368,5.370626998740188,7.270956551197417,20638.0,3.4444444444444446
1632.1983678,3.0958541605410175,4.274214347133216,20406.0,3.5046728971962615
1632.3983676,2.6387856863511927,2.1183889154972118,20456.0,3.5046728971962615
1632.5983674,2.425527736867943,0.9660716893422726,20370.0,3.5046728971962615
1632.7983672,2.422959685349066,0.8718531603553266,20340.0,3.514018691588785
1632.998367,2.507252096694623,1.2378965556590138,20270.0,3.5046728971962615
1633.1983668,2.4055294988891633,1.2750984516410988,20255.0,3.514018691588785
1633.3983666,2.440315038149151,0.5527672196617337,20315.0,3.514018691588785
1633.5983664,2.487248916896416,1.7221983357475459,20312.0,3.514018691588785
1633.7983662,2.6109654114503438,2.570854164780929,20209.0,3.5046728971962615
1633.9983659999998,,168.27726909184847,40455.0,3.6103896103896105
1634.1983658,,169.72879745567744,20361.0,3.547169811320755
1634.3983655999998,3.146624524667885,6.244541603552331,20249.0,3.5046728971962615
1634.5983654,2.447674992595518,0.22014625018858944,20258.0,3.514018691588785
1634.7983651999998,2.752131276794954,4.1667980083302725,20293.0,3.514018691588785
1634.998365,2.528393351800554,2.21922892589159,20216.0,3.5046728971962615
1635.1983647999998,2.5750482506062258,2.9826043336584624,20207.0,3.5377358490566038
1635.3983646,2.4593941188079733,1.2684971522895037,20268.0,3.514018691588785
1635.5983643999998,2.5372801585335645,1.7652469778193427,20185.0,3.547169811320755
1635.7983642,2.647705331947126,1.7332141551111444,20199.0,3.5377358490566038
1635.9983639999998,2.491911946574326,0.43636398939197313,20215.0,3.514018691588785
1636.1983638,2.518751548179341,1.5075382641262898,20185.0,3.5046728971962615
1636.3983635999998,2.3886713910501016,0.6488422520308796,20179.0,3.5714285714285716
1636.5983634,2.6983491498616052,1.4251975803296093,20232.0,3.547169811320755
1636.7983631999998,2.5172841958875534,1.4514926817106526,20134.0,3.5377358490566038
1636.998363,2.5205921804361866,1.4172459174590812,20129.0,3.5377358490566038
1637.1983627999998,2.407876440206595,0.768624375250331,20136.0,3.5377358490566038
1637.3983626,2.9982220466218887,4.351686878853915,20248.0,3.514018691588785
1637.5983623999998,2.4124282604393428,1.128105514142458,20212.0,3.547169811320755
1637.7983622,2.8243350535926957,3.6023310414098457,20152.0,3.547169811320755
1637.9983619999998,2.418299353555445,1.4643010719615657,20110.0,3.547169811320755
1638.1983618,,154.94261310149102,42033.0,3.5126582278481013
1638.3983615999998,,165.1960510334417,21814.0,3.4727272727272727
1638.5983614,,163.81860974956882,41092.0,2.9240506329113924
1638.7983611999998,,167.32726517539373,21045.0,3.3839285714285716
1638.998361,6.775353497518494,10.572749117984811,21358.0,3.208695652173913
1639.1983607999998,3.9089659096297,7.08772109395404,21091.0,3.1913043478260867
1639.3983606,8.5475207509452,13.26567412676416,23011.0,3.1
1639.5983603999998,7.478892821031345,28.570901174172928,23736.0,2.959016393442623
1639.7983602,,173.8897333289602,43094.0,3.2705882352941176
1639.9983599999998,,167.757868796374,23449.0,2.983739837398374
1640.1983598,,166.30369906222353,42400.0,2.7076023391812867
1640.3983595999998,,172.3374445512184,22835.0,3.1416666666666666
1640.5983594,3.691620062530274,12.05763452455169,22709.0,3.376068376068376
1640.7983591999998,6.604441512752858,40.91451422145232,22740.0,3.066666666666667
1640.998359,5.209672400764546,34.1631462871909,22497.0,3.4956521739130433
1641.1983587999998,5.944479101684342,35.20261761765773,22442.0,3.3771929824561404
1641.3983586,8.872170678140828,51.19638060349018,22311.0,3.3628318584070795
1641.5983583999998,3.4595532121548493,12.772886446960445,21621.0,3.4862385321100917
1641.7983582,2.872969596001666,4.569052560137192,21609.0,3.5185185185185186
1641.9983579999998,,165.80043886145177,41359.0,2.9806451612903224
1642.1983578,,162.0654650920894,21358.0,3.5754716981132075
1642.3983575999998,2.391159651260898,2.035635797320995,21334.0,3.5849056603773586
1642.5983574,,163.36509014312085,41849.0,3.633986928104575
1642.7983571999998,,164.43365850565144,21202.0,3.5754716981132075
1642.998357,2.4450910456166697,2.3665311923461716,21308.0,3.5849056603773586
1643.1983567999998,2.7132134258603595,1.332755118772034,21183.0,3.6095238095238096
1643.3983566,2.75087124423095,4.8463299233147294,21234.0,3.5754716981132075
1643.5983563999998,2.8266710662769867,4.958867160994209,21214.0,3.6095238095238096
1643.7983562,2.5893640092404886,2.898781269866879,21211.0,3.619047619047619
1643.9983559999998,2.372813428261587,0.5308873129294263,21209.0,3.5754716981132075
1644.1983558,2.483393093036422,1.4451183558548126,21196.0,3.6095238095238096
1644.3983555999998,2.8840400778764423,0.9768300992119633,21059.0,3.6346153846153846
1644.5983554,2.4847062171005834,0.9411284995074642,21087.0,3.6095238095238096
1644.7983551999998,2.997395093303022,1.266965550448292,21114.0,3.6095238095238096
1644.998355,2.3678166374033123,1.33267351675531,21073.0,3.6538461538461537
1645.1983547999998,2.5722510348765284,4.130162495276536,21017.0,3.644230769230769
1645.3983546,2.402170821878851,0.4443001263011197,21098.0,3.644230769230769
1645.5983543999998,2.36574512402954,0.9636371102053183,21124.0,3.6095238095238096
1645.7983542,2.375089137152365,0.6029349330659661,21035.0,3.6346153846153846
1645.9983539999998,,163.25942682930162,41734.0,3.6821192052980134
1646.1983538,2.2338746431912493,0.24319194382016665,41689.0,3.6754966887417218
1646.3983535999998,,163.6525889444676,21038.0,3.6346153846153846
1646.5983534,2.3549033643521833,2.1955723666542117,20955.0,3.625
1646.7983531999998,2.516067421095354,2.7146178759325803,20943.0,3.6346153846153846
1646.998353,2.607315455320762,1.6091995557154337,21106.0,3.6
1647.1983527999998,2.5659177820267685,2.098691354154305,20920.0,3.6699029126213594
1647.3983526,2.3477222805844713,0.8254656198902194,20942.0,3.679611650485437
1647.5983523999998,2.377195081104359,1.056066696874661,20899.0,3.644230769230769
1647.7983522,16.316032485468114,37.825768501601736,24257.0,3.2711864406779663
1647.9983519999998,4.759761926233204,29.54614462576492,22178.0,3.5833333333333335
1648.1983518,2.9656677731799372,8.3215670890468,21991.0,3.6448598130841123
1648.3983515999998,2.7562002379427106,3.9294610956278144,21854.0,3.7523809523809524
1648.5983514,2.454395453295444,2.9113926662570506,21818.0,3.7523809523809524
1648.7983511999998,2.4615981027091123,0.6857139451691527,21926.0,3.7523809523809524
1648.998351,2.446155968364907,2.1843147774511533,21748.0,3.7523809523809524
1649.1983507999998,2.3799299668263916,0.7892593791512567,21704.0,3.7788461538461537
1649.3983506,,162.59218146612585,42285.0,3.6821192052980134
1649.5983503999998,,164.23412544670154,21811.0,3.7884615384615383
1649.7983502,,161.01686975761226,42460.0,3.627450980392157
1649.9983499999998,,161.61051650637648,21894.0,3.7333333333333334
1650.1983498,,163.7871540748521,41559.0,3.039473684210526
1650.3983495999998,,162.8778261396304,21782.0,3.742857142857143
1650.5983494,2.6750057273768615,2.4727544520446134,21825.0,3.742857142857143
1650.7983491999998,3.3703002309468824,1.1704675851909225,21650.0,3.7884615384615383
1650.998349,,163.8811096792983,41419.0,3.066225165562914
1651.1983487999998,2.461498414501396,28.53515720590309,42258.0,3.6821192052980134
1651.3983486,,162.24529194477583,21762.0,3.7884615384615383
1651.5983483999998,2.4902304147465437,0.4214640659332449,21700.0,3.7884615384615383
1651.7983482,2.372739852398524,1.1309088172929052,21680.0,3.7884615384615383
1651.9983479999999,2.3964832933357947,0.36287769085824306,21668.0,3.7884615384615383
1652.1983478,2.3842959955711387,0.5685026413055307,21676.0,3.7788461538461537
1652.3983475999999,2.496165573316086,2.1678602300093632,21646.0,3.7884615384615383
1652.5983474,2.6545184773032875,3.651362283861681,21567.0,3.7884615384615383
1652.7983471999999,2.3135319619961257,1.2539354313402482,21682.0,3.7884615384615383
1652.998347,2.5502777777777776,0.3256256886416837,21600.0,3.8155339805825244
1653.1983467999999,,116.76698328895378,33995.0,3.2313432835820897
1653.3983466,,115.47735030916162,21521.0,3.8155339805825244
1653.5983463999999,2.407797632861453,0.7643191993037293,21545.0,3.8155339805825244
1653.7983462,,115.97720840292328,33976.0,3.2313432835820897
1653.9983459999999,,124.39298594989283,22466.0,3.5045045045045047
1654.1983458,3.286784618162123,10.568094793149857,22156.0,3.663551401869159
1654.3983455999999,,178.81661101284297,44559.0,3.6835443037974684
1654.5983454,,177.6963766129683,21773.0,3.4766355140186915
1654.7983451999999,2.4937598225016178,1.9469028698676378,21634.0,3.518867924528302
1654.998345,2.4092889589320476,0.6344800827057524,21574.0,3.518867924528302
1655.1983447999999,2.9111439523391676,4.703758053984792,21653.0,3.518867924528302
1655.3983446,,164.96738415071923,41854.0,3.6578947368421053
1655.5983443999999,,69.5226269972636,33746.0,3.1838235294117645
1655.7983442,,112.63255386379265,21415.0,3.552380952380952
1655.9983439999999,2.357319520276261,0.24847556750187605,21429.0,3.5428571428571427
1656.1983438,,116.44743474899384,33526.0,3.1838235294117645
1656.3983435999999,,114.84762989031411,21354.0,3.5428571428571427
1656.5983434,2.3847128378378377,1.028985241832151,21312.0,3.576923076923077
1656.7983431999999,2.3735995874935547,0.7499780134151517,21333.0,3.576923076923077
1656.998343,,6.351582128036572,21003.0,3.576923076923077
1657.1983427999999,,3.4891335924765294,21394.0,3.552380952380952
1657.3983426,2.4435699226985244,2.6650671739324263,21345.0,3.576923076923077
1657.5983423999999,2.5768439749462466,2.920230764469789,21394.0,3.5428571428571427
1657.7983422,,163.7408705539119,41656.0,3.6754966887417218
1657.9983419999999,,163.57969228991357,21362.0,3.5865384615384617
1658.1983418,2.6802977480448504,4.840678225898678,21226.0,3.576923076923077
1658.3983415999999,2.3456424712238664,0.7833815486936421,21285.0,3.576923076923077
1658.5983414,,162.74133521886193,41564.0,3.6754966887417218
1658.7983411999999,2.243022611794736,0.8025410763062885,41527.0,3.6887417218543046
1658.998341,,163.45574003569388,21262.0,3.576923076923077
1659.1983407999999,2.3683468121120934,0.4207033557755347,21268.0,3.576923076923077
1659.3983406,2.502229732901469,1.906626883303038,21303.0,3.576923076923077
1659.5983403999999,,163.87034279594369,41486.0,3.6821192052980134
1659.7983402,,163.23522232372446,21197.0,3.5673076923076925
1659.9983399999999,2.5651477310211583,2.5471032993680374,21221.0,3.576923076923077
1660.1983398,,163.5423343206109,41475.0,3.6821192052980134
1660.3983395999999,,162.5166020708035,21141.0,3.5673076923076925
1660.5983394,2.3367134192570127,1.021422582253528,21104.0,3.6116504854368934
1660.7983391999999,2.3096297699081525,0.919438728193401,21122.0,3.6019417475728157
1660.998339,2.3764744895542185,1.32854959857924,21109.0,3.6116504854368934
1661.1983387999999,2.3933936780247382,0.9575932753554014,21101.0,3.6116504854368934
1661.3983386,2.4152767247915086,1.9015730491256388,21104.0,3.6019417475728157
1661.5983383999999,2.3775418305920275,0.5849807667790504,21097.0,3.6116504854368934
1661.7983382,2.350004740684555,0.6954830000263333,21094.0,3.6019417475728157
1661.9983379999999,2.340684879529501,0.6811297071748144,21084.0,3.6019417475728157
1662.1983378,2.3217795926119367,0.34454717352802733,21061.0,3.5673076923076925
1662.3983375999999,2.3757044754913568,0.6527457306241423,21115.0,3.6116504854368934
1662.5983374,2.3720037896731405,1.4068761519754902,21110.0,3.6019417475728157
1662.7983371999999,2.397021861810594,1.5748614379473258,21087.0,3.6116504854368934
1662.998337,2.4254775865330056,1.394354149724694,21148.0,3.576923076923077
1663.1983367999999,2.4456015216357585,1.8040563881460498,21030.0,3.6019417475728157
1663.3983366,2.4424597504048777,1.69158761395484,20994.0,3.6019417475728157
1663.5983363999999,2.3846080533714558,0.6439633467654102,20985.0,3.6019417475728157
1663.7983362,2.343772309742516,0.98953362324053,21011.0,3.6019417475728157
1663.9983359999999,2.357193918886718,0.3746866453284328,20983.0,3.6019417475728157
1664.1983358,2.3684260761668416,0.6439208384303304,20954.0,3.6019417475728157
1664.3983355999999,2.3214285714285716,0.5495547711354476,20944.0,3.6019417475728157
1664.5983354,2.327832101120916,0.13860873186387643,20965.0,3.592233009708738
1664.7983351999999,2.361441751517759,0.6054707220300461,20919.0,3.6019417475728157
1664.998335,,162.68991901916178,41171.0,3.7248322147651005
1665.1983347999999,,162.757884842833,20919.0,3.627450980392157
1665.3983346,,162.15037965834546,41253.0,3.7
1665.5983343999999,,162.7505444349785,20987.0,3.6372549019607843
1665.7983342,,163.28988712135126,41228.0,3.7
1665.9983339999999,,163.49070503655832,20975.0,3.6372549019607843
1666.1983338,2.3559645275102508,0.413733219662357,20974.0,3.6019417475728157
1666.3983336,2.49782660616193,2.6536957381700095,20935.0,3.6019417475728157
1666.5983334,,161.28970915248905,40321.0,3.1140939597315436
1666.7983332,2.1795445154704325,29.611349545904606,41143.0,3.7315436241610738
1666.998333,2.210105672294425,0.27791593477498294,41165.0,3.7248322147651005
1667.1983328,,163.00272852361655,20882.0,3.6019417475728157
1667.3983326,2.3607170245398774,1.1455723774880822,20864.0,3.6372549019607843
1667.5983324,,162.7894439095656,41124.0,3.7315436241610738
1667.7983322,,163.1688992760833,20900.0,3.592233009708738
1667.998332,2.5007875519068303,1.6559814956899652,20951.0,3.6019417475728157
1668.1983318,2.550362649502858,1.7181907433465953,20819.0,3.592233009708738
1668.3983316,2.3553956834532372,0.7806342584745863,20850.0,3.6372549019607843
1668.5983314,2.372442868777847,0.8230278559401203,20873.0,3.592233009708738
1668.7983312,2.3906737741919994,0.6262928012035411,20823.0,3.627450980392157
1668.998331,2.361987041036717,0.9120616158101165,20835.0,3.592233009708738
1669.1983308,2.3127763891559314,0.3372454276361189,20804.0,3.627450980392157
1669.3983306,2.342362642631125,0.8527550292649931,20858.0,3.627450980392157
1669.5983304,2.5228698692466116,3.457327872267331,20879.0,3.6019417475728157
1669.7983302,,163.93394028927304,41072.0,3.7248322147651005
1669.99833,,163.17000201912515,20827.0,3.592233009708738
1670.1983298,2.3568508632712932,0.36866183695279325,20793.0,3.627450980392157
1670.3983296,2.4538148768237265,0.7978548938592585,20905.0,3.627450980392157
1670.5983294,2.408097438860004,0.6745613756213494,20772.0,3.627450980392157
1670.7983292,,162.9657238319786,41058.0,3.7315436241610738
1670.998329,2.215290966642318,0.34880236668629494,41070.0,3.7315436241610738
1671.1983288,,163.31718026082532,20837.0,3.627450980392157
1671.3983286,,163.9739725528291,41021.0,3.75
1671.5983284,,162.72180591435819,20745.0,3.627450980392157
1671.7983282,,162.27198996559733,41017.0,3.7248322147651005
1671.998328,2.350318781330608,1.3254283907778805,41094.0,3.7315436241610738
1672.1983278,,162.52884046193589,20801.0,3.627450980392157
1672.3983276,2.500434069644063,2.9064933663801287,20734.0,3.627450980392157
1672.5983274,2.353723788864787,0.5387580461706801,20745.0,3.627450980392157
1672.7983272,2.4525158440560784,1.255200023154525,20828.0,3.627450980392157
1672.998327,2.521605383321317,2.748803834238285,20805.0,3.627450980392157
1673.1983268,2.5518552384619086,4.770137307479773,20779.0,3.627450980392157
1673.3983266,,162.47739410954924,40958.0,3.7567567567567566
1673.5983264,,163.1394238428363,20771.0,3.627450980392157
1673.7983262,2.513009185783677,2.4816608886565046,20793.0,3.6372549019607843
1673.998326,2.4667981907419883,1.9317066432034264,20782.0,3.6372549019607843
1674.1983258,2.6422577087229655,2.7281233104856897,20853.0,3.5825242718446604
1674.3983256,2.611996962794229,1.9364137025242998,21072.0,3.5576923076923075
1674.5983254,2.416642931738346,1.6933538889299067,21066.0,3.592233009708738
1674.7983252,2.3638185201087736,0.8801855137620244,20961.0,3.592233009708738
1674.998325,,163.11351781032957,41225.0,3.7066666666666666
1675.1983248,,162.73377884727344,20966.0,3.5576923076923075
1675.3983246,2.407186485970605,1.9212037188796267,20956.0,3.592233009708738
1675.5983244,,163.5392447724046,41118.0,3.7066666666666666
1675.7983242,,163.10510662958956,20901.0,3.592233009708738
1675.998324,2.5171672794995463,1.645387711047112,20941.0,3.5825242718446604
1676.1983238,2.4130351498898572,1.178988692682515,20882.0,3.6176470588235294
1676.3983236,,115.21298254108795,33000.0,3.255639097744361
1676.5983234,,114.08238131960421,20807.0,3.627450980392157
1676.7983232,,162.50934069703453,41099.0,3.7315436241610738
1676.998323,,163.43115655016354,20898.0,3.5825242718446604
1677.1983228,,163.61211119027735,41057.0,3.7315436241610738
1677.3983226,,162.4758155622104,20765.0,3.627450980392157
1677.5983224,2.344696605442831,0.8224245003661518,20798.0,3.627450980392157
1677.7983222,2.343629900076864,0.8147438058198695,20816.0,3.6176470588235294
1677.998322,2.3519976949673453,1.6152427575629416,20824.0,3.6176470588235294
1678.1983217999998,,115.06635447237274,32905.0,3.255639097744361
1678.3983216,,113.63913144531588,20764.0,3.6176470588235294
1678.5983213999998,2.3517091959557055,1.2749837083274522,20770.0,3.6176470588235294
1678.7983212,,160.14517503749107,40219.0,3.1283783783783785
1678.9983209999998,,53.97929123242219,32913.0,3.2803030303030303
1679.1983208,,70.73976649137066,41018.0,3.7315436241610738
1679.3983205999998,2.248450143159467,29.89224612281003,40165.0,3.1073825503355703
1679.5983204,2.3004556419190565,30.402132502636352,41041.0,3.7248322147651005
1679.7983201999998,,162.36277492103676,20747.0,3.6176470588235294
1679.99832,2.383047573049988,1.1047573404054845,20705.0,3.6176470588235294
1680.1983197999998,2.3468375162580086,0.6499442386833318,20759.0,3.6176470588235294
1680.3983196,2.6124484511364727,2.899780433751273,20854.0,3.6176470588235294
1680.5983193999998,2.5824652777777777,3.682468194888589,20736.0,3.607843137254902
1680.7983192,2.3465662126919735,0.28398095590201977,20706.0,3.6176470588235294
1680.9983189999998,2.3905179897752484,0.3942431690742963,20734.0,3.607843137254902
1681.1983188,2.430851576815508,1.6040383185964104,20738.0,3.6176470588235294
1681.3983185999998,,162.88759346503625,40972.0,3.7567567567567566
1681.5983184,,162.29117123611974,20709.0,3.6176470588235294
1681.7983181999998,2.3255286279810754,1.1905485820700215,20714.0,3.6176470588235294
1681.998318,2.551709175063883,3.3312706002141894,20741.0,3.6176470588235294
1682.1983177999998,,163.05528983142798,40939.0,3.7567567567567566
1682.3983176,,162.35648949789794,20679.0,3.6176470588235294
1682.5983173999998,2.433959523578968,1.904895433203859,20654.0,3.607843137254902
1682.7983172,2.366029170288805,0.3252893015462794,20706.0,3.607843137254902
1682.9983169999998,,163.0728903316961,40916.0,3.7567567567567566
1683.1983168,,163.12115897740716,20649.0,3.607843137254902
1683.3983165999998,2.349497195900213,0.3032533614941748,20684.0,3.607843137254902
1683.5983164,2.3295108143417043,0.7817296036039537,20667.0,3.607843137254902
1683.7983161999998,2.3184192705814066,0.9801074688728988,20674.0,3.607843137254902
1683.998316,,162.69880285288144,40969.0,3.77027027027027
1684.1983157999998,,163.40110005720703,20692.0,3.6176470588235294
1684.3983156,4.62975730190525,8.36082072224869,21467.0,3.4952380952380953
1684.5983153999998,2.776496611445783,2.734250381438759,21248.0,3.5384615384615383
1684.7983152,2.438785134880211,0.3123751048813054,21204.0,3.5288461538461537
1684.9983149999998,2.43910741301059,2.3833998015394484,21152.0,3.5728155339805827
1685.1983148,,112.1387931727961,33264.0,3.2388059701492535
1685.3983145999998,,112.21676323658575,21073.0,3.5728155339805827
1685.5983144,2.3374174858716814,0.6015854330659621,21057.0,3.563106796116505
1685.7983141999998,2.3089434749620636,0.6973805528246506,21088.0,3.5288461538461537
1685.998314,2.3334917541941924,1.4889550792360056,21041.0,3.563106796116505
1686.1983137999998,2.4118178360905116,2.6017785725591662,21036.0,3.563106796116505
1686.3983136,2.4007314524555903,1.649455368252972,21054.0,3.563106796116505
1686.5983133999998,,162.47951922297165,41361.0,3.7066666666666666
1686.7983132,,162.63794887237935,21074.0,3.5288461538461537
1686.9983129999998,,113.85930202885952,33125.0,3.2313432835820897
1687.1983128,,112.4812178052401,20981.0,3.563106796116505
