t,motion,speed,area,elong
0.0,,,49307.0,1.4705882352941178
0.19999979999999998,5.485197804664069,4.977685126735849,49013.0,1.4411764705882353
0.39999959999999996,5.454424388944662,3.271711555682874,48809.0,1.4558823529411764
0.5999994,5.148646674596716,12.295741096100762,47919.0,1.4607843137254901
0.7999991999999999,5.795154728146961,11.313575924405542,48666.0,1.4656862745098038
0.999999,,12.398194537875357,49755.0,1.5913461538461537
1.1999988,,10.041415262726703,48885.0,1.4901960784313726
1.3999986,,7.4334191638051506,49357.0,1.4780487804878049
1.5999983999999998,,13.868287221970286,48198.0,1.4803921568627452
1.7999981999999999,5.408764114782969,2.0918977120319378,48265.0,1.4852941176470589
1.999998,5.59983429991715,1.6080150075536028,48280.0,1.4852941176470589
2.1999978,5.675894316512528,4.658271013672193,48333.0,1.5147058823529411
2.3999976,5.6966452243302665,11.139948076023485,49124.0,1.5
2.5999974,5.498458376156218,16.06999535015127,47677.0,1.4901960784313726
2.7999972,,10.331142239343073,48573.0,1.6298076923076923
2.999997,,20.3648457371866,48680.0,1.5
3.1999967999999996,6.922728826853844,14.432211909930151,49721.0,1.5
3.3999965999999997,5.755110030495343,20.54147224285623,48532.0,1.4607843137254901
3.5999963999999998,6.119600919691247,1.004672711252912,48712.0,1.4852941176470589
3.7999962,13.594422043010752,13.249136632971867,47616.0,1.5049019607843137
3.999996,10.867806062064954,21.915394182376804,49851.0,1.5392156862745099
4.1999958,,19.663240958833146,50972.0,1.5721153846153846
4.3999956,,14.591282264373046,48464.0,1.5980392156862746
4.5999954,10.47227607599845,15.819375170918123,46422.0,1.6127450980392157
4.7999952,7.675570590690421,8.15433796092684,45523.0,1.6029411764705883
4.999995,,117.97275970448267,54394.0,1.9759615384615385
5.1999948,14.49369638814464,95.68485503188309,48147.0,1.6201923076923077
5.399994599999999,,17.752669955304814,48145.0,1.6176470588235294
5.5999944,5.932404431664412,7.543535167383968,47296.0,1.607843137254902
5.7999941999999995,10.389562455741293,15.737316480744026,46601.0,1.5735294117647058
5.999994,11.219100190918901,24.9661940860862,48188.0,1.6225490196078431
6.1999938,,12.033320612803722,49300.0,1.7307692307692308
6.399993599999999,,11.905553605275403,48290.0,1.6274509803921569
6.5999934,8.460414204863486,1.6621940112531035,48237.0,1.6274509803921569
6.799993199999999,9.492398596664,4.861095757812588,48741.0,1.6274509803921569
6.999993,7.916375951200604,2.6556239573214437,49017.0,1.6274509803921569
7.1999927999999995,5.882345751940195,1.7754945190363332,49093.0,1.6274509803921569
7.3999926,4.654686041319966,0.9289144157437057,49274.0,1.6323529411764706
7.5999924,4.522871031382838,1.0745952362342612,49167.0,1.6323529411764706
7.799992199999999,5.233165172279978,1.8379825529627454,48961.0,1.6323529411764706
7.999992,6.06009866333695,1.2194637570365583,48853.0,1.6323529411764706
8.1999918,7.097562952008589,3.296831896714992,49363.0,1.6323529411764706
8.3999916,8.739531410812665,1.849017399326794,49553.0,1.6323529411764706
8.5999914,7.35809611203096,5.686940178611032,50129.0,1.642156862745098
8.7999912,7.472273324572931,9.02767413230252,49465.0,1.6372549019607843
8.999991,7.965922586099314,3.253356312945987,49681.0,1.6274509803921569
9.1999908,5.904504323346068,3.558575139577819,49730.0,1.6274509803921569
9.399990599999999,4.849790484592097,1.4942180248744996,49877.0,1.6274509803921569
9.5999904,4.3672780897741506,3.5443785864528237,49502.0,1.6274509803921569
9.7999902,4.408901392487047,0.9248844298966109,49408.0,1.6274509803921569
9.99999,4.346048165508324,0.4888948229601088,49496.0,1.6274509803921569
10.199989799999999,4.382922109337204,1.2909727947846878,49608.0,1.6274509803921569
10.3999896,4.342001369697458,0.6177353774200408,49646.0,1.6274509803921569
10.5999894,4.404322988412608,2.2528833922083997,49364.0,1.6274509803921569
10.799989199999999,22.273934118112575,46.850409983553185,50545.0,1.6666666666666667
10.999989,14.373592284118896,47.39886367320953,53189.0,1.7107843137254901
11.1999888,5.874253977219241,2.1225008483844747,53115.0,1.7205882352941178
11.399988599999999,6.90104118334849,13.281956859055404,53881.0,1.7450980392156863
11.599988399999999,7.300299841485074,25.266657726807676,52361.0,1.7009803921568627
11.7999882,,22.637808291260733,54307.0,1.7403846153846154
11.999988,,9.09063476307199,52873.0,1.7598039215686274
12.199987799999999,7.719737184008315,14.140907000953177,53878.0,1.7696078431372548
12.3999876,6.802897794021669,8.00827845824488,53627.0,1.7549019607843137
12.5999874,5.339956803455723,5.49393009968799,53245.0,1.7598039215686274
12.799987199999999,6.946904354841808,18.511172662782318,52057.0,1.7352941176470589
12.999986999999999,,21.79867146389828,51758.0,1.7259615384615385
13.1999868,8.184441227329392,25.83405271360399,49734.0,1.7115384615384615
13.3999866,5.738282428166409,4.1376201968947,49733.0,1.7115384615384615
13.599986399999999,,12.324720994029228,48921.0,1.6911764705882353
13.7999862,6.542736798849394,5.055100512431297,48670.0,1.6813725490196079
13.999986,18.10616024419724,9.860138709944463,48813.0,1.6764705882352942
14.199985799999999,26.734517244602298,37.8305197768775,53495.0,1.696078431372549
14.399985599999999,33.821506674935534,66.11698694134124,61274.0,1.696078431372549
14.5999854,22.056912729386365,27.863112220089974,60215.0,1.6029411764705883
14.7999852,8.121384893635346,25.311299707726192,58055.0,1.5588235294117647
14.999984999999999,7.561747064289938,9.614034554634511,59185.0,1.5637254901960784
15.1999848,21.50421913749235,49.02237551770635,62098.0,1.6813725490196079
15.3999846,16.388091491729668,88.5252658823534,52114.0,1.7401960784313726
15.599984399999999,9.982709739993286,15.365600806513648,53614.0,1.7598039215686274
15.799984199999999,,11.092407512480468,55199.0,1.7884615384615385
15.999984,,21.71314494685872,53309.0,1.7549019607843137
16.1999838,9.938235565819861,19.108739940775084,54125.0,1.7745098039215685
16.3999836,8.799221060753586,8.794404129107976,54433.0,1.7745098039215685
16.5999834,,16.971814739308098,55343.0,1.7980769230769231
16.7999832,9.78624866405415,8.529538172947632,56140.0,1.7932692307692308
16.999983,,18.938911849791523,55121.0,1.7794117647058822
17.1999828,,34.61631415065177,56717.0,1.8605769230769231
17.399982599999998,,53.28702235542088,57572.0,2.049019607843137
17.5999824,20.60694818414658,65.48545163044587,60908.0,2.0588235294117645
17.7999822,,55.16691927234293,58990.0,2.014423076923077
17.999982,7.858310770420901,48.01790659235269,56878.0,1.9567307692307692
18.1999818,7.05487183221672,34.997431850311294,54928.0,1.9134615384615385
18.3999816,16.387401742086254,47.05514027046266,56484.0,1.9278846153846154
18.5999814,,36.11291972353477,52553.0,1.9215686274509804
18.799981199999998,7.300518032268269,40.26788964072897,50576.0,1.7990196078431373
18.999981,6.388839787883658,15.08252237555211,49784.0,1.75
19.1999808,,15.346698223536208,51407.0,1.75
19.3999806,6.354839955956497,8.983138051997948,51767.0,1.7788461538461537
19.5999804,,26.935414339383197,52238.0,1.7990196078431373
19.7999802,6.866490391063594,4.511602698139808,52191.0,1.7205882352941178
19.99998,8.139614758872797,49.201499131925786,49787.0,1.642156862745098
20.199979799999998,6.713670327875546,22.095342668458624,48982.0,1.6176470588235294
20.399979599999998,9.556525793734899,38.46010768596307,47182.0,1.5294117647058822
20.5999794,7.286095313671031,22.71418356001909,45366.0,1.5196078431372548
20.7999792,6.197338134415096,18.846023306926785,43879.0,1.4705882352941178
20.999979,5.027764403787514,6.861639370949447,43617.0,1.4509803921568627
21.1999788,8.54488578823,13.626032596127178,44435.0,1.4411764705882353
21.399978599999997,6.735123830489818,11.344382949580806,45425.0,1.4411764705882353
21.599978399999998,9.525695505641497,33.40616195555912,47771.0,1.4656862745098038
21.799978199999998,16.789295354045827,45.58564636653841,52239.0,1.3823529411764706
21.999978,19.83479434794348,36.705198041705955,55555.0,1.3872549019607843
22.1999778,13.170638603372499,26.587123637361845,57109.0,1.4019607843137254
22.3999776,,21.567623484376274,59592.0,1.6394230769230769
22.5999774,,12.655749298745764,57892.0,1.4362745098039216
22.799977199999997,14.466844203026348,22.924456009736492,56702.0,1.4313725490196079
22.999976999999998,10.4283132392304,135.20092954418206,43711.0,1.4166666666666667
23.199976799999998,6.203908614197602,9.84281801426389,43289.0,1.4166666666666667
23.3999766,9.544034473471587,22.559004282181533,44556.0,1.4313725490196079
23.5999764,,21.300226304649275,46053.0,1.4878048780487805
23.7999762,,4.193509791057853,46193.0,1.5098039215686274
23.999976,11.39257169722614,10.700897308224754,44667.0,1.5343137254901962
24.199975799999997,7.4637271361668285,4.143046433007942,45268.0,1.5490196078431373
24.399975599999998,8.108935515962738,5.604280568251243,44228.0,1.5686274509803921
24.599975399999998,7.706138422302348,8.878230778989641,45484.0,1.5686274509803921
24.7999752,10.575683047891607,16.921773258827184,44726.0,1.6029411764705883
24.999975,19.39200302089452,39.633787121570485,47668.0,1.6568627450980393
25.1999748,,16.66727203161505,51321.0,1.6298076923076923
25.3999746,,5.182952287052357,48699.0,1.6813725490196079
25.599974399999997,14.53104782509205,0.9202471030934722,48071.0,1.6911764705882353
25.799974199999998,,15.759778327745021,49932.0,1.6926829268292682
25.999973999999998,,14.785608852867853,50848.0,1.7058823529411764
26.1999738,20.140465631929047,34.71605327719065,54120.0,1.8186274509803921
26.3999736,8.874195478361766,10.736563447937812,55157.0,1.838235294117647
26.5999734,,17.192210966001426,57202.0,1.8269230769230769
26.7999732,7.478322870111125,1.931479474531614,57503.0,1.8269230769230769
26.999972999999997,6.244182351071719,14.155154758700919,56638.0,1.8125
27.199972799999998,7.089487939214368,19.524582665444697,55013.0,1.8125
27.399972599999998,,17.467284103634068,54389.0,1.8333333333333333
27.5999724,,13.128473748444058,55635.0,1.8173076923076923
27.7999722,,13.904713852144567,54779.0,1.8333333333333333
27.999972,11.308894296744917,7.229314148143804,54653.0,1.8235294117647058
28.1999718,,5.570214185901227,56612.0,1.8125
28.399971599999997,7.3520254732000705,6.606999326611379,56530.0,1.8173076923076923
28.599971399999998,,18.44215578446685,55201.0,1.8088235294117647
28.799971199999998,,60.8677133504985,57858.0,1.8653846153846154
28.999971,18.745898487567292,80.54166010617273,62416.0,1.9951923076923077
29.1999708,20.033414274435025,76.19281173375634,67127.0,2.0096153846153846
29.3999706,6.741323713465361,5.276770642560099,67915.0,2.0096153846153846
29.5999704,,105.47681189987685,59104.0,2.014705882352941
29.799970199999997,,48.87003416230512,58814.0,1.9038461538461537
29.999969999999998,7.058314852063885,7.28858664028741,58167.0,1.9086538461538463
30.199969799999998,,15.981016157145083,57713.0,1.9607843137254901
30.3999696,,69.50385794495126,62062.0,1.9807692307692308
30.5999694,16.061718114200275,101.90657814078858,52837.0,1.8942307692307692
30.7999692,,62.38025730741748,49005.0,1.7352941176470589
30.999969,5.807538324309747,11.128281601418298,48207.0,1.7107843137254901
31.199968799999997,5.572680165650428,1.874578359822826,48053.0,1.7303921568627452
31.399968599999998,,12.685879707317962,49140.0,1.75
31.599968399999998,,15.178429473011779,48434.0,1.7401960784313726
31.7999682,4.773577040912028,7.815705109136769,47981.0,1.7254901960784315
31.999968,4.873504129445474,8.827332112933835,47464.0,1.7156862745098038
32.199967799999996,,11.538810974050277,48467.0,1.7115384615384615
32.3999676,,19.465600207830377,48112.0,1.6862745098039216
32.5999674,7.33241872453646,5.439500042083091,48108.0,1.6029411764705883
32.7999672,7.859064120175478,59.858428884399366,45134.0,1.5196078431372548
32.999967,7.292213393870601,17.534067710821294,44050.0,1.5245098039215685
33.1999668,5.315124029409744,4.534188632045157,43659.0,1.5245098039215685
33.3999666,4.567544198957883,2.622908217648303,43949.0,1.5196078431372548
33.5999664,4.236330374686632,2.066695003298297,44277.0,1.5196078431372548
33.7999662,6.921170418865656,13.35834705319781,44907.0,1.5343137254901962
33.999966,5.012248268269187,16.501728330925793,43598.0,1.5245098039215685
34.1999658,5.228711617600506,5.064396812913764,44226.0,1.5196078431372548
34.3999656,6.7571163019865175,12.144031881745217,44651.0,1.5147058823529411
34.599965399999995,5.470662215311442,10.380762570929019,43732.0,1.5098039215686274
34.799965199999995,5.222352834795189,3.3473287822326245,44236.0,1.5196078431372548
34.999964999999996,6.811263742649281,25.32988903104159,43023.0,1.4607843137254901
35.1999648,5.23952123914574,6.04648762565828,42610.0,1.4509803921568627
35.3999646,7.157014248245551,2.7276074309226748,42321.0,1.4313725490196079
35.5999644,6.86198039400509,2.579356968082355,42436.0,1.4362745098039216
35.7999642,10.183605272861357,9.43713789171085,43392.0,1.3627450980392157
35.999964,6.697502825109127,15.360110389546373,45131.0,1.3725490196078431
36.1999638,21.522436087256935,64.72154400618787,50655.0,1.2941176470588236
36.3999636,,9.173585549223862,51001.0,1.5576923076923077
36.5999634,6.680463903267871,8.387193855276237,50614.0,1.5480769230769231
36.7999632,,56.12812517156401,44196.0,1.2892156862745099
36.999963,16.252471209213052,24.13496646078062,41680.0,1.3725490196078431
37.1999628,6.826464691468033,18.60910206549526,40401.0,1.3333333333333333
37.399962599999995,9.902635554809468,24.38056831269541,41699.0,1.3774509803921569
37.599962399999995,5.718955042527339,6.463018113803372,41150.0,1.3480392156862746
37.799962199999996,10.124412211954615,26.115998663742694,42745.0,1.4019607843137254
37.999962,25.01544981940414,74.97177372917366,47897.0,1.5049019607843137
38.1999618,24.05289078342921,25.509134940059646,48326.0,1.6519607843137254
38.3999616,6.732211577826906,10.306080790126659,48852.0,1.6764705882352942
38.5999614,9.14463384755933,8.160750762189853,48163.0,1.6764705882352942
38.7999612,8.351846968375357,15.41663217171579,49297.0,1.7058823529411764
38.999961,,9.57601570152993,50561.0,1.7403846153846154
39.1999608,5.224404714182635,5.636604405378171,49892.0,1.7307692307692308
39.3999606,,17.20364195166071,49011.0,1.696078431372549
39.5999604,5.404680754374006,5.931428062710827,48411.0,1.7058823529411764
39.7999602,5.95732910285354,12.676693240886024,49167.0,1.7205882352941178
39.99996,4.94723886108148,7.224435454213497,48748.0,1.7058823529411764
40.199959799999995,5.371070230629805,5.200276064458837,47999.0,1.7107843137254901
40.399959599999995,4.282814839460988,2.2003755289393547,48088.0,1.7058823529411764
40.599959399999996,,13.066077024309656,49703.0,1.7692307692307692
40.799959199999996,,13.595748742981124,48248.0,1.7058823529411764
40.999959,3.944610034773969,0.4678584424151813,48312.0,1.7058823529411764
41.1999588,,13.91600761205316,49535.0,1.7451923076923077
41.3999586,,13.152855469462407,48087.0,1.6568627450980393
41.5999584,7.822995020107099,1.220852585033181,47993.0,1.6813725490196079
41.7999582,5.755872658238411,5.318410139460528,47934.0,1.6911764705882353
41.999958,7.624338841280905,14.164461212729092,48778.0,1.7107843137254901
42.1999578,8.211203799792449,17.603250238938696,50108.0,1.7450980392156863
42.3999576,7.138212851405623,2.2546750389484584,49800.0,1.7205882352941178
42.5999574,8.718194414628911,19.11530272531913,51241.0,1.7303921568627452
42.799957199999994,,18.364742668856138,51597.0,1.7836538461538463
42.999956999999995,,19.246355710073203,49790.0,1.6862745098039216
43.199956799999995,5.274966467503963,9.278632993531717,49206.0,1.6862745098039216
43.399956599999996,4.0920479967459835,1.0777324652744995,49170.0,1.6911764705882353
43.599956399999996,4.008000808162441,2.339125269318981,49495.0,1.696078431372549
43.7999562,,14.6817988096211,50478.0,1.7740384615384615
43.999956,,14.11071723498769,49873.0,1.6911764705882353
44.1999558,12.967218319641226,11.359532116687289,50394.0,1.6911764705882353
44.3999556,8.363085025735147,8.034711404570219,50126.0,1.7254901960784315
44.5999554,8.497330907491452,3.709975286223529,50017.0,1.7303921568627452
44.7999552,4.596624133427107,6.12235325721986,49765.0,1.7254901960784315
44.999955,5.893760335578591,5.5842587480683195,49586.0,1.7156862745098038
45.1999548,6.626821554806837,9.680022993458488,48379.0,1.7009803921568627
45.3999546,8.143557322020635,0.48663477924196613,48559.0,1.7156862745098038
45.599954399999994,4.792701030927835,1.2438560447638827,48500.0,1.7303921568627452
45.799954199999995,6.539427120196511,2.7843859089063496,48038.0,1.7401960784313726
45.999953999999995,4.181305600801904,0.5856285416305398,47886.0,1.7401960784313726
46.199953799999996,4.036385320333096,1.4179512048660015,47794.0,1.7352941176470589
46.399953599999996,6.549399892022094,3.5107300393828087,48158.0,1.7254901960784315
46.5999534,,10.783266881604957,50363.0,1.7259615384615385
46.7999532,,15.71250609193294,48855.0,1.7156862745098038
46.999953,6.595236149697663,5.3964145302145425,48952.0,1.7009803921568627
47.1999528,11.907734684440156,10.496466219263478,49737.0,1.7303921568627452
47.3999526,,27.743089444236702,53226.0,1.7307692307692308
47.5999524,18.004449331754355,49.7498605351796,59110.0,1.7788461538461537
47.7999522,15.185720294811537,32.047105912545646,54679.0,1.7788461538461537
47.999952,,95.91564231997528,61931.0,1.7794117647058822
48.1999518,14.474422926447575,32.78273699561502,61344.0,1.7107843137254901
48.399951599999994,7.123091351849414,4.899896631004423,60776.0,1.7107843137254901
48.599951399999995,6.095219815068265,10.650832760700245,59914.0,1.6911764705882353
48.799951199999995,12.012715319963386,11.396484267370804,60085.0,1.6519607843137254
48.999950999999996,6.354159883471853,19.928437338666427,58355.0,1.6127450980392157
49.199950799999996,7.223381697360293,13.615928275542444,59893.0,1.6470588235294117
49.3999506,13.052570942413016,36.34443772217031,56419.0,1.5980392156862746
49.5999504,10.439833262941404,43.48885970239406,54457.0,1.5490196078431373
49.7999502,10.363295091072763,31.604044232358362,52211.0,1.5098039215686274
49.99995,22.20249528609442,73.80400156449821,56747.0,1.6274509803921569
50.1999498,34.01233555501274,98.25299623469421,57314.0,1.8088235294117647
50.3999496,13.218121974830591,45.84752368676599,51650.0,1.803921568627451
50.5999494,5.102739191509286,3.172557421820475,51256.0,1.8088235294117647
50.7999492,6.942878676689343,16.869068610040937,50419.0,1.7892156862745099
50.999949,,27.362128035812397,49708.0,1.7307692307692308
51.199948799999994,,19.698931156749545,48334.0,1.7107843137254901
51.399948599999995,20.072037653360642,16.79797255181674,50779.0,1.6666666666666667
51.599948399999995,10.909933093154915,22.870888631879012,52461.0,1.6813725490196079
51.799948199999996,27.26391692581883,46.31877272538953,54987.0,1.6127450980392157
51.999947999999996,,24.024685707114582,55068.0,1.5913461538461537
52.1999478,,26.074601545336023,53250.0,1.5343137254901962
52.3999476,14.013759062720354,29.137323398091706,55309.0,1.4803921568627452
52.5999474,18.151824743316052,66.4838129650743,59022.0,1.6176470588235294
52.7999472,15.90060880645618,109.55685984406648,49441.0,1.6372549019607843
52.999947,6.560092873581946,5.029210924420641,49099.0,1.6911764705882353
53.1999468,8.395785113899379,12.898211334315745,49254.0,1.642156862745098
53.3999466,13.831421665568007,55.319853125924574,45510.0,1.5196078431372548
53.5999464,,9.42855723486009,46525.0,1.502439024390244
53.7999462,,16.956276915327695,47690.0,1.5196078431372548
53.999945999999994,12.00821484992101,13.168138198830354,47475.0,1.5637254901960784
54.199945799999995,10.739993968377062,8.534874198289153,46422.0,1.5833333333333333
54.399945599999995,8.59665840250081,4.828129630932562,46385.0,1.588235294117647
54.599945399999996,9.779327532683311,3.463453983307083,45742.0,1.5931372549019607
54.799945199999996,6.955543560401598,7.789406464610179,46315.0,1.5980392156862746
54.999945,8.792235957492952,1.897253528835736,46110.0,1.6127450980392157
55.1999448,7.759940963829651,11.345104132727684,46751.0,1.6372549019607843
55.3999446,12.226592715372519,22.35665235768511,47058.0,1.7058823529411764
55.5999444,,33.512007150449925,51109.0,1.7019230769230769
55.7999442,,47.05972322064625,48326.0,1.7205882352941178
55.999944,13.83391189849174,12.737506934588183,50124.0,1.661764705882353
56.1999438,,18.50837298084436,51296.0,1.8125
56.3999436,,28.310623604518415,52914.0,1.7401960784313726
56.599943399999994,10.48383816372485,18.958472188759245,55068.0,1.7647058823529411
56.799943199999994,9.466347607949189,16.798372311111468,56207.0,1.7843137254901962
56.999942999999995,8.1093643810137,2.2961497430467857,55914.0,1.7892156862745099
57.199942799999995,9.618162737257315,8.758284965716665,55267.0,1.7745098039215685
57.399942599999996,,18.9432883877533,55549.0,1.8798076923076923
57.599942399999996,8.295823410881114,8.56838780529771,54590.0,1.7884615384615385
57.7999422,,15.237829960078141,53764.0,1.7745098039215685
57.999942,,13.65824771370159,55009.0,1.8605769230769231
58.1999418,4.661179799018978,4.541173073231136,54433.0,1.8509615384615385
58.3999416,,16.364020629804973,53347.0,1.7696078431372548
58.5999414,8.679751951719174,8.499996434593859,54183.0,1.7745098039215685
58.7999412,11.90432167520606,10.264317630675393,53868.0,1.7843137254901962
58.999941,6.297095234543963,1.2078024769664595,53636.0,1.7941176470588236
59.1999408,9.248584219790311,8.883683235967165,52268.0,1.7941176470588236
59.399940599999994,5.794551232960637,2.50454153439382,52232.0,1.803921568627451
59.599940399999994,9.629078485337383,5.229634991136979,52685.0,1.7990196078431373
59.799940199999995,6.968189605939463,5.143324533135354,52530.0,1.7892156862745099
59.999939999999995,5.732798495288179,8.576665191071454,52103.0,1.7696078431372548
60.199939799999996,,15.334816679174107,52858.0,1.7932692307692308
60.399939599999996,,14.921053371463017,51990.0,1.7696078431372548
60.5999394,,15.368234944156233,52660.0,1.7932692307692308
60.7999392,,32.13802503791934,53823.0,1.7990196078431373
60.999939,13.798855900488292,40.193782899433664,56114.0,1.8480392156862746
61.1999388,7.343912424350303,6.693582147405162,56180.0,1.8627450980392157
61.3999386,6.2486005867636205,8.009958125620193,55559.0,1.857843137254902
61.5999384,5.337007703548684,3.2560042472098076,55429.0,1.857843137254902
61.7999382,5.136656827375096,8.006745946864147,54882.0,1.8529411764705883
61.999938,4.4060279164692595,1.326805676627488,54878.0,1.857843137254902
62.199937799999994,4.326478149100257,0.6620382298246071,54849.0,1.8529411764705883
62.399937599999994,4.451455958172972,1.5268382663075195,55084.0,1.8529411764705883
62.599937399999995,,14.17829505639446,55916.0,1.8269230769230769
62.799937199999995,4.282667000429123,0.6366172495689284,55928.0,1.8269230769230769
62.999936999999996,,14.815855430838168,55141.0,1.8529411764705883
63.199936799999996,4.429673753665689,3.297733351056196,54560.0,1.8529411764705883
63.3999366,,13.124555073971278,55821.0,1.8269230769230769
63.5999364,4.2075837648356735,2.2125113277759962,56199.0,1.8269230769230769
63.7999362,9.039262921348314,17.67944939090868,55625.0,1.8365384615384615
63.999936,,16.197019957643462,55028.0,1.8235294117647058
64.19993579999999,8.029304298330977,15.062575702574996,54463.0,1.803921568627451
64.39993559999999,6.176095236196136,63.52113316403075,50149.0,1.7254901960784315
64.59993539999999,14.629806519795139,31.98116764399509,49204.0,1.5833333333333333
64.7999352,9.064971434972556,65.91445798015748,44635.0,1.5049019607843137
64.999935,6.953565432535124,4.749667209926926,45268.0,1.5049019607843137
65.1999348,6.459294169224025,5.4231495437723245,45620.0,1.5098039215686274
65.3999346,12.463769325460577,44.60995174370523,47929.0,1.6029411764705883
65.5999344,9.738860914822494,6.542037239913686,47266.0,1.6568627450980393
65.7999342,7.284815735437156,11.362625667836301,46265.0,1.7009803921568627
65.999934,7.726164572139083,19.226062071287984,45038.0,1.6470588235294117
66.1999338,5.080266967225795,3.2356897880193096,45249.0,1.5980392156862746
66.3999336,8.840096910963053,15.826484510863486,44577.0,1.5490196078431373
66.5999334,6.329957165804034,2.040685244011051,44824.0,1.5490196078431373
66.7999332,9.085943157132514,11.010116629114064,44192.0,1.5196078431372548
66.999933,11.878637837837838,27.888835448209424,46250.0,1.5686274509803921
67.1999328,9.144050148299291,15.37283029454543,47539.0,1.5784313725490196
67.3999326,11.930817478569935,3.9707564942688287,47830.0,1.5833333333333333
67.5999324,12.395846800258566,26.136377842087914,49504.0,1.6862745098039216
67.7999322,12.711428515294996,46.35368731479639,50899.0,1.8431372549019607
67.999932,15.159797405433903,62.27600530641322,53111.0,2.0
68.1999318,22.44383028005896,76.90155415611706,56988.0,2.049019607843137
68.3999316,,52.469562112362865,62826.0,2.0048076923076925
68.5999314,,86.9589477103884,66630.0,1.946078431372549
68.7999312,12.358703243515405,91.18494477438726,61569.0,1.7205882352941178
68.99993099999999,10.406774518102113,10.99414419689599,62617.0,1.6715686274509804
69.19993079999999,,13.470395952852474,64537.0,1.7740384615384615
69.39993059999999,,21.876437816666343,63675.0,1.75
69.59993039999999,5.445272126262862,6.446845604107818,64437.0,1.7647058823529411
69.79993019999999,17.90915154966241,26.678244949136307,61465.0,1.9705882352941178
69.99992999999999,,140.49991011642885,56525.0,1.8509615384615385
70.19992979999999,8.319743871481075,43.669028157763464,52786.0,1.8605769230769231
70.3999296,8.23878124592849,9.674748181449003,53727.0,1.9038461538461537
70.5999294,7.210036213140197,16.171740435713883,54124.0,1.9134615384615385
70.7999292,,42.52021311747265,51627.0,1.892156862745098
70.999929,5.486752504696305,3.2309723672537767,51104.0,1.8627450980392157
71.1999288,5.793951612903226,12.664376737887075,52080.0,1.857843137254902
71.3999286,,49.843247204213895,50253.0,1.6634615384615385
71.5999284,,73.50822381195931,45671.0,1.553921568627451
71.7999282,7.0452720785013385,19.725295357906575,44840.0,1.5343137254901962
71.999928,6.141521183385409,8.127205102846146,45767.0,1.5490196078431373
72.1999278,,6.7895472119312,46330.0,1.4780487804878049
72.3999276,,73.19477143437793,51181.0,1.6862745098039216
72.5999274,7.040499614006611,6.230310182716906,50519.0,1.6666666666666667
72.7999272,5.80956270544875,4.603831298541347,50195.0,1.6813725490196079
72.999927,,26.941565748115988,51174.0,1.7836538461538463
73.1999268,,13.176377479606755,50475.0,1.7303921568627452
73.3999266,7.688188531536258,12.080208828269443,49562.0,1.696078431372549
73.5999264,14.225345688993926,15.566172185246906,48237.0,1.6372549019607843
73.7999262,16.42440574347424,9.730264084041023,49726.0,1.6862745098039216
73.999926,9.508394650189032,20.64568190630479,49198.0,1.6372549019607843
74.1999258,,49.45484522706774,54127.0,1.7884615384615385
74.3999256,12.928498431196772,16.864242083738265,55775.0,1.7932692307692308
74.59992539999999,17.20468038219284,69.99194349559315,60807.0,1.8028846153846154
74.79992519999999,,6.82646718964955,58928.0,1.8872549019607843
74.99992499999999,10.08471077994088,46.37373026608358,57171.0,1.8284313725490196
75.19992479999999,7.001373844121533,6.222114701660249,56775.0,1.803921568627451
75.39992459999999,,27.443876860386727,59589.0,1.8413461538461537
75.59992439999999,7.924422100481026,6.844132368790274,59872.0,1.8605769230769231
75.79992419999999,,12.424686743518928,58220.0,1.8872549019607843
75.999924,7.0685974034918555,9.742982966446588,58078.0,1.8823529411764706
76.1999238,,17.038222530551252,59339.0,1.8461538461538463
76.3999236,,14.157659311856165,57700.0,1.8529411764705883
76.5999234,10.115181825887937,22.683239992610986,58985.0,1.9019607843137254
76.7999232,,14.77159466870298,59513.0,1.8605769230769231
76.999923,,16.08272799045734,57523.0,1.9068627450980393
77.1999228,6.291591785458796,7.254931341166399,57313.0,1.8725490196078431
77.3999226,6.815978643961336,6.8126662971055545,57314.0,1.8970588235294117
77.5999224,,14.56397838848323,58630.0,1.8653846153846154
77.7999222,6.0384386123269245,0.4170502859511291,58717.0,1.8798076923076923
77.999922,6.887771451948318,2.458512555879444,58666.0,1.8653846153846154
78.1999218,11.331345490389355,25.093181434319774,60870.0,1.8269230769230769
78.3999216,,33.4436440242979,54517.0,1.8431372549019607
78.5999214,,19.76401707194542,55242.0,1.7403846153846154
78.7999212,,8.762091529504602,51986.0,1.7843137254901962
78.999921,10.35485213705939,5.336166351112463,52853.0,1.7941176470588236
79.1999208,7.540921588892572,10.283281504872404,51281.0,1.7941176470588236
79.3999206,5.316454950621405,4.3265279826637935,50933.0,1.7990196078431373
79.5999204,5.202019208061088,3.1995082396716374,50812.0,1.7941176470588236
79.7999202,4.197891766918766,1.1311977165249467,51038.0,1.7892156862745099
79.99992,4.4129149613460665,3.222746293949372,50577.0,1.7892156862745099
80.19991979999999,,14.312801548549025,51349.0,1.7836538461538463
80.39991959999999,,18.143948251429503,51013.0,1.7892156862745099
80.59991939999999,,26.40781644795419,53814.0,1.7788461538461537
80.79991919999999,,21.04156980452107,52400.0,1.7892156862745099
80.99991899999999,,20.173860464072558,54262.0,1.7980769230769231
81.19991879999999,7.1598547267996535,14.417065420397524,55344.0,1.8125
81.39991859999999,,15.869491204376239,54944.0,1.8186274509803921
81.59991839999999,7.47243852087936,4.033421765057626,55222.0,1.8284313725490196
81.7999182,7.1364619737061075,17.402325033819377,54081.0,1.803921568627451
81.999918,,15.396601485676152,55055.0,1.7884615384615385
82.1999178,8.68499981531415,5.458997180851466,54146.0,1.8076923076923077
82.3999176,,17.05643095711117,52598.0,1.7892156862745099
82.5999174,,1.9220924912879713,53063.0,1.7804878048780488
82.7999172,,7.898179782644322,52311.0,1.7794117647058822
82.999917,5.784586264912817,0.8207711309863989,52304.0,1.7843137254901962
83.1999168,4.471515962531065,1.0604896254871696,52310.0,1.7794117647058822
83.3999166,,13.893827494841327,53546.0,1.7932692307692308
83.5999164,,6.6194207516257215,51428.0,1.7696078431372548
83.7999162,15.200336732546349,7.292166695900306,52267.0,1.7058823529411764
83.999916,10.628910215887975,13.278746860832898,52203.0,1.6813725490196079
84.1999158,27.78009625180033,37.94161245104894,56934.0,1.6568627450980393
84.3999156,14.699756791011543,23.05886578914393,58386.0,1.661764705882353
84.5999154,,79.23549801382606,49691.0,1.6878048780487804
84.7999152,,12.90801201725392,48465.0,1.6715686274509804
84.999915,8.182255510900012,19.52124219144097,49266.0,1.7058823529411764
85.1999148,5.9880969164770095,4.368249133333286,49651.0,1.7107843137254901
85.3999146,,21.48012216816303,50476.0,1.7211538461538463
85.59991439999999,,24.20445580129379,49010.0,1.7009803921568627
85.79991419999999,,13.293893566274948,50166.0,1.7836538461538463
85.99991399999999,,14.937735801822882,49566.0,1.7058823529411764
86.19991379999999,4.425972764614233,0.8553827916235703,49421.0,1.7058823529411764
86.39991359999999,3.9560999370826653,0.6172919256389168,49271.0,1.7058823529411764
86.59991339999999,4.914549042745824,1.8743936045114964,49151.0,1.7058823529411764
86.79991319999999,4.707471299650071,2.4354479071028434,48867.0,1.7058823529411764
86.99991299999999,4.222281123842923,2.406740879354728,49046.0,1.7009803921568627
87.19991279999999,4.00087862689007,2.658726508864892,48940.0,1.7058823529411764
87.3999126,3.8936659480546143,1.7058317091629736,48705.0,1.7009803921568627
87.5999124,4.594218942189422,1.533919121111387,48780.0,1.7009803921568627
87.7999122,3.9279515310299655,0.3195048936550587,48856.0,1.7009803921568627
87.999912,5.736082176522761,3.0237525428742553,48481.0,1.696078431372549
88.1999118,,32.49568761339613,51503.0,1.7644230769230769
88.3999116,7.018756413667288,10.06085575674649,52622.0,1.7596153846153846
88.5999114,,17.74157897632794,52611.0,1.7696078431372548
88.7999112,7.2398181099248715,25.761596429947502,50580.0,1.7254901960784315
88.999911,,20.102830541756248,50886.0,1.7163461538461537
89.1999108,14.626853544586634,30.37606970555288,54153.0,1.7788461538461537
89.3999106,,25.44118941031641,52551.0,1.7401960784313726
89.5999104,,22.511072160686602,52294.0,1.7692307692307692
89.7999102,,33.301619834722835,49868.0,1.6323529411764706
89.99991,,10.681166985566124,49715.0,1.6
90.1999098,,31.837276444673744,51558.0,1.6715686274509804
90.3999096,15.969666272722156,29.02723888467595,53307.0,1.5686274509803921
90.5999094,17.219313348187157,73.89486508660974,59244.0,1.5392156862745099
90.7999092,16.122778080261345,47.67273234136576,62446.0,1.6176470588235294
90.999909,10.483506289308176,6.247109400453321,63600.0,1.607843137254902
91.19990879999999,,19.230663507175176,66396.0,1.7548076923076923
91.39990859999999,,13.927333720593056,64517.0,1.6470588235294117
91.59990839999999,18.978078765037935,49.418770823613755,60763.0,1.6029411764705883
91.79990819999999,14.156468454119105,169.46346882619514,45204.0,1.4803921568627452
91.99990799999999,6.417446436379537,6.996642566008257,45740.0,1.5392156862745099
92.19990779999999,4.60522735252809,5.070410279382068,45568.0,1.5196078431372548
92.39990759999999,5.652533380493412,8.618126763452219,45236.0,1.4950980392156863
92.59990739999999,7.885557450903206,10.344812561554292,45726.0,1.4754901960784315
92.79990719999999,5.388131622978249,18.72812197993922,44825.0,1.446078431372549
92.999907,4.961209509057849,2.453585575833805,44547.0,1.4558823529411764
93.1999068,5.613656603437528,2.3821984560663947,44916.0,1.4705882352941178
93.3999066,4.643666983446416,2.6855849125775038,45247.0,1.4754901960784315
93.5999064,4.503224381625442,1.9895677541991716,45280.0,1.4803921568627452
93.7999062,4.538582294154064,2.0957032021124617,45228.0,1.4852941176470589
93.999906,,8.5167077458843,46038.0,1.4829268292682927
94.1999058,,12.324844021048204,44391.0,1.4558823529411764
94.3999056,,9.108228983323928,43593.0,1.4585365853658536
94.5999054,,34.95856602082971,45450.0,1.5245098039215685
94.7999052,15.382580484152733,35.117591478228924,48084.0,1.5588235294117647
94.999905,18.058079175726235,29.47402293671188,51051.0,1.6568627450980393
95.1999048,17.93567064008815,13.099925950507629,49915.0,1.7107843137254901
95.3999046,10.469305479201026,20.117864668135407,49113.0,1.6911764705882353
95.5999044,,7.097269887696428,50802.0,1.7355769230769231
95.7999042,,17.149330176374026,48982.0,1.696078431372549
95.999904,,28.204787449473127,52253.0,1.7836538461538463
96.1999038,,22.429847307286543,52953.0,1.7401960784313726
96.3999036,11.777265489019738,26.32568809840047,54006.0,1.7450980392156863
96.59990339999999,10.994509452697573,50.13085713869647,51361.0,1.6666666666666667
96.79990319999999,11.521942656524283,26.51046417082286,52979.0,1.7647058823529411
96.99990299999999,,102.29475320354332,60415.0,1.8269230769230769
97.19990279999999,,84.40523014031606,66267.0,1.838235294117647
97.39990259999999,15.272069510268562,47.18375166603426,63300.0,1.696078431372549
97.59990239999999,5.2658883952484485,3.0166949610719818,63474.0,1.6813725490196079
97.79990219999999,,20.42931019951999,66435.0,1.7884615384615385
97.99990199999999,,66.08909374445882,59649.0,1.7598039215686274
98.19990179999999,10.416811583591134,64.95007914826382,54629.0,1.7352941176470589
98.39990159999999,9.09213065936288,2.9954528318769333,54401.0,1.7303921568627452
98.5999014,7.151857865023431,6.176492878922345,54202.0,1.7303921568627452
98.7999012,6.748810066563326,6.615855849434437,54835.0,1.7303921568627452
98.999901,5.486808479344009,3.990184901543851,54391.0,1.7303921568627452
99.1999008,11.216672113883138,29.567956476569925,55074.0,1.7745098039215685
99.3999006,6.6522041466137205,16.89078582080468,54647.0,1.7598039215686274
99.5999004,4.7723143976852365,0.33794785923005205,54606.0,1.7549019607843137
99.7999002,4.718436672450005,2.6767290389542246,54755.0,1.7647058823529411
99.9999,4.69073409939252,1.057502201056228,54652.0,1.7647058823529411
100.1998998,4.589066192770643,0.2003857119662625,54583.0,1.7696078431372548
100.3998996,,13.403350430587738,55676.0,1.7884615384615385
100.5998994,,14.141798419567975,54599.0,1.7647058823529411
100.7998992,,15.649932720932211,55370.0,1.8028846153846154
100.999899,,16.590059728622798,54746.0,1.7598039215686274
101.1998988,10.0568495001351,9.254878387663936,55515.0,1.7696078431372548
101.3998986,8.287099219149349,9.417620448826758,56733.0,1.7647058823529411
101.5998984,6.534654713040974,13.492124685917613,55548.0,1.7549019607843137
101.7998982,8.860680056821247,10.691102115620996,55613.0,1.7549019607843137
101.999898,8.92746552407014,6.4047953712015575,55546.0,1.7696078431372548
102.19989779999999,7.351031860970312,3.445929923538493,55240.0,1.8235294117647058
102.39989759999999,4.795526406128607,1.645707293438867,55347.0,1.8284313725490196
102.59989739999999,,16.42284050663362,56175.0,1.8125
102.79989719999999,4.556882576572699,2.232399056341546,55764.0,1.7980769230769231
102.99989699999999,,14.099190631553975,54887.0,1.838235294117647
103.19989679999999,,13.207001585173106,56038.0,1.7980769230769231
103.39989659999999,,13.44971779252525,55439.0,1.8431372549019607
103.59989639999999,4.851019783622257,0.8790612293951862,55551.0,1.8480392156862746
103.79989619999999,9.312690521120627,15.268863085186918,55112.0,1.7647058823529411
103.99989599999999,7.558027131434732,3.7735703944630936,55655.0,1.7647058823529411
104.1998958,8.34626328110931,1.6151271709648318,55530.0,1.7549019607843137
104.3998956,11.776841392580979,26.49062769418268,56126.0,1.838235294117647
104.5998954,7.788192775374317,9.11475779913054,56169.0,1.8872549019607843
104.7998952,,12.078321079454797,57494.0,1.8461538461538463
104.999895,,11.583338640406568,56193.0,1.8872549019607843
105.1998948,4.380782727969076,1.4784337802337093,56137.0,1.8872549019607843
105.3998946,4.3496207727313285,0.9411903408645824,56035.0,1.8823529411764706
105.5998944,4.391955131640053,0.9132722105705485,55986.0,1.8823529411764706
105.7998942,4.487516845166324,3.325414245984882,56396.0,1.8872549019607843
105.999894,,11.643389192170211,57900.0,1.8509615384615385
106.1998938,,34.52167687321563,55950.0,1.7794117647058822
106.3998936,6.499746917820601,10.913532178893844,55318.0,1.7549019607843137
106.5998934,,13.909642737862463,55820.0,1.8076923076923077
106.7998932,,15.076118953511461,55280.0,1.7549019607843137
106.999893,6.67737728672342,0.9867510015363066,55210.0,1.7549019607843137
107.1998928,6.381705076668425,2.029004257574397,54977.0,1.7892156862745099
107.3998926,4.5721638155243784,3.0272951636141427,54598.0,1.7843137254901962
107.5998924,4.709586602731764,3.3957208981552256,55056.0,1.7892156862745099
107.79989219999999,4.616427186577035,1.1646620078185346,55189.0,1.7843137254901962
107.99989199999999,,14.817495553239029,56162.0,1.7980769230769231
108.19989179999999,,13.313971542184987,55155.0,1.7843137254901962
108.39989159999999,4.608788853161844,1.3709323361271892,55047.0,1.7843137254901962
108.59989139999999,4.5667310706864495,1.293053636777805,54862.0,1.7892156862745099
108.79989119999999,,14.555694742637666,55962.0,1.8125
108.99989099999999,,14.446048971182499,55040.0,1.7892156862745099
109.19989079999999,4.602820721453757,2.9865156230601224,55305.0,1.7892156862745099
109.39989059999999,4.721364596228064,3.9418041496979166,54932.0,1.7892156862745099
109.59989039999999,4.4335439028363535,2.605819054218993,55247.0,1.7892156862745099
109.7998902,5.637391082431003,2.895320751240995,54858.0,1.7696078431372548
109.99989,8.383593412915289,7.516471023488333,55624.0,1.7598039215686274
110.1998898,5.731910547252983,3.05609937895559,55806.0,1.7549019607843137
110.3998896,8.151950205988836,3.8444778438655143,56071.0,1.7450980392156863
110.5998894,6.239223522694833,2.7011028505173016,56048.0,1.7352941176470589
110.7998892,,25.10846432979559,57696.0,1.8028846153846154
110.999889,,18.051480558941716,55081.0,1.7745098039215685
111.1998888,8.736850508240053,20.232550382552976,56371.0,1.7990196078431373
111.3998886,,18.101604213019517,57220.0,1.8125
111.5998884,,16.123261564142854,55638.0,1.7990196078431373
111.7998882,5.302272561464945,6.648131558538595,54828.0,1.803921568627451
111.999888,5.60484553923193,9.184846460889869,54318.0,1.803921568627451
112.1998878,4.684366863471341,2.7479865073582093,54538.0,1.803921568627451
112.3998876,4.4187895475847485,2.3072382619338727,54839.0,1.803921568627451
112.5998874,4.316948406732426,2.150146000518225,54542.0,1.8088235294117647
112.7998872,4.313510054844607,1.4643210244363944,54700.0,1.8088235294117647
112.999887,4.352541936433196,2.307743033092686,54368.0,1.8088235294117647
113.19988679999999,,12.82323236116203,56021.0,1.8125
113.39988659999999,,13.272006547443102,54770.0,1.8088235294117647
113.59988639999999,4.308961530722374,0.9686675414352443,54667.0,1.8088235294117647
113.79988619999999,4.302030963573334,3.267455424046423,55097.0,1.8088235294117647
113.99988599999999,4.286381365708949,3.5762054008850876,54609.0,1.8088235294117647
114.19988579999999,7.079009154942395,3.300351275066314,54943.0,1.7990196078431373
114.39988559999999,7.389292977409721,8.143281968001595,54581.0,1.7892156862745099
114.59988539999999,5.93905822230334,1.2168537324371669,54790.0,1.7794117647058822
114.79988519999999,,16.39849852272781,55577.0,1.8028846153846154
114.99988499999999,,27.96841802548341,52526.0,1.7696078431372548
115.19988479999999,7.078065564369684,3.8068446600538133,52315.0,1.7843137254901962
115.3998846,6.64459093853599,6.179170936135601,52486.0,1.7745098039215685
115.5998844,14.289895835353908,6.388494197194222,51553.0,1.7647058823529411
115.7998842,,12.595922130363983,54867.0,1.7211538461538463
115.999884,,53.208023159925915,57799.0,1.6666666666666667
116.1998838,22.07447856055859,41.938486926539575,55855.0,1.5441176470588236
116.3998836,,43.57597059919195,53115.0,1.473170731707317
116.5998834,,8.16404582882489,52010.0,1.4558823529411764
116.7998832,8.662032005396695,15.94670916368205,53366.0,1.4607843137254901
116.999883,5.125928269649537,3.804042161811457,53729.0,1.4705882352941178
117.1998828,,15.631104580039148,56027.0,1.5576923076923077
117.3998826,7.627832602339181,19.111646755906367,54720.0,1.5721153846153846
117.5998824,,59.723981881965734,57264.0,1.6274509803921569
117.7998822,25.58803450062479,99.05515313223793,65622.0,1.803921568627451
117.999882,15.96704938093867,108.00688288664831,55568.0,1.8529411764705883
118.1998818,,30.03040895440691,54581.0,1.7836538461538463
118.3998816,8.522604320357129,31.53263392953794,52866.0,1.7932692307692308
118.5998814,,15.044938589144977,52416.0,1.7352941176470589
118.79988119999999,,15.27602889874269,52722.0,1.75
118.99988099999999,,15.127705809321531,51954.0,1.7107843137254901
119.19988079999999,5.559916922314742,8.8820670304607,52481.0,1.7107843137254901
119.39988059999999,5.644316138192144,8.153162460736922,52825.0,1.7107843137254901
119.59988039999999,8.807739456591346,26.835437886452738,54655.0,1.75
119.79988019999999,5.784923426189546,12.8228294982341,53739.0,1.7401960784313726
119.99987999999999,5.777523109562055,15.984038844266923,52792.0,1.7205882352941178
120.19987979999999,5.352363090772693,5.359827382441681,53320.0,1.7352941176470589
120.39987959999999,7.180327255026772,9.702986243161016,53414.0,1.7450980392156863
120.59987939999999,,15.159090748613885,54003.0,1.7788461538461537
120.79987919999999,,18.53371683013134,52439.0,1.7549019607843137
120.99987899999999,4.8359764126638805,2.2655725181534643,52401.0,1.7549019607843137
121.1998788,4.217034494659943,2.1720965770880207,52153.0,1.7549019607843137
121.3998786,,20.34494456585465,53395.0,1.7740384615384615
121.5998784,,13.422633473383275,51706.0,1.7401960784313726
121.7998782,5.213083352681681,2.0875577815543886,51684.0,1.75
121.999878,,15.388803654347317,53057.0,1.7740384615384615
122.1998778,,12.943523918131193,52438.0,1.7745098039215685
122.3998776,7.442229029128061,6.308178604916847,52561.0,1.7696078431372548
122.5998774,9.720102494294752,20.431977708209068,49954.0,1.7450980392156863
122.7998772,5.259282427960287,8.236725205001107,49556.0,1.7450980392156863
122.999877,9.479627473806753,13.611091023628568,49822.0,1.7205882352941178
123.1998768,6.4983848825002015,10.39946027380779,49532.0,1.7107843137254901
123.3998766,7.784280469311198,17.53207438522178,50116.0,1.7156862745098038
123.5998764,5.7507305963681805,0.7912426647500688,49617.0,1.7107843137254901
123.7998762,6.746129529058928,14.94879894471014,49348.0,1.696078431372549
123.999876,7.633899464724111,7.775727550326186,49694.0,1.696078431372549
124.19987579999999,5.00780868716447,1.8176584514681224,49176.0,1.6911764705882353
124.39987559999999,11.475229816531405,31.190170521877633,51998.0,1.7450980392156863
124.59987539999999,8.271832763998217,15.468363086393557,53864.0,1.7696078431372548
124.79987519999999,6.663656333902856,13.00083844555052,53261.0,1.7598039215686274
124.99987499999999,5.408066004859947,3.6464681149332803,53087.0,1.7598039215686274
125.19987479999999,6.072640054822683,5.198183197950955,52533.0,1.7598039215686274
125.39987459999999,19.048810688821874,12.533876216568302,50071.0,1.7303921568627452
125.59987439999999,12.219864307466944,14.963775829123303,51882.0,1.7549019607843137
125.79987419999999,,15.936165225988006,52633.0,1.75
125.99987399999999,,19.15495386039163,50976.0,1.7156862745098038
126.19987379999999,8.699232351204415,31.278974869005953,49111.0,1.6862745098039216
126.39987359999999,18.000558971492453,108.81067928679327,53670.0,2.073529411764706
126.59987339999999,14.767928209129925,66.68262689039311,51260.0,2.0392156862745097
126.7998732,13.742581526726898,24.620602966838497,49033.0,2.019607843137255
126.999873,23.653415464947887,46.45249976386679,49027.0,1.5980392156862746
127.1998728,39.0309045314873,69.47580312795978,56626.0,1.642156862745098
127.3998726,24.85502055507525,30.759698629638287,56677.0,1.588235294117647
127.5998724,,23.00466816970146,58360.0,2.019230769230769
127.7998722,10.101315651352392,9.32393952192503,57158.0,2.014423076923077
127.999872,12.839881887075851,14.728492447496835,58588.0,1.6971153846153846
128.19987179999998,12.76063181296615,16.88465037053135,55776.0,2.014423076923077
128.39987159999998,7.141692846243605,15.476932662561591,55705.0,1.7115384615384615
128.59987139999998,,97.56507952983273,61903.0,1.6372549019607843
128.79987119999998,23.244943139889116,92.2312713687071,52849.0,1.7450980392156863
128.99987099999998,11.975919448041282,10.185081735245133,51743.0,1.7598039215686274
129.19987079999999,7.7189483949290505,10.07298056224773,50247.0,1.75
129.39987059999999,10.114594513171026,20.804260243255445,53109.0,1.7696078431372548
129.5998704,6.805312079965167,2.3281396825867082,52823.0,1.7696078431372548
129.7998702,5.125197769908837,2.2443352061456636,53092.0,1.7647058823529411
129.99987,4.666339289086994,1.9572540968340049,52946.0,1.7647058823529411
130.1998698,5.627804131309886,6.420944911527214,52913.0,1.7647058823529411
130.3998696,5.024874691404205,4.997822875207458,53468.0,1.7696078431372548
130.5998694,5.126966696328833,5.916873896028275,52817.0,1.7647058823529411
130.7998692,4.95972989331921,3.5798138167349243,52868.0,1.7696078431372548
130.999869,4.251394957347406,0.6424024020027611,52869.0,1.7696078431372548
131.1998688,4.255675665406463,1.3717363402832998,52637.0,1.7696078431372548
131.3998686,4.301544826539133,0.8177387588567604,52692.0,1.7696078431372548
131.5998684,4.138630520266183,1.0848554419029357,52896.0,1.7696078431372548
131.7998682,4.1429952057001005,0.5511235601118712,52771.0,1.7696078431372548
131.999868,4.154599530196257,0.4387421684464858,52788.0,1.7696078431372548
132.1998678,4.172689011905665,1.786217418972889,52748.0,1.7696078431372548
132.3998676,4.118345781781554,1.3308717599680076,52617.0,1.7647058823529411
132.5998674,4.107065609228551,0.4512807639862053,52706.0,1.7647058823529411
132.7998672,4.227139034896298,0.27105372118695903,52699.0,1.7696078431372548
132.999867,6.376218841294532,1.8895930284929254,52714.0,1.7549019607843137
133.1998668,5.607937057556171,5.114194029135342,51984.0,1.75
133.3998666,5.697448940564522,3.4032193924545093,52292.0,1.75
133.5998664,5.380316200921767,4.935060741320054,51423.0,1.7598039215686274
133.7998662,5.803664820051912,2.9031562000746143,51626.0,1.7598039215686274
133.999866,8.247226404627941,10.744376109171547,50476.0,1.7401960784313726
134.1998658,7.199455286384207,11.060964867839385,48833.0,1.7401960784313726
134.3998656,10.546396424231189,2.388541827370122,48549.0,1.7450980392156863
134.5998654,8.11147241134031,3.2107738200280065,49205.0,1.7401960784313726
134.7998652,3.9915565345080766,1.9239643803801365,49032.0,1.7450980392156863
134.999865,4.173115301592474,0.6077217228813119,49106.0,1.75
135.1998648,,13.150747670071965,50592.0,1.75
135.3998646,,13.694308248435002,49184.0,1.7450980392156863
135.5998644,3.611277414625206,0.9492418306025502,49107.0,1.7450980392156863
135.7998642,3.6746224242300713,0.266918486207562,49063.0,1.75
135.999864,14.204615354477246,15.690313025380517,51047.0,1.7450980392156863
136.1998638,7.10756625531054,22.48110197435868,49430.0,1.7107843137254901
136.3998636,6.546839299314547,6.7900426721195055,48581.0,1.7156862745098038
136.5998634,6.114177204961416,8.72271525289333,49502.0,1.7352941176470589
136.7998632,5.836941649899396,5.83339773177654,49700.0,1.7401960784313726
136.999863,6.747026569366609,2.9666052299874397,49606.0,1.7401960784313726
137.1998628,4.721843897328444,4.212914185507959,49634.0,1.7401960784313726
137.3998626,7.990158073392653,11.652303791279753,49787.0,1.7352941176470589
137.5998624,10.740768448715736,24.677905928141584,52131.0,1.7598039215686274
137.7998622,6.064400611679991,16.8475685145199,51661.0,1.7401960784313726
137.99986199999998,5.713098805308013,10.58274046606495,51394.0,1.7156862745098038
138.19986179999998,7.006622130733677,4.389679486768864,51494.0,1.7058823529411764
138.39986159999998,9.251236770010053,14.949838405842458,50737.0,1.6519607843137254
138.59986139999998,6.496180704880096,30.252576795024176,48831.0,1.6225490196078431
138.79986119999998,5.404229831880706,7.379349496080198,48418.0,1.607843137254902
138.99986099999998,7.030923986311314,4.961564956898948,48215.0,1.6225490196078431
139.19986079999998,9.0321562110511,2.8201021712253143,48140.0,1.607843137254902
139.39986059999998,,13.645926329030779,48740.0,1.7788461538461537
139.59986039999998,,24.273445108775192,47065.0,1.5490196078431373
139.79986019999998,7.809505467462712,2.2571903177634294,46731.0,1.5245098039215685
139.99985999999998,7.892868389561858,21.48746339066848,47633.0,1.588235294117647
140.19985979999998,18.668373226531653,79.30076517297267,52933.0,1.7156862745098038
140.39985959999998,12.078283458021613,62.52501179849679,48120.0,1.6470588235294117
140.59985939999999,7.218598587724063,25.653184334972757,46025.0,1.642156862745098
140.7998592,6.207295543975327,15.576848081224188,47015.0,1.6470588235294117
140.999859,4.688790873234658,1.010412530604337,47158.0,1.6764705882352942
141.1998588,4.022817397205081,3.277953322987745,47157.0,1.6911764705882353
141.3998586,4.173731699012598,0.9271833144559233,46992.0,1.696078431372549
141.5998584,4.3229115985869315,3.0741775301505005,47273.0,1.7058823529411764
141.7998582,4.420251293422025,1.8522193467832344,47355.0,1.7058823529411764
141.999858,4.279771289230834,3.1137926802187508,47571.0,1.7058823529411764
142.1998578,,17.0284797716071,48743.0,1.7259615384615385
142.3998576,,16.9172703219772,47848.0,1.7058823529411764
142.5998574,,14.973330936042247,48725.0,1.7307692307692308
142.7998572,,13.728649002672432,47469.0,1.7303921568627452
142.999857,6.11852513131397,14.43823432052392,48167.0,1.7647058823529411
143.1998568,13.318764927960551,71.52335358464674,51916.0,1.8774509803921569
143.3998566,,35.437090268119555,51041.0,1.7259615384615385
143.5998564,,53.18019430535559,47353.0,1.6568627450980393
143.7998562,5.066191836908773,14.733270269084754,46894.0,1.6274509803921569
143.999856,5.031974842236339,8.936560170161448,47381.0,1.6323529411764706
144.1998558,5.723304688164724,1.4792430705179,47012.0,1.5833333333333333
144.3998556,5.355494930400412,9.357093408566618,46552.0,1.5833333333333333
144.5998554,4.318689871365258,4.481177515378192,46255.0,1.5784313725490196
144.7998552,4.351016818259825,2.0292019741009515,46616.0,1.588235294117647
144.999855,4.112440294332803,3.3542730842420747,46478.0,1.5833333333333333
145.1998548,4.004408033372038,1.5765381118880948,46506.0,1.5833333333333333
145.3998546,3.791787720317645,0.22071739488940212,46467.0,1.5833333333333333
145.5998544,4.002700327896959,2.2575181931633703,46661.0,1.5833333333333333
145.7998542,3.773187924495961,0.38259253410085503,46673.0,1.5833333333333333
145.999854,3.93573375104607,2.459334709027901,46603.0,1.5931372549019607
146.1998538,6.214069106906419,4.627125921293311,46826.0,1.6274509803921569
146.3998536,6.669140383426098,2.629679925506196,46893.0,1.661764705882353
146.5998534,,15.92942668391662,48281.0,1.75
146.7998532,,39.06558596828748,49353.0,1.7892156862745099
146.999853,5.4826650524953555,29.257986629357227,47909.0,1.7107843137254901
147.1998528,4.4854336676426,4.1856127007518795,48159.0,1.7107843137254901
147.3998526,4.64459285149586,1.2901939548418144,48066.0,1.7205882352941178
147.5998524,6.145869368256322,5.013620151613518,48564.0,1.7401960784313726
147.7998522,4.799805736959577,5.581306306175891,48388.0,1.7254901960784315
147.999852,6.288197210138268,9.512701496942986,48963.0,1.7892156862745099
148.1998518,7.688663011725159,27.901068756161642,49978.0,1.838235294117647
148.3998516,5.31165415815346,17.01571678291761,49433.0,1.7696078431372548
148.5998514,5.496977618036269,4.737258611695705,48968.0,1.7745098039215685
148.7998512,4.395803509345986,1.2599954837359222,48898.0,1.7843137254901962
148.999851,4.201543089863496,0.6552956417312722,48863.0,1.7892156862745099
149.19985079999998,4.399265541308229,3.3953755411940607,49288.0,1.7941176470588236
149.39985059999998,,17.110370696122672,50608.0,1.7884615384615385
149.59985039999998,3.8697448939044743,2.010734805703355,50332.0,1.7836538461538463
149.79985019999998,,16.959662969672856,49849.0,1.7941176470588236
149.99984999999998,3.868363768291208,1.744760600404684,49614.0,1.7941176470588236
150.19984979999998,,16.577828981192088,50502.0,1.7788461538461537
150.39984959999998,,16.555367258446037,49485.0,1.7941176470588236
150.59984939999998,5.927075579874872,9.576214929456087,49709.0,1.8333333333333333
150.79984919999998,11.805256090542873,61.56867445127149,52130.0,1.9166666666666667
150.99984899999998,6.613924171887273,11.330899760532624,52197.0,1.8774509803921569
151.19984879999998,,59.75807836243145,50202.0,1.7355769230769231
151.39984859999998,,21.06824994839115,49217.0,1.7401960784313726
151.59984839999998,5.453291360054538,9.513350318072314,49873.0,1.7843137254901962
151.79984819999999,5.601150546410016,6.08728842646809,50237.0,1.7549019607843137
151.999848,4.814946477866264,0.8837632722265331,50353.0,1.7549019607843137
152.1998478,4.731755697935056,0.3146246945932457,50413.0,1.7696078431372548
152.3998476,4.367178206043302,2.6494161218881205,50436.0,1.7892156862745099
152.5998474,4.659476331537406,1.790202748851713,50299.0,1.803921568627451
152.7998472,5.909215518782654,3.2169808373526148,50339.0,1.7549019607843137
152.999847,4.851793663262634,10.847634204599244,49647.0,1.7745098039215685
153.1998468,4.912213740458015,6.931480357838301,49780.0,1.8137254901960784
153.3998466,6.984336584978983,12.488658237069407,50436.0,1.7598039215686274
153.5998464,5.134719637511125,16.445870603277466,49436.0,1.7450980392156863
153.7998462,4.659272963851502,4.801822463639228,49186.0,1.7352941176470589
153.999846,5.578212234203366,6.138209449092685,49615.0,1.7450980392156863
154.1998458,6.425151753483776,1.9523229332205099,49587.0,1.7303921568627452
154.3998456,4.800257731958763,12.099125515644829,48888.0,1.7058823529411764
154.5998454,4.747344679106008,4.906646579439608,48770.0,1.6666666666666667
154.7998452,7.757241289932393,49.41489783584275,46297.0,1.5686274509803921
154.999845,5.9855009550269145,7.95722411927067,46072.0,1.5833333333333333
155.1998448,6.230468834279057,11.1202147885224,46349.0,1.5833333333333333
155.3998446,4.619748126066576,1.5316564901231666,46293.0,1.588235294117647
155.5998444,4.345039849672779,1.568598904920704,46299.0,1.588235294117647
155.7998442,3.982583233922568,1.7092491941167711,46105.0,1.588235294117647
155.999844,4.482484557902467,5.188862844354196,46302.0,1.5980392156862746
156.1998438,4.177262140947123,0.5673290801575657,46372.0,1.5980392156862746
156.3998436,3.842883907229149,0.7433270817043233,46437.0,1.6029411764705883
156.5998434,3.855710860031541,2.2657282988214633,46289.0,1.6029411764705883
156.7998432,3.946918800575243,3.1256314455391134,46589.0,1.5980392156862746
156.999843,3.9739899315864204,1.548930266707046,46482.0,1.5980392156862746
157.1998428,4.10197686149091,1.0651681970686,46589.0,1.5980392156862746
157.3998426,4.018745834856074,1.5878683567016956,46517.0,1.5980392156862746
157.5998424,3.949899452937488,1.9217518616538958,46247.0,1.6029411764705883
157.7998422,3.9345347157853894,1.0388948629878703,46391.0,1.5980392156862746
157.999842,5.3588580917103075,9.39961707738395,46974.0,1.6127450980392157
158.1998418,6.125462962962963,9.093545691247675,47520.0,1.6519607843137254
158.3998416,,16.576551700491102,47854.0,1.6346153846153846
158.5998414,,17.501070890769256,47105.0,1.6519607843137254
158.7998412,7.07939891738249,19.17174222095152,47847.0,1.6862745098039216
158.999841,6.919367023991833,25.53650470943839,48975.0,1.7549019607843137
159.1998408,6.683418906674721,6.322779707001755,49665.0,1.7745098039215685
159.3998406,4.420134857096294,4.757157816718679,49089.0,1.7401960784313726
159.5998404,5.0257742502966085,6.492638910551895,48886.0,1.7303921568627452
159.7998402,4.564230911254257,2.8160288819184163,48746.0,1.7647058823529411
159.99984,,14.494467850156678,49829.0,1.7788461538461537
160.19983979999998,,14.200683929156124,49355.0,1.7941176470588236
160.39983959999998,5.27114610032955,5.9466077260808365,49158.0,1.8137254901960784
160.59983939999998,4.347745697624805,5.626904875925548,49217.0,1.8333333333333333
160.79983919999998,4.246748216106014,5.986495641365442,49050.0,1.8088235294117647
160.99983899999998,4.089640626267543,1.8550480384581634,49308.0,1.8088235294117647
161.19983879999998,4.345828880240366,5.226496894077565,49591.0,1.8186274509803921
161.39983859999998,4.286040731237973,1.9932450209028623,49888.0,1.8088235294117647
161.59983839999998,5.774660980982599,3.4862681167340113,49481.0,1.7696078431372548
161.79983819999998,4.52227857821246,5.423878506326089,49487.0,1.7450980392156863
161.99983799999998,,47.200539220042955,51695.0,1.8701923076923077
162.19983779999998,,35.390587029972735,49728.0,1.7990196078431373
162.39983759999998,5.132560199726182,3.320416929724904,49668.0,1.8431372549019607
162.59983739999998,4.633094399222451,2.989941789150402,49386.0,1.8431372549019607
162.79983719999998,5.095120647839849,20.312658006997687,48654.0,1.7549019607843137
162.99983699999999,5.092969704251016,17.09025479446891,49941.0,1.7843137254901962
163.19983679999999,5.317114801502038,6.287735082977451,49799.0,1.7450980392156863
163.3998366,7.0683724408334845,15.069644555162318,49479.0,1.803921568627451
163.5998364,6.344646398560651,17.155673341536062,48911.0,1.7696078431372548
163.7998362,4.703564576390993,6.870576082670533,49515.0,1.7990196078431373
163.999836,4.382999698219495,1.892956494864399,49705.0,1.7941176470588236
164.1998358,4.058150734408861,1.3994973204754595,49836.0,1.7892156862745099
164.3998356,4.3045830233072575,1.2476947365013584,49727.0,1.7941176470588236
164.5998354,4.044929809742166,0.27563206311261157,49722.0,1.7892156862745099
164.7998352,3.965867843176577,0.9842562261322041,49865.0,1.803921568627451
164.999835,4.156925249672148,2.0618900835685197,49565.0,1.7990196078431373
165.1998348,,20.705892480389064,50690.0,1.7980769230769231
165.3998346,,21.11417805447082,51147.0,1.8529411764705883
165.5998344,,15.696780886890275,51902.0,1.8221153846153846
165.7998342,,26.616785558819902,50277.0,1.7696078431372548
165.999834,,14.742295626721965,50861.0,1.7788461538461537
166.1998338,,13.64358887387091,50347.0,1.8186274509803921
166.3998336,,17.736901206436396,51778.0,1.7980769230769231
166.5998334,,16.448187803736218,50781.0,1.8431372549019607
166.7998332,5.008006609879409,3.887240232598422,50833.0,1.8725490196078431
166.999833,,49.51604285941405,55250.0,1.8557692307692308
167.1998328,5.743617217808978,11.199009877865088,54130.0,1.8173076923076923
167.3998326,5.169196219706185,9.506815838151176,53435.0,1.8173076923076923
167.5998324,5.676025917926566,5.661064530650992,53245.0,1.7932692307692308
167.7998322,,15.531865494061735,52161.0,1.8284313725490196
167.999832,,13.668556950554107,53022.0,1.7932692307692308
168.1998318,4.280422879445255,2.1674262039965138,52781.0,1.7932692307692308
168.3998316,4.336775804346592,2.1607360238290374,52869.0,1.7884615384615385
168.5998314,,14.698900340654657,52322.0,1.8235294117647058
168.7998312,4.159223822215405,0.5257702510640591,52153.0,1.8235294117647058
168.999831,3.9872721018231854,1.3648097246344026,52326.0,1.8235294117647058
169.1998308,3.9508899521531102,1.0568316247430591,52250.0,1.8235294117647058
169.3998306,3.9451476793248945,1.1553603392451879,52140.0,1.8284313725490196
169.5998304,3.928321444280824,1.6125944809783608,52289.0,1.8284313725490196
169.7998302,3.923742470168438,2.0934934768860836,52126.0,1.8284313725490196
169.99983,3.927993883207493,1.6774618135668076,52315.0,1.8284313725490196
170.1998298,3.9147847666316693,0.7784075889858509,52385.0,1.8284313725490196
170.3998296,4.495452360349966,3.274098993954244,52005.0,1.8431372549019607
170.5998294,,74.4510580069912,57549.0,1.9423076923076923
170.7998292,12.404374095821632,9.81582565997366,58755.0,1.9519230769230769
170.999829,12.149260815300508,21.84378355954222,56887.0,1.8605769230769231
171.19982879999998,,48.01426821994392,55063.0,1.7843137254901962
171.39982859999998,9.670674093273773,24.022002070848025,54399.0,1.7303921568627452
171.59982839999998,9.816182261391337,15.579903372940185,53330.0,1.6519607843137254
171.79982819999998,12.792938821083434,10.012776466715263,51946.0,1.6176470588235294
171.99982799999998,15.279587581536813,21.174713097328095,52277.0,1.7450980392156863
172.19982779999998,14.205961895535642,16.50135898399468,49548.0,1.7549019607843137
172.39982759999998,8.617751528167851,6.624333853438726,48424.0,1.7745098039215685
172.59982739999998,10.97400845221325,13.521937048524864,50401.0,1.7450980392156863
172.79982719999998,8.397795111804472,17.50908354375202,48075.0,1.7058823529411764
172.99982699999998,14.162112175557448,9.463033604886409,48121.0,1.7205882352941178
173.19982679999998,16.749641953267545,21.39679105014942,50971.0,1.7450980392156863
173.39982659999998,12.208466905525174,16.17683150448352,53030.0,1.7401960784313726
173.59982639999998,18.212706139854333,24.26464537331462,52998.0,1.8480392156862746
173.79982619999998,19.193440683786775,10.306678657063312,52414.0,1.8284313725490196
173.99982599999998,6.625034269376885,24.153460407151268,51066.0,1.7892156862745099
174.19982579999999,,22.687859498720847,51818.0,1.7884615384615385
174.39982559999999,9.478290993071594,5.750219260908846,51960.0,1.7884615384615385
174.5998254,,16.369705605076305,51800.0,1.8088235294117647
174.7998252,,46.430467075405105,58311.0,1.8125
174.999825,6.016342465058897,6.245503690537853,59171.0,1.8125
175.1998248,,59.81449148566571,63770.0,1.8235294117647058
175.3998246,11.796453017039111,24.981095099775857,61799.0,1.8676470588235294
175.5998244,12.313303230288295,59.0852727864817,54701.0,1.8872549019607843
175.7998242,7.862867398798735,10.98068848452105,56274.0,1.8774509803921569
175.999824,,23.700855185155472,56994.0,1.8701923076923077
176.1998238,,15.956026197175529,56611.0,1.9166666666666667
176.3998236,11.071990342109467,21.760453358196337,56327.0,1.9215686274509804
176.5998234,8.591437203280103,19.895869414365684,57925.0,1.946078431372549
176.7998232,6.747824395075704,16.276514939250283,56536.0,1.9166666666666667
176.999823,,20.180558550889018,58891.0,1.8990384615384615
177.1998228,,24.68417377759227,56400.0,1.9313725490196079
177.3998226,5.135016054227613,1.9396240173859862,56060.0,1.9264705882352942
177.5998224,5.796264280749282,1.733452629172448,56107.0,1.9264705882352942
177.7998222,,27.223872842911213,59219.0,1.9182692307692308
177.999822,6.580121089808275,3.639697144231633,59460.0,1.9134615384615385
178.1998218,,50.86284949063494,56236.0,1.9303482587064678
178.3998216,,23.875529697989787,56346.0,1.8431372549019607
178.5998214,16.645532462355266,16.914235764801205,55187.0,1.7009803921568627
178.7998212,12.729831555865644,75.11288461733382,50165.0,1.5833333333333333
178.999821,6.170759017835719,3.6459852782062327,50012.0,1.5784313725490196
179.1998208,7.518019555484169,3.224192848868731,49807.0,1.5784313725490196
179.3998206,19.56363065790445,70.87757853305462,54172.0,1.6176470588235294
179.5998204,,90.8637741724197,61831.0,1.7884615384615385
179.7998202,,89.4203721352297,64975.0,1.9362745098039216
179.99982,15.528182033657265,58.00414845951361,63285.0,1.7843137254901962
180.1998198,9.139836698291637,4.395701047648962,65033.0,1.7450980392156863
180.3998196,7.968242137498582,22.822631086369363,61717.0,1.6715686274509804
180.5998194,11.02642050244478,34.72012384929924,59310.0,1.5490196078431373
180.7998192,13.209764247261926,34.57710328717844,59257.0,1.5147058823529411
180.999819,6.3315544608648056,7.568312343759075,58464.0,1.5098039215686274
181.1998188,4.162025575796896,1.1475670567655816,58571.0,1.5098039215686274
181.3998186,6.730127877237852,8.202609713898504,58650.0,1.5245098039215685
181.5998184,9.633081887077772,26.8524668760795,56871.0,1.5049019607843137
181.7998182,4.94336342834844,7.830557845877733,56377.0,1.5098039215686274
181.999818,13.662703506046071,32.51017793898374,59212.0,1.6127450980392157
182.19981779999998,12.200255344110696,39.0300016281903,57961.0,1.5392156862745099
182.39981759999998,20.04234541310303,96.42003742178007,47821.0,1.5490196078431373
182.59981739999998,8.425844746942971,10.959342270922457,47677.0,1.5490196078431373
182.79981719999998,5.521170388664476,0.5091814946421167,47779.0,1.5490196078431373
182.99981699999998,9.068588790484194,12.966678921499117,46407.0,1.5490196078431373
183.19981679999998,5.321406952611553,7.416987131435625,46256.0,1.5490196078431373
183.39981659999998,5.834718274717407,2.69335778062015,46091.0,1.5490196078431373
183.59981639999998,8.814755536066652,5.120838078706557,45610.0,1.5490196078431373
183.79981619999998,7.232724436065787,5.716422249034478,46149.0,1.5637254901960784
183.99981599999998,8.232869202938275,11.305892277618074,45605.0,1.5588235294117647
184.19981579999998,6.516660508183537,2.856420555848531,46007.0,1.553921568627451
184.39981559999998,7.754238200891799,4.013264532607504,46423.0,1.5490196078431373
184.59981539999998,,27.97786758511186,48317.0,1.7932692307692308
184.79981519999998,11.257944773256893,14.436456969029607,48491.0,1.7884615384615385
184.99981499999998,,11.727843276628056,47753.0,1.6372549019607843
185.19981479999998,5.7563830903178435,0.7273135535222691,47665.0,1.5980392156862746
185.39981459999998,15.091679536679537,81.43993271721206,51800.0,1.8676470588235294
185.59981439999999,7.004728524617363,63.60762821129894,48218.0,1.6764705882352942
185.7998142,,65.05057378604491,52261.0,1.8317307692307692
185.999814,,35.13674526253027,52545.0,1.8529411764705883
186.1998138,11.372336384700118,13.763323849128652,52654.0,1.8872549019607843
186.3998136,15.080817212077383,51.296578993320544,55310.0,1.9656862745098038
186.5998134,13.315960687791529,33.87350406837666,58099.0,1.9754901960784315
186.7998132,20.63433407906882,59.120552035032915,63919.0,1.9411764705882353
186.999813,23.468217711424042,94.04247738049628,63699.0,1.7254901960784315
187.1998128,8.750486189068257,8.350160961349284,63247.0,1.7009803921568627
187.3998126,21.467414540391065,136.14097490978781,50989.0,1.7254901960784315
187.5998124,,30.942914347247953,53925.0,1.8317307692307692
187.7998122,,45.93294840430146,51043.0,1.7843137254901962
187.999812,,66.56588631464071,54596.0,1.8942307692307692
188.1998118,8.314026611449826,42.43586940028358,52158.0,1.7836538461538463
188.3998116,,31.255090766927676,52413.0,1.8774509803921569
188.5998114,15.117133404443802,40.32216988581087,55313.0,1.8725490196078431
188.7998112,7.534245358443635,11.699135184012713,56285.0,1.8627450980392157
188.999811,16.589046719763527,40.502791191704745,60895.0,1.7745098039215685
189.1998108,17.46558629327808,50.01868156208815,64669.0,1.857843137254902
189.3998106,15.272328555961316,118.98593306816916,54493.0,1.7598039215686274
189.5998104,10.336663583102066,110.33123320568448,48645.0,1.5686274509803921
189.7998102,6.1325298731162485,1.538670541917217,48706.0,1.5686274509803921
189.99981,8.141986009422226,9.193068798664523,49033.0,1.5392156862745099
190.1998098,10.877720665006827,11.424330307306903,49804.0,1.5294117647058822
190.3998096,8.313587718051297,5.8918222486811445,49243.0,1.5441176470588236
190.5998094,9.799572910311165,2.5408339963529563,49170.0,1.5441176470588236
190.7998092,18.071848426662488,26.25698869217252,51038.0,1.5343137254901962
190.999809,21.86030282150492,76.70581053035741,56601.0,1.4705882352941178
191.1998088,14.801725643623152,16.69545335968311,57254.0,1.6274509803921569
191.3998086,,18.20890948447337,57813.0,1.625
191.5998084,,15.116248449011723,56082.0,1.6470588235294117
191.7998082,6.425192300747535,11.637812252044696,55382.0,1.6470588235294117
191.999808,16.07695990424895,36.47600993064417,58485.0,1.6568627450980393
192.1998078,27.50848891849558,50.621526276286104,55543.0,1.6323529411764706
192.3998076,15.857074688796681,69.77237301073491,48200.0,1.6323529411764706
192.5998074,12.990354154820892,6.970036485943885,49244.0,1.6274509803921569
192.7998072,12.96492657432983,8.343625803902055,50323.0,1.6323529411764706
192.999807,7.381835105856258,6.107260173401323,50493.0,1.6323529411764706
193.19980679999998,9.637490533700028,2.368602823000848,50178.0,1.6372549019607843
193.39980659999998,8.273665347275555,5.74355966803573,50781.0,1.6372549019607843
193.59980639999998,6.809077795561879,4.754401497919499,50607.0,1.6372549019607843
193.79980619999998,,4.563947583589727,50835.0,1.6341463414634145
193.99980599999998,,15.50682412512701,51814.0,1.6372549019607843
194.19980579999998,,20.326062080262442,52747.0,1.8028846153846154
194.39980559999998,,41.98644021902557,53282.0,1.8186274509803921
194.59980539999998,24.706552895369068,110.29185922620456,60355.0,1.8725490196078431
194.79980519999998,18.954443099829966,68.7268310891499,65281.0,1.9411764705882353
194.99980499999998,17.652655222204395,113.74615958760528,56097.0,1.9313725490196079
195.19980479999998,11.129316036819823,91.66565980026478,51494.0,1.8186274509803921
195.39980459999998,6.071206653673221,5.934348458505067,51821.0,1.803921568627451
195.59980439999998,5.7858381897207005,4.439237005999938,51307.0,1.8529411764705883
195.79980419999998,4.976215736579156,8.898345118100204,51841.0,1.8725490196078431
195.99980399999998,,15.77802478092748,52738.0,1.8461538461538463
196.19980379999998,,37.95585642434755,50709.0,1.7892156862745099
196.39980359999998,18.397760803599457,41.370217557063455,47785.0,1.7549019607843137
196.59980339999998,20.171963971425612,6.356297129943573,48295.0,1.7303921568627452
196.79980319999999,10.209106137358978,17.404320316210427,49549.0,1.696078431372549
196.99980299999999,20.823614880023932,17.604567501442844,46801.0,1.7107843137254901
197.1998028,9.531822927542285,19.949898930758835,47890.0,1.75
197.3998026,,26.79384163398935,50470.0,1.7692307692307692
197.5998024,,36.20784637419452,47558.0,1.7843137254901962
197.7998022,,25.00238722304421,50269.0,1.9807692307692308
197.999802,,131.58712892298547,41845.0,1.3823529411764706
198.1998018,8.312950804512669,16.11561604538286,43256.0,1.3970588235294117
198.3998016,7.462373789884707,5.325320892858249,43281.0,1.3872549019607843
198.5998014,7.954956179088254,8.19410612713259,44157.0,1.392156862745098
198.7998012,5.647756985971215,1.8775109683740256,43981.0,1.4019607843137254
198.999801,4.41950751080321,2.9901546700766404,43737.0,1.4019607843137254
199.1998008,22.067940252838394,60.31543946491752,49676.0,1.411764705882353
199.3998006,32.21134891579837,87.2677573551276,56816.0,1.446078431372549
199.5998004,11.841335798239514,24.38369869493981,58961.0,1.4558823529411764
199.7998002,6.987723458284984,8.527433949217594,59463.0,1.4558823529411764
199.9998,10.04687120397043,23.55016592262837,57626.0,1.4558823529411764
200.1997998,12.6482548831252,148.18033722417866,43722.0,1.4411764705882353
200.3997996,,10.031345889841562,43169.0,1.4048780487804877
200.5997994,,5.067380704679583,43122.0,1.4215686274509804
200.7997992,3.9686100724738034,1.9084929721256745,43326.0,1.4215686274509804
200.999799,3.933214870883622,0.2881837253107477,43333.0,1.4215686274509804
201.1997988,3.7971634815603164,1.1506372014229742,43222.0,1.4264705882352942
201.3997986,8.242534997586374,9.40674427297633,43503.0,1.4215686274509804
201.5997984,9.95220040937849,9.445501640654408,42992.0,1.3774509803921569
201.7997982,,3.997297180474007,42971.0,1.3804878048780487
201.999798,,6.295737128180205,42385.0,1.3823529411764706
202.1997978,4.643340644826529,1.1303005430239108,42399.0,1.392156862745098
202.3997976,,0.8027481751289346,43018.0,1.3853658536585365
202.5997974,,0.9786490825057808,42550.0,1.3872549019607843
202.7997972,9.839171177728245,23.375425377031235,43966.0,1.4166666666666667
202.999797,13.057424872958448,71.00405031536238,47819.0,1.6127450980392157
203.1997968,11.453792028227378,26.684671409822737,48747.0,1.7549019607843137
203.3997966,6.42576793661131,44.82457948842322,46065.0,1.6715686274509804
203.5997964,,83.54964232490535,51744.0,1.8653846153846154
203.7997962,,88.77768053322339,57384.0,1.8970588235294117
203.999796,,78.47016848266264,53602.0,1.7788461538461537
204.1997958,,39.984978428650614,50527.0,1.6715686274509804
204.39979559999998,11.622393698898506,12.676954771776469,50023.0,1.5784313725490196
204.59979539999998,9.295246542756924,13.548473984266845,49606.0,1.5980392156862746
204.79979519999998,8.762264535179717,8.26458171973254,49105.0,1.6176470588235294
204.99979499999998,5.573006185061953,1.0483283046460188,48989.0,1.6274509803921569
205.19979479999998,8.646836715848227,5.390731888622823,48731.0,1.607843137254902
205.39979459999998,11.467815176259709,38.06163646077287,50210.0,1.7843137254901962
205.59979439999998,7.245501233369728,13.721824222293879,49458.0,1.7352941176470589
205.79979419999998,7.150223894330055,13.77636625970555,48907.0,1.7352941176470589
205.99979399999998,,59.90475191499958,51901.0,1.9086538461538463
206.19979379999998,,92.38149838269595,56289.0,1.9901960784313726
206.39979359999998,11.510565971613808,30.18878314205315,57070.0,1.7941176470588236
206.59979339999998,13.731891391228281,37.34099739064905,58301.0,1.6323529411764706
206.79979319999998,21.37661678509447,62.32604275496904,61078.0,1.588235294117647
206.99979299999998,8.605392276720949,6.006460233697727,61347.0,1.5735294117647058
207.19979279999998,9.651506812761628,16.492214740624735,59961.0,1.5588235294117647
207.39979259999998,18.625157658929613,91.18360250125215,53121.0,1.4068627450980393
207.59979239999998,9.994159460316023,95.10256082175081,44174.0,1.4215686274509804
207.79979219999998,,12.647708946538748,45314.0,1.4292682926829268
207.99979199999999,,12.406690989305885,44144.0,1.4215686274509804
208.19979179999999,5.83541601114757,4.3755808929751,44494.0,1.4264705882352942
208.3997916,4.01766911385016,0.7868468321867478,44541.0,1.4215686274509804
208.5997914,3.9581044574515984,1.240022350521061,44420.0,1.4215686274509804
208.7997912,4.1218919593996235,3.2679252003591457,44039.0,1.4264705882352942
208.999791,3.8760988331572204,3.724609947442123,44479.0,1.4264705882352942
209.1997908,3.850041686383199,1.7049459435323506,44379.0,1.4264705882352942
209.3997906,3.873865351262473,1.2068831360124803,44397.0,1.4264705882352942
209.5997904,,33.882557268854015,46539.0,1.625
209.7997902,,10.000327635404567,45943.0,1.5490196078431373
209.99979,6.360242650489967,14.6306152022959,47146.0,1.6127450980392157
210.1997898,6.146280829535295,18.61217110662883,45857.0,1.5931372549019607
210.3997896,8.171668362156664,28.714002216738493,47184.0,1.6764705882352942
210.5997894,11.595992282027575,33.659415078374934,49754.0,1.5637254901960784
210.7997892,18.724096750619395,60.625371812375235,56103.0,1.5392156862745099
210.999789,19.855846006029886,52.953420918476304,60366.0,1.4950980392156863
211.1997888,16.994779015110886,34.04626302040617,63398.0,1.5686274509803921
211.3997886,,14.810105018932461,65470.0,1.7884615384615385
211.5997884,,13.326058701181879,63540.0,1.5686274509803921
211.7997882,16.16831415030467,53.79668142194423,59080.0,1.5147058823529411
211.999788,11.155780223356862,105.47672712825518,49159.0,1.5343137254901962
212.1997878,7.3330900243309,3.516462165136864,49320.0,1.5637254901960784
212.3997876,6.7025615268709196,6.246973123281681,49775.0,1.588235294117647
212.5997874,4.667639775312569,1.1325787268418774,49669.0,1.588235294117647
212.7997872,5.676069410815174,2.605107623831093,49560.0,1.588235294117647
212.999787,6.2953618705180485,9.277117909020102,49783.0,1.5980392156862746
213.1997868,6.932675933626391,7.882126354280869,50502.0,1.6323529411764706
213.3997866,8.926174633213275,10.19511415336941,49143.0,1.6568627450980393
213.5997864,6.608769813204643,7.008490263123327,48074.0,1.661764705882353
213.7997862,6.341022171333402,3.9790158741274047,48035.0,1.6666666666666667
213.999786,,13.877988912972274,48553.0,1.7067307692307692
214.1997858,,12.987056580505678,48083.0,1.6666666666666667
214.3997856,5.504154252863917,8.280777618010235,47662.0,1.6568627450980393
214.5997854,4.442233687148476,4.523559400119684,47294.0,1.6568627450980393
214.7997852,4.5724113563619735,5.546166945834941,48114.0,1.661764705882353
214.999785,13.64221525600836,10.775818190913037,47850.0,1.661764705882353
215.1997848,12.958932154946993,6.366359392872088,49333.0,1.6519607843137254
215.39978459999998,,19.04031640553014,52456.0,1.6195121951219513
215.59978439999998,,70.9292874944082,57519.0,1.6176470588235294
215.79978419999998,11.609702945537038,24.075495719290224,55983.0,1.5294117647058822
215.99978399999998,12.156187861831107,26.39260171128281,56829.0,1.5980392156862746
216.19978379999998,,96.02272214716565,55501.0,1.7307692307692308
216.39978359999998,,5.490948173078709,52443.0,1.7892156862745099
216.59978339999998,10.906957122037278,8.988014172970995,52148.0,1.7990196078431373
216.79978319999998,,26.787933051739476,55058.0,1.9086538461538463
216.99978299999998,,131.65898578682638,46380.0,1.5931372549019607
217.19978279999998,11.528275066438681,27.23702930411155,48541.0,1.6176470588235294
217.39978259999998,7.42397833996108,20.80222578249085,47276.0,1.5686274509803921
217.59978239999998,,3.807580102279591,48418.0,1.5658536585365854
217.79978219999998,,6.703497153487308,48396.0,1.5490196078431373
217.99978199999998,8.907466729731473,34.99703822147653,46513.0,1.4852941176470589
218.19978179999998,8.071441006223615,16.040734711007758,45954.0,1.4607843137254901
218.39978159999998,7.300964546402502,3.991979581812191,46032.0,1.4509803921568627
218.59978139999998,7.003744351194319,6.874405824092119,46470.0,1.4803921568627452
218.79978119999998,10.29512056677949,22.320469017205177,47567.0,1.5196078431372548
218.99978099999998,9.232395531650807,9.972344998121878,48340.0,1.5147058823529411
219.19978079999998,7.155542300018512,6.961430989095362,48617.0,1.5245098039215685
219.39978059999999,7.576975197109067,1.2873338780987877,48704.0,1.5196078431372548
219.5997804,7.515974837561561,3.22602283712223,48326.0,1.5245098039215685
219.7997802,6.474237710018668,3.0399033493570027,48210.0,1.5196078431372548
219.99978,6.047734961630497,4.2095930458824595,48476.0,1.5049019607843137
220.1997798,7.20065177881301,5.959165807203695,47869.0,1.5098039215686274
220.3997796,9.194894695034243,15.0411687947675,46579.0,1.4950980392156863
220.5997794,6.321734985700667,4.548535384687666,46156.0,1.4950980392156863
220.7997792,11.073073833662592,7.436207867354236,46063.0,1.4754901960784315
220.999779,11.010490995582739,20.16977501999315,47088.0,1.4558823529411764
221.1997788,7.248948046371833,11.02719737637929,46580.0,1.4509803921568627
221.3997786,6.910097469220246,1.56389445591899,46784.0,1.4509803921568627
221.5997784,7.264741975069431,4.571215660819316,46449.0,1.4558823529411764
221.7997782,11.517662332223548,30.30631984939657,47757.0,1.553921568627451
221.999778,14.609526436057049,50.83451317945749,50764.0,1.7058823529411764
222.1997778,8.353624318004677,18.87091388785109,51320.0,1.7745098039215685
222.3997776,,14.598124014750848,52684.0,1.7884615384615385
222.5997774,,17.69342855570275,52479.0,1.9019607843137254
222.7997772,16.267003385289378,81.64476969663582,55239.0,2.053921568627451
222.999777,28.566417308513497,106.2943289507411,63229.0,2.053921568627451
223.1997768,12.68986099236883,29.981523103405557,63162.0,1.911764705882353
223.3997766,21.628827459548464,66.14330501549769,63162.0,1.7107843137254901
223.5997764,20.322593636729763,82.38197209332822,59592.0,1.5490196078431373
223.7997762,7.837785016286645,12.342156645493846,58330.0,1.5245098039215685
223.999776,8.047402705862703,13.425941481841601,59870.0,1.5392156862745099
224.1997758,7.779272100435829,12.059708321201663,61492.0,1.5833333333333333
224.3997756,18.71825603301337,68.6599275899411,55735.0,1.6715686274509804
224.5997754,10.723831723831724,38.551791433473845,54054.0,1.6225490196078431
224.7997752,8.700085413305494,15.728176141626006,52685.0,1.6127450980392157
224.999775,9.32830739299611,9.167500577261478,53456.0,1.6274509803921569
225.1997748,6.8920435479661455,1.6001507399955432,53642.0,1.6372549019607843
225.3997746,5.355115982283612,3.1647095422838265,53284.0,1.6274509803921569
225.5997744,4.53003240636069,1.6921409081540466,53076.0,1.6274509803921569
225.7997742,4.641198217840554,2.907910438387411,52745.0,1.6274509803921569
225.999774,4.915741260048607,5.70302629881002,53490.0,1.6323529411764706
226.1997738,4.42384925471079,1.26574251283222,53335.0,1.6372549019607843
226.39977359999997,4.494073447919602,1.497404255228098,53235.0,1.6372549019607843
226.59977339999998,9.50885511347664,3.812956399852311,53359.0,1.6176470588235294
226.79977319999998,6.330162378028105,3.355280920574844,53086.0,1.607843137254902
226.99977299999998,8.61341230273269,4.4870443431199964,53354.0,1.6225490196078431
227.19977279999998,9.38388917969042,3.9577649878435963,53492.0,1.6274509803921569
227.39977259999998,8.698948793651391,3.0361540188520464,53177.0,1.6225490196078431
227.59977239999998,9.702897610352052,9.323671704295423,53941.0,1.6568627450980393
227.79977219999998,6.940999307854911,4.949031587508936,53457.0,1.696078431372549
227.99977199999998,6.125084011649616,4.779824096712648,53564.0,1.6568627450980393
228.19977179999998,8.565839571799069,15.854351047464847,54367.0,1.7205882352941178
228.39977159999998,7.116234984984985,10.689293568635346,53280.0,1.7107843137254901
228.59977139999998,,21.621022213811703,55507.0,1.7884615384615385
228.79977119999998,,20.061000542705205,53343.0,1.7058823529411764
228.99977099999998,11.861656828523913,20.763902094559402,54719.0,1.6813725490196079
229.19977079999998,14.00122367250074,14.486234875618745,53936.0,1.7205882352941178
229.39977059999998,,18.38953864328938,55650.0,1.7884615384615385
229.59977039999998,10.125625459896984,17.790129946013405,54360.0,1.7884615384615385
229.79977019999998,,20.356801536016246,52050.0,1.7205882352941178
229.99976999999998,9.928673997285442,11.30828078732766,50837.0,1.696078431372549
230.19976979999998,12.722439707105332,21.641317465448555,49301.0,1.6274509803921569
230.39976959999998,10.79364982878447,5.756421001592369,49353.0,1.6568627450980393
230.59976939999999,14.656479909451047,9.723842549813549,47709.0,1.6274509803921569
230.7997692,25.14442966475816,27.337355518253137,51873.0,1.6568627450980393
230.999769,28.894157299405318,47.374953946038374,56669.0,1.6568627450980393
231.1997688,21.521737514863258,56.48334113995491,53824.0,1.4558823529411764
231.3997686,5.976356448501748,22.51395291739815,52361.0,1.4068627450980393
231.5997684,8.501606395696355,16.57011000804372,53536.0,1.446078431372549
231.7997682,26.746359770633337,102.0395383159618,62084.0,1.6666666666666667
231.999768,29.92532208414092,94.1362988771984,52626.0,1.7696078431372548
232.1997678,,18.108609015495684,54273.0,1.7932692307692308
232.3997676,,18.494443836369324,53841.0,1.8137254901960784
232.5997674,6.428676470588235,4.303795772398482,53040.0,1.8137254901960784
232.7997672,6.258286191579027,4.082361186145698,52678.0,1.8480392156862746
232.999767,7.245030267525874,26.72582372773513,51210.0,1.7990196078431373
233.1997668,5.451074700141697,16.52997131685756,50107.0,1.7794117647058822
233.3997666,4.262907690456132,4.011888397467476,49854.0,1.7647058823529411
233.5997664,5.117514372404982,3.2105289254486418,50096.0,1.7647058823529411
233.7997662,4.131044458283946,2.5815381503740027,49777.0,1.7647058823529411
233.999766,5.225141917236676,3.8381378294748716,49853.0,1.7598039215686274
234.1997658,,14.896289490297637,51095.0,1.7451923076923077
234.3997656,3.9863444346202965,1.5215066088703224,50895.0,1.7451923076923077
234.5997654,,13.809902138536117,49506.0,1.7598039215686274
234.7997652,3.9285356219045138,1.8626628957256772,49871.0,1.7647058823529411
234.999765,3.8251714595114907,0.6904676118575672,49866.0,1.7647058823529411
235.1997648,4.306580832643836,1.3031501463615665,49553.0,1.7647058823529411
235.3997646,3.8221362880442404,2.42297623932297,49909.0,1.7647058823529411
235.5997644,3.9739268106938153,0.6573395316690855,49898.0,1.7696078431372548
235.7997642,3.774637651903589,2.412979485546021,49538.0,1.7647058823529411
235.999764,,12.69721297405328,50881.0,1.7884615384615385
236.1997638,,13.622505694520912,49697.0,1.7647058823529411
236.3997636,4.497038925581675,1.9676176544315969,49813.0,1.7647058823529411
236.5997634,,11.78087734457241,51117.0,1.7355769230769231
236.7997632,,12.699251378620438,49994.0,1.7352941176470589
236.999763,5.137269755202935,5.082568257028999,50164.0,1.7352941176470589
237.1997628,4.197845289349746,3.9874401549016705,49473.0,1.7401960784313726
237.39976259999997,4.825747698232805,3.78698829042199,49853.0,1.7450980392156863
237.59976239999997,5.880990206527641,7.9532047677438875,49727.0,1.7549019607843137
237.79976219999998,,11.05962832079322,51982.0,1.7740384615384615
237.99976199999998,,14.861714460044773,50166.0,1.75
238.19976179999998,,20.198227744351204,52089.0,1.7884615384615385
238.39976159999998,5.27632282202031,5.791176254519019,52388.0,1.7836538461538463
238.59976139999998,,17.768913272005776,51658.0,1.7696078431372548
238.79976119999998,4.8896792298398095,7.69032141920049,51314.0,1.75
238.99976099999998,,16.426389723620385,52330.0,1.7884615384615385
239.19976079999998,,18.549628887377096,51406.0,1.7598039215686274
239.39976059999998,6.36935358643069,8.29091611569706,50231.0,1.7450980392156863
239.59976039999998,10.463008385146312,30.287423741953177,52593.0,1.7696078431372548
239.79976019999998,5.81831268704777,1.3304293923355504,52794.0,1.7745098039215685
239.99975999999998,6.006149275062527,5.166491290923351,53177.0,1.7892156862745099
240.19975979999998,,19.473922752589473,53969.0,1.7692307692307692
240.39975959999998,,20.184615286782382,54961.0,1.8146341463414635
240.59975939999998,,5.236712392103442,55091.0,1.8186274509803921
240.79975919999998,5.783477988464444,10.91404044145135,54267.0,1.803921568627451
240.99975899999998,5.302286041655116,6.82432141673618,54111.0,1.7990196078431373
241.19975879999998,4.585713224644409,2.5539612343558904,53854.0,1.803921568627451
241.39975859999998,,12.2601439620745,54807.0,1.7836538461538463
241.59975839999998,,12.465106779901472,53469.0,1.7990196078431373
241.79975819999999,4.140702108568865,0.46218848594578255,53496.0,1.7990196078431373
241.99975799999999,4.188632573131196,1.0451570716725918,53363.0,1.7990196078431373
242.1997578,,2.364124666899263,53712.0,1.7951219512195122
242.3997576,,10.982606532887244,54446.0,1.7884615384615385
242.5997574,,13.39278187453589,53686.0,1.803921568627451
242.7997572,4.980971690041293,0.612973343799207,53762.0,1.7941176470588236
242.999757,5.24854216507177,1.1626031391953457,53504.0,1.7990196078431373
243.1997568,5.4361744320006045,4.632451530578246,52949.0,1.7941176470588236
243.3997566,5.76289065427565,2.606860257495302,53372.0,1.7941176470588236
243.5997564,4.347264664231944,3.141079967361446,53668.0,1.7941176470588236
243.7997562,3.974865215186069,2.955384347674472,53233.0,1.7941176470588236
243.999756,3.9312433001711393,1.114974270831917,53173.0,1.7941176470588236
244.1997558,4.108538785327721,1.442323532392793,53216.0,1.7941176470588236
244.3997556,4.337989658122837,2.9425892913850134,53762.0,1.7941176470588236
244.5997554,4.059437615760229,2.2452679716061024,53451.0,1.7941176470588236
244.7997552,,31.071208493748316,56094.0,1.8028846153846154
244.999755,,19.71861127154234,55932.0,1.857843137254902
245.1997548,5.802824397686549,7.230485564522257,56366.0,1.8627450980392157
245.3997546,6.236438277580581,8.054807013279728,55782.0,1.8774509803921569
245.5997544,6.640075904098091,21.159129326152048,54806.0,1.8676470588235294
245.7997542,17.23296963084197,17.81345011909909,54990.0,2.0245098039215685
245.999754,11.791535403132944,143.39017193497912,46027.0,1.5049019607843137
246.1997538,5.6799495092385035,1.2326811737803314,45949.0,1.4852941176470589
246.3997536,7.376683637301024,11.488091085581726,46551.0,1.5343137254901962
246.5997534,,37.09438459542679,49754.0,1.75
246.7997532,,16.42647208524345,47281.0,1.607843137254902
246.999753,10.223571676430364,36.66993974656457,48991.0,1.7598039215686274
247.1997528,9.077917719519899,37.71543057149999,50656.0,1.8872549019607843
247.3997526,6.42280659234125,32.78443755773939,49512.0,1.7598039215686274
247.5997524,,37.275268791933975,52304.0,1.7951219512195122
247.7997522,,20.839091055778344,54021.0,1.8235294117647058
247.999752,,14.480931427035852,54652.0,1.8028846153846154
248.1997518,,9.133533912849492,53200.0,1.8872549019607843
248.39975159999997,6.254069617216049,9.46511417071833,54182.0,1.8676470588235294
248.59975139999997,8.302689144257132,47.126625784937794,51429.0,1.7303921568627452
248.79975119999997,5.840693178948187,7.000555703666031,51473.0,1.7254901960784315
248.99975099999997,5.478433653193758,0.9265470426365039,51585.0,1.7205882352941178
249.19975079999998,6.825466069367554,2.582498801308226,51119.0,1.6911764705882353
249.39975059999998,6.060131861148622,12.90113529590975,50356.0,1.6666666666666667
249.59975039999998,6.352405162299569,10.362681567715839,51140.0,1.6911764705882353
249.79975019999998,5.965904596155368,6.727375092039647,50564.0,1.696078431372549
249.99974999999998,5.251680564590849,2.183858066473648,50727.0,1.6911764705882353
250.19974979999998,6.229364528601169,2.586911923864314,50435.0,1.6911764705882353
250.39974959999998,6.937877635948942,13.328452620657812,49982.0,1.6274509803921569
250.59974939999998,6.000801619270927,5.864319089720259,49899.0,1.6176470588235294
250.79974919999998,6.773217926678127,8.309238510317691,50026.0,1.6274509803921569
250.99974899999998,6.321164351805189,12.174175984067157,49607.0,1.5980392156862746
251.19974879999998,4.991204995883617,1.5097989242141558,49801.0,1.6029411764705883
251.39974859999998,5.366785563146122,4.701433109968486,49623.0,1.5931372549019607
251.59974839999998,4.772251837492933,2.0738862130449514,49524.0,1.588235294117647
251.79974819999998,4.764036081223202,0.5747600020701227,49444.0,1.588235294117647
251.99974799999998,4.931972515771286,3.27672976054185,49774.0,1.5833333333333333
252.19974779999998,4.703996762116766,2.687617756925751,49415.0,1.588235294117647
252.39974759999998,,5.022831278911137,49754.0,1.5707317073170732
252.59974739999998,,4.844335022931228,49106.0,1.6029411764705883
252.79974719999998,6.1853978007761965,4.0543495996503625,49472.0,1.607843137254902
252.99974699999999,5.106165078077469,0.8926302512795499,49310.0,1.6274509803921569
253.19974679999999,4.890568783603509,2.807994467554467,49474.0,1.6176470588235294
253.3997466,5.555975931255157,6.564962552193305,49691.0,1.6372549019607843
253.5997464,7.263102244389027,4.77455547019098,50125.0,1.6274509803921569
253.7997462,5.82256821960021,10.782171258523011,49326.0,1.6274509803921569
253.999746,5.679574837135193,4.501405171068525,49581.0,1.6176470588235294
254.1997458,4.746870038785394,1.0407271858883438,49761.0,1.6127450980392157
254.3997456,5.187337311281086,5.1113494962468655,49942.0,1.6372549019607843
254.5997454,5.99391004025913,14.29031397689147,48933.0,1.6274509803921569
254.7997452,5.5676603432700995,7.379695182602579,49815.0,1.6323529411764706
254.999745,7.477888847751862,15.230847811772545,48618.0,1.5980392156862746
255.1997448,5.552637518209237,3.2451950273085033,48739.0,1.5931372549019607
255.3997446,5.322349511373901,5.652772566455354,48708.0,1.607843137254902
255.5997444,5.699433981681589,2.131106171097068,48585.0,1.6127450980392157
255.7997442,8.079768530611425,16.26367362632074,49769.0,1.661764705882353
255.999744,7.623200892944563,18.50643585277196,51067.0,1.7058823529411764
256.19974379999996,10.599732080453522,24.240918148784765,51508.0,1.8137254901960784
256.39974359999997,,17.915659786500104,52320.0,1.7932692307692308
256.59974339999997,,42.51760319654969,49784.0,1.7058823529411764
256.79974319999997,,5.368313573409364,50224.0,1.7365853658536585
256.99974299999997,,24.726214381859773,50936.0,1.8333333333333333
257.19974279999997,7.050659722896951,15.48839517635176,51461.0,1.8627450980392157
257.39974259999997,5.749438689092843,15.976156546076416,50774.0,1.8529411764705883
257.59974239999997,7.289761987032257,18.49804477874486,49199.0,1.7990196078431373
257.79974219999997,5.279203424230854,4.016831375496085,49763.0,1.803921568627451
257.99974199999997,5.36947944764282,5.654649922168107,49678.0,1.7696078431372548
258.19974179999997,6.597686375321337,16.820774338266574,48236.0,1.7009803921568627
258.39974159999997,8.058257821849889,24.12634916821709,46792.0,1.5588235294117647
258.59974139999997,22.051778329197685,83.62993764300668,54405.0,1.6323529411764706
258.79974119999997,19.942902758575286,65.44485031990595,60756.0,1.6029411764705883
258.999741,11.511883962419647,25.80340885414744,60670.0,1.4950980392156863
259.1997408,8.196141588119618,21.776121851822737,58988.0,1.4558823529411764
259.3997406,11.627830728173846,79.45429805803036,52460.0,1.4803921568627452
259.5997404,8.18385053831539,49.36449478729446,47370.0,1.5098039215686274
259.7997402,10.636391816491011,11.74921490066516,48390.0,1.5686274509803921
259.99974,,3.579499349178316,48433.0,1.5463414634146342
260.1997398,,4.335344337802957,47746.0,1.5588235294117647
260.3997396,7.349013275171445,6.798889412914391,47683.0,1.5784313725490196
260.5997394,11.672039865232916,36.833638110398155,49567.0,1.6519607843137254
260.7997392,15.166869384392044,31.938244118733234,50974.0,1.7058823529411764
260.999739,,20.096906732817676,51746.0,1.7836538461538463
261.1997388,,26.36029193836208,52542.0,1.7941176470588236
261.3997386,5.563167913753134,6.17953117264646,53057.0,1.7892156862745099
261.5997384,5.209731960338536,4.363725396029815,52343.0,1.7794117647058822
261.7997382,14.22959337198339,45.508250068976835,49849.0,1.6470588235294117
261.999738,8.90500765728911,24.01154643680139,47667.0,1.6176470588235294
262.1997378,20.5602321912544,22.400281360859836,49442.0,1.6372549019607843
262.3997376,21.299012667308528,25.081604981037938,52971.0,1.6323529411764706
262.5997374,32.98727205972341,59.3169022451362,57197.0,1.5833333333333333
262.7997372,12.32238479861024,25.833927068060138,55837.0,1.5294117647058822
262.999737,8.101570940261764,3.1896847413031417,56463.0,1.5294117647058822
263.1997368,16.985608047541582,46.99931519959425,60242.0,1.5833333333333333
263.3997366,30.51630767017872,58.664118686483526,55618.0,1.642156862745098
263.5997364,,61.639161163310476,49283.0,1.6195121951219513
263.7997362,,6.965403900928048,48797.0,1.6225490196078431
263.999736,4.866296463259703,1.6125114691422746,48802.0,1.6225490196078431
264.1997358,6.858950251400073,4.983371754126312,48926.0,1.6225490196078431
264.3997356,7.147199538068135,8.531545336350332,48492.0,1.6519607843137254
264.5997354,,20.303059526005974,50448.0,1.7740384615384615
264.7997352,,15.385140638425968,50062.0,1.6715686274509804
264.999735,17.926466291368797,27.19992649938063,51337.0,1.7058823529411764
265.1997348,26.008424513278882,55.102046136298604,58401.0,1.7352941176470589
265.3997346,18.475810008481766,33.273127079993024,58950.0,1.8137254901960784
265.5997344,,29.39673310092986,57166.0,1.7884615384615385
265.7997342,,41.12229906281258,53796.0,1.7745098039215685
265.999734,7.770701795884205,21.17492652539766,54959.0,1.8137254901960784
266.1997338,7.422684633710542,7.813917056027414,53728.0,1.803921568627451
266.3997336,,20.55831502636184,54918.0,1.7884615384615385
266.5997334,,13.931385885191078,53138.0,1.8088235294117647
266.7997332,3.986626678738494,0.4590167112440547,53016.0,1.8088235294117647
266.999733,7.830564231458722,15.311950440445225,54109.0,1.8284313725490196
267.1997328,15.990296080780421,33.40566398027969,58430.0,1.8529411764705883
267.3997326,,11.658770645754126,60044.0,1.8269230769230769
267.5997324,14.239421789952708,40.164759796148395,56035.0,1.7932692307692308
267.7997322,,19.047767519927397,54017.0,1.8137254901960784
267.999732,10.58513378838307,26.941290783045588,53181.0,1.7892156862745099
268.1997318,10.364796106481823,11.08684727967162,54244.0,1.7843137254901962
268.3997316,9.561076951742129,14.208396089665424,53670.0,1.7745098039215685
268.5997314,6.60094323857623,1.0309125481324048,53857.0,1.7745098039215685
268.7997312,,26.62477556324259,55942.0,1.7884615384615385
268.999731,8.228211860570394,14.105212878770484,55225.0,1.7884615384615385
269.1997308,,14.372310867129999,53618.0,1.7794117647058822
269.3997306,4.531520326712456,2.526648706457988,53870.0,1.7794117647058822
269.5997304,4.632688829638469,1.61022623523572,53633.0,1.7745098039215685
269.7997302,4.187856280753876,1.0161976152777727,53855.0,1.7745098039215685
269.99973,4.209084624152171,2.440911334258301,53519.0,1.7745098039215685
270.1997298,4.279556236225766,0.5199290820487461,53542.0,1.7745098039215685
270.3997296,4.308472553699284,0.4841861334421088,53632.0,1.7745098039215685
270.5997294,5.9452093337334935,2.858487055092877,53312.0,1.7745098039215685
270.7997292,16.87554149515575,46.68587445467122,55633.0,1.8186274509803921
270.999729,5.899323816679188,2.0605848142273246,55902.0,1.8235294117647058
271.1997288,6.427172450901264,7.098854109977286,55755.0,1.8431372549019607
271.3997286,7.082699210337402,11.507487937915426,55720.0,1.857843137254902
271.5997284,,33.1227897933469,54027.0,1.8076923076923077
271.7997282,5.0614122973023115,2.47504922851049,53898.0,1.7932692307692308
271.999728,8.849396678897,32.309852989874386,52874.0,1.7788461538461537
272.1997278,,41.87757689671847,49112.0,1.7058823529411764
272.3997276,7.489026437688371,10.699717357728474,49437.0,1.7254901960784315
272.5997274,7.196482135205175,8.574244563827696,49007.0,1.7058823529411764
272.7997272,,4.0593411590141715,49101.0,1.697560975609756
272.999727,,9.417638504427554,49093.0,1.696078431372549
273.1997268,17.68561049445005,25.264057491735713,49550.0,1.6127450980392157
273.3997266,26.835181283956093,39.35479190703547,54114.0,1.5588235294117647
273.5997264,27.281417953116065,53.228985461362825,52470.0,1.4411764705882353
273.7997262,8.395405923205875,37.27929236231038,50108.0,1.4215686274509804
273.999726,,19.61283453525233,50248.0,1.5144230769230769
274.1997258,,32.500509144603086,51409.0,1.411764705882353
274.3997256,20.223599147579737,65.73576301927245,55841.0,1.5294117647058822
274.5997254,38.40159420289855,106.23075761924655,55200.0,1.8137254901960784
274.7997252,15.408963373018882,20.05745868249093,52748.0,2.0
274.999725,,20.69384111803949,54874.0,1.9663461538461537
275.1997248,,14.321990250449295,53850.0,1.8431372549019607
275.3997246,,12.48666844686978,54901.0,1.8125
275.5997244,,13.641587671897318,53434.0,1.8333333333333333
275.7997242,4.68302998262971,4.036547967802178,52964.0,1.8333333333333333
275.99972399999996,4.042796922553449,1.5039812195222209,52901.0,1.8284313725490196
276.19972379999996,,11.82708269720191,54404.0,1.8028846153846154
276.39972359999996,,12.319689871533296,52680.0,1.8284313725490196
276.59972339999996,13.272522119138875,31.102842722510033,55834.0,1.8627450980392157
276.79972319999996,,32.22109100969515,55328.0,1.8076923076923077
276.99972299999996,,49.66324185570339,51964.0,1.6813725490196079
277.19972279999996,14.921883768434757,118.19850890569265,44549.0,1.4656862745098038
277.39972259999996,6.964368450082736,14.242429658214252,45325.0,1.5098039215686274
277.59972239999996,,23.463989614880308,46639.0,1.6346153846153846
277.79972219999996,13.972104801403733,52.789711492763246,50152.0,1.6634615384615385
277.99972199999996,,44.42144448366826,45803.0,1.6176470588235294
278.19972179999996,5.735419507022441,5.255141052599684,46209.0,1.6127450980392157
278.39972159999996,5.632717271727173,10.242651809550614,45450.0,1.6127450980392157
278.59972139999996,5.310736075143748,2.7644212046591634,45566.0,1.5735294117647058
278.79972119999996,4.7122041681384665,3.028647711880523,45296.0,1.588235294117647
278.99972099999997,4.760287681175358,4.7579771511503495,45467.0,1.6176470588235294
279.19972079999997,4.395695763771582,5.435691010070349,45583.0,1.6176470588235294
279.39972059999997,5.459439415421529,1.9236883169849666,45845.0,1.6127450980392157
279.59972039999997,5.393801616587594,6.41488669660134,45528.0,1.607843137254902
279.79972019999997,4.518100734522561,6.019823245279372,45744.0,1.6225490196078431
279.99971999999997,4.395030292387391,2.6924920142965107,45556.0,1.6274509803921569
280.19971979999997,9.889987587048452,31.70939458479608,47531.0,1.6470588235294117
280.39971959999997,9.140705188140206,14.200301083519758,48129.0,1.553921568627451
280.59971939999997,11.385896616504949,51.870880929196716,51633.0,1.6470588235294117
280.79971919999997,8.702580917318608,16.87599953065054,52152.0,1.7352941176470589
280.99971899999997,10.847209808639853,131.83188809706846,43635.0,1.5343137254901962
281.19971879999997,7.669189609439313,6.204786945717306,43732.0,1.5980392156862746
281.39971859999997,5.870212909160254,13.637514181055021,44573.0,1.6519607843137254
281.5997184,5.794394177377607,14.408351707595337,45203.0,1.7156862745098038
281.7997182,5.094204159777217,13.83757091663918,45964.0,1.7450980392156863
281.999718,11.248735612138123,18.424535587757283,45872.0,1.5098039215686274
282.1997178,6.53870537970322,34.76332344176571,43534.0,1.5294117647058822
282.3997176,,1.9960820869705969,44058.0,1.473170731707317
282.5997174,,18.931466514204825,43188.0,1.4264705882352942
282.7997172,5.003632392393343,18.710853169048992,42121.0,1.4019607843137254
282.999717,4.536290322580645,8.330624137470133,41664.0,1.3872549019607843
283.1997168,4.751816938907678,1.9125674557233794,41691.0,1.3774509803921569
283.3997166,4.4849185113111165,11.985150215510314,41110.0,1.3235294117647058
283.5997164,4.312862846924528,5.580561710499217,40823.0,1.3235294117647058
283.7997162,5.680356199894388,14.104289220108086,41662.0,1.3186274509803921
283.999716,10.953598247095611,37.462912065769004,43813.0,1.4166666666666667
284.1997158,7.350392703318977,6.108615727950433,43417.0,1.4509803921568627
284.3997156,6.232960700703008,3.9222516844740163,43385.0,1.4558823529411764
284.5997154,6.814412333223328,13.77108983182313,42422.0,1.4411764705882353
284.7997152,,5.771368987929139,42974.0,1.3804878048780487
284.999715,,14.335824101872339,41595.0,1.3431372549019607
285.1997148,6.2597455888387366,3.3291289516297558,41429.0,1.338235294117647
285.3997146,5.522209385216686,8.932524721164436,40681.0,1.3333333333333333
285.5997144,4.351539127209791,4.108115544452903,40445.0,1.3284313725490196
285.7997142,5.2655981254829625,5.005495040513188,40117.0,1.3235294117647058
285.999714,5.541757552964774,4.599321240132082,39885.0,1.2941176470588236
286.1997138,4.705318988487256,2.22750493163248,39782.0,1.3235294117647058
286.3997136,4.224878586091223,1.9131360183774881,39946.0,1.3284313725490196
286.5997134,4.274443661262713,1.7637003859238902,39724.0,1.3088235294117647
286.7997132,8.120350218886804,5.073710780162716,39975.0,1.2745098039215685
286.999713,6.8903707721132035,12.641161181689805,40564.0,1.2990196078431373
287.1997128,6.58530929178175,34.908332755125606,38378.0,1.2794117647058822
287.3997126,3.909150395225881,3.180817746650653,38206.0,1.2549019607843137
287.5997124,6.662719298245614,8.06692402791825,38760.0,1.2794117647058822
287.7997122,4.798756476683938,3.7928767368611607,38600.0,1.2549019607843137
287.999712,,19.20041980325402,39977.0,1.5721153846153846
288.1997118,,20.999917684682917,38660.0,1.2450980392156863
288.3997116,4.5928343865879775,4.086980765758361,38294.0,1.2549019607843137
288.5997114,4.257719129961372,3.745982350413414,38573.0,1.2549019607843137
288.7997112,4.648227060251543,1.2706664248283746,38721.0,1.2352941176470589
288.999711,6.245263617901854,1.5781814492999673,38901.0,1.2450980392156863
289.1997108,6.1675168999572785,15.768014372771006,39793.0,1.2941176470588236
289.3997106,6.604650576913388,8.040283294018352,39694.0,1.3235294117647058
289.5997104,4.903241063427263,7.779867039885862,40172.0,1.3431372549019607
289.7997102,5.292535894742108,1.188802258903129,39978.0,1.3480392156862746
289.99971,3.8440030900346382,2.401493821778232,40129.0,1.357843137254902
290.1997098,7.167187159561333,23.029775186847225,41307.0,1.4558823529411764
290.3997096,10.986664192777791,33.50473826659675,43117.0,1.5980392156862746
290.5997094,11.31367729586288,58.14046637688409,45974.0,1.7990196078431373
290.7997092,22.181175148250066,90.88543560048824,51602.0,1.8480392156862746
290.999709,25.159921308829215,87.0390250777705,59473.0,1.857843137254902
291.1997088,22.71120703186313,68.86814900319597,63710.0,1.8774509803921569
291.3997086,10.85911112543509,34.78638054852279,62056.0,1.7450980392156863
291.5997084,10.384890940932973,12.0636156584464,62810.0,1.7107843137254901
291.7997082,6.646779286390906,6.837531185848565,63340.0,1.7254901960784315
291.999708,20.95924544709601,51.98889306668869,59797.0,1.8529411764705883
292.1997078,29.930960993254473,129.24386850278802,51145.0,1.7352941176470589
292.3997076,10.772692897291773,26.899675002395075,48925.0,1.7254901960784315
292.5997074,,42.83990480456985,52348.0,1.7980769230769231
292.7997072,,26.749819491502763,52585.0,1.9215686274509804
292.999707,,39.280195401234074,54236.0,1.9903846153846154
293.1997068,,25.953910608002676,54196.0,1.8970588235294117
293.3997066,8.175540529597539,83.00820510825316,49396.0,1.7941176470588236
293.5997064,5.807377297821999,0.6595457543102031,49449.0,1.7941176470588236
293.7997062,5.363291726321308,4.525847930620765,49591.0,1.7990196078431373
293.999706,5.817606209150327,9.833178423000653,48960.0,1.8333333333333333
294.1997058,6.063997567403203,7.634241863561658,49330.0,1.8235294117647058
294.3997056,5.032026103040505,18.514776397889683,48117.0,1.7843137254901962
294.5997054,7.176240892073588,22.304706749480534,49682.0,1.7941176470588236
294.7997052,13.997741601580879,60.25043282210799,53135.0,1.8186274509803921
294.999705,10.3812023261083,24.049992242422277,52964.0,1.7401960784313726
295.1997048,9.685903961992025,94.01844001357215,47148.0,1.5490196078431373
295.3997046,9.957977089731884,21.321149017508034,48188.0,1.5637254901960784
295.5997044,10.072891121877305,36.651459835145445,50157.0,1.661764705882353
295.7997042,7.2708926780341026,8.885259074375035,49850.0,1.6764705882352942
295.999704,8.074914650119167,62.83300806678954,46573.0,1.5343137254901962
296.1997038,6.682347110287463,7.799488749919112,46406.0,1.5392156862745099
296.3997036,5.133874849578821,1.670252694363705,46536.0,1.5245098039215685
296.5997034,13.98036442972001,63.54707694754783,49502.0,1.7107843137254901
296.7997032,7.308387685109926,21.77833773240936,50443.0,1.7990196078431373
296.999703,5.154359015928343,17.44878170638383,49346.0,1.7352941176470589
297.1997028,4.030340394566624,1.816534001940039,49472.0,1.7303921568627452
297.3997026,3.974883626796195,0.24497302960007242,49410.0,1.7303921568627452
297.5997024,4.247204142906079,1.49696878764394,49627.0,1.7401960784313726
297.7997022,12.021567902915265,47.68363716184914,51419.0,1.9264705882352942
297.999702,6.81035458501649,26.490469838451435,51243.0,1.8284313725490196
298.19970179999996,6.979507959479016,15.533083331132628,51825.0,1.8823529411764706
298.39970159999996,,24.657548819991074,53001.0,1.875
298.59970139999996,,36.30876057581514,50237.0,1.9019607843137254
298.79970119999996,,48.85792831092193,51533.0,2.0696517412935322
298.99970099999996,,6.038713050942661,53191.0,1.838235294117647
299.19970079999996,10.414845334950746,114.97766689176204,47813.0,1.5588235294117647
299.39970059999996,7.795695710656105,19.84962117343231,46837.0,1.5343137254901962
299.59970039999996,5.379165601295491,5.042798276726944,46932.0,1.5049019607843137
299.79970019999996,5.808317450799837,2.711318259031279,46697.0,1.5245098039215685
299.99969999999996,5.875865427367619,6.258274036699726,47231.0,1.5392156862745099
300.19969979999996,7.582266196915677,15.10256080939395,47401.0,1.5980392156862746
300.39969959999996,5.566038133361424,6.598294277961873,47465.0,1.5686274509803921
300.59969939999996,5.963113897596656,2.352507581022181,47850.0,1.588235294117647
300.79969919999996,4.537856316398443,3.8959678315098185,47535.0,1.5931372549019607
300.99969899999996,6.74224592114208,4.964221988469139,47072.0,1.607843137254902
301.19969879999996,6.987845730974059,12.724780260980072,46568.0,1.5490196078431373
301.39969859999997,4.631222637479978,1.9172039596083597,46825.0,1.5392156862745099
301.59969839999997,4.984275915620551,5.131273772725524,46362.0,1.5343137254901962
301.79969819999997,5.869639084315306,5.1918838644560585,45911.0,1.5196078431372548
301.99969799999997,5.134744506452738,2.9049717907792316,45872.0,1.5098039215686274
302.19969779999997,5.792903820007894,4.013270203360975,45602.0,1.5049019607843137
302.39969759999997,5.9552514391224065,7.6763797869344925,46035.0,1.5294117647058822
302.59969739999997,11.206293850598431,43.218421923574105,48460.0,1.6568627450980393
302.79969719999997,8.497577251668297,37.023599857689064,47054.0,1.5049019607843137
302.99969699999997,9.590285313078445,9.112391798816752,47001.0,1.4852941176470589
303.19969679999997,9.210765106207466,16.90807255572705,48490.0,1.5147058823529411
303.39969659999997,8.641593193168505,2.630312094664969,48657.0,1.5098039215686274
303.59969639999997,7.963967791535162,6.556787402341765,49428.0,1.5049019607843137
303.79969619999997,5.823352681491171,4.875937487429114,48928.0,1.5049019607843137
303.999696,6.912630674208959,10.186025692335436,50029.0,1.5098039215686274
304.1996958,4.686461911497272,5.762432083399466,49490.0,1.5098039215686274
304.3996956,5.209578198577296,5.814978109885565,49905.0,1.5098039215686274
304.5996954,6.7905786379813655,1.7364320987820312,50014.0,1.5049019607843137
304.7996952,5.486274193873236,3.2557372232323485,49651.0,1.5098039215686274
304.999695,7.4633632158500145,6.89939431900139,48858.0,1.5049019607843137
305.1996948,7.424340478153339,3.8596114663476686,48520.0,1.5098039215686274
305.3996946,7.384797759928056,3.8536228177510923,48927.0,1.5196078431372548
305.5996944,,11.321208326584141,48114.0,1.497560975609756
305.7996942,,4.045124809988396,47943.0,1.5098039215686274
305.999694,7.391481418632275,10.586501798802761,47144.0,1.4803921568627452
306.1996938,9.836804819072668,3.6788003979812243,47146.0,1.4509803921568627
306.3996936,6.852268648523109,1.0418742857509553,47363.0,1.4607843137254901
306.5996934,6.5631883436897365,6.588349819192436,46670.0,1.4509803921568627
306.7996932,9.211719086600603,2.1931097546748255,46420.0,1.4362745098039216
306.999693,8.655759020478925,9.871979359066358,46145.0,1.411764705882353
307.1996928,6.364725694669344,1.3475052789151096,46317.0,1.411764705882353
307.3996926,11.22213707028684,4.8430365412028,45670.0,1.392156862745098
307.5996924,10.965972413500857,20.277290336110376,47197.0,1.392156862745098
307.7996922,14.217235301523354,16.633179221532302,47658.0,1.4166666666666667
307.999692,9.604369518869376,25.90915221320196,45497.0,1.4411764705882353
308.1996918,12.287939610786282,8.528317898780704,45836.0,1.5294117647058822
308.3996916,,6.254132862921434,45938.0,1.5317073170731708
308.5996914,,1.972401106649268,45539.0,1.5490196078431373
308.7996912,5.297028606855017,6.250835648926102,45164.0,1.5637254901960784
308.999691,6.237757242980224,6.377261687132491,44802.0,1.5392156862745099
309.1996908,4.296328730212193,2.814822958936965,44535.0,1.5392156862745099
309.3996906,4.5971002151308715,0.15470463548931837,44624.0,1.5490196078431373
309.5996904,4.90023015216857,1.6636586449412534,44753.0,1.5343137254901962
309.7996902,5.311100797807686,9.418263577787748,45249.0,1.5686274509803921
309.99969,5.5938952587542605,6.9103353497532485,45178.0,1.5392156862745099
310.1996898,5.721239839699323,13.448010418261097,44167.0,1.5098039215686274
310.3996896,5.0693467336683415,5.729096788576583,43780.0,1.5
310.5996894,9.604645071160395,29.61647671665437,45812.0,1.588235294117647
310.7996892,22.726322590453027,122.45482351251262,52624.0,1.8235294117647058
310.999689,,77.51890342730529,55703.0,2.0390243902439025
311.1996888,,27.13777529648151,57194.0,2.0
311.3996886,11.162257710593686,137.03409940762688,49218.0,1.8284313725490196
311.5996884,4.873807957908583,12.472008627500406,48656.0,1.803921568627451
311.7996882,7.5094195314386925,20.684867957156595,49684.0,1.8676470588235294
311.999688,6.311437465081012,9.317724445777088,50116.0,1.9019607843137254
312.1996878,4.863881699071008,4.898955272052497,49839.0,1.8823529411764706
312.3996876,5.290681841276293,5.763148530429959,49205.0,1.9019607843137254
312.5996874,5.040912762520194,1.8096242962938338,49520.0,1.8823529411764706
312.7996872,17.010376110728192,82.83409002426022,53681.0,1.9558823529411764
312.999687,13.11999201263456,20.220746744583916,55087.0,1.8431372549019607
313.1996868,8.846731796166743,131.6689704152512,48314.0,1.5833333333333333
313.3996866,11.718139947604158,31.07563601596528,47332.0,1.4901960784313726
313.5996864,8.91551361346681,2.3620265020785913,47049.0,1.4901960784313726
313.7996862,10.289845474613687,27.98574818045942,45300.0,1.4313725490196079
313.999686,6.059426593289544,5.978368640098047,45064.0,1.4264705882352942
314.1996858,,4.388766760249628,45083.0,1.4536585365853658
314.3996856,6.483503018691381,4.329770597174484,44887.0,1.4390243902439024
314.5996854,,6.796537487925648,43800.0,1.4264705882352942
314.7996852,6.690375248060617,4.765836599785439,44344.0,1.4215686274509804
314.999685,5.970467426971706,10.050424060916175,43579.0,1.4166666666666667
315.1996848,4.990575748564631,2.0214618063435355,43717.0,1.4166666666666667
315.3996846,8.445071141749645,6.390423692919709,43083.0,1.411764705882353
315.5996844,8.634430694251995,19.595096939702156,41858.0,1.3333333333333333
315.7996842,,3.057186595292164,42551.0,1.3804878048780487
315.999684,,2.4733917819858293,42407.0,1.338235294117647
316.1996838,,3.15585005158932,42884.0,1.424390243902439
316.3996836,,20.778564127365385,42973.0,1.7307692307692308
316.5996834,,28.788177659464502,40562.0,1.303921568627451
316.7996832,4.653786172240513,1.4990584833038612,40397.0,1.3137254901960784
316.999683,7.104787420501777,9.034028762963198,39938.0,1.303921568627451
317.1996828,4.861090890835613,1.941184627427452,39839.0,1.2990196078431373
317.3996826,,13.269203041486348,40714.0,1.326829268292683
317.5996824,,7.001475870929196,40367.0,1.2990196078431373
317.7996822,5.979285908967021,0.6012531296115391,40359.0,1.2990196078431373
317.999682,,4.291391240119474,40311.0,1.3853658536585365
318.1996818,,1.8587082034040827,40067.0,1.2990196078431373
318.3996816,,5.356947474587999,40757.0,1.3463414634146342
318.5996814,,3.086630925072402,40548.0,1.3137254901960784
318.7996812,6.7483960122396605,2.3174297516877798,40524.0,1.2990196078431373
318.999681,21.21492062781273,67.50651762202229,44663.0,1.4019607843137254
319.1996808,6.307815524260829,1.9810892356244862,44949.0,1.4068627450980393
319.3996806,8.503086837005993,7.305882915260449,44382.0,1.4068627450980393
319.5996804,5.257241813602015,2.4075217444540447,44464.0,1.4068627450980393
319.7996802,4.3210002032933525,2.090294181015971,44271.0,1.4068627450980393
319.99968,4.594190815268827,2.5232647848452996,44378.0,1.4068627450980393
320.19967979999996,6.798637911464245,3.0038923966975757,44050.0,1.4068627450980393
320.39967959999996,6.78610607383527,9.322396573230922,44667.0,1.411764705882353
320.59967939999996,5.5716047445009975,7.506674796887072,44599.0,1.411764705882353
320.79967919999996,8.831898932253313,10.291224377276404,43456.0,1.4019607843137254
320.99967899999996,7.354748864859804,14.425726060095947,42726.0,1.392156862745098
321.19967879999996,5.963867483062883,4.2303708137673395,42953.0,1.392156862745098
321.39967859999996,6.838311019567456,5.633360724917177,42724.0,1.3774509803921569
321.59967839999996,6.332467532467533,4.243115950355295,43120.0,1.3872549019607843
321.79967819999996,5.956827660119755,3.3237177009395777,42921.0,1.3725490196078431
321.99967799999996,,3.8651806653693193,43174.0,1.3804878048780487
322.19967779999996,,3.89356714125078,43138.0,1.3774509803921569
322.39967759999996,5.288835177093985,2.0739872974661533,43028.0,1.3725490196078431
322.59967739999996,,1.0011611245143688,43377.0,1.3804878048780487
322.79967719999996,4.6024215638883135,1.3142093407125017,43443.0,1.395121951219512
322.99967699999996,,11.772966250685347,41747.0,1.3627450980392157
323.19967679999996,10.728176430308611,10.192546340494474,42351.0,1.338235294117647
323.39967659999996,22.27316646537004,96.60506618632188,48022.0,1.5490196078431373
323.59967639999996,23.74043288468534,93.01796375262579,54980.0,1.6323529411764706
323.79967619999996,23.62845318158303,45.602435468640266,57990.0,1.5686274509803921
323.99967599999997,,11.272605935216323,59478.0,1.5721153846153846
324.19967579999997,,15.463059207221304,58743.0,1.5392156862745099
324.39967559999997,7.574120709179104,15.074599215935152,59167.0,1.5931372549019607
324.59967539999997,,17.514084429470923,60010.0,1.5817307692307692
324.79967519999997,,31.282135574810077,57574.0,1.7156862745098038
324.99967499999997,21.71822237045066,128.0444472597057,47974.0,1.5196078431372548
325.19967479999997,14.411933356055897,53.2215798779249,49877.0,1.7450980392156863
325.39967459999997,10.328643194686874,49.057416641531404,46978.0,1.6519607843137254
325.59967439999997,10.18786789763926,43.24704827232233,48417.0,1.857843137254902
325.79967419999997,6.765527341735597,0.7252577211159478,48479.0,1.8529411764705883
325.99967399999997,8.418222953517072,14.725043404612288,48620.0,1.9362745098039216
326.19967379999997,,28.78001973476153,51118.0,1.9038461538461537
326.39967359999997,,24.498765264310112,48939.0,1.8872549019607843
326.5996734,,18.034568610087938,50721.0,1.8798076923076923
326.7996732,6.129730882581045,18.959159546035206,51576.0,1.9230769230769231
326.999673,4.823042139320937,1.6065193713897883,51306.0,1.9326923076923077
327.1996728,4.6410435728577815,2.2510897127888136,51477.0,1.9134615384615385
327.3996726,,26.964709412056244,49121.0,2.0
327.5996724,,89.79435063504373,54646.0,2.0294117647058822
327.7996722,,77.0319886236674,51567.0,1.9134615384615385
327.999672,4.936600772020119,1.9187274062730708,51294.0,1.9471153846153846
328.1996718,16.573191795609933,64.89075623478442,55580.0,1.9375
328.3996716,,26.376326920106454,56610.0,1.9362745098039216
328.5996714,19.244241364089653,55.81787164481179,61169.0,1.9362745098039216
328.7996712,,94.91894972746748,64142.0,1.8926829268292682
328.999671,12.707819517846657,11.94274210951021,63009.0,1.726829268292683
329.1996708,,21.863376639923953,61206.0,1.6715686274509804
329.3996706,,2.3978865814597508,62729.0,1.8269230769230769
329.5996704,,109.18381807278512,56590.0,1.8235294117647058
329.7996702,7.5856279646505405,76.85328642455983,50807.0,1.7450980392156863
329.99967,7.111367708540713,5.9880968622981445,50230.0,1.803921568627451
330.1996698,,28.963641552764393,52521.0,1.8365384615384615
330.3996696,,21.57172784859162,51121.0,1.9900497512437811
330.5996694,,63.79199747856864,56111.0,1.9807692307692308
330.7996692,,91.73016713855601,51118.0,1.7892156862745099
330.999669,5.922459998423583,3.601582838020861,50748.0,1.8235294117647058
331.1996688,,17.96331080463026,52725.0,1.8269230769230769
331.3996686,,12.468786558517982,51133.0,1.838235294117647
331.5996684,3.77454276884803,3.2188322526375215,51451.0,1.8480392156862746
331.7996682,,12.741125855449402,52188.0,1.7740384615384615
331.999668,,13.50977795207196,50875.0,1.8137254901960784
332.1996678,4.229335526058185,1.6619059095965154,51078.0,1.8137254901960784
332.3996676,4.678173566221978,6.743336000904329,50897.0,1.803921568627451
332.5996674,,18.26040915618287,52311.0,1.8076923076923077
332.7996672,,18.73918780984066,50471.0,1.8186274509803921
332.999667,5.654376402693171,12.575440489305233,49904.0,1.7843137254901962
333.1996668,5.021226653716182,8.704318043531197,49419.0,1.7598039215686274
333.3996666,4.39280232652072,3.677275664721163,49516.0,1.7696078431372548
333.5996664,8.076422263298419,16.303852929853175,48690.0,1.6862745098039216
333.7996662,7.320326297199562,25.250349692394785,47564.0,1.6225490196078431
333.999666,5.067320289058868,4.148642759032907,47326.0,1.607843137254902
334.1996658,7.899827956989247,18.974620374360494,46500.0,1.5490196078431373
334.3996656,6.786908077994429,22.042139505447995,45234.0,1.4901960784313726
334.5996654,8.094432207271062,14.356707284993739,45853.0,1.5343137254901962
334.7996652,5.020354691323272,4.797055068074644,46181.0,1.5490196078431373
334.999665,22.41693020665513,47.68250743698428,50277.0,1.607843137254902
335.1996648,5.674880923548882,6.629228990633951,49548.0,1.6225490196078431
335.3996646,9.229993930986648,46.65639723309879,46136.0,1.5294117647058822
335.5996644,8.670116672939406,22.728604008193958,47826.0,1.5196078431372548
335.7996642,8.195303810504635,13.53829755103878,48550.0,1.5392156862745099
335.999664,4.254393528783773,3.525446585546962,48708.0,1.5441176470588236
336.1996638,10.542318803087138,31.208049180116024,46386.0,1.5980392156862746
336.3996636,4.47285494091454,6.481938827404535,46712.0,1.6029411764705883
336.5996634,3.633600584657051,3.2854481249382097,46523.0,1.6029411764705883
336.7996632,3.628667081571775,1.6944699615122534,46597.0,1.6029411764705883
336.999663,3.7189021785561724,3.904470219941501,46820.0,1.607843137254902
337.1996628,3.643221465003643,1.7706807168890468,46662.0,1.607843137254902
337.3996626,7.12191637704953,10.635087010158678,46901.0,1.5343137254901962
337.5996624,6.814370991722699,24.009745215672343,45063.0,1.5196078431372548
337.7996622,4.047251623232233,2.5038858466611367,44972.0,1.5147058823529411
337.999662,,5.455108038257781,45402.0,1.5170731707317073
338.1996618,,10.067696066121718,46174.0,1.5392156862745099
338.3996616,15.559486259715092,21.61215756387602,48507.0,1.5196078431372548
338.5996614,19.210172981878088,6.642650741290279,48560.0,1.4313725490196079
338.7996612,13.72637245233399,5.839914158610062,48672.0,1.4705882352941178
338.999661,13.373677697497106,25.873288350571695,50102.0,1.5049019607843137
339.1996608,16.217074670458477,41.63510602467844,52042.0,1.6715686274509804
339.3996606,5.9604162258852496,5.990196969479848,51991.0,1.6813725490196079
339.5996604,,7.351025098753533,51635.0,1.6585365853658536
339.7996602,,21.28565487207728,50138.0,1.642156862745098
339.99966,5.90683078423009,7.382761707181935,49233.0,1.6323529411764706
340.1996598,5.881694595038607,4.083032642510758,48696.0,1.6274509803921569
340.3996596,10.936491771223725,2.384645669261945,49096.0,1.6176470588235294
340.5996594,10.700497993911167,3.4179487863621487,49599.0,1.6176470588235294
340.7996592,5.898063344764979,1.1109875495512918,49570.0,1.6274509803921569
340.999659,8.873131081401787,9.001681764889808,50564.0,1.6323529411764706
341.1996588,10.744420605161316,10.988149629678306,49871.0,1.6274509803921569
341.3996586,7.13541874875075,3.311322983782221,50030.0,1.6323529411764706
341.5996584,5.161148514851485,2.6972909754039396,50500.0,1.6372549019607843
341.7996582,4.530943269021039,0.6803017759117592,50431.0,1.6372549019607843
341.999658,4.193474164435188,0.535783052184489,50415.0,1.642156862745098
342.19965779999995,4.186205385595921,1.2931066588806828,50208.0,1.642156862745098
342.39965759999995,,2.8880920569858968,50846.0,1.6341463414634145
342.59965739999996,4.372421560104323,1.7830914798048996,50612.0,1.6390243902439023
342.79965719999996,,3.3296344591971856,50229.0,1.6274509803921569
342.99965699999996,9.957648917424503,5.052226906484752,49373.0,1.6274509803921569
343.19965679999996,,7.09552611008796,48864.0,1.604878048780488
343.39965659999996,,8.839492844276233,48939.0,1.6225490196078431
343.59965639999996,6.179728595697648,2.0382065861594683,48857.0,1.6127450980392157
343.79965619999996,8.216593529952036,7.072459661773936,48995.0,1.6176470588235294
343.99965599999996,16.84104147933852,12.25373628725936,51158.0,1.5980392156862746
344.19965579999996,25.520827843075246,49.299526970445534,56919.0,1.6323529411764706
344.39965559999996,22.563821198490764,38.38968162847859,60693.0,1.6176470588235294
344.59965539999996,9.38392724511859,5.932030341787753,60587.0,1.6029411764705883
344.79965519999996,6.741851027621417,8.267621997605126,61112.0,1.6225490196078431
344.99965499999996,18.126815652084016,43.000121242058945,58037.0,1.6911764705882353
345.19965479999996,,55.25205131477436,50716.0,1.7073170731707317
345.39965459999996,,34.4461827488383,48898.0,1.6519607843137254
345.59965439999996,6.667140625625826,20.017758721625086,49934.0,1.7009803921568627
345.79965419999996,5.097955981169275,3.7046386063453483,49706.0,1.6862745098039216
345.99965399999996,,4.657141131664804,49895.0,1.6878048780487804
346.19965379999996,,5.892169044276937,49569.0,1.6813725490196079
346.39965359999997,3.9243950797119043,0.8568413615974081,49428.0,1.6862745098039216
346.59965339999997,3.9437595990623233,0.5562486851842836,49484.0,1.6813725490196079
346.79965319999997,4.07164812942366,0.7428899615954673,49450.0,1.6862745098039216
346.99965299999997,3.846824835941444,0.8522882799055657,49525.0,1.6813725490196079
347.19965279999997,4.192536495238869,1.2467095176795822,49253.0,1.6813725490196079
347.39965259999997,3.801434288848709,1.10140132618089,49223.0,1.6813725490196079
347.59965239999997,4.371415879169695,2.2004986775336692,49524.0,1.6813725490196079
347.79965219999997,3.7438432646431834,1.4313401771754433,49255.0,1.6813725490196079
347.99965199999997,4.0070097730458984,1.7921732203176002,49217.0,1.6813725490196079
348.19965179999997,3.6834203522743434,0.7988193819541148,49223.0,1.6764705882352942
348.39965159999997,9.961285380369665,23.608938571378477,50911.0,1.6862745098039216
348.59965139999997,9.576680024660913,12.658808691159226,51904.0,1.7058823529411764
348.79965119999997,8.184511603840479,8.62878279358223,52181.0,1.7303921568627452
348.999651,6.369396294082486,4.429722535826708,51863.0,1.7352941176470589
349.1996508,6.970537875656846,9.343736517884203,50811.0,1.7205882352941178
349.3996506,4.549640879112276,2.491617020345719,51097.0,1.7205882352941178
349.5996504,10.131321872235683,9.764506164436607,52002.0,1.7401960784313726
349.7996502,7.7915160556161185,10.72864180493381,52287.0,1.7352941176470589
349.99965,4.53587339712548,5.251086833650606,51626.0,1.7303921568627452
350.1996498,11.606099910351537,16.908804578340867,52427.0,1.7205882352941178
350.3996496,7.4458118823043105,9.254308401966945,53222.0,1.7401960784313726
350.5996494,6.066670391269531,1.7299135744736156,53697.0,1.7450980392156863
350.7996492,5.14292098843597,2.4208723245483665,53701.0,1.7450980392156863
350.999649,4.917892247431824,2.818945187385996,54124.0,1.7450980392156863
351.1996488,10.531035245131456,1.5536130550577705,54277.0,1.7303921568627452
351.3996486,12.5483139213481,7.6463654687060965,52459.0,1.7352941176470589
351.5996484,8.634007990351273,12.918340554100672,53064.0,1.7107843137254901
351.7996482,,3.326678978418375,53620.0,1.7024390243902439
351.999648,,20.029174060208483,51296.0,1.6715686274509804
352.1996478,13.910585751978893,59.55060188255016,47375.0,1.5637254901960784
352.3996476,9.540512494705633,7.858694454458165,47220.0,1.5196078431372548
352.5996474,7.639986404962189,9.439804575242311,47076.0,1.4803921568627452
352.7996472,10.103632245982318,24.297543465497778,45922.0,1.4558823529411764
352.999647,8.235733473104894,12.340617301430454,45789.0,1.4509803921568627
353.1996468,5.241634215563329,4.301670048939573,45453.0,1.446078431372549
353.3996466,6.67635195035461,8.503268810819073,45120.0,1.4411764705882353
353.5996464,7.349091957336408,1.7769430820563357,45097.0,1.4264705882352942
353.7996462,,12.592981733098934,44422.0,1.4292682926829268
353.999646,,6.62887397962623,44172.0,1.392156862745098
354.1996458,6.387112096263458,3.542433432144476,44212.0,1.3774509803921569
354.3996456,,5.491762957518684,44401.0,1.4048780487804877
354.5996454,,6.005723097609829,43537.0,1.3872549019607843
354.7996452,5.002015855039637,5.681970125763876,44150.0,1.3823529411764706
354.999645,4.693588007070869,6.239313972353998,43559.0,1.3774509803921569
355.1996448,,3.891413586137976,43641.0,1.424390243902439
355.3996446,,4.415751051092127,43228.0,1.3725490196078431
355.5996444,4.89302239496576,0.758258812135697,43224.0,1.3676470588235294
355.7996442,5.331502803479545,2.688337637540597,43339.0,1.3676470588235294
355.999644,5.338829157281193,2.644672289622255,43063.0,1.3676470588235294
356.1996438,16.165086014167038,5.95648633352052,42493.0,1.3137254901960784
356.3996436,20.303468017174943,48.65874987701048,45415.0,1.4901960784313726
356.5996434,11.198626066699946,38.389313616399534,42069.0,1.4754901960784315
356.7996432,5.181473521528097,7.456041785453254,41411.0,1.411764705882353
356.999643,4.408378879562756,5.420429354973614,40984.0,1.4068627450980393
357.1996428,3.8991834855716814,3.6489052260889783,41273.0,1.4166666666666667
357.3996426,3.6653383549993928,1.1670539857912114,41155.0,1.411764705882353
357.5996424,3.564307587614835,0.07528879318586248,41146.0,1.4166666666666667
357.7996422,5.347562155364225,6.9160552849012555,41348.0,1.4656862745098038
357.999642,7.118471558406181,18.360130266800837,40381.0,1.4411764705882353
358.1996418,5.71780307707505,3.1106588463027673,40493.0,1.4607843137254901
358.3996416,3.9504847901709716,0.6692050949307363,40533.0,1.4558823529411764
358.5996414,3.633854759665363,1.2717423329648418,40402.0,1.4509803921568627
358.7996412,3.8763605985405047,2.823977162622414,40699.0,1.4558823529411764
358.999641,3.944622911930414,2.854789803888683,40468.0,1.4509803921568627
359.1996408,3.7634145134145136,1.0623392302030636,40404.0,1.446078431372549
359.3996406,6.737656377229995,2.707321255203515,40527.0,1.4215686274509804
359.5996404,9.895882868226755,26.145620468296734,39955.0,1.2990196078431373
359.7996402,8.875646335502791,22.23135905637772,38873.0,1.2254901960784315
359.99964,,3.825757155449072,38953.0,1.273170731707317
360.1996398,,0.8535064867737393,38655.0,1.2107843137254901
360.3996396,,2.8784948325244244,38795.0,1.3073170731707318
360.5996394,,4.065621500267782,38841.0,1.2254901960784315
360.7996392,,5.187079491976829,39138.0,1.3121951219512196
360.999639,,5.357633674921666,38969.0,1.2058823529411764
361.1996388,5.380879813065122,6.808269760270768,39372.0,1.2156862745098038
361.3996386,6.531480732274704,6.189802443336404,39548.0,1.2401960784313726
361.5996384,4.933904126887913,2.032592200240655,39594.0,1.2352941176470589
361.7996382,,7.925055571146375,39757.0,1.326829268292683
361.999638,,5.660035790195954,39894.0,1.2254901960784315
362.1996378,6.512034576119626,5.076522970252765,40259.0,1.2303921568627452
362.3996376,11.518247658590672,29.57084353306752,42389.0,1.2598039215686274
362.5996374,,79.40431149593329,48302.0,1.424390243902439
362.7996372,,19.303230381614902,47425.0,1.5196078431372548
362.999637,6.186421247054327,2.8603262504066196,47103.0,1.5294117647058822
363.1996368,6.413173526561907,5.3095985150408715,47474.0,1.5392156862745099
363.3996366,7.229003957369292,1.741522688795572,47759.0,1.553921568627451
363.5996364,7.261878290784754,3.871513713813964,47671.0,1.5441176470588236
363.7996362,5.654680797375725,2.123415925500659,47556.0,1.5490196078431373
363.999636,7.73902352622476,7.910434889041374,47989.0,1.5490196078431373
364.1996358,6.1990231480515146,2.4573763877719834,47909.0,1.553921568627451
364.39963559999995,6.911972123122874,5.407187691351793,48212.0,1.5686274509803921
364.59963539999995,5.134004226206666,3.820660656235672,47797.0,1.5686274509803921
364.79963519999995,3.884388238485778,1.4219808813894224,47919.0,1.5686274509803921
364.99963499999996,3.996701254775873,0.742056098206164,47897.0,1.5686274509803921
365.19963479999996,4.342105263157895,1.8034486620919223,47956.0,1.5686274509803921
365.39963459999996,8.08814224247026,7.930018877997279,47412.0,1.5490196078431373
365.59963439999996,7.980368255597614,13.736792953927969,46761.0,1.5245098039215685
365.79963419999996,5.085832075992944,2.2126257146288757,47057.0,1.5294117647058822
365.99963399999996,4.477262513642492,3.379238899200758,46729.0,1.5343137254901962
366.19963379999996,4.723343613740296,2.2689738236764057,47015.0,1.5245098039215685
366.39963359999996,12.727726574500767,8.19120757498366,46872.0,1.5343137254901962
366.59963339999996,10.237573022333763,5.6469448168174186,47417.0,1.5441176470588236
366.79963319999996,7.083008671609903,3.4503429517078406,47742.0,1.5441176470588236
366.99963299999996,13.588619441786948,4.335867501590761,48082.0,1.5441176470588236
367.19963279999996,8.48450368666434,4.873680181683568,48689.0,1.5343137254901962
367.39963259999996,,16.943803572713204,50119.0,1.7788461538461537
367.59963239999996,,21.407737679053117,48436.0,1.5441176470588236
367.79963219999996,4.271628100896393,3.6972626701003364,47970.0,1.5441176470588236
367.99963199999996,4.3076013688686094,2.0912986087552032,48215.0,1.5441176470588236
368.19963179999996,10.21661434931577,11.287646650013556,48741.0,1.5441176470588236
368.39963159999996,8.596451429960302,8.143450923451615,49372.0,1.553921568627451
368.59963139999996,6.9797242497972425,2.643076374354251,49320.0,1.5686274509803921
368.79963119999996,5.967005076142132,9.237351158985549,48856.0,1.5588235294117647
368.99963099999997,5.793385682828535,8.975359928901085,48138.0,1.5441176470588236
369.19963079999997,11.82438124777333,16.258387072434463,47717.0,1.4852941176470589
369.39963059999997,11.187907274863797,23.96567720596124,46805.0,1.4068627450980393
369.59963039999997,15.243417098849244,38.598514343933914,44927.0,1.303921568627451
369.79963019999997,16.420118197488303,51.1979338355737,40610.0,1.3823529411764706
369.99962999999997,,20.85209219940123,39788.0,1.5961538461538463
370.19962979999997,,31.93011469081823,38826.0,1.2303921568627452
370.39962959999997,7.219436926112362,10.429436085623987,39533.0,1.2598039215686274
370.59962939999997,9.608217477656405,11.353545217630893,40280.0,1.2549019607843137
370.79962919999997,,69.88265932683171,47376.0,1.5817307692307692
370.99962899999997,,51.104214042355714,45640.0,1.161764705882353
371.19962879999997,13.03506302105101,8.590529780784653,45461.0,1.1519607843137254
371.39962859999997,6.451808985487742,10.78978418945363,44583.0,1.1568627450980393
371.5996284,5.292188299126104,5.335264276541817,44971.0,1.1666666666666667
371.7996282,7.930283033345757,9.083188916358768,45613.0,1.1813725490196079
371.999628,7.037922450718755,12.703274779346243,44591.0,1.1666666666666667
372.1996278,6.832715933602175,23.589037800870614,42652.0,1.161764705882353
372.3996276,16.839880991161206,41.49922354256761,46047.0,1.2205882352941178
372.5996274,21.910906040268458,51.998421107944885,47680.0,1.3284313725490196
372.7996272,21.482897801969692,42.119835789339284,43357.0,1.3284313725490196
372.999627,11.32031435490764,13.401457711295153,42118.0,1.3137254901960784
373.1996268,9.288184234668673,5.684275804479256,42511.0,1.338235294117647
373.3996266,4.84416170152159,4.202762024867234,42127.0,1.3431372549019607
373.5996264,4.150927327781983,1.6511055775287793,42272.0,1.3431372549019607
373.7996262,4.517179670722978,3.3749929564166186,41910.0,1.3333333333333333
373.999626,3.716978894949016,1.3662705740905918,42170.0,1.3333333333333333
374.1996258,,4.095074111408058,42226.0,1.3414634146341464
374.3996256,,55.84112380034116,39299.0,1.2205882352941178
374.5996254,11.362815050562086,6.677730639199779,38962.0,1.2254901960784315
374.7996252,7.062420382165605,8.153156714091335,39250.0,1.2647058823529411
374.999625,8.113757474168773,17.067410926383452,39971.0,1.3333333333333333
375.1996248,7.6926341764343,8.371015441794173,40525.0,1.3774509803921569
375.3996246,,18.04128437356268,41760.0,1.4536585365853658
375.5996244,,5.552227509006767,41805.0,1.4215686274509804
375.7996242,5.47748031496063,5.121811982581361,41275.0,1.4313725490196079
375.999624,4.794468767195387,9.77634777006472,41799.0,1.4901960784313726
376.1996238,,6.639327659989581,41616.0,1.4292682926829268
376.3996236,,4.750720073321024,41694.0,1.4411764705882353
376.5996234,3.7998271267017216,0.6298650102623418,41649.0,1.4362745098039216
376.7996232,4.168115942028986,3.474695766218547,41400.0,1.4313725490196079
376.999623,5.051597405717031,2.298056820080703,41630.0,1.4313725490196079
377.1996228,9.44877252029301,25.349320775448334,40408.0,1.3480392156862746
377.3996226,,6.935348763366119,39962.0,1.3073170731707318
377.5996224,,3.0890907626253488,39853.0,1.3186274509803921
377.7996222,4.20997198038627,2.2777712029069255,39972.0,1.3137254901960784
377.999622,23.200072424407026,48.111196163588,44184.0,1.3137254901960784
378.1996218,9.996988928521796,14.377962244680685,43174.0,1.2794117647058822
378.3996216,11.643127568216446,6.502130740159421,43318.0,1.303921568627451
378.5996214,9.001480932987782,5.3029233240295515,43216.0,1.3284313725490196
378.7996212,4.847326116247735,1.5893670865186507,43046.0,1.3235294117647058
378.999621,5.178236921003091,2.708891303701598,43027.0,1.3186274509803921
379.1996208,4.631571522618264,4.731306122579853,42532.0,1.3137254901960784
379.3996206,4.804634907231487,1.4698455539546527,42633.0,1.3088235294117647
379.5996204,6.062743076706808,3.10208636427031,42682.0,1.3186274509803921
379.7996202,7.17396505218717,4.623442775787056,42635.0,1.3137254901960784
379.99962,4.947630981099374,3.861895229302858,42697.0,1.3137254901960784
380.1996198,4.267249665908611,0.917636847698609,42653.0,1.3137254901960784
380.3996196,,4.1115005428239995,42651.0,1.3317073170731708
380.5996194,,3.3128738403588263,42564.0,1.3137254901960784
380.7996192,9.083979267837131,4.48893065535234,42832.0,1.2990196078431373
380.999619,5.446091739653911,3.9582780371390647,42359.0,1.2941176470588236
381.1996188,7.2138984018264845,10.322700442933677,42048.0,1.2843137254901962
381.3996186,,4.875166382974334,42207.0,1.326829268292683
381.5996184,,6.427634587245734,42391.0,1.2794117647058822
381.7996182,6.430351643629592,11.013588897325208,41889.0,1.2598039215686274
381.999618,9.003868608004503,10.04998582755813,42651.0,1.2696078431372548
382.1996178,9.30088912997335,4.376481418160035,42401.0,1.25
382.3996176,,7.2083915650255905,42067.0,1.351219512195122
382.5996174,,12.218733293205227,41057.0,1.25
382.7996172,6.491993012083273,2.317778924059782,41214.0,1.25
382.999617,4.4034702394025915,1.9207177115960794,40977.0,1.2549019607843137
383.1996168,,1.1096518277003276,41333.0,1.3804878048780487
383.3996166,,4.524800187958452,41262.0,1.2892156862745099
383.5996164,4.577038766032197,2.468679773082439,41557.0,1.2647058823529411
383.7996162,9.112199747155499,3.389458742105258,41132.0,1.2450980392156863
383.999616,,3.5803368172100107,41313.0,1.3707317073170733
384.1996158,4.543983042682339,2.350639652910104,41516.0,1.3317073170731708
384.3996156,,1.9969283453458304,41285.0,1.25
384.5996154,,4.616511728630859,41241.0,1.3463414634146342
384.7996152,,5.16588234824229,41231.0,1.25
384.999615,3.996390678746185,1.1214300217875237,41282.0,1.2401960784313726
385.1996148,4.082281225905937,2.567187604811117,41504.0,1.2598039215686274
385.3996146,4.602301356589147,2.326831061682436,41280.0,1.2794117647058822
385.5996144,,4.588453516604361,41674.0,1.3804878048780487
385.7996142,6.615512265512265,1.2651626526899282,41580.0,1.3365853658536586
385.999614,4.852709621329212,2.253268804453243,41408.0,1.3219512195121952
386.1996138,,4.74155283631445,40856.0,1.2401960784313726
386.39961359999995,4.507196793822243,1.795205126836561,40921.0,1.2745098039215685
386.59961339999995,4.460830293555671,5.875299598113277,40299.0,1.25
386.79961319999995,,4.434383612671294,40820.0,1.3853658536585365
386.99961299999995,4.397032086875337,1.7356183132389225,40702.0,1.3219512195121952
387.19961279999995,,4.652337054543214,40146.0,1.2303921568627452
387.39961259999995,4.633833669379932,0.4182338494304756,40173.0,1.2549019607843137
387.59961239999996,4.1847025075424105,2.675856171663435,40438.0,1.2794117647058822
387.79961219999996,16.300866954036906,10.906836837329106,41294.0,1.2647058823529411
387.99961199999996,7.621430120743258,7.552157976915185,41493.0,1.3186274509803921
388.19961179999996,7.48669827310914,14.364572330465544,40709.0,1.2647058823529411
388.39961159999996,,18.624091662090326,39702.0,1.2682926829268293
388.59961139999996,,17.749387995319434,40793.0,1.5961538461538463
388.79961119999996,,24.570174009434666,41365.0,1.1862745098039216
388.99961099999996,,31.752199616823397,43212.0,1.2975609756097561
389.19961079999996,,3.715156392070358,42933.0,1.2549019607843137
389.39961059999996,11.04297876235811,17.57158611190193,43696.0,1.3088235294117647
389.59961039999996,,3.5034961050452735,43755.0,1.302439024390244
389.79961019999996,,6.166033363459248,43444.0,1.2941176470588236
389.99960999999996,,21.228160212387365,42146.0,1.3073170731707318
390.19960979999996,,12.294988050237533,43033.0,1.6105769230769231
390.39960959999996,,17.200753702264358,41770.0,1.25
390.59960939999996,4.558318037710662,2.9909481632076944,41951.0,1.25
390.79960919999996,21.721483524772104,54.45272034416269,46403.0,1.3284313725490196
390.99960899999996,21.452468589994037,72.76282713961287,48631.0,1.5441176470588236
391.19960879999996,9.641824742050513,10.61747496199765,47393.0,1.588235294117647
391.39960859999997,4.405245168368639,0.3759568114765783,47396.0,1.5931372549019607
391.59960839999997,5.838092632730793,4.625529139600916,47521.0,1.5931372549019607
391.79960819999997,4.469045298529599,2.3916102876197276,47198.0,1.588235294117647
391.99960799999997,4.593728119496722,3.309684479282593,47131.0,1.5833333333333333
392.19960779999997,5.933091275421328,5.774986461518267,47647.0,1.6029411764705883
392.39960759999997,9.536142796789184,4.030469592521237,47340.0,1.5686274509803921
392.59960739999997,9.297469281811901,11.2741834545381,47773.0,1.5833333333333333
392.79960719999997,7.722172001479229,8.88128803460912,48674.0,1.5980392156862746
392.99960699999997,7.636282304141844,14.146646673360431,49181.0,1.6176470588235294
393.19960679999997,11.132132193130344,12.028695321396823,49231.0,1.607843137254902
393.39960659999997,8.615801495016612,13.814609669096704,48160.0,1.5931372549019607
393.59960639999997,4.634258972931741,2.1946756365430025,48507.0,1.5931372549019607
393.79960619999997,4.4828005523609304,1.172390298796973,48519.0,1.5931372549019607
393.99960599999997,3.74555296159329,2.0822901438013903,48403.0,1.5980392156862746
394.1996058,4.264449885800119,2.357886583087859,48599.0,1.5931372549019607
394.3996056,3.77081957741829,2.0872300797699137,48464.0,1.5980392156862746
394.5996054,4.131058984853836,1.6107349065680325,48131.0,1.5980392156862746
394.7996052,4.01259279171233,2.1781089856458573,48361.0,1.5980392156862746
394.999605,5.948541988235785,8.528073453144357,47942.0,1.5784313725490196
395.1996048,21.701043748612037,77.27510228695645,45030.0,1.3774509803921569
395.3996046,,76.26263454846361,40026.0,1.278048780487805
395.5996044,,13.419212245691527,38765.0,1.2450980392156863
395.7996042,11.279731153132367,16.720716269394043,39874.0,1.2794117647058822
395.999604,12.166838589252382,16.008618573175358,40716.0,1.303921568627451
396.1996038,9.030557380239886,12.881585982051323,41103.0,1.338235294117647
396.3996036,,22.37122424013659,42484.0,1.4048780487804877
396.5996034,,8.708764867731912,42475.0,1.4558823529411764
396.7996032,17.967189154840078,57.20294884540518,47210.0,1.5392156862745099
396.999603,7.808855975708325,10.275367138922416,45777.0,1.5686274509803921
397.1996028,7.664170432537121,24.568742967263955,46470.0,1.6568627450980393
397.3996026,8.602498698594482,38.7459472021003,48025.0,1.7352941176470589
397.5996024,5.430252065150453,18.915110458779182,47091.0,1.7009803921568627
397.7996022,3.926378672562609,2.4103203228936176,47038.0,1.7009803921568627
397.999602,3.465563858551021,0.6218198180217374,46971.0,1.7009803921568627
398.1996018,3.5013028280902447,1.690013724719308,47205.0,1.7058823529411764
398.3996016,3.4399592944369064,0.34354550494714076,47168.0,1.7058823529411764
398.5996014,3.5253280115494032,0.651431293697975,47102.0,1.7058823529411764
398.7996012,3.412710875331565,1.0868247016149633,47125.0,1.7058823529411764
398.999601,7.289342684572667,44.762101345855235,45199.0,1.5931372549019607
399.1996008,7.079584108850523,29.12954156011242,46743.0,1.6862745098039216
399.3996006,7.201503213061151,46.45843309951526,44039.0,1.5490196078431373
399.5996004,6.642093149201192,8.815538957058557,44316.0,1.5833333333333333
399.7996002,4.4347225680845765,1.0161583796164708,44173.0,1.5931372549019607
399.9996,3.9323528088876896,3.2674471310258464,44466.0,1.5931372549019607
400.1995998,3.497798649838568,1.2905750629034178,44291.0,1.5980392156862746
400.3995996,3.7446301257890195,2.836415745526046,44042.0,1.5931372549019607
400.5995994,3.524475683029135,1.0099284941130855,44105.0,1.5931372549019607
400.7995992,8.721600980370702,12.836684138013496,45697.0,1.5735294117647058
400.999599,5.8398762629634575,10.898948796188746,44934.0,1.5735294117647058
401.1995988,6.819939688312884,15.20580354467884,43441.0,1.5441176470588236
401.3995986,6.3975466323624,0.7094164533207573,43532.0,1.5735294117647058
401.5995984,4.66036236490782,7.439914393377599,44044.0,1.5833333333333333
401.7995982,,37.22952890427486,47154.0,1.5658536585365854
401.999598,,38.02263978974792,44772.0,1.5049019607843137
402.1995978,7.80360036792081,12.528071458442621,45662.0,1.4852941176470589
402.3995976,,4.64554163202599,45738.0,1.4829268292682927
402.5995974,,4.236930674251749,45689.0,1.4901960784313726
402.7995972,3.9932150882474855,2.6054119117334613,45837.0,1.4950980392156863
402.999597,3.7867900641725236,1.572278549335141,45814.0,1.4901960784313726
403.1995968,3.950613815163828,3.7819112533618338,46268.0,1.5
403.3995966,6.233391892771163,1.8607900483486068,46107.0,1.5098039215686274
403.5995964,12.754508108108109,20.536658129626687,46250.0,1.6715686274509804
403.7995962,,22.663960064624177,47529.0,1.6878048780487804
403.999596,,66.14255800382549,50779.0,1.9166666666666667
404.1995958,6.084701934465061,11.360757341579635,50660.0,1.9215686274509804
404.3995956,4.23266289340201,6.794873207193671,51061.0,1.9313725490196079
404.5995954,5.925575363412888,14.807336595704944,51663.0,1.9411764705882353
404.7995952,,12.39125398561378,53243.0,1.9086538461538463
404.999595,,11.897822603152857,51797.0,1.9411764705882353
405.1995948,3.6080937167199147,1.7659649135553626,51645.0,1.9411764705882353
405.3995946,8.189694857987542,98.07076232980359,47355.0,1.7156862745098038
405.5995944,6.440626781830085,9.265949256278935,47353.0,1.7892156862745099
405.7995942,5.938540522268233,2.5453110938499095,47332.0,1.7549019607843137
405.999594,4.446429324672038,2.4555791577731054,47414.0,1.7352941176470589
406.1995938,6.235491048221081,5.711983023653492,48091.0,1.7303921568627452
406.3995936,5.390998800681718,5.504349560393161,47527.0,1.7450980392156863
406.5995934,5.53806738030039,8.300084750524496,48204.0,1.7303921568627452
406.7995932,9.130148833467418,34.392792584060004,49720.0,1.892156862745098
406.999593,14.73240836223868,79.03431793170188,53335.0,2.0
407.1995928,10.157090761750405,92.36444434227352,49360.0,1.75
407.3995926,6.451827747044148,60.67871453138586,46095.0,1.6225490196078431
407.5995924,11.979323347648476,12.584673870449976,47735.0,1.5980392156862746
407.7995922,10.722515100420464,15.954519089977758,46853.0,1.553921568627451
407.999592,,23.526332267532133,45908.0,1.4878048780487805
408.1995918,,25.64358277261015,44214.0,1.4264705882352942
408.3995916,,27.645772046344895,46474.0,1.7884615384615385
408.59959139999995,,21.59400700148952,46902.0,1.5196078431372548
408.79959119999995,6.774113874685848,19.282992849815223,46156.0,1.4705882352941178
408.99959099999995,5.0562312709324875,10.888644229196814,45384.0,1.4509803921568627
409.19959079999995,11.222609253125334,24.0984030123647,46795.0,1.5
409.39959059999995,5.773027024697211,7.170000937953497,46402.0,1.5147058823529411
409.59959039999995,,14.915167618673301,47557.0,1.6442307692307692
409.79959019999995,,31.788317052705303,45314.0,1.4656862745098038
409.99958999999996,5.609903408460086,4.542043530175889,45035.0,1.4754901960784315
410.19958979999996,4.035615398356556,2.4370476556936853,44784.0,1.4705882352941178
410.39958959999996,3.7786846858901453,0.8951591719272146,44841.0,1.4803921568627452
410.59958939999996,3.7028656943110496,0.6750492594069393,44771.0,1.4754901960784315
410.79958919999996,3.836154547678893,2.1536884018308724,44957.0,1.4852941176470589
410.99958899999996,,3.778145672322507,45394.0,1.4829268292682927
411.19958879999996,,3.891210216542715,44736.0,1.4803921568627452
411.39958859999996,,2.4183647402546358,45279.0,1.4829268292682927
411.59958839999996,,2.99123227680229,44875.0,1.4901960784313726
411.79958819999996,,4.606129075839557,45039.0,1.4829268292682927
411.99958799999996,,16.008325012041183,45995.0,1.5392156862745099
412.19958779999996,7.002045709509249,6.0765452973948575,45461.0,1.5441176470588236
412.39958759999996,5.4822821631627665,1.615916415556835,45378.0,1.5686274509803921
412.59958739999996,4.586156241092767,4.517872764208325,45609.0,1.5784313725490196
412.79958719999996,3.7974882260596545,2.5584343504977323,45864.0,1.5784313725490196
412.99958699999996,3.6264869847680083,2.54931298284046,45562.0,1.5784313725490196
413.19958679999996,3.6634225112381618,2.125547710514438,45826.0,1.588235294117647
413.39958659999996,4.049897794513179,4.73205214162546,46475.0,1.5931372549019607
413.59958639999996,6.191080876795162,12.368986331214911,46305.0,1.6666666666666667
413.79958619999996,12.430911752320988,76.4993503069264,49871.0,1.8529411764705883
413.99958599999997,,15.819139494343634,51633.0,1.8125
414.19958579999997,,89.00922193394078,46556.0,1.5833333333333333
414.39958559999997,5.582641377501966,10.115925963600862,45764.0,1.5784313725490196
414.59958539999997,5.103235446985447,4.518702845010972,46176.0,1.5980392156862746
414.79958519999997,3.8207073982790676,1.059365694752608,46254.0,1.5980392156862746
414.99958499999997,3.7122636412749865,0.48699322195324696,46275.0,1.6029411764705883
415.19958479999997,4.193782540128324,2.5555979638386486,46289.0,1.607843137254902
415.39958459999997,4.087291453864488,5.093174351946829,46992.0,1.607843137254902
415.59958439999997,3.69181678476906,1.2686718211814756,46852.0,1.6029411764705883
415.79958419999997,3.629200888141585,4.101501821720906,46389.0,1.607843137254902
415.99958399999997,3.7234484382693585,2.758481731660787,46711.0,1.6029411764705883
416.19958379999997,3.668915744971602,0.9792781452952426,46834.0,1.607843137254902
416.39958359999997,3.6133587622680325,1.4588804061951242,46666.0,1.6029411764705883
416.5995834,8.693905878205694,21.596762191020538,45388.0,1.5441176470588236
416.7995832,4.8035635432305925,2.187011766256927,45292.0,1.5392156862745099
416.999583,6.078813615261062,1.6195721070776936,45449.0,1.5490196078431373
417.1995828,,3.373593759185317,46070.0,1.5365853658536586
417.3995826,,3.749680197700602,45617.0,1.5049019607843137
417.5995824,6.489371364314599,16.54056761531276,46243.0,1.5245098039215685
417.7995822,5.008447478719267,3.2842490831940254,46286.0,1.5686274509803921
417.999582,5.288012522283577,3.6348013557119443,45998.0,1.588235294117647
418.1995818,4.175855410184643,2.165714536844327,46089.0,1.5931372549019607
418.3995816,3.794465294853544,2.0428938397908807,46362.0,1.588235294117647
418.5995814,3.780651547101605,1.1966317870118912,46474.0,1.5980392156862746
418.7995812,3.691948107644473,1.575827840648861,46635.0,1.5980392156862746
418.999581,10.103267804234521,7.493973999198206,46239.0,1.642156862745098
419.1995808,10.226670284485817,30.323759508940626,47911.0,1.7990196078431373
419.3995806,10.070527818535115,49.858276394193624,50434.0,1.8676470588235294
419.5995804,5.09484096970662,8.229916577995544,50242.0,1.8627450980392157
419.7995802,,27.02431036960174,52344.0,1.8557692307692308
419.99958,8.630623178870195,28.48853173385045,53195.0,1.9423076923076923
420.1995798,,12.679160983205728,51732.0,1.9803921568627452
420.3995796,,15.553764099492637,53262.0,1.9471153846153846
420.5995794,,15.165091746035507,51926.0,1.9754901960784315
420.7995792,,14.929661544014285,53487.0,1.9423076923076923
420.999579,4.270349272972568,2.390912658378622,53368.0,1.9423076923076923
421.1995788,,15.152934377754756,51409.0,1.9754901960784315
421.3995786,4.112812857447509,3.032715484738927,51581.0,1.9754901960784315
421.5995784,,12.463876739387208,53143.0,1.9375
421.7995782,3.843643869030866,1.1124751056373934,53295.0,1.9423076923076923
421.999578,,49.025631528770255,50437.0,1.8480392156862746
422.1995778,6.2912494816043605,8.547144602819868,50637.0,1.8872549019607843
422.3995776,4.973727063309238,6.645937702560508,50356.0,1.8823529411764706
422.5995774,7.621943403189155,20.5106415158923,51487.0,1.9166666666666667
422.7995772,14.639708023882335,72.13431407969307,54936.0,2.034313725490196
422.999577,,5.436060382903604,57124.0,1.9230769230769231
423.1995768,,52.718963433306506,53039.0,1.8333333333333333
423.3995766,6.860034862530703,52.181860737038846,50484.0,1.7794117647058822
423.5995764,6.2167782451567035,8.857179743196381,50637.0,1.8431372549019607
423.7995762,4.712041048575479,11.317386841792127,50087.0,1.8088235294117647
423.999576,4.682955441839769,5.9264667269047875,49441.0,1.8137254901960784
424.1995758,4.301525647699515,7.331146090911508,49946.0,1.8333333333333333
424.3995756,4.152100773020387,4.272959930584612,49934.0,1.838235294117647
424.5995754,7.206544645644708,13.452769941807317,51248.0,1.8088235294117647
424.7995752,5.053031635304922,1.8709268319064216,51177.0,1.8284313725490196
424.999575,3.925405447960951,2.2074942978374996,50808.0,1.8284313725490196
425.1995748,6.3028658739642305,5.828769880068258,51049.0,1.8235294117647058
425.3995746,,33.565448938836276,53698.0,1.8557692307692308
425.5995744,,11.939105527531934,52748.0,1.9019607843137254
425.7995742,4.181247629882442,0.6375704713129358,52740.0,1.9068627450980393
425.999574,4.109425374549592,2.680969557484857,52730.0,1.911764705882353
426.1995738,8.766636333714109,33.94005428577233,51649.0,1.8088235294117647
426.3995736,5.786719849835758,2.782249856219879,51144.0,1.8235294117647058
426.5995734,4.294653836394511,2.62447665785654,51233.0,1.8235294117647058
426.7995732,4.533995876930258,4.32531698406857,51418.0,1.8284313725490196
426.999573,7.809386460880195,6.900318868178268,52352.0,1.8137254901960784
427.1995728,9.105060169475811,32.229817778243216,53931.0,1.9166666666666667
427.3995726,,48.19005283808349,57243.0,1.9663461538461537
427.5995724,,35.264294780832685,54449.0,1.8823529411764706
427.7995722,7.6978702522328,67.8237898503236,50945.0,1.7303921568627452
427.999572,6.9699161006791845,10.02897673747257,50060.0,1.7696078431372548
428.1995718,5.515135946885868,8.611402108805768,50608.0,1.7843137254901962
428.3995716,4.199615742666429,3.149005899865812,50487.0,1.7843137254901962
428.5995714,4.156097271414155,1.5631861111016723,50539.0,1.7843137254901962
428.7995712,10.646043000914913,20.683212213509787,52464.0,1.7745098039215685
428.999571,23.85292229822663,15.510543491244885,54529.0,1.7401960784313726
429.1995708,9.080746936679141,26.992573491247537,54516.0,1.6666666666666667
429.3995706,7.838830805477838,2.189983301993842,54328.0,1.6568627450980393
429.5995704,,12.870610875445058,55447.0,1.673170731707317
429.7995702,,11.778729856147871,54891.0,1.6666666666666667
429.99957,4.732424247919198,2.729863111524281,55147.0,1.6715686274509804
430.1995698,4.7196575915088514,1.1385194725376668,55022.0,1.6715686274509804
430.3995696,4.51940184467609,0.4481539501557464,54969.0,1.6715686274509804
430.59956939999995,5.019233237381052,4.9728380484891685,54541.0,1.6666666666666667
430.79956919999995,4.50484121899881,0.8609526396785987,54635.0,1.6666666666666667
430.99956899999995,12.64891024055954,31.607848062196876,56618.0,1.6911764705882353
431.19956879999995,21.83548124533677,77.11224070318984,58972.0,1.8823529411764706
431.39956859999995,9.115185109845402,9.820425045939668,58992.0,1.9166666666666667
431.59956839999995,8.505776895780427,14.46516768091308,59461.0,1.9215686274509804
431.79956819999995,,22.634442184683753,58757.0,1.8990384615384615
431.99956799999995,,11.131619844299875,57485.0,1.9509803921568627
432.19956779999995,12.110245172647755,47.26638959669891,54533.0,2.0294117647058822
432.39956759999995,8.263520560190702,15.673565768027231,53696.0,2.019607843137255
432.59956739999996,6.368346372142967,27.338364297876684,52152.0,1.9950980392156863
432.79956719999996,10.992164123279473,16.16821472969402,53472.0,2.049019607843137
432.99956699999996,4.79732402776741,2.277728860662688,53588.0,2.053921568627451
433.19956679999996,3.9429583372168886,0.517853061842277,53645.0,2.049019607843137
433.39956659999996,,10.974532017262657,52912.0,2.0796019900497513
433.59956639999996,5.164548520473296,2.686439547241816,52483.0,2.0796019900497513
433.79956619999996,,24.352191925276642,52451.0,1.7156862745098038
433.99956599999996,,78.19290843786224,57453.0,2.019230769230769
434.19956579999996,,75.76441044836453,52550.0,1.7009803921568627
434.39956559999996,6.0991740128898435,9.746717048887781,53996.0,1.7254901960784315
434.59956539999996,5.618488214982736,5.0445638778599875,53288.0,1.7058823529411764
434.79956519999996,6.3866538046870565,10.196181915779869,52869.0,1.7107843137254901
434.99956499999996,5.3162227786630245,2.511926401665299,52716.0,1.7205882352941178
435.19956479999996,13.919282431954754,80.04064134274799,56580.0,2.0686274509803924
435.39956459999996,4.991869340117779,3.062137195834694,56207.0,2.0686274509803924
435.59956439999996,7.522209932924219,6.181646721768857,56056.0,2.0686274509803924
435.79956419999996,7.006363409504117,6.086548409543562,56102.0,2.0686274509803924
435.99956399999996,5.065796599155204,4.712278366145615,55398.0,2.0686274509803924
436.19956379999996,4.409134484941666,3.019755129856086,55285.0,2.0686274509803924
436.39956359999996,,25.951539281544175,53987.0,1.793103448275862
436.59956339999997,,27.038351423194925,51227.0,1.7892156862745099
436.79956319999997,,27.654363593102403,54825.0,2.0341463414634147
436.99956299999997,,76.97062126875475,51149.0,1.607843137254902
437.19956279999997,10.60888260362719,10.852302493084691,52327.0,1.588235294117647
437.39956259999997,13.699244119913404,27.096890853271233,54506.0,1.6274509803921569
437.59956239999997,24.027287211740042,46.19839630285708,59625.0,1.6127450980392157
437.79956219999997,13.973909858310718,12.776911335970881,60061.0,1.5833333333333333
437.99956199999997,24.173771736654263,72.39555470914644,65845.0,1.7107843137254901
438.19956179999997,6.735945098395673,6.428574218655683,66009.0,1.7254901960784315
438.39956159999997,13.770322046184114,29.054705524729545,67599.0,1.7696078431372548
438.59956139999997,10.37635300341736,29.77943440167331,69937.0,1.7794117647058822
438.79956119999997,6.769225237663776,4.541417243323555,69531.0,1.7843137254901962
438.99956099999997,11.011094366242345,69.05114806409003,62374.0,1.857843137254902
439.1995608,8.110823331995768,85.52933815930247,54826.0,1.8088235294117647
439.3995606,5.614432046826413,4.044627304183447,54670.0,1.803921568627451
439.5995604,14.615180036592037,30.221864934082568,53017.0,1.7352941176470589
439.7995602,8.5223143683703,10.611880725922058,51850.0,1.803921568627451
439.99956,7.461632338859578,24.464519016475784,53261.0,1.8627450980392157
440.1995598,7.749038299149951,4.973537864315364,53291.0,1.8725490196078431
440.3995596,6.075514959455681,3.917413932387689,53645.0,1.8872549019607843
440.5995594,6.694537110241231,19.282871871043263,51859.0,1.8627450980392157
440.7995592,4.671658039994652,2.6273323775739477,52357.0,1.8725490196078431
440.999559,4.107100017136003,2.9379031685406267,52521.0,1.8774509803921569
441.1995588,4.030751533742332,1.7201047608426374,52160.0,1.8774509803921569
441.3995586,9.049840658119024,25.822014459949617,53972.0,1.9068627450980393
441.5995584,5.450617631070873,19.69871969919175,53349.0,1.8823529411764706
441.7995582,5.662918526246643,17.672405380839745,51759.0,1.857843137254902
441.999558,6.533120251105284,6.186965305731227,52249.0,1.8431372549019607
442.1995578,4.7357617919119335,4.547035706193704,52324.0,1.857843137254902
442.3995576,4.900708680865617,2.0932254602069675,52633.0,1.8480392156862746
442.5995574,7.428124764559632,8.843043851975006,53092.0,1.8627450980392157
442.7995572,6.83402695582452,6.900400954879854,52382.0,1.8872549019607843
442.999557,5.383803766028726,2.8238532828655503,51938.0,1.8872549019607843
443.1995568,4.965886605783866,8.346330842657316,52560.0,1.9019607843137254
443.3995566,11.168156841722348,18.28512318477741,52231.0,1.7990196078431373
443.5995564,9.475298851019382,5.061627907817644,51698.0,1.8137254901960784
443.7995562,8.53033232989773,34.64604178199891,50161.0,1.7450980392156863
443.999556,7.376069430733794,23.848839580135078,48624.0,1.696078431372549
444.1995558,5.248277154337823,7.4974361742656335,48031.0,1.6813725490196079
444.3995556,4.44784843711135,0.669714883935868,48244.0,1.6764705882352942
444.5995554,4.149282497119514,2.8534308040121497,47735.0,1.6715686274509804
444.7995552,4.471109334231126,3.3833426088417267,47524.0,1.661764705882353
444.999555,4.180747342873881,2.9488336359317917,47796.0,1.6666666666666667
445.1995548,4.151532932374945,2.24084903928365,47719.0,1.6568627450980393
445.3995546,4.666750104297038,2.289681020745316,47940.0,1.6666666666666667
445.5995544,4.44549077181208,3.5809019082011955,47680.0,1.6519607843137254
445.7995542,4.313186583684892,2.8869999215424684,47882.0,1.6568627450980393
445.999554,4.787605998579723,0.5216549512984927,47878.0,1.6568627450980393
446.1995538,6.104359313077939,11.070388159301421,46934.0,1.6225490196078431
446.3995536,4.616555541577557,6.943018699004351,47694.0,1.6274509803921569
446.5995534,17.821628548895898,31.701980089268446,50720.0,1.5441176470588236
446.7995532,27.816244810991513,48.38143042710958,54442.0,1.7009803921568627
446.999553,12.98800529071769,25.233241979059443,55191.0,1.75
447.1995528,16.831735081062437,65.37653518403326,57980.0,1.9166666666666667
447.3995526,9.75801024897769,2.3558634735664694,57957.0,1.892156862745098
447.5995524,,15.877687323119172,55248.0,1.9601990049751243
447.7995522,,32.02866000235634,57974.0,1.9182692307692308
447.999552,8.423193851409053,2.2576299319008815,58550.0,1.9278846153846154
448.1995518,,16.849221058040502,56983.0,1.9509803921568627
448.3995516,3.996476950448308,1.4845926296032552,56769.0,1.9509803921568627
448.5995514,3.916172630390289,1.0785471606773929,56676.0,1.9509803921568627
448.7995512,4.133741551818455,0.4696872503506885,56669.0,1.9509803921568627
448.999551,3.9825115032702785,0.08162943318305133,56723.0,1.9509803921568627
449.1995508,,12.647428710883569,58164.0,1.9230769230769231
449.3995506,3.891833749247053,0.7565447020305028,58105.0,1.9230769230769231
449.5995504,8.246626432494745,12.17489507307501,58988.0,1.9134615384615385
449.7995502,,18.906978423073255,58023.0,1.9411764705882353
449.99955,,14.535384502065785,58745.0,1.9086538461538463
450.1995498,,14.217574519373619,58087.0,1.9313725490196079
450.3995496,5.946650827984823,12.943677473452722,56402.0,1.9215686274509804
450.5995494,,14.403057651365298,57383.0,1.8894230769230769
450.7995492,4.071719058174646,0.18187590003469487,57293.0,1.8894230769230769
450.999549,3.9309385984855107,1.3241022635406432,57181.0,1.8894230769230769
451.1995488,4.104938910747567,3.2740865298615187,57948.0,1.8894230769230769
451.3995486,,13.47907428987386,55845.0,1.9166666666666667
451.5995484,4.153428485523779,3.2588825072108834,56541.0,1.9166666666666667
451.7995482,,12.924461676386391,57966.0,1.8846153846153846
451.999548,4.276744626945416,0.9306648828749613,58021.0,1.8846153846153846
452.1995478,3.972557839496487,3.0116934907405173,57357.0,1.8894230769230769
452.3995476,9.557379371403275,6.066183218003391,56475.0,1.8846153846153846
452.59954739999995,,11.878274157991111,55316.0,1.8872549019607843
452.79954719999995,10.099553661627757,9.307146282572655,54443.0,1.8872549019607843
452.99954699999995,6.7112648150149505,12.587838668399526,55518.0,1.8725490196078431
453.19954679999995,7.1671442393569516,16.79778534767679,53744.0,1.8480392156862746
453.39954659999995,21.99541521240784,109.09353668624969,48421.0,1.6764705882352942
453.59954639999995,12.595064524500437,96.50676761632164,42387.0,1.5
453.79954619999995,10.43707104541941,9.711330631864213,42691.0,1.4754901960784315
453.99954599999995,11.301783295711061,27.209455345260924,44300.0,1.4852941176470589
454.19954579999995,10.677573841653299,24.555936141254076,42388.0,1.446078431372549
454.39954559999995,6.623758814217873,12.123950864549496,41694.0,1.4362745098039216
454.59954539999995,,7.9149425265065405,41283.0,1.4097560975609755
454.79954519999995,,8.878629032897283,40918.0,1.3872549019607843
454.99954499999996,6.558562717135152,3.25828735799161,41161.0,1.3970588235294117
455.19954479999996,4.747804235385966,5.548433659005965,40988.0,1.4068627450980393
455.39954459999996,3.918237928113276,3.6318681031416022,41315.0,1.4068627450980393
455.59954439999996,,3.238009975822413,41371.0,1.3756097560975609
455.79954419999996,,9.04036010977724,40827.0,1.3774509803921569
455.99954399999996,9.982082197024067,15.806060116046599,41802.0,1.4019607843137254
456.19954379999996,5.6455967118223604,9.376604088961168,41117.0,1.392156862745098
456.39954359999996,5.790213557993731,4.808672261493247,40832.0,1.357843137254902
456.59954339999996,8.456312894476692,26.716395641879448,39451.0,1.2598039215686274
456.79954319999996,,7.9885152533657875,40392.0,1.2829268292682927
456.99954299999996,,18.084523856559706,39039.0,1.2303921568627452
457.19954279999996,4.233781190019194,1.6743082956656494,39075.0,1.25
457.39954259999996,8.25811867294778,13.178309819684529,39908.0,1.2303921568627452
457.59954239999996,,4.117385727962486,39829.0,1.2975609756097561
457.79954219999996,,9.007883981822314,39164.0,1.2352941176470589
457.99954199999996,,5.223045591181052,38996.0,1.3170731707317074
458.19954179999996,,7.088186105116743,39225.0,1.2745098039215685
458.39954159999996,3.9385069266290404,2.0134216724220764,38980.0,1.2745098039215685
458.59954139999996,9.263063653787956,15.162386247367678,39652.0,1.2303921568627452
458.79954119999996,8.494015179793456,5.736669188960807,40185.0,1.2598039215686274
458.99954099999997,9.94416119825336,22.596629641651997,40993.0,1.3431372549019607
459.19954079999997,7.223960986971395,2.9935993310337947,41217.0,1.3627450980392157
459.39954059999997,4.864045983730333,1.4640690593448207,41058.0,1.3529411764705883
459.59954039999997,4.363759657068126,1.7464471556901167,41291.0,1.357843137254902
459.79954019999997,4.4453463071168375,3.212054149345618,40903.0,1.357843137254902
459.99953999999997,4.074310233238248,6.911144478789261,41717.0,1.357843137254902
460.19953979999997,,6.7933449280211855,41552.0,1.3609756097560977
460.39953959999997,,7.507461080076278,41817.0,1.3774509803921569
460.59953939999997,7.59667108627711,9.231530927654225,42236.0,1.3235294117647058
460.79953919999997,4.8884419983065195,3.4396571950038424,42516.0,1.3284313725490196
460.99953899999997,11.241815089526149,5.872373060925546,42334.0,1.2843137254901962
461.19953879999997,10.340711600229067,32.1813680495252,40163.0,1.2598039215686274
461.39953859999997,10.055537823172678,6.273151328616434,40729.0,1.2450980392156863
461.5995384,7.788758612353439,6.123604036223669,41365.0,1.2843137254901962
461.7995382,5.367276098999072,6.633504857820166,42061.0,1.3088235294117647
461.999538,4.424441274369948,1.2131187285332041,42060.0,1.338235294117647
462.1995378,,4.569135789412859,42231.0,1.4048780487804877
462.3995376,4.211277319317938,1.6982404442981651,42049.0,1.3707317073170733
462.5995374,4.669831524842947,2.174123347316688,42024.0,1.3804878048780487
462.7995372,,4.165481073153488,41803.0,1.2892156862745099
462.999537,4.551739784586727,2.1361078120329196,41873.0,1.2696078431372548
463.1995368,,5.148343999620118,42269.0,1.3707317073170733
463.3995366,,5.764876360796994,42051.0,1.2892156862745099
463.5995364,6.119756751580157,4.194709272598338,41768.0,1.2843137254901962
463.7995362,6.88077372019343,4.444984600552063,41979.0,1.303921568627451
463.999536,4.841479176639541,3.339012172997654,41780.0,1.2941176470588236
464.1995358,4.304294801281745,1.542239926036981,41818.0,1.2843137254901962
464.3995356,4.404132823698041,0.6737439796130089,41860.0,1.3088235294117647
464.5995354,4.041126006643248,0.5477135030161673,41847.0,1.3235294117647058
464.7995352,4.3104780413812716,3.5524285030447142,42193.0,1.2794117647058822
464.999535,,19.815852079614224,42001.0,1.3219512195121952
465.1995348,,27.378645363305953,40129.0,1.2696078431372548
465.3995346,10.682285686949866,22.96841906472686,41808.0,1.2941176470588236
465.5995344,8.559704197781484,6.777029563112392,41379.0,1.2892156862745099
465.7995342,17.175173549305804,54.401247023118366,44944.0,1.338235294117647
465.999534,7.667638280011193,29.810828697034395,42884.0,1.2941176470588236
466.1995338,6.677230968099349,7.637621233175336,43322.0,1.3186274509803921
466.3995336,8.411395223474816,8.430650781523608,42667.0,1.3186274509803921
466.5995334,,3.422567456367619,42867.0,1.3463414634146342
466.7995332,,4.8247342956375165,42807.0,1.3186274509803921
466.999533,,2.206593344053852,43523.0,1.4195121951219511
467.1995328,,1.481563518006475,43253.0,1.3235294117647058
467.3995326,,7.141392552657255,42795.0,1.3560975609756099
467.5995324,,3.9672542935143347,42871.0,1.3333333333333333
467.7995322,4.7327564147300345,3.9630466097360286,42987.0,1.3235294117647058
467.999532,4.320224719101123,2.9285646606138522,42720.0,1.3284313725490196
468.1995318,,3.5208988807240593,42920.0,1.351219512195122
468.3995316,,6.0433769750188535,42820.0,1.3235294117647058
468.5995314,4.388403755868545,2.1515188464641977,42600.0,1.3088235294117647
468.7995312,4.030299474277131,0.8782833750496607,42608.0,1.3088235294117647
468.999531,7.3294459253617665,12.05011432085289,42016.0,1.2696078431372548
469.1995308,6.384262668979117,2.177760745263196,42091.0,1.2696078431372548
469.3995306,5.206619026138981,4.563882154962177,42121.0,1.2892156862745099
469.5995304,4.928282448134732,3.0873241314023594,42514.0,1.2892156862745099
469.7995302,4.802605305695541,3.975617290850283,42068.0,1.2990196078431373
469.99953,21.108580664119895,19.82313538593984,40836.0,1.2009803921568627
470.1995298,13.122417750573833,14.60395214776823,40517.0,1.3137254901960784
470.3995296,5.000559202528568,5.893900372873932,41130.0,1.3284313725490196
470.5995294,4.018645635558152,0.7456829998688729,41082.0,1.3284313725490196
470.7995292,3.7203588715591844,1.4641210245630196,40906.0,1.3284313725490196
470.999529,4.0067266195722935,5.0699603611804225,41477.0,1.3284313725490196
471.1995288,,3.2004542260498976,41503.0,1.3463414634146342
471.3995286,,7.336977713696141,41164.0,1.2647058823529411
471.5995284,6.423315439860774,7.965418639031317,40797.0,1.2647058823529411
471.7995282,8.196956264775414,3.5729808330925654,40608.0,1.2450980392156863
471.999528,7.500471908996076,8.388510618682526,40262.0,1.2696078431372548
472.1995278,4.585154680096257,1.3022977630986499,40309.0,1.2450980392156863
472.3995276,,11.037480424063853,40862.0,1.3121951219512196
472.5995274,5.03486685190194,4.616103697922855,40669.0,1.3317073170731708
472.7995272,,2.478826959288019,40453.0,1.25
472.999527,4.029028831188082,0.992403121721174,40477.0,1.2254901960784315
473.1995268,4.3014623172103486,4.35465020846072,40894.0,1.2352941176470589
473.3995266,3.943243972431385,1.4059155422076481,40771.0,1.25
473.5995264,,5.488148067857909,41015.0,1.3317073170731708
473.7995262,,4.572067914145979,40359.0,1.2745098039215685
473.999526,4.7069434572682045,4.717224822627135,40801.0,1.2696078431372548
474.1995258,3.859490570658829,0.05506092278093371,40830.0,1.2745098039215685
474.3995256,4.2190792712949285,1.3782638916747616,40620.0,1.2254901960784315
474.5995254,10.692719800381623,4.2223611966067915,40878.0,1.2156862745098038
474.79952519999995,9.762994219371205,11.868709103691737,40999.0,1.2549019607843137
474.99952499999995,20.163974651673886,73.88372905395742,46867.0,1.3284313725490196
475.19952479999995,24.501350207569224,83.10241204587912,49622.0,1.5980392156862746
475.39952459999995,11.162183634093747,82.44193628726583,44055.0,1.5098039215686274
475.59952439999995,5.849979533360623,5.917260931942099,43974.0,1.5294117647058822
475.79952419999995,6.118484054566808,8.128665229003447,44276.0,1.5196078431372548
475.99952399999995,6.59340585848678,13.770528637701425,44858.0,1.5392156862745099
476.19952379999995,5.946083052749719,5.551164733943963,44550.0,1.5441176470588236
476.39952359999995,8.92127580719004,29.413605843064065,45869.0,1.5931372549019607
476.59952339999995,5.641823491951953,13.587457439531136,45539.0,1.5686274509803921
476.79952319999995,3.858228960667985,0.4128124698302691,45510.0,1.5637254901960784
476.99952299999995,3.8613562163593045,0.986847993384157,45332.0,1.5588235294117647
477.19952279999995,4.278383495462558,4.8658803114644265,45951.0,1.5686274509803921
477.39952259999995,3.939700251613609,1.7584659651495873,45705.0,1.5686274509803921
477.59952239999996,7.268947951273533,14.563446176139756,45150.0,1.5294117647058822
477.79952219999996,7.214980610925913,17.419363441868494,44097.0,1.5392156862745099
477.99952199999996,5.4564088733059135,7.2067353746428635,44493.0,1.5490196078431373
478.19952179999996,5.050433056658246,1.8782283119784944,44336.0,1.553921568627451
478.39952159999996,5.688653880623768,7.36278506228107,44632.0,1.5686274509803921
478.59952139999996,6.492709544681993,4.767915397309139,44716.0,1.5637254901960784
478.79952119999996,5.774462070048688,2.6382465301856084,44569.0,1.5490196078431373
478.99952099999996,4.752672683486755,2.0355634870237633,44431.0,1.5441176470588236
479.19952079999996,7.285603406218122,12.517389346181467,45094.0,1.5980392156862746
479.39952059999996,6.828325134069051,3.1940597565131976,45126.0,1.6225490196078431
479.59952039999996,6.519395653794707,8.028504150999614,45603.0,1.6127450980392157
479.79952019999996,5.30696557951067,5.111059883217755,45409.0,1.6127450980392157
479.99951999999996,4.8033075299085155,2.845308369126613,45472.0,1.6127450980392157
480.19951979999996,20.513595166163142,92.21561750341299,50312.0,1.7352941176470589
480.39951959999996,8.865749732450752,16.015121847013628,50458.0,1.803921568627451
480.59951939999996,7.19403668724235,93.84441585941579,45847.0,1.5588235294117647
480.79951919999996,7.132724972894832,29.056358421428506,44272.0,1.5049019607843137
480.99951899999996,6.8219407793124756,19.673259437244116,45322.0,1.553921568627451
481.19951879999996,6.438962383009359,17.603697458293713,44448.0,1.5294117647058822
481.39951859999996,6.48540672511375,10.078463972609097,45055.0,1.5686274509803921
481.59951839999997,,7.2151650205541875,45365.0,1.5853658536585367
481.79951819999997,,6.319025530174178,45561.0,1.5833333333333333
481.99951799999997,3.91108476585655,0.9536693890669271,45549.0,1.588235294117647
482.19951779999997,3.985925682341335,1.710930173616347,45615.0,1.5931372549019607
482.39951759999997,,5.876941364931914,45880.0,1.5951219512195123
482.59951739999997,,6.267345236536588,45996.0,1.5980392156862746
482.79951719999997,3.708325184171067,0.7040408240873497,46017.0,1.5980392156862746
482.99951699999997,3.5933320241757762,1.7082407602583898,45831.0,1.5980392156862746
483.19951679999997,8.746064185774923,19.32631781177967,44527.0,1.5735294117647058
483.39951659999997,7.394905029937434,10.073785999297517,44593.0,1.5147058823529411
483.59951639999997,7.007806826434277,15.547883351308784,44064.0,1.4852941176470589
483.79951619999997,,6.096451284633776,43760.0,1.4634146341463414
483.99951599999997,,3.8672579199600485,43620.0,1.4607843137254901
484.1995158,4.313523983137746,2.8011965187443986,43885.0,1.4705882352941178
484.3995156,5.225282855646869,3.1718418348786477,43927.0,1.446078431372549
484.5995154,19.89374223634105,108.64528610083156,49107.0,1.7156862745098038
484.7995152,6.691250712482697,4.08622311294915,49124.0,1.7303921568627452
484.999515,3.812076841504201,1.331827014517067,49036.0,1.7303921568627452
485.1995148,4.277876715100984,5.345823018174269,49414.0,1.7401960784313726
485.3995146,3.778636170083338,1.8939281255838099,49317.0,1.7450980392156863
485.5995144,8.378588731383456,95.72552288556756,44584.0,1.5147058823529411
485.7995142,7.337166428538508,23.335616068981345,43394.0,1.4705882352941178
485.999514,6.725899852390144,6.40596114179891,44035.0,1.4558823529411764
486.1995138,5.68556080599144,11.339034679783346,44864.0,1.4754901960784315
486.3995136,4.339142934147875,2.506266192000728,44524.0,1.4754901960784315
486.5995134,3.827098078867543,1.052942351027737,44505.0,1.4803921568627452
486.7995132,,3.8974823471021836,44898.0,1.4829268292682927
486.999513,3.672968158539301,1.0199030048570268,44910.0,1.4829268292682927
487.1995128,3.729479563002025,0.7414223017042192,44943.0,1.4829268292682927
487.3995126,,7.216090196356433,44123.0,1.4950980392156863
487.5995124,,10.57901430823049,44270.0,1.4585365853658536
487.7995122,,10.323629832216838,43443.0,1.4313725490196079
487.999512,5.972919676228474,1.3208545723770155,43611.0,1.4215686274509804
488.1995118,4.8885699193900285,1.3183395653412155,43543.0,1.4166666666666667
488.3995116,9.253833664080823,11.580595342929211,44344.0,1.4019607843137254
488.5995114,,56.426771771936515,47416.0,1.502439024390244
488.7995112,,14.714237065165214,47750.0,1.5637254901960784
488.999511,7.83421223885286,57.52153166206297,44563.0,1.446078431372549
489.1995108,10.353015472055572,8.945204096372825,44338.0,1.4852941176470589
489.3995106,6.159498653876609,1.268983537305661,44201.0,1.4950980392156863
489.5995104,5.026053553270817,2.5345194763251873,44255.0,1.4950980392156863
489.7995102,4.0067079112561474,0.4682766401063868,44127.0,1.4901960784313726
489.99951,3.731699561652547,1.5033101540995162,44029.0,1.4901960784313726
490.1995098,3.8915150830414644,2.3248074504221794,44255.0,1.4901960784313726
490.3995096,3.9495347415608233,1.4302876250992933,44169.0,1.4901960784313726
490.5995094,4.017109574080815,2.0985808679117723,43952.0,1.4852941176470589
490.7995092,3.83000340947835,1.127930494064774,43995.0,1.4852941176470589
490.999509,3.8570036485598385,0.9876314721105338,44127.0,1.4901960784313726
491.1995088,9.233238427626745,6.973596398334081,43552.0,1.5147058823529411
491.3995086,8.12686236564154,12.91944658604747,42889.0,1.4754901960784315
491.5995084,,6.567378982367877,42694.0,1.4536585365853658
491.7995082,,5.671706767094805,42054.0,1.4754901960784315
491.999508,6.358939802336029,2.996970546561699,42294.0,1.446078431372549
492.1995078,9.50513698630137,11.738657383118637,43216.0,1.411764705882353
492.3995076,10.765296000721403,24.92932734667349,44358.0,1.4166666666666667
492.5995074,19.44471153846154,88.57384612566058,50336.0,1.6127450980392157
492.7995072,13.72826238382391,30.698151100102,50247.0,1.7450980392156863
492.999507,7.774457851837664,57.07426799363465,46989.0,1.6029411764705883
493.1995068,7.569733802318563,20.230509244247592,48047.0,1.6911764705882353
493.3995066,8.287815895495056,25.80478142748915,49146.0,1.7598039215686274
493.5995064,6.2311863841148005,25.868911585443797,47944.0,1.696078431372549
493.7995062,4.646857381499269,0.8010187332964703,47890.0,1.7107843137254901
493.999506,5.5160844722576865,7.065365286016157,47779.0,1.7107843137254901
494.1995058,5.646460461165551,8.0597842001081,48269.0,1.7450980392156863
494.3995056,,4.949934770492618,48163.0,1.721951219512195
494.5995054,,4.354615858322869,48120.0,1.7352941176470589
494.7995052,4.499822824387702,4.941189816695141,47975.0,1.7254901960784315
494.999505,10.663556267521026,29.05953073231479,49940.0,1.7794117647058822
495.1995048,5.52841719291098,14.141008848386964,49090.0,1.7598039215686274
495.3995046,7.048396501457726,22.99594294164791,49735.0,1.8137254901960784
495.5995044,7.594393298826504,14.907129805824114,50618.0,1.8235294117647058
495.7995042,,23.796778652108443,50280.0,1.75
495.999504,,30.466449530708758,48265.0,1.7450980392156863
496.1995038,4.756043316497267,3.1518800178749697,48111.0,1.7401960784313726
496.3995036,,3.743046591528037,48528.0,1.7365853658536585
496.5995034,,2.898030761411373,48157.0,1.7450980392156863
496.79950319999995,3.9577289938134945,2.049439100491877,48331.0,1.75
496.99950299999995,3.9286700603862243,2.896253996185168,48521.0,1.7549019607843137
497.19950279999995,4.021268641216301,4.47327946068579,48146.0,1.75
497.39950259999995,3.9215942299322264,2.8096099359654296,48249.0,1.7549019607843137
497.59950239999995,3.664368530020704,0.4047204517651665,48300.0,1.7549019607843137
497.79950219999995,8.408777467280514,20.728806324826405,49741.0,1.7794117647058822
497.99950199999995,7.2989469461438174,4.552670091399034,49855.0,1.8088235294117647
498.19950179999995,5.542398047391437,10.493327754826957,49165.0,1.7450980392156863
498.39950159999995,4.560707437477051,6.328190541983921,49022.0,1.7303921568627452
498.59950139999995,6.142764543834063,8.03411456687998,49368.0,1.7843137254901962
498.79950119999995,11.63385391405568,55.346750405825944,51545.0,1.9215686274509804
498.99950099999995,6.999113850895781,4.394524213291246,51910.0,1.8431372549019607
499.19950079999995,10.54181394522225,32.91202382748494,50641.0,1.7254901960784315
499.39950059999995,13.796979026361363,39.09610676978417,51970.0,1.8823529411764706
499.59950039999995,4.847987359577625,10.227381297153592,51897.0,1.838235294117647
499.79950019999995,5.411549481183212,3.7568945826363422,51656.0,1.8186274509803921
499.99949999999995,6.932439330872536,19.974569687330934,50932.0,1.803921568627451
500.19949979999996,5.17115664451174,8.373727345936572,50854.0,1.7892156862745099
500.39949959999996,5.138063259953906,6.9203111070366,50332.0,1.7794117647058822
500.59949939999996,4.234567654921991,2.969942309658383,50122.0,1.7745098039215685
500.79949919999996,3.853004098770369,1.1017541785999265,50015.0,1.7696078431372548
500.99949899999996,5.125604818801224,5.9053172664025455,50635.0,1.7843137254901962
501.19949879999996,4.798224534784422,3.2375512342282144,50353.0,1.7941176470588236
501.39949859999996,6.082525317819435,14.447099341409158,51051.0,1.8235294117647058
501.59949839999996,8.82413486791287,7.086516620023306,51784.0,1.7745098039215685
501.79949819999996,,11.370557603187248,52600.0,1.7355769230769231
501.99949799999996,,40.27123205482989,49562.0,1.75
502.19949779999996,6.577943947716611,3.933270488499607,49882.0,1.7892156862745099
502.39949759999996,4.905548242989909,3.6196817458900608,50142.0,1.803921568627451
502.59949739999996,,21.30517991828531,51705.0,1.7658536585365854
502.79949719999996,,13.244989405209617,52343.0,1.7843137254901962
502.99949699999996,5.758538011695906,14.309731740490752,51300.0,1.7450980392156863
503.19949679999996,4.725446560450598,5.320088220052403,50777.0,1.7401960784313726
503.39949659999996,3.824553474937614,1.314592657881272,50893.0,1.7450980392156863
503.59949639999996,3.8100305140442843,2.2548311373012733,51124.0,1.7450980392156863
503.79949619999996,,3.3814143693878695,51626.0,1.7463414634146341
503.99949599999997,,1.4457327235651725,50879.0,1.7549019607843137
504.19949579999997,3.7319112192633006,0.6184839729254386,50957.0,1.7549019607843137
504.39949559999997,6.5410149393454775,1.8710477383719133,51274.0,1.7401960784313726
504.59949539999997,8.127997812670886,4.214338131278557,51204.0,1.7941176470588236
504.79949519999997,7.477052647920669,15.828459929614311,51531.0,1.8333333333333333
504.99949499999997,5.890770187784301,7.175001341838822,51442.0,1.8725490196078431
505.19949479999997,6.4434479418886195,5.067985025818577,51625.0,1.838235294117647
505.39949459999997,5.959891513075842,21.51717268182255,50513.0,1.7892156862745099
505.59949439999997,6.085625356009439,28.761828821059385,49156.0,1.7598039215686274
505.79949419999997,5.759632321678039,1.47783577456944,49391.0,1.7794117647058822
505.99949399999997,4.1144289671067265,1.1911351126613123,49463.0,1.7745098039215685
506.19949379999997,4.60060565950705,5.59929818626064,49863.0,1.7843137254901962
506.39949359999997,4.012946732300796,1.9489169043588506,49974.0,1.7843137254901962
506.5994934,3.99457873975928,4.13227143801012,49435.0,1.7843137254901962
506.7994932,3.7618989653073647,0.9612498184650443,49290.0,1.7794117647058822
506.999493,3.6295188635399196,1.2164263796796615,49487.0,1.7794117647058822
507.1994928,3.7597452332003063,1.4174922495225433,49614.0,1.7843137254901962
507.3994926,3.7388943831109853,2.036801136179303,49547.0,1.7843137254901962
507.5994924,4.017935143622053,2.032300069914733,49679.0,1.7892156862745099
507.7994922,3.8259535555288173,1.9602958419125003,49866.0,1.7892156862745099
507.999492,8.032769886919436,16.77197375209579,51114.0,1.8284313725490196
508.1994918,7.534722357573041,3.5207947329260185,51307.0,1.7598039215686274
508.3994916,11.744899685989884,38.00921577871784,53183.0,1.8186274509803921
508.5994914,11.94980520885939,48.33758075359966,55444.0,1.9215686274509804
508.7994912,8.798709583348522,31.29833901885818,54866.0,1.7647058823529411
508.999491,,19.384071670504156,56202.0,1.604878048780488
509.1994908,,108.99675592565806,48652.0,1.5196078431372548
509.3994906,10.855380634030624,38.65527473502085,46370.0,1.5098039215686274
509.5994904,5.243699848189113,1.5077829266374219,46110.0,1.5098039215686274
509.7994902,7.051627311953858,8.535319023116386,46119.0,1.4803921568627452
509.99949,9.06437713036208,8.145293181914482,46647.0,1.4656862745098038
510.1994898,7.135469087949976,1.921842021251986,46697.0,1.4558823529411764
510.3994896,4.402013926084628,1.5727801891041258,46675.0,1.4558823529411764
510.5994894,4.49512959148644,0.33392016616887377,46608.0,1.4558823529411764
510.7994892,3.8791582823136532,1.0984373179760183,46714.0,1.4558823529411764
510.999489,3.8792577638417596,0.9657441093191608,46562.0,1.4558823529411764
511.1994888,3.8880876468448418,0.9473038947454997,46733.0,1.4558823529411764
511.3994886,3.8151433346188455,0.5556321689603323,46674.0,1.4558823529411764
511.5994884,3.919952210274791,1.3330048161676487,46872.0,1.4509803921568627
511.7994882,3.852565063724965,0.9214584514097636,46685.0,1.4558823529411764
511.999488,3.875922371507784,1.6669623588001288,46890.0,1.4558823529411764
512.1994877999999,11.963264263049172,10.950298866008465,46957.0,1.5147058823529411
512.3994875999999,,9.418786950444117,47451.0,1.5463414634146342
512.5994873999999,,23.509132234564433,48489.0,1.6127450980392157
512.7994871999999,10.925199362041468,35.65716382294863,50160.0,1.6764705882352942
512.9994869999999,5.399685920795667,7.3858281232836225,49669.0,1.6715686274509804
513.1994867999999,6.214587112950242,7.340371205446391,49057.0,1.6911764705882353
513.3994865999999,8.272760437778679,12.121627438500163,49340.0,1.7549019607843137
513.5994863999999,6.124613336064734,5.948463088462555,48815.0,1.7549019607843137
513.7994861999999,6.5327643337684504,10.692890115672686,49795.0,1.7941176470588236
513.9994859999999,5.296587127668209,2.5398266981583584,49284.0,1.7990196078431373
514.1994857999999,4.570901242536712,4.873038053591362,49576.0,1.803921568627451
514.3994855999999,3.929429036864228,0.7228297817098702,49723.0,1.803921568627451
514.5994853999999,3.8709033740476477,1.531065429543366,49614.0,1.7990196078431373
514.7994851999999,4.179969171020759,4.337042547485978,49953.0,1.7990196078431373
514.9994849999999,3.8812730719345505,1.8576478304421358,50115.0,1.803921568627451
515.1994847999999,8.530913740533098,8.18761051056231,50835.0,1.7941176470588236
515.3994845999999,5.9403881978246496,13.571327162070729,49923.0,1.7843137254901962
515.5994843999999,,9.31997141394554,50990.0,1.7317073170731707
515.7994841999999,,12.780837889010732,51759.0,1.7303921568627452
515.9994839999999,7.46394675698027,8.372846690694063,50786.0,1.7598039215686274
516.1994837999999,6.495514532913361,5.1886665940638546,50162.0,1.7941176470588236
516.3994835999999,5.844403912450894,8.178609559124475,49892.0,1.7941176470588236
516.5994833999999,5.6142380422691875,7.057696535483848,49445.0,1.7696078431372548
516.7994831999999,4.882704869660772,4.9994507121353795,49141.0,1.7647058823529411
516.9994829999999,4.099521920455701,1.078398806133572,49155.0,1.7598039215686274
517.1994827999999,4.022200145973563,1.9466150066879553,49324.0,1.7647058823529411
517.3994825999999,3.865854153147307,1.0197218702749502,49312.0,1.7696078431372548
517.5994823999999,3.882496244264891,0.7870700016678588,49258.0,1.7696078431372548
517.7994821999999,4.497422111661685,6.456460837723426,49847.0,1.7892156862745099
517.999482,7.4190005707650215,14.3736627367974,50809.0,1.8235294117647058
518.1994818,5.6564836786376596,10.09708275124182,50149.0,1.7941176470588236
518.3994816,4.2826152034645855,2.5134580347043696,50107.0,1.7941176470588236
518.5994814,3.9112165367671974,0.8099236770984927,50167.0,1.7941176470588236
518.7994812,3.825883150818822,0.6411312385645518,50133.0,1.7941176470588236
518.999481,3.807150100411588,0.999830501850981,50293.0,1.7941176470588236
519.1994808,3.8528855533215216,0.22639503417444862,50233.0,1.7941176470588236
519.3994806,,71.93591611968057,55284.0,1.8557692307692308
519.5994804,6.508101809707607,7.354866084947,54926.0,1.8653846153846154
519.7994802,8.887001391465677,64.61977078205904,51744.0,1.8269230769230769
519.99948,,20.2658015057193,49415.0,1.803921568627451
520.1994798,4.814439864209505,2.3953165063122723,49488.0,1.7990196078431373
520.3994796,5.360819104332503,3.775043873449499,49371.0,1.7892156862745099
520.5994794,4.938205872862214,1.7063873698260965,49584.0,1.7745098039215685
520.7994792,4.451701746979475,6.114016006269361,49743.0,1.7794117647058822
520.999479,4.001995847025381,1.0898001801890245,49603.0,1.7794117647058822
521.1994788,3.8157793871416756,1.1167395721746316,49571.0,1.7745098039215685
521.3994786,3.743285207291499,0.3038778912555935,49592.0,1.7794117647058822
521.5994784,,6.1002961583136806,50080.0,1.7804878048780488
521.7994782,,6.115954373493498,49946.0,1.7892156862745099
521.999478,6.534761263758018,6.195796378116488,50516.0,1.8137254901960784
522.1994778,5.070015980823013,4.572170523138738,50060.0,1.8235294117647058
522.3994776,9.89672399984745,34.07621177784563,52442.0,1.8333333333333333
522.5994774,,18.11885720217993,54137.0,1.7951219512195122
522.7994772,,52.877796840378636,50659.0,1.696078431372549
522.999477,7.44208561524419,29.863465005054138,48753.0,1.7107843137254901
523.1994768,9.081269928748574,36.81183274956105,50806.0,1.7401960784313726
523.3994766,6.744731434097594,15.885318765001353,49634.0,1.7450980392156863
523.5994764,5.222170517541375,1.6156335044934447,49426.0,1.7549019607843137
523.7994762,4.464553325699592,4.391923108071517,49779.0,1.7745098039215685
523.999476,4.053400966569477,2.3963145341544325,50074.0,1.7794117647058822
524.1994758,,18.114575795114316,51241.0,1.7836538461538463
524.3994756,3.8517210427724007,1.1980318782297887,51248.0,1.7836538461538463
524.5994754,8.847716322990943,4.582689365615448,51890.0,1.7836538461538463
524.7994752,,14.655188930131345,50230.0,1.8235294117647058
524.999475,12.033664610912519,10.361344504034518,50914.0,1.7303921568627452
525.1994748,6.362582584958658,11.182671949135122,50554.0,1.7745098039215685
525.3994746,6.2090028259991925,14.541086299888308,49540.0,1.75
525.5994744,10.470959473367381,28.890476752783808,51497.0,1.7107843137254901
525.7994742,6.707141279688409,23.54870372857643,49809.0,1.7009803921568627
525.999474,3.9901673556206605,1.0803586757115848,49834.0,1.7009803921568627
526.1994738,4.325246579700923,4.809843250379296,50288.0,1.7156862745098038
526.3994736,4.153677190039737,2.4749071319513036,50079.0,1.7058823529411764
526.5994734,3.76090171469683,0.2744344993869727,50038.0,1.7107843137254901
526.7994732,3.876839443238615,1.9458068836298736,50219.0,1.7156862745098038
526.999473,3.7363283195537402,1.3240776494572375,50195.0,1.7156862745098038
527.1994728,4.052804951088041,2.8422149651974986,50090.0,1.7107843137254901
527.3994726,3.921810453211998,1.9890173344972721,50109.0,1.7156862745098038
527.5994724,8.19542218901168,4.554093812870509,50854.0,1.7450980392156863
527.7994722,7.5608726825770765,22.99862153757879,48815.0,1.7401960784313726
527.999472,,10.36020391252468,50254.0,1.7596153846153846
528.1994718,,15.576899400431166,48478.0,1.696078431372549
528.3994716,7.254075976196299,5.682231859530364,49068.0,1.7009803921568627
528.5994714,7.1374112010573265,18.419411529868437,48424.0,1.6470588235294117
528.7994712,7.003671521233631,8.621415692741348,49026.0,1.6470588235294117
528.999471,7.49580317185341,11.43119012920525,48489.0,1.6225490196078431
529.1994708,4.4399343908313265,2.6382122099043595,48164.0,1.6127450980392157
529.3994706,4.148773262121338,1.867226087765862,47932.0,1.6127450980392157
529.5994704,4.131844530630969,1.189522865687803,47958.0,1.607843137254902
529.7994702,3.97316163447313,1.265035026704921,47991.0,1.6127450980392157
529.99947,,2.133441636200479,48153.0,1.5951219512195123
530.1994698,,3.353364138801172,48019.0,1.6029411764705883
530.3994696,3.871519631252206,1.0008873335973398,48163.0,1.607843137254902
530.5994694,3.998341625207297,1.3050700586596768,48240.0,1.607843137254902
530.7994692,3.8422388152831797,1.2093561066273935,48079.0,1.6127450980392157
530.999469,3.7770154014016533,2.7667083686875933,47658.0,1.607843137254902
531.1994688,,3.7654499288387266,47930.0,1.6
531.3994686,,3.370765259329382,47495.0,1.607843137254902
531.5994684,3.7994991687885356,0.2666025219015047,47521.0,1.607843137254902
531.7994682,4.3110942792821225,2.3063812425426344,47529.0,1.6029411764705883
531.999468,4.020694146812891,1.8569904462089284,47598.0,1.607843137254902
532.1994678,5.811915765699826,1.8584255655863078,47819.0,1.6323529411764706
532.3994676,5.673638417133774,2.2450440935116305,47812.0,1.6470588235294117
532.5994674,11.970178395264716,13.556117884883562,48656.0,1.5637254901960784
532.7994672,13.833899241945673,47.53644051811219,50656.0,1.7254901960784315
532.999467,7.161980627854115,32.62971194881369,48833.0,1.6715686274509804
533.1994668,8.902583659452121,31.062455147131633,50084.0,1.7696078431372548
533.3994666,6.423577151180939,33.303374019225636,48055.0,1.6715686274509804
533.5994664,6.917350355797405,4.386186065469556,47780.0,1.7401960784313726
533.7994662,8.871783351033413,27.32994062948141,48964.0,1.7549019607843137
533.999466,6.077897337129459,19.270705995882377,47768.0,1.7843137254901962
534.1994658,5.790307490800225,3.431276128456785,48099.0,1.7450980392156863
534.3994656,4.361749553148986,10.353889908782772,47555.0,1.7205882352941178
534.5994654,4.877888479571333,3.9193110707877183,47776.0,1.6666666666666667
534.7994652,5.388770852178303,3.587915434454771,47537.0,1.6127450980392157
534.999465,8.221184129869581,22.818788356471323,47309.0,1.5098039215686274
535.1994648,14.249256346522147,20.37436005799122,49082.0,1.5441176470588236
535.3994646,7.161057953090759,40.67817295682327,46089.0,1.4852941176470589
535.5994644,5.379526296400633,4.218194790448221,46147.0,1.4950980392156863
535.7994642,5.606519663165205,3.2645469414589154,46076.0,1.4754901960784315
535.999464,5.001881632206542,6.273640686605132,45705.0,1.4705882352941178
536.1994638,4.634033750680457,2.240740331288324,45925.0,1.4607843137254901
536.3994636,4.449829321853326,2.8113980084854777,45993.0,1.4509803921568627
536.5994634,5.437013554875382,3.590910495627962,45740.0,1.4607843137254901
536.7994632,6.485505212942776,7.1657954363870715,46327.0,1.4901960784313726
536.999463,6.024834755823654,8.151571419836955,46749.0,1.5098039215686274
537.1994628,10.994074546033769,5.97566066928449,47085.0,1.5049019607843137
537.3994626,11.263745704467354,13.956414115878223,48888.0,1.4852941176470589
537.5994624,15.094146644412529,26.607783250813828,51526.0,1.446078431372549
537.7994622,16.523439662011327,36.06433179757874,54203.0,1.4215686274509804
537.999462,5.716721166917735,5.079402598239455,54434.0,1.4362745098039216
538.1994618,9.627418576150333,12.979844150232369,53854.0,1.446078431372549
538.3994616,18.4821123240826,82.2109436888123,45618.0,1.4362745098039216
538.5994614,10.332118126712254,21.71111125496533,46357.0,1.5098039215686274
538.7994612,6.13397077550668,1.910848844408446,46331.0,1.5294117647058822
538.999461,8.681841356162638,11.702705161386271,47074.0,1.5588235294117647
539.1994608,5.101630504012569,3.7508459708117243,47102.0,1.5686274509803921
539.3994606,,27.166292399201282,48773.0,1.6394230769230769
539.5994604,,42.661659278432516,44916.0,1.626865671641791
539.7994602,15.339186729544139,45.19932883484226,48348.0,1.6417910447761195
539.99946,,28.268285484030248,47836.0,1.4901960784313726
540.1994598,12.901635861482898,13.774497271702536,47070.0,1.5098039215686274
540.3994596,,3.1277769970761766,47606.0,1.502439024390244
540.5994594,,9.835654360465936,47210.0,1.5147058823529411
540.7994592,8.200841438776997,9.646896389528353,48013.0,1.5294117647058822
540.999459,5.502209497728263,1.4076893171766232,48201.0,1.5392156862745099
541.1994588,4.656690804068478,4.435092564009697,47782.0,1.5343137254901962
541.3994586,4.302619427420032,2.0631749091080014,47644.0,1.5392156862745099
541.5994584,4.256629364462827,0.946641639802073,47629.0,1.5392156862745099
541.7994582,4.602853371881088,1.0359411585058564,47733.0,1.5294117647058822
541.999458,,14.735295076631363,48953.0,1.5317073170731708
542.1994578,,11.93875642559663,47363.0,1.5098039215686274
542.3994576,6.562885720366035,7.853122801673422,46990.0,1.5049019607843137
542.5994574,,47.80899599677483,44828.0,1.4292682926829268
542.7994572,10.593071748878923,4.04551167553533,44600.0,1.3902439024390243
542.999457,8.977275268961506,5.5246914700441785,44709.0,1.424390243902439
543.1994568,,27.01961682316788,46263.0,1.7884615384615385
543.3994566,,39.32660924780224,44141.0,1.338235294117647
543.5994564,8.678979332849892,6.63818580059471,44128.0,1.3627450980392157
543.7994562,,3.020331630086148,44552.0,1.4292682926829268
543.999456,5.752858261550509,2.8801518640268293,44695.0,1.4341463414634146
544.1994558,7.375002786881591,3.091983175593013,44853.0,1.4146341463414633
544.3994556,5.5367063713768525,2.159015348619741,44747.0,1.3853658536585365
544.5994554,,8.18935055955628,43724.0,1.3676470588235294
544.7994552,,11.118003650896068,44304.0,1.3853658536585365
544.999455,,4.652409485587031,43797.0,1.3774509803921569
545.1994548,7.259896335030503,2.613943729266209,43602.0,1.3676470588235294
545.3994546,7.483059383727851,2.3371870617596286,43682.0,1.3725490196078431
545.5994544,7.966827434730431,10.36606489917953,44163.0,1.3823529411764706
545.7994542,6.966819377664883,8.397120324920026,44092.0,1.392156862745098
545.999454,4.387637494568821,3.1689032141844238,43729.0,1.3823529411764706
546.1994538,4.06360682743788,0.20727908323122066,43706.0,1.3823529411764706
546.3994536,,3.878205836636415,43865.0,1.424390243902439
546.5994534,,3.9359148313868557,43414.0,1.3823529411764706
546.7994532,4.126381183806337,1.259210358031047,43622.0,1.3774509803921569
546.999453,,41.73461666153373,45784.0,1.448780487804878
547.1994528,,34.378658193551,47795.0,1.5098039215686274
547.3994526,9.272866445297339,18.695557509791243,46378.0,1.4950980392156863
547.5994524,10.03474539069359,9.089418705246322,45560.0,1.5098039215686274
547.7994522,8.724860885948386,3.380840457065495,45646.0,1.4901960784313726
547.999452,9.939625643632185,14.528877708905817,45251.0,1.4656862745098038
548.1994518,5.175866981258069,2.830579422406626,44926.0,1.4803921568627452
548.3994516,5.234269399772489,3.2292998229220573,44833.0,1.4754901960784315
548.5994514,4.384391965861615,1.569033150558242,44759.0,1.4754901960784315
548.7994512,3.751713360866168,0.5752230710003666,44795.0,1.4754901960784315
548.999451,3.7634828685616775,2.0965493797627732,44538.0,1.4754901960784315
549.1994508,3.893808680843436,0.9059461359981681,44627.0,1.4705882352941178
549.3994506,3.750162917687243,1.1263833222518833,44501.0,1.4754901960784315
549.5994504,3.7986734647836484,1.3046838678889867,44326.0,1.4754901960784315
549.7994502,3.7946210268948657,5.186208381401942,44990.0,1.4754901960784315
549.99945,,3.919521722074578,45180.0,1.4585365853658536
550.1994498,,9.62785742932225,45449.0,1.4705882352941178
550.3994496,5.10945360689444,1.605665218257246,45718.0,1.4705882352941178
550.5994494,12.892013012124934,36.09843883001934,43959.0,1.3970588235294117
550.7994492,10.219604104240442,1.659853953408608,44052.0,1.411764705882353
550.999449,5.107147704139335,1.9864608746490153,44210.0,1.4068627450980393
551.1994488,7.827570652051334,0.7060271639790136,44337.0,1.411764705882353
551.3994486,6.631904322999798,3.1524632291723305,44483.0,1.4166666666666667
551.5994484,7.25710712610822,2.10039739528101,44779.0,1.4215686274509804
551.7994482,6.251001846098428,4.376625026379464,44418.0,1.4166666666666667
551.9994479999999,4.447304889330114,1.225421205361922,44321.0,1.4166666666666667
552.1994477999999,,11.328815799590243,45257.0,1.424390243902439
552.3994475999999,,5.608425322366632,44767.0,1.411764705882353
552.5994473999999,19.003647668393782,84.01001453925973,48250.0,1.7303921568627452
552.7994471999999,13.44472904826703,23.62563802261321,49972.0,1.7254901960784315
552.9994469999999,12.981888639608403,10.331866057247696,49030.0,1.8137254901960784
553.1994467999999,5.100921447631754,27.42445036459914,47968.0,1.6715686274509804
553.3994465999999,5.53074372928004,9.505617612105011,47961.0,1.7401960784313726
553.5994463999999,9.255296272698311,33.39031476721909,50224.0,1.8137254901960784
553.7994461999999,11.167901376366316,41.69709922392164,52239.0,1.9950980392156863
553.9994459999999,14.221562111282328,41.032169860229104,53863.0,1.9411764705882353
554.1994457999999,7.565897394660663,78.06077748042004,49744.0,1.803921568627451
554.3994455999999,6.384875430257335,23.35060491920985,48808.0,1.7598039215686274
554.5994453999999,5.702513604560767,14.19227312159895,50167.0,1.7990196078431373
554.7994451999999,,30.523033735648525,52078.0,1.8173076923076923
554.9994449999999,11.225412988535219,56.317028740189514,54602.0,1.9230769230769231
555.1994447999999,,37.09331626001527,51437.0,1.9215686274509804
555.3994445999999,4.188524907178218,2.309268471519474,51712.0,1.9215686274509804
555.5994443999999,3.990353326273226,1.4335612586396542,51935.0,1.9215686274509804
555.7994441999999,,18.545916093577386,52804.0,1.8990384615384615
555.9994439999999,3.932736190277804,1.8763372307461184,52807.0,1.8942307692307692
556.1994437999999,,56.061626926427465,50120.0,1.7696078431372548
556.3994435999999,4.744711423325617,2.3935630282754814,50108.0,1.7794117647058822
556.5994433999999,6.268574307304786,5.436823855086266,49625.0,1.7892156862745099
556.7994431999999,,25.028352367992717,51733.0,1.8125
556.9994429999999,,13.731845517996792,51166.0,1.8725490196078431
557.1994427999999,7.27906976744186,2.0341532861071525,51385.0,1.8480392156862746
557.3994425999999,16.25247194856186,74.02668712833909,55523.0,1.9558823529411764
557.5994423999999,,37.89273692996384,54574.0,1.8509615384615385
557.7994421999999,,117.91133383278095,47599.0,1.6372549019607843
557.9994419999999,7.789937320006776,3.800442595690941,47224.0,1.6519607843137254
558.1994417999999,4.696726660351542,2.63956451114777,47505.0,1.642156862745098
558.3994415999999,3.9736385929308304,2.5522824414925007,47304.0,1.6372549019607843
558.5994413999999,3.8503751655141976,2.6537252161666576,47579.0,1.642156862745098
558.7994411999999,3.7044956712214456,2.449272324525135,47935.0,1.6372549019607843
558.9994409999999,7.1856542704000335,8.58577362949161,48321.0,1.6666666666666667
559.1994407999999,,8.40743854479314,48296.0,1.6243902439024391
559.3994405999999,,7.224437312454078,48452.0,1.6225490196078431
559.5994403999999,9.617457866975428,25.245282618524325,46638.0,1.5637254901960784
559.7994401999999,5.375171379605827,3.33469471345047,46680.0,1.5245098039215685
559.9994399999999,4.244017504536236,0.8422580724268965,46845.0,1.5245098039215685
560.1994397999999,4.672044039193182,3.250217339601373,47049.0,1.5343137254901962
560.3994395999999,3.9157160828127333,1.488809249681422,46901.0,1.5294117647058822
560.5994393999999,4.332132042478782,2.2607868691118145,46894.0,1.5392156862745099
560.7994391999999,4.315353402307153,3.5195385933847523,47071.0,1.5294117647058822
560.9994389999999,3.845905770791508,2.0646846855458927,46822.0,1.5294117647058822
561.1994387999999,4.148564268116558,2.774085358541629,47084.0,1.5196078431372548
561.3994385999999,6.701184,1.3712744120392033,46875.0,1.5294117647058822
561.5994383999999,7.003468458703663,16.44781511824871,46130.0,1.4803921568627452
561.7994381999999,12.51977461421894,7.769896723818044,46853.0,1.4411764705882353
561.9994379999999,,25.67094884303059,49168.0,1.4682926829268292
562.1994377999999,,47.93455508913022,51782.0,1.5098039215686274
562.3994375999999,15.933158656576946,55.03918316979647,54577.0,1.7107843137254901
562.5994373999999,10.010985144644254,42.104486400924465,51160.0,1.696078431372549
562.7994371999999,8.22992323296607,19.613957221386084,50282.0,1.7205882352941178
562.999437,,6.616170096494202,50238.0,1.6878048780487804
563.1994368,,2.5051145937187753,50045.0,1.6862745098039216
563.3994366,4.517233773785415,3.0313911469528736,49873.0,1.6813725490196079
563.5994364,,2.435349101298616,50217.0,1.6682926829268292
563.7994362,,3.89737373760648,49730.0,1.6764705882352942
563.999436,4.143670127795527,2.18818889705882,50080.0,1.6715686274509804
564.1994358,4.744731896517254,4.323108233754546,50018.0,1.6764705882352942
564.3994356,13.380403734447789,23.78803032068933,52163.0,1.6176470588235294
564.5994354,17.34641993985573,24.433731738767378,54203.0,1.661764705882353
564.7994352,6.772646012643063,0.29645771344801924,54259.0,1.6666666666666667
564.999435,6.562253946061297,0.9210195120839377,54358.0,1.6764705882352942
565.1994348,9.403949208886628,11.447133613706214,55049.0,1.7058823529411764
565.3994346,7.87518062947168,14.414983236802572,56746.0,1.7303921568627452
565.5994344,8.370452120810802,32.44730358187568,54366.0,1.6519607843137254
565.7994342,6.931018221601841,10.815482561282879,53014.0,1.642156862745098
565.999434,,2.8716490229937945,53235.0,1.6292682926829267
566.1994338,,24.592862895653834,50983.0,1.6323529411764706
566.3994336,6.681753364717832,8.743242483533262,51193.0,1.607843137254902
566.5994334,14.690033818196634,23.865498868829043,49086.0,1.5098039215686274
566.7994332,13.856177372498387,13.005605454975942,49568.0,1.588235294117647
566.999433,10.26731628095818,15.228370330641214,49260.0,1.5637254901960784
567.1994328,8.643213643435915,2.0814652553516098,49489.0,1.553921568627451
567.3994326,7.16379645745879,7.311646099352413,48835.0,1.5588235294117647
567.5994324,5.314839985172371,3.792559513850185,48558.0,1.553921568627451
567.7994322,4.689338499067298,1.7368450963407815,48783.0,1.5490196078431373
567.999432,9.839457931493182,7.89051344041306,48112.0,1.5294117647058822
568.1994318,,0.615565635122669,48541.0,1.526829268292683
568.3994316,,5.664686435347161,47761.0,1.5245098039215685
568.5994314,4.823880159842668,0.7930698951029473,47797.0,1.5294117647058822
568.7994312,8.464752884234244,3.318499801372349,47933.0,1.5294117647058822
568.999431,9.529356417011668,2.2084044324364633,47826.0,1.5294117647058822
569.1994308,6.066821935210672,4.739712772997851,47230.0,1.5294117647058822
569.3994306,12.218217616580311,16.54012154714537,48250.0,1.5392156862745099
569.5994304,8.014991054720435,2.4610904064532684,48629.0,1.5490196078431373
569.7994302,5.89823110020994,5.667205347392937,48109.0,1.553921568627451
569.99943,4.697474263326804,2.379599429878231,47986.0,1.5588235294117647
570.1994298,13.225753905271072,6.385797121924248,47884.0,1.5490196078431373
570.3994296,7.41656856974691,5.0788853357535455,47572.0,1.5490196078431373
570.5994294,5.807607762681349,3.8662063145734735,47767.0,1.5686274509803921
570.7994292,4.817254270194353,5.103205997154545,48417.0,1.5637254901960784
570.999429,3.9926004448047223,2.4960992717978594,48111.0,1.5588235294117647
571.1994288,4.076998355091927,0.9474182090290139,48027.0,1.5588235294117647
571.3994286,,7.134725489853479,47637.0,1.5560975609756098
571.5994284,,4.009179468796091,47555.0,1.5588235294117647
571.7994282,3.9437600652542195,1.9966375485752448,47813.0,1.5588235294117647
571.999428,3.9928370373482336,1.9485399151161162,47606.0,1.5588235294117647
572.1994278,,2.838321450344501,48218.0,1.551219512195122
572.3994276,4.006973296866192,2.1090391285897168,47897.0,1.5609756097560976
572.5994274,,4.546228161067817,47927.0,1.5588235294117647
572.7994272,16.653754094230283,22.457976757245916,47628.0,1.5686274509803921
572.999427,13.123741124290452,15.803044750985297,49151.0,1.6029411764705883
573.1994268,,3.718188235112298,49314.0,1.5853658536585367
573.3994266,,4.521159641102679,48120.0,1.5686274509803921
573.5994264,6.787906347158478,4.813451978328802,47281.0,1.5735294117647058
573.7994262,,14.520463832250186,48197.0,1.5902439024390245
573.999426,,8.360849322805336,48960.0,1.6176470588235294
574.1994258,11.281149108556622,2.126848869092705,48629.0,1.6274509803921569
574.3994256,,10.80598070818348,49222.0,1.5951219512195123
574.5994254,,9.612853384800669,48256.0,1.5931372549019607
574.7994252,6.74214094083434,5.680602033606623,48829.0,1.6029411764705883
574.999425,5.699508716651811,8.758897071693946,48241.0,1.5980392156862746
575.1994248,5.343347462858554,3.519668113027515,48598.0,1.5833333333333333
575.3994246,7.494890632479344,4.953002379030899,48049.0,1.5784313725490196
575.5994244,5.264704659766388,4.30810737785955,48114.0,1.5686274509803921
575.7994242,4.6545519069786865,4.337498340405319,47903.0,1.5735294117647058
575.999424,4.258835168073418,3.036566698623631,47509.0,1.5735294117647058
576.1994238,4.106411746065279,1.5762659409132107,47335.0,1.5784313725490196
576.3994236,,2.2075421666538606,48008.0,1.575609756097561
576.5994234,,3.3964790643732696,47128.0,1.5735294117647058
576.7994232,3.930436439870402,1.2800500691303818,47223.0,1.5735294117647058
576.999423,3.7403124537555756,0.358692612062154,47303.0,1.5735294117647058
577.1994228,,2.7897088781755195,47551.0,1.5707317073170732
577.3994226,,3.6366457497914766,47365.0,1.5735294117647058
577.5994224,,4.210520940791501,47419.0,1.575609756097561
577.7994222,,3.7379803882658877,47171.0,1.5686274509803921
577.999422,3.9551521850025506,0.9681092605254826,47048.0,1.5686274509803921
578.1994218,8.35698103708676,5.555653903044365,47672.0,1.5441176470588236
578.3994216,8.545914034179182,8.408301909266456,48275.0,1.5490196078431373
578.5994214,11.786358789270773,5.536622071911552,48764.0,1.5490196078431373
578.7994212,10.116325112154847,19.157005306026104,47479.0,1.5245098039215685
578.999421,8.478946492469003,7.011077358918407,48068.0,1.5490196078431373
579.1994208,6.458853026793872,12.593022942594914,47063.0,1.5343137254901962
579.3994206,5.877483583986444,3.3422874212491696,47210.0,1.5343137254901962
579.5994204,4.6580036700379805,4.501667777009646,46866.0,1.5294117647058822
579.7994202,4.594811189707863,2.268606853294813,46793.0,1.5196078431372548
579.99942,4.7997284165411305,2.581260929457542,47131.0,1.5245098039215685
580.1994198,4.172518211079113,1.0485418237850355,47224.0,1.5196078431372548
580.3994196,4.154846360729336,0.10031516789897721,47221.0,1.5245098039215685
580.5994194,4.07617435463394,0.675009910210728,47260.0,1.5245098039215685
580.7994192,4.087019302231754,1.5896609650928588,47093.0,1.5245098039215685
580.999419,4.521562798598577,0.2805244904067763,47095.0,1.5245098039215685
581.1994188,4.385417330190883,0.5043257788047318,47097.0,1.5245098039215685
581.3994186,9.241195236069757,6.3108133294815,47020.0,1.5294117647058822
581.5994184,6.623840189806381,2.777575370944,47206.0,1.5245098039215685
581.7994182,12.989864935173046,15.235648209370215,48051.0,1.5441176470588236
581.999418,12.477755349212757,16.11724480761827,49540.0,1.5686274509803921
582.1994178,11.577862433043915,22.493624024738672,51713.0,1.5833333333333333
582.3994176,14.28548830403575,15.229368152676516,50573.0,1.6274509803921569
582.5994174,15.577065302124767,2.4848977544409148,50029.0,1.6470588235294117
582.7994172,,13.869068427500865,50652.0,1.7884615384615385
582.999417,,15.787581506990426,47848.0,1.6274509803921569
583.1994168,6.355918602497891,5.528971912882899,48601.0,1.6323529411764706
583.3994166,6.235580915071643,10.829867810403764,46969.0,1.6323529411764706
583.5994164,5.105497957901351,4.764216037117276,47745.0,1.642156862745098
583.7994162,13.637111017661901,7.594232338651881,47560.0,1.6274509803921569
583.999416,16.634467818023527,13.032408106923361,49391.0,1.6176470588235294
584.1994158,11.690281042008177,15.927501247494707,50633.0,1.6470588235294117
584.3994156,15.639401899373611,13.777349588701766,49490.0,1.661764705882353
584.5994154,5.652502302732576,10.224671961411065,48855.0,1.6470588235294117
584.7994152,4.636889035667107,2.946118878007118,48448.0,1.6372549019607843
584.999415,4.772413072987366,4.895638168908421,47885.0,1.642156862745098
585.1994148,4.100292597895785,1.9414483664038935,48189.0,1.642156862745098
585.3994146,4.312216346754382,2.0051412561220148,48034.0,1.642156862745098
585.5994144,3.8001751386514324,0.42231842016205373,47962.0,1.642156862745098
585.7994142,3.9556440681500638,1.1996029920700548,47953.0,1.642156862745098
585.999414,3.8652253526988223,1.336881900214267,48058.0,1.642156862745098
586.1994138,7.564406814576767,8.213559998940038,48543.0,1.6274509803921569
586.3994136,5.460113248397035,7.537970324151102,48036.0,1.607843137254902
586.5994134,5.824571510874262,5.0416837067610025,48601.0,1.6274509803921569
586.7994132,5.65635882144421,6.169274886892843,47957.0,1.6029411764705883
586.999413,7.072268801081287,3.679696913166556,47351.0,1.6029411764705883
587.1994128,4.528031152779835,1.8190620523195065,47251.0,1.6029411764705883
587.3994126,8.665701606086222,15.957711787380443,47320.0,1.5735294117647058
587.5994124,4.565587769724235,4.964705600534505,48012.0,1.5833333333333333
587.7994122,4.818395879323032,3.3022250227610415,47565.0,1.5833333333333333
587.999412,6.626361114561338,7.407336134700898,48306.0,1.5833333333333333
588.1994118,5.483524535253727,5.462474815440652,47768.0,1.5784313725490196
588.3994116,5.404871256676157,5.894074940364464,48119.0,1.5980392156862746
588.5994114,4.680311245395472,3.537121630719677,48322.0,1.607843137254902
588.7994112,4.146854308072316,1.3522764922654367,48177.0,1.6127450980392157
588.999411,4.763526264490575,0.13790038471779964,48221.0,1.6127450980392157
589.1994108,3.9630687146995687,2.180973074147817,47981.0,1.6127450980392157
589.3994106,3.770116618075802,1.0618210315486294,48020.0,1.607843137254902
589.5994104,3.757936590980433,1.2951465752158957,47785.0,1.6127450980392157
589.7994102,3.748542516865162,1.111267380029838,48028.0,1.6127450980392157
589.99941,4.066903691310258,1.4958809807862743,47815.0,1.607843137254902
590.1994098,5.333738245334786,2.5011553504767616,47747.0,1.5980392156862746
590.3994096,6.245719231006985,13.753338686195564,48531.0,1.6127450980392157
590.5994094,7.352262289844655,20.099094158943224,50082.0,1.6372549019607843
590.7994092,7.920753878474467,5.039508519838691,49504.0,1.6519607843137254
590.999409,,10.915265982393114,50738.0,1.6585365853658536
591.1994088,,10.21461752042718,49224.0,1.6519607843137254
591.3994086,11.091303993147612,14.948802763956305,49034.0,1.6666666666666667
591.5994084,13.294136758017046,35.26774701359131,52326.0,1.7254901960784315
591.7994082,9.404489359634633,15.525287665685832,51455.0,1.7254901960784315
591.999408,13.538263627116615,30.235735063633676,50139.0,1.607843137254902
592.1994078,8.437318624323378,23.388457271313403,48587.0,1.5833333333333333
592.3994076,5.230423817432491,0.6030850436506834,48771.0,1.5833333333333333
592.5994074,6.832342524664812,26.40407964326083,47436.0,1.5343137254901962
592.7994072,7.395545777205837,13.45922010802274,48179.0,1.5686274509803921
592.999407,5.617921842377206,15.150110602748915,47417.0,1.5490196078431373
593.1994068,5.767232304518085,3.854338823305993,47498.0,1.5686274509803921
593.3994066,5.108864434952764,4.852281061448661,47527.0,1.5490196078431373
593.5994064,4.480768417043964,4.121190838533109,47266.0,1.5343137254901962
593.7994062,5.494115393619512,1.9920322951955594,46987.0,1.5147058823529411
593.999406,10.541143097289346,6.1533105760676055,47590.0,1.4705882352941178
594.1994058,11.154186103609133,25.534775473827672,48876.0,1.5294117647058822
594.3994056,8.954697286012527,14.477383400143667,47900.0,1.553921568627451
594.5994054,6.269735308453599,5.938144415290619,47187.0,1.5833333333333333
594.7994052,4.225617297112883,5.530462076352243,46898.0,1.5686274509803921
594.999405,7.603168300277957,16.380344124205994,47849.0,1.6127450980392157
595.1994048,5.333671699868883,8.91817633734091,47286.0,1.6029411764705883
595.3994046,4.619581225587501,3.876383046811604,46851.0,1.6029411764705883
595.5994044,4.013746659540352,2.814103788774955,46775.0,1.6127450980392157
595.7994042,3.8335906600960215,3.349173188896894,47281.0,1.607843137254902
595.999404,4.368465860718542,2.348137042391208,46984.0,1.6127450980392157
596.1994037999999,7.076598311218335,14.834010313976355,48082.0,1.6225490196078431
596.3994035999999,5.457251036466706,8.746528675826658,47276.0,1.6225490196078431
596.5994033999999,4.766120218579235,1.7556969340144004,47580.0,1.6225490196078431
596.7994031999999,4.560697575499788,3.8861483534794403,47020.0,1.6323529411764706
596.9994029999999,4.97699314689482,2.604277570409957,46986.0,1.6274509803921569
597.1994027999999,5.289649520927887,9.162238078350704,47592.0,1.6372549019607843
597.3994025999999,7.959849844948589,18.991205011331193,49016.0,1.6225490196078431
597.5994023999999,5.909551420258305,21.13761685272432,47773.0,1.5049019607843137
597.7994021999999,6.367079904604345,20.47698953605769,46543.0,1.4656862745098038
597.9994019999999,5.162443760359934,2.72584323137365,46453.0,1.4901960784313726
598.1994017999999,6.030720935267374,4.209428029088354,46190.0,1.5343137254901962
598.3994015999999,5.947585382003033,11.19142576323839,46819.0,1.5784313725490196
598.5994013999999,4.646729409760668,2.0445346910005657,46964.0,1.5784313725490196
598.7994011999999,4.564778151152587,1.5965778174874306,46721.0,1.588235294117647
598.9994009999999,4.201793626900163,4.256909832326623,47167.0,1.5980392156862746
599.1994007999999,4.189032668646584,1.561483616413227,47140.0,1.6029411764705883
599.3994005999999,4.187167023963662,2.352819069783063,47113.0,1.5980392156862746
599.5994003999999,3.8125982579137454,0.14936339808400115,47070.0,1.5980392156862746
599.7994001999999,3.8188223773841963,0.9047204401369436,46976.0,1.5980392156862746
599.9993999999999,6.841101157779092,5.679317631187051,47332.0,1.6029411764705883
600.1993997999999,5.35298044620553,11.624131233494586,46436.0,1.5980392156862746
600.3993995999999,5.2104278302288,6.925197451494952,47028.0,1.607843137254902
600.5993993999999,7.7210812380715295,22.320938593829492,48204.0,1.661764705882353
600.7993991999999,5.199111738336377,4.126944056595637,48184.0,1.6519607843137254
600.9993989999999,4.683898659966499,3.278383183014746,47760.0,1.6470588235294117
601.1993987999999,,10.419009085327273,48730.0,1.648780487804878
601.3993985999999,,6.3322448856968485,48573.0,1.7107843137254901
601.5993983999999,6.718469396161134,1.535196784370289,48556.0,1.7696078431372548
601.7993981999999,11.377600063031831,43.52981794196419,50768.0,1.8872549019607843
601.9993979999999,7.085496738153087,21.896123805014426,52271.0,1.9166666666666667
602.1993977999999,7.715147971405398,5.095856862258225,53017.0,1.8431372549019607
602.3993975999999,7.0370281049995365,12.369709807091839,53905.0,1.8627450980392157
602.5993973999999,8.527007496194091,25.830577367700283,51893.0,1.803921568627451
602.7993971999999,,13.239041326083177,53109.0,1.7980769230769231
602.9993969999999,,10.789988787749005,52053.0,1.8284313725490196
603.1993967999999,4.663242553029292,3.1722711947834576,52471.0,1.838235294117647
603.3993965999999,4.327301532764512,0.6838233014420634,52389.0,1.8431372549019607
603.5993963999999,4.1530608335887225,2.1091454187969747,52208.0,1.8480392156862746
603.7993961999999,4.207232053933962,0.2926329304532618,52212.0,1.8431372549019607
603.9993959999999,4.059949247295415,2.149703438861283,52411.0,1.8431372549019607
604.1993957999999,3.9938563417481676,1.9594747512533413,52249.0,1.8431372549019607
604.3993955999999,6.494736442062859,7.474309370225463,52626.0,1.8235294117647058
604.5993953999999,5.176032099188013,6.973879584184259,52587.0,1.8284313725490196
604.7993951999999,4.114974793767186,1.1202977263294267,52368.0,1.8333333333333333
604.9993949999999,3.97000477326969,0.09814748593728198,52375.0,1.838235294117647
605.1993947999999,,14.38471503040387,53507.0,1.8221153846153846
605.3993945999999,,14.11528394546965,52279.0,1.838235294117647
605.5993943999999,4.014681954786471,0.9864262085720426,52241.0,1.8431372549019607
605.7993941999999,3.9586751396110147,2.7757692558025515,51930.0,1.838235294117647
605.9993939999999,3.879144097422304,0.4988743643700679,52062.0,1.838235294117647
606.1993937999999,3.8424178358639245,0.2780817130102737,52030.0,1.838235294117647
606.3993935999999,3.980623646434253,1.84730760009437,52177.0,1.8431372549019607
606.5993933999999,7.281983595738663,13.563791925016552,53035.0,1.8088235294117647
606.7993931999999,5.459216466447318,10.557449220500647,52276.0,1.8431372549019607
606.9993929999999,5.807444037597675,14.06390811992098,52982.0,1.8774509803921569
607.1993927999999,5.638944927317635,2.6203866993864344,53039.0,1.8872549019607843
607.3993925999999,4.810670604718089,7.275986785696425,52818.0,1.8333333333333333
607.5993923999999,5.359983296319496,1.7756026459878624,52683.0,1.8725490196078431
607.7993921999999,,19.927103921999517,53693.0,1.8701923076923077
607.999392,,18.046656464701652,52899.0,1.8627450980392157
608.1993918,4.501575025936056,0.3945223678972607,53015.0,1.8676470588235294
608.3993916,4.545197310949903,4.2616945684275125,52658.0,1.8627450980392157
608.5993914,4.283031445822144,2.4411022768538113,52503.0,1.8627450980392157
608.7993912,3.9426625575467034,1.0011254878658127,52566.0,1.8676470588235294
608.999391,,30.501880437136958,54593.0,1.9038461538461537
609.1993908,,32.67059252698767,55295.0,1.9411764705882353
609.3993906,7.657129286596371,49.99734701963566,52635.0,1.8137254901960784
609.5993904,6.704991087344029,56.26673948558217,49368.0,1.7058823529411764
609.7993902,,13.119067063042117,50493.0,1.7836538461538463
609.99939,,11.851096594076642,49650.0,1.7450980392156863
610.1993898,5.002651673744443,4.693339509255379,50157.0,1.7205882352941178
610.3993896,4.554393762028531,5.696352041953489,50401.0,1.7303921568627452
610.5993894,4.198730333977367,4.144072025699824,50722.0,1.7352941176470589
610.7993892,4.142374147386629,1.8623231260741009,50873.0,1.7450980392156863
610.999389,4.350549254087126,5.273319707290129,50341.0,1.7450980392156863
611.1993888,5.5158470805937245,3.4323875548931952,50798.0,1.7107843137254901
611.3993886,5.74530381154585,20.277531307729927,49455.0,1.696078431372549
611.5993884,4.930767533743808,8.28166497871639,49861.0,1.7205882352941178
611.7993882,5.939286988936035,10.551310695474633,50434.0,1.7156862745098038
611.999388,4.95613425696195,2.5571860243154854,50381.0,1.7254901960784315
612.1993878,5.901331565710721,14.393135253985827,51293.0,1.7450980392156863
612.3993876,,2.4514962485439313,51508.0,1.7414634146341463
612.5993874,,9.449948549568273,50422.0,1.7647058823529411
612.7993872,5.088623419919434,2.0857164107928323,50393.0,1.7696078431372548
612.999387,5.268398530539744,12.07697867044573,49542.0,1.7549019607843137
613.1993868,4.85809481755048,3.9913164467869877,49822.0,1.7450980392156863
613.3993866,5.971159911685854,10.692380883907763,50728.0,1.7647058823529411
613.5993864,6.696298731435643,19.013495744917485,51712.0,1.7990196078431373
613.7993862,5.911848686353793,5.897207186952792,52183.0,1.7990196078431373
613.999386,,8.620060765072795,51609.0,1.8048780487804879
614.1993858,,47.06425264980204,54448.0,1.9166666666666667
614.3993856,6.009975719475239,23.324265583705987,53129.0,1.8823529411764706
614.5993854,,26.397456824194713,53425.0,2.0248756218905473
614.7993852,,38.76283266701497,56054.0,2.0
614.999385,8.618053564259908,74.9323251785846,52311.0,1.8186274509803921
615.1993848,8.879468129843604,44.317331697191285,49937.0,1.6568627450980393
615.3993846,7.318952824670741,12.267152410998033,49581.0,1.6568627450980393
615.5993844,6.873866294578733,6.587619307004946,48734.0,1.6813725490196079
615.7993842,16.53686904375394,71.9761107910892,52361.0,1.8823529411764706
615.999384,5.919137251780811,39.464219254963695,50258.0,1.8088235294117647
616.1993838,,13.92892286341436,51782.0,1.8076923076923077
616.3993836,,14.228615950905175,50737.0,1.8137254901960784
616.5993834,3.796537223856435,1.771699507209834,50653.0,1.8137254901960784
616.7993832,3.7635633744613024,1.4082266998533601,50817.0,1.8137254901960784
616.999383,3.8100185675344687,1.2162416086911874,50626.0,1.8186274509803921
617.1993828,4.100642102143634,1.0466821625399247,50615.0,1.8186274509803921
617.3993826,3.806995230524642,2.4491984920721914,50320.0,1.8235294117647058
617.5993824,3.813651674261938,1.3312952533766884,50470.0,1.8235294117647058
617.7993822,3.7902884177603577,0.48907823936058414,50517.0,1.8235294117647058
617.999382,3.7998852643864613,0.3066862485967366,50551.0,1.8235294117647058
618.1993818,3.8014362090394367,1.246160007013991,50689.0,1.8186274509803921
618.3993816,,16.551199505898477,51370.0,1.7980769230769231
618.5993814,,14.605557982229064,50463.0,1.8235294117647058
618.7993812,3.795352323838081,1.842542866955422,50692.0,1.8235294117647058
618.999381,3.8250266787874,1.4972039043873635,50602.0,1.8235294117647058
619.1993808,3.902599454825584,0.746998707376158,50626.0,1.8186274509803921
619.3993806,,15.559962617226768,51567.0,1.8076923076923077
619.5993804,,16.306720060271754,50608.0,1.8186274509803921
619.7993802,7.607422533256676,7.109953828294687,50441.0,1.7156862745098038
619.99938,5.904717634259717,2.25782220651513,50555.0,1.7450980392156863
620.1993798,5.203833763531224,9.893613393053306,49977.0,1.7205882352941178
620.3993796,4.974889779559118,2.1558105019790808,49900.0,1.7401960784313726
620.5993794,5.388168654513542,7.201280567784698,50138.0,1.7549019607843137
620.7993792,11.852258185923974,48.14742980118439,53140.0,1.8676470588235294
620.999379,12.068651839750492,10.064543336666794,53866.0,1.7549019607843137
621.1993788,12.107046476761619,32.646761815867826,53360.0,1.6764705882352942
621.3993786,8.009173963418108,20.578966095362972,52649.0,1.6372549019607843
621.5993784,8.523466115043744,0.949727754998306,52693.0,1.6274509803921569
621.7993782,9.447085357390701,20.84973048674655,51876.0,1.5686274509803921
621.999378,,19.21968837304022,50048.0,1.5804878048780489
622.1993778,,19.55714389855123,51430.0,1.5686274509803921
622.3993776,12.869927925775494,24.72308999820829,50226.0,1.5245098039215685
622.5993774,22.495533988484,12.037330226895598,49149.0,1.5490196078431373
622.7993772,8.86590334936028,5.157493864264049,49084.0,1.5686274509803921
622.999377,10.82071923597025,16.808412215845404,47328.0,1.5784313725490196
623.1993768,7.187490786564178,0.9461473096141342,47485.0,1.5931372549019607
623.3993766,7.7458512467755805,9.241519309018306,46520.0,1.5588235294117647
623.5993764,10.779905035720509,12.315820559540285,45912.0,1.5
623.7993762,13.718740177280443,18.63246834170798,47721.0,1.5441176470588236
623.999376,7.902628609636842,6.150287839728972,47858.0,1.5098039215686274
624.1993758,5.617864814698951,2.1553829115646033,47949.0,1.4950980392156863
624.3993756,,10.663348759665062,47380.0,1.4926829268292683
624.5993754,,8.834181843414429,46878.0,1.4901960784313726
624.7993752,,7.465556293598089,47514.0,1.4926829268292683
624.999375,,13.308602784227078,46738.0,1.4803921568627452
625.1993748,8.123030251959214,6.976435838337204,47468.0,1.4656862745098038
625.3993746,11.815631429105796,19.69595413381709,48121.0,1.4705882352941178
625.5993744,,15.014945175527766,46906.0,1.502439024390244
625.7993742,,19.50692805202847,47274.0,1.6176470588235294
625.999374,,17.96998637455191,46720.0,1.5804878048780489
626.1993738,,10.09263228313492,47490.0,1.6225490196078431
626.3993736,7.510424032054166,12.229532770158022,46671.0,1.5441176470588236
626.5993734,14.407637412373955,27.611588704509224,47503.0,1.4950980392156863
626.7993732,23.803564420023548,109.24068002992621,56054.0,1.5490196078431373
626.999373,17.29676188612796,76.65040388082238,61332.0,1.7107843137254901
627.1993728,,33.31315779136629,60873.0,1.7414634146341463
627.3993726,,24.681667464605017,59778.0,1.5931372549019607
627.5993724,8.508693794372864,19.358938376035546,60848.0,1.6666666666666667
627.7993722,8.615216293553274,20.146215746929794,59410.0,1.6764705882352942
627.999372,38.15980295566502,155.84793674117049,65975.0,2.0294117647058822
628.1993718,15.11760989431766,167.02542789572885,52232.0,1.9019607843137254
628.3993716,7.8963431081653885,29.163858978760775,51902.0,1.7990196078431373
628.5993714,8.801739196476039,24.36660016965327,52668.0,1.8970588235294117
628.7993712,5.0067534241378,4.821364303803618,52714.0,1.892156862745098
628.999371,6.072840258795304,27.296186788366228,50851.0,1.8774509803921569
629.1993708,6.3025504700261985,16.24947357207242,51912.0,1.9068627450980393
629.3993706,6.740438907969032,10.223110379413162,51537.0,1.8725490196078431
629.5993704,10.00297487182733,62.69105529667732,47397.0,1.6813725490196079
629.7993702,5.66033026912358,10.62361415215707,48082.0,1.7205882352941178
629.99937,5.594628212425948,11.910457168309756,47433.0,1.6813725490196079
630.1993698,6.19119433622387,9.326020975822429,47742.0,1.7352941176470589
630.3993696,5.23398608881755,15.617464495450104,46725.0,1.7254901960784315
630.5993694,6.965337503257754,11.88286144347808,46044.0,1.6274509803921569
630.7993692,10.870308099701568,13.605539611658502,47582.0,1.6519607843137254
630.999369,4.798701160890511,12.247633256960802,47119.0,1.5980392156862746
631.1993688,5.442487289127151,2.9369698850431685,47007.0,1.5931372549019607
631.3993686,6.066831577600546,16.171707856114534,46894.0,1.5049019607843137
631.5993684,5.729702277498138,48.61065238078683,44303.0,1.3774509803921569
631.7993682,13.363029962870218,27.118834495014482,46324.0,1.3774509803921569
631.999368,11.224814286626508,14.444536725817821,46981.0,1.4754901960784315
632.1993678,10.482247449468595,4.614540060528552,46951.0,1.5049019607843137
632.3993676,6.490215808855014,7.233133424686168,46708.0,1.5196078431372548
632.5993674,9.497840918904915,3.840555788212621,46316.0,1.5343137254901962
632.7993672,9.01006901974489,14.086353991937651,45784.0,1.5196078431372548
632.999367,7.408138391138862,13.904025714723812,46766.0,1.5343137254901962
633.1993668,19.678150875879,30.70637977887305,48066.0,1.5294117647058822
633.3993666,,43.076116905594155,51405.0,1.648780487804878
633.5993664,,28.320692017193576,53768.0,1.6764705882352942
633.7993662,9.851229132634767,35.45631518563768,50198.0,1.6568627450980393
633.999366,5.9088876577895615,2.4363572059287066,50542.0,1.6519607843137254
634.1993658,10.859170131116086,12.585594826786133,50032.0,1.6225490196078431
634.3993656,11.442552638419548,48.75458785545734,46164.0,1.5784313725490196
634.5993654,12.037652454915042,17.519212922448524,47965.0,1.6029411764705883
634.7993652,7.4345727198027936,6.075575559130754,48680.0,1.5931372549019607
634.999365,8.787406407266479,6.806557549622151,48882.0,1.5980392156862746
635.1993648,,4.861783797445782,48698.0,1.575609756097561
635.3993646,13.355659537464543,3.6671217849948774,48299.0,1.5317073170731708
635.5993644,,2.942073648338548,48325.0,1.5784313725490196
635.7993642,9.520357595940375,31.27335193051158,50448.0,1.6323529411764706
635.999364,11.613157894736842,6.947614958407975,50920.0,1.6029411764705883
636.1993638,14.162362147259163,18.664979095461646,49328.0,1.6029411764705883
636.3993636,9.878872464223935,17.92915672478141,50872.0,1.5980392156862746
636.5993634,10.660260033917467,7.723399680988443,51301.0,1.588235294117647
636.7993632,9.321718678973062,5.593905119911582,50597.0,1.588235294117647
636.999363,11.008061451061192,14.512602087868999,49991.0,1.553921568627451
637.1993628,12.123198135934599,11.103387829682966,50642.0,1.5441176470588236
637.3993626,9.056018909985395,15.992149843134651,52036.0,1.6274509803921569
637.5993624,10.347739411720454,23.69753495153095,53172.0,1.6372549019607843
637.7993622,8.78468321671619,7.863832030788508,52165.0,1.642156862745098
637.999362,9.669727608405669,2.9760057313954635,51727.0,1.6323529411764706
638.1993618,8.214731609571885,9.439168764298971,51902.0,1.6372549019607843
638.3993616,7.248401596466075,8.097706853201766,51614.0,1.6274509803921569
638.5993614,6.289335321352899,13.093561684818988,50972.0,1.6225490196078431
638.7993612,6.301938950319265,4.033876955364276,51368.0,1.6323529411764706
638.999361,6.270299898206875,5.2408508088372745,51084.0,1.6323529411764706
639.1993608,8.264203233256351,11.253856814504344,51960.0,1.6274509803921569
639.3993606,,0.9617897764687978,52475.0,1.6195121951219513
639.5993604,,91.00581063654926,56378.0,1.892156862745098
639.7993602,,85.28943410060408,61678.0,2.0390243902439025
639.99936,,18.56250140043224,60464.0,2.0049019607843137
640.1993598,,67.38735702324107,57193.0,1.9567307692307692
640.3993595999999,,59.915529613374055,53277.0,1.892156862745098
640.5993593999999,5.339342424808518,2.977610801675835,53530.0,1.8970588235294117
640.7993591999999,5.158479050436215,1.7401625948963448,53414.0,1.838235294117647
640.9993589999999,6.63260345182221,4.656264483556971,53479.0,1.8431372549019607
641.1993587999999,11.651425345752187,53.087078411726615,56688.0,1.911764705882353
641.3993585999999,7.643441152589739,78.23722629986939,52959.0,1.7009803921568627
641.5993583999999,7.636229546884834,32.60986227903621,50848.0,1.6176470588235294
641.7993581999999,6.040420182806805,3.504892506278417,51311.0,1.6372549019607843
641.9993579999999,5.306989712527642,5.981828381165499,52005.0,1.6568627450980393
642.1993577999999,5.876250313180566,5.142807869129759,51887.0,1.6568627450980393
642.3993575999999,5.954927572475617,1.1802266219244268,51983.0,1.6666666666666667
642.5993573999999,6.011112832029737,2.3196826497466763,51652.0,1.6519607843137254
642.7993571999999,15.541065502813447,72.95780330029069,55448.0,1.9215686274509804
642.9993569999999,18.71474680938658,80.92814784186511,60725.0,1.9607843137254901
643.1993567999999,,48.661320208840166,65529.0,1.9278846153846154
643.3993565999999,15.709721769449917,54.52472094096493,70553.0,1.9711538461538463
643.5993563999999,,73.92854489639076,68722.0,1.9215686274509804
643.7993561999999,10.443912330658383,3.4833132161222364,69534.0,1.803921568627451
643.9993559999999,6.010894612490156,13.561449989402442,68566.0,1.7696078431372548
644.1993557999999,7.410430428618828,23.43926986427808,66306.0,1.7696078431372548
644.3993555999999,,20.53806601968231,66552.0,1.7884615384615385
644.5993553999999,,19.38721840241425,64291.0,1.7058823529411764
644.7993551999999,15.255776265222021,20.891552592227377,64791.0,1.838235294117647
644.9993549999999,22.356897834727842,120.07860765588867,55097.0,1.8627450980392157
645.1993547999999,6.439219746090558,8.748490043651765,55059.0,1.8333333333333333
645.3993545999999,8.131960454847407,64.25116034528551,51182.0,1.696078431372549
645.5993543999999,5.7970669916684985,16.152699623349232,50051.0,1.7205882352941178
645.7993541999999,5.176300462741343,5.183279639963178,50136.0,1.7352941176470589
645.9993539999999,4.948729654624851,4.676427567868366,50380.0,1.7205882352941178
646.1993537999999,5.63463870029098,23.805080838102334,49488.0,1.6274509803921569
646.3993535999999,6.365169819922499,20.49932702264534,48257.0,1.5343137254901962
646.5993533999999,6.842842312662867,20.034944598301443,47201.0,1.5147058823529411
646.7993531999999,6.013264239865225,4.157279216131811,46893.0,1.5245098039215685
646.9993529999999,6.529077653441845,5.101927974771699,47184.0,1.5196078431372548
647.1993527999999,,17.17890907045524,48370.0,1.5560975609756098
647.3993525999999,,19.395373184411113,46371.0,1.5196078431372548
647.5993523999999,6.174188998589563,12.86281677459356,46794.0,1.5490196078431373
647.7993521999999,12.432904313675268,20.670654794155013,46851.0,1.446078431372549
647.9993519999999,7.357796448030612,15.578968307755941,48086.0,1.4313725490196079
648.1993517999999,6.314403553299492,10.707066519025716,47280.0,1.4656862745098038
648.3993515999999,6.623082650781832,5.574160239951566,47005.0,1.411764705882353
648.5993513999999,5.709038874314333,16.188253165992137,46123.0,1.3823529411764706
648.7993511999999,5.727353168897245,11.464278944984077,45205.0,1.3676470588235294
648.9993509999999,7.7943051514632895,18.435618341220625,46744.0,1.3823529411764706
649.1993507999999,5.122498303934871,3.601629620292035,47168.0,1.3774509803921569
649.3993505999999,5.43352157698455,7.651207019147769,46925.0,1.357843137254902
649.5993503999999,5.322538805907703,10.48497316839445,47802.0,1.3676470588235294
649.7993501999999,4.954318762834752,3.8655291174316297,47722.0,1.3529411764705883
649.9993499999999,5.6695333456191,12.52136355581329,48837.0,1.3676470588235294
650.1993497999999,4.206543250597839,3.6273803897616665,48508.0,1.3627450980392157
650.3993495999999,4.398975443836071,4.5486683508726475,48216.0,1.3480392156862746
650.5993493999999,5.253183379408561,5.08400685104964,47748.0,1.3529411764705883
650.7993491999999,4.672424971243334,2.736430019670838,47815.0,1.3627450980392157
650.9993489999999,,6.829881286255152,47813.0,1.3560975609756099
651.1993487999999,,5.664268071907249,47737.0,1.3627450980392157
651.3993485999999,5.282747909707891,10.330319949410676,47003.0,1.3529411764705883
651.5993483999999,5.583275670461932,10.702722872377313,47691.0,1.3774509803921569
651.7993481999999,,3.1541091786139996,48270.0,1.3609756097560977
651.9993479999999,,8.976128487678475,47118.0,1.3676470588235294
652.1993477999999,4.203507575596139,4.365978463059247,46927.0,1.3529411764705883
652.3993475999999,4.629502755377774,2.7169701861536435,46999.0,1.3627450980392157
652.5993473999999,,14.975812642105744,47712.0,1.4
652.7993471999999,,11.169755738022749,48310.0,1.4068627450980393
652.999347,6.305158378674765,10.500480553933526,47418.0,1.4215686274509804
653.1993468,5.501076482514998,5.767215021368392,47841.0,1.4166666666666667
653.3993466,4.709535811804243,2.877115240892402,47610.0,1.4068627450980393
653.5993464,4.918992583828097,4.666758274759581,47329.0,1.392156862745098
653.7993462,5.4425933317926845,7.859529136527055,47599.0,1.4264705882352942
653.999346,6.428441434768808,4.077269506616558,47255.0,1.411764705882353
654.1993458,6.315442561205273,3.0873780424835693,46728.0,1.4019607843137254
654.3993456,4.6898849833387075,12.03428779121623,46515.0,1.3676470588235294
654.5993454,6.30225420679437,16.122702543064154,47245.0,1.4068627450980393
654.7993452,,20.93497201687577,49040.0,1.4585365853658536
654.999345,,5.616866137500412,48670.0,1.4509803921568627
655.1993448,5.040618092161197,23.391740952241662,47048.0,1.3627450980392157
655.3993446,5.424618444377189,9.614555376358643,46258.0,1.3774509803921569
655.5993444,,21.159949407924387,47312.0,1.4146341463414633
655.7993442,,7.893819208116796,48302.0,1.6346153846153846
655.999344,,50.466245994764385,44178.0,1.3186274509803921
656.1993438,8.790877115849637,21.081859932066763,45490.0,1.3823529411764706
656.3993436,,8.044439510442528,46586.0,1.4048780487804877
656.5993434,,20.423375492930667,48300.0,1.3823529411764706
656.7993432,,19.458729148856797,46771.0,1.4146341463414633
656.999343,,16.515482920409497,47338.0,1.4362745098039216
657.1993428,,22.618776808632024,49072.0,1.4536585365853658
657.3993426,,14.15810870248698,47423.0,1.446078431372549
657.5993424,6.152790561459292,5.247372670131346,47804.0,1.4215686274509804
657.7993422,5.180303158967392,7.855304012178452,47104.0,1.411764705882353
657.999342,5.935978745286253,5.668831215048034,46672.0,1.4313725490196079
658.1993418,6.079173727450181,5.928332967062362,46619.0,1.446078431372549
658.3993416,,4.129924403374674,46813.0,1.4341463414634146
658.5993414,,13.314134744039972,45694.0,1.4215686274509804
658.7993412,6.833053802356887,7.810905150573454,45314.0,1.411764705882353
658.999341,11.372979519929531,2.34054876005972,45410.0,1.392156862745098
659.1993408,,23.59142000908325,43563.0,1.3853658536585365
659.3993406,,5.393407511216143,43824.0,1.3872549019607843
659.5993404,8.157285429141716,11.676252296249322,42585.0,1.3970588235294117
659.7993402,5.743909204382599,10.070465519557047,43262.0,1.411764705882353
659.99934,7.427604840723838,12.508660537053034,44043.0,1.4362745098039216
660.1993398,6.115037108744756,6.729946308256798,43386.0,1.4362745098039216
660.3993396,5.561126529869421,8.03221711370107,43958.0,1.4362745098039216
660.5993394,6.577403414195867,8.51034642745843,44520.0,1.446078431372549
660.7993392,5.857086057607351,12.514623624371005,45272.0,1.4754901960784315
660.999339,4.537699906968502,1.4790588728132337,45146.0,1.4754901960784315
661.1993388,7.952607454812765,16.09637618730151,46252.0,1.5098039215686274
661.3993386,,2.9548075734958212,46813.0,1.5219512195121951
661.5993384,,3.0561801667094723,46580.0,1.5343137254901962
661.7993382,,3.358843704436275,46970.0,1.5365853658536586
661.999338,,7.738296189259604,46177.0,1.5
662.1993378,14.321908404432676,80.39237842903583,40788.0,1.2941176470588236
662.3993376,8.48183788676369,12.633548439864155,41983.0,1.3137254901960784
662.5993374,,14.524112666360615,41126.0,1.3073170731707318
662.7993372,4.454016185529653,3.504368991609258,41395.0,1.3463414634146342
662.999337,,15.15159855981948,42170.0,1.6153846153846154
663.1993368,,23.144740503972756,40473.0,1.2549019607843137
663.3993366,4.432655763430842,2.890289721116015,40783.0,1.2696078431372548
663.5993364,3.791023498181103,0.6382896637057204,40684.0,1.2647058823529411
663.7993362,3.8899436296639744,2.383380776658942,40979.0,1.2794117647058822
663.999336,,5.183236594713511,40764.0,1.3121951219512196
664.1993358,,4.6448789838257065,40863.0,1.2549019607843137
664.3993356,8.24682049201842,15.18610287953875,41909.0,1.303921568627451
664.5993354,6.16819074065208,7.135951787538356,41774.0,1.3529411764705883
664.7993352,6.024753047863603,12.939961159748128,43227.0,1.3725490196078431
664.999335,4.919070157849332,5.835617130082852,42889.0,1.3823529411764706
665.1993348,4.718418917352498,7.113994218417355,43135.0,1.4019607843137254
665.3993346,4.465242125711114,1.3451887681410104,43242.0,1.4019607843137254
665.5993344,12.573348794282603,16.103057418242212,42257.0,1.3480392156862746
665.7993342,10.702268274836547,9.424575265296863,42367.0,1.3137254901960784
665.999334,,7.277016915131197,41957.0,1.3317073170731708
666.1993338,,4.4769517569615696,41899.0,1.2941176470588236
666.3993336,6.609344196099855,1.9658978381644696,42101.0,1.2892156862745099
666.5993334,11.811684103323767,9.851545323693445,43204.0,1.3627450980392157
666.7993332,6.543860884257955,5.3991738859994465,42612.0,1.3333333333333333
666.999333,6.454182802220874,2.088115569349481,42866.0,1.3480392156862746
667.1993328,4.324054462934947,1.5837374734959737,42965.0,1.3480392156862746
667.3993326,6.996512899990884,16.237298369739026,43876.0,1.3823529411764706
667.5993324,14.537243349797338,40.87601276574866,45149.0,1.4509803921568627
667.7993322,16.697620990252073,10.782330640062552,46574.0,1.6274509803921569
667.999332,,47.902377946994285,48601.0,1.726829268292683
668.1993318,,34.64752101305343,46249.0,1.5621890547263682
668.3993316,,18.039874816080257,45821.0,1.5294117647058822
668.5993314,4.879909382011458,0.355715937270298,45907.0,1.5196078431372548
668.7993312,6.1712008616047385,6.730380893151792,46425.0,1.5196078431372548
668.999331,5.558667383127351,1.3964554798704094,46525.0,1.5196078431372548
669.1993308,9.304691531300955,21.83746117912852,48449.0,1.607843137254902
669.3993306,11.060265092080272,14.930270502205715,48436.0,1.5980392156862746
669.5993304,14.878408184335257,95.80281643115967,42618.0,1.3284313725490196
669.7993302,10.821861878581204,9.156544749825054,43107.0,1.3431372549019607
669.99933,6.366855819339896,0.6121591260556941,43175.0,1.3480392156862746
670.1993298,4.117434195362559,2.4865973962321086,43386.0,1.3529411764705883
670.3993296,,6.182816357518884,43348.0,1.4
670.5993294,,16.03000893082624,43843.0,1.411764705882353
670.7993292,7.03251812207845,3.9538778006300124,44283.0,1.4509803921568627
670.999329,5.314222860734489,5.4947340679814225,44548.0,1.4656862745098038
671.1993288,4.705213483146068,0.11391674361289796,44500.0,1.4558823529411764
671.3993286,9.901218744378486,2.106684146992377,44472.0,1.392156862745098
671.5993284,11.69016100966939,10.586210973122967,45401.0,1.3284313725490196
671.7993282,11.29043959817979,21.604975324684478,46588.0,1.4166666666666667
671.999328,22.6484060095273,95.87854405271882,54580.0,1.4803921568627452
672.1993278,20.202092511013216,33.91960709855483,56296.0,1.4264705882352942
672.3993276,10.375229541281067,24.32076360766148,55001.0,1.3431372549019607
672.5993274,5.350522350670799,13.813486499051896,53891.0,1.3284313725490196
672.7993272,9.57125601511816,31.48530454572458,51329.0,1.2990196078431373
672.999327,11.491945998233588,45.23835478558035,47554.0,1.2892156862745099
673.1993268,7.847583643122676,16.529681007955944,48689.0,1.392156862745098
673.3993266,,41.67469102127471,51750.0,1.3756097560975609
673.5993264,,15.640795651845485,51946.0,1.4803921568627452
673.7993262,10.34128634627746,13.64003442278016,52894.0,1.4754901960784315
673.999326,13.01236648805933,40.84877296602407,56362.0,1.5441176470588236
674.1993258,,124.46168994867473,66296.0,1.8439024390243903
674.3993256,25.208799856912897,88.76204824250736,55910.0,1.9073170731707316
674.5993254,,20.649378504518616,54017.0,1.8774509803921569
674.7993252,11.903272890585528,26.65004048341915,53439.0,1.7401960784313726
674.999325,11.138211235955056,16.925738400843745,55625.0,1.7647058823529411
675.1993248,5.163668737962862,8.32386031152509,55038.0,1.7598039215686274
675.3993246,6.4642301852969695,12.861314275138705,54669.0,1.7303921568627452
675.5993244,6.336274947870122,16.332301908567846,53712.0,1.7058823529411764
675.7993242,6.996994657168299,5.722721665467453,53904.0,1.7303921568627452
675.999324,,0.7018361065738007,54617.0,1.726829268292683
676.1993238,,3.537201873001408,54021.0,1.7303921568627452
676.3993236,,14.8449638994663,55048.0,1.8028846153846154
676.5993234,,15.646967191850107,54893.0,1.75
676.7993232,5.618439716312056,4.526249100599066,54990.0,1.7450980392156863
676.999323,7.69330441755358,10.149085897548158,54872.0,1.7549019607843137
677.1993228,6.752288155325894,8.610923613512208,55831.0,1.7352941176470589
677.3993226,12.351321683397957,11.421999127213144,56481.0,1.6568627450980393
677.5993224,18.908503971896067,78.9394531049458,63194.0,1.6764705882352942
677.7993222,12.75255078870084,22.121906400216986,66058.0,1.661764705882353
677.999322,8.951129216907775,16.39170438175698,67259.0,1.7058823529411764
678.1993218,5.929059254277815,3.3800348942645035,66915.0,1.7156862745098038
678.3993216,17.0818831230135,44.4025880714234,63554.0,1.6911764705882353
678.5993214,15.317057765187766,125.48623484559903,52246.0,1.642156862745098
678.7993212,8.335177881124782,15.945472570079845,50961.0,1.6176470588235294
678.999321,9.337063251779723,21.417578081833465,48884.0,1.5833333333333333
679.1993208,8.718595102857021,20.70654886268238,47007.0,1.6372549019607843
679.3993206,5.846662607344573,7.637528838498777,47627.0,1.6666666666666667
679.5993204,5.382543890779283,5.467264600811192,47903.0,1.6764705882352942
679.7993202,3.968165183398486,4.227343708438794,48092.0,1.6862745098039216
679.99932,4.016164281885283,2.5764398677106124,48502.0,1.6862745098039216
680.1993198,,2.320663947381018,48251.0,1.6945812807881773
680.3993196,,4.35043311933868,48510.0,1.6911764705882353
680.5993194,3.618967835350088,1.0177575039998494,48345.0,1.696078431372549
680.7993192,3.583238934772311,1.7005853912275035,48553.0,1.696078431372549
680.999319,3.602439274367121,1.7384288579146292,48785.0,1.696078431372549
681.1993188,,8.577534454682016,48266.0,1.697560975609756
681.3993186,,4.948393227862642,48178.0,1.7009803921568627
681.5993184,7.941671352116782,12.71648250598731,48021.0,1.642156862745098
681.7993182,7.558807681531134,24.102408224236026,46397.0,1.6127450980392157
681.999318,,4.587133903476633,46301.0,1.5951219512195123
682.1993178,,8.474204701346679,45512.0,1.6176470588235294
682.3993176,5.950076424619492,11.762880966353556,46451.0,1.6225490196078431
682.5993174,4.67684660632502,3.856136141715493,46071.0,1.6225490196078431
682.7993172,4.891615807470891,6.224692065998563,46206.0,1.6274509803921569
682.999317,7.070598617443742,22.507288702637794,47593.0,1.6911764705882353
683.1993168,14.00332264645876,59.6853792273724,51465.0,1.8970588235294117
683.3993166,25.99208767529166,132.70714424480934,59401.0,2.049019607843137
683.5993164,18.85002543558438,43.32917312579906,62904.0,2.0245098039215685
683.7993162,23.294797511588193,52.18975502736676,65584.0,1.8137254901960784
683.999316,11.535611890749962,19.411405157116537,66270.0,1.838235294117647
684.1993158,9.084148816917624,14.252896755508694,66014.0,1.7990196078431373
684.3993155999999,,27.552108925940406,65193.0,1.7884615384615385
684.5993153999999,,18.215376431114034,62666.0,1.6813725490196079
684.7993151999999,12.871305013394565,30.266254368577787,65325.0,1.7549019607843137
684.9993149999999,6.128948189762797,14.234071735558912,64080.0,1.7254901960784315
685.1993147999999,18.80413309510164,64.1828186928055,59326.0,1.5931372549019607
685.3993145999999,15.369512698132107,107.79542601881367,50913.0,1.4509803921568627
685.5993143999999,14.209788557703666,24.100973612021722,50794.0,1.6127450980392157
685.7993141999999,7.466475439225529,11.805470562115353,50202.0,1.5784313725490196
685.9993139999999,8.411126885171697,18.11370554483498,48603.0,1.607843137254902
686.1993137999999,6.117600050472125,20.16951710776128,47551.0,1.5833333333333333
686.3993135999999,6.258956410415247,7.864515009112228,48429.0,1.5686274509803921
686.5993133999999,5.102738882273231,5.632125131153027,48706.0,1.5980392156862746
686.7993131999999,,5.326588762812801,48707.0,1.5951219512195123
686.9993129999999,,3.101605672299839,48633.0,1.6029411764705883
687.1993127999999,4.043490753853416,1.8083388943667966,48723.0,1.607843137254902
687.3993125999999,3.9074689989324134,0.13783106795476263,48708.0,1.607843137254902
687.5993123999999,,2.6643099315874137,49199.0,1.6
687.7993121999999,8.57744983977303,5.1818205112544975,48993.0,1.551219512195122
687.9993119999999,,19.417036232998417,47759.0,1.5294117647058822
688.1993117999999,5.148428673055196,1.0836957268004879,47794.0,1.5196078431372548
688.3993115999999,16.940785853871404,85.02983933176026,52707.0,1.7450980392156863
688.5993113999999,6.735062738465169,25.809708339312735,50846.0,1.7058823529411764
688.7993111999999,5.162690017238678,6.785452333339986,51048.0,1.7303921568627452
688.9993109999999,5.957820668270091,17.85030844098193,50309.0,1.6323529411764706
689.1993107999999,7.4990679094540615,20.733458162607487,48815.0,1.6519607843137254
689.3993105999999,5.640762254152655,6.102313367560049,49065.0,1.6568627450980393
689.5993103999999,4.771002902551404,4.4117141761495295,49267.0,1.6813725490196079
689.7993101999999,4.166690210481707,2.6692095210841247,49553.0,1.6813725490196079
689.9993099999999,3.8545535732407803,1.5790270540629139,49269.0,1.6862745098039216
690.1993097999999,,14.944143538448778,49514.0,1.5560975609756098
690.3993095999999,9.599849896804052,32.046031389374456,47967.0,1.4926829268292683
690.5993093999999,,9.499297395826662,47337.0,1.4754901960784315
690.7993091999999,4.912924251692788,2.7454854918335885,47407.0,1.4803921568627452
690.9993089999999,10.173377937471606,10.829986007721425,48426.0,1.4656862745098038
691.1993087999999,21.864775926348628,44.903321953338775,52572.0,1.4166666666666667
691.3993085999999,19.79071170084439,39.86756244334762,56372.0,1.4705882352941178
691.5993083999999,11.6617416017935,12.927916557315449,56649.0,1.4362745098039216
691.7993081999999,7.739041905281338,23.333664555677814,55005.0,1.3872549019607843
691.9993079999999,11.928123789740521,27.677496599394928,56806.0,1.4656862745098038
692.1993077999999,13.269783859917577,18.326677742155287,57509.0,1.4803921568627452
692.3993075999999,,53.30237780544296,61077.0,1.648780487804878
692.5993073999999,,20.728667136897993,62094.0,1.6813725490196079
692.7993071999999,8.185822784810126,21.670598034116768,61225.0,1.6813725490196079
692.9993069999999,20.350284139035622,59.3450510550475,64933.0,1.9019607843137254
693.1993067999999,11.599734650928722,28.0410419073135,65574.0,1.9068627450980393
693.3993065999999,24.89183395348125,78.64964542826823,65307.0,2.0637254901960786
693.5993063999999,14.60800059622515,162.18610309595607,53671.0,1.9166666666666667
693.7993061999999,6.546516771102101,13.882257441709953,54260.0,1.9754901960784315
693.9993059999999,,7.3062525755151535,52918.0,2.0348258706467663
694.1993057999999,,13.417380067812186,53492.0,1.911764705882353
694.3993055999999,6.094506274275471,1.5845776197966488,53552.0,1.9019607843137254
694.5993053999999,,23.104764337411908,55640.0,1.9375
694.7993051999999,,60.75581867732758,57006.0,2.049019607843137
694.9993049999999,6.11106080657519,16.474117387534267,57428.0,1.9803921568627452
695.1993047999999,,66.46668926487841,55169.0,1.8173076923076923
695.3993045999999,13.157944487410845,38.28266493735489,58185.0,1.8461538461538463
695.5993043999999,,48.310896162036315,53881.0,1.7990196078431373
695.7993041999999,,13.053224742516338,54715.0,1.7884615384615385
695.9993039999999,,72.9582997828951,49198.0,1.5686274509803921
696.1993037999999,5.536649750347876,8.558901332358653,48868.0,1.5686274509803921
696.3993035999999,4.6543568806961115,3.4189439294595854,48498.0,1.5637254901960784
696.5993033999999,4.68913570525705,4.298856457497939,48259.0,1.5686274509803921
696.7993031999999,4.961185385989773,7.260412007388847,48693.0,1.5931372549019607
696.9993029999999,4.737799954450403,4.380814276664771,48299.0,1.5833333333333333
697.1993027999999,4.501261357343561,5.334822412057419,48757.0,1.588235294117647
697.3993025999999,4.217154863428501,2.807211687537112,48546.0,1.588235294117647
697.5993023999999,4.041646927972647,1.4615539787849021,48551.0,1.588235294117647
697.7993021999999,4.035231630539548,1.6374467890619904,48763.0,1.588235294117647
697.999302,4.044515005633515,1.3166027164002547,48815.0,1.5931372549019607
698.1993018,3.8246053059895835,2.3594047195076353,49152.0,1.588235294117647
698.3993016,3.942519105807348,1.6226555199857162,48938.0,1.588235294117647
698.5993014,3.8889955475675015,0.4678636974234005,48962.0,1.5931372549019607
698.7993012,3.8516522768558774,0.6833983440339966,48993.0,1.588235294117647
698.999301,,4.405226463801526,49001.0,1.5902439024390245
699.1993008,,4.895665290508477,48872.0,1.5931372549019607
699.3993006,6.172165178119367,9.25742919817238,49377.0,1.6029411764705883
699.5993004,,8.522124656788405,49028.0,1.5853658536585367
699.7993002,,5.336141829561049,48552.0,1.5686274509803921
699.9993,5.072013462761919,6.281406521965094,48727.0,1.553921568627451
700.1992998,4.690799709573696,4.9822104050759295,48205.0,1.5196078431372548
700.3992996,4.663098847161212,2.0194190754789765,48489.0,1.5245098039215685
700.5992994,5.875608603652649,5.4817009080030035,48677.0,1.5343137254901962
700.7992992,16.94156173248606,59.06198663722997,51302.0,1.7009803921568627
700.999299,16.904576258835533,25.274261165084365,54892.0,1.6568627450980393
701.1992988,23.264218205935997,63.307054105151764,60310.0,1.5784313725490196
701.3992986,8.606210362973957,21.270449612949903,59288.0,1.5
701.5992984,5.6953429724277065,3.943598436464909,59480.0,1.5098039215686274
701.7992982,19.931059073269427,46.185307235744325,60298.0,1.6813725490196079
701.999298,15.205184387417834,59.49672111383523,53854.0,1.7352941176470589
702.1992978,11.085083659665361,25.55307879338169,53371.0,1.7843137254901962
702.3992976,7.501859492663793,9.914189161351231,54047.0,1.7843137254901962
702.5992974,,14.686559144587976,54455.0,1.7836538461538463
702.7992972,,21.10682485100394,54869.0,1.7401960784313726
702.999297,20.926234035208836,48.2233245524283,57940.0,1.8480392156862746
703.1992968,12.415887529217654,3.5737040548850754,58184.0,1.8676470588235294
703.3992966,6.54696103252306,21.927272220269586,56483.0,1.8137254901960784
703.5992964,9.449102135614343,66.48949105110194,52959.0,1.6519607843137254
703.7992962,10.478728789725322,5.7823058012435125,53335.0,1.6470588235294117
703.999296,8.85170773089407,14.128905852408645,54224.0,1.7058823529411764
704.1992958,11.148414701827882,25.64820128141798,55857.0,1.7009803921568627
704.3992956,11.926476903784378,28.536826409628407,58213.0,1.6911764705882353
704.5992954,11.752014134275619,17.49636034159128,56600.0,1.803921568627451
704.7992952,8.16925188988732,15.767641831737492,56088.0,1.838235294117647
704.999295,10.537068729463307,42.95467956345145,58432.0,1.9019607843137254
705.1992948,8.009933715674189,53.24259300973109,55971.0,1.7450980392156863
705.3992946,6.473310119539074,9.4510599566435,55714.0,1.7352941176470589
705.5992944,6.37111325060619,4.752760813557604,56088.0,1.7598039215686274
705.7992942,4.935618803510083,0.8910777844063095,56181.0,1.7647058823529411
705.999294,4.6293986636971045,1.2743992328959552,56125.0,1.7647058823529411
706.1992938,9.676479541588325,2.460684195923446,55845.0,1.7303921568627452
706.3992936,12.228317272053372,15.902362878857979,56658.0,1.696078431372549
706.5992934,10.071988004939143,9.51168547486795,56690.0,1.7205882352941178
706.7992932,7.274892431843745,11.711658647522153,56011.0,1.696078431372549
706.999293,7.583259943564766,5.875358471031734,55639.0,1.6862745098039216
707.1992928,8.868134012024901,7.611752491462612,56383.0,1.696078431372549
707.3992926,6.174632781534157,11.623894980669736,55757.0,1.6862745098039216
707.5992924,6.161394494103374,2.4907978311379506,56049.0,1.6911764705882353
707.7992922,8.042613182954726,7.543614892550917,56391.0,1.696078431372549
707.999292,6.037787182587667,4.510074507856363,56236.0,1.7009803921568627
708.1992918,7.516330347829215,9.01876770981975,55602.0,1.696078431372549
708.3992916,12.095689255254612,22.09499639302827,56046.0,1.6911764705882353
708.5992914,12.273927157278921,16.26072335037725,56066.0,1.7450980392156863
708.7992912,,18.85359216426784,56062.0,1.8028846153846154
708.999291,,13.43388745239448,55243.0,1.7205882352941178
709.1992908,6.039999261665682,11.882585418888125,54176.0,1.7156862745098038
709.3992906,6.5026715306949665,1.2211858556768675,54276.0,1.7107843137254901
709.5992904,5.76979480368867,9.042752664625635,53461.0,1.7205882352941178
709.7992902,5.098123591770398,5.682611186042342,54146.0,1.7254901960784315
709.99929,4.892216228118463,3.811132076852041,54498.0,1.7205882352941178
710.1992898,4.6509245930683205,4.451068431653092,54186.0,1.7205882352941178
710.3992896,4.759792583749907,5.728805788456815,53612.0,1.7205882352941178
710.5992894,7.694,16.114850142768258,54500.0,1.7352941176470589
710.7992892,6.2458873357206475,4.828412493225548,55013.0,1.7352941176470589
710.999289,10.206417429323057,10.617371445789479,53978.0,1.7107843137254901
711.1992888,9.588599270086515,6.132792178333818,53979.0,1.7009803921568627
711.3992886,5.100885282183696,4.415229858275601,54220.0,1.7009803921568627
711.5992884,4.380616008852821,1.1708659878999697,54220.0,1.696078431372549
711.7992882,4.51702454271394,3.0400394689101407,54069.0,1.696078431372549
711.999288,4.466619660815676,1.8980685045812753,53894.0,1.7009803921568627
712.1992878,4.302307050866302,1.0465996708591085,53965.0,1.696078431372549
712.3992876,4.259191451203109,3.6779235389232943,53528.0,1.696078431372549
712.5992874,4.739643986025619,4.587071564383879,54099.0,1.696078431372549
712.7992872,4.476328126447644,1.6745666692158903,53967.0,1.696078431372549
712.999287,4.792991215903838,0.985851454374823,54075.0,1.696078431372549
713.1992868,4.553430361159129,2.514430316157642,53799.0,1.696078431372549
713.3992866,4.533958318045058,6.14602388513289,54508.0,1.696078431372549
713.5992864,4.672332986162774,6.493324341863037,53768.0,1.696078431372549
713.7992862,4.3477325020411195,1.1649745355953174,53892.0,1.696078431372549
713.999286,4.230163154569443,0.858077365421171,53814.0,1.6911764705882353
714.1992858,4.321216176033303,0.19369261715195754,53808.0,1.696078431372549
714.3992856,4.358634264795158,5.027778695193893,54359.0,1.696078431372549
714.5992854,12.154338522836273,16.576348779267118,54212.0,1.7107843137254901
714.7992852,5.637429583279814,2.3502156689957485,54497.0,1.7107843137254901
714.999285,6.200565330047654,5.399776487823981,55189.0,1.7058823529411764
715.1992848,5.1204465976978,2.985483850865692,54904.0,1.7058823529411764
715.3992846,7.526545717122484,4.678982985189395,55395.0,1.7058823529411764
715.5992844,5.130024831755857,1.5562756222030296,55574.0,1.7156862745098038
715.7992842,6.63257813199606,2.2687412445623747,55835.0,1.7156862745098038
715.999284,8.51926933709144,4.670088020167645,55347.0,1.696078431372549
716.1992838,8.842243693948747,7.873145570346764,54749.0,1.6862745098039216
716.3992836,7.736409550877066,11.377828598063575,55241.0,1.7009803921568627
716.5992834,6.836050773703122,3.9320201855839496,55383.0,1.7352941176470589
716.7992832,6.933895669889379,4.891527481619651,55957.0,1.7303921568627452
716.999283,,37.81170001634126,56600.0,1.8701923076923077
717.1992828,,27.33474104527938,57063.0,1.7254901960784315
717.3992826,14.564873883599962,51.11249883784488,61134.0,1.7205882352941178
717.5992824,13.050341543563919,54.90301246370065,65731.0,1.7990196078431373
717.7992822,13.921073541096495,23.461484557084752,67962.0,1.8088235294117647
717.999282,11.257524885740064,23.226919387712947,67609.0,1.7156862745098038
718.1992818,6.659409231699025,15.624889998373591,66185.0,1.6666666666666667
718.3992816,,15.1347794722558,68897.0,1.7884615384615385
718.5992814,,12.36000382051636,67810.0,1.7156862745098038
718.7992812,,2.158105562341082,68040.0,1.7463414634146341
718.999281,,52.027462076833736,67483.0,2.0049019607843137
719.1992808,14.03620444042945,128.18021238820745,57562.0,1.838235294117647
719.3992806,10.01311744209879,64.73283531424495,53669.0,1.6323529411764706
719.5992804,9.591708911909485,2.9671885969275835,54444.0,1.661764705882353
719.7992802,11.369144005807136,4.564972423797258,53727.0,1.6764705882352942
719.99928,9.044931135696546,6.372682289634561,53148.0,1.7352941176470589
720.1992798,10.198199508956987,40.053684937161044,54985.0,1.9215686274509804
720.3992796,13.188978862130613,40.31774457504113,57054.0,1.9313725490196079
720.5992794,7.673605752367591,9.070415458482103,57020.0,1.8774509803921569
720.7992792,10.376194274901211,56.79962673769133,53903.0,1.8088235294117647
720.999279,6.76489471471701,23.77865799927756,52334.0,1.7745098039215685
721.1992788,5.866754694265908,12.179145965702023,51499.0,1.7745098039215685
721.3992786,8.050829649307138,7.396501106207234,50443.0,1.7794117647058822
721.5992784,9.561170212765957,23.692813724561834,52264.0,1.7598039215686274
721.7992782,5.088625247981772,24.748024169758953,50911.0,1.6813725490196079
721.999278,8.324775198766346,17.542850825541493,49933.0,1.6274509803921569
722.1992778,5.42684362190024,9.067974104082877,49278.0,1.6274509803921569
722.3992776,4.512413311994748,5.551062663927075,48738.0,1.6029411764705883
722.5992774,7.244170627715784,2.100468180341737,49019.0,1.6029411764705883
722.7992772,16.288683733574988,58.16197987574805,52968.0,1.6666666666666667
722.999277,8.118251550629427,12.01695920567004,54494.0,1.7058823529411764
723.1992768,6.865178312554364,38.53911811136019,51735.0,1.6568627450980393
723.3992766,8.286511488548904,21.66114123828112,53401.0,1.6911764705882353
723.5992764,7.773563089776585,10.043735210622136,53622.0,1.7303921568627452
723.7992762,9.966173037921402,8.01531200183765,52266.0,1.7156862745098038
723.999276,6.920807091205972,7.713475474271338,51444.0,1.696078431372549
724.1992758,5.610436320754717,12.215096382248484,50880.0,1.6862745098039216
724.3992756,4.869533310855035,2.5819273205454114,50419.0,1.6862745098039216
724.5992754,6.529381565437169,5.607383213558546,50644.0,1.6862745098039216
724.7992752,7.657378001549187,14.354069731766183,51640.0,1.7058823529411764
724.999275,9.774759100642399,8.403085895007465,52304.0,1.7352941176470589
725.1992748,4.499065492591379,5.026264194232703,51899.0,1.7352941176470589
725.3992746,5.31508152173913,4.4785224822854,51520.0,1.7254901960784315
725.5992744,5.280105789009697,8.147679728427976,51045.0,1.7058823529411764
725.7992742,5.889113302443468,4.646639751512023,50502.0,1.7009803921568627
725.999274,4.837021100211199,1.4905298267374674,50663.0,1.7058823529411764
726.1992738,,2.5866903623207977,50988.0,1.7073170731707317
726.3992736,,52.161574553557955,53677.0,1.8480392156862746
726.5992734,9.51359654737304,8.015245946700627,54683.0,1.8431372549019607
726.7992732,4.977985991085236,2.4992071105304325,54965.0,1.8431372549019607
726.999273,5.4581199345876685,3.8361958506412415,55647.0,1.8480392156862746
727.1992728,4.952152239566277,6.435801501417908,54966.0,1.8431372549019607
727.3992726,,25.048692809739194,53156.0,1.7740384615384615
727.5992724,,11.691071881454961,51429.0,1.7892156862745099
727.7992722,10.49678916827853,2.1929981667900345,51700.0,1.7696078431372548
727.999272,15.76497649964152,54.48117557073237,50212.0,1.6127450980392157
728.1992718,26.38652911491406,38.07810958448592,53701.0,1.5343137254901962
728.3992716,23.362207642981577,32.27814636798258,53958.0,1.4509803921568627
728.5992713999999,7.5042099571279595,25.707884339109835,51782.0,1.4754901960784315
728.7992711999999,21.105433433013307,67.67104450946093,57183.0,1.5098039215686274
728.9992709999999,31.06149057379456,63.21112652611885,51081.0,1.5637254901960784
729.1992707999999,,38.80335191361841,47347.0,1.551219512195122
729.3992705999999,,13.443286190816892,48602.0,1.5833333333333333
729.5992703999999,5.161115382217882,6.0205018483692445,48127.0,1.5784313725490196
729.7992701999999,,3.3680894717927954,48323.0,1.575609756097561
729.9992699999999,,3.2050061957804754,47942.0,1.5735294117647058
730.1992697999999,3.897750937109538,1.078148459242324,48020.0,1.5735294117647058
730.3992695999999,,21.038144526018364,49577.0,1.6146341463414635
730.5992693999999,,4.599331578693577,49469.0,1.6225490196078431
730.7992691999999,5.263658965496331,1.8463040170462948,49473.0,1.6176470588235294
730.9992689999999,6.822294120011254,4.928726215611812,49762.0,1.6176470588235294
731.1992687999999,5.723153547133139,6.057569766666408,49392.0,1.6225490196078431
731.3992685999999,,6.101030601485412,49072.0,1.5951219512195123
731.5992683999999,,24.804559554824937,46196.0,1.5441176470588236
731.7992681999999,20.448264462809917,16.18812413702527,48400.0,1.4950980392156863
731.9992679999999,20.84661864273343,31.895483682630196,50808.0,1.4166666666666667
732.1992677999999,15.971547706647044,42.32836216998693,48924.0,1.3235294117647058
732.3992675999999,,24.753653878129718,47500.0,1.3609756097560977
732.5992673999999,,15.911442814507543,48702.0,1.3284313725490196
732.7992671999999,,76.07474820128158,54710.0,1.448780487804878
732.9992669999999,,48.034504460179505,50651.0,1.5637254901960784
733.1992667999999,14.297734561722468,21.984502449940216,48953.0,1.5686274509803921
733.3992665999999,6.5686584225293565,14.94457827481229,48115.0,1.5490196078431373
733.5992663999999,7.55383529802424,3.753443909896854,48184.0,1.5490196078431373
733.7992661999999,,8.090977078258831,47901.0,1.5414634146341464
733.9992659999999,,3.9540098720568837,47828.0,1.5490196078431373
734.1992657999999,4.7156392090514965,6.645308854211535,47285.0,1.5392156862745099
734.3992655999999,13.205346686588863,30.76236964122559,49526.0,1.607843137254902
734.5992653999999,,5.035292129640254,49490.0,1.6
734.7992651999999,,5.06356775474302,49005.0,1.5980392156862746
734.9992649999999,3.992412279802309,2.537479839984504,48763.0,1.5980392156862746
735.1992647999999,4.083445518704361,2.0928324325499608,49026.0,1.5980392156862746
735.3992645999999,6.451120224651003,8.353013547026405,49499.0,1.6029411764705883
735.5992643999999,8.294059268374983,14.996420819014386,50381.0,1.6323529411764706
735.7992641999999,9.108246919366493,21.565595371280544,51207.0,1.6470588235294117
735.9992639999999,,20.06197678950196,51596.0,1.7259615384615385
736.1992637999999,,18.990648094098763,49694.0,1.6470588235294117
736.3992635999999,4.891952175223551,0.5019839572028669,49765.0,1.6568627450980393
736.5992633999999,3.560983474405482,0.9925598746099485,49620.0,1.661764705882353
736.7992631999999,3.600165496084605,0.7943561501287192,49548.0,1.661764705882353
736.9992629999999,3.8485838779956425,0.6509802018339036,49572.0,1.661764705882353
737.1992627999999,3.6050870417921916,1.0215428789850332,49459.0,1.661764705882353
737.3992625999999,3.501737584353659,0.7012728308723017,49494.0,1.661764705882353
737.5992623999999,11.037429238747476,9.423344866869515,50522.0,1.6666666666666667
737.7992621999999,7.746738093788681,21.56896900208817,49281.0,1.6372549019607843
737.9992619999999,4.36044508401062,0.8802550592870962,49339.0,1.6372549019607843
738.1992617999999,,1.3575921613439579,49721.0,1.6292682926829267
738.3992615999999,,4.420708194171809,49406.0,1.6274509803921569
738.5992613999999,12.135251377985636,12.015904679035648,47896.0,1.6127450980392157
738.7992611999999,9.170988586774085,3.964839544053851,47664.0,1.607843137254902
738.9992609999999,6.151995660247449,1.7528188189599458,47929.0,1.6176470588235294
739.1992607999999,,3.4847458096957227,48206.0,1.6097560975609757
739.3992605999999,,19.181414630802774,50413.0,1.5637254901960784
739.5992603999999,26.36226564467955,48.24296100203534,55578.0,1.5343137254901962
739.7992601999999,,36.616384407817826,53760.0,1.424390243902439
739.9992599999999,,16.545021714064035,53030.0,1.3872549019607843
740.1992597999999,5.038748137108793,8.292986258482983,52338.0,1.4019607843137254
740.3992595999999,8.545181501740428,20.515280624226815,50275.0,1.4313725490196079
740.5992593999999,,10.197687056026854,49760.0,1.4439024390243902
740.7992591999999,,14.806198296098309,48138.0,1.4656862745098038
740.9992589999999,5.926981581889914,9.949518965092382,47399.0,1.4852941176470589
741.1992587999999,4.543886513962441,3.9420274562666187,47019.0,1.4852941176470589
741.3992585999999,9.71233832888524,20.43963582218833,48710.0,1.5049019607843137
741.5992583999999,18.720670074892944,50.04268092755232,53009.0,1.5294117647058822
741.7992581999999,7.770527830720759,17.828028977609634,51418.0,1.5098039215686274
741.9992579999999,9.341185981800406,19.14029210321235,53188.0,1.446078431372549
742.1992577999999,19.628938654286006,71.66719108743621,58586.0,1.5980392156862746
742.3992575999999,23.692156792809502,53.13518448800809,56074.0,1.7254901960784315
742.5992573999999,14.527728717767573,15.551119029634352,53789.0,1.7647058823529411
742.7992571999999,6.004701895987208,14.285540328829066,52532.0,1.7598039215686274
742.999257,5.2541965526305905,6.13845339542192,53258.0,1.7892156862745099
743.1992568,10.052423829013188,16.424605758425546,54975.0,1.803921568627451
743.3992566,5.6478055270870415,4.211268478009033,55617.0,1.803921568627451
743.5992564,5.2623889086384645,5.22064258116306,56260.0,1.803921568627451
743.7992562,5.959536027367971,3.8999861203523762,56124.0,1.8235294117647058
743.999256,,9.635943046412095,57255.0,1.8341463414634147
744.1992558,,3.5136540007492028,57069.0,1.8480392156862746
744.3992556,7.090107409301751,3.1352708816162784,56699.0,1.8284313725490196
744.5992554,6.678720808644127,12.171763673236761,57380.0,1.8480392156862746
744.7992552,10.37265693404571,8.646211530469929,55963.0,1.8676470588235294
744.999255,6.081089777968465,4.156116060080306,55938.0,1.8725490196078431
745.1992548,,8.144611405977118,57971.0,1.8365384615384615
745.3992546,,15.040783969974658,55643.0,1.8431372549019607
745.5992544,7.619898526035109,20.584574445607487,54004.0,1.8137254901960784
745.7992542,15.452031355696151,27.139416131152323,50262.0,1.7892156862745099
745.999254,10.775908669167777,51.847371434002135,49578.0,1.6470588235294117
746.1992538,8.376409830226761,11.014782376986222,50538.0,1.6568627450980393
746.3992536,5.071586119973217,1.3977443971520414,50778.0,1.661764705882353
746.5992534,,9.506036433583878,50375.0,1.6585365853658536
746.7992532,,13.677786648392635,50577.0,1.642156862745098
746.999253,7.780713843449777,5.732617573719754,50067.0,1.6372549019607843
747.1992528,8.995820209583805,2.892169710019394,50481.0,1.6372549019607843
747.3992526,13.356189626411142,12.00024884450039,51554.0,1.6470588235294117
747.5992524,,23.01837218831943,54487.0,1.8076923076923077
747.7992522,,105.77393181892805,59973.0,1.7647058823529411
747.999252,21.516182201888565,60.46662439589001,64917.0,1.7696078431372548
748.1992518,,25.384854824120854,63913.0,1.6780487804878048
748.3992516,,16.836666704853798,62475.0,1.6372549019607843
748.5992514,13.255510408986085,17.819098243800394,63743.0,1.8725490196078431
748.7992512,26.330633130962706,109.00135169640744,57650.0,1.9264705882352942
748.999251,9.1929515247801,108.4382354028964,51614.0,1.7352941176470589
749.1992508,5.767747539085119,7.894915589033747,51810.0,1.75
749.3992506,5.460440088402037,6.579539847902243,52035.0,1.7647058823529411
749.5992504,5.668407908031952,9.09059029568412,52453.0,1.7941176470588236
749.7992502,4.128515818799374,0.6287308138538066,52406.0,1.7941176470588236
749.99925,4.379010796836983,1.6302893829640521,52608.0,1.7990196078431373
750.1992498,,13.189923067805333,53743.0,1.7932692307692308
750.3992496,,13.540352445458833,52524.0,1.7892156862745099
750.5992494,3.8847860719162495,1.341892760297772,52728.0,1.7843137254901962
750.7992492,,15.378682566630289,53810.0,1.8028846153846154
750.999249,,78.04053169568324,56624.0,2.0294117647058822
751.1992488,13.854756135021674,30.90328083752143,58598.0,2.0049019607843137
751.3992486,13.323237198156068,23.03841135902214,60089.0,1.9019607843137254
751.5992484,11.078296728584842,77.19115737521409,54319.0,1.803921568627451
751.7992482,7.788674793550924,55.432730604017664,50860.0,1.7892156862745099
751.999248,5.423552490785876,5.118731350788456,50466.0,1.7990196078431373
752.1992478,5.255828071879553,11.328903120942622,49416.0,1.8088235294117647
752.3992476,6.584879835755404,3.3691854873162295,49682.0,1.7450980392156863
752.5992474,15.381249884132663,70.54189448957992,53941.0,1.838235294117647
752.7992472,7.635964318195011,36.20265720153694,51679.0,1.7401960784313726
752.999247,6.942903590333261,37.44658689792898,50441.0,1.6225490196078431
753.1992468,9.317799264072653,13.448288728224497,51092.0,1.6813725490196079
753.3992466,11.001346801346802,13.403975584121612,51975.0,1.7450980392156863
753.5992464,14.129025937010118,59.22784883710754,56136.0,1.9166666666666667
753.7992462,21.56661168251504,95.20583788884704,61836.0,1.9019607843137254
753.999246,26.798597789033497,117.69065203032599,72457.0,2.0049019607843137
754.1992458,15.457597799424335,82.84233507505918,70527.0,1.838235294117647
754.3992456,,11.451290876514468,73539.0,1.8173076923076923
754.5992454,,11.878710693714702,71989.0,1.9019607843137254
754.7992452,5.821310307247349,8.503340203587053,71571.0,1.8774509803921569
754.999245,5.95574465702809,5.571929584452465,71449.0,1.8529411764705883
755.1992448,,12.599718394945459,73020.0,1.7980769230769231
755.3992446,,11.025476573319791,71168.0,1.8186274509803921
755.5992444,11.014024506287605,36.20243395337252,68309.0,1.696078431372549
755.7992442,17.138410386320455,58.44874619152193,63160.0,1.6127450980392157
755.999244,,59.71312291171653,59858.0,1.625
756.1992438,,16.120729328109,57647.0,1.5784313725490196
756.3992436,21.482825736666612,68.67173022898227,62681.0,1.7156862745098038
756.5992434,24.612652835844443,36.30795132454754,63385.0,1.8284313725490196
756.7992432,,101.54415942986728,53781.0,1.7836538461538463
756.999243,,23.238926771811922,51263.0,1.7058823529411764
757.1992428,6.659193083573487,8.454817227844385,52050.0,1.7254901960784315
757.3992426,6.108016370231007,5.769131470912266,51557.0,1.7205882352941178
757.5992424,8.907652692975441,4.399420996472873,51263.0,1.7303921568627452
757.7992422,7.936484232574377,6.251789860616368,51562.0,1.7450980392156863
757.999242,14.319607383075239,13.857263051245484,51144.0,1.75
758.1992418,14.638884713663009,17.19563806635803,53224.0,1.7745098039215685
758.3992416,6.957920603474551,10.346654690920978,52496.0,1.7696078431372548
758.5992414,5.856642553680101,4.912814840780181,52254.0,1.7696078431372548
758.7992412,,14.399048167804203,53153.0,1.8028846153846154
758.999241,,13.133536176929681,52024.0,1.7647058823529411
759.1992408,5.874889427329718,2.5705936591038,52002.0,1.7745098039215685
759.3992406,15.104041120170152,6.619339612868809,50778.0,1.7254901960784315
759.5992404,,62.38998856453444,56749.0,1.8269230769230769
759.7992402,6.197605217205374,9.477019313362105,56122.0,1.8269230769230769
759.99924,,11.834145302569308,54660.0,1.857843137254902
760.1992398,9.975117638671039,12.222613441341283,56104.0,1.8823529411764706
760.3992396,4.867594246837385,9.573167175947157,55413.0,1.8774509803921569
760.5992394,4.9698167966624345,3.9424030480257324,55130.0,1.8725490196078431
760.7992392,4.264683987871526,0.8059950376165981,55077.0,1.8725490196078431
760.999239,4.11484670154025,1.563983123481633,55056.0,1.8725490196078431
761.1992388,4.175699539405414,0.6756744840605573,54929.0,1.8725490196078431
761.3992386,,25.797505548346955,57547.0,1.8509615384615385
761.5992384,,8.597637355612225,55285.0,1.8774509803921569
761.7992382,,13.787261546652516,57578.0,1.8461538461538463
761.999238,,18.63055984527118,55818.0,1.8676470588235294
762.1992378,4.510353292774042,3.0898168777187562,56214.0,1.8725490196078431
762.3992376,10.614557485525227,9.10373483189991,54405.0,1.8627450980392157
762.5992374,,17.463010704850852,55010.0,1.8317307692307692
762.7992372,,12.245664203933272,52977.0,1.8627450980392157
762.999237,6.071320124497078,7.728954929371016,52692.0,1.8529411764705883
763.1992368,,11.375031891358898,54080.0,1.8269230769230769
763.3992366,,22.22051151201818,51734.0,1.8284313725490196
763.5992364,12.267387227131229,12.271611815915252,51719.0,1.8235294117647058
763.7992362,6.473864135520712,9.120452821365692,52361.0,1.8088235294117647
763.999236,6.909568306432929,12.384089857635583,51796.0,1.7892156862745099
764.1992358,6.289670921653589,7.10463270077128,51234.0,1.7696078431372548
764.3992356,6.190099470653249,6.938657481617516,51573.0,1.7843137254901962
764.5992354,6.03247462919594,8.969798910808551,51240.0,1.7745098039215685
764.7992352,7.5763944242471375,7.011288193059306,51437.0,1.7745098039215685
764.999235,,22.259301106176217,54031.0,1.7740384615384615
765.1992348,5.966425676415818,11.046031062883442,54774.0,1.7884615384615385
765.3992346,,12.56934676700826,53994.0,1.8186274509803921
765.5992344,7.5147019917608375,18.511882276785983,52918.0,1.7941176470588236
765.7992342,7.232148826965055,33.30212761204683,50851.0,1.7352941176470589
765.999234,5.428154388714733,1.9256485424551335,51040.0,1.75
766.1992338,5.8446637998436275,6.33004881556147,51160.0,1.7598039215686274
766.3992336,11.336129982810837,11.995902638083852,48868.0,1.75
766.5992334,9.145731508634734,2.6280630142788017,49104.0,1.7598039215686274
766.7992332,14.234604328872475,27.87398496397795,52531.0,1.7892156862745099
766.999233,,12.713843372281788,53678.0,1.7740384615384615
767.1992328,,14.466470019369028,52213.0,1.7892156862745099
767.3992326,10.955234603835455,33.87232549323644,54283.0,1.8235294117647058
767.5992324,10.452364560715989,29.94883476896813,56649.0,1.8529411764705883
767.7992322,5.450293873724444,16.499804990453743,55466.0,1.8480392156862746
767.999232,,10.988805256683419,56900.0,1.8173076923076923
768.1992318,,12.98991887753898,55401.0,1.8431372549019607
768.3992316,5.764534247574586,4.216239867946768,54836.0,1.8333333333333333
768.5992314,9.297528480401622,51.55785072366899,51790.0,1.7303921568627452
768.7992312,,14.338132879159046,51479.0,1.6634146341463414
768.999231,,38.57730520408671,48740.0,1.6029411764705883
769.1992308,6.181232787947513,7.464272480558076,49384.0,1.607843137254902
769.3992306,5.403982698114747,8.196598396550378,49012.0,1.607843137254902
769.5992304,,5.136338033270055,49330.0,1.604878048780488
769.7992302,,3.968042452127866,48105.0,1.6029411764705883
769.99923,16.83799423352219,20.303342103056092,49597.0,1.6372549019607843
770.1992298,14.35374516141905,11.155509806626437,50118.0,1.5931372549019607
770.3992296,27.096660407489953,63.040241683673166,56983.0,1.6274509803921569
770.5992294,21.827783880954758,50.72052143853437,50065.0,1.6813725490196079
770.7992292,9.174846255878451,25.379079753536494,49758.0,1.6568627450980393
770.999229,6.876846897212682,2.474208591015807,50084.0,1.6519607843137254
771.1992288,5.384863969622912,5.237545823391693,49511.0,1.6470588235294117
771.3992286,6.124019499668987,2.4616128874412886,49847.0,1.642156862745098
771.5992284,,13.55283751438169,50604.0,1.75
771.7992282,,11.764983063033233,49762.0,1.6292682926829267
771.999228,,4.111961767449351,49529.0,1.6323529411764706
772.1992278,4.546039844509233,1.235159386325744,49392.0,1.6372549019607843
772.3992276,3.926727794159228,1.562265313324379,49514.0,1.6323529411764706
772.5992274,3.863712934586268,2.144684316911052,49271.0,1.6323529411764706
772.7992271999999,3.891365974162718,1.3552219675690338,49386.0,1.6323529411764706
772.9992269999999,4.004146691749095,1.1059291785554612,49437.0,1.6323529411764706
773.1992267999999,3.9169600582736432,0.9062879076782705,49422.0,1.6323529411764706
773.3992265999999,3.8558786602405735,0.5682160593523735,49382.0,1.6323529411764706
773.5992263999999,3.886069299929286,1.248055045780564,49495.0,1.6323529411764706
773.7992261999999,3.8515466428513436,1.1539865765714294,49268.0,1.6323529411764706
773.9992259999999,3.8621740190104803,0.4774269885413171,49236.0,1.6323529411764706
774.1992257999999,5.9293402532361315,4.8712503536888985,49519.0,1.6323529411764706
774.3992255999999,8.883381692436107,12.116533165824096,50318.0,1.6470588235294117
774.5992253999999,8.056142924076678,21.062638038560568,49089.0,1.607843137254902
774.7992251999999,4.466932760208781,1.5891871093830865,48855.0,1.6127450980392157
774.9992249999999,4.356098949122914,3.7035601538496117,49197.0,1.6176470588235294
775.1992247999999,9.588627322314727,9.548656898613304,48766.0,1.6274509803921569
775.3992245999999,14.884122470845181,5.67460805382869,48534.0,1.6274509803921569
775.5992243999999,24.49600988029641,31.49017984569617,52630.0,1.6274509803921569
775.7992241999999,29.90692124105012,49.2514485762005,57822.0,1.5980392156862746
775.9992239999999,,19.47651926603129,57449.0,1.6341463414634145
776.1992237999999,,62.55409495222513,50222.0,1.642156862745098
776.3992235999999,6.846995189908788,10.559503873005509,50103.0,1.6274509803921569
776.5992233999999,6.7507558278303765,3.5618087544507895,50276.0,1.6323529411764706
776.7992231999999,5.735872138910813,4.3499839060728895,50680.0,1.6372549019607843
776.9992229999999,4.635117493472585,4.140743040755084,50556.0,1.6323529411764706
777.1992227999999,5.373234024945321,1.9680018268165642,50751.0,1.6372549019607843
777.3992225999999,4.841624666469019,1.6094713462380252,50595.0,1.6323529411764706
777.5992223999999,9.215060881426652,7.008775366712402,49851.0,1.6127450980392157
777.7992221999999,6.562116013723769,2.4296260582673543,50132.0,1.6127450980392157
777.9992219999999,,4.7776127319520505,50045.0,1.6097560975609757
778.1992217999999,,8.712588797251595,49725.0,1.588235294117647
778.3992215999999,9.442895727776355,9.50215422378121,50723.0,1.5833333333333333
778.5992213999999,7.812070510905288,7.191435915421135,50205.0,1.5833333333333333
778.7992211999999,5.318765963437444,5.838904732845911,49723.0,1.5784313725490196
778.9992209999999,11.241148306107668,9.105201700439626,49708.0,1.5833333333333333
779.1992207999999,6.12445883147317,5.4153524706027945,50354.0,1.5833333333333333
779.3992205999999,6.809253713583087,0.4634459081742343,50423.0,1.5833333333333333
779.5992203999999,5.88632432754816,2.4791646175229913,50301.0,1.5833333333333333
779.7992201999999,10.883649317715252,6.2191898508471235,49686.0,1.5784313725490196
779.9992199999999,5.854078379141946,1.5768316759401149,49554.0,1.5833333333333333
780.1992197999999,7.467573850655337,7.761904078674639,49898.0,1.588235294117647
780.3992195999999,4.896587507483536,1.1806534868460505,50110.0,1.5980392156862746
780.5992193999999,6.7503232323232325,5.815436749299545,49500.0,1.5931372549019607
780.7992191999999,5.979256470969178,3.4572205845614508,49413.0,1.5931372549019607
780.9992189999999,4.590123855898814,1.168171290714116,49493.0,1.5980392156862746
781.1992187999999,13.019749159503151,13.818759297263965,49673.0,1.6029411764705883
781.3992185999999,6.814958117271639,6.825078771011008,50140.0,1.607843137254902
781.5992183999999,13.996873033729289,40.669034551869494,52447.0,1.6813725490196079
781.7992181999999,5.178940556179454,3.3337992185383865,52537.0,1.6862745098039216
781.9992179999999,9.111684358993394,17.29129282580265,53884.0,1.7254901960784315
782.1992177999999,12.794133127478156,48.49688449750763,56998.0,1.8088235294117647
782.3992175999999,8.460202630026716,13.684221208316043,57642.0,1.8529411764705883
782.5992173999999,,18.172193124764622,57649.0,1.8269230769230769
782.7992171999999,,15.692748409549603,55869.0,1.8431372549019607
782.9992169999999,5.94144966297414,7.185328496741705,55337.0,1.8186274509803921
783.1992167999999,8.66969927674153,46.990152975258425,52540.0,1.7156862745098038
783.3992165999999,7.746986298684752,23.85654731133405,51017.0,1.7058823529411764
783.5992163999999,5.376977995110025,1.5840738863986588,51125.0,1.7156862745098038
783.7992161999999,13.021375464684015,11.245543353136963,49496.0,1.7058823529411764
783.9992159999999,,5.7202219540923736,49516.0,1.697560975609756
784.1992157999999,,12.008178961492822,49757.0,1.7058823529411764
784.3992155999999,8.503484839459105,5.256169466032026,50361.0,1.7107843137254901
784.5992153999999,7.787660893055777,9.865760444723989,50344.0,1.7205882352941178
784.7992151999999,7.905355788801533,10.435741943743013,50114.0,1.7009803921568627
784.9992149999999,6.895751738470146,7.398730926352098,50044.0,1.6813725490196079
785.1992147999999,,15.333188658325321,51732.0,1.6780487804878048
785.3992145999999,7.1723467745101885,11.263254199832916,50938.0,1.6195121951219513
785.5992143999999,,4.170077887643527,50277.0,1.6274509803921569
785.7992141999999,7.947722440300948,18.524809417780315,48912.0,1.6029411764705883
785.9992139999999,10.498889044578338,9.173231841058335,49957.0,1.5980392156862746
786.1992137999999,,6.502231512615141,50164.0,1.6146341463414635
786.3992135999999,,33.733601767729695,48222.0,1.5343137254901962
786.5992133999999,6.977333582414845,6.561410830266736,48177.0,1.5294117647058822
786.7992131999999,7.113431647743935,6.0311530721338436,47738.0,1.5147058823529411
786.9992129999999,8.759242182915584,6.594371351220568,47716.0,1.5147058823529411
787.1992127999999,11.937046872365537,11.62036877650807,47448.0,1.5980392156862746
787.3992125999999,8.358560794044665,10.580763620030954,47554.0,1.6372549019607843
787.5992123999999,5.6705835945772005,7.3185593267395275,48167.0,1.6519607843137254
787.7992121999999,,11.097509075988132,48402.0,1.6634146341463414
787.9992119999999,,90.81114683502577,52722.0,1.9166666666666667
788.1992118,4.79493900024513,6.2535037581992166,53033.0,1.9166666666666667
788.3992116,4.423635746094045,3.442080430727008,52996.0,1.9068627450980393
788.5992114,4.053468780037317,1.7654066866354508,53059.0,1.9068627450980393
788.7992112,4.5808845804301725,1.4488123263049335,52816.0,1.9166666666666667
788.999211,7.138416707139388,24.98853370415626,51475.0,1.946078431372549
789.1992108,6.690705128205129,28.193246392609034,49920.0,1.8823529411764706
789.3992106,5.195732727707387,3.200862644780884,50196.0,1.8186274509803921
789.5992104,5.758398983985871,3.588156152291591,50393.0,1.8627450980392157
789.7992102,5.558747520884668,8.302452045585884,49917.0,1.838235294117647
789.99921,6.794583775835307,19.3108345555504,48964.0,1.7598039215686274
790.1992098,7.7030485432917715,13.873185987264893,48843.0,1.6862745098039216
790.3992096,10.336599735481544,14.249813203520159,49902.0,1.6176470588235294
790.5992094,15.001714601769912,58.88972619185586,54240.0,1.6274509803921569
790.7992092,8.565242797872962,50.683615950721006,51339.0,1.5490196078431373
790.999209,10.17228001006627,65.00844636960043,47684.0,1.4901960784313726
791.1992088,7.595097478884867,8.4381178135016,47241.0,1.4362745098039216
791.3992086,11.95572265748073,9.884973776393183,47609.0,1.4607843137254901
791.5992084,8.191813973063972,1.3764508529162531,47520.0,1.4754901960784315
791.7992082,10.65396485482144,6.193827692500209,47631.0,1.4901960784313726
791.999208,10.17878072431384,7.856671780640656,47438.0,1.5147058823529411
792.1992078,11.098660066569941,5.804591773331493,46868.0,1.5196078431372548
792.3992076,19.518596223536143,4.315236765171423,47187.0,1.5196078431372548
792.5992074,21.806963171664318,21.067391362583596,49690.0,1.5196078431372548
792.7992072,29.08382151552039,46.93923636032475,52576.0,1.4509803921568627
792.999207,8.233477039147003,11.287047865470534,51958.0,1.4068627450980393
793.1992068,7.5998632678972555,16.724646538028047,51195.0,1.3676470588235294
793.3992066,4.341401099972695,1.1885621349893185,51274.0,1.3627450980392157
793.5992064,7.117119705764036,12.55565752299453,52203.0,1.3872549019607843
793.7992062,,11.575275678192098,53216.0,1.5384615384615385
793.999206,,15.473568627676187,52498.0,1.3970588235294117
794.1992058,,3.6624770800448587,52909.0,1.3853658536585365
794.3992056,,30.997400173075363,54907.0,1.4019607843137254
794.5992054,4.2917340798778385,2.599202390871513,55009.0,1.4019607843137254
794.7992052,8.681501758456909,2.581427372559139,55162.0,1.4313725490196079
794.999205,14.835115271962769,16.39236478380778,55651.0,1.4264705882352942
795.1992048,15.145591832393917,106.08748609697932,47015.0,1.4509803921568627
795.3992046,7.890164956878938,8.81705994098802,46497.0,1.446078431372549
795.5992044,6.577980071878968,2.0446492631747692,46467.0,1.4509803921568627
795.7992042,,12.88832925190516,46722.0,1.4536585365853658
795.999204,,8.901864834749658,46549.0,1.4509803921568627
796.1992038,5.461815995189417,3.4470476000173607,46564.0,1.4509803921568627
796.3992036,,3.560368683218622,46966.0,1.4634146341463414
796.5992034,,2.8622023494436006,46246.0,1.4558823529411764
796.7992032,13.660644003507555,43.69513250709923,49037.0,1.5098039215686274
796.999203,6.186885110937307,6.0423182470581,48586.0,1.5098039215686274
797.1992028,16.390555531575085,16.604089960491727,46334.0,1.5098039215686274
797.3992026,6.786534278145125,0.6579251468746866,46429.0,1.5098039215686274
797.5992024,5.24663552202983,1.0200011670099856,46664.0,1.5098039215686274
797.7992022,13.773735064935066,12.052890657917345,48125.0,1.5147058823529411
797.999202,7.753416110313846,2.7777249584746597,48081.0,1.5294117647058822
798.1992018,6.409086104475403,6.229632271473826,47303.0,1.5196078431372548
798.3992016,5.419065556578131,7.834758576323948,46723.0,1.5196078431372548
798.5992014,12.290768674339935,6.067918296926002,47003.0,1.4901960784313726
798.7992012,10.477578286340457,4.724085885791057,47454.0,1.4754901960784315
798.999201,7.828207035816771,9.151784356841775,47045.0,1.4754901960784315
799.1992008,5.410980492375841,1.3793031373683964,46956.0,1.4803921568627452
799.3992006,5.534210020707469,1.2200270011475522,46843.0,1.4803921568627452
799.5992004,5.070425249453985,0.6755569531198805,46702.0,1.4803921568627452
799.7992002,7.225261481062273,14.471945229993434,47709.0,1.5294117647058822
799.9992,8.008299188895393,6.565693989548378,47836.0,1.5490196078431373
800.1991998,10.975798994974875,37.456541175690184,49750.0,1.642156862745098
800.3991996,13.69467382328654,55.59517031856179,53284.0,1.7549019607843137
800.5991994,7.570989105729289,30.788989342283177,51036.0,1.7107843137254901
800.7991992,10.081088249782123,43.08406828003865,52782.0,1.8774509803921569
800.999199,6.383947857061655,0.4095094310790194,52778.0,1.8725490196078431
801.1991988,5.322720995781548,1.9113155877828503,52863.0,1.8823529411764706
801.3991986,19.959558953041885,84.74753065253083,56774.0,2.019607843137255
801.5991984,20.164936859355418,68.65034396928851,62242.0,2.0441176470588234
801.7991982,24.230871366872883,64.93336291087412,68536.0,2.014705882352941
801.999198,17.08794382199779,113.33750385577505,63370.0,1.7549019607843137
802.1991978,,14.818105126397821,64497.0,1.7241379310344827
802.3991976,,5.2450982019491414,64286.0,1.6862745098039216
802.5991974,10.169896177216401,22.601949028654687,62703.0,1.6666666666666667
802.7991972,11.360388097457063,20.5449459029905,60088.0,1.661764705882353
802.999197,12.469988340203308,14.83097611064245,60893.0,1.5784313725490196
803.1991968,,14.606963634720744,62960.0,1.7836538461538463
803.3991966,,34.99855639506435,60134.0,1.5098039215686274
803.5991964,8.840842547621508,26.505251906547347,58062.0,1.4607843137254901
803.7991962,21.403304899008216,60.80007817432964,63421.0,1.6666666666666667
803.999196,18.101227614893343,101.4512721743494,54333.0,1.6764705882352942
804.1991958,11.396228276093346,39.03465650692937,50693.0,1.661764705882353
804.3991956,10.785561184723305,23.894571224080288,51320.0,1.7892156862745099
804.5991954,15.89572284467935,69.64860648193172,55247.0,1.892156862745098
804.7991952,8.050280679579167,13.07535612044779,53798.0,1.8676470588235294
804.999195,9.040856321624547,27.249552475344984,53578.0,1.803921568627451
805.1991948,7.343286215617464,35.82328318657501,51007.0,1.7598039215686274
805.3991946,6.231622719607542,15.774581975214426,52184.0,1.7990196078431373
805.5991944,5.506875928536056,8.155266291325372,52502.0,1.857843137254902
805.7991942,,21.561801975466786,54481.0,1.8125
805.999194,,13.480744217438382,53212.0,1.8431372549019607
806.1991938,3.8247256051721545,0.7920586399744785,53208.0,1.8431372549019607
806.3991936,3.929363898359359,0.4905542107628925,53089.0,1.838235294117647
806.5991934,3.9628070569306466,2.556690939088753,53451.0,1.838235294117647
806.7991932,,22.291533471486495,53306.0,1.6195121951219513
806.999193,,120.62388268220234,45307.0,1.446078431372549
807.1991928,22.188167197420338,67.86376285072589,49929.0,1.4950980392156863
807.3991926,18.292774093841537,61.19164261521367,55647.0,1.6764705882352942
807.5991924,23.1108166036748,62.70322578692465,61119.0,1.588235294117647
807.7991922,8.726457620426428,13.570715103688553,60784.0,1.5196078431372548
807.999192,9.058860403439684,18.759424042247655,62215.0,1.5588235294117647
808.1991918,21.20609750486911,61.922972723034896,65207.0,1.7450980392156863
808.3991916,16.105637736257005,76.82147335102938,55501.0,1.8431372549019607
808.5991914,7.069350473612991,6.026940151302823,56164.0,1.8627450980392157
808.7991912,15.956544376057568,17.96165799643834,53779.0,1.8137254901960784
808.999191,15.498640314238488,17.946581127900384,56263.0,1.857843137254902
809.1991908,6.670321260122809,4.012221036117513,56185.0,1.8627450980392157
809.3991906,8.229257996427991,4.338259039622556,55431.0,1.8529411764705883
809.5991904,,22.545449077324683,54434.0,1.8173076923076923
809.7991902,3.649099215267288,0.9522771969503319,54286.0,1.8125
809.99919,,13.491102021819941,53168.0,1.8480392156862746
810.1991898,3.7523848869526026,0.4669587740564076,53252.0,1.8480392156862746
810.3991896,,12.600595179931785,54525.0,1.8173076923076923
810.5991894,,22.07326799348072,55386.0,1.8284313725490196
810.7991892,11.018078175895765,1.3771127394472695,55260.0,1.8333333333333333
810.999189,10.827886111874028,25.52121138215602,54615.0,1.803921568627451
811.1991888,5.52973964063073,4.746897853568166,54540.0,1.7941176470588236
811.3991886,5.7265319979629945,21.14007266928281,53019.0,1.7450980392156863
811.5991884,7.747224577904556,22.827040475949193,51884.0,1.6911764705882353
811.7991882,7.630446683833816,42.97182495124283,49319.0,1.6176470588235294
811.999188,8.644415004053547,7.900778736239427,50573.0,1.6274509803921569
812.1991878,5.428088350273652,5.380876214674878,51160.0,1.6225490196078431
812.3991876,5.468520211455146,6.408022664840778,50318.0,1.6225490196078431
812.5991874,7.915712737661314,14.550197043503335,50755.0,1.6519607843137254
812.7991872,13.751005532790755,31.82021127276114,52957.0,1.6666666666666667
812.999187,,40.94697917351733,56356.0,1.5414634146341464
813.1991868,,37.95144892077404,56329.0,1.411764705882353
813.3991866,6.161392003768047,14.818709799245406,55201.0,1.3872549019607843
813.5991864,6.4793293892652235,9.4626481475553,55949.0,1.4019607843137254
813.7991862,22.886977096042106,90.85732217571905,62129.0,1.642156862745098
813.999186,28.711302976976096,87.66538943115702,54552.0,1.8235294117647058
814.1991858,9.547022181707687,46.97675896627868,52656.0,1.7745098039215685
814.3991856,5.520866187161045,11.358197602099626,51998.0,1.7598039215686274
814.5991854,6.470641038150063,11.446824311721366,51245.0,1.7450980392156863
814.7991852,11.96589228551639,29.43641313094344,53419.0,1.7696078431372548
814.999185,11.17650834403081,29.127600952871056,56088.0,1.8137254901960784
815.1991848,9.838052927080964,18.29017904673692,57173.0,1.8284313725490196
815.3991846,9.391401161603978,61.44870787566603,53891.0,1.7303921568627452
815.5991844,15.554344779257184,33.81591637602741,57080.0,1.7107843137254901
815.7991842,21.686121752567363,70.21831197041844,62126.0,1.607843137254902
815.999184,13.922078929807409,34.45827617090996,64437.0,1.7696078431372548
816.1991838,7.223952614404355,2.6987768466756306,64661.0,1.6862745098039216
816.3991836,7.3241824206431785,27.5079714866452,62471.0,1.6715686274509804
816.5991834,21.814808353251102,91.0696101904582,57319.0,1.8676470588235294
816.7991832,8.375598302176465,40.5065477365597,55365.0,1.838235294117647
816.9991829999999,6.834003520800519,25.820236130251686,53965.0,1.803921568627451
817.1991827999999,6.513252694745951,13.126406457541732,53159.0,1.7892156862745099
817.3991825999999,,4.352892022314343,53152.0,1.775609756097561
817.5991823999999,,5.815459128016927,53316.0,1.7843137254901962
817.7991821999999,5.820362707145446,15.065770171897869,52439.0,1.7450980392156863
817.9991819999999,4.71232510130744,1.4374805232341128,52316.0,1.7598039215686274
818.1991817999999,5.083735092616087,11.204477669982747,51233.0,1.7401960784313726
818.3991815999999,8.140209776525381,2.7214998189892965,51102.0,1.7254901960784315
818.5991813999999,15.085668133459588,65.2652971679004,53859.0,1.8872549019607843
818.7991811999999,7.031756969601512,54.72277435068818,50792.0,1.7254901960784315
818.9991809999999,6.0820212595907925,6.423852491626577,50048.0,1.7892156862745099
819.1991807999999,,75.64108084986697,55188.0,1.9278846153846154
819.3991805999999,,19.229804759975657,53260.0,1.9068627450980393
819.5991803999999,,14.867334184481331,53630.0,1.8798076923076923
819.7991801999999,10.139742893355061,27.44662241392463,55230.0,1.9230769230769231
819.9991799999999,,112.617818059077,62454.0,1.9705882352941178
820.1991797999999,25.093577158080677,77.90405484667836,69066.0,1.9656862745098038
820.3991795999999,15.631520834908871,72.3766850858911,66115.0,1.75
820.5991793999999,7.8431037048058325,11.245119921333519,67210.0,1.7696078431372548
820.7991791999999,11.994256569140385,23.940066988152683,68426.0,1.857843137254902
820.9991789999999,9.095114921291849,17.510488340201935,67655.0,1.7990196078431373
821.1991787999999,9.715760652558325,30.834733190109098,70124.0,1.838235294117647
821.3991785999999,8.342241465827467,5.243278074847475,69749.0,1.838235294117647
821.5991783999999,7.682443802045131,10.939284342846959,69531.0,1.7990196078431373
821.7991781999999,,50.29136397620547,65555.0,1.721951219512195
821.9991779999999,,77.16755046805099,62478.0,1.9362745098039216
822.1991777999999,8.786551312263938,9.056319499084877,61954.0,1.9705882352941178
822.3991775999999,10.159320204013254,122.52113528188639,53722.0,1.857843137254902
822.5991773999999,6.03817720401633,14.971410899992572,54378.0,1.892156862745098
822.7991771999999,,9.121783706625296,53760.0,1.955223880597015
822.9991769999999,5.101167387390731,0.7532345116555977,53881.0,1.9751243781094527
823.1991767999999,,7.481602953148104,54414.0,1.8480392156862746
823.3991765999999,6.626530650869656,31.282897338029258,52837.0,1.838235294117647
823.5991763999999,5.782824207492795,10.159587978029977,52050.0,1.7843137254901962
823.7991761999999,5.547883400682648,10.854422475445642,50978.0,1.7647058823529411
823.9991759999999,5.236908841008963,5.723327656301591,51657.0,1.8137254901960784
824.1991757999999,16.213585334659655,83.7456142003574,56296.0,1.9313725490196079
824.3991755999999,,113.87336817193196,50488.0,1.5951219512195123
824.5991753999999,,9.078852385637328,50301.0,1.6176470588235294
824.7991751999999,4.7815910768801,2.8627020454077785,50117.0,1.607843137254902
824.9991749999999,4.141646152624474,2.5725719966036045,50372.0,1.607843137254902
825.1991747999999,4.135608136488189,3.3559336540645885,49997.0,1.607843137254902
825.3991745999999,9.324305060584463,22.904204817139405,51911.0,1.6519607843137254
825.5991743999999,12.546554969879518,10.09041095492508,53120.0,1.642156862745098
825.7991741999999,10.443787646376595,17.054562005076907,53458.0,1.7058823529411764
825.9991739999999,8.353616206065894,6.161176255577923,52721.0,1.75
826.1991737999999,6.463774277707991,13.426115270576206,51745.0,1.7303921568627452
826.3991735999999,7.24857548472414,9.46884202179074,51421.0,1.6666666666666667
826.5991733999999,14.844816746181442,32.92933660827295,54078.0,1.6323529411764706
826.7991731999999,20.721246136326663,68.71345803550822,61470.0,1.6372549019607843
826.9991729999999,27.02985022212077,48.0667863474254,56951.0,1.5931372549019607
827.1991727999999,,23.552989137548956,55892.0,1.497560975609756
827.3991725999999,,10.371978390410023,55315.0,1.4803921568627452
827.5991723999999,,43.20321741715784,52140.0,1.604878048780488
827.7991721999999,,36.35521206351608,55263.0,1.8076923076923077
827.9991719999999,,92.12524063817983,61837.0,1.6519607843137254
828.1991717999999,27.768878030445403,81.92556693587763,53210.0,1.7156862745098038
828.3991715999999,10.458679135008767,33.374597317915196,51330.0,1.696078431372549
828.5991713999999,8.77467351541917,9.444972701944987,52759.0,1.7156862745098038
828.7991711999999,6.138044876101269,6.026059649909711,52099.0,1.7107843137254901
828.9991709999999,4.531793566658375,2.0903983697919655,52259.0,1.7058823529411764
829.1991707999999,4.1993672099712365,1.1197527779164291,52150.0,1.7058823529411764
829.3991705999999,5.502411131230344,3.7300581851468477,52465.0,1.7058823529411764
829.5991703999999,14.111049107142858,20.64889039354146,51968.0,1.7107843137254901
829.7991701999999,,15.279505695897008,52186.0,1.6442307692307692
829.9991699999999,,31.81295526375891,53130.0,1.7843137254901962
830.1991697999999,13.019090244793569,10.536624326311422,54740.0,1.8186274509803921
830.3991695999999,8.322602109712898,53.69080054638352,51097.0,1.9803921568627452
830.5991693999999,15.130479669631512,21.93916080766401,50368.0,1.892156862745098
830.7991691999999,13.387860296327116,118.40478593570222,43263.0,1.3529411764705883
830.9991689999999,9.656727062022242,19.6392138942376,44871.0,1.4166666666666667
831.1991687999999,8.62555247421787,25.516270339133296,46156.0,1.4803921568627452
831.3991685999999,6.584352548751283,10.430658408841184,46768.0,1.4950980392156863
831.5991683999999,5.133447979363715,3.746956108634684,46520.0,1.5
831.7991681999999,4.256544727679147,1.1324188791859087,46526.0,1.5
831.9991679999999,4.145600858369098,0.8120936861372489,46600.0,1.4950980392156863
832.1991677999999,3.8747588631199896,1.7704230884965761,46654.0,1.5
832.3991675999999,4.350654374315003,1.8332818229785126,46533.0,1.5
832.5991673999999,,26.17877150454677,44685.0,1.4390243902439024
832.7991671999999,,6.828683774458249,44627.0,1.4509803921568627
832.9991669999999,4.288188624427311,5.7904017778982455,44745.0,1.4754901960784315
833.1991668,5.075839315172321,4.549587859992224,44858.0,1.5098039215686274
833.3991666,4.593682730747266,9.23789550569698,45526.0,1.5343137254901962
833.5991664,3.846784587351673,4.547181207421471,45002.0,1.5245098039215685
833.7991662,3.6615183767397608,1.9423988876176943,45193.0,1.5196078431372548
833.999166,3.7331393282388485,1.3875074931334275,45016.0,1.5196078431372548
834.1991658,3.70525334989795,1.198513834571881,45076.0,1.5098039215686274
834.3991656,3.726280287565457,0.6027538484043314,45068.0,1.5147058823529411
834.5991654,6.442623688830865,9.253819137131748,44426.0,1.4705882352941178
834.7991652,6.430882555417871,15.463268628077394,43578.0,1.4068627450980393
834.999165,6.263847994111152,0.6918360713254181,43472.0,1.4264705882352942
835.1991648,4.803884339113328,6.683582496244172,43714.0,1.4558823529411764
835.3991646,6.865926693083574,9.808369096720492,44416.0,1.4558823529411764
835.5991644,,12.057415931500023,44552.0,1.4048780487804877
835.7991642,,20.008902333765448,43017.0,1.3774509803921569
835.999164,5.975134859815248,5.0357020187338355,43193.0,1.3529411764705883
836.1991638,5.199446239040148,3.175039378189759,43340.0,1.357843137254902
836.3991636,,5.142962232835479,44433.0,1.395121951219512
836.5991634,4.3762541806020065,2.856067441800104,44252.0,1.3804878048780487
836.7991632,,6.038278176088955,44290.0,1.3774509803921569
836.999163,3.888700766351809,4.8269695114283,44888.0,1.3823529411764706
837.1991628,4.797530699115241,1.9979568949008821,44871.0,1.3774509803921569
837.3991626,8.13768131700846,14.938254459173436,45983.0,1.4264705882352942
837.5991624,5.434851069413463,6.7232375155105615,45726.0,1.4068627450980393
837.7991622,4.625390264280375,4.362983050985689,45482.0,1.4068627450980393
837.999162,3.7490606904477746,2.1920076203689076,45246.0,1.4068627450980393
838.1991618,3.8674246581356044,2.915440571983629,45559.0,1.4068627450980393
838.3991616,3.93874842391665,3.4074101601267817,45207.0,1.4068627450980393
838.5991614,3.861548960901726,2.069824522574781,45424.0,1.4068627450980393
838.7991612,4.07550097535024,3.0973563608276065,45112.0,1.4019607843137254
838.999161,5.028643395301145,1.1890682519384415,44862.0,1.3774509803921569
839.1991608,5.695140687414951,9.607905210986058,45562.0,1.392156862745098
839.3991606,,5.850447498774602,46014.0,1.424390243902439
839.5991604,,2.2603523276201045,45741.0,1.411764705882353
839.7991602,7.156785538502842,10.35939354716183,44698.0,1.3823529411764706
839.99916,14.11321817076192,11.122859456421436,44401.0,1.3431372549019607
840.1991598,4.993303064699205,4.897984119606404,44050.0,1.3872549019607843
840.3991596,9.45195477018861,15.08525863583395,43688.0,1.5490196078431373
840.5991594,8.913862391803569,26.155781494309664,45288.0,1.5588235294117647
840.7991592,8.011000523834468,19.647046787615597,43907.0,1.5049019607843137
840.999159,11.238782223560017,44.80090797312088,46511.0,1.6715686274509804
841.1991588,,121.01505691301959,52556.0,1.9950248756218905
841.3991586,,68.95926909264743,59065.0,2.014705882352941
841.5991584,6.595302885865326,19.740763425428792,57695.0,1.9656862745098038
841.7991582,,84.15433925836473,53635.0,1.8413461538461537
841.999158,,22.18474725095671,51292.0,1.8676470588235294
842.1991578,4.744185140452721,2.768960748958615,51334.0,1.8872549019607843
842.3991576,8.461806946272244,10.313421197996442,52431.0,1.7205882352941178
842.5991574,6.872701199542663,14.14398255686624,51603.0,1.7058823529411764
842.7991572,8.676916506512919,9.8334047422979,51513.0,1.6715686274509804
842.999157,10.674142801025084,31.435031602524393,53459.0,1.7156862745098038
843.1991568,9.045764922510358,39.0462762143838,52136.0,1.607843137254902
843.3991566,,37.98246860718616,54751.0,1.6195121951219513
843.5991564,,24.21398966017118,55850.0,1.7696078431372548
843.7991562,5.6440269662921345,1.5165063315997298,55625.0,1.7745098039215685
843.999156,,4.1772065555191595,55201.0,1.7733990147783252
844.1991558,,4.238776127425105,55963.0,1.7598039215686274
844.3991556,18.445795571871056,52.21928876495023,61019.0,1.75
844.5991554,18.665258445386762,36.50551271705955,63437.0,1.696078431372549
844.7991552,10.619452703884498,24.608038308872946,62891.0,1.6225490196078431
844.999155,9.445569826044546,19.707587071158464,61510.0,1.6176470588235294
845.1991548,7.309649574851842,13.270316492645906,62096.0,1.642156862745098
845.3991546,12.684830409178751,33.10022595453482,65717.0,1.7107843137254901
845.5991544,20.1908569924856,34.64874744003437,68402.0,1.803921568627451
845.7991542,17.41595367729669,93.52206550252114,57855.0,1.8088235294117647
845.999154,9.354563621955002,1.784953892432488,58046.0,1.8284313725490196
846.1991538,7.403712378704894,17.26831132892072,56783.0,1.8137254901960784
846.3991536,5.127558999771557,6.105089374973608,56907.0,1.8088235294117647
846.5991534,4.336645462033191,1.0982265597534329,57063.0,1.8088235294117647
846.7991532,4.339195582209247,2.324357241766749,56861.0,1.803921568627451
846.999153,4.3667717117656375,1.7701766479605237,56801.0,1.803921568627451
847.1991528,4.391647895255526,1.924734743624924,56824.0,1.803921568627451
847.3991526,4.737582898264428,1.9860153944723082,56696.0,1.803921568627451
847.5991524,4.320024656569214,0.9309602178911218,56780.0,1.803921568627451
847.7991522,4.77672688629118,3.7571155204439344,56460.0,1.803921568627451
847.999152,4.272394848875621,1.663658878179714,56609.0,1.803921568627451
848.1991518,4.256532694306909,1.5383526612858331,56753.0,1.803921568627451
848.3991516,4.21277532264028,0.21069840898364844,56797.0,1.803921568627451
848.5991514,10.961451712118105,36.33505255564709,58524.0,1.8431372549019607
848.7991512,7.9437822329997605,2.6040016267013746,58558.0,1.8431372549019607
848.999151,6.712949420048301,1.5899917190663555,58798.0,1.8480392156862746
849.1991508,10.121562396326238,20.524962544002772,57271.0,1.8333333333333333
849.3991506,,14.976577507517616,58090.0,1.8173076923076923
849.5991504,,10.16740980494789,56648.0,1.8480392156862746
849.7991502,14.245641060364965,46.1094471638994,59074.0,1.9019607843137254
849.99915,7.276316712251911,23.339545608183,57036.0,1.8970588235294117
850.1991498,9.425605413105414,9.648786442000619,56160.0,1.8627450980392157
850.3991496,20.67354171096463,6.107486977280751,56436.0,2.053921568627451
850.5991494,,134.57080115978005,46723.0,1.5771144278606966
850.7991492,,28.532091429445476,49094.0,1.6029411764705883
850.999149,10.687743247736208,11.883833975710873,51131.0,1.6470588235294117
851.1991488,6.100111212213123,23.50090400342079,49455.0,1.6029411764705883
851.3991486,5.540867524480052,9.177369522581424,49428.0,1.588235294117647
851.5991484,5.926545075560187,21.482802336813346,47975.0,1.5588235294117647
851.7991482,5.603143002372077,9.523297425263639,47216.0,1.553921568627451
851.999148,5.8249412061145645,3.5894632966910143,47624.0,1.5686274509803921
852.1991478,4.820712925395379,5.74187040642879,48308.0,1.5735294117647058
852.3991476,4.220256966460871,3.0372329203997257,47944.0,1.5686274509803921
852.5991474,4.168493917224514,2.0406843348323753,48251.0,1.5735294117647058
852.7991472,4.183692635181668,3.7473209083308197,47917.0,1.5735294117647058
852.999147,3.9138415433601796,1.7328264475907662,48051.0,1.5784313725490196
853.1991468,4.024183292680385,1.7412649693962903,47967.0,1.5833333333333333
853.3991466,3.987014894063352,2.982316997625405,47670.0,1.5686274509803921
853.5991464,13.96666169927405,6.566860306979249,46973.0,1.5098039215686274
853.7991462,,41.65134931859281,44442.0,1.4292682926829268
853.999146,,6.120272274390899,44549.0,1.4362745098039216
854.1991458,7.130923677173294,16.763009395803344,45622.0,1.4509803921568627
854.3991456,11.643603596086857,24.75934340271082,47941.0,1.4068627450980393
854.5991454,8.337504292582418,11.578705624526272,46592.0,1.4166666666666667
854.7991452,8.134201312910285,7.852777620110129,45700.0,1.4313725490196079
854.999145,4.7997381627754745,3.485384637829946,45830.0,1.4215686274509804
855.1991448,4.606837042417839,5.463764137546995,45429.0,1.411764705882353
855.3991446,,3.587036030996467,45910.0,1.4195121951219511
855.5991444,,6.7610419919501945,45277.0,1.4215686274509804
855.7991442,4.8582377176272535,5.184719491464845,45146.0,1.4362745098039216
855.999144,13.690021624961384,49.50905634046389,48555.0,1.5343137254901962
856.1991438,5.7519585984003925,4.5449964818462885,48887.0,1.5343137254901962
856.3991436,4.667325562438865,2.3246690888192694,49072.0,1.5441176470588236
856.5991434,4.108072225172597,1.223512318923781,48958.0,1.5441176470588236
856.7991432,3.875953769049811,1.073999732071895,48885.0,1.5441176470588236
856.999143,3.930835912043773,1.5056841852231884,48797.0,1.5441176470588236
857.1991428,4.080311360968679,2.47557987310055,48561.0,1.5392156862745099
857.3991426,,56.761817229675465,51944.0,1.6
857.5991424,,4.3613367646741645,51632.0,1.6715686274509804
857.7991422,5.626497327246478,3.8318350142470905,51258.0,1.6862745098039216
857.999142,4.287731322823852,3.8063737010611405,51065.0,1.6813725490196079
858.1991418,4.087847215434838,0.7179777140796209,51157.0,1.6862745098039216
858.3991416,3.96512289374056,2.1108204300811972,50979.0,1.6862745098039216
858.5991414,5.602399131816596,10.709364637848289,51602.0,1.7107843137254901
858.7991412,17.763956043956043,65.05884098739227,47775.0,1.7990196078431373
858.999141,,15.21805287049944,48355.0,1.9759615384615385
859.1991408,,38.19764782141527,46297.0,1.4803921568627452
859.3991406,6.945799104620333,7.420375361579516,46014.0,1.4656862745098038
859.5991404,4.941402307928568,4.8006483862326235,45582.0,1.4558823529411764
859.7991402,4.144989621516584,2.50213915858199,45286.0,1.4558823529411764
859.99914,4.558372174830709,1.6196005287289255,45484.0,1.4558823529411764
860.1991398,7.3391789732770745,0.15964468558949838,45504.0,1.4558823529411764
860.3991396,6.353904282115869,5.7931375669988565,45258.0,1.4313725490196079
860.5991394,14.208623876333697,27.70564352692144,47612.0,1.4068627450980393
860.7991392,15.793972131265088,76.72208735625803,41839.0,1.3186274509803921
860.9991389999999,8.011282124364639,4.332949912086248,42102.0,1.3480392156862746
861.1991387999999,8.503058603782396,14.088116355473515,42830.0,1.411764705882353
861.3991385999999,4.680013119977509,2.501829865355047,42683.0,1.4215686274509804
861.5991383999999,4.26955074875208,5.682705765616296,43272.0,1.4264705882352942
861.7991381999999,4.085089518836255,3.601251034960737,42896.0,1.4215686274509804
861.9991379999999,4.281913520869014,2.4255742622201066,42623.0,1.4166666666666667
862.1991377999999,6.247410058391411,7.517428265575367,42472.0,1.3872549019607843
862.3991375999999,5.500481978698892,3.1378884490929737,42533.0,1.4068627450980393
862.5991373999999,4.307870261083046,1.7308632893076528,42362.0,1.411764705882353
862.7991371999999,,4.906481138762595,42417.0,1.4048780487804877
862.9991369999999,,33.077522176055666,44041.0,1.5245098039215685
863.1991367999999,9.086667713920244,15.03255674356856,44561.0,1.588235294117647
863.3991365999999,10.978665427430768,49.1977365107819,47341.0,1.6862745098039216
863.5991363999999,7.6736390052132295,13.496027479380322,46804.0,1.6568627450980393
863.7991361999999,7.134461498097862,16.89196124911683,45738.0,1.6274509803921569
863.9991359999999,5.363362452040838,6.477869822410936,46133.0,1.6568627450980393
864.1991357999999,3.9600532042476178,3.399147491773441,45861.0,1.6568627450980393
864.3991355999999,4.039403995340966,2.941405365176828,45503.0,1.6519607843137254
864.5991353999999,3.811950675587039,1.2002845220824772,45738.0,1.6470588235294117
864.7991351999999,,2.753387626588441,46021.0,1.6390243902439023
864.9991349999999,,3.6392138645821888,45716.0,1.6470588235294117
865.1991347999999,,3.9140915522804596,45926.0,1.6390243902439023
865.3991345999999,,24.69788436258859,44571.0,1.4950980392156863
865.5991343999999,,30.496899596697677,43094.0,1.4341463414634146
865.7991341999999,,3.703124675828224,43004.0,1.446078431372549
865.9991339999999,14.202069289857345,16.665859145127964,44653.0,1.3970588235294117
866.1991337999999,10.178032698039924,4.448060296919559,44284.0,1.4656862745098038
866.3991335999999,8.591157980125734,0.10900342711171293,44379.0,1.4901960784313726
866.5991333999999,,6.75703704611839,44530.0,1.497560975609756
866.7991331999999,,5.321077203130073,44081.0,1.4950980392156863
866.9991329999999,4.868389888408108,2.6672830435951544,43910.0,1.4901960784313726
867.1991327999999,4.632814108282441,3.497823674541475,43719.0,1.4754901960784315
867.3991325999999,5.4047538123399725,3.686378288643269,44133.0,1.4656862745098038
867.5991323999999,4.773312713507525,7.63710331468618,43324.0,1.4607843137254901
867.7991321999999,4.189374484086948,3.8076676301743535,43612.0,1.4656862745098038
867.9991319999999,5.516629203174458,6.237798410229622,43598.0,1.4313725490196079
868.1991317999999,18.689365942781215,66.52703555351937,48166.0,1.5588235294117647
868.3991315999999,8.50771866012519,8.47470809802091,47288.0,1.6127450980392157
868.5991313999999,5.1944273104328405,2.3685586717903364,47015.0,1.6127450980392157
868.7991311999999,6.840463137396016,3.7368347925424685,47243.0,1.6274509803921569
868.9991309999999,5.491191009337108,5.248052151788859,47338.0,1.6519607843137254
869.1991307999999,4.933585049742273,6.469120158242,47143.0,1.6323529411764706
869.3991305999999,,3.8452889378083666,47230.0,1.6097560975609757
869.5991303999999,,15.893648776026055,47974.0,1.6470588235294117
869.7991301999999,4.87922928385526,2.209224899283797,47644.0,1.6568627450980393
869.9991299999999,3.953350510065146,1.4791386678380318,47739.0,1.6568627450980393
870.1991297999999,9.684732009395686,18.575102311866356,46830.0,1.5686274509803921
870.3991295999999,6.959393611261505,7.3528830090772965,46175.0,1.5833333333333333
870.5991293999999,12.992991081405034,62.63024795532671,49223.0,1.7598039215686274
870.7991291999999,8.804205644521959,39.038307968008354,50456.0,1.8333333333333333
870.9991289999999,4.242998596754748,1.4641800845422062,50597.0,1.838235294117647
871.1991287999999,4.088700677560781,4.210804414348655,50180.0,1.8431372549019607
871.3991285999999,,12.86114638471299,51143.0,1.8173076923076923
871.5991283999999,3.654895666131621,1.179114052847332,51086.0,1.8125
871.7991281999999,,16.558975277335048,50164.0,1.857843137254902
871.9991279999999,3.959900950555156,0.32635608998200055,50076.0,1.8627450980392157
872.1991277999999,7.775337263915259,2.4069389572732534,50035.0,1.8774509803921569
872.3991275999999,,26.103572993328186,50058.0,1.7836538461538463
872.5991273999999,,38.48683787874472,47403.0,1.7205882352941178
872.7991271999999,5.438600276147739,13.209550705668086,46352.0,1.696078431372549
872.9991269999999,4.125351055847358,2.4338278658311037,46645.0,1.7009803921568627
873.1991267999999,4.948116833205226,7.299237981960187,46836.0,1.7107843137254901
873.3991265999999,9.645040877550553,56.11626178216964,43667.0,1.5392156862745099
873.5991263999999,4.646636423735382,3.96847696630062,43867.0,1.5441176470588236
873.7991261999999,,3.9896194430948264,44293.0,1.5463414634146342
873.9991259999999,,5.051283012371557,44408.0,1.5490196078431373
874.1991257999999,10.884869750132909,50.51533409529096,47025.0,1.6666666666666667
874.3991255999999,9.92169639032309,69.25913805150232,44353.0,1.4166666666666667
874.5991253999999,11.083461928486399,9.74514735578748,45362.0,1.3725490196078431
874.7991251999999,,17.313168478974166,46388.0,1.424390243902439
874.9991249999999,,2.719793798637046,46094.0,1.4215686274509804
875.1991247999999,4.366586720252371,2.6571220249682654,46281.0,1.4215686274509804
875.3991245999999,,3.416825783405471,46867.0,1.4195121951219511
875.5991243999999,,15.685112843916405,44912.0,1.4558823529411764
875.7991241999999,,5.410849498852971,44980.0,1.497560975609756
875.9991239999999,,2.765339603410025,44521.0,1.5049019607843137
876.1991237999999,4.015875493322036,2.286762976318272,44849.0,1.5
876.3991235999999,,3.806730190646077,44960.0,1.4926829268292683
876.5991233999999,,3.5805009976546684,44309.0,1.5
876.7991231999999,4.065747873714209,5.256750365856077,44914.0,1.4950980392156863
876.9991229999999,13.08754747151709,3.6544631533273493,45027.0,1.4215686274509804
877.1991227999999,13.042087649064836,20.355363755427838,47211.0,1.392156862745098
877.3991225999999,9.825639102719633,26.067967504640404,45337.0,1.3627450980392157
877.5991223999999,11.341749866286326,4.667442086348538,44872.0,1.3627450980392157
877.7991221999999,14.949885439597466,14.14404883971765,44518.0,1.3774509803921569
877.9991219999999,14.920947746240063,6.244945844283438,45413.0,1.3725490196078431
878.1991218,11.269680189851961,9.931874483544803,44245.0,1.3774509803921569
878.3991216,10.101890569395017,9.289432929662203,44960.0,1.3676470588235294
878.5991214,10.199982194128514,6.136927047284892,44929.0,1.357843137254902
878.7991212,5.7358035271300345,7.746239019112802,44342.0,1.3676470588235294
878.999121,,4.1595776926617445,44409.0,1.4536585365853658
879.1991208,,5.045085595779042,44105.0,1.3627450980392157
879.3991206,4.242859725234997,1.5436290679475406,44256.0,1.3627450980392157
879.5991204,4.348028316013976,1.752156435969102,44074.0,1.3676470588235294
879.7991202,3.809685489635454,6.604455896931509,44768.0,1.357843137254902
879.99912,,5.762948255928187,44551.0,1.3853658536585365
880.1991198,,3.981183148690872,44064.0,1.357843137254902
880.3991196,3.9187563595251556,1.229588411834249,44225.0,1.3627450980392157
880.5991194,3.945508872770403,3.725627141803554,43842.0,1.3676470588235294
880.7991192,,2.481468051080618,44173.0,1.3756097560975609
880.999119,,6.007882893913393,44225.0,1.338235294117647
881.1991188,9.828281697707736,6.494803226198838,44672.0,1.3333333333333333
881.3991186,7.787510764678605,10.028496195314672,45287.0,1.357843137254902
881.5991184,9.285520854143082,3.374989622212524,45051.0,1.357843137254902
881.7991182,6.82437188168211,2.3663420061135962,44896.0,1.3774509803921569
881.999118,5.7709053598911515,2.4584021994013,44833.0,1.3774509803921569
882.1991178,4.801644215088354,2.6119001119757246,44763.0,1.3676470588235294
882.3991176,4.0126825776724,0.8199604105568098,44707.0,1.3725490196078431
882.5991174,,3.5561874663047455,44797.0,1.424390243902439
882.7991172,3.8235150709219856,2.1034242448221345,45120.0,1.424390243902439
882.999117,,3.156730280985838,44471.0,1.3676470588235294
883.1991168,4.244613036451787,0.6958156853251964,44552.0,1.3676470588235294
883.3991166,3.9295408151820364,0.3487293819124649,44579.0,1.3676470588235294
883.5991164,,2.7304399732338607,44939.0,1.3804878048780487
883.7991162,,5.552944257533912,44537.0,1.3627450980392157
883.999116,13.185221282062642,6.935531947394907,45146.0,1.3333333333333333
884.1991158,,5.030046549726751,45086.0,1.424390243902439
884.3991156,,9.767998956164767,44205.0,1.338235294117647
884.5991154,5.274991993411722,5.775944464023522,43714.0,1.3333333333333333
884.7991152,3.9755902452403262,0.18377785458900806,43753.0,1.3333333333333333
884.999115,4.1678197908286405,2.5352308521664,43505.0,1.3333333333333333
885.1991148,,2.765865051699863,44061.0,1.3707317073170733
885.3991146,,3.3575479572402935,43830.0,1.3333333333333333
885.5991144,,3.220278899114241,44197.0,1.4
885.7991142,,4.077205167954172,43747.0,1.3284313725490196
885.999114,3.989175363675809,0.685427609831327,43789.0,1.338235294117647
886.1991138,,3.767783324259225,43961.0,1.3853658536585365
886.3991136,,5.406420844413737,43897.0,1.3333333333333333
886.5991134,,5.325384309049011,44172.0,1.3853658536585365
886.7991132,,8.971827860932335,43655.0,1.3284313725490196
886.999113,9.028989160574742,0.6749684640253563,43637.0,1.2990196078431373
887.1991128,,6.168975003529921,43384.0,1.4
887.3991126,,38.43170430583803,44781.0,1.392156862745098
887.5991124,11.57592249918363,14.622141291785935,45935.0,1.4509803921568627
887.7991122,,10.823524510988465,46967.0,1.3853658536585365
887.999112,,30.837993907628192,44900.0,1.4068627450980393
888.1991118,10.934285387867018,19.804588485239563,43765.0,1.3774509803921569
888.3991116,,4.825925771032937,43701.0,1.4048780487804877
888.5991114,,4.526268942486848,43615.0,1.3823529411764706
888.7991112,4.056621237013212,4.112254947537373,43217.0,1.3823529411764706
888.999111,4.444924751841178,5.100856828615943,43722.0,1.3823529411764706
889.1991108,3.9375414522584333,1.057913971643999,43725.0,1.3823529411764706
889.3991106,,5.508944171863698,43579.0,1.3658536585365855
889.5991104,,2.3046884087891226,43038.0,1.3725490196078431
889.7991102,,7.629746143773057,43585.0,1.4341463414634146
889.99911,,45.35374713601022,45442.0,1.5147058823529411
890.1991098,,41.58527537706307,47895.0,1.5804878048780489
890.3991096,,14.720910217681523,48036.0,1.6372549019607843
890.5991094,7.280888612062701,5.098897920245,48165.0,1.6274509803921569
890.7991092,12.739488117001828,26.396106898637207,50324.0,1.6274509803921569
890.999109,15.260002874094146,34.3861821223935,48711.0,1.7254901960784315
891.1991088,5.636367466453203,17.62614019963156,47471.0,1.7009803921568627
891.3991086,7.17810020696792,18.977044565711935,46384.0,1.6862745098039216
891.5991084,14.578432537325254,86.46630247454479,50502.0,1.8627450980392157
891.7991082,,12.050708299969394,51434.0,1.8269230769230769
891.999108,,12.845284779131322,50479.0,1.8676470588235294
892.1991078,3.6667922956380297,1.925187738806685,50413.0,1.8725490196078431
892.3991076,3.926298057867618,1.4959087592475824,50460.0,1.8676470588235294
892.5991074,3.5362364719150032,0.5633840984296978,50543.0,1.8725490196078431
892.7991072,3.5534893852978455,0.4346675830695015,50496.0,1.8725490196078431
892.999107,3.595235741820698,0.021722867233777282,50585.0,1.8725490196078431
893.1991068,3.6737288135593222,0.37928194848470476,50504.0,1.8725490196078431
893.3991066,3.6892608420386197,0.7773333637519464,50544.0,1.8774509803921569
893.5991064,3.8717862377688865,1.4123113447772078,50486.0,1.8774509803921569
893.7991062,3.7035055860408197,1.0918608536271075,50662.0,1.8774509803921569
893.999106,3.6488026914704137,0.9686449071014268,50530.0,1.8774509803921569
894.1991058,9.097889546351086,23.759000392067307,50700.0,1.7598039215686274
894.3991056,11.15824527822809,21.297272595826552,51199.0,1.6029411764705883
894.5991054,,18.747219020147053,52818.0,1.6
894.7991052,,49.384129484972405,56629.0,1.6176470588235294
894.999105,24.16376041112883,69.58182237493632,56430.0,1.5098039215686274
895.1991048,,13.81801938962506,56799.0,1.4195121951219511
895.3991046,,9.698776943606495,55869.0,1.4019607843137254
895.5991044,12.18919116171292,5.296114354853771,54807.0,1.4705882352941178
895.7991042,,114.03502752426589,47273.0,1.6730769230769231
895.999104,,33.00311473066343,44116.0,1.4509803921568627
896.1991038,9.465448435202688,22.118007895650596,42849.0,1.4068627450980393
896.3991036,5.63877874702617,1.7120298871208537,42874.0,1.4215686274509804
896.5991034,6.412830760749724,5.37847089932903,43536.0,1.411764705882353
896.7991032,6.459430785552839,7.585975980183541,43358.0,1.3774509803921569
896.999103,7.109238933236575,9.318883491560166,44096.0,1.411764705882353
897.1991028,,6.290927790011904,43804.0,1.3902439024390243
897.3991026,,4.008183190357857,43578.0,1.392156862745098
897.5991024,3.9612438760724062,0.8503566549286955,43477.0,1.392156862745098
897.7991022,4.182124441388793,2.3343206331177635,43635.0,1.4019607843137254
897.999102,4.105659857067353,1.5637403168971167,43517.0,1.4019607843137254
898.1991018,,2.94649831059746,44010.0,1.424390243902439
898.3991016,,3.578909045151776,43811.0,1.4019607843137254
898.5991014,3.730904042243263,1.413545602822562,43936.0,1.4019607843137254
898.7991012,,5.265841034843372,43805.0,1.3902439024390243
898.999101,,2.2490246589092333,43553.0,1.3970588235294117
899.1991008,3.727119185648423,2.452308180294196,43814.0,1.3970588235294117
899.3991006,3.7492406421997395,1.1880057897553387,43787.0,1.3970588235294117
899.5991004,7.853558487728174,5.787598874791754,43881.0,1.4215686274509804
899.7991002,6.924513354459031,6.710247405654895,44180.0,1.446078431372549
899.9991,8.277005657267583,13.368351112071347,44898.0,1.4901960784313726
900.1990998,13.675852082387776,46.21807499079046,46269.0,1.6127450980392157
900.3990996,6.768098972716227,20.051156154728947,45265.0,1.5196078431372548
900.5990994,7.770444664258931,31.635104611703948,43471.0,1.4509803921568627
900.7990992,8.852265730119273,11.439909426099732,43849.0,1.4754901960784315
900.999099,6.69793934948541,6.608558609815062,43627.0,1.5
901.1990988,9.178303236188093,21.10649145303692,44744.0,1.5588235294117647
901.3990986,8.275388396383745,13.566364372428316,45572.0,1.553921568627451
901.5990984,6.932689480469545,31.220449853729658,44213.0,1.4754901960784315
901.7990982,,20.01044953134563,43261.0,1.4097560975609755
901.999098,,24.42045766199637,44749.0,1.4803921568627452
902.1990978,13.621168341708543,39.7295009443423,47760.0,1.5588235294117647
902.3990976,6.391949823664815,4.739603296301209,47353.0,1.5686274509803921
902.5990974,7.288072769102954,10.827046611387361,46943.0,1.5147058823529411
902.7990972,6.020773225620312,4.776056257004333,46791.0,1.5196078431372548
902.999097,5.0305376068922865,4.145678204675162,46893.0,1.5343137254901962
903.1990968,,3.3020342063911996,47320.0,1.526829268292683
903.3990966,,2.4138446105346234,47056.0,1.5294117647058822
903.5990964,8.832268205414573,20.3540671741558,48351.0,1.5784313725490196
903.7990962,7.770327725451105,14.062487196260754,49157.0,1.5980392156862746
903.999096,5.557352911102477,2.28350039308617,48899.0,1.607843137254902
904.1990958,,5.212288153847929,48691.0,1.5902439024390245
904.3990956,6.613059837358903,7.400447297510844,49434.0,1.604878048780488
904.5990954,,4.569599503399635,48853.0,1.6225490196078431
904.7990952,5.6903131917684675,0.6884469602471277,48788.0,1.6225490196078431
904.999095,11.203796163408866,15.581199577056859,49471.0,1.5980392156862746
905.1990947999999,13.20162682273584,23.352987713786465,50405.0,1.6323529411764706
905.3990945999999,,5.64270982633842,50198.0,1.6390243902439023
905.5990943999999,,38.3754884029568,48224.0,1.5833333333333333
905.7990941999999,6.8037379261214825,16.88711051975524,47727.0,1.5637254901960784
905.9990939999999,4.6212380515089535,1.5637634741982658,47914.0,1.5588235294117647
906.1990937999999,4.950176967056902,4.6279293123416565,47749.0,1.5392156862745099
906.3990935999999,5.962871812279883,9.307723208611257,47134.0,1.5245098039215685
906.5990933999999,5.4733756926170765,5.923881775149574,46743.0,1.5049019607843137
906.7990931999999,4.099061233198208,1.492883612950464,46870.0,1.5
906.9990929999999,,3.9233977391408854,46930.0,1.4878048780487805
907.1990927999999,,2.6810174446290205,46784.0,1.5
907.3990925999999,4.508318953580026,1.747179780557362,46941.0,1.5098039215686274
907.5990923999999,10.115127120384441,25.505506716875058,48694.0,1.553921568627451
907.7990921999999,4.997633696166588,2.75116254626919,48599.0,1.5392156862745099
907.9990919999999,,2.873066861586774,48796.0,1.5121951219512195
908.1990917999999,,11.287493731636296,47717.0,1.5098039215686274
908.3990915999999,,9.365575033555915,47233.0,1.502439024390244
908.5990913999999,,3.8790245834238224,47256.0,1.5
908.7990911999999,3.950970442724851,0.5695304466551085,47298.0,1.4950980392156863
908.9990909999999,,4.12178915604502,47670.0,1.5073170731707317
909.1990907999999,,2.9042442795579664,47325.0,1.5
909.3990905999999,4.104582370279268,2.1624145864934157,47159.0,1.4950980392156863
909.5990903999999,3.836827231314324,2.1110098706613263,47416.0,1.5
909.7990901999999,3.8969372257846775,0.6080473636893126,47408.0,1.5
909.9990899999999,3.82624562291693,0.3143954714082414,47406.0,1.4950980392156863
910.1990897999999,,2.820150141356686,47679.0,1.5121951219512195
910.3990895999999,,3.367885548279806,47407.0,1.5
910.5990893999999,3.9826703343207788,1.5969201470777419,47260.0,1.4950980392156863
910.7990891999999,3.9708709215074616,1.6638256649222058,47444.0,1.4950980392156863
910.9990889999999,3.8429092904015363,0.5671148142098646,47393.0,1.5
911.1990887999999,3.8312472296684046,0.2257026856114851,47377.0,1.4950980392156863
911.3990885999999,3.847811860077266,1.3444604632172195,47369.0,1.5
911.5990883999999,3.818471875924439,1.423313486892105,47326.0,1.4950980392156863
911.7990881999999,3.9149358744110376,1.3780808928718924,47329.0,1.4950980392156863
911.9990879999999,,7.668000646092281,47909.0,1.502439024390244
912.1990877999999,,30.65465113561465,49747.0,1.5147058823529411
912.3990875999999,8.777516751103121,20.256777482611437,48952.0,1.446078431372549
912.5990873999999,8.585596549662652,29.975656550968573,46836.0,1.4313725490196079
912.7990871999999,6.734615715638179,6.578900110175227,46476.0,1.4215686274509804
912.9990869999999,7.414604497699053,5.905619830864788,46068.0,1.411764705882353
913.1990867999999,,3.8501429207079623,46584.0,1.4341463414634146
913.3990865999999,,5.169865070646643,46546.0,1.411764705882353
913.5990863999999,7.092418337245107,0.608468987386561,46441.0,1.4068627450980393
913.7990861999999,8.700236436833025,10.175535690792557,46947.0,1.4705882352941178
913.9990859999999,5.978426422859083,5.093850136459737,47141.0,1.4754901960784315
914.1990857999999,5.811150249507276,7.49371591950024,47694.0,1.4901960784313726
914.3990855999999,7.337115412847885,2.681799532763392,47681.0,1.5294117647058822
914.5990853999999,,4.4506924388892735,47750.0,1.5219512195121951
914.7990851999999,,5.07560468322391,47145.0,1.5245098039215685
914.9990849999999,,3.47634373067277,47646.0,1.5170731707317073
915.1990847999999,,7.509226876355131,47762.0,1.5245098039215685
915.3990845999999,7.432504166409481,16.082744369317712,48603.0,1.5637254901960784
915.5990843999999,7.488108343892154,12.607108597545643,48143.0,1.5245098039215685
915.7990841999999,5.313203386657237,1.81605444290955,48071.0,1.5245098039215685
915.9990839999999,5.310074292968181,4.4978328736581235,48053.0,1.5490196078431373
916.1990837999999,5.912354605469978,7.937448408481929,47715.0,1.5294117647058822
916.3990835999999,4.606997133351467,1.843073689801621,47791.0,1.5196078431372548
916.5990833999999,4.075159422721933,0.7880821240571623,47672.0,1.5147058823529411
916.7990831999999,4.068038271527734,2.7444064520813485,47973.0,1.5147058823529411
916.9990829999999,4.0462450592885375,1.0673571642293818,48070.0,1.5196078431372548
917.1990827999999,3.974983336110648,0.2095767793814754,48008.0,1.5196078431372548
917.3990825999999,,3.9755914599058286,48319.0,1.5121951219512195
917.5990823999999,7.725609504558393,6.812147404691415,48482.0,1.5365853658536586
917.7990821999999,,5.457542860183839,48594.0,1.5637254901960784
917.9990819999999,6.121657671071406,2.4841850403385424,48357.0,1.5392156862745099
918.1990817999999,5.567222441394489,5.667037249630834,48161.0,1.5343137254901962
918.3990815999999,5.769816146412025,5.667716497971711,47701.0,1.5245098039215685
918.5990813999999,,7.4289931592141585,48359.0,1.5317073170731708
918.7990811999999,,11.103606091184773,47542.0,1.5147058823529411
918.9990809999999,4.771691115185864,4.491608140739365,47992.0,1.5245098039215685
919.1990807999999,4.202250499526764,3.01462073075135,47545.0,1.5245098039215685
919.3990805999999,4.054767410370185,3.782712803848326,48003.0,1.5294117647058822
919.5990803999999,4.14033735943357,0.1236098263866387,48020.0,1.5294117647058822
919.7990801999999,3.9056411747601048,0.7928217736081428,48146.0,1.5294117647058822
919.9990799999999,3.9504199234990853,0.267248607678052,48104.0,1.5294117647058822
920.1990797999999,3.8777142857142857,0.24577380444534885,48125.0,1.5245098039215685
920.3990795999999,3.920332122470161,0.7381566248680769,48175.0,1.5294117647058822
920.5990793999999,,4.790223512886016,48084.0,1.5073170731707317
920.7990791999999,,20.522067317987073,48850.0,1.5392156862745099
920.9990789999999,5.326366625565146,6.080619771077545,48660.0,1.5343137254901962
921.1990787999999,8.092123827703544,6.194640034892292,48196.0,1.5392156862745099
921.3990785999999,5.2988012092150525,4.058668776269315,47965.0,1.5343137254901962
921.5990783999999,7.5132012859068755,3.218642975884833,48215.0,1.5196078431372548
921.7990781999999,5.923622590972818,9.016090957983556,47789.0,1.4901960784313726
921.9990779999999,5.236640577203013,5.403597118303625,47401.0,1.4803921568627452
922.1990777999999,5.080855293769299,2.2414660314986117,47282.0,1.4754901960784315
922.3990775999999,,3.080243418815439,47898.0,1.4878048780487805
922.5990773999999,,3.396666496435857,47820.0,1.4852941176470589
922.7990771999999,3.888408140975825,1.4828201784697412,47611.0,1.4901960784313726
922.9990769999999,3.9283712564831856,1.7287137478778545,47816.0,1.4803921568627452
923.1990768,,2.352235404658186,48292.0,1.4878048780487805
923.3990766,,2.6816926973225117,47670.0,1.4754901960784315
923.5990764,4.026772081738512,0.9151100188897984,47811.0,1.4754901960784315
923.7990762,3.9107483392359437,0.9323157562273681,47719.0,1.4754901960784315
923.999076,4.018560120934724,0.6536416194161075,47629.0,1.4754901960784315
924.1990758,4.1266214497668505,4.0493098390824525,47180.0,1.4656862745098038
924.3990756,4.010797395048896,1.0060789215355537,47141.0,1.4656862745098038
924.5990754,3.90413897088492,0.8629603149558494,47089.0,1.4754901960784315
924.7990752,3.885466450512664,3.0762291827476935,47497.0,1.4754901960784315
924.999075,3.994875921063776,2.033501807287856,47228.0,1.4754901960784315
925.1990748,,3.991903409968896,47622.0,1.4829268292682927
925.3990746,,13.496662646417777,47947.0,1.5098039215686274
925.5990744,10.074986513217047,30.726713415480873,50049.0,1.5686274509803921
925.7990742,7.044513206326093,9.766061246243895,49446.0,1.5784313725490196
925.999074,7.9153744742293926,28.93540940038942,47787.0,1.5049019607843137
926.1990738,4.799878000042069,1.9769094931895612,47541.0,1.5098039215686274
926.3990736,6.0715865759369665,1.5687608330916514,47467.0,1.5196078431372548
926.5990734,,2.8053490481711774,48103.0,1.5121951219512195
926.7990732,4.440413647029508,1.91610700510486,48157.0,1.5170731707317073
926.999073,,3.723941874738484,47959.0,1.5245098039215685
927.1990728,,4.636958588976495,48179.0,1.5170731707317073
927.3990726,,4.309386658174833,48060.0,1.5245098039215685
927.5990724,4.038229000020777,1.5985826348398244,48131.0,1.5294117647058822
927.7990722,3.8524856020125995,0.2565167646162566,48097.0,1.5294117647058822
927.999072,,3.0396494915098913,48425.0,1.5170731707317073
928.1990718,,2.721598276595849,48052.0,1.5245098039215685
928.3990716,,3.4351832157636353,48472.0,1.5219512195121951
928.5990714,,10.356050513214303,48566.0,1.5686274509803921
928.7990712,9.4346291890148,17.48628306868615,49594.0,1.5686274509803921
928.999071,7.2474104227963405,3.3079853612170473,49622.0,1.5980392156862746
929.1990708,7.060464547178661,17.40963434901655,49037.0,1.5784313725490196
929.3990706,6.91086450313621,19.098352310375134,47669.0,1.553921568627451
929.5990704,5.561751481279153,2.124341759069701,47594.0,1.5490196078431373
929.7990702,5.702454246436704,0.9219788045474161,47428.0,1.5490196078431373
929.99907,9.919930213464696,15.687841793712705,48720.0,1.5392156862745099
930.1990698,7.02584398047159,6.034257699812386,48135.0,1.5392156862745099
930.3990696,4.362818371607515,2.843121837444949,47900.0,1.5343137254901962
930.5990694,4.725361883658804,4.93889022364967,48289.0,1.5441176470588236
930.7990692,4.418289761483178,2.58064380048322,48005.0,1.5392156862745099
930.999069,3.9430208965214297,1.4302355199321535,47807.0,1.5392156862745099
931.1990688,3.9089486858573217,0.9320392085147979,47940.0,1.5392156862745099
931.3990686,3.957333333333333,1.52091733616034,48000.0,1.5392156862745099
931.5990684,3.8066148824525885,2.644619671836838,48406.0,1.5392156862745099
931.7990682,3.8689161936838605,2.4793373255259876,48099.0,1.5392156862745099
931.999068,3.813131627549856,0.8844946770122492,48189.0,1.5392156862745099
932.1990678,3.972113868370819,1.030437630481249,48196.0,1.5441176470588236
932.3990676,4.339100992896016,2.054173296783563,48142.0,1.5490196078431373
932.5990674,3.9413740204817778,1.5656103470838576,48238.0,1.553921568627451
932.7990672,3.7734373374934997,1.079840395780064,48075.0,1.553921568627451
932.999067,3.9741207013784434,3.1323919753323413,48533.0,1.553921568627451
933.1990668,4.03389272787101,0.6298515269337776,48624.0,1.5588235294117647
933.3990666,4.003898797179594,3.28936770216237,48220.0,1.5588235294117647
933.5990664,12.48573177424121,8.738195518619259,47378.0,1.6519607843137254
933.7990662,5.701129728357451,1.4133067365509042,47268.0,1.6568627450980393
933.999066,6.534171199899956,8.704358142262183,47979.0,1.642156862745098
934.1990658,17.111610129001434,86.61954155355177,52325.0,1.7794117647058822
934.3990656,8.209478234022846,13.673362109782836,51824.0,1.7156862745098038
934.5990654,8.316927880368917,45.08430090040854,48683.0,1.6911764705882353
934.7990652,8.16553112733633,6.9480983919439145,49169.0,1.7107843137254901
934.999065,8.42088199758357,6.577906080154191,49660.0,1.7401960784313726
935.1990648,8.430079891618353,5.543074432982642,50193.0,1.7156862745098038
935.3990646,6.865701105896098,7.797284497780454,49643.0,1.6764705882352942
935.5990644,4.5468382426862375,1.1608372375539548,49735.0,1.6813725490196079
935.7990642,4.2759352023915325,2.6179351095835792,49508.0,1.6764705882352942
935.999064,8.36229430753484,11.042939625531755,50804.0,1.6715686274509804
936.1990638,10.066274204135215,29.60844963171411,48752.0,1.588235294117647
936.3990636,7.692763614199542,20.40866041849066,47579.0,1.5245098039215685
936.5990634,7.28991278377735,19.04588105682526,46207.0,1.4607843137254901
936.7990632,8.008021680216801,7.064887687908101,46125.0,1.4264705882352942
936.999063,6.346825094251705,12.222282941644092,47214.0,1.4558823529411764
937.1990628,10.093546263458558,2.5825210418183158,47089.0,1.4509803921568627
937.3990626,11.903716843364547,20.64361946327373,48482.0,1.5147058823529411
937.5990624,7.052828230409964,3.637266750275315,48175.0,1.5245098039215685
937.7990622,6.6756263859241916,1.413539676812223,48253.0,1.5343137254901962
937.999062,8.227256797707643,8.691764145819127,48509.0,1.5686274509803921
938.1990618,11.0844813983128,16.041659432117793,49431.0,1.446078431372549
938.3990616,6.4931589415948405,4.487482956942516,49773.0,1.4362745098039216
938.5990614,8.258365011069802,22.1321170263671,47878.0,1.4362745098039216
938.7990612,8.37294037710209,14.250534748422565,47096.0,1.4264705882352942
938.999061,,15.345087672353428,46420.0,1.4195121951219511
939.1990608,,6.3565901509514,46342.0,1.411764705882353
939.3990606,4.6058413082456635,3.6997080954029626,46291.0,1.411764705882353
939.5990604,4.26559623207022,3.40968825626844,46710.0,1.4215686274509804
939.7990602,,4.311058486308939,46656.0,1.424390243902439
939.99906,,4.618676453230668,46617.0,1.411764705882353
940.1990598,4.149319999137875,2.1498723208294326,46397.0,1.411764705882353
940.3990596,,19.88355853977317,47534.0,1.4634146341463414
940.5990594,,37.05389328300402,49052.0,1.5245098039215685
940.7990592,13.713045570280078,35.7884312778054,49879.0,1.607843137254902
940.999059,10.147659302974718,7.854490455146127,50156.0,1.607843137254902
941.1990588,,13.746826148980297,51736.0,1.6346153846153846
941.3990586,,35.18373183594531,46620.0,1.8872549019607843
941.5990584,,12.383397839095258,46096.0,1.8829268292682926
941.7990582,,57.72327529422898,43548.0,1.3872549019607843
941.999058,6.767737704918033,61.242861391007764,45750.0,2.0294117647058822
942.1990578,7.530093203200563,0.6414860949613707,45492.0,2.019607843137255
942.3990576,10.54486022452124,10.662455145056468,45430.0,2.0294117647058822
942.5990574,13.391499871845655,41.87332375012213,42917.0,1.9950980392156863
942.7990572,10.830407303370787,19.74334099731378,42720.0,1.8186274509803921
942.999057,8.086376758465839,17.42479415008229,43646.0,1.8725490196078431
943.1990568,8.977233726118293,1.9371145449134954,43705.0,1.857843137254902
943.3990566,8.394678245379648,21.092602567224525,44910.0,1.8627450980392157
943.5990564,24.82654095701541,49.22061634912559,49320.0,1.6029411764705883
943.7990562,16.02214724457133,24.87126094735391,46236.0,1.7254901960784315
943.999056,19.23817432250249,90.53229909676685,51181.0,1.9656862745098038
944.1990558,16.58625002333352,55.49031175275008,53571.0,1.9803921568627452
944.3990556,4.776209601741677,1.5049977750544754,53282.0,1.9852941176470589
944.5990554,4.278846334277833,2.161141824818097,53291.0,1.9901960784313726
944.7990552,3.9060179353650053,2.4586842802007083,53191.0,1.9950980392156863
944.999055,,12.333281705357553,54405.0,1.9567307692307692
945.1990548,,58.480221351495324,51376.0,1.8627450980392157
945.3990546,7.8281836679042645,67.91864985979133,47673.0,1.7254901960784315
945.5990544,6.508429070929071,2.1275608270910804,48048.0,1.7205882352941178
945.7990542,6.916972372484404,10.284553279985207,48249.0,1.7450980392156863
945.999054,6.091790051572118,1.6262665066927091,48088.0,1.7745098039215685
946.1990538,4.660826823846138,10.506289706171815,49031.0,1.7892156862745099
946.3990536,3.8269725294909995,1.9541484298398073,48998.0,1.7892156862745099
946.5990534,3.7688574938574937,1.3076818905103735,48840.0,1.7892156862745099
946.7990532,3.5304744562882338,0.25009325489864515,48877.0,1.7892156862745099
946.999053,3.5476748971193417,3.6053895728935994,48600.0,1.7892156862745099
947.1990528,3.59622711072877,2.4023549351007345,48822.0,1.7892156862745099
947.3990526,5.790373049414825,7.671071603820602,49216.0,1.7647058823529411
947.5990524,7.6366716386106965,39.3073211382312,46930.0,1.6911764705882353
947.7990522,8.51157090626851,29.79063665855335,48959.0,1.7254901960784315
947.999052,5.2711507259203065,22.042273066652026,47457.0,1.6911764705882353
948.1990518,8.31075273218452,27.180719537879213,48862.0,1.7647058823529411
948.3990516,7.616573228471245,29.16693167195756,50479.0,1.8235294117647058
948.5990514,9.905405405405405,23.56620406701934,52096.0,1.803921568627451
948.7990512,8.177064789898571,62.4442067763711,48310.0,1.6176470588235294
948.999051,5.961484868277814,43.92842002401409,45930.0,1.5784313725490196
949.1990508,5.8585779003348435,4.346869566590924,45693.0,1.588235294117647
949.3990505999999,5.362139917695473,7.173795303089327,45441.0,1.5735294117647058
949.5990503999999,4.367229553741969,6.24425823184946,46072.0,1.588235294117647
949.7990501999999,3.822554400885167,0.014891550494215826,46093.0,1.5931372549019607
949.9990499999999,,3.521369844977648,46203.0,1.5804878048780489
950.1990497999999,,2.131585057050005,45708.0,1.588235294117647
950.3990495999999,3.5622081424155394,0.9010841247392315,45613.0,1.5931372549019607
950.5990493999999,3.8638968481375358,3.760657317605864,46068.0,1.5931372549019607
950.7990491999999,,3.694179645577105,46286.0,1.5853658536585367
950.9990489999999,,2.7016296762105987,45981.0,1.5931372549019607
951.1990487999999,7.873442693256138,12.1817700973123,46635.0,1.6127450980392157
951.3990485999999,4.505749341555855,5.4671372472128175,46701.0,1.6127450980392157
951.5990483999999,9.006673340006673,29.902472710103677,47952.0,1.6372549019607843
951.7990481999999,7.35347075623991,11.506669256592334,48318.0,1.6715686274509804
951.9990479999999,4.209813121915703,9.676146128047675,49444.0,1.6813725490196079
952.1990477999999,3.9594583637395604,4.450758070998689,49332.0,1.6911764705882353
952.3990475999999,3.843779821729508,3.183111919603399,49251.0,1.6813725490196079
952.5990473999999,3.6921404920064194,0.7272106821766066,49227.0,1.6813725490196079
952.7990471999999,3.6247385839881425,1.2444816044066758,49251.0,1.6862745098039216
952.9990469999999,3.60732052578362,1.1376457077217244,49450.0,1.6813725490196079
953.1990467999999,3.578420489636103,0.807070940717071,49547.0,1.6862745098039216
953.3990465999999,3.5547939649578195,1.3249037100176773,49312.0,1.6862745098039216
953.5990463999999,3.554353989469421,0.34909801276798463,49380.0,1.6862745098039216
953.7990461999999,3.5824913103225287,1.8012953391098172,49484.0,1.6911764705882353
953.9990459999999,3.757583666258457,2.303260926554756,49811.0,1.6911764705882353
954.1990457999999,10.265104652148123,54.19189903756028,47204.0,1.4803921568627452
954.3990455999999,6.961866226632609,49.41863567491243,44239.0,1.3725490196078431
954.5990453999999,9.995445584936443,23.342593509782716,44133.0,1.3186274509803921
954.7990451999999,17.015915347556778,24.290300741595075,46496.0,1.3088235294117647
954.9990449999999,19.609825865452876,24.960774577356382,47894.0,1.2352941176470589
955.1990447999999,9.8695927544493,10.843673658988713,47367.0,1.2107843137254901
955.3990445999999,15.135199474634707,17.942935140775024,48728.0,1.2696078431372548
955.5990443999999,16.630723348082235,82.24994635718387,40907.0,1.2941176470588236
955.7990441999999,9.343133067577828,20.70500054632632,42144.0,1.3284313725490196
955.9990439999999,14.801232158909036,47.58666093635002,45611.0,1.4509803921568627
956.1990437999999,10.16881584492204,18.17993595711788,47460.0,1.4950980392156863
956.3990435999999,4.8429017127576035,2.8764369930115756,47117.0,1.4754901960784315
956.5990433999999,,10.545635763392543,47627.0,1.4829268292682927
956.7990431999999,,5.586946486261553,47483.0,1.4950980392156863
956.9990429999999,5.479094551786351,0.7115156454341818,47667.0,1.5098039215686274
957.1990427999999,6.183311391135352,3.860717980332282,47853.0,1.5098039215686274
957.3990425999999,7.437064798885885,8.209882358742375,48828.0,1.5343137254901962
957.5990423999999,,6.756536070405106,48346.0,1.5219512195121951
957.7990421999999,,8.050671047990718,47719.0,1.5245098039215685
957.9990419999999,5.998385226896323,6.747908492461588,48304.0,1.5441176470588236
958.1990417999999,5.195904746209624,1.710622018086666,48544.0,1.5490196078431373
958.3990415999999,5.405439199749922,9.955059077339317,47985.0,1.5196078431372548
958.5990413999999,4.506600348380869,3.2915546402010065,47649.0,1.5294117647058822
958.7990411999999,4.409060556738033,2.6197773555115087,47922.0,1.5441176470588236
958.9990409999999,4.343593940156952,2.2452086957278707,47658.0,1.5490196078431373
959.1990407999999,4.254298414828483,2.5925005325017167,47692.0,1.5392156862745099
959.3990405999999,4.120232328950955,0.775475221204738,47691.0,1.5392156862745099
959.5990403999999,5.872567786449021,0.873777245611478,47539.0,1.5196078431372548
959.7990401999999,5.3565891472868215,4.689000514575897,47343.0,1.5098039215686274
959.9990399999999,4.895073359727309,1.468819428070986,47233.0,1.5147058823529411
960.1990397999999,4.4766327521425255,3.0911997854027136,47374.0,1.5147058823529411
960.3990395999999,3.906556269009801,0.6560721859495057,47344.0,1.5196078431372548
960.5990393999999,3.965528213831141,1.8063900267057689,47140.0,1.5147058823529411
960.7990391999999,4.186653627840728,1.2582765142243082,47039.0,1.5196078431372548
960.9990389999999,3.825639605478985,0.8008545185163715,46943.0,1.5196078431372548
961.1990387999999,3.750865419330176,1.5005458716600046,47087.0,1.5196078431372548
961.3990385999999,3.7624515390970914,0.8064068426493379,47203.0,1.5196078431372548
961.5990383999999,3.741433154171358,1.0945073971229489,47071.0,1.5196078431372548
961.7990381999999,5.61505684859645,2.635292658571803,46703.0,1.5
961.9990379999999,5.530388378298251,6.21261388935905,47222.0,1.5098039215686274
962.1990377999999,4.79657035470989,7.789256297990542,46827.0,1.4950980392156863
962.3990375999999,5.0275280298985585,0.8692920985691133,46825.0,1.5049019607843137
962.5990373999999,7.5907409769162095,12.189792610812699,47046.0,1.5098039215686274
962.7990371999999,4.77947880664108,1.0005251364543537,47161.0,1.5196078431372548
962.9990369999999,5.89438999662048,1.778761934387343,47344.0,1.5098039215686274
963.1990367999999,4.989261123160178,4.960874242262009,47491.0,1.4950980392156863
963.3990365999999,4.853020004717083,9.003429489586313,46639.0,1.4852941176470589
963.5990363999999,6.7103613335027745,6.59042183605137,47214.0,1.5098039215686274
963.7990361999999,4.901682773821634,2.832559030498504,47184.0,1.5098039215686274
963.9990359999999,,5.199191369233101,47028.0,1.5219512195121951
964.1990357999999,,4.285845055215128,46659.0,1.5245098039215685
964.3990355999999,3.844454424911245,0.6022749794164257,46758.0,1.5245098039215685
964.5990353999999,3.821010757747503,0.8461981719652053,46757.0,1.5245098039215685
964.7990351999999,,3.67661347013325,46872.0,1.5219512195121951
964.9990349999999,3.794460672480331,0.3468495311744197,46901.0,1.526829268292683
965.1990347999999,,3.2216697359682636,46469.0,1.5245098039215685
965.3990345999999,3.857434684442533,0.10272402210562386,46505.0,1.5245098039215685
965.5990343999999,6.366797914227945,4.7727662830157165,46985.0,1.4950980392156863
965.7990341999999,6.2120924001123665,7.738572170702162,46277.0,1.4803921568627452
965.9990339999999,5.1883242407319905,4.15858485129421,46558.0,1.4901960784313726
966.1990337999999,5.345813435211716,4.889632119147096,47115.0,1.4950980392156863
966.3990335999999,4.789083370733688,2.554832105733601,46791.0,1.4852941176470589
966.5990333999999,4.334997095587444,3.4282854842651904,46481.0,1.4803921568627452
966.7990331999999,5.976323719328454,2.823579938232486,46460.0,1.4901960784313726
966.9990329999999,5.364421751120303,3.8551985506171333,46416.0,1.4705882352941178
967.1990327999999,,6.285092364250644,46815.0,1.4829268292682927
967.3990325999999,,3.2349588069584425,46176.0,1.4803921568627452
967.5990323999999,4.761291165139412,5.3684446885714925,45943.0,1.4607843137254901
967.7990321999999,6.121501438660737,4.394133014550681,45876.0,1.4656862745098038
967.9990319999999,4.4095181622523825,3.109997299229055,45534.0,1.4656862745098038
968.1990318,4.323077930868834,1.899610735977616,45797.0,1.4607843137254901
968.3990316,,4.335454341530807,45813.0,1.4682926829268292
968.5990314,,3.1831605986625533,45360.0,1.4607843137254901
968.7990312,3.9687369001654718,0.7790894382792781,45325.0,1.4558823529411764
968.999031,3.820869336374402,2.236450969639079,45598.0,1.4558823529411764
969.1990308,7.463829423578174,15.169415458616117,46806.0,1.4558823529411764
969.3990306,4.551785218857375,3.4073006492010305,46857.0,1.4754901960784315
969.5990304,7.048949103206199,1.9387300203458748,46722.0,1.4901960784313726
969.7990302,5.825643970816583,3.650959054680436,47013.0,1.4754901960784315
969.99903,,7.933095421661762,47637.0,1.473170731707317
970.1990298,,10.679111744967651,48182.0,1.4803921568627452
970.3990296,5.476452663654513,5.098428487822088,47585.0,1.4607843137254901
970.5990294,5.970220572550024,15.355253903570578,46878.0,1.4362745098039216
970.7990292,5.562179028798024,11.305636661556225,46149.0,1.4068627450980393
970.999029,4.889646459145664,3.878002267877591,45907.0,1.4166666666666667
971.1990288,,3.0009881694212477,46153.0,1.4292682926829268
971.3990286,,5.137315515530721,45513.0,1.4264705882352942
971.5990284,4.660346754926243,2.141501079778289,45623.0,1.4264705882352942
971.7990282,4.023206611570248,2.1971863628597874,45375.0,1.4411764705882353
971.999028,4.1756940783693555,2.0145613447956143,45528.0,1.4362745098039216
972.1990278,5.558218354361183,4.866338442833722,45733.0,1.4313725490196079
972.3990276,6.934407908875994,13.751409514885225,46530.0,1.4411764705882353
972.5990274,,5.719282528127765,46389.0,1.4585365853658536
972.7990272,,3.1425962220992236,46248.0,1.4362745098039216
972.999027,4.263903348950199,2.053948050489276,46104.0,1.4362745098039216
973.1990268,,7.8018496690749854,46805.0,1.4292682926829268
973.3990266,5.542256052436833,7.782693741182233,47295.0,1.4536585365853658
973.5990264,,7.657430226368246,46514.0,1.4411764705882353
973.7990262,5.221418485934615,6.458921423221625,46035.0,1.446078431372549
973.999026,4.644777662874871,3.0302781289237193,46416.0,1.4558823529411764
974.1990258,3.960013795779354,0.7431499104262401,46391.0,1.4558823529411764
974.3990256,4.419880182537795,2.8623498439442647,46237.0,1.4558823529411764
974.5990254,4.004910975055708,1.324737673984088,46223.0,1.4607843137254901
974.7990252,4.125062476910707,1.5085736432058374,46017.0,1.4656862745098038
974.999025,3.886032283259568,0.48454737722918356,46092.0,1.4558823529411764
975.1990248,3.8907025644360624,0.6435844294193068,46131.0,1.4558823529411764
975.3990246,4.163171489864717,3.4236288646594555,45682.0,1.4656862745098038
975.5990244,3.9628029184400244,2.7270488988965598,46052.0,1.4558823529411764
975.7990242,4.2470317553341586,0.5867652898211482,46071.0,1.4558823529411764
975.999024,3.9128645088608693,0.8421925303999026,46158.0,1.4558823529411764
976.1990238,3.883481851771354,0.6769886128284919,46010.0,1.4558823529411764
976.3990236,3.9337413460077695,0.2595881201875344,46077.0,1.4607843137254901
976.5990234,3.981122659318246,0.11394237149672444,46087.0,1.4509803921568627
976.7990232,4.377389226759339,0.6099392895725632,46040.0,1.4509803921568627
976.999023,,4.944489898259295,46277.0,1.4585365853658536
977.1990228,,7.992424826072652,46674.0,1.4509803921568627
977.3990226,4.7630396561828485,6.7726704972249046,46071.0,1.446078431372549
977.5990224,4.335758971239899,1.3712595625159114,46036.0,1.4411764705882353
977.7990222,5.274813326928955,5.462501980270371,45802.0,1.446078431372549
977.999022,4.144581720102667,1.9346771530817972,45974.0,1.4509803921568627
978.1990218,4.076385705241557,1.7498950385673024,45807.0,1.4509803921568627
978.3990216,4.0375,0.8509231582069784,45840.0,1.4509803921568627
978.5990214,3.938726078512667,0.3930908512120522,45827.0,1.4558823529411764
978.7990212,,3.6361285290572765,45983.0,1.473170731707317
978.999021,,15.591755099405077,46884.0,1.4509803921568627
979.1990208,5.056152385883165,5.233007721222864,46356.0,1.446078431372549
979.3990206,4.834830328624408,3.5569371115021022,46649.0,1.4411764705882353
979.5990204,6.161821581877683,3.628177410415993,47058.0,1.446078431372549
979.7990202,5.786090485235711,7.529358844569627,46328.0,1.4411764705882353
979.99902,,2.613034876598172,46794.0,1.4341463414634146
980.1990198,5.645382107149798,4.185373932559116,46309.0,1.448780487804878
980.3990196,,4.687718150619138,46265.0,1.446078431372549
980.5990194,,2.4020822041151697,46537.0,1.448780487804878
980.7990192,,2.995424887191656,46151.0,1.4411764705882353
980.999019,3.8637278016915055,0.7161772616303343,46231.0,1.446078431372549
981.1990188,4.151638545344278,0.7004214613360609,46169.0,1.4411764705882353
981.3990186,,4.7192972995364375,46155.0,1.4341463414634146
981.5990184,,6.214005273717263,46326.0,1.4411764705882353
981.7990182,4.138391410486292,1.7771744746015266,46289.0,1.446078431372549
981.999018,7.9065098877605555,10.072068251622959,46775.0,1.4411764705882353
982.1990178,,5.369649987481623,47380.0,1.4585365853658536
982.3990176,4.63893405409971,2.2140956380979606,47357.0,1.4585365853658536
982.5990174,,12.998926936478794,46268.0,1.446078431372549
982.7990172,4.366933574411296,2.550743517349686,46458.0,1.446078431372549
982.999017,,6.105191731060065,46354.0,1.4439024390243902
983.1990168,,5.37357145117325,46248.0,1.4411764705882353
983.3990166,4.144081623773577,2.4977775091250556,45967.0,1.446078431372549
983.5990164,4.002973392509674,1.7217908803218407,45739.0,1.4509803921568627
983.7990162,4.330613399482124,1.5946234191228763,45957.0,1.4509803921568627
983.999016,3.9329339504303817,1.9979967866022825,46238.0,1.446078431372549
984.1990158,4.13598525905051,1.5706953661682959,46130.0,1.446078431372549
984.3990156,4.073155853775434,2.884069015648639,45902.0,1.446078431372549
984.5990154,3.9376732813762088,1.052365637883619,45807.0,1.446078431372549
984.7990152,3.9267377696351065,0.24106943393278582,45849.0,1.446078431372549
984.999015,3.937068270466976,0.2971563672780095,45891.0,1.446078431372549
985.1990148,3.9428267199791387,1.7489040238946623,46018.0,1.4509803921568627
985.3990146,8.025349499482223,9.748771136215135,46352.0,1.4558823529411764
985.5990144,5.169999357037227,4.57032605594376,46659.0,1.4509803921568627
985.7990142,,6.8471326028394515,46464.0,1.4341463414634146
985.999014,,5.536542324697011,45846.0,1.4411764705882353
986.1990138,6.399309776002778,3.0347559176933063,46072.0,1.4166666666666667
986.3990136,5.198577394936048,1.248977216599978,45972.0,1.4264705882352942
986.5990134,4.761690628040212,2.675916183127757,46255.0,1.4264705882352942
986.7990132,4.833995546434965,4.900810412531195,45806.0,1.4215686274509804
986.999013,4.458159222291987,4.2378356100657335,46187.0,1.4362745098039216
987.1990128,3.930540194739011,0.9051611174548547,46113.0,1.4362745098039216
987.3990126,4.136577946768061,1.0946897342178679,46025.0,1.4313725490196079
987.5990124,,0.4109341542405483,46424.0,1.424390243902439
987.7990122,,3.0679507591403876,46053.0,1.4313725490196079
987.999012,5.368170000644593,7.388774315276357,46541.0,1.4411764705882353
988.1990118,4.772344483253691,4.332391455701539,46667.0,1.4558823529411764
988.3990116,4.809715990812099,0.7568880197273495,46583.0,1.4607843137254901
988.5990114,5.055735495511162,7.18044414183118,46003.0,1.4509803921568627
988.7990112,,2.619254341172098,46272.0,1.4585365853658536
988.999011,,5.796358000766626,46534.0,1.4558823529411764
989.1990108,5.064286482417464,1.6415849225497314,46495.0,1.4509803921568627
989.3990106,5.149435968362363,3.3432356659071774,46274.0,1.4558823529411764
989.5990104,4.84900711064863,3.772311467860114,46128.0,1.4607843137254901
989.7990102,4.4928079504838285,2.6733772601961494,45884.0,1.4558823529411764
989.99901,4.323028596187175,2.2603601687464017,46160.0,1.4558823529411764
990.1990098,,3.172874928873245,46322.0,1.4585365853658536
990.3990096,,3.221748360078486,46153.0,1.4558823529411764
990.5990094,3.93271552568035,1.293227707159443,45969.0,1.4607843137254901
990.7990092,3.911632257924163,0.4099926858867611,45967.0,1.4558823529411764
990.999009,3.931041210518329,1.408564491325752,46129.0,1.4607843137254901
991.1990088,7.206267892119934,7.2344824838266035,46459.0,1.4607843137254901
991.3990086,4.933668212261721,1.8054289347633476,46584.0,1.4509803921568627
991.5990084,6.341349409169342,12.041446040576302,45783.0,1.446078431372549
991.7990082,4.224834487731335,0.3684699519147641,45767.0,1.446078431372549
991.999008,,2.2671353468380286,46164.0,1.448780487804878
992.1990078,,3.936481653560834,45681.0,1.446078431372549
992.3990076,3.945310788908844,0.819862622393058,45658.0,1.4509803921568627
992.5990074,,2.495279333682077,46067.0,1.4536585365853658
992.7990072,7.3806651065931,10.368125279094873,46579.0,1.448780487804878
992.999007,5.137662888017799,8.901651475130274,47195.0,1.4536585365853658
993.1990068,,3.666946967561972,47108.0,1.4607843137254901
993.3990066,,4.508393283823652,47080.0,1.4585365853658536
993.5990063999999,,6.141334614958138,47235.0,1.4754901960784315
993.7990061999999,6.192187433979803,1.8320542248227734,47334.0,1.5
993.9990059999999,5.270870883606523,6.3513898846476335,47159.0,1.4852941176470589
994.1990057999999,4.895460710350089,0.20892959636444963,47188.0,1.4950980392156863
994.3990055999999,4.584634974533107,3.111464015433506,47120.0,1.5049019607843137
994.5990053999999,4.272112604184385,2.2416616478435016,47032.0,1.5
994.7990051999999,5.231486793735789,2.493677763972077,47061.0,1.4852941176470589
994.9990049999999,4.862972573070572,3.6130497006308735,46633.0,1.4803921568627452
995.1990047999999,5.033745420264393,1.0012947672128,46673.0,1.4950980392156863
995.3990045999999,4.237523323396315,0.9640357166896457,46627.0,1.4901960784313726
995.5990043999999,,2.835492197384963,46908.0,1.4878048780487805
995.7990041999999,,4.4409959576580995,46579.0,1.4901960784313726
995.9990039999999,8.151167176564268,19.496837944906883,47722.0,1.5049019607843137
996.1990037999999,5.6087832393231265,9.497314954179176,47158.0,1.4950980392156863
996.3990035999999,4.652423401867575,1.1205232623960193,47227.0,1.4803921568627452
996.5990033999999,5.014633207111225,4.147720117488995,46743.0,1.4705882352941178
996.7990031999999,5.360128266655033,17.715643729320785,45842.0,1.4362745098039216
996.9990029999999,,14.928224377146943,46818.0,1.4585365853658536
997.1990027999999,,5.353665390286934,46583.0,1.4509803921568627
997.3990025999999,5.853176290500893,6.992428612060391,47036.0,1.4558823529411764
997.5990023999999,,18.007887865099438,48440.0,1.4926829268292683
997.7990021999999,4.51318809732482,4.888205169865147,47922.0,1.4926829268292683
997.9990019999999,,7.279993653386121,47379.0,1.4852941176470589
998.1990017999999,,4.786534334616263,47653.0,1.4878048780487805
998.3990015999999,,8.322905223475393,46694.0,1.4901960784313726
998.5990013999999,5.1736988054607504,5.2402327190466975,46880.0,1.4852941176470589
998.7990011999999,5.513825532374878,9.972072198258934,46255.0,1.4754901960784315
998.9990009999999,4.069174494610623,0.8427471196932448,46202.0,1.4803921568627452
999.1990007999999,4.072197086138592,0.7134145525989527,46193.0,1.4754901960784315
999.3990005999999,,3.736945704583201,46248.0,1.4780487804878049
999.5990003999999,,14.758991154568875,46735.0,1.4803921568627452
999.7990001999999,,4.890489262491895,46934.0,1.4780487804878049
999.9989999999999,,6.1147922999149396,46295.0,1.4803921568627452
1000.1989997999999,4.452329209252286,3.0752574967746105,46475.0,1.4803921568627452
1000.3989995999999,4.244351807853471,1.818498314229034,46298.0,1.4803921568627452
1000.5989993999999,3.978856017486528,0.7612561308930187,46207.0,1.4803921568627452
1000.7989991999999,4.091417467343193,1.1793280232170638,46315.0,1.4754901960784315
1000.9989989999999,4.332124152142183,2.952123286947662,46588.0,1.4803921568627452
1001.1989987999999,3.978457756501488,1.8893935492949423,46374.0,1.4803921568627452
1001.3989985999999,,3.1317650011963223,46696.0,1.4780487804878049
1001.5989983999999,,11.229854283108958,47014.0,1.4705882352941178
1001.7989981999999,4.484881966725453,2.6644363665844986,47063.0,1.4803921568627452
1001.9989979999999,4.49997889048383,4.6906636548616705,47372.0,1.4950980392156863
1002.1989977999999,6.486417904238945,13.414982977698957,48078.0,1.5098039215686274
1002.3989975999999,7.041300583595203,23.506258849569946,46779.0,1.4509803921568627
1002.5989973999999,5.386861939020212,1.6276571899401717,46704.0,1.4656862745098038
1002.7989971999999,,4.140856214943361,47024.0,1.4780487804878049
1002.9989969999999,,4.76681007041865,47011.0,1.4852941176470589
1003.1989967999999,4.49818189596167,3.6163646784205037,46752.0,1.4803921568627452
1003.3989965999999,6.939661031348229,5.83160805009155,47084.0,1.4656862745098038
1003.5989963999999,4.503258616637107,2.8276025024129874,46799.0,1.4754901960784315
1003.7989961999999,4.386881946080216,3.211513658331207,46699.0,1.4705882352941178
1003.9989959999999,4.4600962972431715,5.647186665679861,46938.0,1.4852941176470589
1004.1989957999999,4.566803244065219,5.748936615102498,47348.0,1.5
1004.3989955999999,5.718048314396693,15.284137492093155,48143.0,1.5490196078431373
1004.5989953999999,6.497786471738906,8.069248628635131,48565.0,1.5980392156862746
1004.7989951999999,4.870639292271741,15.175042510713224,47928.0,1.5196078431372548
1004.9989949999999,,7.4798544732423675,47584.0,1.5121951219512195
1005.1989947999999,,3.5710507365622566,47234.0,1.5392156862745099
1005.3989945999999,4.432246307715127,2.307918648331278,47193.0,1.5245098039215685
1005.5989943999999,,3.6664619216877297,47223.0,1.5121951219512195
1005.7989941999999,,4.055376211681606,47231.0,1.5245098039215685
1005.9989939999999,3.8942500580695567,0.8523261325047274,47357.0,1.5245098039215685
1006.1989937999999,3.886243836082299,2.10244672536581,47048.0,1.5196078431372548
1006.3989935999999,3.8994660596906976,0.8449666871676765,47009.0,1.5196078431372548
1006.5989933999999,3.885073046792293,1.7401358647458454,47230.0,1.5196078431372548
1006.7989931999999,4.194960324160054,1.948784731819945,47384.0,1.5245098039215685
1006.9989929999999,3.892696007491274,3.053513603962368,46988.0,1.5196078431372548
1007.1989927999999,3.8552584140987847,1.0671974178681343,47153.0,1.5196078431372548
1007.3989925999999,4.046315256169386,1.9327572670330762,47371.0,1.5196078431372548
1007.5989923999999,,4.051453154652299,47505.0,1.5073170731707317
1007.7989921999999,7.729472372949349,1.5612272252637625,47363.0,1.4780487804878049
1007.9989919999999,5.252329641610077,10.382344206393018,46681.0,1.4829268292682927
1008.1989917999999,,22.23003070519298,47938.0,1.5049019607843137
1008.3989915999999,5.366636782519859,4.96711332226439,47963.0,1.5392156862745099
1008.5989913999999,7.6889749984541504,11.863960518748327,48517.0,1.5833333333333333
1008.7989911999999,4.80497752621941,8.707550091112603,48056.0,1.5833333333333333
1008.9989909999999,5.271307300509338,12.618506643113143,47120.0,1.5686274509803921
1009.1989907999999,7.919036931238523,29.365859659378025,49010.0,1.6274509803921569
1009.3989905999999,5.331910173499927,15.701853048450383,47781.0,1.6127450980392157
1009.5989903999999,4.2196881496881495,2.681440545388294,48100.0,1.6127450980392157
1009.7989901999999,3.9342873710806443,1.7987025510721113,48286.0,1.607843137254902
1009.9989899999999,3.948937942523948,1.5990301256801778,48020.0,1.6127450980392157
1010.1989897999999,4.338523334299557,2.1584693303039733,48298.0,1.607843137254902
1010.3989895999999,,4.572867378703503,48434.0,1.604878048780488
1010.5989893999999,,6.5355054800549155,47948.0,1.5735294117647058
1010.7989891999999,4.982597472886613,1.1249811883370973,48039.0,1.5784313725490196
1010.9989889999999,4.218833166999334,1.4394597828272697,48096.0,1.588235294117647
1011.1989887999999,4.9697681671691445,0.45879910105605626,48095.0,1.6127450980392157
1011.3989885999999,4.301795608882223,3.1610704052760505,48006.0,1.5980392156862746
1011.5989883999999,4.71726571854715,3.378497804322661,47603.0,1.5980392156862746
1011.7989881999999,4.266210961996739,3.0678307308074833,47838.0,1.5980392156862746
1011.9989879999999,4.006273970318492,1.6570283382125677,47976.0,1.588235294117647
1012.1989877999999,3.868959146827896,2.8593424110463572,47634.0,1.5931372549019607
1012.3989875999999,,10.734155769536954,48603.0,1.5414634146341464
1012.5989873999999,,1.7795856002962396,48269.0,1.5784313725490196
1012.7989871999999,,1.1617720281858575,48729.0,1.5658536585365854
1012.9989869999999,,7.730025986930087,48106.0,1.5686274509803921
1013.1989868,,3.8043063523540694,48096.0,1.5707317073170732
1013.3989866,,8.363820514005054,47741.0,1.5833333333333333
1013.5989864,4.214132311449867,1.7128865171439143,47494.0,1.5784313725490196
1013.7989862,4.055204188481675,2.4140937533430953,47750.0,1.5784313725490196
1013.998986,3.9396684291462156,3.125774483759943,47471.0,1.5686274509803921
1014.1989858,3.9043779764391346,2.8851546008572972,47876.0,1.5735294117647058
1014.3989856,,3.4840714962074517,48293.0,1.5658536585365854
1014.5989854,,4.287175937937111,47652.0,1.5735294117647058
1014.7989852,3.883430962343096,1.2609631433973212,47800.0,1.5784313725490196
1014.998985,3.862550924475086,1.0074059148266266,47865.0,1.5784313725490196
1015.1989848,3.8721824948772636,0.23757644557657043,47826.0,1.5735294117647058
1015.3989846,4.891619737475663,1.8515881633296194,47767.0,1.588235294117647
1015.5989844,7.353831598864711,15.301168508444244,48622.0,1.553921568627451
1015.7989842,5.019377593360995,9.692096685832825,48200.0,1.5588235294117647
1015.998984,4.36948252800535,3.6963425378710526,47848.0,1.5686274509803921
1016.1989838,5.047879473640097,5.327266027013739,47724.0,1.5735294117647058
1016.3989836,4.776590880751486,6.595053982510749,48118.0,1.5784313725490196
1016.5989834,7.323101875316777,25.021884795359334,49325.0,1.6225490196078431
1016.7989832,5.268936345816568,12.486307725230319,48465.0,1.6029411764705883
1016.998983,4.759888937237107,4.001257464766796,48261.0,1.607843137254902
1017.1989828,4.559985929481874,1.7201973210490293,48328.0,1.607843137254902
1017.3989826,3.908052647942792,1.0479784248416868,48245.0,1.607843137254902
1017.5989824,3.946331367070268,1.3974971938110172,48315.0,1.6127450980392157
1017.7989822,,4.019018820100305,48804.0,1.6
1017.998982,,3.475116743000153,48404.0,1.6127450980392157
1018.1989818,3.917140971706673,1.046211139762462,48492.0,1.6127450980392157
1018.3989816,,3.4952203612974633,48791.0,1.6
1018.5989814,,3.5495003444285804,48383.0,1.6127450980392157
1018.7989812,3.8461125673360717,0.7086988663993461,48451.0,1.6127450980392157
1018.998981,4.049511898128083,1.7288541332642804,48453.0,1.607843137254902
1019.1989808,3.9371850438605587,2.055076486245522,48221.0,1.6176470588235294
1019.3989806,5.778279980096202,6.9172662801718285,48232.0,1.6029411764705883
1019.5989804,4.965728580362727,1.4134765029325371,47970.0,1.5931372549019607
1019.7989802,5.447195596267879,16.95364459978149,47051.0,1.5588235294117647
1019.99898,4.753016171814837,2.8947816258630583,46748.0,1.5441176470588236
1020.1989798,5.070461453440177,2.9393563185437297,47047.0,1.5392156862745099
1020.3989796,5.5414720971626,11.347668044001063,47755.0,1.5490196078431373
1020.5989794,,5.199805834302987,48481.0,1.497560975609756
1020.7989792,,1.9463778489497834,48142.0,1.5098039215686274
1020.998979,4.692286919130019,1.8106546071939884,48139.0,1.5245098039215685
1021.1989788,6.456087614563188,7.918473657182481,47572.0,1.4803921568627452
1021.3989786,10.036088474970896,31.925039765628608,49822.0,1.5588235294117647
1021.5989784,5.99440333312605,22.68612382765615,48243.0,1.5245098039215685
1021.7989782,4.718702928870293,5.906714714153459,47800.0,1.5196078431372548
1021.998978,7.455722786139307,9.545258038522274,48569.0,1.5490196078431373
1022.1989778,5.529175259879591,8.477462519904853,48003.0,1.553921568627451
1022.3989776,5.290055479080633,2.3541805368106847,47946.0,1.5490196078431373
1022.5989774,4.740699519775758,3.9616728983346134,48519.0,1.5490196078431373
1022.7989772,8.255507067838725,7.651908474744097,47893.0,1.5392156862745099
1022.998977,7.200986185256123,19.446744694290906,49078.0,1.5833333333333333
1023.1989768,,7.866126205470854,49537.0,1.5804878048780489
1023.3989766,6.228757510989232,7.97213838290546,49594.0,1.5609756097560976
1023.5989764,7.45273631840796,5.851459299763275,50250.0,1.5414634146341464
1023.7989762,,9.762308373970995,49179.0,1.5245098039215685
1023.998976,22.535080732749257,57.268875740196066,55244.0,1.5098039215686274
1024.1989758,10.820409060113892,20.505629544067002,54613.0,1.4215686274509804
1024.3989755999999,8.128060094032028,13.171461142991747,55513.0,1.4509803921568627
1024.5989754,13.69599871329771,16.979306296177718,55957.0,1.5147058823529411
1024.7989751999999,9.639369539146822,37.86571800831746,52533.0,1.4607843137254901
1024.998975,14.487399996252787,11.51460784228793,53373.0,1.411764705882353
1025.1989747999999,7.940727997810533,28.739851987955575,51154.0,1.3823529411764706
1025.3989746,21.13637573413297,72.69001840394756,56359.0,1.5392156862745099
1025.5989743999999,34.073403737344904,109.07019562254351,59561.0,1.8480392156862746
1025.7989742,19.227975386462553,56.732816267444086,53304.0,1.8284313725490196
1025.9989739999999,7.661807690847663,21.882854168481202,52686.0,1.7696078431372548
1026.1989738,5.241707880616395,3.9374791358652415,52369.0,1.7745098039215685
1026.3989735999999,4.012364195750409,2.7526214542433567,52005.0,1.7696078431372548
1026.5989734,3.856559822889595,0.36239534244808713,51945.0,1.7696078431372548
1026.7989731999999,3.880832500576524,1.729207410341543,52036.0,1.7647058823529411
1026.998973,3.97787661960936,2.2743993779119833,51710.0,1.7598039215686274
1027.1989727999999,,3.712469466651963,51876.0,1.7560975609756098
1027.3989726,,4.43024885841116,51688.0,1.7598039215686274
1027.5989723999999,4.096900269541779,1.9595906848426756,51940.0,1.7598039215686274
1027.7989722,3.7652839058977667,0.8796339240204661,51901.0,1.7598039215686274
1027.9989719999999,3.830084909301428,0.6373198865241134,51820.0,1.7598039215686274
1028.1989718,3.8335961235242086,2.0111690667521507,52006.0,1.7598039215686274
1028.3989715999999,3.716580530700401,1.6832091453741556,51856.0,1.7598039215686274
1028.5989714,3.7341505384660003,0.6277686177633911,51721.0,1.7598039215686274
1028.7989711999999,9.116676333564092,21.559021456701487,53447.0,1.7598039215686274
1028.998971,5.707578222541712,7.782381299330375,52862.0,1.7647058823529411
1029.1989707999999,10.645623532221471,15.423194474269051,50246.0,1.7205882352941178
1029.3989706,12.55323500491642,3.16781994697337,50850.0,1.696078431372549
1029.5989703999999,,10.74676695947531,52885.0,1.6682926829268292
1029.7989702,,14.663042614419606,54685.0,1.6911764705882353
1029.9989699999999,13.291288357660038,27.14401059354149,52206.0,1.6764705882352942
1030.1989698,11.285496485496486,35.717793915154566,50505.0,1.6225490196078431
1030.3989695999999,12.51709770942534,14.25349210332726,52083.0,1.6862745098039216
1030.5989694,27.594392430772277,152.4097380309271,60561.0,1.9852941176470589
1030.7989691999999,,52.11001132289737,57543.0,2.0
1030.998969,5.370421118357153,1.2156565843053213,57656.0,1.9951923076923077
1031.1989687999999,,87.7067428235589,51940.0,1.8431372549019607
1031.3989686,,80.03396456249007,56377.0,2.014423076923077
1031.5989683999999,,38.575593884289056,57749.0,2.049019607843137
1031.7989682,6.768560666916582,40.22685942847099,56019.0,1.9313725490196079
1031.9989679999999,7.793886514486045,91.45209389940999,50773.0,1.7352941176470589
1032.1989678,5.851172801371091,8.538656617416473,50179.0,1.7549019607843137
1032.3989675999999,5.768098135193516,6.668206951004581,50461.0,1.7941176470588236
1032.5989674,7.382217561032453,18.21633823649994,51489.0,1.8088235294117647
1032.7989671999999,7.356405880299445,3.4340844015263787,51562.0,1.7303921568627452
1032.998967,5.665990164702209,10.727240316738056,51244.0,1.6862745098039216
1033.1989667999999,5.905603180020478,21.401412745181048,49811.0,1.7303921568627452
1033.3989666,4.635238133645199,2.2942862234413766,49594.0,1.75
1033.5989663999999,7.078730394891823,25.736738889066523,48393.0,1.6862745098039216
1033.7989662,5.241791294176623,7.504543313633058,47876.0,1.661764705882353
1033.9989659999999,3.99284842875773,1.9661894014794221,47542.0,1.6666666666666667
1034.1989658,11.332130108691292,42.27301012582943,49866.0,1.7303921568627452
1034.3989655999999,5.688778275093832,0.3548738745230736,49823.0,1.7058823529411764
1034.5989654,5.46515604119173,7.257457672973281,50884.0,1.6911764705882353
1034.7989651999999,6.8386781735196225,6.216965766098674,50173.0,1.75
1034.998965,8.792759886789566,39.008572989172826,52292.0,1.8235294117647058
1035.1989647999999,4.816197113968784,24.17292152262599,50935.0,1.7598039215686274
1035.3989646,4.669841396349725,6.192591575829865,50188.0,1.7450980392156863
1035.5989643999999,4.177952599083848,1.724367821609304,50210.0,1.75
1035.7989642,,13.136235679129069,51812.0,1.7884615384615385
1035.998964,,13.949480851194332,50804.0,1.7696078431372548
1036.1989638,3.9891993658343243,3.009743948599473,50460.0,1.7696078431372548
1036.3989636,4.060903616828683,2.3031869224556214,50818.0,1.7696078431372548
1036.5989634,3.7835286266658814,0.8604017459223198,50949.0,1.7745098039215685
1036.7989632,12.062568029125849,48.8747362649986,53286.0,1.8774509803921569
1036.998963,7.4216462728023425,6.689002552770178,53284.0,1.857843137254902
1037.1989628,4.5670836808451485,5.557869608632306,53955.0,1.8627450980392157
1037.3989626,3.9510881634465913,1.4300779163909507,54036.0,1.8627450980392157
1037.5989624,3.664521245205075,1.6347437382643584,54224.0,1.8627450980392157
1037.7989622,13.894142400603426,76.87299587496562,50379.0,1.6372549019607843
1037.998962,7.837084944941137,45.93539886920033,47313.0,1.5833333333333333
1038.1989618,7.341091112642094,7.015311494525098,46448.0,1.5931372549019607
1038.3989616,4.360627589019338,2.0772230286548323,46591.0,1.5833333333333333
1038.5989614,8.436166410897854,17.67399514210114,47569.0,1.6372549019607843
1038.7989612,13.519586766989132,26.71526617610857,50238.0,1.642156862745098
1038.998961,10.465022255913853,11.371913304935397,51447.0,1.6029411764705883
1039.1989608,,31.561391539728607,54033.0,1.6341463414634145
1039.3989606,,14.646890140039382,52494.0,1.6470588235294117
1039.5989604,9.766659569938259,11.13614669809053,51667.0,1.6862745098039216
1039.7989602,18.55733541707365,98.94295619563616,56309.0,1.9901960784313726
1039.99896,11.899131700722716,28.292606787580898,57699.0,2.0
1040.1989598,,86.42487255770256,64699.0,2.029268292682927
1040.3989596,23.5308523306027,64.21353411764083,69703.0,1.9073170731707316
1040.5989594,,59.181850520604755,67368.0,1.8088235294117647
1040.7989592,5.667324227867544,15.001982486944053,66407.0,1.7450980392156863
1040.998959,6.439154150788314,11.536241172561484,66915.0,1.7450980392156863
1041.1989588,,4.06326550019682,67613.0,1.7414634146341463
1041.3989586,,10.083287524475661,67755.0,1.7836538461538463
1041.5989584,,16.542583778765632,64941.0,1.696078431372549
1041.7989582,11.481378595979095,16.402350349127605,63717.0,1.7450980392156863
1041.998958,19.67578406859866,43.75660407751657,59593.0,1.6029411764705883
1042.1989578,17.26018492907101,112.70312968506886,50614.0,1.6813725490196079
1042.3989576,9.494006090274834,26.00602569529625,51886.0,1.7598039215686274
1042.5989574,13.876848445502416,64.2072869316434,55452.0,1.9166666666666667
1042.7989572,,39.16734645431656,53798.0,1.7836538461538463
1042.998957,,18.998082187974813,53877.0,1.7414634146341463
1043.1989568,,18.729917391613167,55115.0,1.642156862745098
1043.3989566,20.41382020743981,68.43249011699133,58523.0,1.5490196078431373
1043.5989564,11.970931473706681,40.31917462902796,56212.0,1.392156862745098
1043.7989562,9.338356669123066,23.784017093137514,54280.0,1.3431372549019607
1043.998956,11.743210497439648,110.72611063850287,43744.0,1.3333333333333333
1044.1989558,12.05386260358193,19.379844205460596,44892.0,1.411764705882353
1044.3989556,9.543308270676691,22.089321581560792,46550.0,1.446078431372549
1044.5989554,14.302547964673638,51.37527375120336,49255.0,1.5686274509803921
1044.7989552,11.247442079266142,33.55047473319831,51018.0,1.6568627450980393
1044.998955,8.2500102396068,18.874324841546834,48830.0,1.6372549019607843
1045.1989548,7.261370902865158,5.065220665920247,48479.0,1.642156862745098
1045.3989546,7.1532338515254805,8.635760832474938,48116.0,1.6372549019607843
1045.5989544,16.391924133368086,22.282959951585973,49877.0,1.6176470588235294
1045.7989542,11.48620710872285,11.923524181942916,48757.0,1.6568627450980393
1045.998954,8.515792180052607,11.696703419787225,50563.0,1.661764705882353
1046.1989538,5.778619277635319,8.922573364202414,50307.0,1.6470588235294117
1046.3989536,6.460855679296543,19.722573874904977,48219.0,1.6127450980392157
1046.5989534,6.156891991329077,15.597357304259903,50283.0,1.6323529411764706
1046.7989532,5.276454315680538,2.9275332194379113,50247.0,1.6372549019607843
1046.998953,4.617809094175416,2.340533983537033,50098.0,1.6372549019607843
1047.1989528,4.1887853470437015,2.0592554757741723,49792.0,1.642156862745098
1047.3989526,4.02354192590214,0.836331626011841,49826.0,1.642156862745098
1047.5989524,3.8685706223798775,1.3080351714661989,49616.0,1.642156862745098
1047.7989522,3.8072492273110425,1.2239300717160044,49826.0,1.642156862745098
1047.998952,3.8070564069516886,1.1765230134235558,49657.0,1.642156862745098
1048.1989518,3.9278459413342,2.802117431830582,49228.0,1.6372549019607843
1048.3989516,3.720152106555068,2.5520756285384207,49702.0,1.6372549019607843
1048.5989514,3.723504082544583,2.7264259865755798,49234.0,1.6372549019607843
1048.7989512,6.503828545962809,3.4447428051614577,49366.0,1.6225490196078431
1048.998951,6.590633774568793,1.8262150473487468,49860.0,1.6372549019607843
1049.1989508,4.512775561197759,2.677418461516231,49626.0,1.6323529411764706
1049.3989506,,5.790058258838543,49385.0,1.6195121951219513
1049.5989504,3.9307448462454824,1.3390647248863434,49527.0,1.6195121951219513
1049.7989502,,9.26668446763302,48600.0,1.607843137254902
1049.99895,4.704119542683553,1.0242213778828733,48719.0,1.6176470588235294
1050.1989498,4.12966120847287,1.425311578451716,48673.0,1.6176470588235294
1050.3989496,6.582467229887153,11.319409363602896,49359.0,1.6274509803921569
1050.5989494,5.620174851416865,1.7103472455695956,49299.0,1.6225490196078431
1050.7989492,4.621037114817657,3.908895184554824,49522.0,1.6225490196078431
1050.998949,5.90826230577872,5.704657252820692,49042.0,1.6274509803921569
1051.1989488,8.140898922106976,11.222621533038003,49170.0,1.642156862745098
1051.3989486,11.24189732910087,0.7195546119427175,49459.0,1.6372549019607843
1051.5989484,5.525323720724168,4.17936197687318,49657.0,1.6470588235294117
1051.7989482,6.856661991584852,1.3021352469638656,49910.0,1.642156862745098
1051.998948,6.493039096576311,1.4113419522619783,50209.0,1.6372549019607843
1052.1989478,7.161937501213852,10.086345610535366,51489.0,1.6323529411764706
1052.3989476,8.083751036034258,8.241621555217632,50674.0,1.6274509803921569
1052.5989474,8.967083333333333,3.4824749599666474,50400.0,1.642156862745098
1052.7989472,7.262753932337872,5.890982638298076,50161.0,1.6323529411764706
1052.998947,5.955845239751207,3.2609227571004222,50323.0,1.642156862745098
1053.1989468,5.09755418018269,1.906901063120325,50249.0,1.6372549019607843
1053.3989466,4.310792637642761,2.739253655691808,49821.0,1.6372549019607843
1053.5989464,7.999263593662925,4.124078163099104,50244.0,1.642156862745098
1053.7989462,8.579887567821675,5.935904332267826,51053.0,1.642156862745098
1053.998946,16.848678872543832,45.80168724561795,56694.0,1.6372549019607843
1054.1989458,21.850556385982394,40.992652567446086,60210.0,1.5833333333333333
1054.3989456,11.13436882421154,16.488016606913998,61227.0,1.5196078431372548
1054.5989454,9.412593744127646,34.21791290599406,58537.0,1.446078431372549
1054.7989452,5.071373023416573,8.457704742735318,57865.0,1.4558823529411764
1054.998945,5.62985212569316,7.0907889426748,58428.0,1.446078431372549
1055.1989448,8.343873048200951,11.720862004268254,58920.0,1.4901960784313726
1055.3989446,,37.331894110190454,61162.0,1.6
1055.5989444,10.150729650428463,99.84233238987856,51463.0,1.6390243902439023
1055.7989442,,25.45725310824268,50884.0,1.6862745098039216
1055.998944,15.64109898518775,37.32059786598192,54887.0,1.7450980392156863
1056.1989438,8.900388402131695,6.730882282968693,55355.0,1.7205882352941178
1056.3989436,10.791597353147758,10.117034864989474,54102.0,1.75
1056.5989434,9.521812931673626,38.35220860436491,51254.0,1.6862745098039216
1056.7989432,15.49308621255792,30.851440009960502,54818.0,1.8431372549019607
1056.998943,12.273388476896749,80.49669089627206,49084.0,1.5784313725490196
1057.1989428,,17.867904590126518,51017.0,1.6195121951219513
1057.3989426,,24.572740847374515,51925.0,1.6372549019607843
1057.5989424,12.779274955699941,28.40656815647199,54176.0,1.6323529411764706
1057.7989422,,7.467523091384112,54008.0,1.604878048780488
1057.998942,,25.38878268781029,55387.0,1.6813725490196079
1058.1989418,,36.60482757510226,53038.0,1.673170731707317
1058.3989416,,23.10370669066731,54290.0,1.7696078431372548
1058.5989414,5.872285533984186,12.8137426791144,53878.0,1.75
1058.7989412,15.498262644090232,14.821661277475306,54393.0,1.607843137254902
1058.998941,12.861087176413292,18.850893747380713,53386.0,1.6274509803921569
1059.1989408,,36.130656314722245,49255.0,1.6146341463414635
1059.3989406,,14.53618349193268,50527.0,1.6470588235294117
1059.5989404,7.183686336321545,1.6323622382308558,50755.0,1.6470588235294117
1059.7989401999998,13.531514639523623,14.765773265943178,48533.0,1.6470588235294117
1059.99894,8.119215051755969,8.246215306332497,48207.0,1.642156862745098
1060.1989397999998,3.856790845305713,3.425361689596591,47888.0,1.642156862745098
1060.3989396,4.60180750489359,1.02213122801291,48022.0,1.642156862745098
1060.5989393999998,3.4787763862551833,0.5050792839767333,47989.0,1.6470588235294117
1060.7989392,13.23090357022366,30.998174721134223,50389.0,1.6715686274509804
1060.9989389999998,9.234592483761212,9.796615592449719,51728.0,1.7058823529411764
1061.1989388,12.771939976852776,10.6183814483632,50114.0,1.6666666666666667
1061.3989385999998,,17.265836474077968,49385.0,1.6600985221674878
1061.5989384,,22.51129195423237,47953.0,1.6274509803921569
1061.7989381999998,4.768199829879048,4.248181517235377,48201.0,1.6274509803921569
1061.998938,9.918582885066304,27.96279595634649,50751.0,1.6568627450980393
1062.1989377999998,5.145573522684328,4.158077722083774,50277.0,1.6568627450980393
1062.3989376,9.69782968443878,27.490589734552827,52573.0,1.6862745098039216
1062.5989373999998,7.442208944967263,6.270956036024181,52387.0,1.6813725490196079
1062.7989372,7.842895412434424,16.9416009298153,53754.0,1.7058823529411764
1062.9989369999998,5.871358996846485,2.1920280402360452,53591.0,1.7058823529411764
1063.1989368,6.084663350901938,5.223243148707914,53884.0,1.7107843137254901
1063.3989365999998,6.814308850147661,16.049152045703003,52485.0,1.696078431372549
1063.5989364,,20.850432931301125,50712.0,1.6634146341463414
1063.7989361999998,,2.9949926868682,50216.0,1.661764705882353
1063.998936,7.2367568655064884,22.4728904316634,49705.0,1.5980392156862746
1064.1989357999998,7.546540295853205,2.781595411159362,49484.0,1.5784313725490196
1064.3989356,10.338478163356848,3.636561293832868,49046.0,1.5735294117647058
1064.5989353999998,8.477011146721493,2.911256365513726,49611.0,1.5686274509803921
1064.7989352,7.936264002911797,4.9024281519226305,49454.0,1.5784313725490196
1064.9989349999998,9.334628036938687,6.324226958196859,50462.0,1.5833333333333333
1065.1989348,6.150328362975827,8.21522043373444,50097.0,1.5686274509803921
1065.3989345999998,16.791059299040064,28.328817902898358,53441.0,1.5392156862745099
1065.5989344,24.75196520853046,43.67759071772384,54956.0,1.4656862745098038
1065.7989341999998,5.83936677045429,24.65232846665043,53314.0,1.4264705882352942
1065.998934,9.542259381067481,36.16833073512659,50474.0,1.4166666666666667
1066.1989337999998,4.158507785294,4.321921199281632,49966.0,1.4264705882352942
1066.3989336,18.28664953384982,55.52403039626615,53309.0,1.4950980392156863
1066.5989333999999,26.53446049078314,84.56733622902235,59619.0,1.696078431372549
1066.7989332,17.713526151061505,57.4371124203703,53038.0,1.7107843137254901
1066.9989329999999,6.607996314708536,19.505470548044777,52099.0,1.6666666666666667
1067.1989328,8.646525316835845,33.73484043005684,49947.0,1.6029411764705883
1067.3989325999999,7.699196803862,31.214806161426946,48058.0,1.553921568627451
1067.5989324,7.2175501647199765,27.035016418840062,50085.0,1.5686274509803921
1067.7989321999999,5.235471329411525,11.49789818749784,49127.0,1.5784313725490196
1067.998932,9.994038286987376,6.799531841133165,48476.0,1.7303921568627452
1068.1989317999999,13.39993320366987,29.401686882581128,50901.0,1.5833333333333333
1068.3989316,13.59705287865945,59.44659728663676,46011.0,1.5098039215686274
1068.5989313999999,4.414575163398693,2.041441218010893,45900.0,1.5147058823529411
1068.7989312,8.774294539989981,35.01428637246617,47912.0,1.6029411764705883
1068.9989309999999,9.266733627963037,20.992165286922496,49780.0,1.6666666666666667
1069.1989308,5.6935759300670865,5.546793068848735,49190.0,1.6323529411764706
1069.3989305999999,9.015214689492042,6.103710223224818,49886.0,1.607843137254902
1069.5989304,7.622477269947405,17.205193127166005,49054.0,1.5441176470588236
1069.7989301999999,7.185438372523988,8.474331055663226,48566.0,1.5245098039215685
1069.99893,5.921691965022274,3.6315341370134635,48488.0,1.5441176470588236
1070.1989297999999,5.220032976092333,0.7560730633253501,48520.0,1.5490196078431373
1070.3989296,4.880427163649858,0.9320996420869316,48506.0,1.553921568627451
1070.5989293999999,,10.036827140786617,49680.0,1.5658536585365854
1070.7989292,,34.93207977875339,52350.0,1.5637254901960784
1070.9989289999999,17.253188798554653,42.180878819435364,55350.0,1.7254901960784315
1071.1989288,9.414567016403133,15.453444057820777,54136.0,1.7156862745098038
1071.3989285999999,9.409307363349455,4.271681851835568,53549.0,1.7205882352941178
1071.5989284,13.707504974715665,17.051832671683677,54777.0,1.7254901960784315
1071.7989281999999,,15.589548172332501,54243.0,1.721951219512195
1071.998928,,14.524878663664088,54949.0,1.7450980392156863
1072.1989277999999,5.518874974936658,3.2013467603531214,54861.0,1.7549019607843137
1072.3989276,10.196544670903645,1.759703347090356,54756.0,1.7254901960784315
1072.5989273999999,8.665668662674651,8.601769067985837,55110.0,1.696078431372549
1072.7989272,7.384682522365263,3.336915062535171,54996.0,1.6862745098039216
1072.9989269999999,8.753110168272688,8.262849699524166,55624.0,1.7352941176470589
1073.1989268,7.99358776966689,9.150915492021625,55207.0,1.7843137254901962
1073.3989265999999,17.252565613100423,80.04416427841339,58563.0,2.0
1073.5989264,8.029001857090789,33.47534358385563,57617.0,1.9313725490196079
1073.7989261999999,,23.186862376020493,55287.0,1.9502487562189055
1073.998926,,17.528678290625628,56959.0,1.9558823529411764
1074.1989257999999,,3.5405824132128987,55352.0,2.0049751243781095
1074.3989256,5.701281557670095,5.403193162341784,54543.0,1.9900497512437811
1074.5989253999999,,13.797008104546727,54540.0,1.9607843137254901
1074.7989252,,15.588089126664887,55957.0,1.9375
1074.9989249999999,,16.471163297144514,55005.0,1.9509803921568627
1075.1989248,,40.331194403677564,56258.0,2.0796019900497513
1075.3989245999999,9.166122872715139,34.589428212022355,53942.0,1.9950248756218905
1075.5989244,5.946669120353331,6.662088177912404,54340.0,1.9900497512437811
1075.7989241999999,7.164227732066928,9.55200320838267,54327.0,2.0398009950248754
1075.998924,5.543445915786341,6.86827604637321,53768.0,2.009950248756219
1076.1989237999999,4.653941302147756,4.306232914296158,53358.0,2.0049751243781095
1076.3989236,,20.285670491128183,56085.0,1.9471153846153846
1076.5989233999999,,12.364057788551374,54470.0,1.9901960784313726
1076.7989232,6.80275764932634,17.873879774119736,53959.0,1.9558823529411764
1076.9989229999999,5.524938705994647,8.334252744143866,53431.0,1.9166666666666667
1077.1989228,6.594710481083778,9.506525446913614,54107.0,1.8970588235294117
1077.3989225999999,5.021626651777406,3.798386420026205,53730.0,1.8823529411764706
1077.5989224,6.561840439003799,6.846406954912684,54487.0,1.838235294117647
1077.7989221999999,8.07832485745107,37.703133398975396,51912.0,1.7892156862745099
1077.998922,10.369170222156834,35.10023422158555,54376.0,1.8235294117647058
1078.1989217999999,,78.1900099062339,57948.0,1.9615384615384615
1078.3989216,,54.555655818261116,55514.0,1.8774509803921569
1078.5989213999999,7.212480207558328,50.06298329382597,52419.0,1.7843137254901962
1078.7989212,4.3415056628914055,1.3068269579455838,52535.0,1.7941176470588236
1078.9989209999999,5.849126194844067,6.172356536562703,51785.0,1.8137254901960784
1079.1989208,4.461402073104201,7.216439513690025,51324.0,1.7990196078431373
1079.3989205999999,4.059943923426472,3.5157033552649457,51715.0,1.7990196078431373
1079.5989204,4.440321251269863,5.703675339357196,52171.0,1.8088235294117647
1079.7989201999999,3.809479875446892,3.7435616988885783,52026.0,1.8088235294117647
1079.99892,3.716861898890259,2.8643138404581734,51904.0,1.8088235294117647
1080.1989197999999,4.038845023341594,1.5085038207521908,52053.0,1.8186274509803921
1080.3989196,20.909967956448334,101.70751700679476,58046.0,1.9852941176470589
1080.5989193999999,15.212173139345207,36.80253596524956,60691.0,1.9509803921568627
1080.7989192,19.14907712692201,51.68658635889216,64906.0,1.7745098039215685
1080.998919,12.522794884974223,45.60953719328021,64203.0,1.7009803921568627
1081.1989188,8.7389318507552,19.526729263315946,63493.0,1.5931372549019607
1081.3989186,7.9716369268497305,19.21913172951461,61982.0,1.5784313725490196
1081.5989184,,2.026235200782315,62298.0,1.5902439024390245
1081.7989182,,23.50329178815629,60189.0,1.6127450980392157
1081.998918,17.295830264342417,129.1769143182873,48876.0,1.5833333333333333
1082.1989178,7.633806589874096,15.816488916388856,48529.0,1.5833333333333333
1082.3989176,5.067601987556892,15.743064483462511,47898.0,1.5490196078431373
1082.5989174,4.377589296878257,1.8725255338813263,47986.0,1.5686274509803921
1082.7989172,,5.5976443595660985,48584.0,1.5560975609756098
1082.998917,,7.125769493470026,47688.0,1.5931372549019607
1083.1989168,5.686173063445604,8.392338496276071,48514.0,1.5735294117647058
1083.3989166,,1.2152925092668718,48785.0,1.5414634146341464
1083.5989164,7.1610856821649405,18.002688981586246,49812.0,1.5804878048780489
1083.7989162,,16.66923577210478,48727.0,1.5490196078431373
1083.998916,18.289601702645182,57.63151347990998,52624.0,1.6274509803921569
1084.1989158,15.1175872462505,32.05936602736184,55074.0,1.7352941176470589
1084.3989156,8.719134530995325,20.243066262932143,55831.0,1.7990196078431373
1084.5989154,,55.470276776896405,60132.0,1.8653846153846154
1084.7989152,,19.40690686647648,60325.0,1.9313725490196079
1084.998915,7.224991405981437,12.109964050664525,58180.0,1.9411764705882353
1085.1989148,5.161211545636468,5.734819230264496,58966.0,1.946078431372549
1085.3989146,7.311496295302914,10.684216261069805,59654.0,1.9754901960784315
1085.5989144,,8.637879908184416,58577.0,2.029850746268657
1085.7989142,,38.142790041536,57967.0,1.8823529411764706
1085.998914,7.612776867744462,30.511925263802013,56164.0,1.838235294117647
1086.1989138,6.592767181129878,20.286943557155748,54944.0,1.7990196078431373
1086.3989136,8.446813061457293,7.446349357806419,56104.0,1.803921568627451
1086.5989134,5.510662097619005,2.1440277388374973,56321.0,1.7990196078431373
1086.7989132,8.673135569725535,30.26384841033407,54105.0,1.7205882352941178
1086.998913,8.928229001584786,61.78387363315721,50480.0,1.6372549019607843
1087.1989128,10.508210494157183,19.899552330469394,52372.0,1.6372549019607843
1087.3989126,6.644424765131681,3.9802886177048085,51944.0,1.6274509803921569
1087.5989124,,3.6031390876174276,52131.0,1.6390243902439023
1087.7989122,,3.994462566819595,51766.0,1.642156862745098
1087.998912,5.19002023976335,3.077852583189573,51384.0,1.6519607843137254
1088.1989118,5.934630394857668,9.062467301259119,52272.0,1.642156862745098
1088.3989116,16.821148659655726,75.43562882820234,55247.0,1.8676470588235294
1088.5989114,8.633855905186962,47.743821559176126,53326.0,1.7107843137254901
1088.7989112,6.362555413629875,2.0850541800317357,53236.0,1.7303921568627452
1088.998911,,3.265807408080561,53401.0,1.721951219512195
1089.1989108,,5.08978903565406,52834.0,1.7254901960784315
1089.3989106,4.188751589696866,1.2588386579112805,52683.0,1.7254901960784315
1089.5989104,5.516803061301811,1.5440918033479307,52788.0,1.7205882352941178
1089.7989102,5.121342742704559,3.295645984586542,52430.0,1.7254901960784315
1089.99891,,14.506993369839224,54442.0,1.8221153846153846
1090.1989098,,13.256576578056048,52876.0,1.7352941176470589
1090.3989096,10.122497753818509,43.005898977259996,55650.0,1.8480392156862746
1090.5989094,14.810871402210841,67.34741219084665,57987.0,1.9803921568627452
1090.7989092,8.498414128671833,59.265982235193164,55490.0,1.8872549019607843
1090.998909,5.196541163754278,2.723754412336078,55510.0,1.8774509803921569
1091.1989088,6.630023254123974,2.9795749869523624,55044.0,1.838235294117647
1091.3989086,5.446777416013023,17.28569243177004,54056.0,1.8186274509803921
1091.5989084,8.883321270159419,2.0521320190578103,53883.0,1.8823529411764706
1091.7989082,7.995627157652474,42.22022830588521,52140.0,1.6274509803921569
1091.998908,8.420297362110311,7.556640979194949,52125.0,1.6470588235294117
1092.1989078,8.762463070662777,24.888155915988417,53819.0,1.7009803921568627
1092.3989076,8.149941744653663,17.067300555422527,53214.0,1.6372549019607843
1092.5989074,6.087499291771327,2.3564974856849594,52949.0,1.6372549019607843
1092.7989072,6.592290445955875,6.549469497897668,53077.0,1.6666666666666667
1092.998907,,10.116818943202057,53892.0,1.6829268292682926
1093.1989068,,21.03235178299885,54862.0,1.6862745098039216
1093.3989066,16.996347321369004,66.44020811506137,59956.0,1.696078431372549
1093.5989064,13.114559546628886,15.69188658601368,59995.0,1.6372549019607843
1093.7989062,14.685705094983648,57.391449124383634,55957.0,1.7058823529411764
1093.998906,9.403335348291433,2.763707266057696,56246.0,1.7156862745098038
1094.1989058,12.041221631971167,40.80048146544059,53273.0,1.6225490196078431
1094.3989056,7.68563690769289,6.128655199203017,52802.0,1.6372549019607843
1094.5989054,5.474693090478645,6.516996791004856,52377.0,1.6274509803921569
1094.7989052,4.251953971034145,6.007570904291632,53097.0,1.6274509803921569
1094.998905,5.058437742858768,5.027439940148593,52757.0,1.6274509803921569
1095.1989048,4.67917252384028,3.1242094394816453,52642.0,1.6372549019607843
1095.3989046,4.325581837180583,0.2895926836251203,52635.0,1.6372549019607843
1095.5989044,10.082388637590514,19.747016932308963,53721.0,1.642156862745098
1095.7989042,6.44215671752333,3.9406184242240125,54008.0,1.6666666666666667
1095.998904,5.552364864864865,4.122229542904639,54464.0,1.6568627450980393
1096.1989038,7.398921832884097,5.481289671061601,54166.0,1.6764705882352942
1096.3989036,11.072595752573495,2.525281049496306,53915.0,1.6862745098039216
1096.5989034,11.15470263065041,34.748019436816584,51014.0,1.6372549019607843
1096.7989032,7.1063555598945625,6.462338741040865,51215.0,1.6568627450980393
1096.998903,6.936543181021386,6.5143177184260175,51342.0,1.6568627450980393
1097.1989028,11.074221712330099,5.17367441868508,51427.0,1.6323529411764706
1097.3989026,8.687259303601715,11.91980551930369,50115.0,1.5980392156862746
1097.5989024,7.315857566529329,12.715570933335863,50241.0,1.6127450980392157
1097.7989022,6.731106926964622,8.821709039929381,50455.0,1.642156862745098
1097.998902,13.980213828088685,7.974431498648075,49479.0,1.6127450980392157
1098.1989018,27.462871602555932,41.58568325853593,54931.0,1.6372549019607843
1098.3989016,10.199071407376376,21.086593421507793,57291.0,1.6764705882352942
1098.5989014,24.31580070622017,44.38442418842638,51542.0,1.6911764705882353
1098.7989012,6.927651784806264,33.25493042833271,49165.0,1.6372549019607843
1098.998901,5.899340527577937,11.189545060974634,50040.0,1.661764705882353
1099.1989008,7.248894021845516,22.017578536512467,51086.0,1.7205882352941178
1099.3989006,5.117014227246151,4.837854984848761,51310.0,1.7107843137254901
1099.5989004,5.329618021547502,5.905024370815051,51050.0,1.7254901960784315
1099.7989002,8.501035155864898,1.6994892980759606,50717.0,1.7009803921568627
1099.9989,6.601891897229299,0.764543940814764,50637.0,1.7009803921568627
1100.1988998,5.393469355287754,13.140793090625849,50286.0,1.6862745098039216
1100.3988996,5.724566653945809,8.9860375180383,49787.0,1.6764705882352942
1100.5988994,6.502559593591247,15.297911571055083,51180.0,1.696078431372549
1100.7988992,7.47504339854493,12.344983320592872,51269.0,1.7058823529411764
1100.998899,4.610834093246154,1.2256731295067844,51541.0,1.7107843137254901
1101.1988988,10.911540669856459,23.833338492575713,52250.0,1.7352941176470589
1101.3988986,9.287333469592523,8.38303874572725,53819.0,1.7549019607843137
1101.5988984,5.513182085252365,13.813826536547245,52761.0,1.7401960784313726
1101.7988982,7.49878565921357,10.397487963488786,51880.0,1.7107843137254901
1101.998898,5.2250127736509056,22.039918720893738,50886.0,1.6715686274509804
1102.1988978,5.6883882972405875,2.295383084078328,50518.0,1.6862745098039216
1102.3988976,5.631480931154036,5.957738158749256,50475.0,1.6862745098039216
1102.5988974,4.202449322634222,4.411083734645114,49973.0,1.6862745098039216
1102.7988972,3.9534925660241256,1.4866888227219517,49906.0,1.6862745098039216
1102.998897,4.698669032830524,4.8435986128943425,50715.0,1.6813725490196079
1103.1988968,12.169346944483289,9.22568213541201,50057.0,1.6715686274509804
1103.3988966,7.922600994783453,8.856139861339674,49458.0,1.6372549019607843
1103.5988964,,4.562376655530871,49918.0,1.6439024390243901
1103.7988962,,12.128194663111893,51321.0,1.6666666666666667
1103.9988959999998,5.88666172222656,5.703426540504095,51236.0,1.6715686274509804
1104.1988958,5.909627378226888,6.740971522689869,50668.0,1.6470588235294117
1104.3988955999998,12.411499939175217,16.017139672551494,49322.0,1.5784313725490196
1104.5988954,12.47226003047232,15.649432628676132,49225.0,1.5833333333333333
1104.7988951999998,6.545749540127731,12.060810299725517,48383.0,1.5637254901960784
1104.998895,9.07133896806301,4.535991509720535,48627.0,1.553921568627451
1105.1988947999998,6.592471054423875,2.010848137369258,48453.0,1.5588235294117647
1105.3988946,5.911421141701408,1.489827291947294,48454.0,1.553921568627451
1105.5988943999998,4.438989394884591,3.693638938023603,48090.0,1.5490196078431373
1105.7988942,9.534415408075871,2.9122870890127457,47871.0,1.5196078431372548
1105.9988939999998,6.357818714674482,2.0982343977890605,47770.0,1.5245098039215685
1106.1988938,7.065177728845549,3.422331185802678,47685.0,1.5245098039215685
1106.3988935999998,5.335939786744721,0.9525008792565984,47830.0,1.5245098039215685
1106.5988934,4.560891472057871,0.9165006767280324,47831.0,1.5245098039215685
1106.7988931999998,4.365990613476366,2.001213523515643,47728.0,1.5196078431372548
1106.998893,,2.8574940107632982,47870.0,1.5170731707317073
1107.1988927999998,,3.8897595575053074,47380.0,1.5196078431372548
1107.3988926,4.214441599865698,2.1576927975646356,47654.0,1.5098039215686274
1107.5988923999998,4.077533744656657,1.2549239739372038,47489.0,1.5245098039215685
1107.7988922,4.165612748197799,0.4756470556952301,47442.0,1.5147058823529411
1107.9988919999998,3.969829314091609,0.947807221924715,47397.0,1.5147058823529411
1108.1988918,4.050541364448649,1.3355074947508285,47565.0,1.5098039215686274
1108.3988915999998,4.226939605954284,5.312880994136881,48167.0,1.5196078431372548
1108.5988914,,5.650956535948873,48009.0,1.5414634146341464
1108.7988911999998,,4.748548222178422,47951.0,1.5098039215686274
1108.998891,5.661975694151405,4.9034804350478645,47396.0,1.5098039215686274
1109.1988907999998,4.567164179104478,2.9560394582114116,47704.0,1.5147058823529411
1109.3988906,4.457284314758243,2.5891107946905976,47465.0,1.5147058823529411
1109.5988903999998,7.400998300764656,3.728676101559538,47080.0,1.5196078431372548
1109.7988902,4.567488375055736,1.3729045608381305,47097.0,1.5196078431372548
1109.9988899999998,4.426100863631517,2.4322030525876164,46895.0,1.5196078431372548
1110.1988898,4.553344965528981,0.9844448041396001,46996.0,1.5098039215686274
1110.3988895999998,16.12488013873304,34.08949873883301,49015.0,1.5490196078431373
1110.5988894,20.847902714134648,59.099712021020046,51066.0,1.6813725490196079
1110.7988891999998,18.11059899304013,40.96952519303384,54024.0,1.7549019607843137
1110.998889,7.677772427587229,0.976649471739058,53996.0,1.7745098039215685
1111.1988887999998,,2.858516400315637,53378.0,1.7783251231527093
1111.3988886,,15.844058116210565,52989.0,1.7549019607843137
1111.5988883999999,4.975856474854471,5.1640322125622005,52395.0,1.7598039215686274
1111.7988882,4.298113351228892,0.40057579592011766,52527.0,1.7598039215686274
1111.9988879999999,4.0795004156758115,4.565818457974793,51723.0,1.7598039215686274
1112.1988878,,13.879219812367646,52744.0,1.7836538461538463
1112.3988875999999,,14.642261303578591,51591.0,1.7598039215686274
1112.5988874,3.836578046246778,2.5463093531178123,51982.0,1.7598039215686274
1112.7988871999999,3.761031463485038,0.7945229164377287,51965.0,1.7598039215686274
1112.998887,,14.201928281262122,53041.0,1.7788461538461537
1113.1988867999999,,13.92543999876716,51778.0,1.7598039215686274
1113.3988866,3.7799343956833136,1.3376612040129512,51521.0,1.7598039215686274
1113.5988863999999,3.7395073434083477,0.7346174032781972,51679.0,1.7598039215686274
1113.7988862,3.860265601128217,3.596515753454982,51054.0,1.7598039215686274
1113.9988859999999,4.247259299149902,4.24878359691741,51994.0,1.7549019607843137
1114.1988858,,14.87319185070896,52904.0,1.7932692307692308
1114.3988855999999,,14.131403464692324,52036.0,1.7598039215686274
1114.5988854,3.875349978905381,0.801390097548531,52146.0,1.7549019607843137
1114.7988851999999,3.8089628975942906,0.4553625964929169,52126.0,1.7549019607843137
1114.998885,3.8541455871403754,1.4440440094614604,52381.0,1.7549019607843137
1115.1988847999999,,4.814842662335088,52208.0,1.751219512195122
1115.3988846,,12.47146518302435,50846.0,1.7810945273631842
1115.5988843999999,,8.9260773300878,52036.0,1.7549019607843137
1115.7988842,4.043523395747626,0.9473892763275438,52018.0,1.7598039215686274
1115.9988839999999,,1.690550759964177,52694.0,1.7414634146341463
1116.1988838,,13.881804029590255,51503.0,1.7303921568627452
1116.3988835999999,5.36133171628653,4.223920985628123,51122.0,1.7303921568627452
1116.5988834,4.336821758400531,1.4612988169544257,51217.0,1.7303921568627452
1116.7988831999999,3.8973967209261327,0.7023336998260166,51051.0,1.7303921568627452
1116.998883,3.8492561146596045,1.1622000707541955,51352.0,1.7303921568627452
1117.1988827999999,3.806478697231226,0.3208182669053811,51214.0,1.7303921568627452
1117.3988826,4.022448859973038,0.3078019538444379,51183.0,1.7303921568627452
1117.5988823999999,3.8662843991964584,0.4219001935955115,51273.0,1.7303921568627452
1117.7988822,3.9398945518453425,0.13802297317252393,51210.0,1.7303921568627452
1117.9988819999999,5.2900806815728,3.3893293828843962,50941.0,1.7352941176470589
1118.1988818,4.807782972537618,3.196501997549439,50906.0,1.7303921568627452
1118.3988815999999,,7.625664572870455,50501.0,1.7121951219512195
1118.5988814,,10.493001100912885,51318.0,1.7836538461538463
1118.7988811999999,,13.498092429862488,50268.0,1.7254901960784315
1118.998881,3.9389981683523136,0.7517883206951418,50228.0,1.7303921568627452
1119.1988807999999,7.804440014852163,9.142233125918755,51171.0,1.7254901960784315
1119.3988806,,18.869690879617078,49839.0,1.7170731707317073
1119.5988803999999,,11.146199442501864,50363.0,1.7303921568627452
1119.7988802,,11.71251364701214,52779.0,1.7211538461538463
1119.9988799999999,,11.15779345434688,50928.0,1.7450980392156863
1120.1988798,3.6705286309009506,1.8492569368939336,50924.0,1.7450980392156863
1120.3988795999999,3.9776795363002257,0.6450700378291011,50895.0,1.75
1120.5988794,,11.977438311090811,52324.0,1.7307692307692308
1120.7988791999999,,12.277960554114287,51276.0,1.75
1120.998879,5.979036172878171,3.0703303714398875,51088.0,1.7352941176470589
1121.1988787999999,6.950565571555418,7.501168636717148,51806.0,1.7598039215686274
1121.3988786,7.405247980444207,2.581383753282768,52363.0,1.7549019607843137
1121.5988783999999,6.130364433406709,5.2918413193475216,53151.0,1.75
1121.7988782,4.103350261502312,3.0401233369047063,52772.0,1.75
1121.9988779999999,17.35207609152374,4.959794413746061,52358.0,1.7696078431372548
1122.1988778,,2.211391020191404,53473.0,1.7560975609756098
1122.3988775999999,,12.443125765502497,52386.0,1.7450980392156863
1122.5988774,5.231307008540388,6.963590354002311,51637.0,1.7450980392156863
1122.7988771999999,4.3624332935864105,2.3196763775309566,51157.0,1.7450980392156863
1122.998877,4.039549981698742,3.454160173371282,51909.0,1.7450980392156863
1123.1988767999999,3.9205445307257216,1.3744750931045362,52155.0,1.7450980392156863
1123.3988766,3.9036886034078235,0.8091793235823299,51998.0,1.7450980392156863
1123.5988763999999,4.008758870047758,2.3134268238733937,51719.0,1.7401960784313726
1123.7988762,3.833115986498926,2.6461007513431754,52144.0,1.7450980392156863
1123.9988759999999,3.7783302699042274,2.658447207131615,51685.0,1.7450980392156863
1124.1988758,3.74803134296436,1.6565406505427969,51431.0,1.7401960784313726
1124.3988755999999,3.759524363749224,0.6532615477507823,51552.0,1.7450980392156863
1124.5988754,3.7320228330963,1.363151252703097,51329.0,1.7450980392156863
1124.7988751999999,,13.068644288726508,52881.0,1.7884615384615385
1124.998875,,14.265440241659467,51599.0,1.7401960784313726
1125.1988747999999,4.144398806525361,0.34967619022596885,51614.0,1.7401960784313726
1125.3988746,3.870294265886093,0.6168079326091117,51586.0,1.7401960784313726
1125.5988743999999,3.9052138231461853,0.8941083655139086,51421.0,1.7401960784313726
1125.7988742,3.8237639862170427,1.1723611637250855,51658.0,1.7401960784313726
1125.998874,3.766571107581451,0.06774273430611288,51626.0,1.7401960784313726
1126.1988738,,15.202086452396507,52390.0,1.7740384615384615
1126.3988736,,15.171080505542092,51590.0,1.7401960784313726
1126.5988734,3.75489396411093,0.6339715666290823,51492.0,1.7450980392156863
1126.7988732,3.771426902179205,1.285749509867506,51349.0,1.7401960784313726
1126.998873,4.026650538473545,1.1889359871167653,51256.0,1.7401960784313726
1127.1988728,4.051734619834873,1.6029391929663312,50991.0,1.7401960784313726
1127.3988726,4.592033127260002,1.7137024742798077,51438.0,1.7352941176470589
1127.5988724,4.071036549764509,0.4551522628987606,51382.0,1.7352941176470589
1127.7988722,3.7589757538078956,0.8071407956364756,51472.0,1.7352941176470589
1127.998872,3.809352239268557,0.42754027634822883,51624.0,1.7352941176470589
1128.1988718,3.744643063974364,1.1928728649367275,51802.0,1.7352941176470589
1128.3988716,3.7822028624766646,2.2344299017364326,51424.0,1.7401960784313726
1128.5988714,3.803390487261455,1.2834144160451562,51615.0,1.7352941176470589
1128.7988712,3.7409430818706655,0.3484527267972053,51618.0,1.7352941176470589
1128.998871,3.7895329643654723,0.8452731100315363,51495.0,1.7352941176470589
1129.1988708,3.842622569451176,0.7024953547455218,51583.0,1.7352941176470589
1129.3988706,12.892142009674181,42.017862481780284,54785.0,1.7696078431372548
1129.5988704,6.506172609626664,13.506164324469886,53705.0,1.7647058823529411
1129.7988702,,20.51823748328916,53014.0,1.7548076923076923
1129.99887,,40.000611355390696,50263.0,1.6764705882352942
1130.1988698,7.934630227612822,4.90664852992007,50788.0,1.661764705882353
1130.3988696,7.693056126544116,1.9528201091068762,51081.0,1.6862745098039216
1130.5988694,5.91521604753644,16.830327335919396,50151.0,1.661764705882353
1130.7988692,,8.912125604994968,49405.0,1.6439024390243901
1130.998869,,5.878223997028801,49461.0,1.6519607843137254
1131.1988688,5.017108066971081,2.8759882603555864,49275.0,1.642156862745098
1131.3988686,6.597712788135088,10.070449838526681,50367.0,1.6666666666666667
1131.5988684,5.280314928508781,9.024041550221806,49027.0,1.661764705882353
1131.7988682,4.733690163603312,2.121409321844794,49510.0,1.661764705882353
1131.998868,4.55814709467696,2.3956443637117646,49220.0,1.6666666666666667
1132.1988678,4.590952083878368,3.3371982574081462,49691.0,1.6666666666666667
1132.3988676,4.1691315580690445,5.204564142238669,49157.0,1.6666666666666667
1132.5988674,3.967833185161238,1.786605375316671,49492.0,1.6666666666666667
1132.7988672,3.8682631063204314,2.7935897363285265,48984.0,1.6666666666666667
1132.998867,3.8886012458538954,2.7930672502865805,49444.0,1.6666666666666667
1133.1988668,3.67535885651813,0.5113449000116125,49393.0,1.6666666666666667
1133.3988666,3.6959791376068893,0.8650798618242144,49467.0,1.6666666666666667
1133.5988664,3.8688485043422323,1.889833924595442,49744.0,1.6666666666666667
1133.7988662,3.9810396937336288,2.0798752690556586,49630.0,1.6666666666666667
1133.998866,3.747787430984086,2.5106780103713287,49264.0,1.6666666666666667
1134.1988658,3.7079669327714067,0.25483595410269816,49354.0,1.6666666666666667
1134.3988656,3.752543198846677,0.597177749716438,49249.0,1.6666666666666667
1134.5988654,4.149862033725089,2.9449480294827044,48925.0,1.661764705882353
1134.7988652,6.6880337545895285,9.115386881700475,49297.0,1.6666666666666667
1134.998865,10.798260274248435,15.776224838948426,49663.0,1.6715686274509804
1135.1988648,5.96813158053671,2.6242202231527,49673.0,1.6862745098039216
1135.3988646,,8.782895083277332,49247.0,1.6829268292682926
1135.5988644,,3.75090005802988,48790.0,1.6862745098039216
1135.7988642,5.643993506493507,7.2111670529398175,49280.0,1.6911764705882353
1135.998864,4.885059822067696,5.195855494580782,48895.0,1.6862745098039216
1136.1988638,6.7278185727615725,7.842985147410706,49298.0,1.6862745098039216
1136.3988636,5.555553279528043,12.471374411454805,48818.0,1.6715686274509804
1136.5988634,6.124344230254901,3.13985797403458,48607.0,1.6862745098039216
1136.7988632,5.846782966036824,5.672429567837627,49642.0,1.6911764705882353
1136.998863,4.531966441743588,1.7219710270615671,49943.0,1.7009803921568627
1137.1988628,4.475393262970601,4.398120224966829,49458.0,1.696078431372549
1137.3988626,3.8166707456355033,2.5183054495077672,49032.0,1.696078431372549
1137.5988624,3.789371566284746,1.9836572086031996,48963.0,1.696078431372549
1137.7988622,3.7174958574142183,2.8884674167915128,49486.0,1.696078431372549
1137.998862,3.6207471045183564,2.3073475466836992,49819.0,1.696078431372549
1138.1988618,3.662933097387842,0.8394991014722056,49729.0,1.696078431372549
1138.3988616,3.5944875557878655,1.4893929648098583,49742.0,1.6911764705882353
1138.5988614,3.921211008425648,4.894657435711236,49017.0,1.6911764705882353
1138.7988612,3.5973759737597377,1.6554331623012601,48780.0,1.6911764705882353
1138.998861,3.705603350922941,0.4125807866740783,48703.0,1.6911764705882353
1139.1988608,3.6013667425968108,0.16262963909314224,48729.0,1.6911764705882353
1139.3988606,3.5968791432942377,2.1469970193286962,49025.0,1.6911764705882353
1139.5988604,6.770798031146615,3.2909862931459792,49572.0,1.6813725490196079
1139.7988602,6.960538206647254,6.52102066091613,49795.0,1.6568627450980393
1139.99886,8.069092039800996,9.055576910011217,48240.0,1.6470588235294117
1140.1988598,10.698556030936317,4.509312510008733,48616.0,1.6372549019607843
1140.3988596,10.15612953763064,10.556386303154243,48511.0,1.9215686274509804
1140.5988594,10.212335079004742,75.65471558587018,44491.0,1.4705882352941178
1140.7988592,,15.976058028100804,45790.0,1.4780487804878049
1140.998859,,18.90193739324322,46491.0,1.5098039215686274
1141.1988588,5.528082829726861,2.2889757226096363,46167.0,1.5196078431372548
1141.3988586,6.153256455360827,6.596702017584746,46047.0,1.5098039215686274
1141.5988584,4.676726867725098,5.488706149214653,45791.0,1.5098039215686274
1141.7988582,5.771347351517913,2.778519534012447,46083.0,1.5147058823529411
1141.998858,6.993334064247342,11.36226608604131,45605.0,1.4950980392156863
1142.1988578,5.592190983269485,4.544959802867398,46203.0,1.5
1142.3988576,3.846606266352412,0.8242155357521962,46247.0,1.5
1142.5988574,4.1630220411347825,2.1890805704274423,46141.0,1.4950980392156863
1142.7988572,4.165803333405579,0.05159227585087191,46139.0,1.4950980392156863
1142.998857,3.7356970710206916,1.179592363294801,46057.0,1.4950980392156863
1143.1988568,3.8556534987485036,1.1791310835409148,45945.0,1.4950980392156863
1143.3988566,3.9730848861283645,1.256676531719603,45885.0,1.4901960784313726
1143.5988564,3.8129750982961994,1.6221215248541578,45780.0,1.4901960784313726
1143.7988562,3.808187032852425,2.4664572564687566,46024.0,1.4901960784313726
1143.998856,,5.396693109089844,46049.0,1.502439024390244
1144.1988558,,4.341078400265729,45935.0,1.4950980392156863
1144.3988556,3.661254888176106,2.550341217190495,45518.0,1.4901960784313726
1144.5988554,3.704010462074978,2.7601225092419424,45880.0,1.4901960784313726
1144.7988552,3.7303482802713424,1.664051344111222,46141.0,1.4901960784313726
1144.998855,4.124201391160245,1.8092207460532999,45861.0,1.4901960784313726
1145.1988548,5.67139090309822,2.7629986054177316,45510.0,1.4901960784313726
1145.3988546,7.819410859529567,8.433365764664325,45490.0,1.5049019607843137
1145.5988544,4.76021780344782,0.8979568267278363,45362.0,1.5
1145.7988542,5.439581520890495,3.5474627168315416,44829.0,1.4901960784313726
1145.998854,,7.039616283556653,45260.0,1.4926829268292683
1146.1988538,,10.606976745693967,44751.0,1.4607843137254901
1146.3988536,,11.192235439923477,45691.0,1.4829268292682927
1146.5988534,,4.216673000704557,45329.0,1.4852941176470589
1146.7988532,5.46239156692654,3.382202421994427,45535.0,1.4852941176470589
1146.998853,4.222065344481458,3.871669581394165,45329.0,1.4803921568627452
1147.1988528,3.926175967734865,2.2644268199867095,45622.0,1.4803921568627452
1147.3988526,3.7736843256007173,0.7187998987323567,45737.0,1.4803921568627452
1147.5988524,3.8247365989925872,2.1671035326955987,45463.0,1.4803921568627452
1147.7988522,,6.574698206554454,45160.0,1.4780487804878049
1147.998852,5.314866559591648,4.86367892975993,45451.0,1.4878048780487805
1148.1988517999998,,1.7163198088396014,44897.0,1.4901960784313726
1148.3988516,5.15193967921119,2.4638673706167946,44827.0,1.4901960784313726
1148.5988513999998,3.9089567259308957,0.7920834365001119,44715.0,1.4901960784313726
1148.7988512,3.506838294448914,0.4111859175059501,44748.0,1.4950980392156863
1148.9988509999998,3.5046777081468217,0.5774771987185812,44680.0,1.4950980392156863
1149.1988508,3.655516680409155,1.5048237538667397,44873.0,1.4950980392156863
1149.3988505999998,3.568708240534521,0.808217405460345,44900.0,1.4950980392156863
1149.5988504,3.5514634966917122,2.670053285720643,44585.0,1.4950980392156863
1149.7988501999998,3.471084202264828,0.21900891830408528,44595.0,1.4901960784313726
1149.99885,3.573820463969517,0.1637692463746735,44615.0,1.4950980392156863
1150.1988497999998,3.534050661286707,0.41366990606235143,44610.0,1.4950980392156863
1150.3988496,3.46768920734438,0.33647501108094174,44660.0,1.4950980392156863
1150.5988493999998,3.7544135130891227,0.5038717886789208,44579.0,1.4950980392156863
1150.7988492,3.4827686523743453,1.0996775804770322,44686.0,1.4950980392156863
1150.9988489999998,3.626392056889843,0.406150822838807,44718.0,1.4950980392156863
1151.1988488,3.618081222140089,0.8075003796446816,44643.0,1.4901960784313726
1151.3988485999998,3.9157757905824875,0.6393983159225775,44619.0,1.4950980392156863
1151.5988484,3.5945335391084567,1.3008283845845805,44709.0,1.4950980392156863
1151.7988481999998,3.4714176999865707,0.31053114814460936,44678.0,1.4950980392156863
1151.998848,3.4632741776463205,0.29876807466490285,44628.0,1.4950980392156863
1152.1988477999998,,2.8526485566830426,44917.0,1.4878048780487805
1152.3988476,,2.27255334374224,44665.0,1.4950980392156863
1152.5988473999998,3.9583492462876015,0.734010248472008,44513.0,1.4950980392156863
1152.7988472,9.674146636171406,17.81901584400007,46346.0,1.5
1152.9988469999998,5.319253929262407,4.350635880511603,46001.0,1.4950980392156863
1153.1988468,,3.2865863539292204,46319.0,1.502439024390244
1153.3988465999998,,1.967815510000917,45353.0,1.5
1153.5988464,6.827911331765526,7.9006058044223195,45924.0,1.4950980392156863
1153.7988461999998,7.720317716629935,6.814135352195703,45827.0,1.4803921568627452
1153.998846,4.628127186843947,3.2705332626013894,45728.0,1.4754901960784315
1154.1988457999998,8.766162097471245,7.284668254442918,45121.0,1.4803921568627452
1154.3988456,5.159337521416334,2.363257213307312,45526.0,1.4901960784313726
1154.5988453999998,10.955968216339611,2.709751348512599,45558.0,1.4411764705882353
1154.7988452,6.6961614869956385,24.60014626982778,43793.0,1.4068627450980393
1154.9988449999998,6.14546151937005,7.015422444356618,44321.0,1.4068627450980393
1155.1988448,6.518138479001135,12.427809494539789,44050.0,1.3872549019607843
1155.3988445999998,6.350397994940939,10.746924882526827,43091.0,1.3823529411764706
1155.5988444,6.705031330630298,5.569572452984531,43408.0,1.3774509803921569
1155.7988441999998,7.204897362777214,10.747115591726203,42431.0,1.357843137254902
1155.998844,6.03248286990482,7.829005427623583,42761.0,1.3725490196078431
1156.1988437999998,5.303143677349523,3.6844621668403317,42498.0,1.3676470588235294
1156.3988436,,7.40563790772413,43396.0,1.4
1156.5988433999999,4.434771544245228,4.180674197219448,43225.0,1.3853658536585365
1156.7988432,3.7002397528701185,1.1693919711500096,43378.0,1.3804878048780487
1156.9988429999999,,4.146510760071239,43326.0,1.3823529411764706
1157.1988428,3.6741819356625283,0.7867517255327671,43334.0,1.3774509803921569
1157.3988425999999,3.6866087677670527,0.5955764556528063,43409.0,1.3823529411764706
1157.5988424,,4.895870553978311,43441.0,1.3853658536585365
1157.7988421999999,,2.779043662736089,42957.0,1.3774509803921569
1157.998842,,9.531152942269927,42364.0,1.3756097560975609
1158.1988417999999,,5.7777933142065026,42492.0,1.3676470588235294
1158.3988416,,3.5535940659527983,43070.0,1.3804878048780487
1158.5988413999999,4.580700613268909,1.7407118354394107,43048.0,1.3804878048780487
1158.7988412,,3.845585172754094,43024.0,1.3676470588235294
1158.9988409999999,3.9778985088429084,2.522036089267314,43255.0,1.3725490196078431
1159.1988408,3.666851556541635,0.8910123964857815,43269.0,1.3725490196078431
1159.3988405999999,3.6931844400350697,0.6164520946795946,43342.0,1.3676470588235294
1159.5988404,3.6738095238095236,0.6196193514945818,43260.0,1.3676470588235294
1159.7988401999999,3.6921467653685225,1.9142377120987637,43498.0,1.3725490196078431
1159.99884,3.678969343267745,1.030781485119069,43351.0,1.3676470588235294
1160.1988397999999,3.6708813857625864,1.702921005847374,43182.0,1.3725490196078431
1160.3988396,3.698973086997844,0.6151932735525052,43139.0,1.3676470588235294
1160.5988393999999,3.828625539875742,1.6260995886694822,43297.0,1.3725490196078431
1160.7988392,3.6816844428098565,1.5875692815924427,43504.0,1.3725490196078431
1160.9988389999999,,4.857419140642455,43513.0,1.395121951219512
1161.1988388,3.7076333425135406,1.3282761936048373,43572.0,1.3756097560975609
1161.3988385999999,,3.073125931574368,43162.0,1.3725490196078431
1161.5988384,4.086953518889426,2.3212303147099678,43437.0,1.3774509803921569
1161.7988381999999,3.690697137580794,1.2619432146839664,43320.0,1.3676470588235294
1161.998838,,3.72167205419228,43380.0,1.3853658536585365
1162.1988377999999,,2.5328873236683433,42993.0,1.3725490196078431
1162.3988376,3.63382731510471,1.4279008171986804,43119.0,1.3725490196078431
1162.5988373999999,3.7023235321398755,0.2171378935623643,43124.0,1.3725490196078431
1162.7988372,3.86839428545009,0.7386850768696834,43258.0,1.3676470588235294
1162.9988369999999,3.8083451038506957,0.3785528958323022,43187.0,1.3627450980392157
1163.1988368,3.8743580166215335,3.2147437500593132,42836.0,1.3725490196078431
1163.3988365999999,8.448801029360158,10.6285057152645,42745.0,1.3676470588235294
1163.5988364,5.058944035757519,2.9715471305596024,42956.0,1.3676470588235294
1163.7988361999999,5.080826630712725,2.752533430847703,43018.0,1.3676470588235294
1163.998836,,6.707723140242897,43612.0,1.4048780487804877
1164.1988357999999,,4.53046653634504,43714.0,1.3823529411764706
1164.3988356,,13.1614807164163,43090.0,1.3658536585365855
1164.5988353999999,6.297204672091017,2.127408551315791,42893.0,1.3804878048780487
1164.7988352,,3.8891971508600194,42861.0,1.3676470588235294
1164.9988349999999,5.354788142532931,1.4537119418736697,42741.0,1.3774509803921569
1165.1988348,,2.4674789460215805,43252.0,1.3853658536585365
1165.3988345999999,,2.3240347734316553,42868.0,1.3872549019607843
1165.5988344,,1.6693380910668347,43332.0,1.3853658536585365
1165.7988341999999,,3.4606760642265018,43069.0,1.3774509803921569
1165.998834,,6.366671327945129,42785.0,1.3804878048780487
1166.1988337999999,,8.332565260957242,43103.0,1.3823529411764706
1166.3988336,4.389035899117158,3.858776640395595,42703.0,1.3823529411764706
1166.5988333999999,,2.9421612687541088,43311.0,1.3853658536585365
1166.7988332,,5.171727540779367,43075.0,1.3872549019607843
1166.9988329999999,4.072759169917592,2.706988432543272,43321.0,1.3872549019607843
1167.1988328,3.7408033033033035,5.446412222034382,42624.0,1.3872549019607843
1167.3988325999999,3.5742398806192877,1.957530559267,42888.0,1.3872549019607843
1167.5988324,3.9179914559843128,0.6241162914864159,42837.0,1.3872549019607843
1167.7988321999999,3.5486112730579977,0.2468044094839031,42881.0,1.3872549019607843
1167.998832,3.5953555810200886,1.0634597268265589,42761.0,1.3872549019607843
1168.1988317999999,,3.8677515956396635,43424.0,1.3902439024390243
1168.3988316,,4.0076892207686035,42769.0,1.3774509803921569
1168.5988313999999,7.200027640853181,5.621491447374843,43414.0,1.3823529411764706
1168.7988312,6.890994820337723,3.3291078308304813,43053.0,1.3872549019607843
1168.9988309999999,6.5756442227763925,3.8833497467742975,43308.0,1.3823529411764706
1169.1988308,3.8902503749855777,0.932418820806989,43335.0,1.392156862745098
1169.3988305999999,,4.475407554461173,43427.0,1.424390243902439
1169.5988304,,4.613506308084787,43198.0,1.3872549019607843
1169.7988301999999,4.235534934497816,5.599055426286647,43968.0,1.3872549019607843
1169.99883,3.651783870597683,3.1004246024658366,43585.0,1.3872549019607843
1170.1988297999999,,3.1420500292291065,43809.0,1.424390243902439
1170.3988296,,2.949597288122335,43194.0,1.3823529411764706
1170.5988293999999,7.081338028169014,5.715577064821963,42600.0,1.3823529411764706
1170.7988292,5.049587356509948,2.5861197561084985,42773.0,1.3823529411764706
1170.998829,5.248636705528394,2.529513797726829,42544.0,1.3774509803921569
1171.1988288,6.465053826214884,8.15249766171698,42823.0,1.4019607843137254
1171.3988286,,4.938426787788053,43485.0,1.4048780487804877
1171.5988284,,11.450897337746921,43195.0,1.392156862745098
1171.7988282,,3.9299395355420375,43464.0,1.4146341463414633
1171.998828,,7.179684769547182,43756.0,1.3970588235294117
1172.1988278,3.651221297228067,0.6208998604716292,43724.0,1.392156862745098
1172.3988276,3.681876488913322,0.9868694884828708,43656.0,1.392156862745098
1172.5988274,,5.381441321711519,43530.0,1.4048780487804877
1172.7988272,,6.252752835583669,43695.0,1.3970588235294117
1172.998827,,4.593079856147162,43675.0,1.4048780487804877
1173.1988268,,2.9610358127556204,42980.0,1.4068627450980393
1173.3988266,3.622429693726517,7.820831123756573,43915.0,1.392156862745098
1173.5988264,3.6055493490800483,0.5348440471053652,43861.0,1.392156862745098
1173.7988262,3.7147152619589976,0.6662103135844056,43900.0,1.3970588235294117
1173.998826,,9.995764700326909,43176.0,1.3902439024390243
1174.1988258,,7.373754105781294,43521.0,1.3872549019607843
1174.3988256,7.276179010487811,4.414537611044107,43193.0,1.3872549019607843
1174.5988254,,13.260062216607963,43528.0,1.4
1174.7988252,,3.278487512586622,43501.0,1.4068627450980393
1174.998825,8.434612716763006,7.404480073014367,43250.0,1.3970588235294117
1175.1988248,8.097967396956747,7.908574596623993,44229.0,1.392156862745098
1175.3988246,9.81886894928602,0.4997633969778937,44189.0,1.4068627450980393
1175.5988244,,5.322251374283324,43994.0,1.4195121951219511
1175.7988242,,3.8599472725774113,43617.0,1.3970588235294117
1175.998824,6.357037582903463,7.681270403130323,43424.0,1.3872549019607843
1176.1988238,,2.508616303747379,44045.0,1.395121951219512
1176.3988236,,3.4536602054707948,43791.0,1.3872549019607843
1176.5988234,4.7298146618955865,2.1421771123964426,43596.0,1.3872549019607843
1176.7988232,4.393586741954735,1.9854612703300292,43566.0,1.392156862745098
1176.998823,3.924478030181225,1.0417082295492266,43537.0,1.3823529411764706
1177.1988228,4.020214003787274,2.411209478112139,43831.0,1.3823529411764706
1177.3988226,,3.639051449999869,43998.0,1.424390243902439
1177.5988224,,3.6517286078253623,43573.0,1.3872549019607843
1177.7988222,6.062030293864446,4.799296407067041,42979.0,1.3872549019607843
1177.998822,,4.591766589645547,43214.0,1.3804878048780487
1178.1988218,,4.736883889633524,42529.0,1.3774509803921569
1178.3988216,4.291831200342547,4.0895694118652814,42038.0,1.3627450980392157
1178.5988214,6.1367121447267845,10.036475217877676,43171.0,1.3774509803921569
1178.7988212,,3.6700263637717208,43439.0,1.4195121951219511
1178.998821,,4.618575453093427,43426.0,1.3823529411764706
1179.1988208,,6.412396063070191,43330.0,1.3853658536585365
1179.3988206,,1.5099731618933177,42752.0,1.3823529411764706
1179.5988204,3.7497890097524382,1.119448170046153,42656.0,1.3872549019607843
1179.7988202,,0.76031144597252,43231.0,1.4195121951219511
1179.99882,,5.145611231516403,42500.0,1.3725490196078431
1180.1988198,5.510355778524417,7.963528168758149,43454.0,1.3774509803921569
1180.3988196,5.380736623303828,7.773585904389024,42817.0,1.3676470588235294
1180.5988194,6.650629984972835,5.400793352832751,43255.0,1.3676470588235294
1180.7988192,5.410539131233777,3.222637701244832,43533.0,1.3676470588235294
1180.998819,4.958135219761104,6.344752267981725,43115.0,1.3676470588235294
1181.1988188,4.101672054138276,1.8183893311607466,43001.0,1.3676470588235294
1181.3988186,3.892012660584621,0.47216297582395583,42968.0,1.3627450980392157
1181.5988184,3.7893231649189705,1.0979497202102175,43009.0,1.3725490196078431
1181.7988182,4.162829023722204,0.6726487260989616,43082.0,1.3627450980392157
1181.998818,9.482889553372253,8.211667459415768,42138.0,1.357843137254902
1182.1988178,6.907575259474945,4.264276121584729,42586.0,1.3627450980392157
1182.3988176,5.177363056731977,2.8307733800199695,42974.0,1.3676470588235294
1182.5988174,6.600672491771448,6.021182175211772,42231.0,1.3529411764705883
1182.7988172,11.379043566558677,16.829969536413316,41362.0,1.3186274509803921
1182.998817,10.969303423848878,10.19446372478525,42350.0,1.3480392156862746
1183.1988168,5.023645600873652,2.9901393847088777,42122.0,1.3480392156862746
1183.3988166,6.429521682923963,5.077076304131567,42545.0,1.3529411764705883
1183.5988164,,3.46807529996116,42879.0,1.3804878048780487
1183.7988162,,2.63872623477847,42490.0,1.3480392156862746
1183.998816,4.241697198912658,2.332255947750047,42305.0,1.3627450980392157
1184.1988158,5.357779284862374,5.418570643317253,42761.0,1.357843137254902
1184.3988156,5.1051581714071155,2.3601563405595587,42612.0,1.3627450980392157
1184.5988154,,5.215208359743746,42664.0,1.3853658536585365
1184.7988152,4.313016021517951,1.1160811871580978,42755.0,1.3902439024390243
1184.998815,7.10225171074533,6.217505967607199,43256.0,1.4195121951219511
1185.1988148,8.763693968551983,6.265939378073164,42610.0,1.3707317073170733
1185.3988146,6.935999443271706,5.104000259522899,43109.0,1.3853658536585365
1185.5988144,,6.845933590977327,42564.0,1.3480392156862746
1185.7988142,,9.824336344381084,42489.0,1.4048780487804877
1185.998814,,6.556359066162685,42349.0,1.357843137254902
1186.1988138,4.413941398865784,0.4562507642502435,42320.0,1.357843137254902
1186.3988136,3.946269223466869,1.9202602188048992,42136.0,1.357843137254902
1186.5988134,3.80747167646637,2.3034438041331606,41838.0,1.357843137254902
1186.7988132,3.984940965757783,4.902829918787133,42433.0,1.3627450980392157
1186.998813,,6.700173378308191,42171.0,1.3707317073170733
1187.1988128,,3.890962527879204,41934.0,1.3627450980392157
1187.3988126,11.591036479444123,18.773350381959,43175.0,1.3774509803921569
1187.5988124,7.326755845168988,3.704353172965865,43583.0,1.3823529411764706
1187.7988122,4.759424795958026,2.574924243925394,43741.0,1.3823529411764706
1187.998812,4.461784907573872,3.1207911866834834,43386.0,1.3823529411764706
1188.1988118,3.8553096735687067,1.9407007566506385,43562.0,1.3774509803921569
1188.3988116,3.8600936572700295,3.710667357413791,43136.0,1.3725490196078431
1188.5988114,10.814624459759374,3.2191046778503822,42805.0,1.3676470588235294
1188.7988112,11.44130612244898,10.100541304792891,42875.0,1.3627450980392157
1188.998811,,4.186759914416781,43066.0,1.3902439024390243
1189.1988108,,28.65208178310443,44471.0,1.4313725490196079
1189.3988106,6.845937230322024,4.749975803593906,44034.0,1.4509803921568627
1189.5988104,6.502737287944669,5.978030268353892,44387.0,1.4852941176470589
1189.7988102,5.536235496736766,2.7379622827897565,44128.0,1.4803921568627452
1189.99881,4.03534633063877,0.742707162071138,44163.0,1.4852941176470589
1190.1988098,4.083549793327762,1.3167121778150976,44273.0,1.4754901960784315
1190.3988096,4.123192177987009,1.1840272125140765,44183.0,1.4803921568627452
1190.5988094,4.1313778098437535,1.9918949762049418,44353.0,1.4803921568627452
1190.7988092,4.146893417915148,1.4261427158570303,44454.0,1.4901960784313726
1190.998809,3.9486954565901935,0.49951790885307806,44460.0,1.4852941176470589
1191.1988088,4.072354672718693,1.589107867724826,44503.0,1.4901960784313726
1191.3988086,3.9183179515019906,2.5757734113565656,44208.0,1.4901960784313726
1191.5988084,4.359118644067797,0.5802859160260306,44250.0,1.4901960784313726
1191.7988082,4.8345758613741685,4.28335032015439,44667.0,1.5098039215686274
1191.998808,4.37706274316891,0.9153945368900029,44722.0,1.5098039215686274
1192.1988078,4.442998356263088,3.0199217548145834,44411.0,1.5098039215686274
1192.3988075999998,4.8424952842899485,2.2073526301480384,44532.0,1.4852941176470589
1192.5988074,10.988129339780462,27.196206335390972,43637.0,1.3676470588235294
1192.7988071999998,6.637348542110447,1.5199783924875854,43659.0,1.3725490196078431
1192.998807,,7.30847687606942,44082.0,1.4048780487804877
1193.1988067999998,,23.074177998066457,45148.0,1.4068627450980393
1193.3988066,,36.26059701312032,42940.0,1.3804878048780487
1193.5988063999998,,3.8784439346281014,42971.0,1.3627450980392157
1193.7988062,5.498365173525153,1.2623784113522998,42818.0,1.3725490196078431
1193.9988059999998,5.931060745937962,7.956419135487296,43328.0,1.3872549019607843
1194.1988058,6.7651066420059465,9.94566893059604,42713.0,1.3676470588235294
1194.3988055999998,4.420073043966849,1.217142787823766,42714.0,1.3725490196078431
1194.5988054,4.149621167968295,2.1885612108280026,42895.0,1.3676470588235294
1194.7988051999998,4.13501304023845,1.2597108358303242,42944.0,1.3725490196078431
1194.998805,3.84820972460874,0.6169568403814388,43066.0,1.3774509803921569
1195.1988047999998,3.984663001801635,2.7674006503000643,43294.0,1.3823529411764706
1195.3988046,4.018833956515718,1.0163840650118015,43326.0,1.3725490196078431
1195.5988043999998,4.116534302715969,1.6363630311822055,43189.0,1.3676470588235294
1195.7988042,3.9378015838201,1.6239903376014464,43313.0,1.3823529411764706
1195.9988039999998,3.883534416625985,2.82530271241656,43017.0,1.3823529411764706
1196.1988038,,2.999566294723374,43533.0,1.4097560975609755
1196.3988035999998,3.8953735340289963,1.9782407008532652,43316.0,1.3853658536585365
1196.5988034,,3.375231754334895,42995.0,1.3725490196078431
1196.7988031999998,3.9152562157114508,2.008519294113882,42835.0,1.3676470588235294
1196.998803,4.133497363796134,2.8105077393538624,42675.0,1.3774509803921569
1197.1988027999998,4.321233147833376,2.586219987359713,42947.0,1.3725490196078431
1197.3988026,3.9665460282108387,1.4171449827550895,43104.0,1.3725490196078431
1197.5988023999998,3.952207502958031,0.10629920577417677,43103.0,1.3725490196078431
1197.7988022,4.090073868882733,2.2282573954734466,43320.0,1.3774509803921569
1197.9988019999998,6.97499483838407,4.990542405423986,43591.0,1.3823529411764706
1198.1988018,10.931315429075463,7.31362657380398,43081.0,1.3627450980392157
1198.3988015999998,,3.4461704323760065,43340.0,1.3853658536585365
1198.5988014,5.743492445452231,2.91918980341893,43219.0,1.3853658536585365
1198.7988011999998,,4.457701431704089,42608.0,1.338235294117647
1198.998801,6.9236616149767745,2.6009320696369365,42626.0,1.3284313725490196
1199.1988007999998,5.115480561046785,1.050667899834486,42492.0,1.3088235294117647
1199.3988006,,2.1853130239318848,42770.0,1.424390243902439
1199.5988003999998,,3.908719177703124,42402.0,1.3235294117647058
1199.7988002,5.844021739130435,2.1314446024120746,42320.0,1.3235294117647058
1199.9987999999998,,64.58150777342702,46066.0,1.4146341463414633
1200.1987998,,17.99354610802446,44776.0,1.4068627450980393
1200.3987995999998,6.234150144798396,7.200928149413146,44890.0,1.4215686274509804
1200.5987994,4.326012721794442,2.1090531366720677,44805.0,1.4264705882352942
1200.7987991999998,4.121699660697032,3.4440370812449816,44503.0,1.4215686274509804
1200.998799,3.7518231846449823,2.0605269497616474,44702.0,1.4215686274509804
1201.1987987999998,3.875654391695378,0.3249185213024708,44698.0,1.4215686274509804
1201.3987986,3.8396094839609485,2.469573863082487,44454.0,1.4215686274509804
1201.5987983999999,,4.866919902723802,44376.0,1.4195121951219511
1201.7987982,,17.112551156810444,43428.0,1.3872549019607843
1201.9987979999999,8.554686779223175,5.942067285719633,43356.0,1.3823529411764706
1202.1987978,10.619370572523517,18.60212557734314,43055.0,1.2941176470588236
1202.3987975999999,8.652675760755509,32.627298408617165,40979.0,1.2892156862745099
1202.5987974,5.831575100499451,5.318266179078358,41045.0,1.2794117647058822
1202.7987971999999,,7.841724653865582,41126.0,1.3756097560975609
1202.998797,,24.010063266938506,42035.0,1.2696078431372548
1203.1987967999999,5.3532482459711215,5.886651726345814,41761.0,1.2794117647058822
1203.3987966,,5.335974300816608,41679.0,1.3463414634146342
1203.5987963999999,4.112393448903362,1.2800401047564156,41764.0,1.3658536585365855
1203.7987962,,11.851224166723888,42435.0,1.3284313725490196
1203.9987959999999,,20.12771388405171,41158.0,1.3853658536585365
1204.1987958,,7.984811005804779,41239.0,1.2745098039215685
1204.3987955999999,9.509734640899913,10.298803324399763,41604.0,1.2794117647058822
1204.5987954,,5.822999370513481,42055.0,1.3463414634146342
1204.7987951999999,,5.455925448354993,41738.0,1.2843137254901962
1204.998795,5.608675810054524,3.0711286772166626,41633.0,1.2892156862745099
1205.1987947999999,4.016676693538684,1.0593626078930973,41555.0,1.2892156862745099
1205.3987946,4.073776021588281,1.3703940823411722,41504.0,1.2892156862745099
1205.5987943999999,,3.7582080925357837,41820.0,1.4
1205.7987942,,3.252539669545227,41563.0,1.2794117647058822
1205.9987939999999,7.24177117870357,1.468793010535019,41622.0,1.2696078431372548
1206.1987938,,3.305408256582033,41726.0,1.4146341463414633
1206.3987935999999,,4.23824179410459,41419.0,1.2794117647058822
1206.5987934,3.925595238095238,1.0639603634785704,41328.0,1.25
1206.7987931999999,4.396271071825339,1.6411441588111002,41406.0,1.2745098039215685
1206.998793,4.042666151841305,0.8479559693677331,41438.0,1.3333333333333333
1207.1987927999999,,4.957960737974309,41807.0,1.395121951219512
1207.3987926,,5.156729272938066,41376.0,1.2941176470588236
1207.5987923999999,4.109601274377293,0.5698216444562578,41432.0,1.3186274509803921
1207.7987922,7.483598875351452,3.017322508680609,41613.0,1.3235294117647058
1207.9987919999999,,4.79644360994991,42258.0,1.3560975609756099
1208.1987918,,7.776702787927712,41482.0,1.2794117647058822
1208.3987915999999,,4.104075768715149,41664.0,1.3853658536585365
1208.5987914,3.921560130010834,1.208804746736882,41535.0,1.3804878048780487
1208.7987911999999,,9.27921264191571,42070.0,1.2647058823529411
1208.998791,3.950039404867098,2.0494339457831448,41873.0,1.3088235294117647
1209.1987907999999,9.312826159812323,1.8132757882707127,41774.0,1.3186274509803921
1209.3987906,8.703245344206787,3.5602329892345037,41937.0,1.2941176470588236
1209.5987903999999,6.003629851902042,7.643099826157576,41324.0,1.303921568627451
1209.7987902,6.988171086480898,6.83023097018606,41593.0,1.2990196078431373
1209.9987899999999,9.369754117927906,3.4735119966541514,41890.0,1.2843137254901962
1210.1987898,7.247870609627715,5.001882036790607,41796.0,1.2843137254901962
1210.3987895999999,5.6404929831740604,2.770744149471417,41543.0,1.2892156862745099
1210.5987894,,3.4410336306226763,41607.0,1.3853658536585365
1210.7987891999999,,3.903735485215894,41539.0,1.2647058823529411
1210.998789,4.438146703176873,2.2577856581442464,41267.0,1.2549019607843137
1211.1987887999999,4.052018219702476,1.9482513625323983,41274.0,1.2843137254901962
1211.3987886,3.8683606121412857,1.267787926917681,41363.0,1.2990196078431373
1211.5987883999999,4.301220045690954,2.3755128039222226,41146.0,1.2843137254901962
1211.7987882,4.003740860397891,0.5647549390799546,41167.0,1.2696078431372548
1211.9987879999999,4.004277139177137,0.4100335270977239,41149.0,1.2843137254901962
1212.1987878,3.956171713486562,2.0209761043273984,41115.0,1.2892156862745099
1212.3987875999999,4.139918494081118,2.7560520097865324,41224.0,1.303921568627451
1212.5987874,3.966875105627852,1.545455439404662,41419.0,1.3088235294117647
1212.7987871999999,21.874068085870835,58.83313080164204,44532.0,1.3235294117647058
1212.998787,,18.13549733176635,43517.0,1.3219512195121952
1213.1987867999999,10.87956758688466,25.174098783391607,44772.0,1.351219512195122
1213.3987866,,3.2887314440979223,44632.0,1.3823529411764706
1213.5987863999999,10.733555497473427,25.593792522500443,45912.0,1.446078431372549
1213.7987862,6.042898166556218,6.003456198511666,45270.0,1.4264705882352942
1213.9987859999999,5.5894383059112975,3.393257743614598,45523.0,1.4264705882352942
1214.1987858,6.997022354562019,10.571911162198113,45002.0,1.4166666666666667
1214.3987855999999,9.70032239468796,28.920791709675186,46837.0,1.4803921568627452
1214.5987854,10.211892745134692,24.348675072143628,48147.0,1.5392156862745099
1214.7987851999999,7.157208413795968,11.309532498586679,48159.0,1.5686274509803921
1214.998785,8.737824492388388,4.97462877202145,48807.0,1.5784313725490196
1215.1987847999999,6.84322716064478,7.066382184019646,49071.0,1.5980392156862746
1215.3987846,5.325101439723178,4.3360647875443545,48551.0,1.5931372549019607
1215.5987843999999,6.956306509020988,1.7039261437583224,48886.0,1.5980392156862746
1215.7987842,6.768251341862061,8.952258759160616,49558.0,1.6127450980392157
1215.998784,12.67401242286956,6.597706001365628,48781.0,1.6029411764705883
1216.1987838,5.412071336220166,7.872970336700372,48727.0,1.5931372549019607
1216.3987836,5.0392739408245495,2.0700409706994045,49142.0,1.5980392156862746
1216.5987834,8.454854489677473,5.713980186673202,48244.0,1.5833333333333333
1216.7987832,6.051029265873016,6.810521112011538,48384.0,1.5588235294117647
1216.998783,7.59840244380689,8.557675944276872,48449.0,1.5833333333333333
1217.1987828,,3.6446634838134244,48480.0,1.5804878048780489
1217.3987826,,3.3793061701413576,48081.0,1.5784313725490196
1217.5987824,3.786160639893351,2.0270876139893006,48008.0,1.5784313725490196
1217.7987822,3.5468098415346123,0.7975219655906282,47960.0,1.5784313725490196
1217.998782,3.6580811332904055,0.9110135839037854,48143.0,1.5735294117647058
1218.1987818,3.583818770226537,1.1615484838208638,47895.0,1.5784313725490196
1218.3987816,4.084663843850047,3.276067889671882,48415.0,1.5784313725490196
1218.5987814,6.841232669471328,2.4271170211134026,48253.0,1.5637254901960784
1218.7987812,5.661815283952689,8.167705453797304,47684.0,1.5441176470588236
1218.998781,4.632176444714409,2.2040508308601328,47743.0,1.5490196078431373
1219.1987808,4.895730774004054,6.185115423193386,48346.0,1.5637254901960784
1219.3987806,5.5686746987951805,16.748915902376442,47310.0,1.5343137254901962
1219.5987804,7.166150327476869,11.234987083709926,48095.0,1.5588235294117647
1219.7987802,5.168175804184239,3.83058038506514,48372.0,1.5686274509803921
1219.99878,8.606839435896338,33.375165570900265,46729.0,1.5343137254901962
1220.1987798,9.068413129928778,39.844822075180176,44509.0,1.553921568627451
1220.3987796,10.138576354232828,4.822679263628688,44084.0,1.5931372549019607
1220.5987794,11.749592805042136,15.003230032811667,42363.0,1.7794117647058822
1220.7987792,8.027519962967249,13.484802585584765,43205.0,1.7254901960784315
1220.998779,10.617902765863724,1.1291775553627168,43133.0,1.7205882352941178
1221.1987788,,15.708071016023055,43400.0,1.75
1221.3987786,,18.133424056851357,42317.0,1.4607843137254901
1221.5987784,6.3993487057922085,8.406568710158593,41763.0,1.4264705882352942
1221.7987782,7.795021511985249,3.8693743032217074,42302.0,1.4362745098039216
1221.998778,7.383071171958442,11.169422570580616,41196.0,1.446078431372549
1222.1987778,8.409265579874454,14.397638574449527,41897.0,1.5049019607843137
1222.3987776,5.365431334254275,3.8886097370079793,41986.0,1.5196078431372548
1222.5987774,3.750308407667489,2.731062855079464,42152.0,1.5196078431372548
1222.7987772,4.135515671800193,3.61835893516849,42401.0,1.5343137254901962
1222.998777,16.18731408573928,41.86226553422113,45720.0,1.588235294117647
1223.1987768,12.321642006347114,37.42254178385595,48526.0,1.6519607843137254
1223.3987766,6.30945534325942,13.778646946853552,46947.0,1.6372549019607843
1223.5987764,6.346459858648271,2.8161397633990037,47258.0,1.6127450980392157
1223.7987762,5.136561630155324,1.4082332462456295,47063.0,1.5931372549019607
1223.998776,5.926871154974892,11.858999660557076,46001.0,1.588235294117647
1224.1987758,4.618725064667456,5.4682426072854655,45618.0,1.588235294117647
1224.3987756,6.653345066643772,15.670397118416757,46591.0,1.6666666666666667
1224.5987754,5.627201076926418,9.088725035193105,46057.0,1.5980392156862746
1224.7987752,4.963243528094329,10.723474891355467,45543.0,1.5686274509803921
1224.998775,5.356502636203866,4.079542292875241,45520.0,1.5490196078431373
1225.1987748,6.004965915760011,19.68995146011898,44302.0,1.5098039215686274
1225.3987746,5.12395546295674,7.668971230014614,44637.0,1.5196078431372548
1225.5987744,4.815866464064591,7.500349998147591,44093.0,1.4950980392156863
1225.7987742,5.55920660398991,6.9045023472173,43610.0,1.5147058823529411
1225.998774,4.345044524112409,3.552535565496769,43235.0,1.5
1226.1987738,3.6865826640819717,1.4628603923822134,43332.0,1.5049019607843137
1226.3987736,3.666162241482093,2.9189195951381772,43614.0,1.5098039215686274
1226.5987734,4.731617062816409,6.733493771043405,44049.0,1.5196078431372548
1226.7987732,8.13642852287404,1.5293605904461398,44133.0,1.5637254901960784
1226.998773,5.0339651009157595,1.596030364617838,43898.0,1.5441176470588236
1227.1987728,6.32864749259251,15.07559795992477,44887.0,1.5196078431372548
1227.3987726,6.613410849324649,14.964409555161298,45754.0,1.5441176470588236
1227.5987724,7.666839367053083,13.182587808201566,46323.0,1.588235294117647
1227.7987722,5.531438223723691,26.222068173715922,44993.0,1.5196078431372548
1227.998772,6.243440200347449,6.987079282262311,44323.0,1.5392156862745099
1228.1987718,4.271853639829457,3.119576561939469,44329.0,1.5343137254901962
1228.3987716,4.508441675695197,0.9269878845140589,44304.0,1.5196078431372548
1228.5987714,3.5904852007027976,2.2058811364724673,44394.0,1.5245098039215685
1228.7987712,3.523853458751519,0.2302795252610283,44438.0,1.5196078431372548
1228.998771,3.608098972417523,0.5552023058250064,44376.0,1.5196078431372548
1229.1987708,3.9597439065483546,2.3949645431264255,44515.0,1.5245098039215685
1229.3987706,3.9289255453398235,2.0839921272146826,44376.0,1.5196078431372548
1229.5987704,3.422364043723267,1.6677046941851636,44187.0,1.5196078431372548
1229.7987702,3.53904582125441,2.6288061039015327,44499.0,1.5196078431372548
1229.99877,3.4389219934994584,1.6443954151376685,44304.0,1.5196078431372548
1230.1987698,3.587852592242408,0.5805946416549137,44421.0,1.5196078431372548
1230.3987696,,28.12129094469934,46083.0,1.5853658536585367
1230.5987694,,25.98284405349997,44689.0,1.5490196078431373
1230.7987692,5.302075344010828,5.687396584619492,44330.0,1.5343137254901962
1230.998769,3.9365222284749577,3.3906404908720424,44425.0,1.5392156862745099
1231.1987688,3.789171231031696,1.883621741868732,44548.0,1.5392156862745099
1231.3987686,3.605313348441672,0.2752486821526245,44567.0,1.5441176470588236
1231.5987684,3.9904350920900438,4.476781647531628,44956.0,1.5490196078431373
1231.7987682,3.6648416724396076,2.575735592789277,44749.0,1.5441176470588236
1231.998768,3.4055384064778775,0.6206486246887046,44706.0,1.5441176470588236
1232.1987678,6.775011648805165,3.962239807698525,45069.0,1.5196078431372548
1232.3987676,,14.400224069159284,44262.0,1.526829268292683
1232.5987674,,2.9041046434666784,43971.0,1.5490196078431373
1232.7987672,6.124319981636635,10.147003963778577,43565.0,1.5343137254901962
1232.998767,4.5435362213157715,6.319156057235681,43883.0,1.5392156862745099
1233.1987668,,2.941542371471,44134.0,1.5219512195121951
1233.3987666,,2.8575775914665154,43849.0,1.5343137254901962
1233.5987664,3.6665754736338143,0.949483338117384,43863.0,1.5294117647058822
1233.7987662,3.5070647949151765,1.3925794280390937,43738.0,1.5294117647058822
1233.998766,3.9689719968834503,2.714533625760853,43638.0,1.5196078431372548
1234.1987658,8.160106382978723,23.602077551275634,45120.0,1.5588235294117647
1234.3987656,7.189191535539881,20.119642776845744,46075.0,1.5833333333333333
1234.5987654,6.705118930176477,7.661773574042598,45615.0,1.5588235294117647
1234.7987652,,19.15357186590869,44831.0,1.502439024390244
1234.998765,,3.8504702857802657,44500.0,1.5343137254901962
1235.1987648,7.165781736802844,18.454632159502438,45578.0,1.5833333333333333
1235.3987646,8.523180076628352,24.607994017258964,46980.0,1.607843137254902
1235.5987644,6.559238316608185,37.34966639045188,44743.0,1.5637254901960784
1235.7987642,7.959115780258262,19.856204890119216,45690.0,1.6274509803921569
1235.998764,6.04969191896804,10.356570374412827,45118.0,1.6274509803921569
1236.1987638,4.117051160115901,0.8280489425971042,45211.0,1.6274509803921569
1236.3987636,3.75640041243446,2.7836956147140435,45583.0,1.6274509803921569
1236.5987633999998,3.6531457497863387,1.682416083803454,45633.0,1.6274509803921569
1236.7987632,3.665373912662416,0.7662677307473448,45639.0,1.6323529411764706
1236.9987629999998,3.59915620990366,2.6744172918541746,45983.0,1.6323529411764706
1237.1987628,3.6274263278630667,4.99805538696946,45336.0,1.6274509803921569
1237.3987625999998,3.560193919185715,1.908333438048982,45586.0,1.6323529411764706
1237.5987624,3.5285626129501475,1.4060659391494306,45374.0,1.6274509803921569
1237.7987621999998,3.564369910222359,0.6748519279895068,45557.0,1.6372549019607843
1237.998762,3.608638311902407,0.6943865356987305,45495.0,1.6323529411764706
1238.1987617999998,3.5568734458552473,0.7024727680001387,45443.0,1.6323529411764706
1238.3987616,3.8958738766317538,2.9768753408446225,45733.0,1.6372549019607843
1238.5987613999998,3.7230108370946993,1.6276221390390657,45861.0,1.6372549019607843
1238.7987612,3.6211484593837535,1.3079401180348218,45696.0,1.6372549019607843
1238.9987609999998,3.8763096751567225,1.528167133562893,45622.0,1.6323529411764706
1239.1987608,3.5805777022611425,1.8600590083400708,45906.0,1.6323529411764706
1239.3987605999998,3.5395596419066053,3.114511790152604,45463.0,1.6274509803921569
1239.5987604,3.5465463487463222,0.29932441166651214,45546.0,1.6274509803921569
1239.7987601999998,3.6165599030470914,5.1198736455942155,46208.0,1.6323529411764706
1239.99876,3.665860894407208,5.420788272433789,45505.0,1.6323529411764706
1240.1987597999998,4.228274346870854,4.907253309232059,45971.0,1.6323529411764706
1240.3987596,,101.60945406641447,51317.0,1.8
1240.5987593999998,,70.14019597782301,47535.0,1.6274509803921569
1240.7987592,5.561969772970143,30.0024755824547,45853.0,1.6029411764705883
1240.9987589999998,5.794192865646633,9.184382918078619,45358.0,1.607843137254902
1241.1987588,5.252277210168215,3.137755040530223,45121.0,1.6029411764705883
1241.3987585999998,4.509695290858725,0.46509718954493,45125.0,1.5980392156862746
1241.5987584,4.312652175837798,1.986732501282138,45178.0,1.5931372549019607
1241.7987581999998,,2.07088716648905,45738.0,1.5853658536585367
1241.998758,,3.9290264227298435,45570.0,1.5931372549019607
1242.1987577999998,3.575707484792383,2.0855736230412845,45372.0,1.5931372549019607
1242.3987576,3.7124093401733593,1.6655199569053942,45224.0,1.588235294117647
1242.5987573999998,9.116179186530946,20.27484116948642,46566.0,1.6225490196078431
1242.7987572,5.954032240520373,6.146707944976921,45967.0,1.6372549019607843
1242.9987569999998,4.658357996273156,5.5984625219929605,45615.0,1.6274509803921569
1243.1987568,3.9663121724190424,2.991090336095603,45981.0,1.6274509803921569
1243.3987565999998,3.648844181802381,1.278825099349139,46028.0,1.6323529411764706
1243.5987564,3.9434609668677334,2.6592266234458775,45756.0,1.6274509803921569
1243.7987561999998,3.5492776955878513,1.3646038462673815,45964.0,1.6274509803921569
1243.998756,3.6070448904950583,0.9588929055460633,45934.0,1.6323529411764706
1244.1987557999998,3.6542463840834225,1.038828677475752,45839.0,1.6323529411764706
1244.3987556,3.6550050686970215,3.995247736710155,46363.0,1.6323529411764706
1244.5987553999998,7.702730485062641,15.078010119536394,46695.0,1.642156862745098
1244.7987552,5.719755138102951,11.249198364356175,47537.0,1.642156862745098
1244.9987549999998,6.2042239707068285,31.19467300693121,45881.0,1.6127450980392157
1245.1987548,5.422769244330828,5.548471671724027,45377.0,1.607843137254902
1245.3987545999998,4.537543674599513,4.377165991862937,45507.0,1.6127450980392157
1245.5987544,4.32294236869933,3.8256556369094388,45392.0,1.6029411764705883
1245.7987541999998,3.955090410958904,2.612233902999962,45625.0,1.6127450980392157
1245.998754,4.118313610759356,3.081385916183367,45802.0,1.6176470588235294
1246.1987537999998,3.6321286726789985,1.4927080241606832,45573.0,1.6225490196078431
1246.3987536,3.929498111171074,5.589093733439197,46325.0,1.6176470588235294
1246.5987533999999,3.6118523991655076,2.2645544416624097,46016.0,1.6176470588235294
1246.7987532,3.67430196708498,2.91005831482798,46058.0,1.6225490196078431
1246.9987529999999,8.289642568744952,19.32814408202996,47058.0,1.6470588235294117
1247.1987528,4.801561998502193,2.213689325292562,46735.0,1.6274509803921569
1247.3987525999999,5.387201473716529,21.205600588927535,45599.0,1.5833333333333333
1247.5987524,5.456473505612112,10.019082005463105,45972.0,1.6176470588235294
1247.7987521999999,5.5545150501672245,4.553047379268756,46345.0,1.607843137254902
1247.998752,6.737020074476737,7.548066800890788,46726.0,1.6127450980392157
1248.1987517999999,6.964996815962641,3.207481792107723,47110.0,1.6323529411764706
1248.3987516,6.587044704596566,14.098980282172118,47579.0,1.6568627450980393
1248.5987513999999,5.987114441590422,13.708480612132995,47107.0,1.6274509803921569
1248.7987512,4.4933044254559364,1.7254515423815204,47046.0,1.6323529411764706
1248.9987509999999,3.769918203419055,3.7084067008357553,47557.0,1.6323529411764706
1249.1987508,3.6802755376344085,0.39861249886663697,47616.0,1.6323529411764706
1249.3987505999999,,2.7748259748722384,47866.0,1.6195121951219513
1249.5987504,,3.559269877604073,47643.0,1.6323529411764706
1249.7987501999999,4.2472971840429095,3.130829693486336,47728.0,1.642156862745098
1249.99875,7.325496647369955,10.508050829851705,48022.0,1.6470588235294117
1250.1987497999999,4.427220654508697,4.774284402230896,47486.0,1.642156862745098
1250.3987496,7.632508254209134,25.13962955196748,48763.0,1.7107843137254901
1250.5987493999999,6.326236221755873,7.570023635418554,49081.0,1.696078431372549
1250.7987492,6.089905820852176,23.387081241878843,48206.0,1.6568627450980393
1250.9987489999999,5.998973112307983,10.197564775391932,47717.0,1.642156862745098
1251.1987488,3.8456549131395756,5.357684128335623,48411.0,1.6470588235294117
1251.3987485999999,4.3031866211831264,3.5447818422507478,48076.0,1.642156862745098
1251.5987484,4.1126938707804594,3.620381128787642,48228.0,1.6470588235294117
1251.7987481999999,3.717824146164227,1.5967626805437827,48165.0,1.6470588235294117
1251.998748,3.9334157905586475,2.9963925652045376,48510.0,1.6519607843137254
1252.1987477999999,4.067776579863991,3.3361951768682663,48232.0,1.6470588235294117
1252.3987476,3.7250996843329456,0.7651978840417171,48152.0,1.6470588235294117
1252.5987473999999,3.721311815036566,0.8152559519070087,48269.0,1.6470588235294117
1252.7987472,7.414905909541103,15.908850901092803,48464.0,1.6813725490196079
1252.9987469999999,4.978081126437723,4.3183787709218775,48862.0,1.6813725490196079
1253.1987468,5.697971340498209,14.135529100718074,48012.0,1.6568627450980393
1253.3987465999999,4.471783436835744,1.6198643077656303,47986.0,1.6519607843137254
1253.5987464,3.816174936360222,0.682785898002067,47926.0,1.642156862745098
1253.7987461999999,4.152434984263707,3.4521464928633674,48296.0,1.6519607843137254
1253.998746,4.227883978814962,1.4833702597191718,48336.0,1.642156862745098
1254.1987457999999,3.752967032967033,4.027142802569828,47775.0,1.642156862745098
1254.3987456,3.79162395665544,2.535100196992142,47803.0,1.642156862745098
1254.5987453999999,4.420380334332772,8.851494641258107,48694.0,1.6568627450980393
1254.7987452,9.036222847948512,33.17212450840445,49720.0,1.7352941176470589
1254.9987449999999,5.936170657743386,31.554839810722605,47815.0,1.6519607843137254
1255.1987448,4.769887312186978,4.901073468486648,47920.0,1.6519607843137254
1255.3987445999999,4.011112035958049,2.1128841389121247,48056.0,1.6519607843137254
1255.5987444,3.998219387966375,2.691792001183131,48298.0,1.6519607843137254
1255.7987441999999,3.7172668856794564,1.318417098850515,48399.0,1.6470588235294117
1255.998744,3.786730836758722,0.22836770320698613,48413.0,1.6519607843137254
1256.1987437999999,3.91433044266381,1.561204486359653,48547.0,1.6568627450980393
1256.3987436,4.045064862975679,2.0198462459981794,48641.0,1.6666666666666667
1256.5987433999999,3.727519874778597,2.1541875951559604,48554.0,1.661764705882353
1256.7987432,3.7527539275639836,0.21161356342692866,48567.0,1.6666666666666667
1256.9987429999999,3.752118121247018,1.23981955935121,48628.0,1.661764705882353
1257.1987428,3.703786833597595,0.8835728137901713,48563.0,1.6568627450980393
1257.3987425999999,3.964188520534389,1.5971945424137084,48504.0,1.6568627450980393
1257.5987424,3.6822798398084307,1.3243882808551177,48442.0,1.6519607843137254
1257.7987421999999,3.6851320380732147,0.20157184701388647,48433.0,1.6519607843137254
1257.998742,3.677944758680484,0.7250968085430233,48442.0,1.6568627450980393
1258.1987417999999,3.718859957776214,1.8601105092070296,48314.0,1.6519607843137254
1258.3987416,3.6768148424853693,0.9773876989115601,48186.0,1.6568627450980393
1258.5987413999999,6.189566904752074,4.6779594442043795,48442.0,1.661764705882353
1258.7987412,11.29807349974287,52.93019992009996,50558.0,1.8137254901960784
1258.9987409999999,5.608615167020258,47.90279734959577,48078.0,1.6568627450980393
1259.1987408,5.050280373831776,5.731091215480641,48150.0,1.6715686274509804
1259.3987405999999,4.842934209710424,3.766037538166628,48381.0,1.6911764705882353
1259.5987404,6.400016322200233,9.440920255553422,49013.0,1.7205882352941178
1259.7987401999999,9.418096693308259,28.540550927030203,51048.0,1.7843137254901962
1259.99874,5.118736931774181,7.192049892476757,51652.0,1.7892156862745099
1260.1987397999999,7.9267515312098,7.240944722866392,52083.0,1.8235294117647058
1260.3987396,8.941203911031497,19.932691714756402,53592.0,1.857843137254902
1260.5987393999999,7.898283642680463,10.91969420423791,52961.0,1.8480392156862746
1260.7987392,7.002688378523696,10.558093408165544,52076.0,1.8186274509803921
1260.998739,8.914062354583526,17.683341381935648,53725.0,1.8529411764705883
1261.1987388,8.851957905487971,8.318460912479024,54829.0,1.8284313725490196
1261.3987386,9.257603189407655,11.302108112433928,54681.0,1.7696078431372548
1261.5987384,,21.77058855485678,53714.0,1.6585365853658536
1261.7987382,8.554927468413664,9.54717265578983,53425.0,1.6195121951219513
1261.998738,,8.936902175101084,52693.0,1.6127450980392157
1262.1987378,5.763780418788908,4.9168224402098994,53010.0,1.6127450980392157
1262.3987376,,4.6136316395039785,53092.0,1.6146341463414635
1262.5987374,,5.28645830888471,53169.0,1.6274509803921569
1262.7987372,5.26648258762538,3.954712224294486,53238.0,1.6225490196078431
1262.998737,4.53677730293503,2.3560019968622306,53117.0,1.6274509803921569
1263.1987368,4.672869552194099,3.945845489285774,53416.0,1.6372549019607843
1263.3987366,10.144250503681109,8.077643527987377,53109.0,1.6176470588235294
1263.5987364,7.59658931017016,3.5016315654203423,53303.0,1.642156862745098
1263.7987362,7.852514470420206,4.598083510607294,53212.0,1.6911764705882353
1263.998736,8.89525629371278,7.937542037145061,53903.0,1.6715686274509804
1264.1987358,6.6586478639568645,10.42656057856708,53042.0,1.6715686274509804
1264.3987356,5.393856551619395,3.1986811685374468,52674.0,1.6813725490196079
1264.5987354,5.250938077547744,6.887887874898272,53567.0,1.696078431372549
1264.7987352,5.172063026474127,3.3035038088206274,53184.0,1.7058823529411764
1264.998735,4.467297956122257,1.4186004873296079,53330.0,1.7156862745098038
1265.1987348,4.258871710093742,0.5589035920723067,53231.0,1.7107843137254901
1265.3987346,4.703058503092549,3.049702989444438,52869.0,1.7156862745098038
1265.5987344,4.275049817648607,2.468406591539355,53194.0,1.7205882352941178
1265.7987342,4.475043545033993,2.6144003004965732,53393.0,1.7254901960784315
1265.998734,4.118626274745051,0.30824671642170004,53344.0,1.7254901960784315
1266.1987338,4.259187765887667,1.0691190070907863,53359.0,1.7205882352941178
1266.3987336,,3.9110810274599968,53530.0,1.7121951219512195
1266.5987334,,3.557884386200527,53025.0,1.7205882352941178
1266.7987332,4.308509839266937,1.921854272211202,53256.0,1.7205882352941178
1266.998733,9.795263908701855,4.35525773394091,52575.0,1.7009803921568627
1267.1987328,6.413692796167082,0.746500466168943,52597.0,1.7058823529411764
1267.3987326,,4.648174959488281,53016.0,1.648780487804878
1267.5987324,,6.488584271869583,52830.0,1.642156862745098
1267.7987322,6.5421452654437395,8.988181532715172,52497.0,1.6029411764705883
1267.998732,,3.3326418512493343,52847.0,1.604878048780488
1268.1987318,,6.357449884215086,52235.0,1.6176470588235294
1268.3987316,4.268855419372191,1.4817046573273622,52054.0,1.6176470588235294
1268.5987314,7.271097425046757,12.074177749375359,52933.0,1.6274509803921569
1268.7987312,7.249181779677333,13.414522683726675,51942.0,1.588235294117647
1268.998731,5.705327274485159,2.094051012412002,51715.0,1.5931372549019607
1269.1987308,6.350210970464135,6.489937367204925,52377.0,1.6029411764705883
1269.3987306,5.254116574554156,2.462991332188973,52653.0,1.5980392156862746
1269.5987304,4.460762932353841,3.5652974942394797,52272.0,1.5931372549019607
1269.7987302,4.396528198908429,4.842678156292707,52768.0,1.5980392156862746
1269.99873,,9.813685991513392,51943.0,1.6218905472636815
1270.1987298,,15.151096767952552,52680.0,1.5951219512195123
1270.3987296,,4.115838046806666,52550.0,1.5980392156862746
1270.5987294,4.361620664037945,0.8936144719556341,52497.0,1.6029411764705883
1270.7987292,,3.1181031641185952,52692.0,1.5951219512195123
1270.998729,,2.8334574449260668,52331.0,1.6029411764705883
1271.1987288,4.414396405658042,2.297649908151868,52527.0,1.6029411764705883
1271.3987286,4.236509868045784,0.8318945556713514,52594.0,1.6029411764705883
1271.5987284,4.306358601526369,0.5628625440483629,52543.0,1.5980392156862746
1271.7987282,4.282274095530187,2.454975117017881,52821.0,1.5980392156862746
1271.998728,4.249042508816503,0.8288223738133722,52742.0,1.6029411764705883
1272.1987278,4.278995016927232,1.8996314842786162,52578.0,1.6029411764705883
1272.3987276,4.222391064848232,1.0244198552006964,52646.0,1.6029411764705883
1272.5987274,4.312695099297164,3.8750659360718833,52217.0,1.607843137254902
1272.7987272,,2.642565820017034,52764.0,1.6
1272.998727,,3.8557206582941976,52684.0,1.607843137254902
1273.1987268,4.25386514719848,0.3551582554547625,52650.0,1.6127450980392157
1273.3987266,4.556391828419445,3.574422925299196,53013.0,1.607843137254902
1273.5987264,4.37708807896735,3.16372823996525,52680.0,1.607843137254902
1273.7987262,4.2548333396390605,1.8688416731814326,52862.0,1.607843137254902
1273.998726,4.223211579266445,0.8558801117288721,52784.0,1.607843137254902
1274.1987258,4.26374125212786,0.8763566556724732,52870.0,1.607843137254902
1274.3987256,19.617449042046108,55.154962757446974,53917.0,1.7745098039215685
1274.5987254,7.507942781855825,8.58699980005506,53130.0,1.8284313725490196
1274.7987252,7.880484004033367,28.173417415202923,54545.0,1.9264705882352942
1274.998725,13.850816539263377,54.53491247244524,57560.0,1.9411764705882353
1275.1987248,,24.879810845933175,56864.0,1.829268292682927
1275.3987246,,56.178388597873116,52758.0,1.8088235294117647
1275.5987244,5.868156925415603,21.845978899942356,51311.0,1.7941176470588236
1275.7987242,4.304924685865918,5.481543414861394,51252.0,1.7843137254901962
1275.998724,6.010410498366793,17.818890461673483,52351.0,1.8284313725490196
1276.1987238,5.852869612235439,12.445193020286444,51784.0,1.8284313725490196
1276.3987236,10.974875480159533,37.9325150218343,54409.0,1.8431372549019607
1276.5987234,,19.770387140965664,53299.0,1.7609756097560976
1276.7987232,,11.580213925827175,53462.0,1.6862745098039216
1276.998723,,21.947521831252036,55243.0,1.8028846153846154
1277.1987228,,20.878701564187274,53651.0,1.696078431372549
1277.3987226,5.344525195594942,2.1791815297330457,53938.0,1.696078431372549
1277.5987224,5.623476540104678,1.5111125051816854,54071.0,1.7009803921568627
1277.7987222,8.111491020055515,4.397927558513202,54399.0,1.6911764705882353
1277.998722,13.746741018374623,25.010851664272614,54695.0,1.7745098039215685
1278.1987218,,7.488873601788727,53827.0,1.835820895522388
1278.3987216,,11.009334013657135,54432.0,1.7843137254901962
1278.5987214,4.4364736387208294,0.6313198556944704,54379.0,1.7892156862745099
1278.7987212,,20.049468382382237,52578.0,1.7860696517412935
1278.998721,,34.368645365224324,50240.0,1.857843137254902
1279.1987208,,44.432577622335685,47919.0,1.575609756097561
1279.3987206,,20.727173376633502,46035.0,1.5245098039215685
1279.5987204,8.156946716019627,3.678355306495431,46468.0,1.5294117647058822
1279.7987202,,17.116354751254125,45612.0,1.4926829268292683
1279.99872,,16.963860886928817,44861.0,1.4068627450980393
1280.1987198,9.560801276861511,34.700762120200515,43231.0,1.357843137254902
1280.3987196,4.789253621012266,5.288320225707253,43289.0,1.3774509803921569
1280.5987194,5.86728466949271,9.425066997171001,42934.0,1.338235294117647
1280.7987191999998,,9.607774278422541,44255.0,1.424390243902439
1280.998719,,3.594469134582968,43672.0,1.3627450980392157
1281.1987187999998,10.505625686059275,5.9617532207886725,43728.0,1.3480392156862746
1281.3987186,9.524563960321565,34.62748337517497,42542.0,1.3088235294117647
1281.5987183999998,,16.12408210293245,41687.0,1.3658536585365855
1281.7987182,,5.543530407033231,41843.0,1.3186274509803921
1281.9987179999998,,5.777762813065253,41648.0,1.4048780487804877
1282.1987178,,13.323689702867481,42526.0,1.3333333333333333
1282.3987175999998,,12.824756590279236,43844.0,1.4585365853658536
1282.5987174,,12.642326947503122,42603.0,1.3235294117647058
1282.7987171999998,5.038518725025555,4.819080302785093,43044.0,1.3627450980392157
1282.998717,8.882941232498332,10.285780244914045,41996.0,1.2892156862745099
1283.1987167999998,10.385433772000832,21.33921488779174,43237.0,1.3186274509803921
1283.3987166,15.128144208553119,48.81272049125175,45878.0,1.4754901960784315
1283.5987163999998,11.768810572687224,7.090639976337476,45400.0,1.4754901960784315
1283.7987162,6.107803258503551,5.104357591589453,45481.0,1.5147058823529411
1283.9987159999998,5.902763851955186,4.408464721344196,45878.0,1.5147058823529411
1284.1987158,6.98475629991814,7.65093041623428,45199.0,1.4950980392156863
1284.3987155999998,5.336256986942978,2.2245469945774605,45263.0,1.4950980392156863
1284.5987154,,15.51847490717063,44635.0,1.424390243902439
1284.7987151999998,,4.434467774068209,44697.0,1.4656862745098038
1284.998715,4.421926316495006,2.3833216182255983,44759.0,1.4754901960784315
1285.1987147999998,4.321318691190011,2.4274173570558752,44529.0,1.4852941176470589
1285.3987146,3.9877430733852783,2.30425527110821,44791.0,1.4852941176470589
1285.5987143999998,3.886846588361876,1.8908529038678505,44612.0,1.4852941176470589
1285.7987142,3.848590448107939,2.1528340764954486,44766.0,1.4852941176470589
1285.9987139999998,,5.264171573176453,45489.0,1.4829268292682927
1286.1987138,,3.4822478572270006,45161.0,1.4901960784313726
1286.3987135999998,3.8742429956298943,1.1487077323114567,45079.0,1.4901960784313726
1286.5987134,5.702177935308411,2.843903754163783,44859.0,1.5
1286.7987131999998,16.755583719432384,50.910274596038654,48131.0,1.5049019607843137
1286.998713,13.374203113417346,24.36581861640544,47215.0,1.5980392156862746
1287.1987127999998,7.9705769312892345,12.78832381624306,46834.0,1.5931372549019607
1287.3987126,7.393880926130099,1.4771633115593736,47164.0,1.6176470588235294
1287.5987123999998,,1.931390488028742,47698.0,1.5853658536585367
1287.7987122,,11.844373788366132,46921.0,1.5833333333333333
1287.9987119999998,4.735892662258458,1.6496875239541409,46731.0,1.5833333333333333
1288.1987118,4.158639135551514,0.5050851635758425,46735.0,1.5784313725490196
1288.3987115999998,4.049203927719645,1.5259826627139004,46541.0,1.5784313725490196
1288.5987114,,2.2164441684605767,46908.0,1.5609756097560976
1288.7987111999998,,3.5547289045778143,46666.0,1.5735294117647058
1288.998711,,4.884227021983712,46684.0,1.5609756097560976
1289.1987107999998,,3.8845061015083444,46322.0,1.5637254901960784
1289.3987106,,2.6590458676866726,46908.0,1.5560975609756098
1289.5987103999998,,5.585221457944368,46268.0,1.553921568627451
1289.7987102,3.8490708240918194,1.3778119574546912,46439.0,1.553921568627451
1289.9987099999998,3.895083169726651,0.969567432774988,46351.0,1.553921568627451
1290.1987098,3.7992682557208113,1.5194062438383102,46191.0,1.553921568627451
1290.3987095999998,10.424161301973783,11.389768425059758,47067.0,1.5196078431372548
1290.5987094,,17.92467896182625,47544.0,1.3804878048780487
1290.7987091999998,,27.694346984953693,45538.0,1.3823529411764706
1290.998709,9.627463515718002,3.86081945023485,45362.0,1.3872549019607843
1291.1987087999998,9.705013498739374,3.5687789372451975,44819.0,1.3823529411764706
1291.3987086,12.60434426411,5.127365398689449,45163.0,1.392156862745098
1291.5987083999999,11.710363250202535,15.728855902743188,45671.0,1.3480392156862746
1291.7987082,14.853200950234513,43.29231703184899,49251.0,1.3431372549019607
1291.9987079999999,18.649701227544337,41.73434574282343,52381.0,1.3284313725490196
1292.1987078,15.571520193160168,5.8280395945815755,53013.0,1.3137254901960784
1292.3987075999999,10.522186306200412,24.181748843296308,51045.0,1.2745098039215685
1292.5987074,5.09670286278381,4.770782248427521,50650.0,1.2598039215686274
1292.7987071999999,4.628949666560813,3.281975479273252,50384.0,1.2598039215686274
1292.998707,6.028273809523809,8.107909366760447,49728.0,1.2450980392156863
1293.1987067999999,6.532960019763659,14.13157859522786,48574.0,1.2401960784313726
1293.3987066,19.894347525361205,48.332098965191875,52048.0,1.357843137254902
1293.5987063999999,11.710242561880952,15.370710616736751,52399.0,1.4362745098039216
1293.7987062,22.045935704246652,50.786341310576105,56209.0,1.5588235294117647
1293.9987059999999,17.180162797708775,62.143074940374504,49755.0,1.5735294117647058
1294.1987058,12.750497453040433,9.073956008014973,50256.0,1.5245098039215685
1294.3987055999999,15.295441111275307,61.285880000005264,54136.0,1.661764705882353
1294.5987054,17.72855247885923,91.3226849444162,60310.0,1.8186274509803921
1294.7987051999999,,64.23855288828284,60908.0,2.004878048780488
1294.998705,,43.33762446673868,57734.0,1.9607843137254901
1295.1987047999999,10.082505582505583,91.63845171754494,51948.0,1.8725490196078431
1295.3987046,,25.216007109250242,54624.0,1.8894230769230769
1295.5987043999999,,39.42662631578122,55531.0,1.9754901960784315
1295.7987042,12.21080815255997,20.827619556187386,54903.0,1.8284313725490196
1295.9987039999999,7.92033452290833,10.93160597113735,55482.0,1.7745098039215685
1296.1987038,7.889988552014477,35.80171038038023,54158.0,1.6176470588235294
1296.3987035999999,,44.18458161910225,52366.0,1.497560975609756
1296.5987034,,48.623444713709645,47744.0,1.4803921568627452
1296.7987031999999,,19.95173849145785,46938.0,1.4926829268292683
1296.998703,,25.159008192935154,44580.0,1.4950980392156863
1297.1987027999999,4.545540754120569,4.745750577545666,44290.0,1.5147058823529411
1297.3987026,4.566229464165809,4.532924936950552,44678.0,1.5343137254901962
1297.5987023999999,4.8504108372196315,7.066991716766364,45030.0,1.5441176470588236
1297.7987022,3.8982214982259613,2.434432356784041,44813.0,1.5392156862745099
1297.9987019999999,3.7669482107134917,1.5622419002892933,44990.0,1.5343137254901962
1298.1987018,3.8789925208974925,4.189446330718091,45460.0,1.5392156862745099
1298.3987015999999,3.813855982962864,4.476519471549348,45078.0,1.5441176470588236
1298.5987014,8.932145498846975,14.195180114163584,45966.0,1.5343137254901962
1298.7987011999999,6.428162942108042,7.72883456767558,45464.0,1.5098039215686274
1298.998701,5.392384786890924,9.629216143398816,46197.0,1.5294117647058822
1299.1987007999999,8.478225571422623,26.304114325837375,48038.0,1.5980392156862746
1299.3987006,,18.75285439448104,49579.0,1.6439024390243901
1299.5987003999999,,51.24526970984143,46377.0,1.5098039215686274
1299.7987002,,13.285946498466211,45511.0,1.526829268292683
1299.9986999999999,,41.4232268889436,48386.0,1.5735294117647058
1300.1986998,5.2470758698893345,15.08583959585162,47621.0,1.5343137254901962
1300.3986995999999,4.438198243517994,3.5046779721098047,47709.0,1.553921568627451
1300.5986994,,10.731731621999485,47011.0,1.5463414634146342
1300.7986991999999,,1.603032838015687,46434.0,1.5686274509803921
1300.998699,4.938667130979846,10.154523761776428,45946.0,1.5637254901960784
1301.1986987999999,5.298920624020944,11.697650420465774,46601.0,1.588235294117647
1301.3986986,3.891790323619731,0.29598026973752445,46567.0,1.5833333333333333
1301.5986983999999,4.6732345248474285,9.96439798240688,45880.0,1.5490196078431373
1301.7986982,4.174735415026677,3.9613989076094964,45732.0,1.5343137254901962
1301.9986979999999,4.530168840801013,1.8352675602716169,45842.0,1.5049019607843137
1302.1986978,4.453235377225205,1.3822729689003768,46007.0,1.4901960784313726
1302.3986975999999,4.352667908403638,4.830640899673729,45635.0,1.4901960784313726
1302.5986974,3.5066976519851796,0.6892117883772679,45613.0,1.4852941176470589
1302.7986971999999,,5.151725970423979,45985.0,1.502439024390244
1302.998697,,3.619012023295944,45820.0,1.5147058823529411
1303.1986967999999,3.8771821684094663,4.643903855398342,45425.0,1.5049019607843137
1303.3986966,3.6854861830933108,2.4183648689652744,45343.0,1.4803921568627452
1303.5986963999999,,4.822631412648218,45612.0,1.5121951219512195
1303.7986962,,19.74951294356787,44470.0,1.5245098039215685
1303.9986959999999,5.803689804723489,0.8201426648998003,44501.0,1.5245098039215685
1304.1986958,5.112131431435993,12.736976788147086,43886.0,1.5049019607843137
1304.3986955999999,7.78991784247187,11.314969199067798,44792.0,1.4901960784313726
1304.5986954,5.208542087007776,10.115449342830773,44111.0,1.4754901960784315
1304.7986951999999,5.227818288871779,2.413979534594666,44158.0,1.4901960784313726
1304.998695,5.6834965066588286,4.131042578291648,44227.0,1.5098039215686274
1305.1986947999999,4.692391824458268,3.2981278201571986,43887.0,1.5098039215686274
1305.3986946,4.181722568991929,3.5510102480576045,43737.0,1.4950980392156863
1305.5986943999999,,7.567215154624543,44165.0,1.4878048780487805
1305.7986942,,11.911098578887177,43474.0,1.4607843137254901
1305.998694,,23.242132544259366,45260.0,1.448780487804878
1306.1986938,,10.257822086904559,44254.0,1.4656862745098038
1306.3986936,5.050736199115649,3.325545800046614,43874.0,1.4656862745098038
1306.5986934,3.8534341035711024,0.7569842762305347,43796.0,1.4607843137254901
1306.7986932,4.718243848645669,5.623322520590657,43527.0,1.4509803921568627
1306.998693,3.855276978581541,2.4513470366883094,43794.0,1.4509803921568627
1307.1986928,4.410740958674693,3.4951654294571104,44186.0,1.4509803921568627
1307.3986926,12.025686749034094,50.22104792209925,47106.0,1.588235294117647
1307.5986924,6.042428355627559,22.408353142577724,45677.0,1.5441176470588236
1307.7986922,4.75115465674185,21.271997885372073,44602.0,1.4558823529411764
1307.998692,5.078452812136951,7.694653000376351,43899.0,1.4313725490196079
1308.1986918,6.313959593653692,2.139517487386122,43805.0,1.4558823529411764
1308.3986916,4.666749994318569,1.3254068191650354,44003.0,1.4852941176470589
1308.5986914,9.658804627249358,37.76995479760037,46680.0,1.5294117647058822
1308.7986912,,24.175705724859984,45544.0,1.4292682926829268
1308.998691,,33.84832958288879,46853.0,1.5980392156862746
1309.1986908,8.097435551962633,45.800720995285396,44532.0,1.411764705882353
1309.3986906,5.782880580957504,4.175541704173878,44616.0,1.411764705882353
1309.5986904,6.080587238848109,3.4947966638753885,44275.0,1.4509803921568627
1309.7986902,,3.4084317644356297,44358.0,1.4341463414634146
1309.99869,4.184961964741202,0.7007318840348782,44301.0,1.4390243902439024
1310.1986898,,2.9473913185547254,43961.0,1.446078431372549
1310.3986896,3.5946529656489417,0.5801359824533555,43987.0,1.446078431372549
1310.5986894,3.60404703308723,0.8221917311463905,43884.0,1.446078431372549
1310.7986892,3.8476192659498865,2.7177212258227814,43621.0,1.4411764705882353
1310.998689,3.5262880333845414,1.018167461356326,43613.0,1.4411764705882353
1311.1986888,3.395074503311258,1.2228038439737843,43488.0,1.4411764705882353
1311.3986886,,16.559603192214347,45061.0,1.4878048780487805
1311.5986884,,13.923708008325967,44193.0,1.5098039215686274
1311.7986882,6.2722093076256895,2.9401377824324917,43878.0,1.5098039215686274
1311.998688,,5.131137605481242,44200.0,1.4585365853658536
1312.1986878,,16.765231532557305,42766.0,1.4215686274509804
1312.3986876,6.4715464304129755,2.459242498458948,42666.0,1.3970588235294117
1312.5986874,5.474286121876411,6.969892125115588,42059.0,1.3725490196078431
1312.7986872,6.1005901732597,5.412180870139745,42191.0,1.4019607843137254
1312.998687,,5.108090100093883,42548.0,1.3902439024390243
1313.1986868,,5.881694619251509,42039.0,1.3872549019607843
1313.3986866,,2.7509624328750766,42269.0,1.3853658536585365
1313.5986864,,3.502678311674184,42145.0,1.3970588235294117
1313.7986862,4.716931716294654,2.0925217965815848,42382.0,1.3970588235294117
1313.998686,5.413865396069089,6.516603817065179,41975.0,1.3774509803921569
1314.1986858,4.228690674934414,0.4988969851337965,41930.0,1.3823529411764706
1314.3986856,3.893882825962091,1.193200684219923,41784.0,1.3774509803921569
1314.5986854,3.6180776880496515,0.8606094237748984,41731.0,1.3774509803921569
1314.7986852,3.6964131166458314,1.9281539071633682,41596.0,1.3725490196078431
1314.998685,3.5141773306763344,0.6987114370798487,41651.0,1.3725490196078431
1315.1986848,3.560405337421843,0.5989260995958003,41743.0,1.3725490196078431
1315.3986846,3.4174052603842284,0.6540859890433894,41746.0,1.3725490196078431
1315.5986844,3.4318606993812057,0.6716587305102082,41694.0,1.3725490196078431
1315.7986842,3.4693172825591714,0.8034833184782693,41701.0,1.3725490196078431
1315.998684,3.6479222310450203,1.5141690808687756,41559.0,1.3676470588235294
1316.1986838,3.5471643518518516,1.132785447538296,41472.0,1.3627450980392157
1316.3986836,,3.178370539781056,41816.0,1.3609756097560977
1316.5986834,,2.043166919139323,41500.0,1.3676470588235294
1316.7986832,3.4450111878353344,1.5601552489466732,41563.0,1.3676470588235294
1316.998683,3.4758727023055243,1.4236294973607633,41509.0,1.3676470588235294
1317.1986828,3.5135335824470633,2.7994341465510852,41748.0,1.3725490196078431
1317.3986826,3.440322233643296,0.5637929665597509,41833.0,1.3676470588235294
1317.5986824,3.4758537758537758,2.1912198078065046,41580.0,1.3676470588235294
1317.7986822,,2.072874240191448,41807.0,1.3609756097560977
1317.998682,,2.80232577131213,41522.0,1.3627450980392157
1318.1986818,8.024136790893204,11.15757688070493,42342.0,1.392156862745098
1318.3986816,8.9552408063135,7.739267799208829,43209.0,1.4313725490196079
1318.5986814,,29.719469744570905,41834.0,1.3121951219512196
1318.7986812,,9.143212423481792,42125.0,1.3088235294117647
1318.998681,6.790746657200331,3.978641951565554,42255.0,1.3137254901960784
1319.1986808,,2.697188230117632,42716.0,1.351219512195122
1319.3986806,,2.207861924248818,42525.0,1.3333333333333333
1319.5986804,,3.1541468330695848,42652.0,1.3609756097560977
1319.7986802,,9.344997310824699,42926.0,1.338235294117647
1319.99868,16.533404123528893,28.460634510115465,45204.0,1.411764705882353
1320.1986798,8.615733363258894,6.882073420373246,44555.0,1.4411764705882353
1320.3986796,5.032927961591594,3.3836815060439265,44157.0,1.4264705882352942
1320.5986794,7.444189344317644,10.795215586102914,44427.0,1.4901960784313726
1320.7986792,,35.59264693500341,46525.0,1.5707317073170732
1320.998679,,48.787739856091264,49975.0,1.7009803921568627
1321.1986788,9.389924315021611,22.39494029923592,51133.0,1.7598039215686274
1321.3986786,5.26649972823977,3.964299758951318,51516.0,1.7352941176470589
1321.5986784,6.557485493230174,1.7663392544017775,51700.0,1.75
1321.7986782,4.697110094399722,1.9656270059605403,51801.0,1.7647058823529411
1321.998678,5.160836325726862,9.872173567767343,51798.0,1.7745098039215685
1322.1986778,,10.439885593536095,53392.0,1.7884615384615385
1322.3986776,,14.82831016873684,51846.0,1.7647058823529411
1322.5986774,11.093268271043584,51.921387315061956,54102.0,1.9852941176470589
1322.7986772,9.787213484352353,12.217715376968496,55887.0,1.946078431372549
1322.998677,9.588574414037868,7.686580808483742,55507.0,1.8872549019607843
1323.1986768,,28.34618540553046,58125.0,1.8990384615384615
1323.3986766,,19.305075323526992,55908.0,1.9509803921568627
1323.5986764,,14.612030488554156,57040.0,1.9182692307692308
1323.7986762,,14.317997456378821,55982.0,1.9607843137254901
1323.998676,,11.28511981103993,55384.0,1.9950248756218905
1324.1986758,,57.58220069348052,60337.0,2.0
1324.3986756,,32.35227199939086,61110.0,2.0392156862745097
1324.5986754,6.786230904420711,27.010189813816673,59176.0,2.0049019607843137
1324.7986752,,57.21609195113605,56881.0,1.8846153846153846
1324.9986749999998,,41.62967571137234,53548.0,1.8774509803921569
1325.1986748,8.118116113528373,20.707834113266813,54929.0,1.8627450980392157
1325.3986745999998,6.729883052745598,16.597526728663684,54469.0,1.8431372549019607
1325.5986744,5.3873817499171786,1.5969533515098049,54334.0,1.8627450980392157
1325.7986741999998,5.057965198993179,7.391239817669738,54826.0,1.8725490196078431
1325.998674,5.144552221150521,0.5085498613096701,54949.0,1.8774509803921569
1326.1986737999998,4.701507482795034,4.008536634719208,54926.0,1.8725490196078431
1326.3986736,4.139182335817207,2.658809438536937,54619.0,1.8725490196078431
1326.5986733999998,4.178157046319739,3.1182354201199165,54901.0,1.8774509803921569
1326.7986732,6.773728430752552,5.924744756037123,55345.0,1.8872549019607843
1326.9986729999998,7.3972521551724135,3.2046854482173424,55680.0,1.857843137254902
1327.1986728,7.698897340435007,11.98553689596054,56137.0,1.7990196078431373
1327.3986725999998,8.602224062880003,5.954772534770607,56743.0,1.7745098039215685
1327.5986724,,61.71531013117173,60395.0,1.8756218905472637
1327.7986721999998,,14.750162703170915,60405.0,1.8725490196078431
1327.998672,8.843763005876575,3.550607439369772,60069.0,1.8823529411764706
1328.1986717999998,8.474428581004089,3.4385632342060526,59676.0,1.8872549019607843
1328.3986716,10.629435728525614,18.651273370596527,57685.0,1.8725490196078431
1328.5986713999998,9.704505402566888,17.057495636914393,56177.0,1.7941176470588236
1328.7986712,6.722772982112663,4.143900231764368,56185.0,1.838235294117647
1328.9986709999998,6.6292194092827,8.03509101411896,56880.0,1.8529411764705883
1329.1986708,6.453160511363636,6.2135513105850935,56320.0,1.8480392156862746
1329.3986705999998,,13.95685352844349,57191.0,1.8269230769230769
1329.5986704,,13.945661615940589,55289.0,1.8333333333333333
1329.7986701999998,,32.32395046847706,53775.0,1.7836538461538463
1329.99867,,24.663699879682497,51701.0,1.7450980392156863
1330.1986697999998,,13.010306622920924,50619.0,1.7881773399014778
1330.3986696,,5.114688428816667,51587.0,1.7941176470588236
1330.5986693999998,17.13394155277697,32.7164319678865,55024.0,1.8480392156862746
1330.7986692,,12.334377996566385,57818.0,1.8221153846153846
1330.9986689999998,,13.848406205271205,57007.0,1.8480392156862746
1331.1986688,8.388782051282051,11.29631286898613,56160.0,1.838235294117647
1331.3986685999998,8.11559377986274,9.058555372007767,57555.0,1.8431372549019607
1331.5986684,5.507027690150719,9.634467291740773,57060.0,1.8235294117647058
1331.7986681999998,7.420514355119788,4.436548052166877,56809.0,1.8235294117647058
1331.998668,6.4027263007840345,10.71097480614843,56120.0,1.803921568627451
1332.1986677999998,6.387597725657427,3.394444189224985,56280.0,1.7941176470588236
1332.3986676,5.464186013640058,3.9827677164643656,56598.0,1.7990196078431373
1332.5986673999998,9.68621318738598,13.039459548341378,57555.0,1.7990196078431373
1332.7986672,9.701722293169503,15.700584508988074,57946.0,1.8137254901960784
1332.9986669999998,,13.711555150604186,59234.0,1.8269230769230769
1333.1986668,,16.31419914541063,57502.0,1.8186274509803921
1333.3986665999998,11.770114942528735,18.841928512296853,58116.0,1.8431372549019607
1333.5986664,,15.844716889259468,58540.0,1.8269230769230769
1333.7986661999998,,24.344955544534677,55894.0,1.803921568627451
1333.998666,7.214612601106854,3.2282915854388605,56376.0,1.8088235294117647
1334.1986657999998,7.3218419638057695,4.0348574435266205,55810.0,1.8137254901960784
1334.3986656,6.568432532942375,5.644306675419754,55931.0,1.8137254901960784
1334.5986653999998,5.113731203683718,6.335402678335901,55596.0,1.803921568627451
1334.7986652,,11.132506770326426,57029.0,1.8269230769230769
1334.9986649999998,,12.969597375259646,55234.0,1.803921568627451
1335.1986648,4.589151675646059,4.464738360058496,54755.0,1.803921568627451
1335.3986645999998,,11.76003343443963,56853.0,1.8125
1335.5986644,,13.117951742820205,54981.0,1.803921568627451
1335.7986641999998,4.388192029711082,0.5333626067959986,54929.0,1.803921568627451
1335.998664,4.5273628202080785,2.581104093232765,54691.0,1.803921568627451
1336.1986637999998,4.590329999269913,1.8174422236451964,54788.0,1.7990196078431373
1336.3986636,4.335258530879316,1.189781003671641,54713.0,1.7990196078431373
1336.5986633999999,4.548290254082156,1.6008683095937717,54628.0,1.7990196078431373
1336.7986632,,12.773092648472321,56315.0,1.8269230769230769
1336.9986629999999,,13.203166378896107,54778.0,1.7990196078431373
1337.1986628,4.200639678333181,0.9450707417336811,54715.0,1.7990196078431373
1337.3986625999999,4.448252821670429,5.265477270149783,55375.0,1.7990196078431373
1337.5986624,4.237785607904391,2.649301041267111,55058.0,1.7990196078431373
1337.7986621999999,4.308118114666328,0.7002784903098758,55099.0,1.7990196078431373
1337.998662,10.866196686640818,28.3944342342004,56740.0,1.8235294117647058
1338.1986617999999,7.961787381524968,3.5464134855216276,56552.0,1.8235294117647058
1338.3986616,,7.8593425498226015,55545.0,1.8507462686567164
1338.5986613999999,,7.767522299096248,56592.0,1.8186274509803921
1338.7986612,8.534296422983152,13.953664485243781,54962.0,1.7892156862745099
1338.9986609999999,5.460201347142753,2.026696538425344,55228.0,1.7990196078431373
1339.1986608,5.106924532421221,6.932027943650436,54964.0,1.7990196078431373
1339.3986605999999,4.629093986899242,4.523639137244592,54348.0,1.7941176470588236
1339.5986604,4.089330478856746,1.7942502879909488,54651.0,1.7990196078431373
1339.7986601999999,15.298804710535144,27.704348583587855,56639.0,1.8137254901960784
1339.99866,10.856846913842558,11.804603060307127,56478.0,1.7941176470588236
1340.1986597999999,8.057609491985776,5.906003318540623,55963.0,1.7892156862745099
1340.3986596,7.53390376628956,2.040591570491133,55864.0,1.7990196078431373
1340.5986593999999,,11.453409261109108,57246.0,1.8173076923076923
1340.7986592,,12.862475427458188,56369.0,1.8088235294117647
1340.9986589999999,12.2344257973816,24.34754240377907,56905.0,1.8480392156862746
1341.1986588,9.540970622119815,19.919763077568657,55552.0,1.8284313725490196
1341.3986585999999,6.986341374931979,6.393592501858797,55130.0,1.8137254901960784
1341.5986584,5.626511517627533,2.7243436714650398,54829.0,1.8235294117647058
1341.7986581999999,5.2284200913242005,2.4058510108757534,54750.0,1.8235294117647058
1341.998658,5.95115128836856,8.781566165358143,53983.0,1.8186274509803921
1342.1986577999999,,12.49109503874725,55142.0,1.8125
1342.3986576,,13.426458569641728,54457.0,1.8137254901960784
1342.5986573999999,5.581577385368749,4.02873774140314,53912.0,1.8137254901960784
1342.7986572,5.4134182908545725,8.949131810352162,53360.0,1.8088235294117647
1342.9986569999999,4.878119886395696,3.744321812718625,53167.0,1.8088235294117647
1343.1986568,4.168410002624377,1.3592944828553466,53346.0,1.8137254901960784
1343.3986565999999,4.267487451463206,3.6947384558924035,52795.0,1.8137254901960784
1343.5986564,3.943919415992304,1.1531427815965685,53013.0,1.8137254901960784
1343.7986561999999,3.9938342603940793,0.2194734328645403,53035.0,1.8137254901960784
1343.998656,6.8865929211821735,4.664731061936346,53427.0,1.7990196078431373
1344.1986557999999,,14.384091208952812,54795.0,1.8125
1344.3986556,,14.570565187183934,53532.0,1.803921568627451
1344.5986553999999,8.178689797541713,8.345600341519962,52801.0,1.7745098039215685
1344.7986552,6.336113153515731,17.537442970595993,51682.0,1.7549019607843137
1344.9986549999999,9.27064754520977,19.475965567586748,52367.0,1.7941176470588236
1345.1986548,4.993437548973515,11.804666750647199,51048.0,1.7892156862745099
1345.3986545999999,4.12077095367205,4.21686611165307,50898.0,1.7843137254901962
1345.5986544,4.150938243670269,2.0211626072964766,51266.0,1.7843137254901962
1345.7986541999999,3.8125658125658126,0.3099870445103562,51282.0,1.7843137254901962
1345.998654,4.223538875046595,3.085130912405707,50971.0,1.7794117647058822
1346.1986537999999,,3.3829498622816154,50726.0,1.7881773399014778
1346.3986536,,3.195336962225544,51343.0,1.7843137254901962
1346.5986533999999,,2.63228305997718,51864.0,1.775609756097561
1346.7986532,,4.998756839863409,50827.0,1.7745098039215685
1346.9986529999999,4.426634939829533,2.9660604603350738,51271.0,1.7794117647058822
1347.1986528,13.554169741697416,37.01433247432438,54200.0,1.8137254901960784
1347.3986525999999,7.6887785136129505,3.580043134233295,54360.0,1.8284313725490196
1347.5986524,5.4169296829125075,2.8661945235590576,54496.0,1.8235294117647058
1347.7986521999999,5.008858484337172,3.353748130706952,54524.0,1.8186274509803921
1347.998652,,3.61027445952602,54653.0,1.8146341463414635
1348.1986517999999,,5.99178463020327,54621.0,1.8186274509803921
1348.3986516,,15.216911791095688,57102.0,1.8221153846153846
1348.5986513999999,,18.038571246951644,54832.0,1.8186274509803921
1348.7986512,9.509233712246624,7.777243959037231,54366.0,1.7990196078431373
1348.9986509999999,5.99428806092735,8.746340387554394,53572.0,1.7941176470588236
1349.1986508,5.647958423366366,1.4924727187114981,53684.0,1.7990196078431373
1349.3986505999999,4.716718934855684,5.592644238710644,53251.0,1.7941176470588236
1349.5986504,4.3646173291327885,4.070585273828477,53009.0,1.7892156862745099
1349.7986501999999,4.058079083181542,2.6653454159971717,52704.0,1.7892156862745099
1349.99865,,10.983859194710135,54283.0,1.7980769230769231
1350.1986497999999,,12.681450500786763,52656.0,1.7843137254901962
1350.3986496,4.110926741813049,1.8283333255377066,52431.0,1.7843137254901962
1350.5986493999999,3.9282196174258335,0.9901967556629374,52382.0,1.7843137254901962
1350.7986492,3.9770582864099833,0.8378931332581747,52568.0,1.7843137254901962
1350.998649,3.9516045992792175,0.7467105977386023,52443.0,1.7843137254901962
1351.1986488,,3.3556643945584783,52736.0,1.775609756097561
1351.3986486,,4.426753977603047,52598.0,1.7843137254901962
1351.5986484,3.9027963991572494,2.5916945344427496,52210.0,1.7843137254901962
1351.7986482,4.0179617785607595,0.33740337215488264,52222.0,1.7843137254901962
1351.998648,3.8713518029736247,2.5643223626437663,52663.0,1.7843137254901962
1352.1986478,3.854806503755824,0.9585932660741164,52585.0,1.7843137254901962
1352.3986476,11.328265868525751,37.44143905142685,54794.0,1.8333333333333333
1352.5986474,,18.96479168146441,56326.0,1.8221153846153846
1352.7986472,,16.49643186477636,56033.0,1.857843137254902
1352.998647,6.990531576556111,15.495313127365598,55025.0,1.8333333333333333
1353.1986468,,3.3890253626832,55540.0,1.8341463414634147
1353.3986466,,6.9864425625858155,54718.0,1.8333333333333333
1353.5986464,4.377798456401554,0.5325474143819205,54807.0,1.838235294117647
1353.7986462,4.283924690929676,0.4704594777967868,54761.0,1.8333333333333333
1353.998646,4.325926738720945,1.016505319961605,54681.0,1.8333333333333333
1354.1986458,4.106825143527945,0.8568349962934577,54519.0,1.8431372549019607
1354.3986456,3.877529383808288,1.5352894251036624,54707.0,1.838235294117647
1354.5986454,3.972736805312828,2.4257646418271763,54359.0,1.838235294117647
1354.7986452,4.029160583941606,2.5938940323939277,54800.0,1.8333333333333333
1354.998645,3.92910277265001,0.48173318324784437,54713.0,1.838235294117647
1355.1986448,3.8989219317223425,0.9482301544202286,54542.0,1.838235294117647
1355.3986446,4.064153354632587,0.8291980795870294,54775.0,1.838235294117647
1355.5986444,4.428206823106019,1.7377920877643254,54462.0,1.838235294117647
1355.7986442,3.898909411375904,0.4018607434751031,54466.0,1.838235294117647
1355.998644,4.230954128440367,0.35659292907373874,54500.0,1.838235294117647
1356.1986438,,13.579977337580807,55702.0,1.8221153846153846
1356.3986436,,12.882828538578499,54324.0,1.8431372549019607
1356.5986434,,22.488948223892844,57051.0,1.8221153846153846
1356.7986432,,24.820092501436093,54683.0,1.8186274509803921
1356.998643,4.604983908045977,2.346767945108564,54375.0,1.8235294117647058
1357.1986428,6.383213016233647,5.480285829245595,54578.0,1.8284313725490196
1357.3986426,,14.233081628866712,56487.0,1.8125
1357.5986424,,12.431265013183026,55605.0,1.8431372549019607
1357.7986422,,12.926874204250721,56388.0,1.8173076923076923
1357.998642,,11.48744721513237,55243.0,1.8431372549019607
1358.1986418,,12.477107906135261,56313.0,1.8221153846153846
1358.3986416,4.253236692607697,2.240917596961134,56153.0,1.8173076923076923
1358.5986414,3.9468132415461517,0.46786922670024195,56217.0,1.8221153846153846
1358.7986412,,12.630117361069885,54816.0,1.838235294117647
1358.998641,4.466094948617745,3.2962926315059558,55272.0,1.838235294117647
1359.1986408,,15.098593817762822,55868.0,1.8173076923076923
1359.3986406,,15.075728841320435,54967.0,1.8284313725490196
1359.5986404,4.4956346541302885,0.8407954409920212,55093.0,1.8333333333333333
1359.7986402,4.352384966374082,3.4054023954001855,54571.0,1.8284313725490196
1359.99864,5.364258206491839,0.9102526788768305,54530.0,1.8333333333333333
1360.1986398,4.660623666985364,0.42976189109715596,54388.0,1.8333333333333333
1360.3986396,4.2523287369810765,0.6408149483841169,54536.0,1.838235294117647
1360.5986394,,12.601465076183784,56167.0,1.8269230769230769
1360.7986392,,16.51491966605875,55863.0,1.8431372549019607
1360.998639,12.308148653256051,36.43569619951573,58660.0,1.9019607843137254
1361.1986388,,14.067741615726487,59486.0,1.8653846153846154
1361.3986386,12.96474642874398,45.189799377080625,62093.0,1.9230769230769231
1361.5986384,,19.202377958501128,60103.0,2.054726368159204
1361.7986382,,35.430534218493854,62630.0,1.9150943396226414
1361.998638,,39.58791395517998,58112.0,2.0049751243781095
1362.1986378,,22.348597178343,60169.0,1.9326923076923077
1362.3986376,,12.613640277966875,58590.0,1.9754901960784315
1362.5986374,,10.984750048900226,59753.0,1.9086538461538463
1362.7986372,,39.953503476604105,56801.0,1.8627450980392157
1362.998637,9.30977823121946,17.073218013771832,55869.0,1.7843137254901962
1363.1986368,6.73120728929385,5.994745610037189,55753.0,1.803921568627451
1363.3986366,6.8217035655593925,20.13236289594664,54157.0,1.7598039215686274
1363.5986364,6.71618536903511,10.22292752699884,55198.0,1.7843137254901962
1363.7986362,5.448735837472791,13.402531135313357,53751.0,1.7696078431372548
1363.998636,6.804192839801148,29.913380169343338,51898.0,1.7205882352941178
1364.1986358,6.247490963429656,29.763511801557012,49521.0,1.6323529411764706
1364.3986356,7.4891227795602155,9.75562781114863,51116.0,1.6372549019607843
1364.5986354,5.648257425742575,16.112699932820593,50500.0,1.6029411764705883
1364.7986352,,36.58458966768895,48224.0,1.5121951219512195
1364.998635,,6.365103701560863,48437.0,1.5343137254901962
1365.1986348,6.648300188530073,7.40650280966682,49329.0,1.5490196078431373
1365.3986346,,16.397984244815046,47688.0,1.473170731707317
1365.5986344,,63.192081483050764,43210.0,1.392156862745098
1365.7986342,,1.8560674019286987,43529.0,1.3707317073170733
1365.998634,,23.863081028975945,45088.0,1.3970588235294117
1366.1986338,5.500354452813469,3.2801435230691145,45140.0,1.4019607843137254
1366.3986336,9.374552854235835,32.76913144420541,46685.0,1.5049019607843137
1366.5986334,6.5891181186531265,4.513587725328967,46775.0,1.5245098039215685
1366.7986332,5.906636742545688,7.837595933155176,46785.0,1.5490196078431373
1366.998633,5.985322708141944,3.5127391260675895,46807.0,1.5637254901960784
1367.1986328,6.343916800813353,8.873427566330745,47212.0,1.6176470588235294
1367.3986326,4.776222589812105,2.2511466727424136,47154.0,1.5980392156862746
1367.5986324,4.151120299024829,5.366151923235943,47889.0,1.6029411764705883
1367.7986322,4.114173311618266,4.727556641122042,47279.0,1.588235294117647
1367.998632,7.878774154589372,14.715228089829377,46368.0,1.5147058823529411
1368.1986318,5.851127532169703,12.339237015642261,47094.0,1.5588235294117647
1368.3986316,5.558900107957071,5.625415228878301,47241.0,1.5833333333333333
1368.5986314,6.233563869677527,9.001020899513321,48004.0,1.5833333333333333
1368.7986311999998,8.871412637810476,29.014199515356292,46622.0,1.5049019607843137
1368.998631,6.194828035435123,11.18639186178959,46056.0,1.4558823529411764
1369.1986307999998,6.15031693989071,3.763644850906601,45750.0,1.4803921568627452
1369.3986306,6.485240830755634,5.349907221468988,45260.0,1.4901960784313726
1369.5986303999998,10.389653425640592,21.22748094215169,47378.0,1.5441176470588236
1369.7986302,7.252177068214804,5.72145377025834,46852.0,1.5245098039215685
1369.9986299999998,9.370973306309025,8.192944216346403,46378.0,1.4803921568627452
1370.1986298,,11.435062014403844,46478.0,1.4536585365853658
1370.3986295999998,6.678584787344056,15.590616791602763,45449.0,1.4292682926829268
1370.5986294,7.4503130311309995,15.022464879239205,46481.0,1.4634146341463414
1370.7986291999998,,4.833126342080236,45870.0,1.4509803921568627
1370.998629,5.841946758699523,8.59395431850667,45491.0,1.4313725490196079
1371.1986287999998,6.401116706809722,2.2995227690003945,45670.0,1.4068627450980393
1371.3986286,6.9829006822007615,8.787008172571603,45148.0,1.4019607843137254
1371.5986283999998,,3.0446689717161837,45336.0,1.395121951219512
1371.7986282,,10.282011478792636,44918.0,1.357843137254902
1371.9986279999998,,15.031572463092688,46158.0,1.4292682926829268
1372.1986278,,9.710612519889672,45248.0,1.3725490196078431
1372.3986275999998,7.828652321630804,14.87254968946343,44150.0,1.3333333333333333
1372.5986274,,2.7803303961415393,44632.0,1.4048780487804877
1372.7986271999998,,16.637887575642004,45632.0,1.3725490196078431
1372.998627,,6.763297132682188,45621.0,1.3804878048780487
1373.1986267999998,,16.190937810023865,43835.0,1.3431372549019607
1373.3986266,10.55171637084422,20.494547263990192,44396.0,1.392156862745098
1373.5986263999998,,6.071482485460117,44331.0,1.4048780487804877
1373.7986262,,4.822673654003788,43895.0,1.4068627450980393
1373.9986259999998,5.430021622851941,1.8712989383936751,43935.0,1.4068627450980393
1374.1986258,6.4057247959535575,5.862755988106512,43495.0,1.3823529411764706
1374.3986255999998,5.208259722381554,0.5339537488051409,43585.0,1.3970588235294117
1374.5986254,4.106117979834846,2.595272730643296,43838.0,1.4019607843137254
1374.7986251999998,5.190034443168772,3.6524858597481273,43550.0,1.3872549019607843
1374.998625,,3.6742865763654744,44112.0,1.395121951219512
1375.1986247999998,,5.934729331200394,43904.0,1.3872549019607843
1375.3986246,7.887107249232974,7.044936521713018,44653.0,1.4019607843137254
1375.5986243999998,4.912539233800058,3.1110134703838077,44923.0,1.411764705882353
1375.7986242,4.844436050128877,0.6501859080932282,45004.0,1.4019607843137254
1375.9986239999998,5.050839964633068,2.718109560351043,45240.0,1.4019607843137254
1376.1986238,5.710579417699625,0.7411893206637831,45097.0,1.3823529411764706
1376.3986235999998,4.409614655998574,4.5378525562186365,44869.0,1.3823529411764706
1376.5986234,4.3043206570255315,1.123734172703878,44808.0,1.3823529411764706
1376.7986231999998,6.066836577756295,8.70367053038181,45514.0,1.3970588235294117
1376.998623,6.487280321713435,3.2316451734218576,45009.0,1.4019607843137254
1377.1986227999998,6.453679420796629,6.818261205519408,44613.0,1.3872549019607843
1377.3986226,6.141653109182935,6.556405106922993,44256.0,1.3774509803921569
1377.5986223999998,6.180884233193513,3.585499096375836,44581.0,1.3823529411764706
1377.7986222,,4.293044255179676,45044.0,1.3902439024390243
1377.9986219999998,,1.820611412907291,44164.0,1.3970588235294117
1378.1986218,6.070455527506766,8.591211651709273,43971.0,1.3823529411764706
1378.3986215999998,5.70096990118847,1.1661113548165558,43922.0,1.3774509803921569
1378.5986214,,3.9237944065323553,44372.0,1.3804878048780487
1378.7986211999998,,1.3276154762745471,43938.0,1.3872549019607843
1378.998621,5.264431691881961,3.7385447181573603,44087.0,1.4019607843137254
1379.1986207999998,5.308951965065503,1.204241159877445,43968.0,1.3970588235294117
1379.3986206,4.498508474576271,3.2739915223829734,44250.0,1.4019607843137254
1379.5986203999998,5.5753356086461885,3.4070331112589476,43950.0,1.392156862745098
1379.7986202,5.337708776535554,5.427812885681949,44186.0,1.4068627450980393
1379.9986199999998,5.945392725115239,4.617199777025857,43822.0,1.4068627450980393
1380.1986198,6.354670254492383,2.574247758780003,43852.0,1.4019607843137254
1380.3986195999998,,4.438063452907829,44104.0,1.395121951219512
1380.5986194,,5.60851752634482,43518.0,1.392156862745098
1380.7986191999998,5.013809817774424,3.033732552162946,43737.0,1.3872549019607843
1380.998619,,4.523700977675268,44157.0,1.3853658536585365
1381.1986187999998,,0.8428918559139477,43781.0,1.4019607843137254
1381.3986186,5.848472532683059,6.156011128818633,44289.0,1.4068627450980393
1381.5986183999999,5.448496819090053,10.590996727984336,43541.0,1.3970588235294117
1381.7986182,,10.013842423670033,44052.0,1.4048780487804877
1381.9986179999999,,3.950625527894541,43973.0,1.4068627450980393
1382.1986178,,8.659389830268664,43489.0,1.4097560975609755
1382.3986175999999,,2.71443391980167,43149.0,1.411764705882353
1382.5986174,3.7991848832901076,0.6558378562260353,43184.0,1.4068627450980393
1382.7986171999999,6.232143261929049,10.557185402390314,44115.0,1.4264705882352942
1382.998617,5.291106919396393,8.335701841439713,43472.0,1.4166666666666667
1383.1986167999999,,6.514550664042759,43260.0,1.424390243902439
1383.3986166,,5.474444484600361,43244.0,1.4215686274509804
1383.5986163999999,3.6821082925244273,1.5645754406751047,43087.0,1.4215686274509804
1383.7986162,5.1456144465290805,6.8315871121744225,42640.0,1.4068627450980393
1383.9986159999999,4.371536643026005,2.662743420510931,42300.0,1.4068627450980393
1384.1986158,3.7365535494848285,0.6778662754902224,42316.0,1.4068627450980393
1384.3986155999999,3.6704558826990517,2.1014765582929535,42489.0,1.4068627450980393
1384.5986154,4.856180721201066,2.926897817025394,42762.0,1.411764705882353
1384.7986151999999,7.4407057195571955,11.740870846784306,43360.0,1.446078431372549
1384.998615,,16.14279519710504,45100.0,1.4780487804878049
1385.1986147999999,,8.268121610234216,45705.0,1.5049019607843137
1385.3986146,4.2615141332279105,2.4461388144637515,45531.0,1.5098039215686274
1385.5986143999999,4.939717466310787,5.145887316400018,46083.0,1.5245098039215685
1385.7986142,4.123150105708246,4.899137307990278,45408.0,1.5196078431372548
1385.9986139999999,6.002596518111778,12.59959866401535,46986.0,1.5441176470588236
1386.1986138,5.85111833466084,4.458259583670585,46453.0,1.5441176470588236
1386.3986135999999,,4.399546870879837,46448.0,1.526829268292683
1386.5986134,,6.67714567467435,46670.0,1.5147058823529411
1386.7986131999999,5.280749924921704,1.0870336861012235,46618.0,1.5049019607843137
1386.998613,5.429690357842188,4.789157646480096,46473.0,1.4803921568627452
1387.1986127999999,7.808030532988126,12.318771411712392,44804.0,1.4607843137254901
1387.3986126,6.125879166484645,11.655878085235624,45782.0,1.4803921568627452
1387.5986123999999,5.356431526187922,5.096512709210458,45689.0,1.4852941176470589
1387.7986122,6.085192089305993,14.73638845981164,46671.0,1.5098039215686274
1387.9986119999999,6.110441937399271,5.848193628589641,47156.0,1.5098039215686274
1388.1986118,4.669399830938293,1.1576819229082012,47320.0,1.5196078431372548
1388.3986115999999,6.161684401372731,13.301594019572335,46331.0,1.4852941176470589
1388.5986114,6.551779243287042,21.98936964562652,44429.0,1.4607843137254901
1388.7986111999999,4.614398819108964,4.75464552615576,44712.0,1.4607843137254901
1388.998611,5.593477190312038,2.6219036024806175,44674.0,1.4656862745098038
1389.1986107999999,,3.809539120399339,44871.0,1.4585365853658536
1389.3986106,,3.5707260748381535,44592.0,1.4656862745098038
1389.5986103999999,4.962257000178348,3.2423002493989337,44856.0,1.4705882352941178
1389.7986102,4.735670287826184,4.148569674958167,44645.0,1.4607843137254901
1389.9986099999999,,4.653257043361324,44763.0,1.4682926829268292
1390.1986098,,5.196921063531213,44649.0,1.4558823529411764
1390.3986095999999,11.452587719298245,31.439340987669365,45600.0,1.5098039215686274
1390.5986094,,18.13032849090386,47602.0,1.526829268292683
1390.7986091999999,,13.358572578691192,46951.0,1.5098039215686274
1390.998609,4.308158847860097,4.139577798953794,46661.0,1.5098039215686274
1391.1986087999999,4.006835226055282,0.3777951171485835,46670.0,1.5098039215686274
1391.3986086,5.087836118415472,3.837230540425293,47156.0,1.5196078431372548
1391.5986083999999,,6.427603866864639,46899.0,1.502439024390244
1391.7986082,,3.597239805182233,46807.0,1.5098039215686274
1391.9986079999999,,19.835221961343716,47783.0,1.5317073170731708
1392.1986078,,7.334755924674481,47161.0,1.5245098039215685
1392.3986075999999,10.55274603014059,35.376918082628876,49435.0,1.5784313725490196
1392.5986074,9.415650366652288,21.429494635773125,51002.0,1.607843137254902
1392.7986071999999,6.4546233543662845,2.248073900017243,51348.0,1.6127450980392157
1392.998607,5.294719074965078,6.523025168231471,51544.0,1.6225490196078431
1393.1986067999999,6.8916612327873885,7.870281167344858,52142.0,1.642156862745098
1393.3986066,5.93100744056158,6.028078133765828,52281.0,1.661764705882353
1393.5986063999999,,3.9986805459363515,52316.0,1.6798029556650247
1393.7986062,,23.769503289387607,54574.0,1.8173076923076923
1393.9986059999999,,13.308228829204317,53811.0,1.7450980392156863
1394.1986058,4.22281314054623,3.209016911959285,54153.0,1.7549019607843137
1394.3986055999999,5.6890163211292455,1.734089991959831,54408.0,1.7450980392156863
1394.5986054,5.893441268792334,3.2262451702574575,54477.0,1.7598039215686274
1394.7986051999999,5.1675918097268685,1.1063061241034429,54406.0,1.7549019607843137
1394.998605,4.3170483554700505,3.112484675631092,54058.0,1.7549019607843137
1395.1986047999999,4.569103899204731,3.232186502806425,54447.0,1.7549019607843137
1395.3986046,5.173514883540229,4.626171711048552,54053.0,1.7450980392156863
1395.5986043999999,,3.3820374486394345,54456.0,1.7414634146341463
1395.7986042,,11.431052364949252,52911.0,1.7450980392156863
1395.998604,4.135607851968622,2.2113199734945814,53286.0,1.7450980392156863
1396.1986038,5.305495529061103,8.293541775995102,53680.0,1.7549019607843137
1396.3986036,5.5005683406316965,4.914609590550892,53665.0,1.75
1396.5986034,5.424860187424426,12.984537600775585,52928.0,1.7205882352941178
1396.7986032,5.703768993466056,10.276077369140745,52189.0,1.7156862745098038
1396.998603,4.177723570989551,3.1778450989805718,52064.0,1.7107843137254901
1397.1986028,5.953385886598917,8.932952835847432,52645.0,1.7205882352941178
1397.3986026,6.935173673168078,17.357545892513315,51476.0,1.696078431372549
1397.5986024,4.673572815533981,3.4354675543493443,51500.0,1.6911764705882353
1397.7986022,5.798811495372625,1.3412010411814528,51325.0,1.6911764705882353
1397.998602,11.343015463401949,15.826738448023937,49989.0,1.7009803921568627
1398.1986018,10.564104686045308,40.96020328201434,48335.0,1.642156862745098
1398.3986016,6.145306472353194,11.677609163679683,48993.0,1.6274509803921569
1398.5986014,7.85535445878889,2.7482532941950923,48567.0,1.6127450980392157
1398.7986012,6.391840528816361,7.16573264475051,48410.0,1.6029411764705883
1398.998601,4.959484499594012,6.474338005928738,48031.0,1.5980392156862746
1399.1986008,,51.09570158130262,49888.0,1.6585365853658536
1399.3986006,,28.5165397433491,52620.0,1.7009803921568627
1399.5986004,5.653465721040189,1.9452697799904093,52875.0,1.7009803921568627
1399.7986002,,13.33713334570731,54291.0,1.7980769230769231
1399.9986,,13.436511211212059,52755.0,1.7009803921568627
1400.1985998,3.819721247748175,0.10005486330117237,52735.0,1.7009803921568627
1400.3985996,9.173775377165208,14.501778499750905,53690.0,1.696078431372549
1400.5985994,9.995739038189534,34.72002474342412,56560.0,1.7450980392156863
1400.7985992,7.064572990862652,7.017907110652035,55596.0,1.7598039215686274
1400.998599,5.951421503603054,5.01091155547202,55786.0,1.7794117647058822
1401.1985988,5.229800592159241,1.0944642454167282,56066.0,1.7843137254901962
1401.3985986,6.821029716288208,8.01690368127391,56501.0,1.8088235294117647
1401.5985984,5.606714331221463,0.530348630437363,56506.0,1.803921568627451
1401.7985982,4.856417926392821,6.378413885632548,56163.0,1.7990196078431373
1401.998598,,12.970683859955441,56933.0,1.8173076923076923
1402.1985978,,17.709754958936784,55457.0,1.7745098039215685
1402.3985976,,6.546012289679874,54713.0,1.7684729064039408
1402.5985974,,25.332346133550555,56352.0,1.7892156862745099
1402.7985972,5.875102448063286,1.1581868826471702,56126.0,1.7745098039215685
1402.998597,5.277491424363786,9.527392887958234,55681.0,1.7647058823529411
1403.1985968,4.48839100189719,3.34344793574144,55345.0,1.7647058823529411
1403.3985966,4.349238817587748,0.3601347304495652,55243.0,1.7647058823529411
1403.5985964,4.7127102187374055,6.097549602693584,54586.0,1.7598039215686274
1403.7985962,4.473478300427622,3.0924336522972173,54955.0,1.7598039215686274
1403.998596,8.68841096183315,7.2199970058468494,56122.0,1.75
1404.1985958,10.372364039955604,13.820161997702039,57664.0,1.7745098039215685
1404.3985956,,35.70991287162511,56458.0,1.8076923076923077
1404.5985954,,36.11205808897758,53938.0,1.6764705882352942
1404.7985952,8.12496254681648,10.591095396751086,53400.0,1.6715686274509804
1404.998595,,10.528185485005869,54541.0,1.673170731707317
1405.1985948,,12.126301101826964,52678.0,1.661764705882353
1405.3985946,8.758289414830516,15.030074706030941,51421.0,1.6470588235294117
1405.5985944,6.927249570637386,8.424982687974634,51821.0,1.6568627450980393
1405.7985942,6.361201641041371,8.203798710768167,52162.0,1.6715686274509804
1405.998594,4.306206923106542,3.620048670542811,51942.0,1.6666666666666667
1406.1985938,4.444028265822296,1.960532486439922,51794.0,1.6666666666666667
1406.3985936,4.024659814567485,1.4073696758261707,51663.0,1.661764705882353
1406.5985934,4.260851903435469,0.9240571109020157,51696.0,1.661764705882353
1406.7985932,12.578710977210136,41.12471277187305,54103.0,1.7058823529411764
1406.998593,7.1694454019339275,15.527802135477604,55121.0,1.7303921568627452
1407.1985928,6.2324170514334805,10.145046655327079,55878.0,1.75
1407.3985926,6.029994160428943,4.735346255273644,56511.0,1.7549019607843137
1407.5985924,5.559574240860062,2.7096805378473037,56182.0,1.7549019607843137
1407.7985922,5.474760599480261,3.0274134319877253,56182.0,1.75
1407.998592,6.453764527539161,9.148865525913491,55412.0,1.7352941176470589
1408.1985918,6.240920881971466,5.501309150279793,55512.0,1.7843137254901962
1408.3985916,5.93686553873553,4.689977516537305,56150.0,1.7696078431372548
1408.5985914,4.844642021525503,3.9500894835891485,55562.0,1.7647058823529411
1408.7985912,5.516765494846816,7.841632880883746,56664.0,1.7696078431372548
1408.998591,4.800802685088171,4.206488056202641,56311.0,1.7647058823529411
1409.1985908,5.028780068728523,3.404969793996793,55872.0,1.7598039215686274
1409.3985906,4.833193134429868,0.43849716262187616,55873.0,1.7549019607843137
1409.5985904,4.593718825708993,2.656564990858437,56136.0,1.7549019607843137
1409.7985902,4.206303164038865,0.6200625523148324,56194.0,1.7549019607843137
1409.99859,7.428718879575748,7.422113247381241,56193.0,1.7598039215686274
1410.1985898,6.071668951763679,1.3829241214934198,56161.0,1.7696078431372548
1410.3985896,14.043427468508737,42.842933758183676,59064.0,1.8333333333333333
1410.5985894,8.060604504689532,4.779706185279394,58428.0,1.8529411764705883
1410.7985892,7.5411048577695405,3.8633551846587153,58813.0,1.8431372549019607
1410.998589,6.971893616660161,5.570703808596772,58919.0,1.857843137254902
1411.1985888,,11.380656861278926,60775.0,1.8221153846153846
1411.3985886,,8.956346701939795,58690.0,1.8774509803921569
1411.5985884,,14.214755214484555,59198.0,1.8317307692307692
1411.7985882,,18.100388417659676,59090.0,1.8480392156862746
1411.998588,7.951012593750549,23.018673313020237,56933.0,1.8480392156862746
1412.1985878,,22.908409467842645,57291.0,1.8125
1412.3985876,,49.702589308455806,59771.0,1.8480392156862746
1412.5985874,6.620164126611958,7.796837860608937,58857.0,1.8627450980392157
1412.7985872,,17.81021406855263,62043.0,1.8317307692307692
1412.9985869999998,,25.179141351500164,58277.0,1.8480392156862746
1413.1985868,6.185464255948838,3.310258918198089,58793.0,1.8431372549019607
1413.3985865999998,7.654211547467719,8.927051043982473,59788.0,1.8529411764705883
1413.5985864,9.499164606028202,6.682757616362181,59852.0,1.838235294117647
1413.7985861999998,,23.420418726506465,59280.0,1.8423645320197044
1413.998586,,19.58471312968909,61091.0,1.8317307692307692
1414.1985857999998,,31.680807780904942,57970.0,1.7843137254901962
1414.3985856,7.3584810038097235,7.016162667631365,57222.0,1.7745098039215685
1414.5985853999998,6.269357625255222,3.15689674870901,57303.0,1.7843137254901962
1414.7985852,,15.44915183625685,58094.0,1.8269230769230769
1414.9985849999998,,12.726679435341747,57167.0,1.7843137254901962
1415.1985848,5.703063902260997,3.726590654268834,57541.0,1.7794117647058822
1415.3985845999998,5.158248744336342,7.089190368144771,56942.0,1.7843137254901962
1415.5985844,8.534579536398601,12.802311703523955,57722.0,1.8774509803921569
1415.7985841999998,8.803129258924937,10.135680718853012,56499.0,1.8970588235294117
1415.998584,,22.659648951096962,58370.0,1.8894230769230769
1416.1985837999998,,19.184165899639716,58577.0,1.9509803921568627
1416.3985836,,12.659646095649489,57811.0,2.009950248756219
1416.5985833999998,,8.980895416177791,59989.0,1.8341463414634147
1416.7985832,,8.585352313188697,59596.0,1.8088235294117647
1416.9985829999998,8.215619296394904,8.438127968099195,59721.0,1.7990196078431373
1417.1985828,13.641955632827845,36.879968117751915,62118.0,1.9166666666666667
1417.3985825999998,9.70345899727944,3.4551877150099455,61752.0,1.9362745098039216
1417.5985824,9.884898741842159,28.400668375520855,59452.0,1.9166666666666667
1417.7985821999998,16.975969100632668,14.911426157668647,57218.0,1.9166666666666667
1417.998582,22.578562505205298,33.344769393114525,60035.0,1.7696078431372548
1418.1985817999998,28.75386976148265,71.81373298021859,67123.0,1.8676470588235294
1418.3985816,10.034177885463968,57.99149083542938,62321.0,1.6862745098039216
1418.5985813999998,7.228614185285724,59.17790315598035,57468.0,1.6127450980392157
1418.7985812,19.481205606889183,60.778842882903774,63636.0,1.7205882352941178
1418.9985809999998,,129.64678479214288,70142.0,1.900943396226415
1419.1985808,,68.30179266500153,56781.0,2.009950248756219
1419.3985805999998,,29.483570016628455,60976.0,1.9807692307692308
1419.5985804,,22.007844308775923,58300.0,2.0497512437810945
1419.7985801999998,10.749242311323098,27.515627307008145,60381.0,2.054726368159204
1419.99858,6.508701337893572,7.791250879969911,59646.0,2.0646766169154227
1420.1985797999998,,18.279008271843676,58521.0,2.055
1420.3985796,,30.32980755881802,60040.0,1.9375
1420.5985793999998,,49.78287255481253,56698.0,1.9019607843137254
1420.7985792,12.713658695180984,32.451850099701524,55364.0,1.7450980392156863
1420.9985789999998,8.36199146514936,39.985302603371586,52725.0,1.6715686274509804
1421.1985788,13.15824758060156,43.0998778958125,55489.0,1.75
1421.3985785999998,11.339394143840238,36.06303988370133,59288.0,1.75
1421.5985784,7.392192877650373,30.12079871320424,56077.0,1.7401960784313726
1421.7985781999998,5.809890991286594,15.777209667639326,54858.0,1.7303921568627452
1421.998578,5.661311839911062,15.64385600851676,53970.0,1.7156862745098038
1422.1985777999998,5.05015191867662,12.881351930596752,53318.0,1.6911764705882353
1422.3985776,5.913812626459505,10.96820587849194,53871.0,1.7058823529411764
1422.5985773999998,5.770838311246715,3.8506604755191294,54407.0,1.696078431372549
1422.7985772,14.804145563987637,74.2848183877392,61801.0,1.696078431372549
1422.9985769999998,,69.36183496101413,68032.0,1.7317073170731707
1423.1985768,7.7823237483579035,11.199650812235245,68510.0,1.6682926829268292
1423.3985765999998,,19.702374978818664,66782.0,1.642156862745098
1423.5985764,6.674283987002191,8.087569587274697,66165.0,1.6274509803921569
1423.7985761999998,12.740750787407508,37.01412131762555,66357.0,1.7401960784313726
1423.998576,8.674765891032918,113.20295172042484,56384.0,1.7352941176470589
1424.1985757999998,4.636057197601391,1.0961701969715374,56366.0,1.7352941176470589
1424.3985756,5.282679051397853,19.193060533970506,54691.0,1.7303921568627452
1424.5985753999998,5.603809174983976,5.854254602600678,54605.0,1.7303921568627452
1424.7985752,5.764237391273222,12.976459443447077,55874.0,1.7450980392156863
1424.9985749999998,9.089146812564456,27.605663182373156,57209.0,1.7549019607843137
1425.1985748,10.504076959823415,35.32388770449833,60707.0,1.7549019607843137
1425.3985745999998,6.3525338634678885,9.868631369271487,59356.0,1.7696078431372548
1425.5985744,4.909107828705818,3.9045085721366117,59103.0,1.7696078431372548
1425.7985741999998,9.91126879864474,36.21183650240297,62571.0,1.7990196078431373
1425.998574,13.751502508319675,17.88086654446507,60399.0,1.7892156862745099
1426.1985737999998,19.021538515113527,34.373297275542086,57432.0,1.7941176470588236
1426.3985736,10.610292056729637,39.268500652608644,53517.0,1.7745098039215685
1426.5985733999999,20.028882603090302,11.806903939405453,51969.0,1.8137254901960784
1426.7985732,7.574282482409555,18.01237773786636,52159.0,1.7745098039215685
1426.9985729999999,8.048335244684251,20.086584801811583,53191.0,1.7990196078431373
1427.1985728,7.089627795178091,9.064032640076759,54916.0,1.803921568627451
1427.3985725999999,5.129467817001159,5.746104917488905,54361.0,1.7843137254901962
1427.5985724,5.734183559812876,10.710692688900252,53868.0,1.7598039215686274
1427.7985721999999,6.520962106960495,30.117584959133733,52094.0,1.696078431372549
1427.998572,9.008289659844968,17.95470486149897,50183.0,1.6666666666666667
1428.1985717999999,7.563749850912416,3.926019207253852,50306.0,1.6029411764705883
1428.3985716,11.773516051166062,26.04713411922031,52613.0,1.661764705882353
1428.5985713999999,5.764356435643564,15.158919815279823,51510.0,1.642156862745098
1428.7985712,4.942733625488571,8.630618280574703,50658.0,1.642156862745098
1428.9985709999999,8.158798856053384,21.584587718090997,52450.0,1.6568627450980393
1429.1985708,5.1579537328720795,10.036151400990757,51743.0,1.6470588235294117
1429.3985705999999,,6.513951430624161,52561.0,1.6390243902439023
1429.5985704,,11.446993587676733,53269.0,1.6764705882352942
1429.7985701999999,,8.8123233089571,52969.0,1.6585365853658536
1429.99857,,3.1981255498674623,52526.0,1.6666666666666667
1430.1985697999999,3.8403001890503563,1.5293153400232617,52367.0,1.6666666666666667
1430.3985696,4.141122622900588,1.8276735365040295,52217.0,1.6568627450980393
1430.5985693999999,6.153614060231194,7.343448582225399,53029.0,1.6568627450980393
1430.7985692,5.138129305273545,3.247129880857091,52697.0,1.6666666666666667
1430.9985689999999,5.074177720564915,7.185516586314415,53601.0,1.6666666666666667
1431.1985688,,13.40150935890197,53504.0,1.7164179104477613
1431.3985685999999,,23.154212188618214,55420.0,1.70935960591133
1431.5985684,,7.408583804741958,54879.0,1.696078431372549
1431.7985681999999,6.725558925555293,4.827536729341128,55061.0,1.6813725490196079
1431.998568,4.938401237009601,3.015811978724927,55618.0,1.6862745098039216
1432.1985677999999,5.437575800813298,7.190382869315494,56068.0,1.6911764705882353
1432.3985676,5.526272845953002,13.96678187637087,55152.0,1.6666666666666667
1432.5985673999999,8.064323691087681,0.7960994452050998,55485.0,1.6813725490196079
1432.7985672,5.335984352222612,12.733868826995636,54193.0,1.6666666666666667
1432.9985669999999,5.787582480195563,3.431647645560589,54407.0,1.6568627450980393
1433.1985668,7.092188470958073,5.1547278057147325,54714.0,1.6764705882352942
1433.3985665999999,13.38086977639773,40.49180856478832,57647.0,1.7745098039215685
1433.5985664,7.008744523450406,21.992254453904188,55692.0,1.7401960784313726
1433.7985661999999,7.429672153033395,49.28860304834339,52433.0,1.6862745098039216
1433.998566,9.12732390193319,18.344502570850644,54004.0,1.7107843137254901
1434.1985657999999,,4.202220725493772,54144.0,1.7073170731707317
1434.3985656,,14.705604327636642,53025.0,1.6813725490196079
1434.5985653999999,7.140703805593764,12.961166347483033,52344.0,1.607843137254902
1434.7985652,4.960538979788258,6.395329346930738,51950.0,1.6029411764705883
1434.9985649999999,4.677479004545805,1.1288837778288991,51916.0,1.607843137254902
1435.1985648,4.464074144849991,3.4175078651327446,52330.0,1.607843137254902
1435.3985645999999,8.20826545325169,16.428954159994184,53403.0,1.6176470588235294
1435.5985644,8.875486235786953,10.081364741150278,53472.0,1.6568627450980393
1435.7985641999999,5.714808183168882,15.127830521618014,52498.0,1.6372549019607843
1435.998564,14.007693776250477,18.465004050343424,52380.0,1.5637254901960784
1436.1985637999999,12.956206735769879,41.218533434823506,55762.0,1.6274509803921569
1436.3985636,14.921263277693475,21.80146730396461,52720.0,1.6715686274509804
1436.5985633999999,6.281956021574322,1.6329084385283197,53026.0,1.6813725490196079
1436.7985632,7.708330252162981,15.222355727335152,54092.0,1.7156862745098038
1436.9985629999999,5.062355015310383,4.80959203169615,53885.0,1.7058823529411764
1437.1985628,5.295265407107513,3.589137488595172,53352.0,1.7107843137254901
1437.3985625999999,4.519998507574062,2.8407193363337666,53604.0,1.7107843137254901
1437.5985624,4.734849745723532,5.880873854289888,54075.0,1.7254901960784315
1437.7985621999999,13.258333810915621,15.453923313869039,52347.0,1.7450980392156863
1437.998562,20.704134708630875,26.653658916778706,56715.0,1.7303921568627452
1438.1985617999999,17.241155017483173,22.224730538767844,53194.0,1.7549019607843137
1438.3985616,7.930742282790118,8.912966179927375,54521.0,1.7598039215686274
1438.5985613999999,14.672442994419782,27.00881155058277,56091.0,1.8088235294117647
1438.7985612,13.396579426571929,29.356298011784524,56014.0,1.6813725490196079
1438.9985609999999,23.207215413966757,50.170868958218456,58181.0,1.5833333333333333
1439.1985608,22.244876657040464,27.310244565229635,57482.0,1.5049019607843137
1439.3985605999999,8.981813448378459,43.20600458526002,53776.0,1.5196078431372548
1439.5985604,9.941185617103985,31.5906981864252,51450.0,1.5441176470588236
1439.7985601999999,15.123379124406213,38.01091802987455,54523.0,1.6127450980392157
1439.99856,,29.907221745396306,52398.0,1.5560975609756098
1440.1985597999999,,3.9995166993824007,52315.0,1.5294117647058822
1440.3985596,22.538201452500473,73.18192140810443,57969.0,1.5931372549019607
1440.5985593999999,34.63191905892136,84.3432998736476,57721.0,1.7941176470588236
1440.7985592,15.718978773498142,26.3835288687457,54366.0,1.8088235294117647
1440.998559,8.658857640927122,24.11974793237431,56217.0,1.8431372549019607
1441.1985588,9.745635217066518,17.83680881410591,57563.0,1.892156862745098
1441.3985586,5.2019354271135745,13.390371807841674,56835.0,1.8872549019607843
1441.5985584,5.5609315539343775,7.961255990073265,57023.0,1.8872549019607843
1441.7985582,5.511358262544881,0.8026542092863803,57095.0,1.8872549019607843
1441.998558,5.515146089945574,21.69114939867451,55856.0,1.8529411764705883
1442.1985578,,14.69317182034688,57739.0,1.8461538461538463
1442.3985576,,14.685029116335373,55736.0,1.8431372549019607
1442.5985574,5.86637180974478,9.350775573443256,55168.0,1.8088235294117647
1442.7985572,,23.26743505762518,53521.0,1.791044776119403
1442.998557,,7.027520029317862,54288.0,1.7352941176470589
1443.1985568,6.198022044390759,17.7014692186582,52984.0,1.7254901960784315
1443.3985566,,12.717844520643409,52986.0,1.7810945273631842
1443.5985564,9.855829055488037,38.680356883806034,55129.0,2.0348258706467663
1443.7985562,,32.2145002687263,54181.0,1.8725490196078431
1443.998556,10.834530366180411,7.197118751646909,53744.0,1.8823529411764706
1444.1985558,10.17043102342877,8.233806802678147,54591.0,1.7156862745098038
1444.3985556,11.228984246115916,10.677882983979652,55161.0,1.6372549019607843
1444.5985554,9.023165952793219,13.974473178717057,54865.0,1.5931372549019607
1444.7985552,8.884970566593083,10.97981565368524,54360.0,1.5490196078431373
1444.998555,4.70023298904768,3.214653636743736,54509.0,1.5343137254901962
1445.1985548,9.166355609791113,18.228438087070764,55724.0,1.4803921568627452
1445.3985546,7.2719571446368505,3.174480934741498,56189.0,1.4950980392156863
1445.5985544,13.577707222232132,17.861332467727863,56063.0,1.4950980392156863
1445.7985542,17.293490272243243,35.949024134645875,59726.0,1.5098039215686274
1445.998554,9.339699329121983,18.857561911327718,61263.0,1.5098039215686274
1446.1985538,7.495424794557998,9.6457173514404,62183.0,1.5147058823529411
1446.3985536,8.47728355707455,11.55954716710835,60859.0,1.5049019607843137
1446.5985534,12.466813057036887,74.86909144569908,54193.0,1.5
1446.7985532,6.985083475167811,19.57708550118815,52291.0,1.5049019607843137
1446.998553,7.1388472543943315,10.073622497824836,51373.0,1.5343137254901962
1447.1985528,,17.600495378289843,50453.0,1.5170731707317073
1447.3985526,,6.264339867980389,50546.0,1.5392156862745099
1447.5985524,5.2304230245366075,6.981148166700145,50659.0,1.5490196078431373
1447.7985522,,31.260353517717284,53178.0,1.7740384615384615
1447.998552,,14.488052508814834,52118.0,1.553921568627451
1448.1985518,5.5232903865213085,6.438995902219513,52468.0,1.553921568627451
1448.3985516,5.926186291739895,3.183632830693437,52348.0,1.5686274509803921
1448.5985514,6.892496039739503,16.46989179595967,51133.0,1.5294117647058822
1448.7985512,14.140081629637837,44.31252665312094,54147.0,1.6372549019607843
1448.998551,11.159326399594123,48.1491624842674,51247.0,1.5049019607843137
1449.1985508,5.74936394069823,12.740549729349677,52275.0,1.5392156862745099
1449.3985506,8.864280678318305,28.008546097319623,53898.0,1.6274509803921569
1449.5985504,,9.092181315247071,53818.0,1.6634146341463414
1449.7985502,,6.483680732699027,54074.0,1.7303921568627452
1449.99855,5.609846822959388,18.778944983637775,52423.0,1.7107843137254901
1450.1985498,,5.728021893409639,53109.0,1.6829268292682926
1450.3985496,,19.186536102684087,51818.0,1.6372549019607843
1450.5985494,6.147254384959303,8.482882362894616,52338.0,1.6813725490196079
1450.7985492,5.0941241516052775,6.41335318435513,52452.0,1.6568627450980393
1450.998549,9.876774979529069,40.06716084293009,50071.0,1.5147058823529411
1451.1985488,5.713117777231375,14.44339705596859,48804.0,1.5098039215686274
1451.3985486,7.482781443256324,7.082080626362039,48349.0,1.5588235294117647
1451.5985484,7.0461160421123985,16.58362291048807,47207.0,1.5098039215686274
1451.7985482,9.019475825605651,23.753660145111727,48419.0,1.5980392156862746
1451.998548,12.860732554961146,37.55363325244256,51218.0,1.6764705882352942
1452.1985478,,62.20224028821272,45481.0,1.6354679802955665
1452.3985476,,18.576845480249922,46565.0,1.6764705882352942
1452.5985474,13.139088012743926,51.053190309624256,50220.0,1.8480392156862746
1452.7985472,12.936455627495832,53.50355639331689,51586.0,1.9411764705882353
1452.998547,22.21146395461464,93.02935234059451,57816.0,2.0049019607843137
1453.1985468,25.696268937966384,96.34031272807464,66335.0,2.0294117647058822
1453.3985466,20.679047357226573,59.348904913393866,69113.0,2.0098039215686274
1453.5985464,11.201709635298048,45.87111620980546,65862.0,1.7745098039215685
1453.7985462,8.883529133485768,33.05074700235994,63415.0,1.6666666666666667
1453.998546,12.138355940513156,43.894169454438995,61190.0,1.5392156862745099
1454.1985458,19.806060606060605,73.4227302796526,56100.0,1.4803921568627452
1454.3985456,10.918363236909556,14.925844959630382,54620.0,1.4901960784313726
1454.5985454,7.036328659687026,17.464689018056152,54062.0,1.4362745098039216
1454.7985452,,18.67103596643776,53198.0,1.4
1454.998545,,7.110801441166498,52393.0,1.392156862745098
1455.1985448,4.561881901104177,4.114884559247851,52075.0,1.4019607843137254
1455.3985446,9.52292196178104,25.155494103283488,53115.0,1.4754901960784315
1455.5985444,11.554492604312312,29.465730472072153,54356.0,1.6029411764705883
1455.7985442,28.94334872738637,79.01552591292912,57598.0,1.7745098039215685
1455.998544,22.61909279228699,62.299765763988056,51653.0,1.6813725490196079
1456.1985438,14.561428180074879,58.63929910477007,54755.0,1.7647058823529411
1456.3985436,10.678118154316909,35.13448340049825,57518.0,1.8235294117647058
1456.5985434,6.366850360322171,9.974598693630808,58975.0,1.8186274509803921
1456.7985432,5.457606345855958,2.5729670327381373,58747.0,1.8235294117647058
1456.998543,5.0458765331706985,6.147678798405629,59028.0,1.838235294117647
1457.1985427999998,,7.537427920609392,59910.0,1.8390243902439025
1457.3985426,8.255334247238126,15.209103422985319,62005.0,1.8390243902439025
1457.5985423999998,,16.470781722660558,59494.0,1.8480392156862746
1457.7985422,6.886546929889664,9.264261464612073,60633.0,1.8480392156862746
1457.9985419999998,6.030668440642,10.435206526185125,59377.0,1.8431372549019607
1458.1985418,5.128943083915609,5.023101286178743,58964.0,1.8480392156862746
1458.3985415999998,4.6184425883742515,4.642870471375794,59265.0,1.8480392156862746
1458.5985414,6.601927758732051,6.734791899949091,60381.0,1.8431372549019607
1458.7985411999998,6.2091523237261095,9.29254565191955,58914.0,1.8431372549019607
1458.998541,5.201496130696475,7.076201081503532,58150.0,1.838235294117647
1459.1985407999998,7.039302551071584,12.572734025407659,59818.0,1.8333333333333333
1459.3985406,5.651773690401105,8.57303169509665,58663.0,1.838235294117647
1459.5985403999998,6.689698471429289,6.061964140908735,59729.0,1.8284313725490196
1459.7985402,6.360266889074229,8.419157839809936,59950.0,1.8431372549019607
1459.9985399999998,5.802827418834751,11.466428123054763,58923.0,1.8235294117647058
1460.1985398,10.351779290853031,27.84104446102318,62272.0,1.8431372549019607
1460.3985395999998,6.373538441439676,7.592262871565625,61236.0,1.838235294117647
1460.5985394,7.458098527540447,7.450262999211411,60511.0,1.8333333333333333
1460.7985391999998,4.78125051952586,4.752263163746863,60151.0,1.8284313725490196
1460.998539,5.031844917571038,2.8772322628088496,60355.0,1.8284313725490196
1461.1985387999998,4.669290547330341,7.125508184597789,59708.0,1.8284313725490196
1461.3985386,5.156379513243396,7.569484313407816,58633.0,1.8186274509803921
1461.5985383999998,7.446106137148002,8.544609192122016,59979.0,1.803921568627451
1461.7985382,6.936451825057547,8.294515730368445,60820.0,1.7990196078431373
1461.9985379999998,5.571994868083427,9.200706880489655,60796.0,1.7892156862745099
1462.1985378,6.806141228891543,10.906481028409575,61942.0,1.7892156862745099
1462.3985375999998,6.297589026133608,3.8655422020484145,62257.0,1.7843137254901962
1462.5985374,5.918161524996386,0.38221994943797977,62269.0,1.7843137254901962
1462.7985371999998,,7.058897008476435,60980.0,1.8109452736318408
1462.998537,,9.802206181590579,61599.0,1.7843137254901962
1463.1985367999998,5.482990188852309,4.276044709530969,61053.0,1.7843137254901962
1463.3985366,7.969826161676251,4.954569197960927,60516.0,1.7892156862745099
1463.5985363999998,7.746595041322314,1.7350506560119137,60500.0,1.7843137254901962
1463.7985362,6.5189301436996425,8.550281847591839,60195.0,1.7745098039215685
1463.9985359999998,7.2166258769783,13.416320645355084,61290.0,1.7843137254901962
1464.1985358,6.299664373216983,15.742425212223768,59590.0,1.7745098039215685
1464.3985355999998,6.874512578357656,12.490486237212938,60779.0,1.7843137254901962
1464.5985354,4.503433624820908,1.0746394644721722,60723.0,1.7843137254901962
1464.7985351999998,6.424404004826664,4.4068295719940505,61326.0,1.7843137254901962
1464.998535,7.58024753303228,12.282968954643337,59790.0,1.7843137254901962
1465.1985347999998,7.070025138925642,4.589000349898111,60464.0,1.7892156862745099
1465.3985346,7.864850873384323,4.922752062970741,59882.0,1.7794117647058822
1465.5985343999998,5.399340426237115,6.676327735810397,60342.0,1.7843137254901962
1465.7985342,5.261332099907493,1.849852555643079,60536.0,1.7843137254901962
1465.9985339999998,6.051273671998824,6.210929345848134,61201.0,1.7794117647058822
1466.1985338,,6.335803877560378,60031.0,1.793103448275862
1466.3985335999998,,4.843390422480201,60879.0,1.7745098039215685
1466.5985334,6.609384095936663,6.87410985759509,60123.0,1.7843137254901962
1466.7985331999998,6.254310709511481,8.090130787558966,59097.0,1.7843137254901962
1466.998533,6.400455062571104,4.572169159908928,59772.0,1.7794117647058822
1467.1985327999998,5.3958811613774476,4.264210956045213,59240.0,1.7745098039215685
1467.3985326,5.461923396592326,10.305870541610865,57752.0,1.7794117647058822
1467.5985323999998,6.533267214992904,5.3263805737722425,58481.0,1.7647058823529411
1467.7985322,5.5557215312999375,7.443752685494057,57572.0,1.7696078431372548
1467.9985319999998,6.746194138359932,7.482059530250293,57083.0,1.7647058823529411
1468.1985318,5.08177819832133,1.3419100148552496,57069.0,1.7647058823529411
1468.3985315999998,7.195190750639898,7.693292266603812,57431.0,1.7745098039215685
1468.5985314,5.8603516475856905,2.0683544636030073,57387.0,1.7647058823529411
1468.7985311999998,7.346927422859626,7.470604365711075,57525.0,1.7794117647058822
1468.998531,7.375041022540807,2.5249598542348055,57895.0,1.7696078431372548
1469.1985307999998,5.496423967365391,10.089850876189432,56627.0,1.7696078431372548
1469.3985306,7.534180330710299,8.338124821837836,57694.0,1.7696078431372548
1469.5985303999998,6.217015670977896,4.365120680719985,58452.0,1.7647058823529411
1469.7985302,5.4371093818004566,6.645953216997328,57441.0,1.7745098039215685
1469.9985299999998,10.230724107589586,7.75417102231887,57961.0,1.75
1470.1985298,7.859909461136455,10.51214783619676,57213.0,1.7401960784313726
1470.3985295999998,7.719171207341554,17.765264179931826,55792.0,1.7205882352941178
1470.5985294,9.45442047183473,13.320297903461977,54553.0,1.7058823529411764
1470.7985291999998,10.330614935492985,24.636060700076833,53095.0,1.6764705882352942
1470.998529,8.181937565661114,10.793408757045714,53304.0,1.6568627450980393
1471.1985287999998,7.898846595292302,8.357209463082436,53147.0,1.6470588235294117
1471.3985286,12.263087504776461,13.135624229375248,52340.0,1.661764705882353
1471.5985283999999,5.354124476846226,5.2296594260034315,51849.0,1.6568627450980393
1471.7985282,4.850911684206468,0.9070560548552087,51882.0,1.6568627450980393
1471.9985279999999,13.282842983732797,40.41819587017433,54281.0,1.7156862745098038
1472.1985278,7.060330398078743,15.5333803423784,54964.0,1.7696078431372548
1472.3985275999999,4.7448903312852115,2.5153354310946376,54847.0,1.7696078431372548
1472.5985274,4.099771960229864,1.0936277810084702,54815.0,1.7696078431372548
1472.7985271999999,6.179821700369645,6.059131213926081,55188.0,1.7843137254901962
1472.998527,4.361378527764559,5.72960521517603,54638.0,1.7794117647058822
1473.1985267999999,3.8418110063582547,0.9769030809096901,54732.0,1.7794117647058822
1473.3985266,5.81284133110027,3.014230052821101,54932.0,1.7696078431372548
1473.5985263999999,5.853558722141317,9.201742426200168,54247.0,1.7598039215686274
1473.7985262,7.142664897295479,10.491314788707536,53503.0,1.75
1473.9985259999999,8.05245613392432,9.81062158842291,54598.0,1.7549019607843137
1474.1985258,5.455640542438015,5.839147161550251,54126.0,1.7450980392156863
1474.3985255999999,5.135303064025521,5.418769970809214,53916.0,1.7450980392156863
1474.5985254,4.44933537926827,0.8519215799041762,54091.0,1.7450980392156863
1474.7985251999999,4.4040700918933,1.8487610694286947,53758.0,1.7450980392156863
1474.998525,4.360276250159867,6.507216588518194,54733.0,1.7450980392156863
1475.1985247999999,11.732857652515163,34.27296619948188,56060.0,1.8284313725490196
1475.3985246,5.786093920640699,17.613061251174386,54940.0,1.7941176470588236
1475.5985243999999,6.608866452501148,5.738841621866882,54475.0,1.7892156862745099
1475.7985242,7.63006392759661,17.770627121158945,55688.0,1.8088235294117647
1475.9985239999999,5.8369879866840355,9.09423221729281,55272.0,1.7941176470588236
1476.1985238,11.318940652040906,30.83963664382415,57205.0,1.8431372549019607
1476.3985235999999,6.496267678268622,1.7350404630008542,57203.0,1.8431372549019607
1476.5985234,7.251623064135095,0.7338973861584813,57145.0,1.8480392156862746
1476.7985231999999,4.793606173831058,0.7955615376885994,57274.0,1.8529411764705883
1476.998523,9.626156125977278,24.07486205938884,58709.0,1.8823529411764706
1477.1985227999999,,11.105518541875359,59890.0,1.8461538461538463
1477.3985226,,13.034351009717314,58427.0,1.8725490196078431
1477.5985223999999,4.266626537105512,1.8837023417998613,58145.0,1.8725490196078431
1477.7985222,6.208874626917171,2.441469422891176,57963.0,1.8627450980392157
1477.9985219999999,6.704766893661603,7.999142549337231,57270.0,1.838235294117647
1478.1985218,4.537996742385765,3.150932334903184,57097.0,1.8431372549019607
1478.3985215999999,4.381642850881038,1.0140550503629608,57035.0,1.8333333333333333
1478.5985214,8.976485211735259,26.579404557663235,58729.0,1.8725490196078431
1478.7985211999999,4.220783674869245,2.84991581432306,58315.0,1.8725490196078431
1478.998521,,21.03102562623799,60882.0,1.8557692307692308
1479.1985207999999,,24.686819565145548,62951.0,1.8537735849056605
1479.3985206,,12.58246244292779,62248.0,1.9134615384615385
1479.5985203999999,,15.248216277198201,63169.0,1.8915094339622642
1479.7985202,,13.91090560542128,61729.0,1.9230769230769231
1479.9985199999999,,8.32335563770311,59897.0,1.9950980392156863
1480.1985198,,26.16408263348879,62863.0,1.9386792452830188
1480.3985195999999,,41.621005524681244,60651.0,2.0398009950248754
1480.5985194,,39.70471367341916,62899.0,1.9433962264150944
1480.7985191999999,4.413625965799114,2.298884182230162,62513.0,1.9386792452830188
1480.998519,,14.860001408879675,62093.0,1.9759615384615385
1481.1985187999999,,14.249362407782478,63029.0,1.9433962264150944
1481.3985186,,14.750626933391446,62616.0,1.9807692307692308
1481.5985183999999,,24.511363902866037,60458.0,2.0497512437810945
1481.7985182,,36.372460098873425,63489.0,1.9433962264150944
1481.9985179999999,,31.862148659568817,62077.0,2.019607843137255
1482.1985178,,20.643653246653017,62409.0,1.9807692307692308
1482.3985175999999,,10.85764425451712,60550.0,2.014705882352941
1482.5985174,6.703552227975857,1.6177222667392355,60638.0,2.0049019607843137
1482.7985171999999,,11.983402208096164,59142.0,2.029850746268657
1482.998517,5.3036842193442455,3.1588911401298803,59687.0,2.0248756218905473
1483.1985167999999,,21.94762989614975,61728.0,1.9519230769230769
1483.3985166,,13.276238114842984,60098.0,1.9852941176470589
1483.5985163999999,,12.878113454221747,61423.0,1.9519230769230769
1483.7985162,,12.891143169034525,60076.0,1.9803921568627452
1483.9985159999999,,12.375912829103417,59743.0,2.0248756218905473
1484.1985158,,10.785332636891216,60241.0,1.9852941176470589
1484.3985155999999,,9.547367281630896,58439.0,2.04
1484.5985154,,3.9582530239063174,58606.0,2.0199004975124377
1484.7985151999999,,34.304652992689796,61951.0,1.9150943396226414
1484.998515,,31.895887657652274,58446.0,1.9705882352941178
1485.1985147999999,,21.982815637107873,56297.0,1.9751243781094527
1485.3985146,,11.70229209568237,57589.0,1.9558823529411764
1485.5985143999999,,15.988884248262558,57719.0,2.0
1485.7985142,,5.461729346826752,59472.0,1.9264705882352942
1485.998514,,14.285100000914154,60108.0,1.8942307692307692
1486.1985138,,23.58658401685874,58004.0,1.9651741293532339
1486.3985136,,14.128450961214902,59375.0,1.9411764705882353
1486.5985134,,28.706951013291004,63377.0,1.9326923076923077
1486.7985132,5.19303306316334,5.3959853458419085,63787.0,1.9278846153846154
1486.998513,,20.497666645464534,60945.0,2.0049751243781095
1487.1985128,,20.899929408889623,63622.0,1.9471153846153846
1487.3985126,,18.991660729123087,60450.0,2.0199004975124377
1487.5985124,4.698423203560615,3.025259803573075,60439.0,2.0199004975124377
1487.7985122,,22.144014098807986,63048.0,1.9663461538461537
1487.998512,6.523419628630476,7.005185283762618,63387.0,1.9519230769230769
1488.1985118,,23.25113982479392,61842.0,2.0497512437810945
1488.3985116,7.0397581472927895,4.499926813372698,62352.0,2.014925373134328
1488.5985114,,5.872037754519405,62127.0,2.05
1488.7985112,,2.274485289482121,63060.0,2.0199004975124377
1488.998511,4.959141196624986,7.047557705841564,62459.0,2.0248756218905473
1489.1985108,7.547161319359609,6.669936009211556,62212.0,1.9950248756218905
1489.3985106,4.73178658043654,4.379956539192839,61850.0,1.9900497512437811
1489.5985104,,33.35811920070109,64763.0,1.8726415094339623
1489.7985102,,33.948284801520124,60498.0,1.945273631840796
1489.99851,8.496064912680087,27.715756387342935,61498.0,2.029850746268657
1490.1985098,,20.57153201827208,63379.0,1.9375
1490.3985096,,18.97211427000774,62698.0,1.9166666666666667
1490.5985094,,19.992050753867783,65361.0,1.9038461538461537
1490.7985092,,71.50148795322555,67702.0,2.054726368159204
1490.998509,,40.68853641148995,73093.0,1.8970588235294117
1491.1985088,11.21347444846317,17.572069322190323,74927.0,1.9313725490196079
1491.3985086,7.209072764056539,4.12304223705883,73649.0,1.9607843137254901
1491.5985084,5.673635637830011,5.741607187282104,73899.0,1.9215686274509804
1491.7985082,8.970048518689183,14.294489823078322,73786.0,1.8774509803921569
1491.998508,9.656559217273205,16.882980173080515,72158.0,1.8529411764705883
1492.1985078,,6.073552092934164,75436.0,1.8557692307692308
1492.3985076,,22.877856642008663,73298.0,1.8676470588235294
1492.5985074,5.035997484414306,2.0279893095999624,73144.0,1.8725490196078431
1492.7985072,,7.142950491302114,74552.0,1.8269230769230769
1492.998507,,32.478058801418214,74097.0,1.945273631840796
1493.1985068,15.385657523098281,94.4813605467752,62667.0,2.0497512437810945
1493.3985066,5.973052536231884,19.870001492999812,61824.0,2.0497512437810945
1493.5985064,,38.10547060556731,64931.0,1.971698113207547
1493.7985062,,39.217513155200656,62235.0,2.0597014925373136
1493.998506,4.892895804048923,4.193902218490465,61893.0,2.0796019900497513
1494.1985058,,43.05945623040147,65615.0,1.9764150943396226
1494.3985056,,31.677116589988984,62494.0,2.0945273631840795
1494.5985054,,29.52483812109495,65932.0,1.929245283018868
1494.7985052,,33.337092549534184,61556.0,2.054726368159204
1494.998505,5.8908735789526405,9.509734335382836,59903.0,2.084577114427861
1495.1985048,,32.13323012047307,65105.0,1.9951923076923077
1495.3985046,12.264546056991385,57.61261877313587,60360.0,1.9086538461538463
1495.5985044,,25.693632932791274,58934.0,2.084577114427861
1495.7985042,4.897956763350502,8.305264210802784,59024.0,2.0646766169154227
1495.998504,,45.47664576000958,61027.0,1.9433962264150944
1496.1985038,,76.17524574944115,55903.0,1.9068627450980393
1496.3985036,6.541712877387554,4.173683936838385,56805.0,1.9166666666666667
1496.5985034,8.56731332483374,14.515010927936297,58042.0,1.9411764705882353
1496.7985032,,25.882346960637232,56473.0,1.8846153846153846
1496.998503,14.340790298975538,12.893341338132768,57396.0,1.8846153846153846
1497.1985028,17.188602844350804,32.440723176555316,60752.0,1.9086538461538463
1497.3985026,,29.292796939643804,57693.0,1.9701492537313432
1497.5985024,5.089555885175813,5.596885439877205,57305.0,1.9751243781094527
1497.7985022,,20.825541916206923,59466.0,1.9038461538461537
1497.998502,13.894502084747407,21.36872875045351,61878.0,1.8894230769230769
1498.1985018,21.986487247339678,64.70844400995895,71044.0,1.8894230769230769
1498.3985016,,62.96041187646447,66597.0,1.971698113207547
1498.5985014,,14.703360232078568,63373.0,2.014423076923077
1498.7985012,,11.51599939150729,64526.0,1.9764150943396226
1498.998501,8.619165801783915,21.57893200760149,66483.0,1.9528301886792452
1499.1985008,6.674384081332754,4.866881941549656,66689.0,1.9764150943396226
1499.3985006,,14.086540299325849,64915.0,2.014423076923077
1499.5985004,,8.558296089830511,65432.0,2.0047846889952154
1499.7985002,,10.838927568139582,67255.0,1.9811320754716981
1499.9985,5.812528946857305,3.591206812322024,66933.0,1.9764150943396226
1500.1984998,7.628302204273936,24.134554068252697,65373.0,1.9481132075471699
1500.3984996,,16.128947332752137,65334.0,2.014423076923077
1500.5984994,9.815017479860161,2.0140445256070914,65790.0,2.014423076923077
1500.7984992,,30.98634699578319,65166.0,2.08955223880597
1500.998499,11.616816478846125,28.763360175732153,67529.0,2.08955223880597
1501.1984988,17.46507076181873,66.1339973226016,73062.0,2.08955223880597
1501.3984985999998,,8.298766960067988,74809.0,1.9807692307692308
1501.5984984,8.880345081254598,18.341041964061475,74765.0,1.9711538461538463
1501.7984981999998,14.606441155529971,96.99803110298919,66013.0,1.9855769230769231
1501.998498,,17.072301979970746,67657.0,1.9811320754716981
1502.1984977999998,,39.88543025917112,63745.0,2.08955223880597
1502.3984976,,26.04393193770177,64976.0,1.9807692307692308
1502.5984973999998,6.038939659681836,2.357370896681526,64998.0,1.9855769230769231
1502.7984972,,24.809543686561675,63310.0,2.029850746268657
1502.9984969999998,13.559758501724987,20.13458701322141,64928.0,2.0348258706467663
1503.1984968,,53.521004260698895,72285.0,1.9019607843137254
1503.3984965999998,10.980906085397288,24.55768237435308,71384.0,1.8480392156862746
1503.5984964,,14.491720742412609,71821.0,1.8125
1503.7984961999998,,16.942861121267555,69745.0,1.7794117647058822
1503.998496,,67.81030052743805,76910.0,1.8653846153846154
1504.1984957999998,,32.42831394082698,73025.0,1.8823529411764706
1504.3984956,11.89309966124766,92.42389368147772,64649.0,1.7254901960784315
1504.5984953999998,10.477393460040137,48.26669287106262,59297.0,1.6568627450980393
1504.7984952,16.297349809590425,52.48592917190284,64335.0,1.7549019607843137
1504.9984949999998,,153.8083476678775,76273.0,2.0796019900497513
1505.1984948,,133.2981526268492,63708.0,1.9423076923076923
1505.3984945999998,,25.51242253758339,60310.0,2.0199004975124377
1505.5984944,,20.658601529359792,62006.0,1.9086538461538463
1505.7984941999998,7.272896707321061,8.235320722155105,61166.0,1.9038461538461537
1505.998494,,16.84860326021342,60720.0,1.9264705882352942
1506.1984937999998,,4.070749866093847,60863.0,1.9121951219512194
1506.3984936,,26.306984325473646,56105.0,1.8970588235294117
1506.5984933999998,14.212189336543227,28.055016847716104,56492.0,1.8333333333333333
1506.7984932,15.30311666152366,11.738399060073636,55091.0,1.838235294117647
1506.9984929999998,5.6298962446056375,4.958996808936824,54455.0,1.8529411764705883
1507.1984928,,13.36433840632889,54272.0,1.824390243902439
1507.3984925999998,,10.334647535482333,52704.0,1.8275862068965518
1507.5984924,,8.815452453861228,52432.0,1.803921568627451
1507.7984921999998,4.234726810190986,1.562907370909061,52674.0,1.8137254901960784
1507.998492,3.757675813123838,3.5533017349601446,52698.0,1.803921568627451
1508.1984917999998,10.888876309085763,14.644945359770896,52995.0,1.7941176470588236
1508.3984916,11.030090361993418,15.53102961935956,55001.0,1.8088235294117647
1508.5984913999998,,21.333476859827357,53983.0,1.7884615384615385
1508.7984912,6.718612639899531,1.3239670177575416,54146.0,1.7884615384615385
1508.9984909999998,,24.011930005545697,52599.0,1.7990196078431373
1509.1984908,4.292673123301306,5.02889002392731,52246.0,1.7941176470588236
1509.3984905999998,4.268505579908501,2.129085376564239,52241.0,1.803921568627451
1509.5984904,,3.9156948770822577,51712.0,1.8029556650246306
1509.7984901999998,3.6077640534408872,1.0907784454691454,51571.0,1.812807881773399
1509.99849,,17.595803197459094,53399.0,1.7794117647058822
1510.1984897999998,12.327623586748132,19.373447467824843,55811.0,1.803921568627451
1510.3984896,12.980510321836134,4.453935332986923,54593.0,1.8088235294117647
1510.5984893999998,5.251167791206347,9.257144106894627,53948.0,1.8088235294117647
1510.7984892,3.815865133298484,1.8882906162518873,53564.0,1.8088235294117647
1510.9984889999998,13.78515753650236,6.422009606025288,54654.0,1.7892156862745099
1511.1984888,13.840753245849141,30.906403491650337,57458.0,1.8235294117647058
1511.3984885999998,12.283883971606345,22.32468571929518,57055.0,1.8137254901960784
1511.5984884,6.203295747198441,9.154948566571838,57468.0,1.8431372549019607
1511.7984881999998,7.115403100913185,14.802430519438394,56177.0,1.8480392156862746
1511.998488,6.923372199895475,20.750553112770316,55489.0,1.803921568627451
1512.1984877999998,8.084551617485749,2.6984613339050445,55611.0,1.8235294117647058
1512.3984876,6.9548696233563625,28.437558855892732,53844.0,1.75
1512.5984873999998,5.121815465072843,5.155870337010379,53540.0,1.7352941176470589
1512.7984872,6.396431256762456,11.95744884109171,54529.0,1.7401960784313726
1512.9984869999998,8.184771102237905,7.707025624153933,53845.0,1.7205882352941178
1513.1984868,,20.452742428453018,53884.0,1.6341463414634145
1513.3984865999998,,11.270111588724362,54845.0,1.6764705882352942
1513.5984864,13.328614283458766,24.76058896494718,57003.0,1.7009803921568627
1513.7984861999998,7.95250968071893,17.989148494299112,54748.0,1.7058823529411764
1513.998486,11.111304814268472,53.4054259149582,59656.0,1.6813725490196079
1514.1984857999998,17.833932687874597,73.4122619119359,65070.0,1.7892156862745099
1514.3984856,9.504978257609837,17.731630231005642,66690.0,1.7254901960784315
1514.5984853999998,10.103792825177903,11.86304782904454,68155.0,1.7107843137254901
1514.7984852,4.958216858203547,8.154913623298555,67611.0,1.6911764705882353
1514.9984849999998,,12.799495569240714,66649.0,1.7609756097560976
1515.1984848,,86.73267479848113,56515.0,1.691542288557214
1515.3984845999998,7.359032515941921,31.120789153164193,53789.0,1.7512437810945274
1515.5984844,,13.314681811657596,54046.0,1.7745098039215685
1515.7984841999998,5.458875096688645,4.347888532148731,54298.0,1.7794117647058822
1515.998484,,10.323137259562245,53997.0,1.7121951219512195
1516.1984837999998,,8.048371820642839,52987.0,1.7107843137254901
1516.3984836,4.77242452418452,5.459332827898856,52699.0,1.696078431372549
1516.5984833999999,5.18137811058165,2.879303284981817,52884.0,1.6813725490196079
1516.7984832,4.5586326678627325,6.286233580596944,52394.0,1.6862745098039216
1516.9984829999999,5.031560579622184,5.27585949153801,52724.0,1.696078431372549
1517.1984828,4.593277694340411,8.584299479100746,52601.0,1.6764705882352942
1517.3984825999999,4.381473307712796,3.9313400584893023,52562.0,1.6911764705882353
1517.5984824,5.1071563372839135,7.873905771309063,52988.0,1.6813725490196079
1517.7984821999999,8.52084786691709,39.265176393892425,55905.0,1.6813725490196079
1517.998482,5.152119035767617,4.525290850155659,56252.0,1.6862745098039216
1518.1984817999999,6.64733886065793,8.814458404583144,56085.0,1.7549019607843137
1518.3984816,5.679037558249633,31.602560619345716,53863.0,1.7647058823529411
1518.5984813999999,5.6053247621878715,5.2076599106834145,53824.0,1.8088235294117647
1518.7984812,5.487737920937042,8.704302894125044,54640.0,1.8137254901960784
1518.9984809999999,4.609319195395917,9.722932802586675,54039.0,1.7990196078431373
1519.1984808,4.162581744752589,2.7846828269439863,53979.0,1.7892156862745099
1519.3984805999999,5.755535629323281,10.66483104245308,54646.0,1.7745098039215685
1519.5984804,6.933539635133676,14.18768951489572,55582.0,1.7647058823529411
1519.7984801999999,4.9092260812100745,17.22605681853003,54476.0,1.7254901960784315
1519.99848,5.621833376860799,12.00310737097973,53606.0,1.7107843137254901
1520.1984797999999,5.130599905526688,8.987213337440357,52925.0,1.7450980392156863
1520.3984796,4.758584866457633,2.279544673842002,52942.0,1.7549019607843137
1520.5984793999999,4.363439033597584,2.1156290340551585,52980.0,1.75
1520.7984792,4.038607344259821,0.8606575312214463,53021.0,1.7450980392156863
1520.9984789999999,4.736931967428421,5.492160670001846,53298.0,1.7794117647058822
1521.1984788,4.526667542756303,1.416073909027421,53267.0,1.7843137254901962
1521.3984785999999,10.719113510225805,24.5109425111524,52612.0,1.5931372549019607
1521.5984784,12.06464614182735,43.796219489051104,56322.0,1.6029411764705883
1521.7984781999999,5.361950025714235,1.019348970941463,56389.0,1.6176470588235294
1521.998478,6.334871398996456,7.4092089850831355,56998.0,1.6274509803921569
1522.1984777999999,8.066863306638314,10.15270459347902,58313.0,1.6519607843137254
1522.3984776,11.060570595020016,13.793688292937299,58956.0,1.6862745098039216
1522.5984773999999,7.133556068109355,5.530379485766076,58964.0,1.7058823529411764
1522.7984772,8.054773639550836,6.869125680254368,59043.0,1.7058823529411764
1522.9984769999999,7.236921783010933,8.452263191813518,59450.0,1.7009803921568627
1523.1984768,5.045877142567362,2.287767007237826,59158.0,1.7107843137254901
1523.3984765999999,5.2277485131690735,3.7962337476504784,58850.0,1.7107843137254901
1523.5984764,9.862431621669314,21.240147509610374,56670.0,1.7352941176470589
1523.7984761999999,5.2849576271186445,6.930590565319379,56640.0,1.7205882352941178
1523.998476,7.7673886278114,9.403317000916793,57667.0,1.7009803921568627
1524.1984757999999,7.493253267396679,8.412841273877016,56620.0,1.7058823529411764
1524.3984756,5.776992195890313,6.67885687505609,55868.0,1.7107843137254901
1524.5984753999999,4.564889480884153,3.1406948600666587,55556.0,1.7107843137254901
1524.7984752,5.472359920542601,2.286346722838605,55879.0,1.7107843137254901
1524.9984749999999,4.549964234620887,3.0163167428516764,55920.0,1.7107843137254901
1525.1984748,4.681885284268894,4.830158167672419,55546.0,1.7156862745098038
1525.3984745999999,4.22438089036016,2.1361958547563935,55281.0,1.7156862745098038
1525.5984744,4.234436201512608,1.6156125348333743,55401.0,1.7205882352941178
1525.7984741999999,4.273670977011494,1.939480888946617,55680.0,1.7205882352941178
1525.998474,5.082795407286864,7.700308072377826,55305.0,1.7156862745098038
1526.1984737999999,,6.084475934481063,55052.0,1.7073170731707317
1526.3984736,,3.362040266414219,54926.0,1.7205882352941178
1526.5984733999999,4.771986027402219,3.9896642516219285,55251.0,1.7205882352941178
1526.7984732,5.687377382602278,8.181404125073788,55559.0,1.7303921568627452
1526.9984729999999,7.683378541019239,3.1983850952893667,55669.0,1.75
1527.1984728,,5.773328230960541,55714.0,1.7365853658536585
1527.3984725999999,,11.066934928599267,53563.0,1.7549019607843137
1527.5984724,9.582173013476487,1.9647563065094538,53649.0,1.7696078431372548
1527.7984721999999,5.864406779661017,1.655194769518143,53631.0,1.7843137254901962
1527.998472,7.3968941591101,16.436561965357583,54478.0,1.7843137254901962
1528.1984717999999,,4.788934778231449,52912.0,1.7733990147783252
1528.3984716,,23.234246657316877,54134.0,1.8186274509803921
1528.5984713999999,13.548754486336662,11.765084504724019,56282.0,1.8284313725490196
1528.7984712,5.459216063913261,7.173953234357844,56076.0,1.8284313725490196
1528.9984709999999,6.167020223447886,9.293458395582796,56568.0,1.838235294117647
1529.1984708,6.399262227085797,2.2078971356709207,56657.0,1.8480392156862746
1529.3984705999999,,46.135363415362406,59767.0,1.9182692307692308
1529.5984704,,24.464545477839323,59135.0,2.0497512437810945
1529.7984701999999,7.94831667319449,2.744893936165139,58723.0,2.084577114427861
1529.99847,9.504161712247324,3.186269835673095,58870.0,2.0497512437810945
1530.1984697999999,,24.865170565031,60456.0,2.0288461538461537
1530.3984696,,33.4893998199955,60079.0,2.0497512437810945
1530.5984693999999,,112.46826793005665,54110.0,1.911764705882353
1530.7984692,10.997182182724613,17.635125215964592,55362.0,1.911764705882353
1530.998469,,13.124644149676953,53626.0,1.9203980099502487
1531.1984688,,9.374732063581575,54582.0,1.857843137254902
1531.3984686,8.678801640785233,6.00247870937912,54608.0,1.6715686274509804
1531.5984684,15.487622735444614,42.16196491533974,57848.0,1.7401960784313726
1531.7984682,8.149782733888278,12.411498636226511,57303.0,1.7303921568627452
1531.998468,,12.955792644800956,56844.0,1.8159203980099503
1532.1984678,,12.17554892286185,58908.0,1.7892156862745099
1532.3984676,9.587484568416135,15.923154739003753,59942.0,1.8235294117647058
1532.5984674,8.396326398473308,18.559823419186564,58689.0,1.7745098039215685
1532.7984672,9.163044956811534,4.323064732355642,58812.0,1.8137254901960784
1532.998467,7.655974597137083,5.318794541187342,58891.0,1.7941176470588236
1533.1984668,7.603149122207801,0.8544990843782071,58556.0,1.7598039215686274
1533.3984666,8.144180168951669,5.200125217345995,57768.0,1.7549019607843137
1533.5984664,11.15128520191286,29.974911278046438,60224.0,1.8088235294117647
1533.7984662,7.268893330171742,12.555429900663448,59042.0,1.7892156862745099
1533.998466,5.256660412757974,3.4394447199022746,58630.0,1.7941176470588236
1534.1984658,6.473206038927234,7.010459758507853,59547.0,1.7794117647058822
1534.3984656,6.863047774824508,11.593670854021832,58692.0,1.7549019607843137
1534.5984654,9.08125399872041,9.19466696451441,59394.0,1.8088235294117647
1534.7984652,7.508854450330907,20.098707003059037,60591.0,1.857843137254902
1534.998465,,13.02520967880576,61979.0,1.8317307692307692
1535.1984648,,25.09027539361183,62286.0,1.9166666666666667
1535.3984646,14.29877452691851,77.44357607938665,57284.0,1.7401960784313726
1535.5984644,11.834091062167442,26.45859388212288,59388.0,1.7843137254901962
1535.7984642,11.28020886030209,43.36767057406937,55348.0,1.7352941176470589
1535.998464,10.777712478177449,20.785630073178808,57853.0,1.75
1536.1984638,8.090331638331023,9.041083958888454,58407.0,1.7549019607843137
1536.3984636,6.9759706784044395,4.859093436702486,58387.0,1.7647058823529411
1536.5984634,7.392204190632703,6.205711904453581,58416.0,1.7794117647058822
1536.7984632,8.247374523213416,18.51525465036351,59513.0,1.8284313725490196
1536.998463,9.047083778727952,14.822368722857401,59872.0,1.8235294117647058
1537.1984628,,26.00319352404173,62436.0,1.8413461538461537
1537.3984626,10.43015873015873,14.853079340074284,61740.0,1.9615384615384615
1537.5984624,6.834458111967326,9.21660175669997,62679.0,1.9182692307692308
1537.7984622,,20.57088187491436,60548.0,1.9900497512437811
1537.998462,,40.26216624746498,61339.0,1.8653846153846154
1538.1984618,,27.926919052061045,62023.0,1.946078431372549
1538.3984616,6.368832414289139,3.9115920504437365,62565.0,1.9362745098039216
1538.5984614,,15.349585947962607,63971.0,1.9230769230769231
1538.7984612,,40.22501183857025,60137.0,1.8774509803921569
1538.998461,,7.6011642946824285,58488.0,2.029850746268657
1539.1984608,,20.445572717444396,61763.0,1.8990384615384615
1539.3984606,8.21611639619474,18.553702298097853,62545.0,1.9519230769230769
1539.5984604,,25.590909374573396,60831.0,2.084577114427861
1539.7984602,,27.47830301643203,61191.0,1.9086538461538463
1539.99846,,22.04624660401089,59828.0,1.911764705882353
1540.1984598,,21.42393792750568,58228.0,1.835820895522388
1540.3984596,,14.986050003730522,58785.0,1.8872549019607843
1540.5984594,7.482911338082568,5.6812101378678905,58255.0,1.9558823529411764
1540.7984592,,15.418238515652606,60526.0,1.9375
1540.998459,9.484210186768168,30.113368628825043,62002.0,1.9903846153846154
1541.1984588,,3.3807604494354204,62251.0,2.0
1541.3984586,5.484965316986611,2.3770536224877743,61990.0,2.0
1541.5984584,,10.634825520762705,62395.0,1.8846153846153846
1541.7984582,,14.63581137263423,63492.0,1.9425837320574162
1541.998458,,18.579281864149447,62843.0,1.9134615384615385
1542.1984578,7.28365304972998,30.16210609257954,60366.0,1.8846153846153846
1542.3984576,,21.059939674985454,58534.0,2.009950248756219
1542.5984574,,52.25088449417236,62351.0,1.9903846153846154
1542.7984572,,18.00185807714128,63624.0,1.9622641509433962
1542.998457,,34.18847194795572,60045.0,2.0796019900497513
1543.1984568,,7.640765347071867,61267.0,2.049019607843137
1543.3984566,4.4363051576166335,3.1721185813493076,60939.0,2.049019607843137
1543.5984564,4.386580840093271,1.1168786219767748,60898.0,2.053921568627451
1543.7984562,9.804861076594264,23.97376603674902,60357.0,1.9215686274509804
1543.998456,7.2408301078810835,2.278674565766355,60715.0,1.9166666666666667
1544.1984558,5.9473043249292346,7.85937828099633,60764.0,1.9264705882352942
1544.3984556,5.236459075027736,7.521690347723678,60391.0,1.9215686274509804
1544.5984554,7.325794740973312,6.246702607456882,61152.0,1.9068627450980393
1544.7984552,8.983953091124105,4.653298127133711,60884.0,1.9264705882352942
1544.998455,7.7384088387127905,15.38402931069871,62181.0,1.946078431372549
1545.1984548,10.813558754042326,26.097487363872997,59681.0,1.946078431372549
1545.3984546,,23.124091758276744,61885.0,1.9759615384615385
1545.5984543999998,6.272662312843778,27.43622783108333,60177.0,1.9278846153846154
1545.7984542,,17.75456745073199,59436.0,1.8823529411764706
1545.9984539999998,8.520689025099252,12.5145005951902,60201.0,1.8627450980392157
1546.1984538,,10.905873203237908,62067.0,1.875
1546.3984535999998,,13.172036879992104,61137.0,1.8774509803921569
1546.5984534,12.025007470785297,32.492233021581995,63581.0,1.9411764705882353
1546.7984531999998,,16.24556117654633,63997.0,1.8846153846153846
1546.998453,8.420650957473265,5.907504347202398,64336.0,1.9182692307692308
1547.1984527999998,,7.565025914383446,64452.0,1.8899521531100478
1547.3984526,,4.299486566290207,62658.0,1.8557692307692308
1547.5984523999998,,8.014191959503368,60851.0,1.911764705882353
1547.7984522,12.726680224830657,33.636926800581215,62447.0,1.911764705882353
1547.9984519999998,,27.258208470446053,61956.0,1.9134615384615385
1548.1984518,5.899635036496351,8.223135212907572,60828.0,1.9182692307692308
1548.3984515999998,5.991715494791666,4.315105596596224,61440.0,1.9375
1548.5984514,,10.724509366446979,62971.0,1.8867924528301887
1548.7984511999998,4.649303288478382,1.3251750723903903,62795.0,1.8915094339622642
1548.998451,,12.78998706206714,61830.0,1.9375
1549.1984507999998,,16.123163063248104,62386.0,1.9056603773584906
1549.3984506,,19.537133123587545,62597.0,1.9807692307692308
1549.5984503999998,,26.630001247194482,61506.0,2.0597014925373136
1549.7984502,,62.10396801323814,58226.0,1.9166666666666667
1549.9984499999998,7.6905279878448844,11.323232734620177,57918.0,1.8970588235294117
1550.1984498,7.592190476190476,2.052870392523607,57750.0,1.8725490196078431
1550.3984495999998,,14.830641914874834,57870.0,1.9054726368159205
1550.5984494,,36.137610175924365,61125.0,1.8820754716981132
1550.7984491999998,,25.374603685961677,59241.0,1.892156862745098
1550.998449,,23.411076401713473,62767.0,1.8990384615384615
1551.1984487999998,,11.656753120906739,61378.0,1.9068627450980393
1551.3984486,6.2050489606037935,2.498109558471341,61478.0,1.9019607843137254
1551.5984483999998,5.726673730216542,10.2707622680268,60404.0,1.8970588235294117
1551.7984482,5.591301351883449,7.598213376945195,60952.0,1.8970588235294117
1551.9984479999998,4.326789989832399,0.21376044434930488,60978.0,1.8970588235294117
1552.1984478,,16.843449446965607,58446.0,1.9253731343283582
1552.3984475999998,,34.12542670481069,61818.0,1.8820754716981132
1552.5984474,,36.34908082169216,58677.0,1.9303482587064678
1552.7984471999998,,17.75732554155678,60835.0,1.9166666666666667
1552.998447,5.572274650178978,4.157983285758252,61460.0,1.9215686274509804
1553.1984467999998,,34.28320845836966,63827.0,1.9519230769230769
1553.3984466,,36.20076498354097,60811.0,2.0199004975124377
1553.5984463999998,11.745738042259884,23.26756378821522,59773.0,2.0497512437810945
1553.7984462,,24.047696454240093,59713.0,1.9509803921568627
1553.9984459999998,7.803950937806847,5.891516283759352,60087.0,1.9215686274509804
1554.1984458,5.620192713343121,13.446555280333795,59259.0,1.9215686274509804
1554.3984455999998,6.2164613076676725,7.079914256124624,59327.0,1.892156862745098
1554.5984454,,9.810461199420992,58705.0,1.9203980099502487
1554.7984451999998,,34.18151298046891,61640.0,1.8820754716981132
1554.998445,,35.87943078817964,58564.0,1.9104477611940298
1555.1984447999998,,45.25007090599793,62600.0,1.94
1555.3984446,,11.30585607606062,64210.0,1.9402985074626866
1555.5984443999998,,31.36972365724216,67915.0,1.8820754716981132
1555.7984442,4.936703998108803,3.317324731749314,67682.0,1.8820754716981132
1555.9984439999998,,31.289840392417567,62945.0,1.9203980099502487
1556.1984438,,33.336062097020886,66450.0,1.8820754716981132
1556.3984435999998,,34.809264154558385,60146.0,1.9054726368159205
1556.5984434,,29.669509565350353,65769.0,1.8820754716981132
1556.7984431999998,8.232180642488274,16.925029196870607,67581.0,1.8820754716981132
1556.998443,7.909815399773959,12.582241673225731,69014.0,1.8820754716981132
1557.1984427999998,5.763472570682395,5.582082636554812,68157.0,1.8820754716981132
1557.3984426,4.088252123773054,2.1326554460803444,68157.0,1.8820754716981132
1557.5984423999998,5.018086646294211,1.8820871564044068,68393.0,1.8820754716981132
1557.7984422,,7.986554723954653,66976.0,1.894736842105263
1557.9984419999998,,8.061930308258075,68132.0,1.8820754716981132
1558.1984418,4.171673439231622,2.7316329778252775,67675.0,1.8820754716981132
1558.3984415999998,,33.62084374746267,63141.0,1.9104477611940298
1558.5984414,,30.690047640568334,67546.0,1.8820754716981132
1558.7984411999998,5.6043360433604335,4.353122305053696,68265.0,1.8820754716981132
1558.998441,,37.254475712220355,65073.0,1.9154228855721394
1559.1984407999998,,22.212029363811883,68944.0,1.8990384615384615
1559.3984406,,10.382674788137928,66950.0,1.892156862745098
1559.5984403999998,5.30800301431801,4.781598355608586,66350.0,1.892156862745098
1559.7984402,4.822174975119877,0.98495575684639,66318.0,1.892156862745098
1559.9984399999998,,48.15313450260977,64670.0,1.8820754716981132
1560.1984398,,29.16464837503303,62824.0,1.8970588235294117
1560.3984395999998,,23.79565727755332,64239.0,1.9303482587064678
1560.5984394,,31.2018062940653,68647.0,1.8820754716981132
1560.7984391999998,4.692183028674882,3.31413408463485,68492.0,1.8820754716981132
1560.998439,7.630364169707376,8.82101869575624,69885.0,1.8867924528301887
1561.1984387999998,6.342086534690854,6.068074361714355,68851.0,1.8820754716981132
1561.3984386,,30.71017619339316,64784.0,1.9303482587064678
1561.5984383999998,,40.114786853319245,66826.0,1.8820754716981132
1561.7984382,5.502884486382541,1.9882444516274123,67083.0,1.8820754716981132
1561.9984379999999,,34.60094798005333,63840.0,1.9203980099502487
1562.1984378,9.126686021895603,19.586722182259557,66132.0,1.9303482587064678
1562.3984375999999,,34.01743180007327,69709.0,1.8820754716981132
1562.5984374,6.476037074714593,8.47225033050759,70776.0,1.8820754716981132
1562.7984371999999,7.732374417293491,15.822342218914464,72721.0,1.8820754716981132
1562.998437,,44.96227707689979,70322.0,1.95
1563.1984367999999,,20.087288185819006,72093.0,1.955223880597015
1563.3984366,5.889531433303429,5.074539893882476,72455.0,1.9601990049751243
1563.5984363999999,6.414235415947532,4.916930283325651,72425.0,1.9651741293532339
1563.7984362,,28.740864539511133,76819.0,1.8820754716981132
1563.9984359999999,,29.36268860512323,72511.0,1.9651741293532339
1564.1984358,,7.573162350608827,73745.0,1.9362745098039216
1564.3984355999999,,8.854218810148186,72841.0,1.9701492537313432
1564.5984354,,8.331450760981227,73797.0,1.9411764705882353
1564.7984351999999,6.923425947438193,11.808045311784213,73171.0,1.9313725490196079
1564.998435,,7.480414246630781,71420.0,1.9601990049751243
1565.1984347999999,,32.761692435174595,75266.0,1.8867924528301887
1565.3984346,,25.760581435698285,68432.0,1.9502487562189055
1565.5984343999999,5.975979440153031,4.013771059967556,68483.0,1.9402985074626866
1565.7984342,,30.578202172892908,72334.0,1.8820754716981132
1565.9984339999999,5.2726741354115925,3.719804586389296,71855.0,1.8820754716981132
1566.1984338,5.19407314872649,3.227660904179782,72045.0,1.8820754716981132
1566.3984335999999,,19.824318980801966,68623.0,1.911764705882353
1566.5984334,5.043308292611772,2.7583761949212557,68555.0,1.9166666666666667
1566.7984331999999,,10.772086683483398,67907.0,1.945273631840796
1566.998433,,3.606591205430977,69428.0,1.9068627450980393
1567.1984327999999,,13.206269140489201,68346.0,1.955
1567.3984326,,4.201809765832853,69410.0,1.945273631840796
1567.5984323999999,6.501025163094129,3.821445394038892,69745.0,1.945273631840796
1567.7984322,,30.48406568866462,71516.0,1.894736842105263
1567.9984319999999,,14.659865606548786,69836.0,1.9166666666666667
1568.1984318,,16.089961217969677,66836.0,1.935323383084577
1568.3984315999999,,32.839642409145995,70200.0,1.8820754716981132
1568.5984314,5.316808762915702,4.784099872027342,70844.0,1.8867924528301887
1568.7984311999999,4.370577464788733,1.1965758403261386,71000.0,1.8820754716981132
1568.998431,,24.535464728084197,68544.0,1.9019607843137254
1569.1984307999999,8.499179903314918,10.788367996855927,69504.0,1.9068627450980393
1569.3984306,10.757761546303925,18.41942479948902,71603.0,1.9166666666666667
1569.5984303999999,,12.67352860188494,70647.0,1.945273631840796
1569.7984302,11.115912012569632,14.980206339493922,70010.0,1.9402985074626866
1569.9984299999999,,31.176095808991857,68633.0,1.892156862745098
1570.1984298,,84.39186469581178,63200.0,1.8820754716981132
1570.3984295999999,,53.509167028979974,54599.0,1.900497512437811
1570.5984294,,12.535291918115048,57485.0,1.8823529411764706
1570.7984291999999,,8.334690985958364,56299.0,1.9104477611940298
1570.998429,,18.934350253790114,57696.0,1.8823529411764706
1571.1984287999999,,32.903363277298695,63291.0,1.8820754716981132
1571.3984286,,55.27435045820746,63869.0,1.9054726368159205
1571.5984283999999,,30.91942707846215,68038.0,1.8820754716981132
1571.7984282,,30.958928102755348,64097.0,1.9054726368159205
1571.9984279999999,,32.53685450638875,67406.0,1.8820754716981132
1572.1984278,,45.222071965217815,65028.0,1.9
1572.3984275999999,,9.349663149858022,66558.0,1.890547263681592
1572.5984274,,27.87689723146107,71397.0,1.8820754716981132
1572.7984271999999,4.477100475632648,4.161617477202907,70853.0,1.8820754716981132
1572.998427,4.345283660797823,3.9818139275205087,70542.0,1.8820754716981132
1573.1984267999999,5.0126732900377045,5.929565123144077,69753.0,1.8820754716981132
1573.3984266,,23.612150163391718,65988.0,1.8480392156862746
1573.5984263999999,,11.3011926373514,64374.0,1.8706467661691542
1573.7984262,,25.430782263347727,69514.0,1.8820754716981132
1573.9984259999999,5.832866813287253,6.658109749171708,70022.0,1.8820754716981132
1574.1984258,5.871236841358567,7.0466463001083435,70486.0,1.8820754716981132
1574.3984255999999,6.928621082779523,11.375847567797418,71926.0,1.8820754716981132
1574.5984254,4.480301178039564,1.9451157361857399,71984.0,1.8820754716981132
1574.7984251999999,,24.37470902897814,66463.0,1.890547263681592
1574.998425,5.750475595981214,7.585352607219013,67284.0,1.890547263681592
1575.1984247999999,,29.286132891128712,73029.0,1.8820754716981132
1575.3984246,,29.78795296246926,68763.0,1.9054726368159205
1575.5984243999999,,31.83194066048986,73089.0,1.8820754716981132
1575.7984242,,33.253749214071675,70114.0,1.9303482587064678
1575.9984239999999,,17.21273861455503,70874.0,1.955
1576.1984238,,7.287764123208258,71774.0,1.945273631840796
1576.3984236,,28.89373691281764,76201.0,1.8820754716981132
1576.5984234,,31.783531368577744,72153.0,1.935323383084577
1576.7984232,,3.799206483988496,72064.0,1.945
1576.998423,,27.54872828387682,77293.0,1.8820754716981132
1577.1984228,,42.18852517433221,69272.0,1.9068627450980393
1577.3984226,,50.2493869291305,63239.0,1.890547263681592
1577.5984224,9.360210341805434,12.289758482384073,65037.0,1.9054726368159205
1577.7984222,8.689493103078737,6.020535658107373,65319.0,1.9104477611940298
1577.998422,,31.294376924686215,69945.0,1.8820754716981132
1578.1984218,5.800442153921245,1.7158710152856638,69659.0,1.8820754716981132
1578.3984216,,40.41802912314929,67323.0,1.9154228855721394
1578.5984214,,31.537758346894844,71484.0,1.8820754716981132
1578.7984212,5.8784723703861745,9.643211570999886,70305.0,1.8820754716981132
1578.998421,12.513988006403821,33.133722108861875,73706.0,1.8820754716981132
1579.1984208,6.901355328055705,12.357260792702727,72381.0,1.8820754716981132
1579.3984206,,29.38340908473713,66695.0,1.94
1579.5984204,7.9929316678912565,6.412891185869647,68050.0,1.94
1579.7984202,,37.11523749841041,71494.0,1.8820754716981132
1579.99842,,30.786030850658268,68020.0,1.935323383084577
1580.1984198,,4.486623604299726,67406.0,1.94
1580.3984196,,11.28358237330105,66794.0,1.9203980099502487
1580.5984194,,28.97645900184749,71268.0,1.8820754716981132
1580.7984192,8.679430366722002,15.321343709694164,72889.0,1.8820754716981132
1580.998419,,19.13441720422116,69268.0,1.9019607843137254
1581.1984188,,12.73074120459401,68111.0,1.94
1581.3984186,,13.687918986539394,66923.0,1.9253731343283582
1581.5984184,4.349230049922326,5.68973478023101,66303.0,1.9253731343283582
1581.7984182,4.164645607227309,3.515560801967414,65972.0,1.9203980099502487
1581.998418,,27.76787318219783,71016.0,1.8820754716981132
1582.1984178,,35.279533673520106,67385.0,1.9104477611940298
1582.3984176,,42.80160823007456,69134.0,1.8820754716981132
1582.5984174,6.171805840240026,16.80409654939068,67326.0,1.8820754716981132
1582.7984172,5.203593984962406,9.755010617826269,66500.0,1.8820754716981132
1582.998417,5.395738575658598,6.484840031054459,65518.0,1.8820754716981132
1583.1984168,5.363109012928508,6.761268468070818,64818.0,1.8820754716981132
1583.3984166,5.083218076426984,4.718112733139227,64349.0,1.8820754716981132
1583.5984164,5.081045567600544,6.821620960888595,63927.0,1.8820754716981132
1583.7984162,,38.00189306472569,59505.0,1.8805970149253732
1583.998416,,36.50493204779873,62359.0,1.8820754716981132
1584.1984158,,35.85921489497727,58688.0,1.8756218905472637
1584.3984156,6.497484076965512,15.037479368986878,59819.0,1.8805970149253732
1584.5984154,5.122861612194635,3.7830491319376724,60092.0,1.890547263681592
1584.7984152,,34.533482198175676,64144.0,1.8820754716981132
1584.998415,,31.59010021414045,60299.0,1.9054726368159205
1585.1984148,8.797694571615436,10.808284193230444,61160.0,1.9104477611940298
1585.3984146,,9.598915989711434,62273.0,1.8872549019607843
1585.5984144,,24.09057511592879,65109.0,1.8820754716981132
1585.7984142,,23.494682706373144,62135.0,1.8872549019607843
1585.998414,,22.970992619783612,65203.0,1.8820754716981132
1586.1984138,,33.06921121255024,61192.0,1.9104477611940298
1586.3984136,,20.444559495053422,66249.0,1.8820754716981132
1586.5984134,,60.190470941178106,66295.0,1.915
1586.7984132,,48.15964856303438,72065.0,1.8867924528301887
1586.998413,,40.63067182471334,69687.0,1.9651741293532339
1587.1984128,,30.75090540712881,73995.0,1.8820754716981132
1587.3984126,4.956782811159675,5.693391663896824,73443.0,1.8820754716981132
1587.5984124,,19.999795931071215,69495.0,1.9264705882352942
1587.7984122,,8.478510224780445,68332.0,1.9502487562189055
1587.998412,,12.481576205038108,68752.0,1.9215686274509804
1588.1984118,,22.336272495992905,68593.0,1.955
1588.3984116,,22.09902085392697,75297.0,1.8820754716981132
1588.5984114,,21.258669326654903,72130.0,1.9313725490196079
1588.7984112,8.564360030724112,6.948756172307093,71605.0,1.9166666666666667
1588.998411,,108.45862207527692,58161.0,1.9154228855721394
1589.1984108,9.305172443931687,15.029687626581842,57207.0,1.9054726368159205
1589.3984106,,10.326785994856323,58300.0,1.8872549019607843
1589.5984104,,12.211102393623216,57512.0,1.935323383084577
1589.7984101999998,,38.37518387362289,62245.0,1.911764705882353
1589.99841,,27.161435542918017,64261.0,1.945273631840796
1590.1984097999998,,19.060594132228683,68282.0,1.8990384615384615
1590.3984096,,22.38509627927418,66361.0,1.945273631840796
1590.5984093999998,4.722678687190002,2.115917865288935,66331.0,1.945273631840796
1590.7984092,4.590524457431589,5.115537378048237,65706.0,1.9402985074626866
1590.9984089999998,,8.883912654578527,66539.0,1.9068627450980393
1591.1984088,5.2852827324478175,5.297922683187461,65875.0,1.9068627450980393
1591.3984085999998,,16.26195293618357,69881.0,1.8820754716981132
1591.5984084,16.49459987165308,30.06145597959971,73239.0,1.8820754716981132
1591.7984081999998,,38.315468768479434,69671.0,1.9104477611940298
1591.998408,,3.420464993568627,70479.0,1.8480392156862746
1592.1984077999998,,23.427043845949484,67819.0,1.8706467661691542
1592.3984076,14.788780155461273,32.798575783333284,64582.0,1.8756218905472637
1592.5984073999998,26.807512864493997,62.91647916412762,58300.0,1.9154228855721394
1592.7984072,13.6551181927774,11.13597342576842,57237.0,1.9253731343283582
1592.9984069999998,,11.63879708390475,59492.0,1.9068627450980393
1593.1984068,,16.552744255637784,57042.0,1.925
1593.3984065999998,9.905167508031207,22.84032087456888,54475.0,1.915
1593.5984064,,16.454291973020677,53694.0,1.8706467661691542
1593.7984061999998,,11.86727252082496,52296.0,1.9
1593.998406,22.73227425651728,24.02592885566615,55583.0,1.915
1594.1984057999998,,21.37702463976525,58964.0,1.9019607843137254
1594.3984056,16.789948696830873,1.5442997455491376,58281.0,1.9019607843137254
1594.5984053999998,7.882452473375137,20.192121251988826,60282.0,1.9068627450980393
1594.7984052,,8.972771915812402,59410.0,1.9402985074626866
1594.9984049999998,,10.018442466040717,60450.0,1.9215686274509804
1595.1984048,,19.98577061261486,58120.0,1.935323383084577
1595.3984045999998,5.545136957730812,8.2138794988617,57536.0,1.9203980099502487
1595.5984044,,40.37314082727994,63118.0,1.8990384615384615
1595.7984041999998,,24.349565092409787,60709.0,1.9303482587064678
1595.998404,,14.394073386485715,61749.0,1.9068627450980393
1596.1984037999998,6.0096442175216795,1.3406445013445338,61695.0,1.9166666666666667
1596.3984036,9.136854801401098,8.528396320485879,60524.0,1.9215686274509804
1596.5984033999998,,14.240824367893916,59063.0,1.945273631840796
1596.7984032,6.016824592143987,4.984276512437544,58783.0,1.9402985074626866
1596.9984029999998,,13.070156351764142,58891.0,1.9166666666666667
1597.1984028,,15.936653844692708,56484.0,1.94
1597.3984025999998,,24.951443273141734,55157.0,1.8706467661691542
1597.5984024,13.34200440059621,24.895242553736644,56356.0,1.9104477611940298
1597.7984021999998,,17.333951785235175,61047.0,1.892156862745098
1597.998402,,56.50367901927275,63752.0,1.8756218905472637
1598.1984017999998,9.771442357286658,56.269304905220906,60103.0,1.7313432835820894
1598.3984016,,22.31360078691202,58384.0,1.67
1598.5984013999998,,12.435243597029606,60082.0,1.6519607843137254
1598.7984012,,8.468189996204849,59276.0,1.6865671641791045
1598.9984009999998,8.992092647809828,12.501058901489186,60703.0,1.7014925373134329
1599.1984008,21.21317759538198,72.83722931428488,66522.0,1.845771144278607
1599.3984005999998,26.468325492015108,57.368462006996204,60364.0,1.9054726368159205
1599.5984004,14.235569450332061,44.25366521587648,56616.0,1.890547263681592
1599.7984001999998,9.063603377293978,17.50755668310411,57324.0,1.9104477611940298
1599.9984,,28.033513905470063,60119.0,1.9362745098039216
1600.1983997999998,,15.738000610570264,59045.0,1.9502487562189055
1600.3983996,,14.698958040665318,61359.0,1.9313725490196079
1600.5983993999998,,32.0992830508749,66150.0,1.8867924528301887
1600.7983992,12.963232017113825,6.483007875221427,67314.0,1.900943396226415
1600.9983989999998,,16.887831180419322,65813.0,1.9375
1601.1983988,6.661955439859122,3.7377532576608243,65305.0,1.9423076923076923
1601.3983985999998,,22.901070298945218,62994.0,2.009950248756219
1601.5983984,,38.006280623028694,66336.0,1.900943396226415
1601.7983981999998,,114.43524743507766,73749.0,1.9278846153846154
1601.998398,12.035244601203667,24.745556794868904,76267.0,1.9951923076923077
1602.1983977999998,,8.145501725965124,76071.0,1.9952153110047848
1602.3983976,5.705172459928821,7.660094449442576,74742.0,1.9138755980861244
1602.5983973999998,,47.464241060030815,73957.0,1.8867924528301887
1602.7983972,,95.44836041424932,60131.0,1.9651741293532339
1602.9983969999998,,32.504370305199636,63767.0,1.8820754716981132
1603.1983968,,47.57798908325121,59381.0,1.93
1603.3983965999998,,26.796165687361977,61431.0,1.9166666666666667
1603.5983964,,15.735735520381711,64048.0,1.9038461538461537
1603.7983961999998,,11.3900080513235,61755.0,1.9362745098039216
1603.998396,11.953587201066577,9.276943169289687,60005.0,1.9166666666666667
1604.1983957999998,11.329505890627747,46.32315506816039,56870.0,1.8431372549019607
1604.3983956,11.947960739306943,31.17678257013762,58379.0,1.892156862745098
1604.5983953999998,16.782978723404256,50.02106491298472,62275.0,1.9411764705882353
1604.7983952,6.735511925585653,12.638510899520638,61171.0,1.9411764705882353
1604.9983949999998,6.916747951619196,3.498657960384539,61512.0,1.9362745098039216
1605.1983948,,15.599605027854121,61817.0,1.9651741293532339
1605.3983945999998,,33.56161296978725,66119.0,1.8867924528301887
1605.5983944,,22.02948020741753,62680.0,1.946078431372549
1605.7983941999998,,10.855756376958595,64139.0,1.9038461538461537
1605.998394,,13.53073017996465,66666.0,1.8820754716981132
1606.1983937999998,,26.85575165642207,64137.0,1.9509803921568627
1606.3983936,,18.768426458742084,62897.0,1.9651741293532339
1606.5983933999998,,20.8961840862375,66037.0,1.9038461538461537
1606.7983932,,47.9894680846648,68960.0,1.9215686274509804
1606.9983929999999,7.546042563021571,1.8319753571388642,69262.0,1.9215686274509804
1607.1983928,,41.82190927997041,69257.0,1.8867924528301887
1607.3983925999999,,34.52248776111854,65439.0,1.9038461538461537
1607.5983924,,19.859795642602062,62240.0,1.9701492537313432
1607.7983921999999,6.320669496276127,1.374648039080144,62435.0,1.9701492537313432
1607.998392,,24.530952778826368,65050.0,1.9278846153846154
1608.1983917999999,7.008348137783577,15.891747931636095,63607.0,1.9038461538461537
1608.3983916,9.747885932967101,18.074895673515506,64804.0,1.8990384615384615
1608.5983913999999,9.762495785231451,34.680789474821225,62281.0,1.9038461538461537
1608.7983912,,27.66753905540784,62862.0,1.9166666666666667
1608.9983909999999,,7.601767534187911,61945.0,1.9502487562189055
1609.1983908,10.418774376056644,24.373948290345,59741.0,1.9054726368159205
1609.3983905999999,6.699758787043418,14.097234847012503,58040.0,1.890547263681592
1609.5983904,4.812482686980609,6.914138211616536,57760.0,1.8855721393034826
1609.7983901999999,,5.593247197738807,57126.0,1.89
1609.99839,4.290783393883814,3.704200653520041,56702.0,1.89
1610.1983897999999,,11.595931005436759,58326.0,1.8627450980392157
1610.3983896,,9.124557096838423,56872.0,1.8855721393034826
1610.5983893999999,,10.405935208602262,57642.0,1.8627450980392157
1610.7983892,,9.018991213632612,56338.0,1.8855721393034826
1610.9983889999999,,6.8572527999246295,56385.0,1.89
1611.1983888,,5.9727431437975005,56127.0,1.8805970149253732
1611.3983885999999,4.303194769951894,3.370845822793794,56749.0,1.8855721393034826
1611.5983884,,14.226380033781036,56548.0,1.8627450980392157
1611.7983881999999,,13.786668304497384,55142.0,1.9
1611.998388,6.106256063818319,6.229214324024651,55658.0,1.9
1612.1983877999999,,11.861309822846373,56805.0,1.8627450980392157
1612.3983876,,21.006979227095332,54404.0,1.885
1612.5983873999999,,11.1350970421076,54082.0,1.9154228855721394
1612.7983872,,12.252620284213597,54663.0,1.8480392156862746
1612.9983869999999,,15.308706297029245,53191.0,1.8606965174129353
1613.1983868,,6.604528596082437,52491.0,1.85
1613.3983865999999,,3.224642284882487,53049.0,1.7661691542288558
1613.5983864,5.541087710651527,2.386679831389222,52753.0,1.7761194029850746
1613.7983861999999,,9.82429242588336,53249.0,1.75
1613.998386,7.186780563482791,5.733922281215811,52211.0,1.7401960784313726
1614.1983857999999,5.3900112126798305,3.843197079747129,52619.0,1.7450980392156863
1614.3983856,,20.43159470524142,51655.0,1.7611940298507462
1614.5983853999999,,52.754309479682014,56564.0,1.803921568627451
1614.7983852,11.254064742932474,16.616428306325282,54616.0,1.7794117647058822
1614.9983849999999,,11.965793224583058,53399.0,1.8159203980099503
1615.1983848,,18.599520933280584,53805.0,1.7450980392156863
1615.3983845999999,,14.192644231725959,53187.0,1.79
1615.5983844,,13.696959491301907,53952.0,1.7598039215686274
1615.7983841999999,,10.547427950518049,53442.0,1.7960199004975124
1615.998384,,49.58664428613027,56667.0,1.835
1616.1983837999999,,17.01516247345325,57929.0,1.8284313725490196
1616.3983836,,21.597134413805026,55896.0,1.835820895522388
1616.5983833999999,,19.216738484943345,55897.0,1.7696078431372548
1616.7983832,20.845703489941247,129.31476316063146,48167.0,1.4019607843137254
1616.9983829999999,9.997570564070852,34.08486163528308,45278.0,1.4362745098039216
1617.1983828,12.446002032864644,35.06329334882044,47224.0,1.5833333333333333
1617.3983825999999,,13.340351808156171,47299.0,1.6069651741293531
1617.5983824,9.611146415861718,2.940523203297845,47208.0,1.626865671641791
1617.7983821999999,12.749228231911024,15.989001623389575,47294.0,1.6865671641791045
1617.998382,,47.55329882495487,51202.0,1.7450980392156863
1618.1983817999999,,21.094697948561606,51477.0,1.8208955223880596
1618.3983816,,30.253324527281315,53011.0,1.8725490196078431
1618.5983813999999,,10.977624349452373,51944.0,1.8606965174129353
1618.7983812,,45.51003851145481,50601.0,1.7450980392156863
1618.9983809999999,,27.900885708928985,49455.0,1.7263681592039801
1619.1983808,10.69628053106314,6.0853088821285555,49335.0,1.6517412935323383
1619.3983805999999,,34.163108233507955,54164.0,1.5490196078431373
1619.5983804,,72.45084810779197,54312.0,1.4179104477611941
1619.7983801999999,,36.96952053125211,52652.0,1.3431372549019607
1619.99838,5.639108185743908,3.000094141619221,52567.0,1.3431372549019607
1620.1983797999999,6.88658710500638,10.029660869713808,53292.0,1.338235294117647
1620.3983796,5.055189565811706,7.57419843392147,52673.0,1.3431372549019607
1620.5983793999999,7.467607464487977,14.693008030888597,53855.0,1.3431372549019607
1620.7983792,15.596562649344213,36.506377818607895,56497.0,1.4509803921568627
1620.9983789999999,,50.258884964855284,59019.0,1.626865671641791
1621.1983788,,18.7644395477703,58631.0,1.5686274509803921
1621.3983786,17.007374736616548,36.42864757578359,56002.0,1.6029411764705883
1621.5983784,30.484132708258205,125.90108829335819,55460.0,1.7254901960784315
1621.7983782,,75.1012115063313,48031.0,1.6865671641791045
1621.998378,8.647642310960068,18.868967805813128,47080.0,1.6467661691542288
1622.1983778,6.956789485648158,12.08906434453291,48391.0,1.6965174129353233
1622.3983776,,20.938901074535526,49402.0,1.7352941176470589
1622.5983774,,20.80740690995055,49221.0,1.8606965174129353
1622.7983772,,16.873566628479008,50308.0,1.5833333333333333
1622.998377,14.350931852942843,33.63512354385472,52959.0,1.5343137254901962
1623.1983768,,98.04501551096635,51397.0,1.3582089552238805
1623.3983766,13.307806009804288,32.615272923813315,53446.0,1.3830845771144278
1623.5983764,,53.27862320479948,50747.0,1.2745098039215685
1623.7983762,,19.913452135675776,48611.0,1.2587064676616915
1623.998376,,11.88323761828464,49495.0,1.2549019607843137
1624.1983758,14.91326837983256,17.825926894829575,48137.0,1.2303921568627452
1624.3983756,19.644348792658988,67.86629622007845,42283.0,1.2941176470588236
1624.5983754,12.2793404683498,25.989023816366103,43728.0,1.338235294117647
1624.7983752,,61.126351903153406,46679.0,1.5572139303482586
1624.998375,,29.149993917416328,48314.0,1.6323529411764706
1625.1983748,,39.50844957875652,48954.0,1.8756218905472637
1625.3983746,,7.246962869357865,50445.0,1.8284313725490196
1625.5983744,9.155677165053001,30.804172178952665,52262.0,1.9509803921568627
1625.7983742,,44.961807389988984,53254.0,1.9601990049751243
1625.998374,,12.948295390407763,53589.0,1.8823529411764706
1626.1983738,9.313735428281804,92.39327229945349,49325.0,1.5784313725490196
1626.3983736,6.145101079129352,17.285416076140365,49021.0,1.5343137254901962
1626.5983734,,43.15743103367271,49634.0,1.4129353233830846
1626.7983732,17.933844089028074,54.47574193742824,53646.0,1.373134328358209
1626.998373,,30.222143850511532,52264.0,1.2843137254901962
1627.1983728,7.116358684344915,7.64494781209673,52871.0,1.2941176470588236
1627.3983726,,38.1655190317615,54568.0,1.42
1627.5983724,,21.419806101717413,57279.0,1.4656862745098038
1627.7983722,,10.278633167093064,55786.0,1.4527363184079602
1627.998372,,44.4280441618988,51894.0,1.43
1628.1983718,,38.493116182957785,55165.0,1.661764705882353
1628.3983716,27.611799196257987,77.37836411431256,60716.0,1.7107843137254901
1628.5983714,,29.593296706333113,57581.0,1.6616915422885572
1628.7983712,,45.32651957168184,60385.0,1.78
1628.998371,,20.9392664199639,60053.0,1.696078431372549
1629.1983708,,13.673386063258489,57896.0,1.756218905472637
1629.3983706,,23.535159652430817,60081.0,1.8627450980392157
1629.5983704,,58.08246921937049,61082.0,2.085
1629.7983702,,181.48147242344396,51545.0,1.7303921568627452
1629.99837,5.518665247555976,15.926184598589249,50736.0,1.7254901960784315
1630.1983698,5.44715194785038,10.916116934626437,51544.0,1.75
1630.3983696,,34.34890390765563,52749.0,1.890547263681592
1630.5983694,7.89596303692392,37.35448401195115,51078.0,1.791044776119403
1630.7983692,,32.85666580745798,50298.0,1.5931372549019607
1630.998369,,50.62402312218771,47236.0,1.5174129353233832
1631.1983688,,38.98828316404953,45111.0,1.415
1631.3983686,7.007710373554305,0.26406843210749964,45134.0,1.41
1631.5983684,,4.269004042191878,45142.0,1.3980099502487562
1631.7983682,,2.7027411787359417,44778.0,1.405
1631.998368,9.25897822709567,2.8419123520146585,44413.0,1.405
1632.1983678,,19.946411293685188,44182.0,1.3627450980392157
1632.3983676,22.216994932898,28.296160205479936,47167.0,1.338235294117647
1632.5983674,22.186324139030614,37.67695261849439,50176.0,1.2892156862745099
1632.7983672,,26.070466879173093,47565.0,1.26
1632.998367,,2.6824856070735406,47668.0,1.2487562189054726
1633.1983668,,9.593062187389558,48660.0,1.2549019607843137
1633.3983666,,14.717386883561986,48920.0,1.2786069651741294
1633.5983664,24.077003143852494,75.04836520535366,47076.0,1.5870646766169154
1633.7983662,,26.69365442113035,48969.0,1.6225490196078431
1633.9983659999998,,28.50106286991088,47147.0,1.6019900497512438
1634.1983658,13.881044526013406,46.55650808430546,50128.0,1.7213930348258706
1634.3983655999998,6.5384708934652185,13.747217297843703,49336.0,1.6965174129353233
1634.5983654,,3.1436785156337708,49097.0,1.715
1634.7983651999998,,108.13602583046872,57557.0,1.75
1634.998365,8.48183408463971,29.588202506403487,59452.0,1.7892156862745099
1635.1983647999998,,95.6612747356773,51603.0,1.791044776119403
1635.3983646,,31.95025670198748,49989.0,1.7303921568627452
1635.5983643999998,,43.84520159892136,52038.0,1.8955223880597014
1635.7983642,,36.693516308590716,55331.0,1.9215686274509804
1635.9983639999998,,64.60262742554805,58641.0,2.0248756218905473
1636.1983638,,81.60415720396105,66935.0,1.9705882352941178
1636.3983635999998,21.492068005627225,72.21885617726703,66818.0,1.8235294117647058
1636.5983634,,18.954292311997236,67230.0,1.845771144278607
1636.7983631999998,,36.51699543107964,70520.0,1.892156862745098
1636.998363,,32.14273354105351,67568.0,1.85
1637.1983627999998,,19.88786497501071,67493.0,1.7941176470588236
1637.3983626,9.219741855108575,18.77075773499103,69031.0,1.8186274509803921
1637.5983623999998,9.740874105414772,36.495081308813326,66651.0,1.7058823529411764
1637.7983622,,35.20808739453232,62785.0,1.635
1637.9983619999998,,131.78418329471964,54534.0,1.4215686274509804
1638.1983618,,52.53112596814039,49129.0,1.5024875621890548
1638.3983615999998,,36.93466612140393,46538.0,1.445
1638.5983614,8.237287392600386,12.612197473297204,45624.0,1.43
1638.7983611999998,,15.392101894861902,47235.0,1.4215686274509804
1638.998361,8.56948989009145,7.487221622937051,47676.0,1.4509803921568627
1639.1983607999998,7.383408824022815,0.3924263867732831,47688.0,1.4509803921568627
1639.3983606,8.402263592130316,4.1514434789806725,47270.0,1.4607843137254901
1639.5983603999998,,8.758534667981694,46147.0,1.4776119402985075
1639.7983602,,8.40182489763129,47155.0,1.4656862745098038
1639.9983599999998,,14.986955402663565,45641.0,1.475
1640.1983598,,10.00687443151387,46314.0,1.5024875621890548
1640.3983595999998,,14.698447692306447,48460.0,1.4313725490196079
1640.5983594,15.387625490621486,55.895146941843194,50701.0,1.6372549019607843
1640.7983591999998,11.994685784957873,34.27420889727196,51748.0,1.7549019607843137
1640.998359,,39.78082175089462,54560.0,1.7810945273631842
1641.1983587999998,,32.19899896986273,56905.0,1.9019607843137254
1641.3983586,7.4768541300527245,10.413797775613475,56900.0,1.9705882352941178
1641.5983583999998,,42.64916130015333,59303.0,1.9663461538461537
1641.7983582,,39.346104354613516,57193.0,1.9253731343283582
1641.9983579999998,,58.711600865382735,52976.0,1.81
1642.1983578,,3.622571756272479,53520.0,1.8507462686567164
1642.3983575999998,5.1402250273406365,6.70449728650356,53949.0,1.8656716417910448
1642.5983574,3.990203410110679,3.651217910835649,53488.0,1.8606965174129353
1642.7983571999998,,4.928789311706724,53457.0,1.87
1642.998357,,2.6587754429818387,53817.0,1.8258706467661692
1643.1983567999998,16.965858766178037,47.187581248096556,58258.0,1.7761194029850746
1643.3983566,,20.92798146872599,58083.0,1.7941176470588236
1643.5983563999998,,8.88686999825476,57087.0,1.8208955223880596
1643.7983562,,34.49376794049843,60845.0,1.8820754716981132
1643.9983559999998,,38.69075674743653,57984.0,1.835820895522388
1644.1983558,12.283868100942401,29.46073477867891,54011.0,1.8407960199004976
1644.3983555999998,,24.563085245089237,58693.0,1.8235294117647058
1644.5983554,,26.10348679970747,62485.0,1.8820754716981132
1644.7983551999998,,32.64828452048412,57940.0,1.855721393034826
1644.998355,,39.89175034015878,60317.0,1.8820754716981132
1645.1983547999998,,40.95616705105733,52437.0,1.8407960199004976
1645.3983546,6.096655791190865,12.045255554832067,51492.0,1.8308457711442787
1645.5983543999998,5.985817844233314,14.21823100938459,50627.0,1.8109452736318408
1645.7983542,,6.199169623200727,52282.0,1.7598039215686274
1645.9983539999998,,5.624305790101067,50642.0,1.8109452736318408
1646.1983538,7.335628920562451,16.443692442794124,52129.0,1.835820895522388
1646.3983535999998,,7.75528303432062,53198.0,1.7990196078431373
1646.5983534,,32.127959201793104,51708.0,1.7761194029850746
1646.7983531999998,7.087523857749386,16.88528684738479,51346.0,1.7313432835820894
1646.998353,6.263593004769476,16.921296746997616,50320.0,1.7114427860696517
1647.1983527999998,6.088890632355248,7.056647316773584,50984.0,1.7313432835820894
1647.3983526,,20.502504439753892,52539.0,1.7303921568627452
1647.5983523999998,,10.26524432043608,51698.0,1.755
1647.7983522,,2.234580506945536,52182.0,1.7512437810945274
1647.9983519999998,,5.238254291742366,53225.0,1.696078431372549
1648.1983518,,3.800384027423159,50903.0,1.7462686567164178
1648.3983515999998,14.63351669941061,7.2632193045907485,50900.0,1.756218905472637
1648.5983514,5.307331764330448,11.261461571354822,50138.0,1.756218905472637
1648.7983511999998,,9.540631348469486,51151.0,1.7303921568627452
1648.998351,5.572843719963122,0.5740723505105024,50979.0,1.7254901960784315
1649.1983507999998,8.452309787749234,16.551919422998047,52862.0,1.7352941176470589
1649.3983506,8.238434888934176,12.491466407708801,53977.0,1.7352941176470589
1649.5983503999998,,14.29210307083834,52471.0,1.765
1649.7983502,,3.3334695652183646,52848.0,1.756218905472637
1649.9983499999998,,4.005526534513038,52836.0,1.775
1650.1983498,,3.7460460782801954,52933.0,1.7611940298507462
1650.3983495999998,,4.853658952595071,52852.0,1.77
1650.5983494,5.45390097454219,11.175623556129084,53461.0,1.78
1650.7983491999998,7.471156667155641,17.335934344065368,54536.0,1.805
1650.998349,,36.537511742740726,57124.0,1.8308457711442787
1651.1983487999998,,28.703052870285553,60791.0,1.8333333333333333
1651.3983486,,32.95037264462786,62689.0,1.8507462686567164
1651.5983483999998,6.093925053119567,3.095056856312594,62124.0,1.845771144278607
1651.7983482,5.166770410169048,10.31583776010334,61048.0,1.835820895522388
1651.9983479999999,,3.3722677302457904,60581.0,1.845
1652.1983478,,9.035869359031206,60258.0,1.8308457711442787
1652.3983475999999,5.720035301561928,6.697601941461591,60054.0,1.8308457711442787
1652.5983474,12.656095910277482,18.05436086267253,62058.0,1.8208955223880596
1652.7983471999999,17.08070004095649,18.747758377112408,63482.0,1.8059701492537314
1652.998347,17.034752736278662,23.4973980080845,62585.0,1.8109452736318408
1653.1983467999999,8.708722122956786,17.28894076861305,60444.0,1.8208955223880596
1653.3983466,,22.114017105423038,63509.0,1.7892156862745099
1653.5983463999999,,25.247751047334162,67070.0,1.8820754716981132
1653.7983462,,2.5671249147450115,63055.0,1.8186274509803921
1653.9983459999999,7.244366648587348,17.46644816090308,60843.0,1.8235294117647058
1654.1983458,,33.46679297109061,62225.0,1.8820754716981132
1654.3983455999999,,26.970686211845614,56556.0,1.8284313725490196
1654.5983454,6.673949816746546,2.0305532411390224,56752.0,1.8284313725490196
1654.7983451999999,,12.38116140913007,54831.0,1.855
1654.998345,,17.619300004593672,55110.0,1.8284313725490196
1655.1983447999999,10.156618646371296,10.54145083975026,55185.0,1.8235294117647058
1655.3983446,4.719899069316707,7.721893472072327,54691.0,1.8186274509803921
1655.5983443999999,,14.55061945901897,53630.0,1.855
1655.7983442,3.998068411972095,1.2834457515206497,53324.0,1.86
1655.9983439999999,,2.609053931396512,53743.0,1.845771144278607
1656.1983438,,13.021027187045744,53933.0,1.8186274509803921
1656.3983435999999,,8.92767445497645,52951.0,1.845771144278607
1656.5983434,4.32299055494443,2.1093069988191746,52726.0,1.8507462686567164
1656.7983431999999,16.9595607030162,31.53010197115771,56727.0,1.8258706467661692
1656.998343,7.524984143853815,14.386060856505328,58337.0,1.845771144278607
1657.1983427999999,,1.8630045544279485,57623.0,1.855
1657.3983426,,9.791179335946083,58959.0,1.8186274509803921
1657.5983423999999,,6.853893969887111,57571.0,1.8407960199004976
1657.7983422,4.652211667042948,3.0824300610610553,57581.0,1.845771144278607
1657.9983419999999,4.321149505122417,1.2007441140788124,57590.0,1.8507462686567164
1658.1983418,7.674962993562601,3.117792750831378,58098.0,1.835820895522388
1658.3983415999999,12.329392374833924,9.241076085339758,59461.0,1.835820895522388
1658.5983414,,18.21871391513776,57870.0,1.82
1658.7983411999999,22.467198266375473,42.58082111236763,59067.0,1.765
1658.998341,,39.63163213899568,57493.0,1.6567164179104477
1659.1983407999999,,31.0773430451533,56313.0,1.6029411764705883
1659.3983406,,17.330289038516057,54292.0,1.615
1659.5983403999999,,11.766997048960055,55633.0,1.5980392156862746
1659.7983402,,20.394618846981125,55450.0,1.66
1659.9983399999999,6.8923681195788555,14.613941058845372,54993.0,1.64
1660.1983398,7.823013112122023,5.618031516490035,56055.0,1.625
1660.3983395999999,,27.14823672306769,58726.0,1.6417910447761195
1660.5983394,13.123441538386516,29.76176756976344,61519.0,1.6517412935323383
1660.7983391999999,,26.93621230097656,63624.0,1.665
1660.998339,,12.235983749317858,64844.0,1.6766169154228856
1661.1983387999999,7.415699700063623,16.162894561152005,66014.0,1.7064676616915422
1661.3983386,9.734779482262704,18.50251184770165,66752.0,1.7263681592039801
1661.5983383999999,,115.26892856812458,57047.0,1.6813725490196079
1661.7983382,,30.240663524281256,53600.0,1.691542288557214
1661.9983379999999,,24.120919056432736,51800.0,1.635
1662.1983378,,19.29948980212472,51744.0,1.6323529411764706
1662.3983375999999,,26.388285417514805,49188.0,1.6169154228855722
1662.5983374,,27.471586338650557,51956.0,1.6274509803921569
1662.7983371999999,,13.544033126792163,51298.0,1.65
1662.998337,,14.224978695205879,52698.0,1.6119402985074627
1663.1983367999999,,12.102303159492514,53778.0,1.588235294117647
1663.3983366,7.324746277150716,13.432285453344166,52715.0,1.588235294117647
1663.5983363999999,,11.177272723665672,52395.0,1.6467661691542288
1663.7983362,,9.568928616317539,53481.0,1.6470588235294117
1663.9983359999999,,7.156098190034206,51975.0,1.695
1664.1983358,5.048317130795151,2.9892120716464885,51638.0,1.68
1664.3983355999999,5.076424563344661,14.605854709848836,50612.0,1.65
1664.5983354,,12.90434561411984,51833.0,1.607843137254902
1664.7983351999999,,11.394672532329162,51063.0,1.68
1664.998335,,6.489026758290982,50854.0,1.671641791044776
1665.1983347999999,,13.189721647176809,52267.0,1.6715686274509804
1665.3983346,,13.472049225101768,50712.0,1.6766169154228856
1665.5983343999999,4.3973315595899525,4.230239237413692,51116.0,1.691542288557214
1665.7983342,,13.425488431970013,51210.0,1.5833333333333333
1665.9983339999999,,12.853539796315665,50120.0,1.6
1666.1983338,,16.49695607653286,49432.0,1.5671641791044777
1666.3983336,,13.029791028827317,49861.0,1.5490196078431373
1666.5983334,4.662706062871306,5.751750406608513,50834.0,1.5490196078431373
1666.7983332,,7.5654816713482855,50059.0,1.5820895522388059
1666.998333,,23.91074592226584,52360.0,1.5735294117647058
1667.1983328,,27.535536411744264,52924.0,1.655
1667.3983326,,49.3629582910816,56806.0,1.7412935323383085
1667.5983324,,24.11672883473341,58870.0,1.7647058823529411
1667.7983322,,25.79296134429787,55939.0,1.77
1667.998332,,11.983518980247567,57344.0,1.75
1668.1983318,,8.443800781119222,56026.0,1.7761194029850746
1668.3983316,,8.581796967013462,57160.0,1.7549019607843137
1668.5983314,3.9145028277274876,0.6448638875884611,57113.0,1.75
1668.7983312,5.485092022405455,3.4591616944207204,57486.0,1.7352941176470589
1668.998331,,65.23401646584607,61231.0,1.8606965174129353
1669.1983308,,24.241802549101088,61126.0,1.911764705882353
1669.3983306,,21.659312624616383,63551.0,1.8820754716981132
1669.5983304,,17.0218170033564,63139.0,1.8990384615384615
1669.7983302,,23.17888765372208,60094.0,1.945273631840796
1669.99833,,23.526282597624814,62658.0,1.8990384615384615
1670.1983298,,25.996488475363154,61737.0,1.9651741293532339
1670.3983296,,27.553476246254057,64154.0,1.9607843137254901
1670.5983294,6.094513970877607,6.720770586802325,63525.0,1.9509803921568627
1670.7983292,,25.124842348273532,66889.0,1.8962264150943395
1670.998329,,23.524780780932794,67301.0,1.9519230769230769
1671.1983288,5.641314919276406,9.125550417711294,66833.0,1.9375
1671.3983286,4.804566610251451,6.680354695805086,66176.0,1.9326923076923077
1671.5983284,5.415321493815699,4.360233983121966,66782.0,1.9230769230769231
1671.7983282,,9.55018870330973,64061.0,1.9754901960784315
1671.998328,7.8683838663103245,13.595973654293932,65106.0,1.9803921568627452
1672.1983278,,13.849126496538227,68132.0,1.9471153846153846
1672.3983276,4.510588270089616,5.200073095615833,67622.0,1.9471153846153846
1672.5983274,4.568005963473723,5.787078487944208,67075.0,1.9423076923076923
1672.7983272,4.852615278216288,5.56214150466041,66513.0,1.9423076923076923
1672.998327,4.278812608075722,3.314000412996501,65926.0,1.9423076923076923
1673.1983268,4.072008851435327,1.0598688316839537,65978.0,1.9423076923076923
1673.3983266,4.0510030910964305,1.7873538153421393,65996.0,1.9423076923076923
1673.5983264,3.9073350299945466,0.33731310006138515,66012.0,1.9423076923076923
1673.7983262,3.892653482164523,0.8110946559991052,65936.0,1.9423076923076923
1673.998326,,21.393288699821806,63477.0,2.009950248756219
1674.1983258,,21.988003673918687,65872.0,1.9471153846153846
1674.3983256,3.8511809706316256,0.9857840571968985,65751.0,1.9471153846153846
1674.5983254,,20.87915764147701,63041.0,2.009950248756219
1674.7983252,,31.85563031745611,67173.0,1.9056603773584906
1674.998325,,11.763280364954644,65817.0,1.9471153846153846
1675.1983248,,22.636125405528208,63433.0,2.0049751243781095
1675.3983246,,43.734030341835926,71140.0,1.9423076923076923
1675.5983244,8.824960861325497,22.841455575514146,72818.0,1.9711538461538463
1675.7983242,6.727211305669726,12.057900330614505,71044.0,1.9711538461538463
1675.998324,6.0748834245662815,16.61021684019022,69054.0,1.9615384615384615
1676.1983238,,20.388350920685333,66114.0,2.029850746268657
1676.3983236,,24.266222417621762,71330.0,1.9150943396226414
1676.5983234,,17.002875781658204,70596.0,1.9423076923076923
1676.7983232,,23.109571021861395,69849.0,1.9103773584905661
1676.998323,,12.389534646138179,68583.0,1.9519230769230769
1677.1983228,8.811624008677157,15.635513637770169,70991.0,1.9375
1677.3983226,7.880939532505893,9.681151386173086,70418.0,1.9567307692307692
1677.5983224,6.712892184826012,13.48082331673686,70120.0,1.9278846153846154
1677.7983222,6.492838467659429,8.38805970247763,70376.0,1.9423076923076923
1677.998322,5.018909454727364,11.307435924817417,69965.0,1.9326923076923077
1678.1983217999998,,12.81291003975047,65767.0,2.0049751243781095
1678.3983216,,7.9881420270962735,67466.0,1.9754901960784315
1678.5983213999998,,11.185939509103155,68795.0,1.9326923076923077
1678.7983212,4.771565936061121,1.5586979725311687,68847.0,1.9375
1678.9983209999998,4.990792406649281,2.0812255061099525,68639.0,1.9278846153846154
1679.1983208,5.348732737258539,5.320752399676457,69007.0,1.9423076923076923
1679.3983205999998,4.551382709587368,2.9840289296353117,68778.0,1.9423076923076923
1679.5983204,6.0481341107871724,10.025591883783592,68600.0,1.9278846153846154
1679.7983201999998,5.517353165522502,6.217261834105955,68172.0,1.9230769230769231
1679.99832,,8.136249258067119,66031.0,1.9656862745098038
1680.1983197999998,,12.524899180576483,68051.0,1.9375
1680.3983196,4.7297002885238175,2.170532240601925,67932.0,1.9326923076923077
1680.5983193999998,4.6782651493683725,6.896384451944611,67049.0,1.9278846153846154
1680.7983192,5.378603137022788,4.287552548084468,67580.0,1.9326923076923077
1680.9983189999998,4.622872983573682,2.5334105011584245,67818.0,1.9326923076923077
1681.1983188,4.675658766925357,7.507572140597964,67133.0,1.9278846153846154
1681.3983185999998,4.925418591648765,6.569373605573071,67966.0,1.9278846153846154
1681.5983184,5.342887081777529,1.8787774281424334,67757.0,1.9278846153846154
1681.7983181999998,5.608044469613424,4.194153904703277,67102.0,1.9278846153846154
1681.998318,,20.47312527141253,64509.0,1.9950248756218905
1682.1983177999998,,7.774792575157085,65496.0,1.9607843137254901
