t,motion,speed,area,elong
0.0,,,27193.0,3.197604790419162
0.19999979999999998,7.417924113682977,18.30702545924706,27304.0,3.2289156626506026
0.39999959999999996,3.9904614103486127,21.912669817539197,26419.0,3.3354037267080745
0.5999994,12.738478622987229,25.973112886483822,27015.0,3.1845238095238093
0.7999991999999999,6.916468516072215,172.03777003235587,22710.0,1.327485380116959
0.999999,3.879671118458259,13.460636645541852,22987.0,1.2947976878612717
1.1999988,,75.2067577384746,20358.0,1.0128205128205128
1.3999986,,57.25915818931026,23875.0,1.2994350282485876
1.5999983999999998,2.5770333290548924,7.34187605282512,23373.0,1.3275862068965518
1.7999981999999999,3.445810197940067,10.457328039228877,23593.0,1.302857142857143
1.999998,3.049643897133635,177.07612951657703,28503.0,3.045714285714286
2.1999978,2.392743020517995,177.4728047308003,23784.0,1.3160919540229885
2.3999976,2.3471796334593167,187.84518098480112,28046.0,3.057142857142857
2.5999974,2.4486020957956813,185.11234435750603,23571.0,1.3160919540229885
2.7999972,2.66538331358944,1.3158546579819446,23636.0,1.3410404624277457
2.999997,2.560504772459157,180.56887343013426,27973.0,3.0809248554913293
3.1999967999999996,3.8988650605765214,10.510703307192752,28724.0,3.0685714285714285
3.3999965999999997,,203.33316846883469,20812.0,1.0451612903225806
3.5999963999999998,,52.339526940934164,25006.0,1.318435754189944
3.7999962,4.960208043888711,175.75594500315924,28071.0,3.1411764705882352
3.999996,4.787849632327675,11.939281418894952,29102.0,3.086206896551724
4.1999958,3.1891636312692633,8.539131248907472,28552.0,3.039772727272727
4.3999956,8.375598390171573,230.9263410971798,23605.0,1.319526627218935
4.5999954,4.307554408232046,186.73493556758564,27891.0,3.242424242424242
4.7999952,10.055525497091844,58.0295811682133,29572.0,3.3067484662576687
4.999995,6.226362701405554,39.67174437120395,29170.0,3.2095808383233533
5.1999948,10.408972071212185,218.55581465638753,24097.0,1.5066666666666666
5.399994599999999,8.3330568047854,62.52727516787504,22903.0,1.5571428571428572
5.5999944,4.053369620369943,20.01071282155492,21679.0,1.6222222222222222
5.7999941999999995,3.850282869427472,2.6446694598180804,22095.0,1.6296296296296295
5.999994,3.9929345679554133,6.757565148682093,22787.0,1.5942028985507246
6.1999938,10.804493910121797,53.789032042771495,23810.0,1.5793103448275863
6.399993599999999,6.225906020771298,224.82860216246368,27538.0,3.671232876712329
6.5999934,3.4330770920272347,191.93641812248651,22765.0,1.6099290780141844
6.799993199999999,2.6908683473389354,192.89222592444008,26775.0,3.8085106382978724
6.999993,2.4686363465936787,1.7889746064551089,26671.0,3.8085106382978724
7.1999927999999995,5.454100145137881,21.405159463738745,27560.0,3.696551724137931
7.3999926,18.18648905803996,177.3515979086651,26275.0,1.308139534883721
7.5999924,4.759038156466561,25.11344223957308,23954.0,1.4125
7.799992199999999,6.282798095431061,50.26086426118484,19742.0,1.5172413793103448
7.999992,12.602267291686598,50.50828347997586,20906.0,1.375
8.1999918,6.292538184648312,26.51434830045545,20558.0,1.3580246913580247
8.3999916,6.405614666067236,31.310086009750187,20019.0,1.4129032258064516
8.5999914,8.345212978274505,63.77693588447202,17537.0,1.625
8.7999912,9.90099643477466,251.64680367983263,21878.0,4.014925373134329
8.999991,5.656518522733739,239.0661405360619,17573.0,1.621212121212121
9.1999908,,52.09569151353013,13491.0,1.5740740740740742
9.399990599999999,,261.81974880228097,22583.0,4.045112781954887
9.5999904,,207.33784117089982,15585.0,2.232142857142857
9.7999902,,178.32978922167223,24750.0,3.8633093525179856
9.99999,21.83305999466036,60.714238341739104,26219.0,3.841726618705036
10.199989799999999,16.698604842018877,25.286679342250988,29244.0,3.7291666666666665
10.3999896,21.785105351695037,61.75656310389167,35073.0,3.5197368421052633
10.5999894,23.212980284933085,132.56215414976324,34745.0,1.544041450777202
10.799989199999999,24.323671069349643,84.0164526511174,33843.0,1.3661971830985915
10.999989,15.468001238843371,41.25858134726061,35517.0,1.352112676056338
11.1999888,21.36824399466192,188.00913790158805,35968.0,3.2883435582822087
11.399988599999999,11.390470491906532,71.5269482863012,31754.0,3.58
11.599988399999999,11.235710321864595,59.27273658748884,28832.0,4.045112781954887
11.7999882,11.33663899967662,29.19622899952134,27831.0,4.1875
11.999988,,205.15153936887907,19151.0,2.542056074766355
12.199987799999999,,171.24243518285513,28239.0,4.170542635658915
12.3999876,12.608489030662065,59.807357489194075,30722.0,3.7152777777777777
12.5999874,,203.75111810650148,22662.0,2.0793650793650795
12.799987199999999,,169.19894063150386,32742.0,3.5098039215686274
12.999986999999999,,148.7953489231862,18310.0,2.126126126126126
13.1999868,,306.39709382407614,22581.0,4.186046511627907
13.3999866,,318.54127639549023,67602.0,2.857142857142857
13.599986399999999,5.49613049724269,25.919941856833958,64737.0,3.0693069306930694
13.7999862,,398.67757411318655,23185.0,3.8028169014084505
13.999986,,337.99616599921154,70741.0,2.9665071770334928
14.199985799999999,,475.94563005783,29654.0,4.204379562043796
14.399985599999999,20.12355001722752,92.29219894510989,34828.0,3.3976608187134505
14.5999854,,392.29065180795743,84346.0,2.1602787456445993
14.7999852,,441.87629536608614,33903.0,2.652582159624413
14.999984999999999,,517.7621240474932,75706.0,2.1602787456445993
15.1999848,,572.4439881875896,34851.0,1.9577464788732395
15.3999846,28.64184288037983,220.0809088488797,22747.0,1.6267605633802817
15.599984399999999,,497.812151893175,71913.0,2.8440366972477062
15.799984199999999,4.192531658632229,26.813957582228433,67833.0,2.9665071770334928
15.999984,2.668360921194674,14.372217916122864,66696.0,3.0392156862745097
16.1999838,4.24726598981713,5.8545871732512955,66386.0,3.0392156862745097
16.3999836,3.24549032718873,10.08880076109235,65803.0,3.1
16.5999834,2.7995241653830316,2.1327241558928183,65569.0,3.1
16.7999832,2.7876928712055307,2.425622496634568,65523.0,3.1155778894472363
16.999983,3.0798483140933874,5.644492789951654,65662.0,3.1155778894472363
17.1999828,2.393646724950794,1.0488555032666769,65541.0,3.1313131313131315
17.399982599999998,5.981538599748458,12.291344022288381,66788.0,2.980769230769231
17.5999824,5.505985855815601,24.135802176081942,64903.0,2.9665071770334928
17.7999822,,433.844466473961,22939.0,3.8642857142857143
17.999982,18.82486920262775,45.0588227119859,25421.0,3.75
18.1999818,10.714354624753788,21.97461864318068,24877.0,3.8920863309352516
18.3999816,14.15431081823174,15.756163381254112,27315.0,3.906474820143885
18.5999814,15.002335842200882,26.367709030765567,30824.0,4.140740740740741
18.799981199999998,13.298301716911423,62.670077976677945,32209.0,4.1571428571428575
18.999981,5.770137668424136,48.02916905591616,27312.0,4.450381679389313
19.1999808,6.333222283916343,17.015766702297988,27015.0,4.2086330935251794
19.3999806,5.092284029735965,175.69485059148099,23406.0,1.9635036496350364
19.5999804,7.486989016998587,32.025138241558984,21943.0,1.8297872340425532
19.7999802,5.809405058781618,245.88103012482657,22456.0,3.8156028368794326
19.99998,11.169753349833575,17.913509285942574,23434.0,4.350364963503649
20.199979799999998,11.770340113371123,17.849745908386442,23992.0,4.416058394160584
20.399979599999998,10.870878888041359,22.743589109602002,23598.0,4.590909090909091
20.5999794,16.342660512651445,25.54653014382039,24266.0,4.2578125
20.7999792,18.575846898372195,231.01517556511806,22730.0,1.7954545454545454
20.999979,,520.7256750943783,72143.0,2.9523809523809526
21.1999788,,364.4631826438268,24865.0,4.483870967741935
21.399978599999997,6.057483815615007,8.929396625725413,25642.0,4.3671875
21.599978399999998,13.054410310863755,19.098228252639384,27311.0,4.25
21.799978199999998,19.642748034723,246.6199301880667,26841.0,1.643835616438356
21.999978,31.7706475978207,132.92579766446167,32304.0,1.2318840579710144
22.1999778,24.297304924509664,109.2937114872991,28348.0,1.1173708920187793
22.3999776,,659.1377866357327,72007.0,2.1602787456445993
22.5999774,4.167758608647063,4.806964366173372,71585.0,2.1602787456445993
22.799977199999997,,628.4815807996084,27941.0,1.107981220657277
22.999976999999998,22.894045990489218,71.74617115484806,30702.0,1.0338164251207729
23.199976799999998,24.360668670172803,279.1970736520034,26620.0,3.6486486486486487
23.3999766,10.018200472855423,201.80641286099154,22417.0,1.6546762589928057
23.5999764,5.716562161142804,13.88750593507224,21211.0,1.849624060150376
23.7999762,11.135702349356139,35.84859999403015,20346.0,1.7941176470588236
23.999976,,594.1543763360277,67774.0,2.9107981220657275
24.199975799999997,3.5158325901966414,17.800231139503342,66161.0,3.0097087378640777
24.399975599999998,,420.48702726907516,23452.0,3.673469387755102
24.599975399999998,,428.7807605199322,64934.0,2.767857142857143
24.7999752,8.046066482815883,25.734048602567366,67446.0,2.6495726495726495
24.999975,7.160317622800989,10.346842576114657,68383.0,2.767857142857143
25.1999748,,344.1589483829135,21971.0,4.098484848484849
25.3999746,21.848903083532946,28.73572181858054,26301.0,3.8028169014084505
25.599974399999997,16.521966393022062,70.58448924102005,31184.0,3.9444444444444446
25.799974199999998,14.511114836546522,225.24969799922064,29825.0,1.8164556962025316
25.999973999999998,,523.259650948496,78391.0,2.6609442060085837
26.1999738,,517.5329138915845,25627.0,1.9854014598540146
26.3999736,,537.8511706808554,71972.0,2.897196261682243
26.5999734,,416.47332640992903,25551.0,3.9586206896551723
26.7999732,9.60187984129983,129.01069262025436,21172.0,1.4258064516129032
26.999972999999997,5.282516385119542,13.585732192949584,21666.0,1.3393939393939394
27.199972799999998,,591.01976282045,68927.0,2.8703703703703702
27.399972599999998,7.596169725767431,13.703246885373423,69029.0,2.938388625592417
27.5999724,,601.921818568231,26698.0,1.6241610738255035
27.7999722,25.878329875860253,94.39967717191244,30369.0,1.3493975903614457
27.999972,13.26318145483613,86.14101348495635,31275.0,1.7161290322580645
28.1999718,13.389446870451238,266.8779563809646,27480.0,4.257575757575758
28.399971599999997,4.079241776621446,36.91886737198102,26905.0,4.136363636363637
28.599971399999998,,236.02124042750248,25175.0,1.9849624060150375
28.799971199999998,,506.9448060987832,73740.0,2.9665071770334928
28.999971,5.000582267056785,41.849894123964475,68697.0,3.1155778894472363
29.1999708,3.812130869539793,1.3669604969262577,68404.0,3.1313131313131315
29.3999706,7.63587399293926,30.645256871474356,66282.0,2.9107981220657275
29.5999704,6.119278564566612,11.922582705212122,64538.0,2.9523809523809526
29.799970199999997,,410.7110982658435,25453.0,3.769230769230769
29.999969999999998,13.464338304700775,26.365730204235625,26485.0,4.030075187969925
30.199969799999998,9.999781460571844,25.581638766363955,27455.0,4.286821705426356
30.3999696,7.09660432880319,86.16332516125765,25827.0,4.43801652892562
30.5999694,3.0959865282065673,9.039084380638203,24941.0,4.391666666666667
30.7999692,7.467580999345071,43.27936046005802,25957.0,4.338709677419355
30.999969,5.319465544778154,24.64282376165737,25671.0,4.380165289256198
31.199968799999997,5.146272909286925,27.29940800483157,25972.0,4.475
31.399968599999998,8.604116454340257,56.16161152471011,26139.0,4.201612903225806
31.599968399999998,3.6682407522472142,24.61697974359357,24141.0,4.349593495934959
31.7999682,3.113966104546028,10.159807355085603,23779.0,4.32258064516129
31.999968,5.530434782608696,32.66416336960243,22655.0,4.483333333333333
32.199967799999996,11.19550570549519,21.35913498662534,25677.0,4.2204724409448815
32.3999676,4.792333761832418,22.258656050946332,25671.0,4.246031746031746
32.5999674,4.736791198162254,28.730011243041808,24813.0,4.39344262295082
32.7999672,9.246603685196751,34.44758166460044,25616.0,4.421487603305785
32.999967,,287.2666373382691,71637.0,2.683982683982684
33.1999668,14.668987644207796,65.27958684623928,73245.0,2.1602787456445993
33.3999666,7.904264144682263,6.138975925697698,72324.0,2.1602787456445993
33.5999664,4.670453424290688,8.210785651988294,70949.0,2.1602787456445993
33.7999662,4.91944339662182,5.991587164226611,71577.0,2.1602787456445993
33.999966,8.833513735699116,26.110123884123116,72985.0,2.1602787456445993
34.1999658,,357.1682348931937,24609.0,3.392405063291139
34.3999656,6.820560325350203,67.36170709409156,22130.0,3.9416058394160585
34.599965399999995,7.097135089920536,182.65645919545207,19128.0,1.6544117647058822
34.799965199999995,11.259519767159835,167.79135336224567,24738.0,3.884892086330935
34.999964999999996,22.391921898928025,147.04624423630662,26120.0,1.425
35.1999648,15.917459537267844,60.74316274243165,28483.0,1.2076502732240437
35.3999646,5.6346905048076925,37.01340858716836,26624.0,1.3176470588235294
35.5999644,4.7650226227424,14.928262823971474,26743.0,1.2727272727272727
35.7999642,4.875020441537203,27.137637669352557,24460.0,1.3841463414634145
35.999964,4.908460649634099,207.79929613981787,23367.0,3.635135135135135
36.1999638,4.21148754767781,36.08000708232142,22285.0,3.703448275862069
36.3999636,4.266632097485092,31.960267765524563,19285.0,4.037593984962406
36.5999634,5.837762382380312,13.464529051310578,19342.0,4.155038759689923
36.7999632,5.120155445856527,27.362684672918785,19042.0,4.314516129032258
36.999963,4.959208064851382,20.95391973891197,19244.0,4.2204724409448815
37.1999628,4.135535789919525,19.46265650661901,18888.0,4.290322580645161
37.399962599999995,6.667068818177248,22.47747608068329,19893.0,4.099236641221374
37.599962399999995,5.03562904875554,198.11966438507375,17598.0,1.6592592592592592
37.799962199999996,5.405367148333825,23.216394328149107,16955.0,1.6258992805755397
37.999962,9.89004505470929,27.44368495640577,18644.0,1.527027027027027
38.1999618,13.329691852367688,191.61981585623903,22976.0,3.856115107913669
38.3999616,7.690653830726033,31.72509661218147,24930.0,3.7482517482517483
38.5999614,7.736111111111111,34.60676525618197,23688.0,4.022556390977444
38.7999612,31.084046300956217,329.40665049711345,25831.0,1.7074829931972788
38.999961,,538.8802017828338,72658.0,2.9523809523809526
39.1999608,,374.2746743548595,28875.0,3.6486486486486487
39.3999606,14.967626435924213,134.9107956483231,26812.0,1.3727810650887573
39.5999604,,492.54079894977247,74667.0,2.6382978723404253
39.7999602,,483.6396832174008,23861.0,1.5
39.99996,14.507382382382382,41.80516638104689,23976.0,1.2320441988950277
40.199959799999995,8.291890670883216,295.3593511882422,22135.0,3.6986301369863015
40.399959599999995,21.4765641025641,313.03691294057813,19500.0,1.3202614379084967
40.599959399999996,19.855307667525775,140.6168381529009,24832.0,3.684931506849315
40.799959199999996,16.009151593453918,25.8945245690188,27864.0,3.7241379310344827
40.999959,7.4144245668404,16.76512565395098,28396.0,4.059259259259259
41.1999588,,395.84930396071275,73240.0,2.995169082125604
41.3999586,,360.0362017390343,26422.0,4.090909090909091
41.5999584,9.730128510233222,31.491110851422043,27313.0,3.7482517482517483
41.7999582,4.816004540295119,33.709178781379784,26430.0,3.7412587412587412
41.999958,4.569172348321395,57.3305005208337,23174.0,3.6544117647058822
42.1999578,6.154609736197988,46.911983606453994,22062.0,4.083969465648855
42.3999576,4.531791907514451,17.212449428206806,20414.0,4.357723577235772
42.5999574,3.5659222082810538,13.667482642494514,19925.0,4.475
42.799957199999994,3.6230812382069457,17.906934992176048,19609.0,4.466666666666667
42.999956999999995,2.652840442986054,5.6528096925428954,19504.0,4.475
43.199956799999995,5.521268524606747,20.929064502758866,19771.0,4.409836065573771
43.399956599999996,4.792446275249392,14.233286902368446,20149.0,4.228346456692913
43.599956399999996,,335.19463016927017,65660.0,2.995169082125604
43.7999562,9.825991700763181,41.19079759428648,68922.0,2.48
43.999956,14.389739283649478,69.61750855051405,72646.0,2.1602787456445993
44.1999558,5.897731064397731,7.1137740892473245,71928.0,2.1602787456445993
44.3999556,4.6002646694447575,12.939162064432084,71032.0,2.1602787456445993
44.5999554,5.29630143063103,12.184228534426994,72136.0,2.1602787456445993
44.7999552,6.104516590153119,18.861942847337335,72754.0,2.1602787456445993
44.999955,6.512199818446896,18.646813872804685,72706.0,2.1602787456445993
45.1999548,,642.2325884333821,30467.0,1.1126760563380282
45.3999546,35.49963264654209,213.05020728095204,31305.0,1.4502923976608186
45.599954399999994,,561.2800445234341,75701.0,2.780269058295964
45.799954199999995,,581.9030546264073,30631.0,1.870748299319728
45.999953999999995,17.38873274237885,227.6819145322304,32377.0,4.287769784172662
46.199953799999996,5.207282018524433,48.843699115254445,28179.0,4.809523809523809
46.399953599999996,,153.47170300031982,18862.0,2.6862745098039214
46.5999534,,156.3157140979388,28042.0,4.738095238095238
46.7999532,,221.15233205935212,22722.0,2.6481481481481484
46.999953,,142.93643761588456,34366.0,3.216374269005848
47.1999528,19.045745171709182,116.86522004395565,30342.0,2.752577319587629
47.3999526,12.461652166568122,171.6485377026813,23678.0,3.8028169014084505
47.5999524,18.173665956291003,53.76297518153992,23931.0,3.3860759493670884
47.7999522,38.82483552631579,175.80967072151032,30400.0,2.511737089201878
47.999952,,405.770556279792,75243.0,2.1602787456445993
48.1999518,,512.1326237548628,24526.0,0.8159203980099502
48.399951599999994,,116.41133056846469,28835.0,2.4976525821596245
48.599951399999995,19.30823975960778,8.271842436798227,31615.0,2.516431924882629
48.799951199999995,,513.0104711608908,70737.0,2.8703703703703702
48.999950999999996,8.012659780327601,34.58421580867544,73382.0,2.857142857142857
49.199950799999996,,332.2132375119137,25465.0,4.2362204724409445
49.3999506,7.501704311345844,8.951080106608629,26697.0,4.370967741935484
49.5999504,17.256437413119745,46.651450964735645,30214.0,3.6923076923076925
49.7999502,5.9363186870989235,33.03630772678082,28517.0,3.7872340425531914
49.99995,,340.126242837579,70778.0,2.780269058295964
50.1999498,,309.142611566131,21524.0,3.8489208633093526
50.3999496,10.886933143958608,97.86790591374286,19714.0,4.06015037593985
50.5999494,26.53171711509716,111.56440523692406,21408.0,3.7291666666666665
50.7999492,10.096598829105101,57.11604958612073,21522.0,3.870503597122302
50.999949,16.57678448867536,90.76674684889265,23312.0,3.9851851851851854
51.199948799999994,10.020819591029024,19.360911264929296,24256.0,4.1875
51.399948599999995,16.215416897616596,125.99994901397874,25258.0,4.413223140495868
51.599948399999995,26.63007729253475,185.3590144378028,31439.0,3.872340425531915
51.799948199999996,14.374288012872084,55.46001653795747,31075.0,3.3354037267080745
51.999947999999996,29.936976583795854,125.68500761840141,30449.0,2.5023474178403755
52.1999478,14.751963621331129,103.1849038197087,26609.0,1.0657276995305165
52.3999476,,53.82214639347462,23111.0,0.681592039800995
52.5999474,,40.34527867127522,24351.0,1.0093896713615023
52.7999472,,128.89028093262672,23009.0,0.64
52.999947,,100.14290359476452,23041.0,0.7512437810945274
53.1999468,,605.2641579955771,66777.0,2.857142857142857
53.3999466,,29.064579180477168,71322.0,2.683982683982684
53.5999464,,372.8420462490248,26915.0,3.9197080291970803
53.7999462,8.341077896893637,42.63770463097954,27331.0,3.9925925925925925
53.999945999999994,20.904969829285303,31.734697162010733,32979.0,3.7248322147651005
54.199945799999995,9.802022401991287,89.06895549381045,32140.0,3.895424836601307
54.399945599999995,18.920973657885963,204.39908713269207,29990.0,1.2941176470588236
54.599945399999996,8.03114003054246,25.428570019103656,30122.0,1.3841463414634145
54.799945199999996,6.110176453192258,17.81857338803465,30433.0,1.4329268292682926
54.999945,,507.3105537872332,75942.0,2.5306122448979593
55.1999448,,560.3266442782141,24196.0,1.353658536585366
55.3999446,,631.0246917487375,67747.0,2.7555555555555555
55.5999444,5.111698476905329,17.706228629361167,68479.0,2.5726141078838176
55.7999442,14.057938309890353,66.57174945234088,72232.0,2.1602787456445993
55.999944,7.090545635626379,20.979756665845397,70285.0,2.1602787456445993
56.1999438,2.8823915900131407,4.751276957910717,70012.0,2.1602787456445993
56.3999436,8.658950254060116,28.10107072125923,72227.0,2.1602787456445993
56.599943399999994,11.943824882327771,39.12386536407419,74784.0,2.48
56.799943199999994,11.65377026250718,86.03319079027897,80074.0,2.1602787456445993
56.999942999999995,8.735491057301621,48.079215389253264,79003.0,2.540983606557377
57.199942799999995,3.1759126333059884,13.820271337344764,78016.0,2.551440329218107
57.399942599999996,4.879508547285475,7.977796713816651,77159.0,2.440944881889764
57.599942399999996,3.5053651150040466,14.387530732844386,76606.0,2.551440329218107
57.7999422,11.09637898175878,53.53028514210667,77133.0,2.1602787456445993
57.999942,7.2962987959613415,37.62456941363317,74084.0,2.1602787456445993
58.1999418,4.243968232233329,6.826169225901181,73030.0,2.1602787456445993
58.3999416,5.582371729527693,5.685045626273301,73575.0,2.1602787456445993
58.5999414,,653.3607056894368,26767.0,1.0140845070422535
58.7999412,,606.6566039730246,79629.0,2.1602787456445993
58.999941,,541.484121473654,30344.0,1.4488636363636365
59.1999408,5.335257703276066,35.692035830555824,28754.0,1.3815028901734103
59.399940599999994,11.258291603164235,255.78205467425647,27558.0,3.4615384615384617
59.599940399999994,5.436411224577362,46.150962050530346,23306.0,3.8840579710144927
59.799940199999995,15.261255325690692,142.96648852612086,22767.0,1.5034013605442176
59.999939999999995,7.1126898579127875,41.061586935648535,22451.0,1.5231788079470199
60.199939799999996,5.809736290214627,18.809870918179207,22411.0,1.5655172413793104
60.399939599999996,3.1605418516315043,9.015996731616708,21851.0,1.5416666666666667
60.5999394,11.903733556383544,173.31446064180403,26302.0,3.358490566037736
60.7999392,8.352623515894294,44.25672977872351,26110.0,3.3354037267080745
60.999939,4.8954597148106025,144.45094290762648,22862.0,1.4409937888198758
61.1999388,5.328348941894759,48.05856340546317,19327.0,1.5448275862068965
61.3999386,10.259560975609755,35.5557720278634,20500.0,1.5337837837837838
61.5999384,23.073050482605375,129.7262379263674,28802.0,3.5197368421052633
61.7999382,6.607204661840014,17.824817303291823,28315.0,3.76056338028169
61.999938,5.121098760153912,9.172554363449802,28068.0,3.884892086330935
62.199937799999994,,111.8228223978748,20157.0,2.1810344827586206
62.399937599999994,,198.74570098273085,27480.0,4.068181818181818
62.599937399999995,6.477479694806793,37.176563377373554,28441.0,4.037593984962406
62.799937199999995,4.181163704656905,7.948090938823809,28753.0,4.022556390977444
62.999936999999996,3.4388341978052996,11.436395503335762,28341.0,4.068181818181818
63.199936799999996,3.1199303309280917,3.020022966342218,28133.0,4.068181818181818
63.3999366,12.443256632553288,12.194056944367567,30682.0,3.9136690647482015
63.5999364,18.241410516461226,72.39258223631245,32045.0,3.6597222222222223
63.7999362,,254.87773843998366,82678.0,2.2962962962962963
63.999936,,529.9607481528342,29033.0,1.0657276995305165
64.19993579999999,,567.7353158567844,73416.0,2.1602787456445993
64.39993559999999,7.647087636801299,44.082550215348036,71454.0,2.1602787456445993
64.59993539999999,3.3873657629658407,5.634346131030691,72074.0,2.1602787456445993
64.7999352,8.445582498173447,31.62201006100114,72541.0,2.1602787456445993
64.999935,19.38524729107718,77.67526138238847,76691.0,2.1602787456445993
65.1999348,13.61663623604228,20.79932578719788,80511.0,2.2962962962962963
65.3999346,,318.3737797078043,28216.0,3.5496688741721854
65.5999344,4.8828115724066965,65.70153075132782,25267.0,3.8905109489051095
65.7999342,3.1348351289585374,15.547055758858981,24504.0,3.992481203007519
65.999934,2.828995057660626,21.677219611209804,24280.0,4.0534351145038165
66.1999338,6.020376671678405,26.53761566853947,25274.0,3.8970588235294117
66.3999336,3.10690821443844,10.834535045100594,25723.0,3.8550724637681157
66.5999334,5.604691272852707,190.29535834489272,23192.0,1.5845070422535212
66.7999332,5.194693980354295,18.321181540172596,23822.0,1.6013986013986015
66.999933,3.50374482989902,150.0365909948248,26837.0,3.682758620689655
67.1999328,5.555100574712644,15.144573814722117,27840.0,3.7552447552447554
67.3999326,5.2878782465792575,25.354003350961847,27991.0,3.856115107913669
67.5999324,12.16672784670729,104.65493306164228,27242.0,4.153846153846154
67.7999322,4.10621162874684,10.198348281940733,27690.0,4.114503816793893
67.999932,3.517757886378402,11.350474942389589,27706.0,4.162790697674419
68.1999318,3.2289510439422697,10.896225133949635,27923.0,4.083969465648855
68.3999316,4.7262131047591724,14.548142359724807,27883.0,4.053030303030303
68.5999314,15.918936095840351,42.58095070655441,31469.0,3.9416058394160585
68.7999312,8.464311702057287,56.89794822389444,30234.0,3.717241379310345
68.99993099999999,8.575753958780934,26.55853248833036,25134.0,3.870503597122302
69.19993079999999,17.09149948845692,147.36835012980745,22481.0,3.3055555555555554
69.39993059999999,12.75940679593012,33.69877045970911,20836.0,3.884892086330935
69.59993039999999,22.41161433258063,121.67271137667521,23471.0,3.8297872340425534
69.79993019999999,22.997710454229527,242.96102998082912,24459.0,1.7625899280575539
69.99992999999999,12.34593654932638,77.52749023588467,25311.0,2.109375
70.19992979999999,8.17519803771764,245.9485137642061,24869.0,4.746031746031746
70.3999296,,378.310465739151,69759.0,3.1313131313131315
70.5999294,4.076893992438034,16.787938061215627,71410.0,3.0541871921182264
70.7999292,,547.8097702357799,23454.0,2.248062015503876
70.999929,,544.6804067900996,71728.0,3.1
71.1999288,3.4549944885515353,11.899911909923844,71669.0,3.1
71.3999286,2.7100663732469115,7.454720845784764,70661.0,3.1155778894472363
71.5999284,,13.385136798081277,70208.0,3.1
71.7999282,,409.23658430592536,28531.0,4.305343511450381
71.999928,25.2852031689241,103.40265512672941,31304.0,3.2962962962962963
72.1999278,5.389875636143035,38.26515776970983,29671.0,3.4516129032258065
72.3999276,6.662633171116664,23.345261942971124,30412.0,3.3167701863354035
72.5999274,8.840014374857068,31.57104402471677,30609.0,3.4050632911392404
72.7999272,8.486801371459006,38.56883413814667,30041.0,3.6598639455782314
72.999927,,365.2522372216533,76490.0,2.6495726495726495
73.1999268,,323.4409266772082,27656.0,3.682758620689655
73.3999266,7.990819556806191,32.89986579501978,28430.0,3.496732026143791
73.5999264,6.767442682022114,20.652592443877598,28307.0,3.668965517241379
73.7999262,7.239162395200063,73.41339517708955,25167.0,4.1875
73.999926,,312.3069067538529,71122.0,2.857142857142857
74.1999258,5.232055519825304,29.26516533339169,66859.0,2.9665071770334928
74.3999256,3.6937790157845867,12.522118089149728,64620.0,3.0392156862745097
74.59992539999999,5.134501499535677,8.696144266803058,65687.0,3.0097087378640777
74.79992519999999,5.317810789679437,12.64382887148822,63950.0,3.0541871921182264
74.99992499999999,4.613371634205625,12.070144700106303,63358.0,3.1155778894472363
75.19992479999999,,393.85441016579466,19129.0,4.091603053435114
75.39992459999999,,378.4197609813272,66264.0,2.938388625592417
75.59992439999999,,530.6999456136319,24221.0,1.5855263157894737
75.79992419999999,14.211097804391217,77.51892342158963,25050.0,1.3496932515337423
75.999924,9.551691551691551,37.27819348639009,26455.0,1.235632183908046
76.1999238,11.43834825295986,71.53629430515204,24241.0,1.375796178343949
76.3999236,5.441141778721397,168.17848056864457,25434.0,3.5838926174496644
76.5999234,5.202958624885914,18.306463976716152,26296.0,3.546666666666667
76.7999232,4.533213117503984,34.89468217070434,23846.0,3.9197080291970803
76.999923,3.2979739321202737,17.79502329532335,23247.0,3.9851851851851854
77.1999228,4.1483259633607075,15.24031195843126,23745.0,3.9124087591240877
77.3999226,12.092549256435419,41.78142186668044,26494.0,3.503267973856209
77.5999224,10.987677615618622,159.64183459966966,25969.0,1.3734939759036144
77.7999222,6.368549019607843,23.144895156171515,25500.0,1.5222929936305734
77.999922,4.0363144033532405,121.29068048475169,26959.0,3.392405063291139
78.1999218,2.8454723605781007,133.18750269142453,24494.0,1.391304347826087
78.3999216,3.036765259275984,144.6948155143087,26574.0,3.3797468354430378
78.5999214,6.298339028848447,145.35093680993822,25166.0,1.3558282208588956
78.7999212,3.5677588996763756,11.909557286368768,24720.0,1.40625
78.999921,3.1082245752277764,7.136856721185952,24366.0,1.4088050314465408
79.1999208,5.0387706855791965,16.556274808396886,25380.0,1.3575757575757577
79.3999206,4.186743075453677,6.478487030059475,26175.0,1.341317365269461
79.5999204,4.385712158439431,13.076300788483893,26862.0,1.3176470588235294
79.7999202,6.282221822757505,23.43894224164064,27815.0,1.2613636363636365
79.99992,4.679398895344667,27.366496682731306,27882.0,1.229050279329609
80.19991979999999,7.881975841824684,15.56756977014016,29638.0,1.2793296089385475
80.39991959999999,11.432158291367548,53.63241591368827,27999.0,1.5029940119760479
80.59991939999999,10.257486157670723,23.046460916926467,26549.0,1.312849162011173
80.79991919999999,13.813791519975508,47.9005192792962,26132.0,1.4417177914110428
80.99991899999999,13.067687802680481,38.940549832655066,26637.0,1.6754966887417218
81.19991879999999,14.928029957073706,102.20511536847475,32847.0,3.1666666666666665
81.39991859999999,11.219982640563217,152.28160291004625,31107.0,1.35
81.59991839999999,7.017779993353273,49.253851364586275,30090.0,1.2222222222222223
81.7999182,4.860440994412286,1.9122499138673499,29887.0,1.2905027932960893
81.999918,5.08071457849433,10.601573425510697,29276.0,1.2429378531073447
82.1999178,3.8257013699575553,4.48923271565961,28979.0,1.2784090909090908
82.3999176,7.689258442219582,37.76368911319794,29465.0,1.1630434782608696
82.5999174,7.923722322796268,35.46237452505486,28724.0,1.2685714285714285
82.7999172,4.104547719023557,24.392679916267177,28102.0,1.2386363636363635
82.999917,4.121619251411934,8.633129896792896,28507.0,1.2203389830508475
83.1999168,7.185825655563431,34.835389482106294,28220.0,1.3550295857988166
83.3999166,5.874213611667143,32.73280157508589,27976.0,1.2386363636363635
83.5999164,8.307995433285457,40.60849972393609,27153.0,1.3592814371257484
83.7999162,5.1799637855216,15.053504203210096,27061.0,1.2857142857142858
83.999916,2.706623429870662,7.312686499050356,26829.0,1.2976190476190477
84.1999158,10.947353513896266,48.446095194604816,28245.0,1.2044198895027625
84.3999156,7.803962992642238,32.47871134138285,27454.0,1.2457142857142858
84.5999154,5.541450875137036,16.60871592370338,26453.0,1.2427745664739884
84.7999152,5.15416285452882,19.80417140586426,26232.0,1.3353293413173652
84.999915,5.16469298245614,23.464277876422294,22800.0,1.4493670886075949
85.1999148,13.129363202821304,43.80026387278053,24953.0,1.2890173410404624
85.3999146,4.714044139964445,22.149978878899635,23063.0,1.3680981595092025
85.59991439999999,4.772629260907465,21.270376166666715,21797.0,1.4166666666666667
85.79991419999999,5.770905401042388,19.70227084414592,21681.0,1.4294871794871795
85.99991399999999,3.7813226839864833,182.71283507356853,22787.0,3.6040268456375837
86.19991379999999,15.180875576036867,215.62965241081037,22568.0,1.260115606936416
86.39991359999999,3.3192220190034347,4.431854156081157,22417.0,1.262857142857143
86.59991339999999,5.118511015446948,196.23815298234268,23694.0,3.35
86.79991319999999,15.294873348685007,174.02130986115455,24753.0,1.347305389221557
86.99991299999999,5.65391156462585,15.186604094049354,25872.0,1.280701754385965
87.19991279999999,8.794424573177476,155.24108902665026,27119.0,3.4358974358974357
87.3999126,3.6827773995915587,148.05901032371483,23504.0,1.480263157894737
87.5999124,4.750499161408833,146.8929336181898,25042.0,3.769230769230769
87.7999122,7.194301619824487,35.298281229232536,25867.0,3.8142857142857145
87.999912,9.244508321799922,19.577491555994357,28179.0,3.7746478873239435
88.1999118,4.22533058167087,31.589395450900373,26166.0,3.856115107913669
88.3999116,4.588340442819419,31.76094589059557,24615.0,4.0606060606060606
88.5999114,,217.45163167063063,19152.0,1.9406779661016949
88.7999112,,518.0852335407205,76391.0,2.8054298642533935
88.999911,,305.5374488662885,24338.0,3.856115107913669
89.1999108,16.18730410632811,61.200859891746205,25205.0,3.503267973856209
89.3999106,,387.7991449611183,68916.0,2.6956521739130435
89.5999104,6.186554850819697,35.87044128280122,66061.0,2.938388625592417
89.7999102,7.655510878040577,11.434248841411577,65407.0,2.9523809523809526
89.99991,,602.9369047429302,22926.0,1.9407407407407407
90.1999098,11.616246037300836,56.81466357443893,24289.0,1.683453237410072
90.3999096,6.531021210726687,240.7878959304893,23903.0,4.1875
90.5999094,7.404914918556242,33.720197056400664,24741.0,3.9705882352941178
90.7999092,11.380019015578148,48.500463012139896,27346.0,3.8489208633093526
90.999909,6.570732455972068,37.42134140140583,26063.0,4.122137404580153
91.19990879999999,3.722090168725402,7.506607500036582,25663.0,4.06015037593985
91.39990859999999,3.9758692599055196,7.595067605224351,23497.0,4.122137404580153
91.59990839999999,3.2105942577342534,14.585425525468365,22465.0,4.1461538461538465
91.79990819999999,3.8367087457996547,23.054782028045775,22022.0,4.203125
91.99990799999999,2.9208549454480415,7.679949480063746,22364.0,4.186046511627907
92.19990779999999,2.837667670407884,13.84317351197253,21918.0,4.251968503937008
92.39990759999999,2.925737217061953,13.47268213117068,22178.0,4.1953125
92.59990739999999,,380.3653186962345,67308.0,3.084577114427861
92.79990719999999,2.418974112559313,10.13931320647034,66596.0,3.1
92.999907,,364.97598132021113,21275.0,4.1875
93.1999068,3.3716333317719798,8.125333979661423,21349.0,4.285714285714286
93.3999066,,364.01778558127484,67419.0,3.1155778894472363
93.5999064,3.1251360654290843,8.302489923982646,67982.0,3.1313131313131315
93.7999062,2.584915962046424,2.475525901776587,67767.0,3.1313131313131315
93.999906,,371.6480087169661,22151.0,4.390243902439025
94.1999058,8.603017867829358,26.69097123312602,23394.0,4.022556390977444
94.3999056,3.9886436486857773,40.90770982838741,21838.0,4.123076923076923
94.5999054,3.350658182348084,17.822808356417855,20587.0,4.285714285714286
94.7999052,,385.13559059454155,63951.0,3.195876288659794
94.999905,3.1640890112124103,6.287837476205981,63947.0,3.163265306122449
95.1999048,,348.630164316921,18655.0,4.446280991735537
95.3999046,4.6290762294222505,5.28029857581227,19074.0,4.357723577235772
95.5999044,11.209897794513179,52.01520729814096,18590.0,4.261904761904762
95.7999042,11.357789678675754,17.89769771946933,20540.0,4.091603053435114
95.999904,30.077510872657808,319.2021439642727,24603.0,1.4458598726114649
96.1999038,36.36861916397015,155.15704733251863,30286.0,1.051643192488263
96.3999036,9.334475845566837,35.454470180514285,30926.0,1.1220657276995305
96.59990339999999,,593.6868784633556,73976.0,2.1602787456445993
96.79990319999999,5.091885806415744,15.748585049782024,71948.0,2.1602787456445993
96.99990299999999,4.9955782171924445,6.694269841309221,72369.0,2.1602787456445993
97.19990279999999,8.00781496792979,15.466335914193406,72809.0,2.1602787456445993
97.39990259999999,,440.06864292158167,36427.0,2.9562841530054644
97.59990239999999,12.960446540275239,102.22376489725629,31173.0,3.4551282051282053
97.79990219999999,5.441098071797002,39.55693918028823,28887.0,3.7379310344827585
97.99990199999999,3.4727655099894847,9.118077859465926,28530.0,3.8309859154929575
98.19990179999999,3.908388482727556,9.412837259505881,28861.0,3.731034482758621
98.39990159999999,,12.712963033349629,32504.0,3.509677419354839
98.5999014,,14.092181160287426,28739.0,3.6986301369863015
98.7999012,5.747074243984645,127.11404028191956,21362.0,1.618705035971223
98.999901,5.2464931709117755,256.0062193952273,21672.0,3.842857142857143
99.1999008,,374.128881524906,65752.0,2.897196261682243
99.3999006,,535.5291235757887,18651.0,1.5944055944055944
99.5999004,3.7116951627337382,183.8807126642929,21231.0,3.7816901408450705
99.7999002,,204.95522602859054,13894.0,1.4464285714285714
99.9999,,223.6899944739519,20631.0,4.099236641221374
100.1998998,4.479393173198483,26.046540627681182,19775.0,4.26984126984127
100.3998996,7.656047971516911,23.109417489959753,21346.0,4.075757575757576
100.5998994,15.216055451774654,149.14123864857035,20342.0,1.6595744680851063
100.7998992,28.684142851217388,115.25816147458016,24109.0,1.101010101010101
100.999899,,483.13749208601854,72836.0,2.1602787456445993
101.1998988,5.785311129117885,19.36923836213493,71578.0,2.1602787456445993
101.3998986,4.104736724301942,6.264924929335622,71484.0,2.1602787456445993
101.5998984,,565.3527830104209,24896.0,0.9953051643192489
101.7998982,17.60297963388541,57.970951084110794,25238.0,1.0469483568075117
101.999898,5.557760358342665,73.2580697094871,22325.0,1.1720430107526882
102.19989779999999,7.261791452669274,237.97951323518868,21223.0,3.6598639455782314
102.39989759999999,8.08950354609929,33.023541723845696,21150.0,3.703448275862069
102.59989739999999,5.858293224731581,14.347720382978315,21608.0,3.689655172413793
102.79989719999999,8.148702396340857,184.20656554975616,20114.0,1.4966887417218544
102.99989699999999,7.483891120035699,210.0344876999604,22410.0,3.639455782312925
103.19989679999999,10.593278226006039,213.96715521532394,20203.0,1.4709677419354839
103.39989659999999,15.637672833122679,134.6261771480973,26109.0,3.35
103.59989639999999,13.421767427862006,149.5974294357516,26581.0,1.409356725146199
103.79989619999999,18.125882681954835,86.7108949152758,28606.0,1.2032085561497325
103.99989599999999,13.24032390397032,64.05956227343765,28033.0,1.313953488372093
104.1998958,15.459653641508794,77.99094084865811,29507.0,1.1481481481481481
104.3998956,14.035531327991594,50.55710177357845,30452.0,1.262857142857143
104.5998954,7.426999794365618,84.90161908271443,29178.0,2.575
104.7998952,14.073523324311415,63.92594524544894,31405.0,1.2541436464088398
104.999895,10.70799540101302,20.150966844299624,32181.0,1.5789473684210527
105.1998948,17.956765154179855,88.91607519883773,34116.0,1.632183908045977
105.3998946,22.622556572706124,96.21806382468199,33099.0,1.2629107981220657
105.5998944,11.88428696540651,45.45034385256471,27404.0,1.1314553990610328
105.7998942,8.05626059278244,52.59360178084568,24191.0,0.8215962441314554
105.999894,3.661419959812458,9.471447048619266,23888.0,0.8215962441314554
106.1998938,16.040607071652357,62.35574416277795,24577.0,0.8356807511737089
106.3998936,11.16139253361498,45.32269281538953,24617.0,0.8356807511737089
106.5998934,15.284509883017346,70.4679526963299,24790.0,0.8685446009389671
106.7998932,4.372715647044264,11.81579172456816,24241.0,0.8544600938967136
106.999893,4.179961895294897,11.358093844043006,24144.0,0.8403755868544601
107.1998928,35.39484715593964,131.6122200932107,31012.0,1.0328638497652582
107.3998926,38.38131652049065,324.2295021514209,32039.0,3.621794871794872
107.5998924,3.692103081387315,118.95031781755091,28948.0,1.5870967741935484
107.79989219999999,3.318016179578748,20.042485170710467,27442.0,1.64
107.99989199999999,14.723373027786117,77.50151789245022,29979.0,1.5
108.19989179999999,,55.24708218687064,24132.0,1.6071428571428572
108.39989159999999,,45.94194573381088,28155.0,1.4850299401197604
108.59989139999999,6.18118948824343,57.67638600701012,23136.0,1.5605095541401275
108.79989119999999,14.677865704104772,86.34413153890974,21609.0,1.3850931677018634
108.99989099999999,17.640192634113607,48.08700673664209,25333.0,1.1888888888888889
109.19989079999999,5.342678865044901,19.025125547684574,23719.0,1.2456140350877194
109.39989059999999,,65.82565598754023,21547.0,1.888
109.59989039999999,,153.21051043128693,32751.0,3.993150684931507
109.7998902,8.456917095196287,23.89159136065418,31892.0,4.302158273381295
109.99989,6.615234899328859,69.13540846696328,29800.0,4.205882352941177
110.1998898,8.388585591318618,36.238223110944425,29857.0,4.1231884057971016
110.3998896,,410.72221590599196,72049.0,2.980769230769231
110.5998894,6.443121102582197,12.40681333837006,69437.0,2.9107981220657275
110.7998892,6.151269608740768,35.199821791831106,65532.0,2.938388625592417
110.999889,,440.1150273833725,23277.0,3.7569444444444446
111.1998888,16.984514811031666,43.136103676921834,24475.0,4.165413533834586
111.3998886,15.326365795724465,27.099739196597465,25260.0,4.166666666666667
111.5998884,7.708899926716065,29.941465304648062,24562.0,4.224806201550388
111.7998882,4.2787170035168005,10.924126507148912,23601.0,4.411290322580645
111.999888,4.870661000546977,7.321727185197674,23767.0,4.31496062992126
112.1998878,7.310265131693703,25.20309369753434,22932.0,4.388888888888889
112.3998876,8.910520897673461,19.110431121821772,24285.0,4.229007633587786
112.5998874,5.213983578004479,19.464976628020782,24114.0,4.354330708661418
112.7998872,14.712739700018986,47.18468344243127,26335.0,4.2578125
112.999887,33.89119539451406,143.43109957481713,29530.0,1.6862745098039216
113.19988679999999,28.15483141258827,116.99176235432444,32713.0,1.293193717277487
113.39988659999999,16.780630937327757,68.21362280854936,30843.0,1.0234741784037558
113.59988639999999,,577.2758475283259,74874.0,2.1602787456445993
113.79988619999999,5.308666819735012,7.408216934282752,74041.0,2.1602787456445993
113.99988599999999,6.447893271648937,19.0545933206077,74357.0,2.1602787456445993
114.19988579999999,3.5259796846491107,9.260688676256983,73442.0,2.1602787456445993
114.39988559999999,2.6615008488964347,3.129111918382813,73625.0,2.1602787456445993
114.59988539999999,7.606073973078825,19.17826378999913,74811.0,2.1602787456445993
114.79988519999999,,461.59711369752335,36536.0,1.5879120879120878
114.99988499999999,8.712647294359913,39.634551254317174,34964.0,1.6264367816091954
115.19988479999999,11.693154970946939,94.14226145709206,31322.0,3.4367088607594938
115.3998846,3.9405766875227597,28.046918298326688,30207.0,3.62
115.5998844,3.786744875943905,12.15033711573495,29664.0,3.589403973509934
115.7998842,4.905649267430986,21.342211480867345,28871.0,3.6577181208053693
115.999884,4.085243996901626,172.7482393933502,25820.0,1.6066666666666667
116.1998838,3.340363190351266,150.94455953786675,29351.0,3.6315789473684212
116.3998836,5.280713091074958,186.07042158587217,26308.0,1.638157894736842
116.5998834,4.2102127334530035,17.00094548764118,26183.0,1.605263157894737
116.7998832,5.59481308069354,12.761771452732097,27338.0,1.5769230769230769
116.999883,6.2287708414114,190.87252098393543,28369.0,3.8958333333333335
117.1998828,4.155004984676735,23.367436350879185,27083.0,4.014388489208633
117.3998826,3.297941700466245,9.018617334863782,26381.0,4.110294117647059
117.5998824,,441.5452075392482,71092.0,2.980769230769231
117.7998822,3.148711169861203,1.8761240730946784,71111.0,2.995169082125604
117.999882,,443.1617118399355,27589.0,4.101449275362318
118.1998818,,435.006872226038,71609.0,2.9523809523809526
118.3998816,,427.8838594653369,28754.0,4.115942028985507
118.5998814,25.524096965805104,193.60977152882256,31145.0,4.2015503875969
118.79988119999999,17.06877810488176,137.24210356437231,30911.0,1.9383561643835616
118.99988099999999,15.060931899641577,206.0225659767018,26505.0,1.5933333333333333
119.19988079999999,,614.5410462444638,69826.0,2.980769230769231
119.39988059999999,3.751093289165904,12.35547395167316,68829.0,2.9107981220657275
119.59988039999999,5.708878604922002,53.16804100129241,65258.0,2.995169082125604
119.79988019999999,5.12977501939488,12.530343646735725,64450.0,3.024390243902439
119.99987999999999,4.704495799612272,7.617198639238008,64994.0,3.0097087378640777
120.19987979999999,,364.66411240493164,19855.0,4.122137404580153
120.39987959999999,,347.3014650860703,66004.0,2.9523809523809526
120.59987939999999,4.870270104921844,14.30383354347406,65382.0,3.0541871921182264
120.79987919999999,,365.6388627800212,20253.0,4.153846153846154
120.99987899999999,,364.13152754284334,65579.0,3.0541871921182264
121.1998788,2.6749245262982235,3.849088857517168,65917.0,3.024390243902439
121.3998786,2.337038452717682,6.303472846613668,65405.0,3.0693069306930694
121.5998784,,363.8381117710626,20432.0,4.007462686567164
121.7998782,12.863990332975295,12.407575744320429,22344.0,3.9851851851851854
121.999878,,271.9316879486927,73884.0,2.743362831858407
122.1998778,,646.0177167517801,31274.0,1.4325842696629214
122.3998776,26.83810284941444,106.49492753068301,32533.0,1.1408450704225352
122.5998774,13.072898766563561,80.14424693002894,26187.0,1.1502347417840375
122.7998772,,684.5655691609061,70979.0,2.1602787456445993
122.999877,2.8071519434628973,2.11868655471179,70750.0,2.1602787456445993
123.1998768,21.212071125114605,53.36331600875745,77441.0,2.1602787456445993
123.3998766,,460.27232723731,26509.0,1.1065989847715736
123.5998764,16.868060668531882,134.38030091104002,20373.0,1.4709677419354839
123.7998762,13.733753207371121,252.6445322629285,21435.0,3.9705882352941178
123.999876,7.141480487103269,11.13205070446525,20858.0,4.090909090909091
124.19987579999999,4.561221963657969,15.367527145715554,20197.0,4.161538461538462
124.39987559999999,,287.77369379458656,12780.0,1.3454545454545455
124.59987539999999,,265.09068033025494,22455.0,3.673469387755102
124.79987519999999,32.56875398641804,262.4428454067003,26653.0,1.6357615894039734
124.99987499999999,12.754181818181818,113.25327313735032,27500.0,3.9705882352941178
125.19987479999999,9.547538084874864,12.688855478120457,29408.0,4.0
125.39987459999999,9.40350816376053,52.780413999430735,28847.0,4.036231884057971
125.59987439999999,8.347713546160483,50.29461336213879,28975.0,4.091603053435114
125.79987419999999,18.46014492753623,78.70341844518214,31188.0,3.8214285714285716
125.99987399999999,6.456566011235955,95.55303172795762,28480.0,2.107142857142857
126.19987379999999,8.733260840912086,122.59833221902363,30348.0,3.9124087591240877
126.39987359999999,7.07339972631899,47.03833599412502,26308.0,4.1953125
126.59987339999999,5.061700468018721,19.303687960072494,25640.0,4.246031746031746
126.7998732,3.5060906791204514,1.1969557715120023,25695.0,4.228346456692913
126.999873,4.291958903590249,8.565242298074713,26377.0,4.246031746031746
127.1998728,6.402416562292787,30.495150988476322,27146.0,3.9318181818181817
127.3998726,18.955253345031807,55.16351598095247,31913.0,3.856115107913669
127.5998724,23.30624395108074,90.19457092493361,34097.0,3.0514285714285716
127.7998722,,335.89346221803635,77959.0,2.1602787456445993
127.999872,7.8656436254024795,41.98412341079264,72985.0,2.1602787456445993
128.19987179999998,7.554348590806118,40.46587196476157,71069.0,2.1602787456445993
128.39987159999998,3.3525652781108493,5.405073257676089,70889.0,2.1602787456445993
128.59987139999998,8.281905003380663,27.103548008667467,70992.0,2.1602787456445993
128.79987119999998,3.4642407957923624,7.677626165278787,69968.0,2.1602787456445993
128.99987099999998,6.51128424440022,16.953665174587446,70851.0,2.1602787456445993
129.19987079999999,16.298702355286174,71.62399796140109,73749.0,2.1602787456445993
129.39987059999999,5.179109683607773,68.77280411749203,68807.0,2.5101214574898787
129.5998704,,517.9465630473309,19078.0,1.4473684210526316
129.7998702,,544.5613897915947,67258.0,2.6724137931034484
129.99987,3.9446013276756804,16.539729370140968,67637.0,2.6160337552742616
130.1998698,,416.8328305405086,23114.0,3.4838709677419355
130.3998696,,444.8042884547469,66130.0,2.8703703703703702
130.5998694,6.15176043288118,8.563345306005834,67455.0,2.9107981220657275
130.7998692,,442.35517192192253,24446.0,3.7241379310344827
130.999869,,389.9265273385714,71411.0,2.767857142857143
131.1998688,,495.7764842507065,22434.0,1.9618320610687023
131.3998686,5.925211564070621,5.165235986124669,23279.0,1.9389312977099236
131.5998684,,503.5296711392572,73256.0,2.980769230769231
131.7998682,9.923897029278615,56.08931593087477,74662.0,2.8181818181818183
131.999868,6.755226155018356,25.57117882897942,72185.0,2.857142857142857
132.1998678,5.409527479271025,42.07100452424206,70071.0,2.8310502283105023
132.3998676,6.9581629621245344,20.451700452520086,70679.0,2.6271186440677967
132.5998674,6.389019607843137,66.79461793581582,65025.0,2.8181818181818183
132.7998672,,379.0392411219079,22084.0,3.75
132.999867,18.65973394835468,73.22673257488441,24281.0,3.7816901408450705
133.1998668,9.453358561967834,246.51612560720739,21140.0,1.6402877697841727
133.3998666,8.912350929864065,159.29123892524083,23982.0,3.9416058394160585
133.5998664,,403.2272280894998,71998.0,2.8440366972477062
133.7998662,,341.00760069347217,30716.0,3.801418439716312
133.999866,17.71593786354616,152.06749879026106,29226.0,1.8027210884353742
134.1998658,,461.32822990219444,76082.0,2.7555555555555555
134.3998656,,363.616325406689,24929.0,4.24031007751938
134.5998654,5.507185828877005,50.96215150285885,23936.0,4.285714285714286
134.7998652,,376.8237884061057,68615.0,3.0693069306930694
134.999865,2.497986929630062,5.067737816221487,68552.0,3.1313131313131315
135.1998648,,412.89369828382826,24111.0,4.346456692913386
135.3998646,6.081114047570645,16.29957079536398,24595.0,4.097744360902255
135.5998644,,402.978242688012,69186.0,2.980769230769231
135.7998642,3.7157487582963387,16.944575804787593,68253.0,3.024390243902439
135.999864,,420.150378970097,23379.0,4.184615384615385
136.1998638,3.18182205375016,11.178613629637464,23479.0,4.1679389312977095
136.3998636,2.345133877097835,1.6611115321929153,23417.0,4.128787878787879
136.5998634,7.8518829561527586,45.58568898477454,22624.0,3.8550724637681157
136.7998632,28.386828919112382,177.31474702531676,20955.0,3.7222222222222223
136.999863,16.22192261599041,33.68350261797975,23364.0,3.977777777777778
137.1998628,7.665010301781602,7.894185381555658,24753.0,3.9705882352941178
137.3998626,20.058327336691452,270.1502713566626,25014.0,1.6573426573426573
137.5998624,8.595393324224087,233.81589163769004,25615.0,4.090909090909091
137.7998622,4.195659935732138,15.675075608794009,25207.0,4.2109375
137.99986199999998,6.640237083426526,2.3771240014495687,26826.0,4.153846153846154
138.19986179999998,7.406042936655181,50.24399595426296,26411.0,4.251968503937008
138.39986159999998,5.296916098044448,24.704562527303544,26233.0,4.21875
138.59986139999998,6.350646894151471,37.397385409401345,26434.0,4.030075187969925
138.79986119999998,8.788874985780913,55.65622521894911,26373.0,4.0
138.99986099999998,3.059924098671727,8.644003449464796,26350.0,3.962962962962963
139.19986079999998,6.317104768272807,24.74881526963438,23929.0,4.338709677419355
139.39986059999998,14.714357682619648,109.09247203325343,25805.0,4.075757575757576
139.59986039999998,12.540663089146802,63.175967611081994,24039.0,4.186046511627907
139.79986019999998,18.267265166530645,88.34275038783787,25731.0,3.35
139.99985999999998,7.3613891027285945,78.98609171734687,23382.0,4.0
140.19985979999998,10.603928988814069,231.81590378321116,17969.0,1.3971631205673758
140.39985959999998,22.454022502326367,152.4133124099639,23642.0,3.857142857142857
140.59985939999999,15.947113459844664,4.774613348425438,24978.0,3.9925925925925925
140.7998592,11.072543044898858,19.213368425600724,27239.0,3.8297872340425534
140.999859,4.428747329156557,4.631462471074246,27613.0,3.8028169014084505
141.1998588,7.250053728777133,51.69161369941659,27918.0,3.8865248226950353
141.3998586,3.3487275820514637,7.975409050683832,28214.0,3.9078014184397163
141.5998584,3.097881325603035,9.071417733523152,27942.0,3.942857142857143
141.7998582,2.311996455043506,167.09033557443274,24824.0,1.7553956834532374
141.999858,4.480985475558332,10.533830137533839,25612.0,1.7112676056338028
142.1998578,4.680336412320742,171.47919244343862,27823.0,3.9285714285714284
142.3998576,4.3478015100738885,186.7239873587937,24767.0,1.75
142.5998574,6.836104163601589,203.00458509306984,27188.0,4.059259259259259
142.7998572,10.308547336144116,90.76373208063882,26090.0,4.106870229007634
142.999857,5.407137156538593,19.902695985272427,26313.0,4.152671755725191
143.1998568,3.414729135023562,7.626831263150973,25677.0,4.283464566929134
143.3998566,2.7251699104108744,0.4563481896912373,25896.0,4.291338582677166
143.5998564,7.215999690378513,14.39865224687556,25838.0,4.137404580152672
143.7998562,20.101458022299166,36.38701660252311,31481.0,4.037037037037037
143.999856,11.131533940731988,89.98188954005349,32159.0,3.874125874125874
144.1998558,5.962979683972912,197.27973647871096,26580.0,1.8613138686131387
144.3998556,4.318358353872582,6.3056218872481935,26778.0,1.8642857142857143
144.5998554,9.41146974549132,120.99469280112314,23732.0,1.6838235294117647
144.7998552,12.544552178745258,24.98261417271784,26093.0,1.7266187050359711
144.999855,4.121643037649377,20.071854819649236,23347.0,1.6691176470588236
145.1998548,4.864058679706601,32.88852230324864,22495.0,1.708955223880597
145.3998546,8.856887007489417,30.919979249650265,24568.0,1.7333333333333334
145.5998544,4.080195170774427,11.184928127402095,23979.0,1.7313432835820894
145.7998542,6.111128687811437,208.8288733981555,25286.0,4.162790697674419
145.999854,5.581720598605344,13.795000868255856,25526.0,4.1796875
146.1998538,5.559785767665864,42.652348266005994,24086.0,4.365853658536586
146.3998536,4.496872915276851,15.907777988687794,23984.0,4.53781512605042
146.5998534,4.888180128421764,28.94201066514266,23672.0,4.483333333333333
146.7998532,4.592823645828852,31.430932251802083,23243.0,4.559322033898305
146.999853,7.763852296218232,47.217360406711364,24671.0,4.462809917355372
147.1998528,3.3433675862363024,7.006734012614778,23453.0,4.483333333333333
147.3998526,3.1875306167891337,13.233844498021329,22455.0,4.504201680672269
147.5998524,2.841015867387643,3.6833554263079025,22562.0,4.529411764705882
147.7998522,6.633595198164004,35.007556106488316,22658.0,4.426229508196721
147.999852,9.723773301011452,40.0208427835916,23926.0,4.373983739837398
148.1998518,4.3171598110846485,8.630949080523482,24773.0,4.253968253968254
148.3998516,5.592230273752013,21.29458961678108,24840.0,4.261904761904762
148.5998514,5.754577620521893,68.0112532809544,22610.0,4.5423728813559325
148.7998512,2.6014924047259482,7.976032586863826,22514.0,4.559322033898305
148.999851,13.188111240793658,38.53036871772778,24847.0,4.304
149.19985079999998,,266.511712086721,73788.0,2.743362831858407
149.39985059999998,13.76395725124412,47.11073031379337,73546.0,2.1602787456445993
149.59985039999998,8.292699485957353,23.380156188398043,72173.0,2.1602787456445993
149.79985019999998,5.637236030909142,4.776615377300654,71694.0,2.1602787456445993
149.99984999999998,4.593762022142114,5.207145804054425,70183.0,2.1602787456445993
150.19984979999998,2.8195421662867903,2.5951235206028294,70637.0,2.1602787456445993
150.39984959999998,,611.2884679985046,27301.0,0.9906103286384976
150.59984939999998,26.120408163265306,159.57714707206418,27440.0,1.401197604790419
150.79984919999998,15.170449124241804,46.496764470114044,29346.0,1.521472392638037
150.99984899999998,5.2913991392083535,2.9883753651572396,28346.0,1.5632911392405062
151.19984879999998,4.261512431955274,28.781821792763658,27188.0,1.43125
151.39984859999998,11.52834617942799,61.61911707014808,25559.0,1.6802721088435375
151.59984839999998,,576.5647544003104,70362.0,2.9107981220657275
151.79984819999999,,367.1360123681308,23603.0,4.175572519083969
151.999848,3.2509207908217266,10.612189820552002,23621.0,4.24031007751938
152.1998478,16.15764435066181,49.72624083720733,26065.0,3.9416058394160585
152.3998476,8.485176528478288,119.68245000456189,24387.0,1.873134328358209
152.5998474,6.217088190867191,2.9405224219963024,25819.0,1.9485294117647058
152.7998472,,446.1036195883573,69238.0,2.980769230769231
152.999847,7.919497231782134,1.1595064694662958,66830.0,2.8054298642533935
153.1998468,,420.66575224453493,23782.0,3.9130434782608696
153.3998466,23.492715114476773,169.67843627649518,22581.0,1.661764705882353
153.5998464,31.14443076308696,177.90790190422285,30049.0,1.8133333333333332
153.7998462,13.516259627410967,58.129532706447456,30382.0,1.4911242603550297
153.999846,12.507145919679862,154.21132226444124,27988.0,3.857142857142857
154.1998458,3.8896336530683002,23.183354755983988,25959.0,4.099236641221374
154.3998456,4.182099686613938,13.307751652618956,26804.0,4.122137404580153
154.5998454,3.2117185140440956,15.092122414334296,26488.0,4.06015037593985
154.7998452,4.344436380304824,19.1965797866094,26179.0,4.099236641221374
154.999845,6.168342560162693,26.176775995200455,26553.0,3.9407407407407407
155.1998448,4.7037164618976535,25.943014001899353,26127.0,4.122137404580153
155.3998446,4.170797726306021,9.88932969822627,25861.0,4.186567164179104
155.5998444,4.377812154696133,57.30017326322383,22625.0,4.007462686567164
155.7998442,,396.43820629268646,65835.0,3.1472081218274113
155.999844,,365.3551725091016,21589.0,4.2362204724409445
156.1998438,2.9689521345407504,8.405066793547821,20871.0,4.365853658536586
156.3998436,3.594109396914446,9.701092096378133,21390.0,4.288
156.5998434,2.5533138493447725,7.107964202901213,21214.0,4.330645161290323
156.7998432,2.814558979808714,4.6250328660260305,20702.0,4.357723577235772
156.999843,2.1740713765477055,1.6779162461932682,20595.0,4.426229508196721
157.1998428,4.858624681639268,20.072647184738617,21595.0,4.261904761904762
157.3998426,2.957801766437684,5.322715286835468,21399.0,4.330645161290323
157.5998424,8.842696629213483,25.739913492798824,23229.0,3.977777777777778
157.7998422,16.948974070836975,131.85974422216987,24027.0,1.7664233576642336
157.999842,13.03570022829253,21.552290334180285,25406.0,1.911764705882353
158.1998418,7.8541070378357185,125.29635167766695,25505.0,4.155038759689923
158.3998416,9.492713167053365,20.4582336555218,27584.0,3.8970588235294117
158.5998414,16.82931122149646,243.2863755204667,25567.0,1.6891891891891893
158.7998412,,552.9347394455644,69708.0,2.897196261682243
158.999841,3.852802393831281,6.5328408900549695,69512.0,2.9523809523809526
159.1998408,5.482065956482321,16.557097927098603,70592.0,2.8703703703703702
159.3998406,5.850746722632843,39.42011039539558,65754.0,2.9665071770334928
159.5998404,5.781763442161639,8.28130756502571,66098.0,2.938388625592417
159.7998402,6.964688215528264,11.806828424707529,67258.0,2.897196261682243
159.99984,,382.83376633390947,22438.0,4.145038167938932
160.19983979999998,9.002181405697831,22.357314062790383,22921.0,4.248062015503876
160.39983959999998,,397.26807637009733,67553.0,3.084577114427861
160.59983939999998,6.146555969886723,52.94408499938508,71065.0,3.0693069306930694
160.79983919999998,5.109651651157045,23.662384100952377,72858.0,3.0541871921182264
160.99983899999998,3.8940916453889027,6.6312382747996335,72846.0,3.0392156862745097
161.19983879999998,4.8968624973678665,16.304210403571915,71235.0,3.084577114427861
161.39983859999998,2.701104222355954,2.239535907255847,71453.0,3.084577114427861
161.59983839999998,4.21271138669673,21.92907902606827,70960.0,3.1
161.79983819999998,,556.198169528665,23632.0,1.8421052631578947
161.99983799999998,3.694435905318168,192.14975588022094,26024.0,4.165413533834586
162.19983779999998,,391.30200765811844,71102.0,2.9523809523809526
162.39983759999998,3.6778722754831636,7.469601345202784,72077.0,2.9665071770334928
162.59983739999998,,414.24913465325363,28080.0,4.133333333333334
162.79983719999998,,374.67954987449474,74949.0,2.743362831858407
162.99983699999999,,584.5268875254593,17686.0,1.3358778625954197
163.19983679999999,,632.8660244568838,69969.0,2.7074235807860263
163.3998366,,582.6496326746052,22035.0,1.4671052631578947
163.5998364,6.97555215394708,23.686801738892015,22865.0,1.5263157894736843
163.7998362,4.29300533225792,18.01663284006599,22317.0,1.510204081632653
163.999836,2.987577914327395,3.5102930093564075,22621.0,1.5238095238095237
164.1998358,5.797896284047586,38.6601627059572,21771.0,1.530612244897959
164.3998356,4.691762621789194,30.649715272265098,20322.0,1.6
164.5998354,2.994001066477071,205.39845737222316,22504.0,3.856115107913669
164.7998352,5.043664021785061,24.910594722608312,21299.0,4.21875
164.999835,3.909560480841473,12.211487916834887,21296.0,4.186046511627907
165.1998348,4.83348368267445,215.5861050416591,18845.0,1.7575757575757576
165.3998346,6.148097620130362,13.313454880787704,19791.0,1.6521739130434783
165.5998344,6.69007557786727,39.707717022268234,18127.0,1.6842105263157894
165.7998342,7.466857195537937,190.97062360922106,21694.0,3.8297872340425534
165.999834,9.300444444444445,40.040634105452014,21375.0,3.9197080291970803
166.1998338,6.789869070616012,225.7262408429158,18636.0,1.748091603053435
166.3998336,13.019034443278313,317.4369360602064,20962.0,4.312
166.5998334,28.61703965772585,147.056248455563,24308.0,1.7697841726618706
166.7998332,18.86019320571775,39.52283304779783,28053.0,1.8125
166.999833,6.689523412533,11.003028137743334,28788.0,1.8541666666666667
167.1998328,7.804563609759955,128.63051765463206,25287.0,4.217054263565892
167.3998326,15.940879351842435,29.502598279534162,29499.0,4.208333333333333
167.5998324,8.947957344547913,68.93645480666603,26632.0,3.473333333333333
167.7998322,,375.03958225870304,69651.0,2.883720930232558
167.999832,5.9574172645221015,16.3182159309154,69136.0,2.8310502283105023
168.1998318,5.588532103243913,22.1992732027089,66987.0,2.8440366972477062
168.3998316,5.97397281197495,30.870167266043897,65470.0,2.995169082125604
168.5998314,5.086917779254516,17.038591360576245,66212.0,2.9107981220657275
168.7998312,5.995837669094693,14.832753075226954,64387.0,2.938388625592417
168.999831,9.6679381503566,51.64597134274216,68424.0,2.7555555555555555
169.1998308,9.256130153491156,23.667701906614734,68473.0,3.0693069306930694
169.3998306,,595.0718981038156,21848.0,2.0
169.5998304,14.32530840483203,74.52938823152337,23427.0,1.7969924812030076
169.7998302,7.712285773281024,33.59791502300419,24215.0,1.9015151515151516
169.99983,,515.6943075837056,73282.0,2.9665071770334928
170.1998298,,400.57971243160114,29067.0,4.580152671755725
170.3998296,4.139678567238885,179.5195802940977,25573.0,2.2615384615384615
170.5998294,,557.3263479468222,73380.0,3.024390243902439
170.7998292,,557.7643714550587,25503.0,2.1908396946564888
170.999829,7.6162232217732715,30.142777583736688,26234.0,1.79136690647482
171.19982879999998,12.922395870671732,48.77551708870604,27898.0,1.5816993464052287
171.39982859999998,39.89598837008065,186.33347559808686,28891.0,1.0845070422535212
171.59982839999998,,676.9436752428962,71108.0,2.1602787456445993
171.79982819999998,6.0667678300455234,12.921415739265687,70513.0,2.1602787456445993
171.99982799999998,11.26407010440787,17.729731905115788,72121.0,2.1602787456445993
172.19982779999998,9.249872815520632,38.37280433742601,72729.0,2.1602787456445993
172.39982759999998,5.706749161015896,12.05548723492353,72409.0,2.1602787456445993
172.59982739999998,6.049337711487088,13.379534963719902,71872.0,2.1602787456445993
172.79982719999998,4.057236960462767,9.92471611031967,72261.0,2.1602787456445993
172.99982699999998,3.434647603538455,6.499410657254588,72461.0,2.1602787456445993
173.19982679999998,5.841699801192843,10.291808216972896,72432.0,2.1602787456445993
173.39982659999998,4.038274774649066,9.112802862498445,71666.0,2.1602787456445993
173.59982639999998,7.325581071483281,19.432961986330827,71807.0,2.1602787456445993
173.79982619999998,3.6761424872279376,6.393504098419744,71445.0,2.1602787456445993
173.99982599999998,10.671053739301248,33.42121332182656,71270.0,2.1602787456445993
174.19982579999999,10.627241757932374,41.1614924787673,71038.0,2.1602787456445993
174.39982559999999,3.1586813682637263,3.3954630690742373,70922.0,2.1602787456445993
174.5998254,4.717137142213207,13.104408993862048,70992.0,2.1602787456445993
174.7998252,,556.306190064109,23536.0,0.9906103286384976
174.999825,,550.5136539440905,73473.0,2.1602787456445993
175.1998248,7.717291255752794,14.743419795211032,74529.0,2.1602787456445993
175.3998246,,539.9729612206783,33785.0,1.3615023474178405
175.5998244,17.457234251968504,303.87033907625096,20320.0,1.5068493150684932
175.7998242,6.744230885099717,32.298794509702084,16597.0,1.6015037593984962
175.999824,,27.64919193337252,16363.0,1.7751937984496124
176.1998238,4.208829885767212,13.19481174067495,16195.0,1.8267716535433072
176.3998236,3.043464547060308,5.950790007688291,15852.0,1.864
176.5998234,,82.45305727069442,21443.0,1.5838926174496644
176.7998232,23.110998037362798,35.328232127489045,27514.0,1.7039473684210527
176.999823,18.857496404802514,95.62305753154219,29901.0,1.4698795180722892
177.1998228,18.63320298179152,79.28381154461398,32732.0,1.267379679144385
177.3998226,21.433060725094983,108.22247930161687,31058.0,1.4662576687116564
177.5998224,7.107198421432095,52.67873960615657,26353.0,1.606896551724138
177.7998222,6.3408691095557135,22.693977378355367,26717.0,1.5973154362416107
177.999822,5.542652493618318,14.24615806667945,26247.0,1.5302013422818792
178.1998218,7.090245842121642,170.71674044194614,28921.0,3.576158940397351
178.3998216,6.953486621758929,123.4266542057613,26573.0,1.4836601307189543
178.5998214,3.930604244411776,5.9906518231504124,26529.0,1.4473684210526316
178.7998212,4.6678957359813085,15.719234509482996,27392.0,1.4230769230769231
178.999821,5.400360167056209,32.029303992662435,26099.0,1.5472972972972974
179.1998208,3.445129895011112,9.150863086170789,26098.0,1.5266666666666666
179.3998206,4.700896524627638,136.90763454975803,27997.0,3.7708333333333335
179.5998204,6.301888750518888,23.305234124384743,28908.0,3.804195804195804
179.7998202,21.556425014550864,137.0608706533822,30926.0,1.608695652173913
179.99982,41.23775088095603,185.66162420539064,32635.0,1.0469483568075117
180.1998198,13.957554970294604,82.17871242578308,32654.0,1.0657276995305165
180.3998196,,43.915233737100024,28298.0,0.9715639810426541
180.5998194,,85.08012661621429,26572.0,1.187793427230047
180.7998192,4.777422960242696,6.362150259653916,25052.0,0.9953051643192489
180.999819,,625.7207646134694,72414.0,2.1602787456445993
181.1998188,4.8956668185143775,14.335726820651423,72441.0,2.1602787456445993
181.3998186,,750.0882822651776,29125.0,1.051643192488263
181.5998184,,676.2462763750004,82162.0,2.3134328358208953
181.7998182,11.551103455162773,69.95680293491068,80112.0,2.6160337552742616
181.999818,7.528351913970008,29.868062152003713,81088.0,2.683982683982684
182.19981779999998,7.9881461615823,61.034868941154926,74575.0,2.897196261682243
182.39981759999998,4.874586254880503,16.673083560226107,74019.0,2.883720930232558
182.59981739999998,,523.7713338388378,24214.0,1.7518248175182483
182.79981719999998,4.732538397757334,10.899661374332139,25327.0,1.7112676056338028
182.99981699999998,,538.2450587165406,71882.0,2.9107981220657275
183.19981679999998,2.2850827034113412,1.8216022255732378,71702.0,2.9245283018867925
183.39981659999998,7.482142148235387,18.43310973265209,75569.0,2.897196261682243
183.59981639999998,,392.923319285112,28802.0,3.914285714285714
183.79981619999998,,403.19374745384795,72710.0,2.938388625592417
183.99981599999998,,431.6886852551644,30552.0,2.1357142857142857
184.19981579999998,30.269582601320653,123.57690247752437,33014.0,1.3891891891891892
184.39981559999998,,459.3191864986773,76770.0,2.1602787456445993
184.59981539999998,11.260877252635158,71.8181169841655,73525.0,2.1602787456445993
184.79981519999998,,613.6954845744152,25882.0,0.8873239436619719
184.99981499999998,25.23741530452092,129.79593235846195,26123.0,1.0469483568075117
185.19981479999998,,608.6317141794827,74835.0,2.1602787456445993
185.39981459999998,7.406041564043508,18.08389732832907,75113.0,2.1602787456445993
185.59981439999999,14.83567395395975,70.68908401625676,82884.0,2.1602787456445993
185.7998142,,493.7344768127645,32987.0,1.5263157894736843
185.999814,,609.925341277681,77064.0,2.857142857142857
186.1998138,4.916497982317527,19.447720496330117,76573.0,2.8703703703703702
186.3998136,6.534922602404082,42.49730640757499,69382.0,2.897196261682243
186.5998134,6.165799346484328,14.377547921341424,66104.0,2.8310502283105023
186.7998132,6.318042813455658,15.910474553869925,65727.0,2.9523809523809526
186.999813,,441.2318141276988,28063.0,3.7517241379310344
187.1998128,9.868798503325943,49.179016044529355,28864.0,4.0071942446043165
187.3998126,13.17779774383548,58.77342187309554,30051.0,4.118518518518519
187.5998124,8.57825336555057,87.1942172032926,28970.0,4.5984251968503935
187.7998122,18.844129856942327,78.54796027242419,33483.0,4.350364963503649
187.999812,35.46214987534829,183.94284572047863,34095.0,1.4696969696969697
188.1998118,,462.4077001214423,75504.0,2.1527777777777777
188.3998116,,27.1715778764672,72031.0,2.1602787456445993
188.5998114,2.883981817423579,3.9144343546837645,71937.0,2.1602787456445993
188.7998112,12.141763347445979,43.399286213636394,72748.0,2.1602787456445993
188.999811,16.499960425296152,76.82546550304463,75806.0,2.2382671480144403
189.1998108,,587.1185489034834,23111.0,1.2625698324022345
189.3998106,,647.3186960132646,69648.0,2.540983606557377
189.5998104,3.406421288596428,16.703354442454202,69145.0,2.6724137931034484
189.7998102,3.933138716417468,26.252765557855433,67483.0,2.8310502283105023
189.99981,3.95697264543945,16.13255359398603,68654.0,2.780269058295964
190.1998098,,591.1966203709306,20905.0,1.5763888888888888
190.3998096,10.297528431987105,274.30680224491863,22334.0,4.06015037593985
190.5998094,5.425369789332138,15.599803108017708,22310.0,3.9925925925925925
190.7998092,,395.35978409909836,65757.0,2.938388625592417
190.999809,,356.9697775715148,22528.0,3.4932432432432434
191.1998088,28.39676113360324,115.23390579181549,22971.0,2.0303030303030303
191.3998086,6.89166419239905,161.67686451379444,26944.0,4.153846153846154
191.5998084,,282.3339555441138,72305.0,2.9523809523809526
191.7998082,,336.37516102464616,23554.0,4.285714285714286
191.999808,10.880616554054054,55.26574592006332,23680.0,3.8714285714285714
192.1998078,,422.5122491583603,64085.0,2.995169082125604
192.3998076,4.744794219488671,9.921820449706459,63247.0,3.0541871921182264
192.5998074,4.5756019718131835,3.0269524993557066,63292.0,3.024390243902439
192.7998072,6.105198347751539,1.2088493453314317,64155.0,3.0541871921182264
192.999807,6.495621153198395,24.25940656284284,65314.0,3.024390243902439
193.19980679999998,4.499817806388923,2.369513042060508,65864.0,3.0097087378640777
193.39980659999998,2.6793465082444228,5.325348224742665,65984.0,3.0392156862745097
193.59980639999998,2.6872015572249763,2.6085423186811605,65758.0,3.0541871921182264
193.79980619999998,13.506684245594636,30.633580551196047,70539.0,2.9523809523809526
193.99980599999998,,539.2500250563758,16160.0,1.8727272727272728
194.19980579999998,,223.94446563425382,23541.0,4.162790697674419
194.39980559999998,3.6888660323990745,6.631304301368091,23334.0,4.253968253968254
194.59980539999998,3.4657311542739797,11.10336535814169,23374.0,4.251968503937008
194.79980519999998,,339.29372945895915,69404.0,3.024390243902439
194.99980499999998,,338.31895461318453,24118.0,4.045112781954887
195.19980479999998,6.212040271214301,15.995577630481556,24335.0,4.091603053435114
195.39980459999998,,365.84032840216315,68015.0,3.2124352331606216
195.59980439999998,,1.9622281372863162,68752.0,3.1794871794871793
195.79980419999998,,2.8873053128059967,67881.0,3.2291666666666665
195.99980399999998,3.007828918158946,3.952451327689866,67570.0,3.2291666666666665
196.19980379999998,6.7248005698005695,11.97085270100198,70200.0,3.1472081218274113
196.39980359999998,,354.3322611420036,30231.0,3.927007299270073
196.59980339999998,,271.9006352125049,76925.0,2.5306122448979593
196.79980319999999,11.74678350462088,51.87190472781534,77258.0,2.2222222222222223
196.99980299999999,3.896712299522323,35.14220403576252,74946.0,2.412451361867704
197.1998028,,478.1621219464331,26134.0,1.3275862068965518
197.3998026,,500.06511765761593,73499.0,2.7074235807860263
197.5998024,2.8476740191025907,11.052688231991844,72765.0,2.7555555555555555
197.7998022,2.2203504508360834,2.2820275659687415,72421.0,2.7555555555555555
197.999802,4.032888243035753,10.207727763158895,72944.0,2.8054298642533935
198.1998018,,342.1221769483672,27452.0,3.671232876712329
198.3998016,3.7894416320937845,15.321923494929601,26273.0,3.8142857142857145
198.5998014,3.8720774747761255,21.95628815759715,24679.0,4.0606060606060606
198.7998012,4.09239978080344,29.50718204409511,23723.0,3.9925373134328357
198.999801,,178.21342857370567,15899.0,1.7454545454545454
199.1998008,,57.88296540317087,21245.0,1.6544117647058822
199.3998006,9.342200314452047,21.23692569771149,23533.0,1.6083916083916083
199.5998004,5.153342290896876,13.852506069036847,23816.0,1.5486111111111112
199.7998002,4.877258974568648,12.78014434659522,24458.0,1.530612244897959
199.9998,,498.06760776324654,71870.0,2.8054298642533935
200.1997998,,497.6747018622113,23919.0,1.5410958904109588
200.3997996,2.343772544027159,4.993377446797156,23565.0,1.5517241379310345
200.5997994,14.141125063968822,51.26608055855539,25403.0,1.1978609625668448
200.7997992,19.766186750998667,94.81163378809318,24032.0,1.0669856459330143
200.999799,,548.1932388288445,71541.0,2.1602787456445993
201.1997988,2.9905227759095077,5.983419640175557,71962.0,2.1602787456445993
201.3997986,7.358516935218678,33.870672855524916,72984.0,2.1602787456445993
201.5997984,3.9000055169369965,5.323223133529753,72504.0,2.1602787456445993
201.7997982,5.246745698103516,7.387763354461444,73979.0,2.1602787456445993
201.999798,8.522262904731136,103.8953970868228,69645.0,2.6609442060085837
202.1997978,4.158138316451275,8.644025932121426,68712.0,2.683982683982684
202.3997976,2.828596140654359,26.461553915670418,67058.0,2.8440366972477062
202.5997974,2.61606317353017,12.780540954715539,65977.0,2.9245283018867925
202.7997972,2.255276642469347,4.408021904193547,65572.0,2.9523809523809526
202.999797,3.0707374758116535,4.585956743242353,65114.0,2.995169082125604
203.1997968,3.636107084477069,6.898987702328611,64846.0,2.995169082125604
203.3997966,2.33817433803514,2.238361987620634,64656.0,2.995169082125604
203.5997964,2.6366398016119033,1.382912996478758,64520.0,3.024390243902439
203.7997962,2.451745987265113,2.4847477486395713,64233.0,3.0541871921182264
203.999796,2.2800990453646457,1.5302244842898631,64213.0,3.0541871921182264
204.1997958,2.3770262499417187,2.6028069692304276,64343.0,3.0541871921182264
204.39979559999998,3.324758990053558,15.398783664852601,65350.0,2.980769230769231
204.59979539999998,3.41610122868146,2.247590086770194,65436.0,2.9665071770334928
204.79979519999998,2.700302290966564,7.271996420193577,65169.0,3.0097087378640777
204.99979499999998,2.4782581744924843,10.5366849440556,64530.0,3.084577114427861
205.19979479999998,2.1517678296920857,0.35750480494609777,64401.0,3.084577114427861
205.39979459999998,2.060240776940023,0.7060909147087363,64458.0,3.0693069306930694
205.59979439999998,2.1853807106598984,4.191643132461431,64025.0,3.0693069306930694
205.79979419999998,2.074137715571107,0.9520356023153017,64016.0,3.084577114427861
205.99979399999998,5.059457897298612,25.996018831589687,65744.0,2.9523809523809526
206.19979379999998,2.847109325052516,2.7014874851268127,65694.0,2.9665071770334928
206.39979359999998,2.301598204881623,1.7684124363170008,65511.0,2.9523809523809526
206.59979339999998,2.3875408838518295,3.5858686544850253,65735.0,2.9523809523809526
206.79979319999998,2.996711523307268,8.124617039082832,65988.0,2.938388625592417
206.99979299999998,2.727057167770656,12.660104973475713,65369.0,2.9665071770334928
207.19979279999998,2.684373953545009,7.25505149877245,65698.0,2.938388625592417
207.39979259999998,,477.2363131011557,21180.0,3.8028169014084505
207.59979239999998,,479.21218078500124,65089.0,2.9665071770334928
207.79979219999998,4.17389273877674,18.597612157501274,66380.0,2.8181818181818183
207.99979199999999,10.219419025627868,59.060256969740095,70158.0,2.271062271062271
208.19979179999999,8.575936532295634,55.126424242042084,72982.0,2.1602787456445993
208.3997916,3.63374051377785,10.190199795375616,73923.0,2.1602787456445993
208.5997914,13.496281910408095,45.83851129178005,78266.0,2.1602787456445993
208.7997912,12.067009971565968,75.73932653800183,76317.0,2.1602787456445993
208.999791,5.672775087660711,42.655086293345306,71868.0,2.1602787456445993
209.1997908,6.917992301430719,22.26005794452505,72481.0,2.1602787456445993
209.3997906,13.286320085872172,60.17615806306847,75461.0,2.1602787456445993
209.5997904,15.524712885959197,57.76979467135497,78279.0,2.393822393822394
209.7997902,,439.90488475516986,26386.0,1.5714285714285714
209.99979,4.195020746887967,145.73637173219137,28197.0,3.7746478873239435
210.1997898,3.5364560796192124,16.34117447659335,27732.0,3.9416058394160585
210.3997896,3.756226589952504,13.3394108213822,25897.0,4.106870229007634
210.5997894,2.907513333848651,8.883494550919302,25874.0,4.2109375
210.7997892,2.6615305394914044,6.580044634072072,25246.0,4.2204724409448815
210.999789,3.637997378324665,21.2996026394329,23649.0,4.330645161290323
211.1997888,8.696495887594242,44.52851002533771,23344.0,4.228346456692913
211.3997886,2.9773645566320543,2.8816063562699292,23017.0,4.288
211.5997884,2.8082901554404147,7.491720446789249,22967.0,4.253968253968254
211.7997882,2.8556321241277685,7.43256274619661,23073.0,4.304
211.999788,2.1934510798286264,3.126308952987987,22874.0,4.296
212.1997878,2.3762354394634664,4.928026987456628,22664.0,4.288
212.3997876,2.2463536108146567,0.9391615563299426,22488.0,4.296
212.5997874,3.4756284153005463,4.116773557273688,22875.0,4.1953125
212.7997872,4.844547364809812,10.059365793618346,23319.0,4.2362204724409445
212.999787,15.951921242416148,58.721360003214656,26207.0,4.357723577235772
213.1997868,25.932115287637224,132.44182763487998,25779.0,1.5502958579881656
213.3997866,26.944409459837672,109.48991853804107,28584.0,1.1455399061032865
213.5997864,11.063966882649389,44.698146074108664,27780.0,1.1220657276995305
213.7997862,,521.5384279876305,74012.0,2.1602787456445993
213.999786,6.757311982481352,28.955762543457713,73065.0,2.1602787456445993
214.1997858,,527.3195834432197,25317.0,1.0046948356807512
214.3997856,51.84180037215181,252.97577237651453,28483.0,1.0892018779342723
214.5997854,,631.9636521804787,73275.0,2.1602787456445993
214.7997852,3.967462099165766,16.920116548165133,72162.0,2.1602787456445993
214.999785,3.1250758369643155,4.702686115247358,72524.0,2.1602787456445993
215.1997848,2.8119716162652106,6.955801635982605,72154.0,2.1602787456445993
215.39978459999998,5.723809919415137,10.88327255834704,72222.0,2.1602787456445993
215.59978439999998,11.511212680084462,12.531608575456591,74826.0,2.206405693950178
215.79978419999998,,377.6362001658532,27316.0,3.629139072847682
215.99978399999998,8.377497173011685,42.24666459191911,26530.0,3.7260273972602738
216.19978379999998,4.821185107498689,20.951542790143904,24791.0,3.9927536231884058
216.39978359999998,4.712885662431942,208.96354981625552,22040.0,1.8014705882352942
216.59978339999998,,577.6253176834923,69424.0,2.995169082125604
216.79978319999998,2.4942598100492837,2.717360555933697,69597.0,2.995169082125604
216.99978299999998,3.9929179852504495,25.481320247044327,71731.0,2.980769230769231
217.19978279999998,,392.9978834665767,25392.0,4.2406015037593985
217.39978259999998,3.075948849940761,19.26852546474318,24477.0,4.2748091603053435
217.59978239999998,10.378123244053194,20.24252633585178,26695.0,4.207407407407407
217.79978219999998,6.181050418645112,14.075413603674997,27589.0,4.147058823529412
217.99978199999998,9.10290268390827,79.48378975660117,25597.0,4.3125
218.19978179999998,7.305882801479279,14.963443583971387,26229.0,4.06015037593985
218.39978159999998,8.829289592588374,65.99098705886938,26337.0,4.106870229007634
218.59978139999998,5.681495713863435,13.788791417270993,27064.0,4.122137404580153
218.79978119999998,4.88633900205569,23.30626746680322,26755.0,4.106870229007634
218.99978099999998,3.604598300789984,14.158288227942533,26836.0,4.106870229007634
219.19978079999998,2.600473079522415,10.240882842052605,26634.0,4.153846153846154
219.39978059999999,2.5297571693753076,4.762053420437372,26397.0,4.138461538461539
219.5997804,15.627121938577167,135.29978481754335,30868.0,4.2
219.7997802,14.94384837587691,65.24355025581748,33926.0,4.0928571428571425
219.99978,11.67235167644837,52.44520772527351,34418.0,3.5779220779220777
220.1997798,,139.39654903100399,26198.0,2.406779661016949
220.3997796,,188.26612193129762,31963.0,3.7142857142857144
220.5997794,4.0041072722879925,63.625441647697464,28973.0,3.801418439716312
220.7997792,9.852906208718625,39.63540912155733,30280.0,3.445161290322581
220.999779,4.763185889296867,34.21419050455329,29141.0,3.6283783783783785
221.1997788,6.4828448640270535,21.99913469021669,28388.0,3.432258064516129
221.3997786,5.917648865512343,49.22061643786595,26047.0,3.6040268456375837
221.5997784,3.6628171763175015,18.421244123126275,24592.0,3.7552447552447554
221.7997782,2.682411174965393,5.879053937069503,23839.0,3.8214285714285716
221.999778,4.006818518701517,197.02823480965216,20239.0,1.5845070422535212
222.1997778,13.564744679754728,131.7654285443472,19407.0,4.122137404580153
222.3997776,3.4937080089580888,18.61370274464785,18754.0,4.186046511627907
222.5997774,4.054599375099295,12.360316545960501,18883.0,4.06015037593985
222.7997772,3.5772428884026257,8.921789966096311,18280.0,4.122137404580153
222.999777,2.3554564966154863,9.857362963483764,18171.0,4.153846153846154
223.1997768,2.3885789300951754,6.225042816276186,18282.0,4.122137404580153
223.3997766,4.1758328926493915,10.61468110415472,18910.0,4.122137404580153
223.5997764,3.098225737494656,8.11962980877645,18712.0,4.21875
223.7997762,3.0994814775217834,5.615564764373151,18707.0,4.251968503937008
223.999776,3.856086956521739,14.582422925071672,18400.0,4.354838709677419
224.1997758,,388.175171676098,62976.0,3.163265306122449
224.3997756,3.0671131443663633,7.564159888082471,63609.0,3.084577114427861
224.5997754,,395.52372377641956,18748.0,4.285714285714286
224.7997752,4.043349168646081,16.18040489339658,18524.0,4.304
224.999775,3.3314585676790403,1.144763849449747,18669.0,4.32
225.1997748,2.3998704872915653,5.8884516202168635,18531.0,4.354838709677419
225.3997746,2.263790396795323,3.109331656919074,18473.0,4.354838709677419
225.5997744,13.830709237143553,89.7539478371766,20515.0,3.835714285714286
225.7997742,3.2010181818181818,4.874830316232397,20625.0,3.8776978417266186
225.999774,4.8454280492021935,16.36125117509622,20243.0,3.9705882352941178
226.1997738,3.619011826017238,23.823330308357193,19956.0,4.06015037593985
226.39977359999997,3.5597165991902835,9.545995551970371,19760.0,4.06015037593985
226.59977339999998,4.615288416445209,31.25756251365647,19191.0,4.251968503937008
226.79977319999998,,310.38442274978047,12793.0,1.4054054054054055
226.99977299999998,,693.4377404809306,63922.0,3.084577114427861
227.19977279999998,2.0307307150680645,0.23512123298838247,63910.0,3.084577114427861
227.39977259999998,,402.6972125945954,19252.0,4.251968503937008
227.59977239999998,,403.14391685159956,63815.0,3.1
227.79977219999998,,451.1166564828255,20289.0,3.948529411764706
227.99977199999998,3.435077807513133,9.515005294659598,20178.0,3.963235294117647
228.19977179999998,3.1431291017484093,5.627013199750264,19961.0,4.090909090909091
228.39977159999998,5.343309169278997,14.517749791254026,20416.0,3.891304347826087
228.59977139999998,3.8339128656166905,30.80390793886024,19556.0,4.090909090909091
228.79977119999998,2.7686429377372037,5.9122145982964875,19498.0,4.122137404580153
228.99977099999998,2.2038262668045503,3.6075410176012017,19340.0,4.153846153846154
229.19977079999998,9.913141378814737,39.87758908759825,20873.0,3.835714285714286
229.39977059999998,6.330667899237347,13.172791846278539,21635.0,3.7222222222222223
229.59977039999998,3.292005326720852,8.644126053558647,21777.0,3.788732394366197
229.79977019999998,,206.53626632124,14487.0,1.305084745762712
229.99976999999998,,55.87837707804168,19404.0,1.5793103448275863
230.19976979999998,21.185176821281786,49.43194218782689,22141.0,1.6428571428571428
230.39976959999998,13.359009292251798,93.62548490832094,28626.0,4.16546762589928
230.59976939999999,14.188195331733615,63.6811588409479,32089.0,3.925170068027211
230.7997692,6.864560421249084,44.68614682814693,30006.0,4.0
230.999769,14.169026864123918,77.20825409186197,30859.0,3.4516129032258065
231.1997688,10.254366101063995,36.21560926789579,32237.0,3.302469135802469
231.3997686,4.525408376799825,12.418519124478744,32017.0,3.2883435582822087
231.5997684,3.4859427556006852,8.03232055718495,31514.0,3.2901234567901234
231.7997682,3.4826817839237147,19.74027385607439,30517.0,3.358490566037736
231.999768,,382.05698066657135,75585.0,2.6609442060085837
232.1997678,,404.9569205506658,31004.0,3.358490566037736
232.3997676,7.493934467233617,26.137988660563316,31984.0,3.224242424242424
232.5997674,6.696248885492294,34.39492849747942,31404.0,3.325
232.7997672,7.106266170253044,32.22394952718406,31694.0,3.2363636363636363
232.999767,6.3292794932699925,26.283813673650545,31575.0,3.358490566037736
233.1997668,6.407830034043626,31.2757812559272,31724.0,3.242424242424242
233.3997666,5.059221604447974,14.639447183025467,31475.0,3.294478527607362
233.5997664,4.57180123833171,21.05356185739578,31817.0,3.3167701863354035
233.7997662,3.6432292488870646,11.99156697293136,31673.0,3.2962962962962963
233.999766,5.5299760956175295,12.726999799204082,31375.0,3.2962962962962963
234.1997658,3.974127842616314,5.342179353901431,31617.0,3.294478527607362
234.3997656,3.1253989968080256,24.612261964642208,30702.0,3.242424242424242
234.5997654,4.014988320788995,15.933832149919382,30824.0,3.294478527607362
234.7997652,6.701725946409841,22.437419170243437,31461.0,3.2545454545454544
234.999765,4.818839005925972,19.893019455057292,32231.0,3.268292682926829
235.1997648,,145.1262031801941,25287.0,1.412162162162162
235.3997646,,150.26403520799613,32120.0,3.2883435582822087
235.5997644,4.709961370400861,19.554280789083997,31582.0,3.1845238095238093
235.7997642,6.139213401769688,22.91282288654558,31757.0,3.2822085889570554
235.999764,6.7439135775251176,37.505571957276814,31751.0,3.215568862275449
236.1997638,5.398322653599698,15.100437644490437,31836.0,3.1785714285714284
236.3997636,4.927088996194557,26.876003683902027,31271.0,3.086705202312139
236.5997634,5.035717690425498,31.88694482525402,31469.0,2.9555555555555557
236.7997632,,405.14264276731717,77174.0,2.48
236.999763,,524.6674108751542,26196.0,1.116751269035533
237.1997628,,41.990415256743994,22014.0,1.0853658536585367
237.39976259999997,,58.499750867457486,26622.0,1.160621761658031
237.59976239999997,8.45227453109988,50.41527717829619,23939.0,1.3734939759036144
237.79976219999998,9.921206145756306,172.28038726899914,24342.0,3.215568862275449
237.99976199999998,8.769740610424678,5.644991721233597,24442.0,3.2023809523809526
238.19976179999998,11.370219374878664,156.37080856653418,20604.0,1.2681564245810055
238.39976159999998,15.54201806584186,29.25890399048921,23359.0,1.2921348314606742
238.59976139999998,20.01274637563121,86.6824211084672,24556.0,1.2043010752688172
238.79976119999998,7.543314343163539,25.851896608028486,23872.0,1.2584269662921348
238.99976099999998,8.427003159685652,23.41245085862415,24686.0,1.2173913043478262
239.19976079999998,4.614920634920635,13.847532547004338,25200.0,1.2173913043478262
239.39976059999998,4.223445088516372,6.036542235675643,25532.0,1.2
239.59976039999998,8.959284687849273,39.80669894573461,25052.0,1.271186440677966
239.79976019999998,4.395346126952063,13.394949988572572,25742.0,1.2752808988764044
239.99975999999998,9.145083207261724,31.133259624208918,26440.0,1.1295336787564767
240.19975979999998,6.430604844931338,29.105540105132224,25924.0,1.2598870056497176
240.39975959999998,6.206399314080829,20.42323679294799,25659.0,1.2897727272727273
240.59975939999998,9.026100652516313,33.609715958554325,26666.0,1.2295081967213115
240.79975919999998,19.533034423981917,104.23965193857961,26987.0,1.3734939759036144
240.99975899999998,7.071087877284695,173.7584438488842,26207.0,3.6133333333333333
241.19975879999998,9.784494944003479,46.24798178232692,27591.0,3.7142857142857144
241.39975859999998,7.472325052406227,126.95276308182021,22421.0,1.702127659574468
241.59975839999998,4.012821708317792,12.257467251794933,21448.0,1.7426470588235294
241.79975819999999,4.698487284118544,175.51010410472628,24261.0,3.9851851851851854
241.99975799999999,6.452823344484301,10.185381856475843,24811.0,3.8085106382978724
242.1997578,5.685153181461115,16.816452051881495,25460.0,3.6598639455782314
242.3997576,5.436135458167331,4.905211837903637,25100.0,3.75
242.5997574,4.120755951893971,17.489984551978544,24446.0,3.8633093525179856
242.7997572,6.216037973620096,8.592801886736469,23806.0,4.0
242.999757,4.320838522208385,18.079652734608924,24090.0,3.9705882352941178
243.1997568,4.744688890754891,5.892398192122877,23818.0,4.090909090909091
243.3997566,3.3980359123967623,5.176873797660755,24337.0,3.9925925925925925
243.5997564,2.8542064612573705,7.282249167786509,24082.0,4.06015037593985
243.7997562,3.450273817984198,4.173634170845015,23921.0,4.122137404580153
243.999756,4.524195921799453,13.793659150987061,23785.0,4.06015037593985
244.1997558,10.743731406714833,14.367591767399157,23530.0,4.153846153846154
244.3997556,24.320568036317077,85.89059962814946,25773.0,3.08
244.5997554,,419.4027602806597,68796.0,2.5
244.7997552,,420.0264050831373,25103.0,3.016759776536313
244.999755,,407.6072299702368,70534.0,2.5101214574898787
245.1997548,,391.3316534552473,25610.0,3.2804878048780486
245.3997546,9.45053704856787,17.47593404589849,25696.0,3.2349397590361444
245.5997544,6.923618444209786,14.663930563691316,25569.0,3.3836477987421385
245.7997542,,385.65445597310077,70460.0,2.6724137931034484
245.999754,,374.8569335563552,25286.0,3.4203821656050954
246.1997538,4.249921445404556,5.212613581678357,25460.0,3.464516129032258
246.3997536,14.76231527093596,50.83709773912815,25984.0,3.61744966442953
246.5997534,9.06857785272625,26.574783019614237,23127.0,3.870503597122302
246.7997532,8.514400743264169,18.528378601798373,22603.0,4.029850746268656
246.999753,4.1355429803287524,21.733049991812415,22266.0,4.122137404580153
247.1997528,6.119442718963528,15.317034744150554,22538.0,4.029850746268656
247.3997526,6.116917502787068,37.020265854311894,21528.0,4.251968503937008
247.5997524,9.680794251869113,18.05727685845808,20598.0,4.251968503937008
247.7997522,10.441971628289474,30.070015578579778,19456.0,4.285714285714286
247.999752,12.602781105150774,31.87201949799777,19201.0,4.2109375
248.1997518,32.71008528361761,273.4448993765992,20168.0,1.2954545454545454
248.39975159999997,38.89820455274126,147.09868471519133,24952.0,1.0234741784037558
248.59975139999997,13.592220628088635,225.78869639301735,25092.0,2.693467336683417
248.79975119999997,14.440798161099428,176.12588194330243,20447.0,3.7762237762237763
248.99975099999997,14.957715598245981,36.39724609162841,19156.0,4.186046511627907
249.19975079999998,6.415786694825766,2.289050156670312,18940.0,4.25984251968504
249.39975059999998,6.469672430907476,14.048141825749367,19141.0,4.285714285714286
249.59975039999998,12.128686185392665,7.170826004928546,18922.0,4.21875
249.79975019999998,9.651415439256242,25.239857793937148,19146.0,4.234375
249.99974999999998,15.88129260287806,2.8703888880266253,19805.0,4.32
250.19974979999998,15.599003497341062,30.069388103730923,20873.0,4.186046511627907
250.39974959999998,9.922958100019308,6.010639869746832,20716.0,4.186046511627907
250.59974939999998,9.112910864829024,29.983610933895495,21114.0,4.06015037593985
250.79974919999998,7.709121245828698,12.644729283925784,19778.0,4.186046511627907
250.99974899999998,12.239438069263624,9.248066445470974,19433.0,4.285714285714286
251.19974879999998,4.755563587545826,4.008670730241587,19367.0,4.32
251.39974859999998,7.305690973469493,15.031062007069282,19487.0,4.21875
251.59974839999998,11.53295115136333,16.04314689522857,20758.0,4.122137404580153
251.79974819999998,4.758821229596325,2.3078631421219646,20462.0,4.122137404580153
251.99974799999998,3.992250343339219,4.005679411828705,20388.0,4.122137404580153
252.19974779999998,8.820907376154075,4.071438324409296,20146.0,4.06015037593985
252.39974759999998,6.221693863249574,17.086521100068467,19978.0,4.090909090909091
252.59974739999998,11.36548715462918,16.064845671517492,20630.0,4.153846153846154
252.79974719999998,10.78889864403473,14.941172433442478,20502.0,4.122137404580153
252.99974699999999,8.665241077338221,16.12357250146867,19641.0,4.098484848484849
253.19974679999999,7.319321023785452,16.076338449617488,18793.0,4.153846153846154
253.3997466,6.414459902239888,4.458927688815289,18617.0,4.122137404580153
253.5997464,14.610473493317434,23.101981408176794,20127.0,3.884892086330935
253.7997462,,329.988126757718,63951.0,2.995169082125604
253.999746,,418.0882466583878,24352.0,4.212121212121212
254.1997458,12.28591483387927,71.10570004917558,27781.0,4.374045801526718
254.3997456,8.990793075255057,44.744043528029124,28131.0,4.206106870229007
254.5997454,8.494386905193018,78.69336111075917,27614.0,4.014925373134329
254.7997452,5.475227889499687,18.243670711955613,28742.0,3.857142857142857
254.999745,6.980638829407566,218.08475422070242,22416.0,1.88
255.1997448,5.304658638391786,32.52310886106772,20843.0,1.9173553719008265
255.3997446,3.729648842777334,3.6147038434713488,20048.0,1.9075630252100841
255.5997444,5.11766597010127,31.05291024830829,18663.0,1.9075630252100841
255.7997442,4.840179277616662,8.67326878879455,18965.0,1.8780487804878048
255.999744,3.4846096495899457,12.983246365382286,18778.0,1.8780487804878048
256.19974379999996,3.763052637192683,12.879949485706176,18751.0,1.936
256.39974359999997,8.088963667911036,25.281003523545778,19019.0,1.7969924812030076
256.59974339999997,,524.0177819117039,69219.0,2.5306122448979593
256.79974319999997,11.38221524564882,66.42718854265102,72624.0,2.1602787456445993
256.99974299999997,6.748667509203802,23.554478336579262,72796.0,2.1602787456445993
257.19974279999997,3.996222044508176,13.108588098744534,72526.0,2.1602787456445993
257.39974259999997,4.994300666175431,98.66290410524897,66499.0,2.7074235807860263
257.59974239999997,,375.95575568969616,20512.0,3.7222222222222223
257.79974219999997,4.197629691236095,44.939449787413565,19238.0,3.9416058394160585
257.99974199999997,4.661208535812381,10.157433840190611,18932.0,4.029850746268656
258.19974179999997,2.898263160724848,14.903229981017207,18597.0,4.014925373134329
258.39974159999997,3.0126019273535953,18.08145101729443,18886.0,4.0
258.59974139999997,3.9217789813561086,6.823241281095566,19202.0,3.963235294117647
258.79974119999997,2.5833114668066126,3.69219724773665,19055.0,3.9705882352941178
258.999741,3.8274662957414938,11.518565335285933,18692.0,4.029850746268656
259.1997408,3.105183009735139,2.757296232863188,18387.0,4.0606060606060606
259.3997406,3.7881658726721525,18.035275005229195,18472.0,4.090909090909091
259.5997404,2.5951966016773773,9.275257773224325,18362.0,4.090909090909091
259.7997402,4.7426292243841965,30.450672967638592,18553.0,3.9558823529411766
259.99974,2.8520893332608814,11.40864507668051,18403.0,4.090909090909091
260.1997398,4.586214209968187,22.89493158042629,18860.0,3.9197080291970803
260.3997396,2.7317776612480333,8.527636972403727,19070.0,3.9130434782608696
260.5997394,13.86904817206299,70.28839246873125,21527.0,3.496732026143791
260.7997392,6.137866055513114,198.14923891925022,19635.0,1.4903225806451612
260.999739,4.693148589680147,191.4986686355351,22229.0,3.6462585034013606
261.1997388,10.383119733146067,36.62416951100973,22784.0,3.7762237762237763
261.3997386,22.832837090599746,97.1956218223832,23510.0,1.7793103448275862
261.5997384,17.067148502866093,26.35587067917956,28087.0,1.8657718120805369
261.7997382,12.169575775973287,153.94356855550816,26354.0,3.9703703703703703
261.999738,,159.7083512721394,17897.0,2.081818181818182
262.1997378,,135.90770511468978,26109.0,3.9197080291970803
262.3997376,3.7704962663347854,1.9297099740615635,25712.0,3.9197080291970803
262.5997374,4.486598571538284,22.196686923788146,26042.0,3.870503597122302
262.7997372,14.018264235846871,65.48385325262896,30223.0,3.9124087591240877
262.999737,23.45152169769363,167.0047451493389,31478.0,1.8451612903225807
263.1997368,37.23539421440726,151.9277861205157,33497.0,1.2394366197183098
263.3997366,8.896461862283251,64.71967670764514,29931.0,1.0985915492957747
263.5997364,7.573034579004497,19.39654186158631,25796.0,1.0140845070422535
263.7997362,4.4766265662073845,15.585286551652807,24023.0,0.7981220657276995
263.999736,5.306225581790385,18.168416831442162,23548.0,1.0046948356807512
264.1997358,10.27680576149121,37.13852863757211,23605.0,0.8356807511737089
264.3997356,37.99594022925764,152.4597325401657,29312.0,1.056338028169014
264.5997354,18.80882520186512,105.46789331582535,26379.0,0.9389671361502347
264.7997352,,646.7845567835492,71462.0,2.1602787456445993
264.999735,,572.7368488350608,22831.0,0.8403755868544601
265.1997348,43.040390520431465,200.37093265812436,25402.0,1.0187793427230047
265.3997346,12.039858906525573,109.97951715561102,22680.0,1.3837209302325582
265.5997344,16.458569465911044,44.19439459164777,23292.0,1.391304347826087
265.7997342,8.187857776344433,193.68826642434047,24806.0,3.673469387755102
265.999734,2.7443948009748174,6.600730945553356,24620.0,3.6666666666666665
266.1997338,9.247396737244012,208.77414038806518,23048.0,1.7588652482269505
266.3997336,9.608485257708756,131.39175145471788,26658.0,4.423357664233577
266.5997334,,187.39737033621722,18939.0,1.9396551724137931
266.7997332,2.8014890995768384,2.4680849612793367,18669.0,1.9391304347826086
266.999733,,11.700732250830558,20077.0,1.859504132231405
267.1997328,,70.99625020798135,24679.0,1.643835616438356
267.3997326,7.6686115653337295,176.29705077414386,26908.0,4.051470588235294
267.5997324,4.08310606619002,13.029272705163361,27134.0,3.971223021582734
267.7997322,6.070243761719313,18.89670669525009,27732.0,3.7006802721088436
267.999732,3.798517352770645,154.4493810903014,24146.0,1.6164383561643836
268.1997318,3.9941605309927097,153.90680094773955,27571.0,3.6824324324324325
268.3997316,,44.051929131088976,28383.0,4.16546762589928
268.5997314,,233.04471594398325,24265.0,2.140740740740741
268.7997312,5.6328816422459695,204.92099467554243,27231.0,4.139705882352941
268.999731,10.461114665529253,43.61568236909845,28134.0,3.7517241379310344
269.1997308,9.676062606631556,64.7066222320005,26962.0,3.8633093525179856
269.3997306,5.052250163055294,3.7482634089652724,27598.0,3.8028169014084505
269.5997304,13.384749856970313,121.67203044662341,31462.0,4.271428571428571
269.7997302,17.68813139760487,197.4676936197211,29894.0,1.889655172413793
269.99973,17.20327868852459,59.72935264326706,30805.0,1.4912280701754386
270.1997298,16.18290136346886,62.91521780444045,32564.0,1.271356783919598
270.3997296,7.296356715606308,25.89262749101613,33102.0,1.3915343915343916
270.5997294,14.89209324681567,66.84765539601416,33288.0,1.2018779342723005
270.7997292,7.516333554737033,29.390171921424347,33122.0,1.3435897435897435
270.999729,15.800115949497552,92.1556535008363,31048.0,1.2300469483568075
271.1997288,10.426441171122022,15.050391855953174,27495.0,1.0938967136150235
271.3997286,5.878276356033916,27.71908416720183,25829.0,1.0751173708920188
271.5997284,6.517252270035531,25.97246696012478,25330.0,1.1032863849765258
271.7997282,5.518899678879561,13.209724927959096,25847.0,1.136150234741784
271.999728,52.79411863552344,225.69669847978722,29755.0,1.0704225352112675
272.1997278,10.124718698020287,20.312769536888958,30661.0,1.056338028169014
272.3997276,12.144562860720066,26.62519510545123,32747.0,1.0422535211267605
272.5997274,28.08361847733105,261.9186263030702,32732.0,3.5259740259740258
272.7997272,6.936914581294562,111.38801914395306,28612.0,3.8028169014084505
272.999727,14.10039307677677,37.268725215417454,31546.0,3.458064516129032
273.1997268,6.092894280762565,37.11302430663632,31735.0,3.3797468354430378
273.3997266,6.244022956756591,14.545947786180806,32583.0,3.3647798742138364
273.5997264,7.271864211737629,51.474814263794926,31284.0,3.6462585034013606
273.7997262,3.8320441600450037,43.99498409305414,28442.0,3.7222222222222223
273.999726,5.886347467273762,39.46876604485,28112.0,3.767605633802817
274.1997258,10.081553542808155,79.7797306719148,26829.0,3.7222222222222223
274.3997256,6.01326727222681,225.5450968486933,18165.0,1.618705035971223
274.5997254,9.787483942007707,50.8863169330209,16347.0,1.858267716535433
274.7997252,,76.13260305747914,11261.0,1.4271844660194175
274.999725,7.1038685744568095,28.318391087323313,11322.0,1.4019607843137254
275.1997248,,54.85994194490589,16739.0,1.7923076923076924
275.3997246,6.688192771084338,10.98897067291448,16600.0,1.7984496124031009
275.5997244,6.093513058129739,16.796470951479236,16618.0,1.7829457364341086
275.7997242,4.951272556280491,7.211242296202133,17013.0,1.748091603053435
275.99972399999996,15.515392553100009,214.2416625114441,23258.0,3.804195804195804
276.19972379999996,11.21114540752482,39.465945715116305,23974.0,3.9416058394160585
276.39972359999996,22.063538611925708,12.742521167089457,26598.0,3.9347826086956523
276.59972339999996,14.176092171258269,38.90797284363337,27514.0,4.2578125
276.79972319999996,7.749291728183233,11.655634345081157,25061.0,4.370967741935484
276.99972299999996,14.788775699203557,47.65597684611187,26995.0,4.122137404580153
277.19972279999996,7.055316196874544,25.906170821180627,27388.0,3.977777777777778
277.39972259999996,5.076782449725777,21.06856803740172,26803.0,4.06015037593985
277.59972239999996,6.367044701664134,50.83980172019867,25659.0,4.253968253968254
277.79972219999996,8.225541886350323,50.46027264282462,25605.0,4.53781512605042
277.99972199999996,12.167409608717186,46.73969883209293,28266.0,4.491666666666666
278.19972179999996,,249.3719531985712,78976.0,2.339622641509434
278.39972159999996,12.01633563242234,34.847278961178006,77132.0,2.1602787456445993
278.59972139999996,5.902351984788569,39.98224272906129,72577.0,2.1602787456445993
278.79972119999996,5.493749826769035,20.77662756509652,72158.0,2.1602787456445993
278.99972099999997,4.170931593912026,9.461839257618257,71748.0,2.1602787456445993
279.19972079999997,4.886597221256415,11.474508191669821,71903.0,2.1602787456445993
279.39972059999997,25.23468187624094,131.98231036964174,79073.0,2.1602787456445993
279.59972039999997,5.539435417166946,58.365913372813594,74958.0,2.1602787456445993
279.79972019999997,3.0935845718804025,4.549293243690502,74617.0,2.1602787456445993
279.99971999999997,,543.8146628790954,26064.0,1.2295081967213115
280.19971979999997,10.154032537210107,71.74397288413412,23112.0,1.3950617283950617
280.39971959999997,,570.6036940522048,69983.0,2.7074235807860263
280.59971939999997,,374.37564308517716,22649.0,3.736111111111111
280.79971919999997,3.077246239327822,14.144965810250895,22137.0,3.8156028368794326
280.99971899999997,15.531963056863455,179.11573200249168,22088.0,1.477124183006536
281.19971879999997,4.960869933864677,199.82657171768813,23588.0,3.3509933774834435
281.39971859999997,7.2388167017615945,125.22020062432283,19471.0,1.2857142857142858
281.5997184,10.907763615295481,237.4827257341093,21575.0,3.73943661971831
281.7997182,,159.42783228509975,18051.0,1.8305084745762712
281.999718,,180.6511113170665,25768.0,4.32
282.1997178,30.411466001622546,216.62393295627845,33281.0,4.16546762589928
282.3997176,26.28772948164147,223.41200883839892,29632.0,1.4444444444444444
282.5997174,7.116327411067969,82.45360806191226,25497.0,1.3391812865497077
282.7997172,6.576716242332577,234.741690868432,23802.0,3.635135135135135
282.999717,9.866247340671539,67.4833545835438,21622.0,4.0
283.1997168,4.331995201181248,8.83042931543584,21672.0,3.9705882352941178
283.3997166,10.611181645053051,14.61621239713902,22054.0,4.122137404580153
283.5997164,,353.4669872953828,64811.0,3.0693069306930694
283.7997162,,339.84803967370306,20827.0,4.122137404580153
283.999716,,346.00814336973593,65919.0,3.0097087378640777
284.1997158,,323.78026264152663,22783.0,4.1953125
284.3997156,8.817210876034405,8.16418103922581,24531.0,4.288
284.5997154,3.1440229649374616,4.563512306083684,24385.0,4.357723577235772
284.7997152,3.1949027385121735,12.106621597378716,23699.0,4.354838709677419
284.999715,4.058958189357291,10.499737756128395,23152.0,4.338709677419355
285.1997148,6.7076104746317515,4.359220483101737,24440.0,4.304
285.3997146,18.64915768546615,56.185684386004304,28671.0,3.496551724137931
285.5997144,7.546575009547617,49.10637619154128,28803.0,3.9051094890510947
285.7997142,4.56935900702508,32.80521273640857,27473.0,3.9925373134328357
285.999714,6.1860499813502425,46.678127962899765,26810.0,4.022388059701493
286.1997138,5.5296845275840205,36.68650939736789,25232.0,4.083969465648855
286.3997136,5.971770516717325,11.018342117752123,26320.0,4.037593984962406
286.5997134,6.3527711359337635,13.100808372939257,28021.0,3.856115107913669
286.7997132,6.060329132902581,22.27357531975872,28013.0,3.9555555555555557
286.999713,12.126209873964209,60.91460539785551,28722.0,4.068702290076335
287.1997128,,123.53989344704345,23116.0,1.9918032786885247
287.3997126,,77.37486504212387,31821.0,3.689655172413793
287.5997124,7.090927093303409,29.79940756534492,30299.0,3.870503597122302
287.7997122,10.340252433090024,58.98994301882245,26304.0,4.099236641221374
287.999712,6.513870281346048,23.928665864795,25378.0,4.261904761904762
288.1997118,6.421674544226874,13.346481528600652,26658.0,4.099236641221374
288.3997116,4.119154388212684,13.778665194030683,24976.0,4.1796875
288.5997114,5.425457610789981,15.24294397966496,24912.0,4.304
288.7997112,18.84646362098139,53.372997217446255,29550.0,3.9925373134328357
288.999711,16.961496549219035,86.4681001574101,30283.0,3.464516129032258
289.1997108,6.617307354748113,19.89024849305826,28485.0,3.35
289.3997106,8.889916506101477,58.34195458208967,23355.0,3.884892086330935
289.5997104,9.658546693682078,63.55708609797502,21716.0,3.8613138686131387
289.7997102,7.84734805587014,8.002112993135535,21192.0,4.0
289.99971,8.899280237098367,18.39554016109321,21257.0,3.985294117647059
290.1997098,13.386708427131252,36.71584513863059,20434.0,3.9545454545454546
290.3997096,4.05821731159887,6.500558074127832,20183.0,3.854961832061069
290.5997094,10.964133096461325,26.620553975411298,20827.0,4.007936507936508
290.7997092,42.66738715829625,421.0177289247958,23595.0,1.2905027932960893
290.999709,41.64755612389884,161.09362313665338,28152.0,0.9859154929577465
291.1997088,,597.8233813689951,74185.0,2.1602787456445993
291.3997086,9.052147448582698,28.11833199214585,73273.0,2.1602787456445993
291.5997084,4.125913472619548,4.189924259409434,73757.0,2.1602787456445993
291.7997082,3.818124940494811,7.114482256503355,73523.0,2.1602787456445993
291.999708,14.098445249522078,31.27403220940127,74803.0,2.1602787456445993
292.1997078,5.3297816874105965,21.04736813503118,74801.0,2.1602787456445993
292.3997076,4.767332908637257,10.798144990166021,75348.0,2.1602787456445993
292.5997074,11.279913821677162,6.825801019669408,78442.0,2.2878228782287824
292.7997072,,434.03101378655913,27615.0,1.4035087719298245
292.999707,12.284636777347043,178.5584953833755,23732.0,3.8297872340425534
293.1997068,8.802958333333333,35.354819479255326,24000.0,3.963235294117647
293.3997066,4.750614250614251,25.822411738647162,23606.0,4.122137404580153
293.5997064,12.347001061571126,45.85459249962958,22608.0,4.203125
293.7997062,6.033826256048478,3.741662273891858,22113.0,4.21875
293.999706,7.920137437897572,11.460295550154328,21537.0,4.354838709677419
294.1997058,7.389237627365357,6.780448557127211,21984.0,4.32
294.3997056,7.893693447915246,19.23997061138892,21993.0,4.2936507936507935
294.5997054,8.50893056985541,5.340433671997584,22339.0,4.251968503937008
294.7997052,6.294401153101211,10.393751353376281,22201.0,4.251968503937008
294.999705,9.703281982585398,53.48687737193911,23888.0,4.029850746268656
295.1997048,6.226796082849467,19.57317593610383,23078.0,4.090909090909091
295.3997046,5.606038386888074,16.261651088089984,23185.0,4.029850746268656
295.5997044,4.825834220802272,11.27633945459079,22536.0,4.153846153846154
295.7997042,3.766706443914081,2.477453016780421,21788.0,4.21875
295.999704,7.1093772099382395,28.052807793005346,21211.0,4.390243902439025
296.1997038,6.58743119266055,11.48158510882161,21800.0,4.32
296.3997036,4.039792546355792,2.1715430857167752,21788.0,4.354838709677419
296.5997034,10.230840339833605,27.06736048576649,22717.0,4.285714285714286
296.7997032,5.570088888888889,0.6674668996326497,22500.0,4.251968503937008
296.999703,9.068149957038846,20.14490523016344,22113.0,4.354838709677419
297.1997028,,227.61407985442025,14860.0,1.7383177570093458
297.3997026,,222.71139885175242,22424.0,4.285714285714286
297.5997024,3.0266060415072253,5.708811972696786,22213.0,4.32
297.7997022,2.894789081885856,2.9121391865719426,22165.0,4.354838709677419
297.999702,2.746300306803826,7.596038592625908,22164.0,4.354838709677419
298.19970179999996,2.833946518305815,2.4099831741487314,22288.0,4.370967741935484
298.39970159999996,2.5938628158844765,5.237935103789159,22160.0,4.390243902439025
298.59970139999996,4.349175471948362,16.002995458276917,22619.0,4.25984251968504
298.79970119999996,3.2368327560174084,4.3787948883943315,22518.0,4.354838709677419
298.99970099999996,3.088756350784184,1.1369122664756044,22635.0,4.32
299.19970079999996,3.137402563086273,1.105617313513791,22707.0,4.354838709677419
299.39970059999996,13.010230939038886,19.166456243241186,23556.0,4.153846153846154
299.59970039999996,13.51986444910153,21.45148612004305,22427.0,3.884892086330935
299.79970019999996,8.625880511348813,34.426778874602476,19165.0,4.122137404580153
299.99969999999996,,338.01817083099195,63238.0,3.0541871921182264
300.19969979999996,,326.36589746090806,19302.0,4.244094488188976
300.39969959999996,26.976277213982133,126.6314116486006,23058.0,3.5526315789473686
300.59969939999996,23.45724270996396,38.92530904233911,27469.0,3.7162162162162162
300.79969919999996,10.832926049851498,77.18830633109553,26599.0,4.08955223880597
300.99969899999996,11.798018292682928,103.23709990219704,30176.0,4.442748091603053
301.19969879999996,4.84946715680814,116.87829669215265,26931.0,4.162790697674419
301.39969859999997,3.5583566073790975,5.265350167531529,27212.0,4.122137404580153
301.59969839999997,6.384568607812277,35.82495427662052,27956.0,4.0606060606060606
301.79969819999997,7.907685881370092,35.89968791572929,28728.0,3.9411764705882355
301.99969799999997,3.3741235333497763,25.395019058940967,28381.0,3.977777777777778
302.19969779999997,3.044633137382974,19.89885105728943,27558.0,3.9851851851851854
302.39969759999997,3.320944681488135,12.87937736440836,26718.0,4.090909090909091
302.59969739999997,8.864112604508414,57.27341319017436,28347.0,4.052238805970149
302.79969719999997,4.22430558103695,13.19607237402535,27253.0,4.2015503875969
302.99969699999997,3.9418636345936684,32.42789622473031,25681.0,4.32
303.19969679999997,5.141571639128074,13.768585545812213,25782.0,4.373983739837398
303.39969659999997,7.021823507872575,25.72491274248984,27310.0,4.162790697674419
303.59969639999997,3.796460821438975,3.498140666212308,27464.0,4.186046511627907
303.79969619999997,4.8408192858437555,28.7643176438537,27585.0,4.130769230769231
303.999696,3.6168410563029396,11.162826303178507,28098.0,4.091603053435114
304.1996958,7.576492014569908,38.62060650352598,28552.0,3.856115107913669
304.3996956,,110.3425381501412,20873.0,2.26271186440678
304.5996954,,127.16842885338241,29174.0,3.870503597122302
304.7996952,2.924756170557375,5.860606742911852,28401.0,3.870503597122302
304.999695,2.3766656174588188,8.459694503916547,28593.0,3.8633093525179856
305.1996948,3.050430201931519,4.458146256981502,28475.0,3.9124087591240877
305.3996946,4.088302080281277,29.485408001449084,27304.0,3.9124087591240877
305.5996944,11.556465728488412,79.6020251789709,28566.0,4.0606060606060606
305.7996942,,188.47620332734385,20054.0,2.641509433962264
305.999694,,136.6233347144555,29387.0,4.234375
306.1996938,14.743984339707875,47.311427524099834,33205.0,3.6486486486486487
306.3996936,7.179977396873234,52.764210784242934,31854.0,4.161764705882353
306.5996934,3.197969543147208,9.053008457654677,31914.0,4.274074074074074
306.7996932,11.59008066925605,76.26195519202759,33470.0,4.578125
306.999693,4.947570332480819,33.52059086816402,32844.0,4.484375
307.1996928,12.457584294136439,47.85328281996117,34433.0,3.943661971830986
307.3996926,4.5568943596856215,11.005794333375862,34608.0,4.318181818181818
307.5996924,,141.75840591273695,26289.0,3.0283018867924527
307.7996922,,151.6646305056874,34419.0,4.65625
307.999692,5.544830981293075,23.21934245383985,30470.0,4.6640625
308.1996918,3.494521152084676,11.115030906645943,29477.0,4.784
308.3996916,2.429955114575951,1.5662538251157008,29631.0,4.746031746031746
308.5996914,,27.206777672410134,31372.0,4.635658914728682
308.7996912,,34.34549091111653,29788.0,4.753968253968254
308.999691,6.653427547637387,38.258366483892644,29861.0,4.661538461538462
309.1996908,4.40491452991453,20.407988166710016,28080.0,4.950413223140496
309.3996906,2.763346840122272,5.151257609133098,28134.0,5.008403361344538
309.5996904,,162.4533762274199,19500.0,2.78
309.7996902,,155.88105967007021,28565.0,4.959016393442623
309.99969,,152.60269132424756,19766.0,2.772277227722772
310.1996898,,157.14098804186514,28818.0,4.926829268292683
310.3996896,2.2017253974327757,6.407397113975703,28747.0,4.861788617886178
310.5996894,9.248508430609597,32.54668601506186,30840.0,4.455223880597015
310.7996892,10.716148075267494,45.40164302496607,32524.0,4.028169014084507
310.999689,5.24061305186105,68.43395946899142,30601.0,4.0
311.1996888,6.691519747857776,39.21163261846651,30459.0,4.231343283582089
311.3996886,4.159933270472184,26.7282344042175,27574.0,4.4015748031496065
311.5996884,3.8627056318947166,28.051131458907225,25835.0,4.291338582677166
311.7996882,4.71468850698174,23.04909899283289,22344.0,4.312
311.999688,4.740640925127401,23.88876577336737,20408.0,4.426229508196721
312.1996878,4.400864480040681,11.528829534389182,19665.0,4.5
312.3996876,3.5460153721682848,9.286632769943825,19776.0,4.5
312.5996874,5.475820547679161,9.000150182721327,20596.0,4.426229508196721
312.7996872,3.3655072027305124,14.329230672407878,19923.0,4.53781512605042
312.999687,2.6236045459116966,2.163605634205823,19886.0,4.576271186440678
313.1996868,2.466572409614219,10.648297601181172,19804.0,4.5508474576271185
313.3996866,2.4275310653900997,11.629767158102243,19636.0,4.5508474576271185
313.5996864,2.181002130033472,8.557862144448396,19718.0,4.53781512605042
313.7996862,11.745152611559513,31.355908328080922,21558.0,4.153846153846154
313.999686,8.795745236230749,51.26521938343233,22986.0,4.090909090909091
314.1996858,6.173248354578022,20.661114798999346,24006.0,3.9416058394160585
314.3996856,5.915093956735257,13.447490312931576,24639.0,3.684931506849315
314.5996854,11.600787401574804,20.007591649196723,26670.0,3.857142857142857
314.7996852,8.915223044608922,82.19970611853245,24995.0,3.898550724637681
314.999685,2.8503163776809926,5.874354515736171,24338.0,4.0
315.1996848,2.1620194687345324,4.59141605720381,24244.0,3.9925373134328357
315.3996846,2.2196610449053646,1.1227584100676646,24251.0,4.007462686567164
315.5996844,3.3162878014936945,7.874987201797927,24503.0,3.9416058394160585
315.7996842,9.2322516954245,176.63377935200566,23298.0,1.5405405405405406
315.999684,3.455902360944378,159.89362956781846,24990.0,3.801418439716312
316.1996838,2.226377561169684,5.800756517155242,25135.0,3.8297872340425534
316.3996836,12.806367000826416,29.122376308090125,27831.0,3.566666666666667
316.5996834,3.437852478480261,13.15411065663578,26952.0,3.6462585034013606
316.7996832,2.947300564061241,143.09535555977027,24820.0,1.5578231292517006
316.999683,3.5070928289543857,130.784482055148,28127.0,3.597315436241611
317.1996828,2.3693595057480255,135.29727952812488,25574.0,1.5405405405405406
317.3996826,3.4674666572826127,136.0472847286056,28417.0,3.576158940397351
317.5996824,5.974933776143597,164.31947585325693,25293.0,1.6267605633802817
317.7996822,2.4610243370868146,140.40009803356233,27530.0,3.851063829787234
317.999682,3.701215099226755,25.437746324417873,26253.0,3.842857142857143
318.1996818,5.622439753115541,29.564969308051293,25437.0,4.052238805970149
318.3996816,3.8975713642134577,15.071364056792609,24417.0,4.184615384615385
318.5996814,2.2476570207168693,9.851627729034385,24328.0,4.2015503875969
318.7996812,2.083585507483438,2.9241492674529503,24454.0,4.176923076923077
318.999681,2.0645148076844304,1.4494441758942,24413.0,4.176923076923077
319.1996808,20.304115937764372,188.11205053833234,27187.0,1.7972027972027973
319.3996806,,522.4265092731285,69401.0,2.995169082125604
319.5996804,5.388978006986193,23.61258475072319,66703.0,2.995169082125604
319.7996802,5.580026444974695,2.384774574727162,65797.0,2.8703703703703702
319.99968,,459.74867258110146,23999.0,3.971223021582734
320.19967979999996,14.042243121405255,27.03513797073896,25732.0,3.874125874125874
320.39967959999996,12.246824408468244,74.32566094004609,28105.0,4.423357664233577
320.59967939999996,,461.60393929488174,73400.0,2.7927927927927927
320.79967919999996,,673.8007748605443,26559.0,1.9795918367346939
320.99967899999996,3.3677498186261405,8.22325651946901,26189.0,2.0
321.19967879999996,,653.6397166874818,74161.0,2.8181818181818183
321.39967859999996,2.0556875877714162,2.2114991207671766,74056.0,2.8310502283105023
321.59967839999996,1.9676048356630147,0.8868713005447824,74116.0,2.8310502283105023
321.79967819999996,,654.7527390095975,26117.0,1.9586206896551723
321.99967799999996,,653.7979223796159,74030.0,2.8310502283105023
322.19967779999996,4.302200456192137,8.535886885542574,74530.0,2.7927927927927927
322.39967759999996,3.425801238890385,11.18571101401226,74260.0,2.7927927927927927
322.59967739999996,2.3431782047481744,3.320625876265798,74218.0,2.7927927927927927
322.79967719999996,2.2471547340382596,2.5575398154565097,74334.0,2.7927927927927927
322.99967699999996,2.3297855249417623,2.425190758066796,74694.0,2.7927927927927927
323.19967679999996,2.1560886402753874,2.5158294794279423,74368.0,2.7927927927927927
323.39967659999996,3.296397210569621,4.121793878537704,74137.0,2.780269058295964
323.59967639999996,2.5321417034564444,1.6840814332965306,74296.0,2.7927927927927927
323.79967619999996,2.034012871193621,0.2779026041461432,74119.0,2.7927927927927927
323.99967599999997,1.9745125404804813,1.080133305016187,73801.0,2.7927927927927927
324.19967579999997,2.282759830986676,1.8415125755297035,74077.0,2.7927927927927927
324.39967559999997,4.938232797495888,9.533954281974301,75396.0,2.7312775330396475
324.59967539999997,3.464020555818514,11.138980449680801,73945.0,2.780269058295964
324.79967519999997,2.978930086195102,9.077501007757963,73090.0,2.8310502283105023
324.99967499999997,6.211868066614484,8.434271359157636,74098.0,2.767857142857143
325.19967479999997,4.73008377760853,32.70096618357535,72215.0,2.938388625592417
325.39967459999997,,428.4282108672072,28783.0,4.313432835820896
325.59967439999997,,430.6695926826905,72965.0,3.0097087378640777
325.79967419999997,5.110116622359967,10.540209647649332,74857.0,3.024390243902439
325.99967399999997,5.812269891097935,18.935413771076146,77409.0,2.980769230769231
326.19967379999997,,349.0154284154146,32963.0,4.2781954887218046
326.39967359999997,,231.6089398586426,20515.0,2.3363636363636364
326.5996734,,197.31004852971233,28039.0,4.627906976744186
326.7996732,11.646711485789492,80.73908500208385,28113.0,4.229629629629629
326.999673,,114.68816783628245,17997.0,2.3300970873786406
327.1996728,,196.06730943811561,25187.0,4.2421875
327.3996726,3.926342979376034,19.77721185586855,24777.0,4.145038167938932
327.5996724,,193.17636282105138,16981.0,2.0833333333333335
327.7996722,,192.22801250169783,24259.0,4.234375
327.999672,2.194203616546941,4.6942959079792015,24222.0,4.234375
328.1996718,2.264078392458447,3.299028120100443,24186.0,4.2421875
328.3996716,8.078394030082785,16.205788706377948,25729.0,3.985074626865672
328.5996714,4.810873901786851,64.87481110418136,23561.0,4.379032258064516
328.7996712,3.014570324115373,5.472413994279542,23541.0,4.450819672131147
328.999671,2.573739940703092,9.154892463790098,23610.0,4.414634146341464
329.1996708,3.2878973881386786,5.978539528320181,23623.0,4.40650406504065
329.3996706,2.5582327622584184,2.6213687409861657,23698.0,4.40650406504065
329.5996704,6.18994928538497,37.55639047326496,23859.0,4.2421875
329.7996702,6.683478260869565,63.14250728513454,23000.0,4.450819672131147
329.99967,8.291134136999556,11.167015615936663,24803.0,4.379032258064516
330.1996698,10.003928382564025,26.130786349162133,26474.0,4.253968253968254
330.3996696,6.745566860465116,17.12106839612805,27520.0,4.267716535433071
330.5996694,2.465778577857786,2.1598375974517343,27775.0,4.234375
330.7996692,2.261956872735101,2.8289353351169777,27871.0,4.234375
330.999669,2.2107832579510376,5.380899898267928,27858.0,4.234375
331.1996688,11.206931371488334,46.61623733714804,27729.0,4.115384615384615
331.3996686,4.757463133916796,32.084886094900654,25023.0,4.479338842975206
331.5996684,3.5295097671706444,23.20406735936781,24009.0,4.681034482758621
331.7996682,7.877648908983684,30.8323263303508,25435.0,4.370967741935484
331.999668,3.176127796568727,6.527074486414018,24539.0,4.450819672131147
332.1996678,6.851757188498403,17.86959246071049,25040.0,4.209302325581396
332.3996676,5.028172745738762,57.78970945523966,22646.0,4.275590551181103
332.5996674,6.070898274251438,52.011672728174425,20339.0,4.414634146341464
332.7996672,4.758081231801806,10.177871932160679,20263.0,4.2421875
332.999667,6.00695915279879,33.50138184325597,19830.0,4.137404580152672
333.1996668,,330.20791231800644,63582.0,3.1794871794871793
333.3996666,2.419119964697724,3.0501725118612377,63452.0,3.195876288659794
333.5996664,,306.1934255813903,18981.0,4.336
333.7996662,,189.72357699324988,12364.0,1.3577981651376148
333.999666,8.085067459410016,13.834555918155157,13119.0,1.5514018691588785
334.1996658,,200.65901442644304,20844.0,4.209302325581396
334.3996656,,211.63995167902976,13780.0,1.825242718446602
334.5996654,,174.42997049828267,20961.0,4.442622950819672
334.7996652,4.90769670413412,12.512000682552381,20996.0,4.525
334.999665,3.284623877874322,6.974235640124172,20831.0,4.641025641025641
335.1996648,,291.1261904695868,66225.0,3.2460732984293195
335.3996646,2.006057310312533,0.3419930531958427,66201.0,3.2460732984293195
335.5996644,2.038399951660171,0.8276243863263751,66198.0,3.2460732984293195
335.7996642,4.529403834631516,7.8224814182432345,66760.0,3.1472081218274113
335.999664,3.6673986460904726,7.624747748591525,66031.0,3.2460732984293195
336.1996638,,291.089277874078,20567.0,4.672413793103448
336.3996636,6.271082660729196,20.571737710836615,21558.0,4.442622950819672
336.5996634,,295.0281675087539,67580.0,3.163265306122449
336.7996632,9.346178170006036,41.41573821536461,69574.0,3.024390243902439
336.999663,7.296634471345213,13.310131950072137,70093.0,3.163265306122449
337.1996628,3.4336264299129247,10.867364383423471,70284.0,3.163265306122449
337.3996626,4.188207775907808,13.379222965966102,70114.0,3.195876288659794
337.5996624,5.14566459383203,16.56229554925623,71239.0,3.1794871794871793
337.7996622,7.465306066840148,28.806374038673003,73399.0,3.1472081218274113
337.999662,5.187444608567208,14.314091399007358,74470.0,2.9107981220657275
338.1996618,2.8261217948717947,9.504630286799111,73632.0,3.0097087378640777
338.3996616,5.760759511227618,45.409417805984575,72099.0,3.1155778894472363
338.5996614,4.665356767572081,27.894222454723714,69471.0,3.1472081218274113
338.7996612,2.8638582746221535,8.85838169719706,68414.0,3.1794871794871793
338.999661,2.347810068380099,4.879924135176658,67856.0,3.2291666666666665
339.1996608,4.153843936052127,10.966901024428882,69369.0,3.1472081218274113
339.3996606,2.8855855328612394,7.400978863160358,68348.0,3.2291666666666665
339.5996604,3.422647088666309,6.8774252381154,68989.0,3.1794871794871793
339.7996602,6.59499835754174,22.573797400404967,70017.0,2.9665071770334928
339.99966,3.3297378580413817,11.10772494654383,69161.0,3.0693069306930694
340.1996598,2.0988605267349096,2.9572360917347114,69067.0,3.084577114427861
340.3996596,2.025671080240214,1.9382923153755718,69105.0,3.0693069306930694
340.5996594,,324.16438704247145,25210.0,4.082706766917293
340.7996592,,309.49638011275056,70326.0,3.0541871921182264
340.999659,3.414995349377979,12.964316325738674,68808.0,3.163265306122449
341.1996588,4.678644426339637,20.490715634930023,69963.0,3.1472081218274113
341.3996586,10.111274571616718,58.69650926992717,71373.0,3.0693069306930694
341.5996584,5.009233729680051,20.359440447586987,69636.0,3.2291666666666665
341.7996582,3.9683739519527346,6.932290739186417,69057.0,3.2291666666666665
341.999658,3.2258493182343426,9.270992929551129,69232.0,3.2291666666666665
342.19965779999995,5.5421082379539355,9.26347084097347,70770.0,3.1472081218274113
342.39965759999995,3.2695265423242468,9.300288952443116,69700.0,3.1794871794871793
342.59965739999996,2.3913989652240333,3.1219343559533828,69387.0,3.163265306122449
342.79965719999996,5.358963332473266,23.06882343728547,69762.0,3.1313131313131315
342.99965699999996,4.998992509527356,7.128677349376832,68487.0,3.1
343.19965679999996,3.5217327781430345,6.111480525287799,68445.0,3.084577114427861
343.39965659999996,3.7370389625393523,7.1540141087836755,69246.0,3.084577114427861
343.59965639999996,3.852703488372093,8.74876193473513,68800.0,3.0693069306930694
343.79965619999996,2.995182036510439,12.509133998705984,67871.0,3.1155778894472363
343.99965599999996,2.4134036923713658,5.167114133145734,67653.0,3.1155778894472363
344.19965579999996,3.155348530689273,15.387680998989099,66766.0,3.1313131313131315
344.39965559999996,2.61398240187393,2.7436710240624573,66598.0,3.1155778894472363
344.59965539999996,3.421339776906477,13.376865353066123,65802.0,3.1472081218274113
344.79965519999996,4.870122913008541,29.583956387262045,67202.0,3.1794871794871793
344.99965499999996,2.5928418612943482,6.774870965452456,67308.0,3.195876288659794
345.19965479999996,2.0290412097288795,0.936903322270014,67387.0,3.195876288659794
345.39965459999996,5.280386140620025,23.49088541824659,69094.0,3.1
345.59965439999996,3.1359713069341577,5.353380799924139,68588.0,3.084577114427861
345.79965419999996,3.197024359700647,22.13476585792523,67078.0,3.1472081218274113
345.99965399999996,4.985860993408663,10.459120305205682,67968.0,3.024390243902439
346.19965379999996,2.788937928164891,7.240571250422995,67293.0,3.0541871921182264
346.39965359999997,2.719014272573514,4.748211242240308,67402.0,3.0097087378640777
346.59965339999997,2.2832540323787294,6.2240818021378965,66834.0,3.0541871921182264
346.79965319999997,4.9129727829373335,17.428503206735716,68266.0,2.9665071770334928
346.99965299999997,3.897418947747964,17.840317020089575,66562.0,3.0693069306930694
347.19965279999997,5.146415995780787,26.126691746228072,64467.0,3.0541871921182264
347.39965259999997,4.95873191171455,30.700234701375475,61573.0,3.163265306122449
347.59965239999997,2.847633353470374,2.961088517000622,61247.0,3.195876288659794
347.79965219999997,4.523840831018557,6.836974794549214,60841.0,3.2460732984293195
347.99965199999997,4.818509344742175,17.474135636398675,62174.0,3.1472081218274113
348.19965179999997,3.6784751575085735,8.236562026255507,62695.0,3.1
348.39965159999997,3.7025610161706712,5.223907908564332,63139.0,3.0541871921182264
348.59965139999997,,392.9866877442403,20264.0,4.1603053435114505
348.79965119999997,,384.65059359016146,63892.0,3.024390243902439
348.999651,2.8383640133588695,8.087481220361905,63179.0,3.1
349.1996508,4.23404255319149,8.187712489943127,62369.0,3.1472081218274113
349.3996506,4.0266980508488235,7.2845698400784356,62027.0,3.1155778894472363
349.5996504,3.942953931704511,8.080115520931422,62581.0,3.0693069306930694
349.7996502,2.6692684493696297,4.060706413460066,62265.0,3.0693069306930694
349.99965,5.359150102810144,3.716530719637526,62737.0,3.1
350.1996498,6.859831907321875,47.851556429708154,66035.0,2.8440366972477062
350.3996496,5.923483157541541,32.809069141219844,68547.0,2.9107981220657275
350.5996494,5.743543031763289,18.61522060651759,68066.0,3.0541871921182264
350.7996492,4.688706947679044,7.826902801975043,69131.0,2.995169082125604
350.999649,2.942825552468103,8.201560969353546,68737.0,3.0541871921182264
351.1996488,2.257529284608419,3.2487286293586575,68466.0,3.0541871921182264
351.3996486,4.177566128277154,11.390162462467993,68352.0,2.938388625592417
351.5996484,2.6428508045433032,8.639784275114863,67616.0,3.0097087378640777
351.7996482,2.517216009417304,4.426257041356767,67960.0,2.995169082125604
351.999648,2.709196815361199,3.7882155026345328,68328.0,2.9523809523809526
352.1996478,2.6097862568450805,3.6520896912984067,67932.0,2.980769230769231
352.3996476,3.120208880348525,6.281348729172556,68173.0,3.024390243902439
352.5996474,2.258883621259045,1.409382172171753,68131.0,3.0392156862745097
352.7996472,2.1633014627289633,3.5997972644394083,68297.0,3.0392156862745097
352.999647,2.1422739244951714,0.4361286389224115,68340.0,3.0392156862745097
353.1996468,2.237928723373255,4.002939010217654,68634.0,3.024390243902439
353.3996466,,652.8263119225145,24429.0,2.114503816793893
353.5996464,,617.194564007713,71986.0,3.0541871921182264
353.7996462,4.601682199844188,24.24191235135846,69314.0,3.1155778894472363
353.999646,3.806806989897853,21.026696762177004,71074.0,3.024390243902439
354.1996458,6.290017385679052,28.943791376804885,74199.0,2.857142857142857
354.3996456,,383.2512102543247,27826.0,3.9785714285714286
354.5996454,5.138399347540867,16.049791374244226,28201.0,3.915492957746479
354.7996452,3.7505247376311845,111.91156851304989,23345.0,1.669064748201439
354.999645,4.616038400563678,10.619000718893965,22708.0,1.5815602836879432
355.1996448,5.941930509373043,140.47081054000665,20751.0,4.082706766917293
355.3996446,,438.994880748372,65101.0,2.980769230769231
355.5996444,6.748108320369727,13.529698116840107,66211.0,2.8310502283105023
355.7996442,9.39291610164495,20.38178827904767,67844.0,2.9665071770334928
355.999644,,439.67521879468177,23336.0,3.906474820143885
356.1996438,5.50592952099599,12.271428266965154,23695.0,4.014814814814815
356.3996436,,405.736411590668,69363.0,2.883720930232558
356.5996434,3.5555604203152362,10.734597823184094,68520.0,3.0097087378640777
356.7996432,6.225996034406516,11.91413739444892,70103.0,2.995169082125604
356.999643,,361.40929152268257,25595.0,4.052238805970149
357.1996428,,393.8236897991498,70729.0,3.024390243902439
357.3996426,,336.4009978126172,25775.0,4.137404580152672
357.5996424,,348.471150174127,69877.0,3.1313131313131315
357.7996422,5.09365148923538,20.581364762861234,70741.0,3.0097087378640777
357.999642,3.9249842227052802,10.564587614305305,71305.0,2.9665071770334928
358.1996418,3.728390222047994,11.813040531719977,71426.0,2.938388625592417
358.3996416,2.661479038033212,2.6980265310133826,70938.0,2.9665071770334928
358.5996414,6.230975738622571,40.01459002244386,70029.0,3.084577114427861
358.7996412,3.135039705048213,10.603122701971055,70520.0,3.084577114427861
358.999641,2.9659437022765585,4.412957971005304,70589.0,3.0693069306930694
359.1996408,3.5596721264898497,4.347688868638517,70393.0,3.0541871921182264
359.3996406,2.666609834761235,3.260332288550148,70383.0,3.1155778894472363
359.5996404,2.683245582401731,5.540835580815637,69325.0,3.1472081218274113
359.7996402,3.0019739264933345,11.311566344558647,67885.0,3.2291666666666665
359.99964,2.5728233129562583,3.203398278988776,67396.0,3.2460732984293195
360.1996398,2.665472948975968,1.741409094851177,67576.0,3.2460732984293195
360.3996396,3.977015205777021,4.719517789390621,68132.0,3.195876288659794
360.5996394,2.911363909232801,14.969133140305615,66632.0,3.3155080213903743
360.7996392,2.5228950586530186,2.6014118573793326,66237.0,3.3513513513513513
360.999639,2.3391979184000724,0.5656619782191082,66103.0,3.3333333333333335
361.1996388,,335.16884532177534,23063.0,4.721739130434782
361.3996386,12.086874143352414,62.53128695768741,24806.0,4.414634146341464
361.5996384,14.709624981097837,38.18952784862422,26452.0,4.275590551181103
361.7996382,8.818525602016866,35.84820001285028,23006.0,4.442622950819672
361.999638,,314.5804257035712,67732.0,3.163265306122449
362.1996378,,305.5086178073809,22893.0,4.525
362.3996376,,311.8843841107511,67323.0,3.2460732984293195
362.5996374,3.085157206413663,9.182736784836928,66982.0,3.2291666666666665
362.7996372,3.417005193220541,3.4211367708962017,67203.0,3.2291666666666665
362.999637,,320.7097130169029,23996.0,4.379032258064516
363.1996368,5.478691526552356,27.761219839399487,24028.0,4.275590551181103
363.3996366,4.104914618908788,18.266931884985432,24010.0,4.209302325581396
363.5996364,5.147887026639085,4.168552315263614,23687.0,4.275590551181103
363.7996362,6.3494183895762255,9.294972301169812,24329.0,4.137404580152672
363.999636,6.067538852547811,31.13411456248601,24001.0,4.301587301587301
364.1996358,,308.4311022253455,69334.0,3.024390243902439
364.39963559999995,5.432548147703032,36.127440892467455,66566.0,3.2124352331606216
364.59963539999995,,285.53943410163816,22270.0,4.571428571428571
364.79963519999995,8.693431641415277,26.86229410264481,22243.0,4.525
364.99963499999996,3.4909775117881754,4.469467161587355,22056.0,4.563025210084033
365.19963479999996,10.312716562716563,32.00773393628263,23088.0,4.379032258064516
365.39963459999996,5.582382434301522,25.11376928930476,23136.0,4.414634146341464
365.59963439999996,7.166220074676038,8.860629152549269,22765.0,4.563025210084033
365.79963419999996,3.8280076908991028,31.79973289821069,21844.0,4.721739130434782
365.99963399999996,3.791969604578076,10.707685056300337,21319.0,4.7631578947368425
366.19963379999996,,303.2813578524241,65624.0,3.3155080213903743
366.39963359999996,,287.38951831151695,21403.0,4.857142857142857
366.59963339999996,23.39755176753232,41.66820230908618,26223.0,4.632478632478633
366.79963319999996,28.79170344218888,252.70394231525833,27192.0,1.9928057553956835
366.99963299999996,11.755115044247788,104.4888166295189,28250.0,4.044776119402985
367.19963279999996,12.928655681452621,46.473435377245536,27977.0,3.763888888888889
367.39963259999996,,331.934101268335,75023.0,2.2627737226277373
367.59963239999996,4.3292335998867735,44.53112616956542,70655.0,2.551440329218107
367.79963219999996,3.5000978105484917,52.79725377658901,66455.0,2.857142857142857
367.99963199999996,2.6559277956249043,9.70979004011249,65370.0,2.897196261682243
368.19963179999996,7.864801796380821,50.12328987366048,68137.0,2.4899598393574296
368.39963159999996,7.7262933421956355,67.37528046978596,72216.0,2.2382671480144403
368.59963139999996,6.8783593826112375,22.94033116470944,71851.0,2.6050420168067228
368.79963119999996,6.352022022155139,54.68267306005244,75197.0,2.5306122448979593
368.99963099999997,8.645575826387635,51.14778314596327,77506.0,2.1602787456445993
369.19963079999997,7.365831608186368,12.192850572219966,76322.0,2.1602787456445993
369.39963059999997,4.724028154635575,23.888317723704912,74446.0,2.1602787456445993
369.59963039999997,3.5086721637759455,5.159929238699618,73857.0,2.1602787456445993
369.79963019999997,14.779327469160261,37.45558706529291,75714.0,2.1602787456445993
369.99962999999997,,325.9772874586195,34777.0,3.7320261437908497
370.19962979999997,8.594132601859904,83.34309294829302,29894.0,3.9858156028368796
370.39962959999997,15.842647840727832,127.806344284496,33854.0,4.104166666666667
370.59962939999997,7.46510413466855,49.819435088328675,32554.0,3.835616438356164
370.79962919999997,5.426126289126108,95.19957605463618,27635.0,4.251908396946565
370.99962899999997,7.212825246438399,51.890558255745454,28709.0,4.771653543307087
371.19962879999997,,368.2818791445642,72649.0,3.1155778894472363
371.39962859999997,,332.47037839839913,27104.0,4.176923076923077
371.5996284,5.52602269396642,135.2163497991412,23883.0,1.9850746268656716
371.7996282,11.861177246254716,210.18636257756125,27301.0,3.8714285714285714
371.999628,4.562691809946386,24.004652700825037,27045.0,3.906474820143885
372.1996278,3.4788107140192492,8.002329194915315,26806.0,3.9562043795620436
372.3996276,4.91402648715885,14.89482275519658,27334.0,3.8992805755395685
372.5996274,3.0143841774048545,6.603588335851455,26696.0,3.985294117647059
372.7996272,3.354899379349257,8.288509831870742,26585.0,3.9926470588235294
372.999627,5.0388870011703855,6.3749279640697045,26487.0,4.014814814814815
373.1996268,4.356644447043231,14.302367709520915,25653.0,4.106060606060606
373.3996266,4.84096672558211,14.333127254474205,26026.0,4.044776119402985
373.5996264,3.9203465516583336,11.559432178524517,26201.0,3.9347826086956523
373.7996262,16.344345750096547,65.21529611042972,28483.0,3.6375838926174495
373.999626,7.47073006417757,44.863742479783305,28203.0,3.7448275862068967
374.1996258,4.725316365196254,33.008059792735956,27974.0,3.7379310344827585
374.3996256,2.7573351618607673,2.244518094395485,27709.0,3.7902097902097904
374.5996254,,292.17884466337875,72099.0,2.883720930232558
374.7996252,,311.79630624657415,29919.0,3.7569444444444446
374.999625,15.931582514401898,146.0702101683496,29510.0,3.9562043795620436
375.1996248,9.70036177162727,81.13028842372631,28471.0,3.7746478873239435
375.3996246,3.866922981520526,145.7959920165318,24189.0,1.7342657342657342
375.5996244,4.696237002805743,25.251956980785234,24236.0,1.7112676056338028
375.7996242,6.464822962497381,37.48620080931474,23865.0,1.6258503401360545
375.999624,5.432897582996332,47.701037308854346,21266.0,1.7801418439716312
376.1996238,15.09323078440073,105.58172241811275,20283.0,1.5655172413793104
376.3996236,4.356768558951965,9.870019509462903,20610.0,1.5850340136054422
376.5996234,3.397612812248187,13.102765811717084,19856.0,1.6319444444444444
376.7996232,4.664003408969852,3.3614765243039506,18774.0,1.6312056737588652
376.999623,5.298659058487875,23.846751608859403,17525.0,1.661764705882353
377.1996228,4.466191520467836,10.618203088230162,16416.0,1.637037037037037
377.3996226,5.5187890210861115,7.835818594475588,16978.0,1.6423357664233578
377.5996224,5.920954556383746,26.313178116052956,16636.0,1.6569343065693432
377.7996222,4.841709298826362,13.390280079423587,16615.0,1.6666666666666667
377.999622,5.348650798507006,13.362991159201353,16343.0,1.6865671641791045
378.1996218,,72.67224900584289,12373.0,1.3513513513513513
378.3996216,,73.10468369570434,16310.0,1.7272727272727273
378.5996214,,72.49744513242871,12345.0,1.3818181818181818
378.7996212,,9.121146958558416,14096.0,1.184
378.999621,,62.00437714087765,16970.0,1.6470588235294117
379.1996208,7.3770619272424325,15.164508001742524,18005.0,1.5664335664335665
379.3996206,9.498151733849674,274.6454550310349,22724.0,3.797202797202797
379.5996204,,404.3214937918161,69265.0,2.9245283018867925
379.7996202,4.468336531663469,3.2272132852387947,69307.0,2.938388625592417
379.99962,,450.7645251189129,25281.0,3.9285714285714284
380.1996198,,449.41596338378537,69897.0,3.0097087378640777
380.3996196,,413.4934892076527,26077.0,4.236641221374046
380.5996194,,436.44065770867684,70828.0,3.1
380.7996192,,350.4378571398474,26087.0,4.152671755725191
380.999619,5.026219559635883,8.24616587199101,25706.0,4.124031007751938
381.1996188,5.202778215016528,14.364948093277864,25412.0,4.2204724409448815
381.3996186,4.9878902710272675,45.16553197397386,24278.0,4.40650406504065
381.5996184,13.045869999574885,111.0802524109766,23523.0,4.273504273504273
381.7996182,7.647235163054487,20.081521454556455,24685.0,4.023809523809524
381.999618,,302.969171921892,70279.0,3.1155778894472363
382.1996178,6.4690928589105505,11.708947738859704,72734.0,3.0541871921182264
382.3996176,,340.8793847823395,29602.0,4.007518796992481
382.5996174,15.80729313642492,69.77955554361752,31893.0,3.2621951219512195
382.7996172,16.328324446598803,220.90321800056176,24756.0,1.2162162162162162
382.999617,,477.46166285584695,74717.0,2.1602787456445993
383.1996168,9.14926511369939,17.59895972848586,72120.0,2.1602787456445993
383.3996166,5.169001871834397,12.496642722507701,72656.0,2.1602787456445993
383.5996164,,669.7249879679913,29725.0,1.136150234741784
383.7996162,,620.7551482414956,73778.0,2.1602787456445993
383.999616,5.444651264644695,8.945896743191495,73064.0,2.1602787456445993
384.1996158,9.708508903085496,21.468577636344016,73570.0,2.1602787456445993
384.3996156,,451.3376092405158,36707.0,3.010752688172043
384.5996154,17.89189009159034,171.45630852648534,30025.0,3.7006802721088436
384.7996152,11.136190414675106,188.2527881973695,30964.0,2.3333333333333335
384.999615,7.764592179479054,22.94178451804712,31558.0,2.0135135135135136
385.1996148,8.277366182981895,43.08504458687742,22811.0,1.9782608695652173
385.3996146,,528.9616388184105,66045.0,2.9245283018867925
385.5996144,9.291884024555436,33.76411413799671,69394.0,2.780269058295964
385.7996142,9.463777149822695,36.5680764327967,72192.0,2.780269058295964
385.999614,3.3078587778317265,4.1223959133953345,72085.0,2.8054298642533935
386.1996138,,430.0322396282338,24983.0,3.62
386.39961359999995,10.510520299733288,57.88327053169689,23621.0,3.9635036496350367
386.59961339999995,,447.408854705677,64952.0,3.1
386.79961319999995,,393.21047814805394,21623.0,4.352
386.99961299999995,9.590628615503277,8.234850631529484,20744.0,4.4227642276422765
387.19961279999995,7.553332038080435,14.561591369344756,20588.0,4.352
387.39961259999995,,379.80916088032836,64425.0,3.1155778894472363
387.59961239999996,4.6499695896948054,6.1441573743881195,64123.0,3.084577114427861
387.79961219999996,,547.3007337332326,26063.0,2.857894736842105
387.99961199999996,,414.909848520139,74491.0,2.1602787456445993
388.19961179999996,5.985180149558124,8.780799799785349,73550.0,2.1602787456445993
388.39961159999996,4.3372900151969445,13.84645131129639,73041.0,2.1602787456445993
388.59961139999996,3.8167822981238966,8.986624570414099,73077.0,2.1602787456445993
388.79961119999996,5.530525113534386,16.004008304802127,73546.0,2.1602787456445993
388.99961099999996,9.416566923934129,33.38536614040027,72687.0,2.1602787456445993
389.19961079999996,4.210263154289785,9.736047659065965,72999.0,2.1602787456445993
389.39961059999996,6.152462497431331,11.090273512590093,72995.0,2.1602787456445993
389.59961039999996,8.117327828963557,24.682241465254265,73154.0,2.1602787456445993
389.79961019999996,6.112102447106114,13.347652999178486,73638.0,2.1602787456445993
389.99960999999996,,550.9735779348114,29808.0,1.1578947368421053
390.19960979999996,12.322600781943029,64.40139924982684,30437.0,1.4252873563218391
390.39960959999996,10.554639394153869,71.50721677856592,28258.0,1.319767441860465
390.59960939999996,7.405258041337334,63.11338106166288,23659.0,1.5364238410596027
390.79960919999996,5.888282089873146,33.81875793958477,23255.0,1.5503355704697988
390.99960899999996,8.10524941237921,23.413691333356503,22974.0,1.5902777777777777
391.19960879999996,5.373862987212726,14.997876734953488,22757.0,1.6978417266187051
391.39960859999997,,538.6056800454675,70598.0,2.883720930232558
391.59960839999997,2.943111926710728,12.747710302864565,69751.0,2.938388625592417
391.79960819999997,,550.7921993353618,21630.0,1.7279411764705883
391.99960799999997,3.5075091830566794,9.158973387290073,21507.0,1.711111111111111
392.19960779999997,8.031160702136345,28.92154266024247,22047.0,1.6569343065693432
392.39960759999997,5.2439181421016325,12.158858138000557,21745.0,1.7164179104477613
392.59960739999997,3.911976911976912,2.799375605705293,21483.0,1.7259259259259259
392.79960719999997,3.8523988756015055,12.295953816507321,20989.0,1.6865671641791045
392.99960699999997,6.496458002023999,20.00926616663417,20751.0,1.6946564885496183
393.19960679999997,4.833446932814021,7.197156981498107,20540.0,1.6417910447761195
393.39960659999997,6.950399532254921,11.556045408620907,20524.0,1.6742424242424243
393.59960639999997,17.84213262938965,187.122410218639,25002.0,3.693877551020408
393.79960619999997,,343.538810119448,70948.0,2.719298245614035
393.99960599999997,4.02906232864193,14.593629213186672,71123.0,2.743362831858407
394.1996058,4.411924570160843,18.888019609505726,72120.0,2.7312775330396475
394.3996056,2.589331087052585,2.471865655510162,72416.0,2.6956521739130435
394.5996054,3.036865725062636,2.7889005080419267,72642.0,2.683982683982684
394.7996052,5.207451060082639,8.30553528012711,73815.0,2.6956521739130435
394.999605,4.877309332070109,5.2227229350629125,73885.0,2.743362831858407
395.1996048,3.1105912031574237,7.618906243357392,73731.0,2.767857142857143
395.3996046,3.3395875705453713,5.266720929342161,74243.0,2.719298245614035
395.5996044,2.7766636280765726,4.588892525779778,73499.0,2.743362831858407
395.7996042,2.2320338890705025,4.251680730307596,73416.0,2.743362831858407
395.999604,2.0922190594227965,1.9883753060903762,73423.0,2.7555555555555555
396.1996038,6.1844977443807965,10.966216748052858,75589.0,2.743362831858407
396.3996036,3.3745231115216257,8.425574071989528,74703.0,2.780269058295964
396.5996034,3.6847206616940342,13.72698803174644,73871.0,2.8054298642533935
396.7996032,3.929922934563434,18.10879485061452,72406.0,2.9245283018867925
396.999603,2.5940775315128985,9.324243505998918,71558.0,2.980769230769231
397.1996028,3.3200132785592764,8.635793280096934,72297.0,2.980769230769231
397.3996026,2.3115389406375,2.9610415499015135,72251.0,2.980769230769231
397.5996024,2.8412696168528204,10.669028891586699,70730.0,2.995169082125604
397.7996022,2.3015077505152894,1.2788398116904507,70834.0,2.995169082125604
397.999602,2.170840963515988,0.6662988639725805,70990.0,3.0097087378640777
398.1996018,1.9825629748664384,2.452371807121801,70941.0,2.995169082125604
398.3996016,1.9896292126926054,0.955375150076594,71065.0,2.995169082125604
398.5996014,2.468113018577817,1.9590279013805336,70891.0,2.980769230769231
398.7996012,3.015432055700512,10.99245247811482,71669.0,2.938388625592417
398.999601,1.9429499330954505,0.5112738067765625,71744.0,2.938388625592417
399.1996008,1.9870882373424332,0.21764900227989187,71795.0,2.9523809523809526
399.3996006,6.265546858012612,11.830049061563503,73584.0,2.9665071770334928
399.5996004,3.5334239997779595,15.171030913106044,72059.0,3.0693069306930694
399.7996002,2.423685490032646,1.0906082249830231,71985.0,3.084577114427861
399.9996,2.3465018974408873,1.2378079176112133,71939.0,3.084577114427861
400.1995998,1.9170186162823006,0.9687943172166938,71980.0,3.084577114427861
400.3995996,2.3453341293753383,4.547811694081488,72023.0,3.1
400.5995994,2.2391902406491413,2.9016890118556193,71972.0,3.1
400.7995992,2.8203847114664002,1.5485898433460268,72054.0,3.1155778894472363
400.999599,2.561150280353078,7.030252004073249,72052.0,3.163265306122449
401.1995988,2.4440820388081153,4.235896080477062,72356.0,3.1472081218274113
401.3995986,2.490339497653878,7.097582533780408,72460.0,3.1313131313131315
401.5995984,2.9616796601080724,7.005689920838813,72729.0,3.1
401.7995982,3.287178572408683,6.160128272167825,72878.0,3.0097087378640777
401.999598,2.854330708661417,10.872355239163285,71882.0,3.084577114427861
402.1995978,2.5682497095757038,2.1310160962213742,72308.0,3.0693069306930694
402.3995976,4.571741962020978,11.681001905225456,72935.0,2.995169082125604
402.5995974,2.8003076204732413,3.148833377707267,72817.0,3.024390243902439
402.7995972,2.073243688254665,0.4691387610434465,72880.0,3.024390243902439
402.999597,1.919355282339027,2.3973010733333258,72714.0,3.024390243902439
403.1995968,1.9315228440341767,0.3549417349669798,72798.0,3.024390243902439
403.3995966,3.391354769235017,1.2023952792218953,72433.0,2.9523809523809526
403.5995964,3.0768011347044344,9.389014971101208,71913.0,2.9245283018867925
403.7995962,2.703579717279696,5.068182494149251,71095.0,2.9523809523809526
403.999596,2.0391682717316426,1.5330156298128195,71129.0,2.938388625592417
404.1995958,1.9450008439768187,1.3749089607484202,71092.0,2.938388625592417
404.3995956,2.0327760792123644,1.2500978237429867,71302.0,2.9245283018867925
404.5995954,2.4708746668899026,9.338697398668861,71673.0,2.897196261682243
404.7995952,3.8114308356561186,19.526703431351883,73188.0,2.7927927927927927
404.999595,7.274148432802656,20.520722218255948,76506.0,2.6956521739130435
405.1995948,4.629820360883349,23.0480333507179,74761.0,2.8054298642533935
405.3995946,3.551944549328443,11.821743944821996,74156.0,2.857142857142857
405.5995944,2.193995099698131,4.362685683700698,73873.0,2.883720930232558
405.7995942,1.9591350385224704,3.5115688431577925,73853.0,2.883720930232558
405.999594,2.713120639436429,1.9230019950007937,73815.0,2.8703703703703702
406.1995938,2.3806618196643337,4.091087108715238,73585.0,2.897196261682243
406.3995936,5.562797191743832,9.985342933190648,75919.0,2.897196261682243
406.5995934,2.651010898857014,4.853556743726596,75329.0,2.897196261682243
406.7995932,1.9913814787846693,1.0015358847109352,75535.0,2.897196261682243
406.999593,1.9754374826395777,0.5608060948941397,75603.0,2.897196261682243
407.1995928,2.019790715825958,1.4559812795323224,75591.0,2.897196261682243
407.3995926,1.9441506939854594,1.2334093361932053,75650.0,2.897196261682243
407.5995924,1.9756970113000316,0.15221440075898535,75752.0,2.897196261682243
407.7995922,1.9070151998200893,0.9082794110131432,75593.0,2.9107981220657275
407.999592,4.205143898945175,6.163349943489595,76790.0,2.897196261682243
408.1995918,3.788362652232747,17.747075966640068,73900.0,2.995169082125604
408.3995916,2.008402906512591,1.9162057743258003,73903.0,2.995169082125604
408.59959139999995,1.9683160307401915,1.9698744892675943,74170.0,2.980769230769231
408.79959119999995,6.198391810931983,31.456001064743198,75613.0,2.780269058295964
408.99959099999995,2.8507128691643886,7.93136346031184,74628.0,2.8310502283105023
409.19959079999995,2.044518985643365,1.8078197622511258,74530.0,2.8440366972477062
409.39959059999995,3.7623352966986214,6.69320591390323,75211.0,2.7927927927927927
409.59959039999995,3.9331522819103135,9.271931850114258,75485.0,2.7074235807860263
409.79959019999995,3.785823714308355,2.4604134574618524,75718.0,2.719298245614035
409.99958999999996,3.7142664454605536,14.220062459612395,74139.0,2.7927927927927927
410.19958979999996,,438.0433575034071,30596.0,4.027027027027027
410.39958959999996,5.7282525785162335,37.457082553853304,30153.0,4.2785714285714285
410.59958939999996,,208.03546779465313,21608.0,2.2333333333333334
410.79958919999996,,225.235411083026,30007.0,4.384057971014493
410.99958899999996,,38.54194848900446,31670.0,4.271428571428571
411.19958879999996,,37.674848038810985,30098.0,4.372262773722627
411.39958859999996,2.4907679957184907,11.542321891328081,29896.0,4.340579710144928
411.59958839999996,2.6255072849444483,8.76138954966404,30062.0,4.416058394160584
411.79958819999996,2.279499983243406,2.0311251737187375,29839.0,4.364963503649635
411.99958799999996,,443.837233168178,78007.0,2.883720930232558
412.19958779999996,11.364304334646862,56.45905766809646,82475.0,2.5
412.39958759999996,,20.685998074083912,79712.0,2.767857142857143
412.59958739999996,5.333845224969812,35.98744216763956,76188.0,2.8440366972477062
412.79958719999996,,454.37179201231066,30059.0,4.267605633802817
412.99958699999996,4.503292662543874,9.884988224865312,29915.0,4.328571428571428
413.19958679999996,2.4210963455149503,5.81363417015562,30100.0,4.297872340425532
413.39958659999996,2.4709594291000396,7.740197625383074,30268.0,4.2377622377622375
413.59958639999996,18.47508165333934,77.3508430825954,35516.0,3.544378698224852
413.79958619999996,2.946554602161244,14.422990668632723,34147.0,3.668711656441718
413.99958599999997,2.698872213835361,2.764590197884829,33783.0,3.7142857142857144
414.19958579999997,3.6004332472773672,8.053729466579098,33699.0,3.7875
414.39958559999997,2.6995732321735524,3.36480834855927,33742.0,3.7639751552795033
414.59958539999997,2.522809838604014,4.717571543051491,33582.0,3.720496894409938
414.79958519999997,2.66067792550006,7.9644277425310035,33396.0,3.7577639751552794
414.99958499999997,6.601656495204883,12.684004462506469,34410.0,3.6951219512195124
415.19958479999997,,497.6932024296096,77852.0,2.6609442060085837
415.39958459999997,2.1224151021090965,0.8262900468570736,77711.0,2.6724137931034484
415.59958439999997,2.082684875032208,1.4597760991403816,77620.0,2.6724137931034484
415.79958419999997,,3.083159696750268,77211.0,2.683982683982684
415.99958399999997,,3.9314318476246344,76406.0,2.6956521739130435
416.19958379999997,2.076045081164379,0.8560214423703145,76573.0,2.6956521739130435
416.39958359999997,,484.80938320947126,32435.0,3.8354430379746836
416.5995834,,487.0223682124522,76089.0,2.6271186440677967
416.7995832,,12.397376986175606,75517.0,2.6160337552742616
416.999583,,2.8484718874856028,73935.0,2.6724137931034484
417.1995828,,43.494786331371486,78661.0,2.412451361867704
417.3995826,6.678121497724787,64.97975843621484,74059.0,2.6382978723404253
417.5995824,2.523894093244581,2.233722941652218,73763.0,2.6609442060085837
417.7995822,2.15566762271127,2.726191071376821,73567.0,2.6609442060085837
417.999582,2.244568759504671,1.5669000781721394,73648.0,2.6724137931034484
418.1995818,,11.133783551810037,72849.0,2.6724137931034484
418.3995816,,7.135076807083679,73037.0,2.6724137931034484
418.5995814,,6.0482136483158175,74376.0,2.6050420168067228
418.7995812,5.385115788084713,27.543222100098568,75785.0,2.551440329218107
418.999581,5.07001447293296,6.137262024279063,75313.0,2.551440329218107
419.1995808,5.154648513628503,23.79406907094272,72862.0,2.540983606557377
419.3995806,6.300054387995593,15.169071132768421,71707.0,2.6050420168067228
419.5995804,2.3350474518165476,2.4549846092873406,71757.0,2.6050420168067228
419.7995802,,15.72397797215039,72075.0,2.56198347107438
419.99958,4.587472222222222,5.895955774977439,72000.0,2.5833333333333335
420.1995798,,10.837847405001355,72913.0,2.5726141078838176
420.3995796,5.457849570923776,3.80678648250061,73297.0,2.5306122448979593
420.5995794,5.909322349037444,42.13445158435426,69918.0,2.5726141078838176
420.7995792,5.817184669384058,6.370719378642154,70656.0,2.6271186440677967
420.999579,4.648584009791646,12.844757005792937,71081.0,2.5
421.1995788,2.520496859180693,6.067251666087774,70523.0,2.5306122448979593
421.3995786,2.3158906997948483,3.5939422021375926,70192.0,2.56198347107438
421.5995784,,17.4918791947059,70047.0,2.6160337552742616
421.7995782,,6.924939911122551,71052.0,2.6724137931034484
421.999578,2.2731213258729372,7.58289751188482,70595.0,2.6724137931034484
422.1995778,3.836029690328193,3.748916444251058,71269.0,2.6956521739130435
422.3995776,,494.54416440707394,28353.0,3.858064516129032
422.5995774,13.494016004532257,149.55412110689653,28242.0,1.779874213836478
422.7995772,5.944878367683997,10.239787689541487,29063.0,1.8427672955974843
422.999577,9.052374970088538,184.76379164907598,33432.0,3.8089171974522293
423.1995768,4.850723187482943,24.7087663703574,32979.0,4.0
423.3995766,4.165248248278351,26.10004739496124,33253.0,3.973333333333333
423.5995764,,159.33941353092357,24427.0,1.8955223880597014
423.7995762,18.339425396593317,111.5243822273267,27358.0,2.2030075187969924
423.999576,,503.5156128025383,83191.0,2.6724137931034484
424.1995758,3.639529169213804,14.630216926677761,83427.0,2.6609442060085837
424.3995756,,413.59329053110264,35558.0,3.694267515923567
424.5995754,3.656761438298889,25.29553481526506,33484.0,3.9802631578947367
424.7995752,2.747040666486859,3.0482522744540557,33369.0,3.895424836601307
424.999575,2.4263470538821554,4.135014546746694,33332.0,3.9084967320261437
425.1995748,7.667213812389811,155.12480049165976,32898.0,1.7607361963190185
425.3995746,3.244719740048741,128.17739033328283,34468.0,3.78125
425.5995744,2.119675574746178,3.7750101850885365,34276.0,3.73125
425.7995742,2.397343841214244,3.8288399780287903,34260.0,3.725
425.999574,,452.79066347344394,80750.0,2.683982683982684
426.1995738,,437.40739810305865,35219.0,3.748427672955975
426.3995736,6.639645755546641,182.9832012640144,32407.0,1.6951219512195121
426.5995734,7.362542481859098,42.546377271053174,32661.0,1.7607361963190185
426.7995732,5.63920069076107,51.278891350024026,32428.0,1.6706586826347305
426.999573,,603.755621117123,79371.0,2.4701195219123506
427.1995728,4.738398674490164,21.450936699218577,80271.0,2.4701195219123506
427.3995726,5.632257028509314,5.854763437178412,80956.0,2.5306122448979593
427.5995724,3.6469536053661264,12.90589573195414,80505.0,2.6382978723404253
427.7995722,,402.83831288894993,36775.0,3.8025477707006368
427.999572,16.02291325695581,111.41618049230618,36660.0,2.0063694267515926
428.1995718,,496.4167088048748,83743.0,2.5726141078838176
428.3995716,3.199114203614429,7.285274946678802,84218.0,2.48
428.5995714,9.605900935804971,51.797478464159724,83885.0,2.1602787456445993
428.7995712,,598.8865866396427,32647.0,1.0187793427230047
428.999571,7.107652399481193,28.626126937995295,28527.0,0.9812206572769953
429.1995708,,628.0747271805258,75705.0,2.1602787456445993
429.3995706,3.407608120968595,4.4060531634156685,75656.0,2.1602787456445993
429.5995704,2.6964856653886464,2.808425189152011,75377.0,2.1602787456445993
429.7995702,5.248660023027752,13.46639692425815,75561.0,2.1602787456445993
429.99957,8.471226885101647,44.32084588909527,77277.0,2.1602787456445993
430.1995698,6.120764585491574,13.794982411774015,79154.0,2.1602787456445993
430.3995696,6.611293735610003,58.839466389719234,75139.0,2.246376811594203
430.59956939999995,7.06178107110374,18.362635388764165,74764.0,2.393822393822394
430.79956919999995,,28.415302687668785,75842.0,2.393822393822394
430.99956899999995,,452.4747653132905,32943.0,3.5232558139534884
431.19956879999995,14.41569388523593,43.873717819495724,34523.0,3.6341463414634148
431.39956859999995,13.052605376700962,52.22028975349702,36156.0,3.725
431.59956839999995,7.358734826860421,72.58554100391677,34683.0,3.973333333333333
431.79956819999995,7.702542018832149,97.27367801169697,31117.0,3.9383561643835616
431.99956799999995,8.8336478108514,125.90386610281169,25969.0,4.4015748031496065
432.19956779999995,13.61923344409242,91.49514915498206,25882.0,4.082089552238806
432.39956759999995,,164.42472663236794,19106.0,2.5294117647058822
432.59956739999996,,132.29210860988675,27880.0,4.074829931972789
432.79956719999996,,147.46208099255873,19620.0,2.747967479674797
432.99956699999996,,137.96269592710885,28209.0,4.13103448275862
433.19956679999996,6.918541252933743,17.02659435445084,27695.0,4.26056338028169
433.39956659999996,5.037614744693058,14.483918336316865,27888.0,4.208333333333333
433.59956639999996,,130.92853263880488,18700.0,2.864406779661017
433.79956619999996,,199.56169554372354,25235.0,4.174825174825175
433.99956599999996,,90.3831477735557,13924.0,1.415929203539823
434.19956579999996,,124.37531967157905,22516.0,4.514925373134329
434.39956559999996,,113.89624079096588,12930.0,1.4272727272727272
434.59956539999996,5.042608566329566,12.766411038746552,13448.0,1.4545454545454546
434.79956519999996,3.509212469874835,11.481072484919704,12863.0,1.4814814814814814
434.99956499999996,5.235780154924382,8.522898873523127,13555.0,1.4504504504504505
435.19956479999996,3.808013729294135,13.479763785753017,13402.0,1.3859649122807018
435.39956459999996,15.455728297858144,48.590966531574345,14987.0,1.3278688524590163
435.59956439999996,,439.00223767735235,66788.0,2.8440366972477062
435.79956419999996,2.4948210424447703,7.665400759844073,66133.0,2.897196261682243
435.99956399999996,,286.75746841962575,23270.0,3.832167832167832
436.19956379999996,,37.61199609565464,19999.0,3.814814814814815
436.39956359999996,,305.4223246566351,66381.0,2.9523809523809526
436.59956339999997,7.159186195330774,9.538122779096103,67977.0,2.9665071770334928
436.79956319999997,5.511856079550469,4.804013201701567,67982.0,2.9665071770334928
436.99956299999997,,6.1772294552151665,65237.0,3.1155778894472363
437.19956279999997,3.056031852575055,4.795845064794337,65552.0,3.0693069306930694
437.39956259999997,,3.075211255774604,66157.0,3.0392156862745097
437.59956239999997,3.276126528941904,1.3929724455502348,65977.0,3.0541871921182264
437.79956219999997,3.815267825901754,2.9410629894051863,65733.0,3.084577114427861
437.99956199999997,,3.2317204608001777,65160.0,3.084577114427861
438.19956179999997,4.759216468065183,9.924665757007853,66213.0,2.980769230769231
438.39956159999997,,9.029580721788689,67188.0,2.9523809523809526
438.59956139999997,,298.59612531359784,23818.0,3.9130434782608696
438.79956119999997,,283.50986667629934,66912.0,3.0097087378640777
438.99956099999997,,390.75115824481867,14481.0,1.6727272727272726
439.1995608,,408.6132306926997,67133.0,3.024390243902439
439.3995606,,410.19268886334584,14511.0,1.6818181818181819
439.5995604,2.499965409892771,1.1275106931839334,14455.0,1.7064220183486238
439.7995602,,172.84301349072106,22269.0,3.7938931297709924
439.99956,,180.50177865764928,14658.0,1.6306306306306306
440.1995598,,414.08898163177656,67144.0,2.980769230769231
440.3995596,2.471214522833986,4.699377091227954,66874.0,2.980769230769231
440.5995594,,417.532362023477,14364.0,1.4736842105263157
440.7995592,,181.83617442769332,21881.0,3.6323529411764706
440.999559,,281.0052671588531,67631.0,2.883720930232558
441.1995588,3.231519995246301,7.873067433783344,67316.0,2.897196261682243
441.3995586,3.0858568757636875,5.361078387261554,67927.0,2.8440366972477062
441.5995584,4.450250483973459,10.800012116318609,67669.0,2.9665071770334928
441.7995582,2.9286796826245878,2.625317920790436,67302.0,2.9665071770334928
441.999558,,405.0844933509161,14445.0,1.5982142857142858
442.1995578,,409.0605717083761,66952.0,2.995169082125604
442.3995576,2.116357881850619,0.6057917050695518,66983.0,2.980769230769231
442.5995574,,309.53168461852084,22897.0,3.464788732394366
442.7995572,,305.7835946693991,66935.0,2.9107981220657275
442.999557,2.4662976961843053,1.7920367932229608,66672.0,2.9107981220657275
443.1995568,,364.04832135269515,25418.0,2.9518072289156625
443.3995566,,107.33095419627463,17855.0,1.1571428571428573
443.5995564,,413.31317465139585,71152.0,2.5306122448979593
443.7995562,3.5439839845690737,27.34420859210799,68434.0,2.743362831858407
443.999556,3.000323710308702,5.419556508969788,67962.0,2.780269058295964
444.1995558,3.5847776719654236,6.972606907231867,68255.0,2.767857142857143
444.3995556,2.7663220132076303,4.912061362857844,67991.0,2.7927927927927927
444.5995554,3.6037360650798433,13.712174661678308,66380.0,2.8703703703703702
444.7995552,4.582713535210436,12.436920657858913,67764.0,2.780269058295964
444.999555,,437.08826028584366,15593.0,1.236220472440945
445.1995548,,434.1762927136342,67350.0,2.8054298642533935
445.3995546,4.119851058878287,16.87238915675948,68752.0,2.6160337552742616
445.5995544,2.6239464882943144,16.684375085110688,67275.0,2.767857142857143
445.7995542,2.4255699597675457,4.755298877460785,67110.0,2.767857142857143
445.999554,,315.43352261688307,21775.0,3.3
446.1995538,,309.24597911897087,67789.0,2.7312775330396475
446.3995536,,303.58475970323923,20683.0,3.062937062937063
446.5995534,,322.3541418933999,65675.0,2.897196261682243
446.7995532,2.6305739278856413,1.8485157494639273,65618.0,2.9245283018867925
446.999553,2.2178240458480674,1.5944725810057934,65608.0,2.9107981220657275
447.1995528,,310.59729264701826,19880.0,3.164285714285714
447.3995526,,305.26411189138645,66177.0,2.8310502283105023
447.5995524,,319.57621032221624,21391.0,3.1241379310344826
447.7995522,3.4367471360440534,14.537458135405789,20339.0,3.211267605633803
447.999552,,168.02000217995095,15991.0,1.2093023255813953
448.1995518,,147.64428783934204,21305.0,3.2587412587412588
448.3995516,,313.7582465696943,66256.0,2.883720930232558
448.5995514,,394.49091556565713,15038.0,1.21875
448.7995512,,158.3264622129683,20439.0,3.354609929078014
448.999551,,304.54567656658406,66521.0,2.8703703703703702
449.1995508,,400.5385547968579,16192.0,1.1893939393939394
449.3995506,,37.03243082544595,15102.0,1.146153846153846
449.5995504,,395.3750849069381,66763.0,2.9107981220657275
449.7995502,8.182628226914723,20.404186839606883,67673.0,3.0541871921182264
449.99955,13.777359274388978,63.71891922580799,72215.0,2.995169082125604
450.1995498,9.963160847380653,45.11431995064858,74866.0,2.9523809523809526
450.3995496,,251.5081228842401,26464.0,4.426229508196721
450.5995494,12.17748631470664,80.95552627205778,27219.0,4.540983606557377
450.7995492,13.32183712956991,76.2519956237677,29459.0,4.3515625
450.999549,5.107484385475846,20.308747016814756,28339.0,4.491935483870968
451.1995488,5.734570580999928,27.91909026165876,27642.0,4.424
451.3995486,,192.0811825067539,19293.0,2.4862385321100917
451.5995484,,99.21332983990582,26593.0,2.403225806451613
451.7995482,8.053650904033379,213.35984472496656,28760.0,4.145038167938932
451.999548,3.8765065967073493,60.54848414407746,26301.0,4.153846153846154
452.1995478,3.891377618499083,142.3202168601641,23439.0,2.0859375
452.3995476,3.060882444652323,153.37630767557582,25656.0,4.26984126984127
452.59954739999995,6.315825220738057,18.37809587374022,26502.0,3.9703703703703703
452.79954719999995,2.9386974645301924,7.704261546509828,26149.0,4.007462686567164
452.99954699999995,5.575729725755459,18.593240779059496,27202.0,3.7746478873239435
453.19954679999995,5.978955515424023,22.535565397873043,27133.0,3.6462585034013606
453.39954659999995,4.30849829879369,39.62106132586376,25864.0,3.8840579710144927
453.59954639999995,,307.4972560227224,71972.0,2.883720930232558
453.79954619999995,,301.21178997933896,25704.0,4.1461538461538465
453.99954599999995,,275.6635648981611,73390.0,3.0392156862745097
454.19954579999995,9.3892788939993,56.258400136016185,74358.0,2.8054298642533935
454.39954559999995,9.661050558463282,27.313158835331315,74132.0,2.6382978723404253
454.59954539999995,9.484760188109016,31.204807752803642,73787.0,2.4313725490196076
454.79954519999995,7.621564231073595,22.11303032347196,75820.0,2.540983606557377
454.99954499999996,8.278213877164609,30.77788663035184,76053.0,2.1602787456445993
455.19954479999996,6.877333152468801,31.377173659042853,73720.0,2.1602787456445993
455.39954459999996,2.892174642702469,3.703377058338298,73888.0,2.1602787456445993
455.59954439999996,4.052621449976631,15.638933621668862,72746.0,2.1602787456445993
455.79954419999996,6.970218772053634,40.23589821693265,70850.0,2.1602787456445993
455.99954399999996,4.316021719508876,20.084028921879963,69799.0,2.1602787456445993
456.19954379999996,3.9153084234864273,12.348923606769862,70066.0,2.1602787456445993
456.39954359999996,8.53627711901013,17.76170387197645,71767.0,2.1602787456445993
456.59954339999996,14.652442963077798,38.57733499577034,77406.0,2.366412213740458
456.79954319999996,10.74772078396756,70.01615220648804,72503.0,2.767857142857143
456.99954299999996,6.449962170713254,27.70956630839943,72695.0,2.8310502283105023
457.19954279999996,6.359669302659957,26.719467083827226,69550.0,3.024390243902439
457.39954259999996,7.098078359280749,35.93410720316943,69628.0,2.995169082125604
457.59954239999996,4.734995804566398,11.159334171946329,67931.0,2.995169082125604
457.79954219999996,4.2743700874164405,5.989177463016935,68065.0,2.9523809523809526
457.99954199999996,5.503062931975264,5.720556676366528,68725.0,2.938388625592417
458.19954179999996,5.393029199224487,6.537550820799853,68084.0,3.024390243902439
458.39954159999996,3.3218886046407254,14.978329443564078,66843.0,3.024390243902439
458.59954139999996,4.213053605955879,19.080909534647002,65683.0,3.084577114427861
458.79954119999996,4.079515121062714,22.21292423181676,63686.0,3.163265306122449
458.99954099999997,3.120541166891109,2.777045669094406,63862.0,3.1155778894472363
459.19954079999997,3.3800297130346393,1.4315991051769241,63945.0,3.0693069306930694
459.39954059999997,6.908205034213099,20.046638586626973,65472.0,2.938388625592417
459.59954039999997,9.541125541125542,38.40818802294856,68607.0,2.980769230769231
459.79954019999997,,441.0868178739465,25472.0,4.079710144927536
459.99953999999997,6.726545426162972,25.054769815394135,25624.0,4.732824427480916
460.19953979999997,4.223044030971917,5.072750206385515,25959.0,4.732824427480916
460.39953959999997,2.617704280155642,3.1888384436968615,25700.0,4.625954198473282
460.59953939999997,,433.86154588944805,69932.0,2.883720930232558
460.79953919999997,2.975148251067121,3.878780607245236,69814.0,2.9107981220657275
460.99953899999997,3.3878950888727606,4.237469830467384,70269.0,2.883720930232558
461.19953879999997,,480.5399175173977,26845.0,4.0
461.39953859999997,,488.4088117971336,69074.0,2.9107981220657275
461.5995384,,439.7757951389517,25105.0,4.592592592592593
461.7995382,,459.3230345297488,67720.0,3.0392156862745097
461.999538,2.4446221274579485,1.7364903893701107,67536.0,3.0541871921182264
462.1995378,6.439027218180237,8.022236845099766,68998.0,2.980769230769231
462.3995376,,597.9194118564997,24617.0,1.832116788321168
462.5995374,11.653066822093463,197.1277065751869,29167.0,3.9928057553956835
462.7995372,19.05518121642079,47.20611483511522,33689.0,3.7733333333333334
462.999537,6.34881202821433,49.07217414877622,32324.0,4.105633802816901
463.1995368,4.531043385177256,26.13463500003467,31762.0,4.147887323943662
463.3995366,,35.24543165270135,33555.0,4.041095890410959
463.5995364,,27.84746585526214,30698.0,4.299270072992701
463.7995362,,86.4526101801794,36143.0,4.0625
463.999536,,9.627088331746785,32553.0,4.447761194029851
464.1995358,,107.80516516048847,24968.0,2.3445378151260505
464.3995356,,140.4525890214353,30819.0,3.8840579710144927
464.5995354,4.435670824977056,21.016485934148406,29419.0,3.948529411764706
464.7995352,3.4470837966238754,12.40979444645304,29679.0,3.9555555555555557
464.999535,5.244238240730263,15.31405760957748,26511.0,4.068181818181818
465.1995348,5.822899926953981,15.689615343208427,27380.0,3.9051094890510947
465.3995346,4.03180950322418,22.006833597026645,27759.0,3.8142857142857145
465.5995344,6.1974182139699385,31.57194203024855,28275.0,3.8142857142857145
465.7995342,,140.0541070947627,19661.0,2.163793103448276
465.999534,,137.07734897651147,27939.0,3.891304347826087
466.1995338,5.358838249791462,40.74579970172465,26374.0,4.015037593984962
466.3995336,3.952986165785626,15.04367865403122,26673.0,4.045112781954887
466.5995334,23.757424385489323,86.60501251925587,32831.0,3.5
466.7995332,33.133806432130456,202.67790051328018,33115.0,1.3051643192488263
466.999533,,481.14332338703184,74998.0,2.1602787456445993
467.1995328,5.65473475593202,16.797121056168535,73668.0,2.1602787456445993
467.3995326,3.347068667526268,13.052205740104135,72902.0,2.1602787456445993
467.5995324,10.317729814866723,48.510373014239256,74919.0,2.1602787456445993
467.7995322,,590.7628574473509,32213.0,1.028169014084507
467.999532,22.813953488372093,259.489904302464,28423.0,3.2621951219512195
468.1995318,,57.76474427868425,18724.0,1.5378787878787878
468.3995316,,256.21025376140267,22278.0,4.014285714285714
468.5995314,,135.93112288027902,14729.0,2.3706896551724137
468.7995312,,406.2712563461471,67205.0,2.938388625592417
468.999531,5.137397848198013,6.840229265866246,68036.0,2.9107981220657275
469.1995308,5.465872281351226,5.170114863846742,69152.0,2.938388625592417
469.3995306,4.477966545835699,8.718915023031816,68691.0,2.883720930232558
469.5995304,3.293479051763028,0.2831041058298499,68717.0,2.897196261682243
469.7995302,3.3191279213328104,3.595001465497899,68847.0,2.8440366972477062
469.99953,2.848006184183659,4.226360369447859,68562.0,2.883720930232558
470.1995298,4.099778366868019,5.738367518577287,69033.0,2.8310502283105023
470.3995296,3.3003440063508864,9.865013977900475,68022.0,2.883720930232558
470.5995294,6.106364632809646,12.096639117942711,68425.0,2.8181818181818183
470.7995292,2.4973928284524938,0.49925568638570306,68465.0,2.8310502283105023
470.999529,,420.54064073956545,15306.0,1.2682926829268293
471.1995288,9.8071367884452,46.518480936478184,15301.0,1.2601626016260163
471.3995286,6.815458240461519,29.08018554653027,15254.0,1.272
471.5995284,,155.9704247159704,21855.0,2.9448275862068964
471.7995282,3.4681497406178434,12.100080432668733,21397.0,2.9172413793103447
471.999528,4.563603503406089,20.829192975055697,21579.0,2.891156462585034
472.1995278,4.454379732635318,19.041213834548195,21394.0,3.7291666666666665
472.3995276,,147.70355930128406,14839.0,1.2222222222222223
472.5995274,,178.89201761903257,19777.0,3.977777777777778
472.7995272,,295.1710126822004,64455.0,2.9665071770334928
472.999527,,309.5958763098267,21089.0,3.8633093525179856
473.1995268,12.585783879539415,64.60990347496593,22580.0,3.9705882352941178
473.3995266,,315.6520949961108,67197.0,2.9523809523809526
473.5995264,,281.7626976138148,19850.0,4.06015037593985
473.7995262,5.222393247269117,14.121868476817735,20140.0,4.045112781954887
473.999526,3.6805033416875523,6.634748730477964,19152.0,4.091603053435114
474.1995258,4.372640065312787,14.983186266938182,19598.0,4.037593984962406
474.3995256,6.01825332795482,23.571173694990776,19832.0,4.045112781954887
474.5995254,4.262155091564243,12.365583496112496,20259.0,3.977777777777778
474.79952519999995,3.2252279790106475,13.072219813762834,19629.0,3.9851851851851854
474.99952499999995,4.472049059855051,9.59238308648759,19731.0,4.007462686567164
475.19952479999995,,197.5632324311468,12748.0,1.3185840707964602
475.39952459999995,,180.01560042530016,19846.0,4.014925373134329
475.59952439999995,2.9255984901162213,7.75254604706025,20134.0,3.948529411764706
475.79952419999995,,282.39135882611544,67120.0,2.7927927927927927
475.99952399999995,,270.3967471232104,20178.0,3.9197080291970803
476.19952379999995,,303.4652154725165,64844.0,2.980769230769231
476.39952359999995,,452.2162432083166,13173.0,1.3596491228070176
476.59952339999995,,187.595621066425,20848.0,3.9197080291970803
476.79952319999995,14.124286788447078,71.67001151807247,22609.0,3.9197080291970803
476.99952299999995,17.24051256776737,75.48637606360968,26377.0,4.138461538461539
477.19952279999995,,294.16750017823523,71000.0,3.0693069306930694
477.39952259999995,,37.667143434753875,71158.0,3.0392156862745097
477.59952239999996,4.042412750912408,4.067747843630501,70144.0,2.995169082125604
477.79952219999996,,350.0983085493429,25886.0,3.9851851851851854
477.99952199999996,5.743498061650796,20.22803037015137,26569.0,3.9705882352941178
478.19952179999996,,343.2421158445901,70916.0,2.9523809523809526
478.39952159999996,,2.8868668348181776,70242.0,2.980769230769231
478.59952139999996,,13.234862783436622,71050.0,2.980769230769231
478.79952119999996,2.157280761004165,0.20074481230773092,71064.0,2.980769230769231
478.99952099999996,7.1982764631238405,34.17371768521785,71713.0,2.9665071770334928
479.19952079999996,4.316350097280349,13.138888607583244,71443.0,3.0693069306930694
479.39952059999996,5.294199088188404,28.817572497182557,71506.0,3.1313131313131315
479.59952039999996,,14.87386039264454,70154.0,3.084577114427861
479.79952019999996,,3.6470509286062884,69527.0,3.1
479.99951999999996,3.121157192575406,9.124573577072981,68960.0,3.1313131313131315
480.19951979999996,,18.137991239393113,71336.0,3.024390243902439
480.39951959999996,2.7831693437613882,2.8555191637010164,71346.0,3.0541871921182264
480.59951939999996,2.7578696566222844,0.9328166211284434,71350.0,3.084577114427861
480.79951919999996,3.4248189552133868,4.7152341979390275,71115.0,3.1
480.99951899999996,,7.617844427269989,70000.0,3.1472081218274113
481.19951879999996,,4.976083524944454,70720.0,3.1313131313131315
481.39951859999996,,29.32936716298528,73849.0,2.9523809523809526
481.59951839999997,3.7686914321719196,20.38160580050269,74593.0,2.9523809523809526
481.79951819999997,4.588138183207357,19.284879111505308,73294.0,3.0097087378640777
481.99951799999997,2.0955220629280182,0.4950198557955726,73449.0,3.0097087378640777
482.19951779999997,,447.34975967114883,28363.0,4.462121212121212
482.39951759999997,,445.4836853467223,73716.0,3.0097087378640777
482.59951739999997,7.837717814866554,40.09751904743981,68005.0,2.8440366972477062
482.79951719999997,5.53954319698839,43.49851530521977,63222.0,2.9523809523809526
482.99951699999997,7.138401559454191,9.106711229710166,64125.0,2.857142857142857
483.19951679999997,9.479902116282231,26.050057009523517,66201.0,2.980769230769231
483.39951659999997,4.016903740498232,4.637381163236271,66435.0,2.995169082125604
483.59951639999997,5.004943146394323,4.112104487386423,67366.0,2.995169082125604
483.79951619999997,4.301926653276798,4.460581371070412,67215.0,3.024390243902439
483.99951599999997,2.661976858324162,2.539067032302736,67238.0,3.024390243902439
484.1995158,,386.2685849889017,24196.0,4.487804878048781
484.3995156,,406.71636185780034,67636.0,3.2804232804232805
484.5995154,,375.1069096057563,23717.0,4.758620689655173
484.7995152,,375.69880951879094,67814.0,3.297872340425532
484.999515,,376.9716443918795,23357.0,4.773913043478261
485.1995148,8.506846464394224,39.64645227130695,24027.0,4.408
485.3995146,3.135928043039677,4.215560968072239,23792.0,4.495934959349594
485.5995144,2.2943801304988423,1.6595597084931084,23755.0,4.487804878048781
485.7995142,,403.096488327716,66482.0,2.980769230769231
485.999514,,402.800441453917,22235.0,4.052238805970149
486.1995138,14.406117913634581,5.121713338761159,22949.0,4.28125
486.3995136,13.13394930111348,49.14643854980933,21105.0,4.180451127819549
486.5995134,,459.3107422078925,62945.0,3.1
486.7995132,3.6408043251446456,6.136988572848095,63258.0,3.0693069306930694
486.999513,2.529908901328065,5.898571144721881,63777.0,3.0541871921182264
487.1995128,2.7517913442247064,14.946769285496798,62802.0,3.1155778894472363
487.3995126,3.5141119452627576,6.228054056857571,63138.0,3.0392156862745097
487.5995124,6.499340809331038,14.115373461758152,64473.0,2.883720930232558
487.7995122,4.042455563385796,9.553697502492705,63855.0,3.024390243902439
487.999512,6.616666417139521,34.268583841759124,66793.0,2.995169082125604
488.1995118,12.518251342409286,73.18311566407796,73748.0,2.743362831858407
488.3995116,7.447895090786819,40.83374182058433,74350.0,2.7312775330396475
488.5995114,3.637973023604346,3.55497061136929,74732.0,2.743362831858407
488.7995112,4.153886106967825,9.59594687841112,75088.0,2.780269058295964
488.999511,4.0330848468419624,5.696220130115324,73780.0,2.8054298642533935
489.1995108,2.220022716209638,2.883019468299215,73956.0,2.7927927927927927
489.3995106,2.1936666396125855,1.295183894069733,73926.0,2.8054298642533935
489.5995104,3.2179833202882513,3.711983979461215,74102.0,2.767857142857143
489.7995102,2.8175477090190024,4.96984159049552,73833.0,2.8054298642533935
489.99951,2.215000944643869,5.146503539403657,74102.0,2.7927927927927927
490.1995098,2.006089639493342,0.905274552174911,73896.0,2.780269058295964
490.3995096,5.6549222243045705,7.02931476745261,74702.0,2.8054298642533935
490.5995094,,413.21479633341824,32306.0,4.226950354609929
490.7995092,,428.659461775435,78756.0,2.9245283018867925
490.999509,,421.70272495081286,33390.0,4.333333333333333
491.1995088,,421.4005622608095,78184.0,2.9245283018867925
491.3995086,1.9998464432415832,0.5842503869088617,78147.0,2.9107981220657275
491.5995084,1.9456390958195735,0.34931313899083605,78126.0,2.9245283018867925
491.7995082,,422.96357052529754,32893.0,4.294964028776978
491.999508,5.194751658958375,23.455464032868772,29838.0,4.625954198473282
492.1995078,,456.9850247980734,76956.0,3.0541871921182264
492.3995076,,632.3151970641118,23374.0,2.6607142857142856
492.5995074,,273.1769536065596,32917.0,4.488721804511278
492.7995072,,84.40569920867834,32667.0,4.197183098591549
492.999507,4.19738508294289,28.84596051547277,31588.0,4.35251798561151
493.1995068,6.500204717961639,44.754609845075485,31751.0,4.267605633802817
493.3995066,,42.65821873551226,33674.0,4.0
493.5995064,,17.072021700652865,30373.0,4.391304347826087
493.7995062,3.7381141834095883,20.690923208102074,30162.0,4.359712230215828
493.999506,,195.29278450939927,22625.0,2.1219512195121952
494.1995058,5.007341944255608,23.355842990232563,22065.0,2.1639344262295084
494.3995056,4.454557575218879,15.701249904034583,22501.0,2.1129032258064515
494.5995054,,205.35501075749139,31199.0,4.267605633802817
494.7995052,3.629169095265851,7.098194765241634,30882.0,4.2377622377622375
494.999505,11.953156222360533,137.02148906805596,30527.0,1.7516339869281046
495.1995048,,550.1219497897625,79219.0,2.8310502283105023
495.3995046,,414.19354965516624,32001.0,4.204225352112676
495.5995044,,417.7005399349332,76783.0,2.8054298642533935
495.7995042,,416.9675373410729,30336.0,4.359712230215828
495.999504,4.437964722750158,11.092262660209599,29991.0,4.359712230215828
496.1995038,,45.20113906517606,31268.0,4.35251798561151
496.3995036,,227.8052546493866,27756.0,2.0492957746478875
496.5995034,,212.44195272524286,31740.0,4.197183098591549
496.79950319999995,,257.57555659142145,21738.0,2.122950819672131
496.99950299999995,,243.31777579571332,32240.0,4.124137931034483
497.19950279999995,,36.083962710737154,30097.0,4.24113475177305
497.39950259999995,2.6978557504873293,8.451433126161598,29754.0,4.257142857142857
497.59950239999995,3.478211920529801,3.8995227469755727,30200.0,4.297872340425532
497.79950219999995,,195.1271171832258,21349.0,2.183333333333333
497.99950199999995,,209.3061238608092,30276.0,4.359712230215828
498.19950179999995,4.503710026922319,21.362196967195263,30458.0,4.21830985915493
498.39950159999995,,31.952118671287515,32427.0,4.095890410958904
498.59950139999995,,38.900486581291794,30705.0,4.208333333333333
498.79950119999995,,458.82311179414324,79052.0,2.897196261682243
498.99950099999995,,437.33666673153897,31164.0,4.321428571428571
499.19950079999995,4.228142119267491,17.12032718501,31945.0,4.264285714285714
499.39950059999995,9.382527727460515,62.18594806785712,31467.0,4.145833333333333
499.59950039999995,6.998542792152403,79.48780892054222,28136.0,4.125
499.79950019999995,4.051695518140859,62.755102169690936,25302.0,4.217054263565892
499.99949999999995,4.298920933882676,22.372222190524663,25485.0,4.21875
500.19949979999996,4.327175159757497,22.90291870188206,24412.0,4.124031007751938
500.39949959999996,3.2694036813979133,18.92414465262957,23578.0,4.25
500.59949939999996,3.7880753656722583,5.881296614746164,24202.0,4.181102362204724
500.79949919999996,6.001323865687809,37.06211445979059,24927.0,4.083333333333333
500.99949899999996,3.710251306295098,7.88813510019219,24114.0,4.069230769230769
501.19949879999996,8.581934199212563,81.46640162821883,22097.0,3.5107913669064748
501.39949859999996,6.203167062549485,99.78161244740573,18945.0,4.1875
501.59949839999996,,330.33337233751615,63842.0,3.1
501.79949819999996,3.598786201691771,3.054978279805759,63602.0,3.0541871921182264
501.99949799999996,,350.1354309511196,18949.0,3.9411764705882355
502.19949779999996,15.453157042633567,243.21708670518,18530.0,1.5833333333333333
502.39949759999996,27.104208019055182,81.426847551909,25190.0,1.5272727272727273
502.59949739999996,20.949891276541315,48.20068655530912,31272.0,1.7365269461077844
502.79949719999996,14.161071182435759,117.5486341821791,30471.0,3.4012738853503186
502.99949699999996,4.963129496402877,38.76287824113586,26688.0,3.701388888888889
503.19949679999996,,75.21140966740809,26987.0,3.978102189781022
503.39949659999996,,36.171678491691296,25828.0,3.962962962962963
503.59949639999996,2.8984598922306724,11.641653302240524,26167.0,4.037593984962406
503.79949619999996,,142.2602579719229,19187.0,2.1415929203539825
503.99949599999997,,141.95029826101901,27316.0,3.9925373134328357
504.19949579999997,2.628616077918302,2.8361941121139407,27516.0,3.9851851851851854
504.39949559999997,2.360755102785993,3.1077790965413032,27387.0,3.9703703703703703
504.59949539999997,3.4450848312380677,7.445199418872364,27761.0,3.9124087591240877
504.79949519999997,3.38735990920698,12.506691855765128,28196.0,3.8142857142857145
504.99949499999997,3.0075793462813833,11.41591234414673,27443.0,3.9558823529411766
505.19949479999997,6.921311815322943,24.06515203365789,28937.0,3.7412587412587412
505.39949459999997,4.129812162916124,22.827253346531396,26885.0,3.9925373134328357
505.59949439999997,3.8055555555555554,14.708977672912555,27432.0,3.9338235294117645
505.79949419999997,4.218335963592322,17.33930200597043,27247.0,3.8550724637681157
505.99949399999997,9.180561287659925,7.794251520177818,29076.0,3.827338129496403
506.19949379999997,11.844557431568177,37.09024733150728,31272.0,3.827338129496403
506.39949359999997,8.09741075165939,26.61043680934972,33446.0,3.664383561643836
506.5994934,11.175938648346381,68.4138655755848,31295.0,3.8142857142857145
506.7994932,4.6934909215484755,19.776741498835555,29190.0,3.788732394366197
506.999493,3.8172008547008547,11.039181913794,28080.0,3.9124087591240877
507.1994928,3.2863571934798017,9.491018254071438,28220.0,3.9558823529411766
507.3994926,6.726000340541461,12.44785754413404,29365.0,3.8285714285714287
507.5994924,7.0922498956449145,57.307669085385136,28748.0,3.795620437956204
507.7994922,6.226592155208773,23.037095181692894,28452.0,3.8962962962962964
507.999492,4.203533052821921,14.97337054292705,28757.0,3.889705882352941
508.1994918,4.394652806087784,6.021227250262402,29436.0,3.8489208633093526
508.3994916,5.940008822232024,17.70056471775115,29471.0,3.8439716312056738
508.5994914,4.813335179671813,6.1906421068873625,28886.0,3.914285714285714
508.7994912,5.326840613416673,49.12405638620812,27518.0,3.763888888888889
508.999491,7.246972683751056,37.182903146633016,28408.0,3.7027027027027026
509.1994908,,158.8777679870677,19705.0,1.92
509.3994906,3.0522380309481774,5.696095805635651,19258.0,1.903225806451613
509.5994904,,175.62001787751805,27477.0,3.7724137931034485
509.7994902,4.107829130652189,2.6053213909237893,27998.0,3.7655172413793103
509.99949,,170.5769007272507,19760.0,1.9758064516129032
510.1994898,3.3002889875116113,3.510619969922279,19378.0,1.910569105691057
510.3994896,,138.08932456008725,27087.0,3.761904761904762
510.5994894,3.5096769248457442,8.7312064378246,26093.0,3.874125874125874
510.7994892,6.96149631588891,7.668218892006344,26465.0,3.8541666666666665
510.999489,5.717472118959108,11.313782454348217,27169.0,3.761904761904762
511.1994888,4.539015823586921,11.89496561930996,27617.0,3.6953642384105962
511.3994886,3.2674776438217297,8.599849376188589,27621.0,3.6887417218543046
511.5994884,3.1145125133218183,2.9801559280955954,27211.0,3.7066666666666666
511.7994882,,176.68822854831302,19420.0,1.7461538461538462
511.999488,5.51060106010601,8.82196122918152,19998.0,1.7218045112781954
512.1994877999999,,169.5661644218594,27646.0,3.6776315789473686
512.3994875999999,3.6784610857731352,6.784067651885845,27188.0,3.7266666666666666
512.5994873999999,4.6972294786415985,2.396577754219438,27179.0,3.7019867549668874
512.7994871999999,8.821136735064464,5.4669730233554885,27535.0,3.6821192052980134
512.9994869999999,13.261574484691524,29.353664834569756,28187.0,3.8344827586206898
513.1994867999999,19.466149654160553,149.73295640617943,28626.0,1.0885416666666667
513.3994865999999,8.867333589842247,131.46199660884093,25990.0,3.839160839160839
513.5994863999999,8.935492010092515,32.86109148747238,23780.0,3.697841726618705
513.7994861999999,9.793059495908885,3.1557939680116043,24321.0,4.014388489208633
513.9994859999999,4.579162200049477,11.80688272249498,24254.0,3.9857142857142858
514.1994857999999,6.393841035420132,7.881911066029402,24647.0,3.978723404255319
514.3994855999999,9.4338285077064,25.479128450339108,25109.0,3.958041958041958
514.5994853999999,4.032760065440326,10.411222751699347,25061.0,3.9305555555555554
514.7994851999999,2.55016142532584,3.815201223536971,25089.0,3.958041958041958
514.9994849999999,,201.19750153109075,16749.0,1.6528925619834711
515.1994847999999,5.405129699795978,15.182009877886628,17155.0,1.71900826446281
515.3994845999999,,186.30925147217047,25584.0,4.267605633802817
515.5994843999999,3.985517185735033,18.886292097995028,24788.0,4.01418439716312
515.7994841999999,,205.58047343566813,17030.0,1.5806451612903225
515.9994839999999,,180.7024365915645,24961.0,3.923611111111111
516.1994837999999,4.840416892257715,192.74438911295528,22164.0,1.7687074829931972
516.3994835999999,,60.78286487043636,17267.0,1.596774193548387
516.5994833999999,,187.00392204354475,24918.0,3.9172413793103447
516.7994831999999,7.504132558231502,5.9177500107021945,25287.0,3.8378378378378377
516.9994829999999,,157.11044264056628,16902.0,1.4634146341463414
517.1994827999999,,164.01911235273693,25160.0,4.208333333333333
517.3994825999999,,179.36779568400186,16081.0,1.588235294117647
517.5994823999999,6.5518125,21.867785062605208,16000.0,1.5798319327731092
517.7994821999999,12.240848240729772,12.54897197895031,16882.0,1.7416666666666667
517.999482,,247.62149853564384,29399.0,4.0647482014388485
518.1994818,3.009156888014651,12.776919412706915,29486.0,4.271428571428571
518.3994816,,194.17816432925008,18918.0,2.0
518.5994814,,145.60288991911943,26860.0,4.359712230215828
518.7994812,,180.58417090556011,17796.0,1.9915254237288136
518.999481,9.500212652844231,37.044645428748694,18810.0,2.092436974789916
519.1994808,,172.6543916592096,26871.0,4.384057971014493
519.3994806,3.8532257475628904,4.444059128990213,27389.0,4.264285714285714
519.5994804,,181.80010984153355,17684.0,2.0427350427350426
519.7994802,,183.09357736758454,26380.0,4.294964028776978
519.99948,,180.08615146994936,18062.0,1.9083333333333334
520.1994798,,132.36589084171877,27525.0,4.122448979591836
520.3994796,4.5069196591157406,17.32984341379385,27458.0,4.152777777777778
520.5994794,8.842722748901238,19.4801215062092,27531.0,4.124137931034483
520.7994792,5.895165834053262,16.093942075203223,26623.0,4.267605633802817
520.999479,,168.86657926662858,18398.0,1.859504132231405
521.1994788,2.698014969085584,4.494188908643338,18438.0,1.859504132231405
521.3994786,,173.22120788622016,26136.0,4.328571428571428
521.5994784,,162.26771180651457,16457.0,1.6610169491525424
521.7994782,,179.33244605675876,25123.0,4.423357664233577
521.999478,3.6990837233080343,1.2611409720453945,25429.0,4.391304347826087
522.1994778,4.1945986675126905,8.272255908596772,25216.0,4.391304347826087
522.3994776,,185.15669915149084,15853.0,1.6293103448275863
522.5994774,,191.2865987788917,24870.0,4.423357664233577
522.7994772,,196.91068311200806,15861.0,1.6666666666666667
522.999477,9.814549429196017,19.53539540273548,16468.0,1.817391304347826
523.1994768,12.395378151260504,48.54096549087168,16660.0,2.1481481481481484
523.3994766,,180.66432684125456,25791.0,4.6976744186046515
523.5994764,7.318030146128178,7.832621708310703,26073.0,4.556390977443609
523.7994762,12.877970030631674,38.57291069543526,24158.0,4.592592592592593
523.999476,10.79892242286484,19.598165519923228,23757.0,4.460431654676259
524.1994758,,224.33083198808689,13834.0,1.5272727272727273
524.3994756,,209.57425363455764,22769.0,4.5588235294117645
524.5994754,,248.16577211578425,15316.0,1.3801652892561984
524.7994752,,22.89554842930842,15122.0,1.5086206896551724
524.999475,,214.5103456379219,23919.0,4.460431654676259
525.1994748,4.670864290811401,4.956236698017975,23823.0,4.460431654676259
525.3994746,10.788585046653472,7.5137060720562,24757.0,4.397163120567376
525.5994744,12.304573759931285,12.79791535622117,23285.0,4.428571428571429
525.7994742,16.72346392820159,39.9178855803799,23176.0,4.492753623188406
525.999474,14.437119592038163,48.5875691044644,24316.0,3.986842105263158
526.1994738,8.492599444958373,13.989636319985085,23782.0,4.122448979591836
526.3994736,4.609250398724083,4.388824814955909,23826.0,4.006711409395973
526.5994734,,390.49414975856257,67739.0,2.8054298642533935
526.7994732,,373.7871094890464,23253.0,3.825503355704698
526.999473,12.16928605654049,225.22138223069814,20870.0,1.8194444444444444
527.1994728,,55.15288439927725,17663.0,1.9913793103448276
527.3994726,,107.2309686363911,28544.0,1.8979591836734695
527.5994724,,547.5239026608231,76561.0,2.8440366972477062
527.7994722,3.8023403978676376,9.405893984758704,76910.0,2.8181818181818183
527.999472,4.33391840237148,4.768187719507872,76914.0,2.8054298642533935
528.1994718,,527.0819062515317,29304.0,2.019867549668874
528.3994716,3.351086919075344,12.762435910590707,29027.0,2.087248322147651
528.5994714,4.896134075065136,174.53638877321882,28402.0,3.936619718309859
528.7994712,,380.76140191759276,72254.0,2.743362831858407
528.999471,7.094793982617735,23.88207319724379,69266.0,2.8440366972477062
529.1994708,6.637652479963815,15.536330657160992,70747.0,2.8310502283105023
529.3994706,6.14899332576366,12.643843228706489,72218.0,2.743362831858407
529.5994704,4.494939845772591,1.7200064234617263,72231.0,2.767857142857143
529.7994702,4.369114877589454,0.8922390811192443,71685.0,2.7555555555555555
529.99947,2.8133366800535473,0.667587640449896,71712.0,2.7312775330396475
530.1994698,10.106014170837316,35.2597455430977,71132.0,2.857142857142857
530.3994696,11.851914823600389,16.462796065747433,72931.0,2.9665071770334928
530.5994694,9.991084972190436,22.21035555757019,75154.0,2.9523809523809526
530.7994692,,396.2791597914034,28662.0,4.2444444444444445
530.999469,7.353185876623376,6.764538997971831,29568.0,4.213235294117647
531.1994688,,418.95450589312225,74211.0,3.0541871921182264
531.3994686,,337.91117505284063,30291.0,4.274074074074074
531.5994684,,346.87647423954365,74229.0,2.9665071770334928
531.7994682,2.7133315414594814,3.3230092777489233,74410.0,2.9665071770334928
531.999468,2.395665349856594,2.8150728646701375,73916.0,2.995169082125604
532.1994678,3.549905402278512,11.321215898192913,73469.0,2.9665071770334928
532.3994676,3.6149523610821337,9.989335456783637,71895.0,3.0097087378640777
532.5994674,6.768974379567906,21.433822058450712,74706.0,3.024390243902439
532.7994672,7.665771689019279,24.462004134620972,76352.0,2.980769230769231
532.999467,6.200771208226221,33.242779985711195,73910.0,3.0097087378640777
533.1994668,3.9383163103119427,17.34173025284882,72353.0,3.0693069306930694
533.3994666,3.1167415543351638,8.63023832387763,72108.0,3.0693069306930694
533.5994664,,358.7034478469083,26940.0,4.106870229007634
533.7994662,,349.24945703194993,72012.0,3.0097087378640777
533.999466,,358.2567462163356,26789.0,4.161538461538462
534.1994658,2.406325581395349,2.8496998738691737,26875.0,4.129770992366412
534.3994656,,360.98593542549446,71757.0,3.024390243902439
534.5994654,5.9046207568621085,18.42172498223445,73884.0,2.883720930232558
534.7994652,3.2281006541979966,8.57829750065811,73678.0,2.857142857142857
534.999465,,364.589552111851,27959.0,3.949275362318841
535.1994648,,368.96307407015183,73096.0,2.897196261682243
535.3994646,4.4455210088601405,11.108104607785883,73588.0,2.9245283018867925
535.5994644,6.622753661341499,40.84915735736513,72173.0,3.0097087378640777
535.7994642,,322.23652466974573,26957.0,4.045454545454546
535.999464,,332.9397513442779,71068.0,3.024390243902439
536.1994638,,303.104000690369,26353.0,4.434108527131783
536.3994636,,301.16167311624173,70987.0,3.0392156862745097
536.5994634,,320.4231116545093,26175.0,4.3125
536.7994632,3.7445924430119217,12.267626107285606,25751.0,4.25
536.999463,3.791803541382902,3.7665461171781613,24962.0,4.32
537.1994628,6.120999309233249,22.59007889391535,26058.0,4.217054263565892
537.3994626,2.931070597362296,4.491313921691383,25780.0,4.275590551181103
537.5994624,,187.5248735325555,17567.0,2.1574074074074074
537.7994622,,214.52292784824343,25379.0,4.0852713178294575
537.999462,,269.71014955157654,76142.0,2.450592885375494
538.1994618,16.607400446972775,76.08860084898863,78752.0,2.1602787456445993
538.3994616,7.599416848629072,12.990779344564777,76481.0,2.1602787456445993
538.5994614,8.63654239217614,38.17149597511965,77302.0,2.1602787456445993
538.7994612,,372.64827564938133,33059.0,2.367816091954023
538.999461,5.358977835016606,101.1754441906203,29506.0,3.460526315789474
539.1994608,4.041884998438422,20.6271270676046,28817.0,3.5675675675675675
539.3994606,3.1640286773109825,11.801453387482185,28873.0,3.4966887417218544
539.5994604,5.920378955855674,38.316953469097704,29766.0,3.543046357615894
539.7994602,3.8261455060253446,14.834483216146701,28961.0,3.63265306122449
539.99946,,350.9163173981851,73618.0,2.8310502283105023
540.1994598,,349.30917222751253,28172.0,3.7222222222222223
540.3994596,5.543504171632896,15.159764965327337,29365.0,3.610738255033557
540.5994594,,362.9141572265142,73972.0,2.7927927927927927
540.7994592,2.9784933154899496,1.8409247936077808,73977.0,2.7927927927927927
540.999459,,329.03474601424665,28698.0,3.7222222222222223
541.1994588,6.713874859708193,43.29167259275848,28512.0,3.9197080291970803
541.3994586,4.748791780729325,18.471584151273007,29589.0,3.742857142857143
541.5994584,,154.81949163224445,21250.0,2.152542372881356
541.7994582,,466.7330852586148,74714.0,2.9245283018867925
541.999458,2.61261188505283,2.8284525520306913,74295.0,2.9107981220657275
542.1994578,,361.09558787390193,31029.0,3.5328947368421053
542.3994576,5.504971615344917,12.749926321727276,29065.0,3.671232876712329
542.5994574,10.611325101695526,81.05665599000417,27779.0,3.673469387755102
542.7994572,11.625658111220796,91.15618987678435,24312.0,3.7786259541984735
542.999457,,318.7999252920468,65857.0,2.980769230769231
543.1994568,5.67475312961667,20.833054240642728,64305.0,2.995169082125604
543.3994566,,293.6229955290282,20709.0,4.067669172932331
543.5994564,5.4488824295880525,9.932706470125172,19954.0,4.122137404580153
543.7994562,4.901538461538461,2.6150993393848085,20150.0,4.186046511627907
543.999456,,290.305639367019,63416.0,3.1
544.1994558,3.75075226467113,8.57655126407543,63475.0,3.0541871921182264
544.3994556,3.2019253757511037,5.749392403352167,62741.0,3.084577114427861
544.5994554,2.422044464234598,0.829904151245409,62882.0,3.0693069306930694
544.7994552,4.777604609426655,5.818552800289571,63522.0,2.9665071770334928
544.999455,2.8355399812897395,4.494776986468221,63067.0,3.024390243902439
545.1994548,6.581706305093237,8.555355163180302,63869.0,2.995169082125604
545.3994546,,455.7625390309538,16843.0,1.5039370078740157
545.5994544,,154.2196823434356,26615.0,3.8285714285714287
545.7994542,,104.49953815396465,18714.0,1.8319327731092436
545.999454,,127.51429794247893,26318.0,3.857142857142857
546.1994538,4.77945973683246,13.822679306300858,27283.0,3.703448275862069
546.3994536,18.87001750605979,145.06225306609323,29704.0,3.8633093525179856
546.5994534,13.391415932191943,106.22426224682891,29613.0,3.8285714285714287
546.7994532,7.538166268224519,48.607487124789856,29699.0,3.7816901408450705
546.999453,5.108829637569505,19.667533783763723,29854.0,3.8297872340425534
547.1994528,2.3920029643603047,5.294782138066245,29686.0,3.8085106382978724
547.3994526,5.636621504371621,22.82132519044693,29966.0,3.7816901408450705
547.5994524,6.951006523111454,50.678498777934145,28514.0,3.7152777777777777
547.7994522,5.910610789121712,213.53677262641614,22430.0,1.6666666666666667
547.999452,4.036578217202704,177.2629698897038,25589.0,3.8214285714285716
548.1994518,8.177695821633629,203.72396151339447,23861.0,1.5833333333333333
548.3994516,4.964931530898877,38.32178456434352,22784.0,1.60431654676259
548.5994514,5.228923380142892,52.679845226069915,20295.0,1.5
548.7994512,3.9396886153209536,20.88997056827488,19333.0,1.5801526717557253
548.999451,2.631117007705261,1.1381501618705707,19597.0,1.5877862595419847
549.1994508,,585.885753419284,67692.0,3.024390243902439
549.3994506,2.7747534340454694,5.91867746279332,67122.0,3.0693069306930694
549.5994504,2.966800924006397,2.186746339973003,67532.0,3.0541871921182264
549.7994502,,582.2352551759627,19296.0,1.6614173228346456
549.99945,3.104548077427477,11.561074787467087,19063.0,1.6220472440944882
550.1994498,2.561561079925154,2.4396956641726133,18705.0,1.632
550.3994496,,596.6237788632073,66542.0,3.1472081218274113
550.5994494,2.1061308681381554,0.5504855090723079,66418.0,3.1472081218274113
550.7994492,2.044614317592425,0.6360030721283835,66324.0,3.1472081218274113
550.999449,2.094500317115158,3.1441601130111247,66222.0,3.1472081218274113
551.1994488,5.407709928265718,12.048881559492187,66356.0,2.9523809523809526
551.3994486,,384.5049637959062,19770.0,4.0
551.5994484,8.30767223382046,27.392278919265177,19160.0,4.075757575757576
551.7994482,,398.66154122007293,65378.0,2.938388625592417
551.9994479999999,,398.0611765207421,19987.0,3.9705882352941178
552.1994477999999,5.048967551622419,15.038333420894512,20340.0,3.857142857142857
552.3994475999999,5.729258082412871,16.201984195548988,19827.0,4.0
552.5994473999999,3.2790556594712097,4.497414146439891,19781.0,4.045112781954887
552.7994471999999,3.9110997442455244,6.848583986257959,19550.0,4.122137404580153
552.9994469999999,9.368717752723104,17.165117457675237,20932.0,3.977777777777778
553.1994467999999,,416.8405247176887,66290.0,2.9107981220657275
553.3994465999999,4.465392142104471,14.015479809493876,66430.0,2.8703703703703702
553.5994463999999,2.6644418941773376,8.920307194832704,66224.0,2.897196261682243
553.7994461999999,,420.6756669539714,21113.0,3.857142857142857
553.9994459999999,5.77416478978979,17.735042686844178,21312.0,3.9558823529411766
554.1994457999999,,398.5522116339777,67284.0,2.9665071770334928
554.3994455999999,,388.57480246080837,21208.0,4.052631578947368
554.5994453999999,,394.28353765321657,66355.0,3.0097087378640777
554.7994451999999,5.048310450205436,13.93108864354467,68391.0,2.938388625592417
554.9994449999999,4.535663213191303,9.91819639019654,68530.0,2.897196261682243
555.1994447999999,3.0267469172049326,3.965656077553737,68120.0,2.938388625592417
555.3994445999999,3.492203528929011,4.115493365451095,68236.0,2.883720930232558
555.5994443999999,,413.09408032720273,24087.0,3.7482517482517483
555.7994441999999,,422.0892978381441,68357.0,2.980769230769231
555.9994439999999,,375.1958532568078,23427.0,3.977777777777778
556.1994437999999,3.934815651192079,12.829393552944667,23027.0,4.091603053435114
556.3994435999999,3.562195069297526,8.121157079840154,23161.0,4.007462686567164
556.5994433999999,13.353051607218115,27.789238839234553,26101.0,4.114503816793893
556.7994431999999,5.677495643515061,8.230223403548832,24102.0,3.8484848484848486
556.9994429999999,3.8463765718067506,19.266155149643826,24176.0,3.9015151515151514
557.1994427999999,3.458630527817404,14.451201539035699,23834.0,3.8636363636363638
557.3994425999999,7.207409703921873,10.111617639651817,25804.0,4.0
557.5994423999999,6.482731257557437,39.95745508263515,26464.0,3.984732824427481
557.7994421999999,,326.842807038911,74594.0,2.8440366972477062
557.9994419999999,,55.669116674333,69107.0,3.0392156862745097
558.1994417999999,4.152558179574736,6.32989992346602,69698.0,3.024390243902439
558.3994415999999,,17.660619842838365,68237.0,3.0541871921182264
558.5994413999999,3.0816484770459667,6.091443023961688,68354.0,3.0693069306930694
558.7994411999999,,2.7546613898889576,67673.0,3.084577114427861
558.9994409999999,2.249896785608965,0.8023974439718179,67820.0,3.0693069306930694
559.1994407999999,,2.6447879513654997,67112.0,3.1
559.3994405999999,,47.95406813668245,69349.0,2.8703703703703702
559.5994403999999,,33.585289402113,68996.0,2.9107981220657275
559.7994401999999,3.835579357918328,5.861117112561762,68714.0,2.9523809523809526
559.9994399999999,2.2925272685077744,1.5009495998085594,68944.0,2.938388625592417
560.1994397999999,2.789978863248111,6.3814470990551655,69074.0,2.9107981220657275
560.3994395999999,,5.92725103712079,67720.0,2.938388625592417
560.5994393999999,,322.86348300150865,23755.0,3.8633093525179856
560.7994391999999,,336.6049146503443,67329.0,3.0097087378640777
560.9994389999999,,5.863952147066423,66470.0,3.0097087378640777
561.1994387999999,,15.556882712947344,65664.0,2.9665071770334928
561.3994385999999,2.9368715678668673,1.1517306912855896,65739.0,2.9665071770334928
561.5994383999999,,1.9425928612202716,64719.0,3.024390243902439
561.7994381999999,,2.1830871416975497,63735.0,3.0541871921182264
561.9994379999999,,5.996443220963311,65123.0,3.0097087378640777
562.1994377999999,2.2272022118116888,0.9867769390987268,65105.0,3.0097087378640777
562.3994375999999,3.204535690173694,3.196189285657987,65172.0,2.995169082125604
562.5994373999999,2.7836127083873525,3.535906026333447,65563.0,2.980769230769231
562.7994371999999,,3.2294694326444886,65076.0,2.995169082125604
562.999437,2.4349417892156864,2.276127130871833,65280.0,3.0097087378640777
563.1994368,2.0416717772599045,0.6821422183409085,65224.0,3.0097087378640777
563.3994366,3.530234221904258,7.905598691935983,64298.0,3.0392156862745097
563.5994364,,2.9026652454433948,63501.0,3.0541871921182264
563.7994362,,9.304687354313105,63058.0,3.0693069306930694
563.999436,,306.72463429318645,18783.0,4.037313432835821
564.1994358,16.54467910179333,37.5792078812909,19461.0,4.007407407407407
564.3994356,,301.16488698593565,64833.0,2.8703703703703702
564.5994354,,303.3235390253857,20486.0,4.0
564.7994352,2.5847536260194364,1.1310622017200052,20477.0,4.029850746268656
564.999435,2.690274215821661,1.5676887426971113,20276.0,4.0
565.1994348,,289.2298996180886,65970.0,2.8054298642533935
565.3994346,,302.5631447584518,20803.0,3.9057971014492754
565.5994344,3.02371064322967,7.2080792691262525,20708.0,3.884892086330935
565.7994342,2.443601758369161,4.394613732598297,20701.0,3.9130434782608696
565.999434,,311.6749841331041,63738.0,2.9665071770334928
566.1994338,2.309506981419529,2.4558201038529517,63669.0,2.9523809523809526
566.3994336,3.840039315412578,4.22658065542959,64097.0,2.897196261682243
566.5994334,,322.7857568553732,20846.0,3.9705882352941178
566.7994332,10.618700581118414,18.653378537982967,20994.0,4.075757575757576
566.999433,,318.79266043494687,63950.0,3.1
567.1994328,,314.275462732565,20892.0,4.21875
567.3994326,3.6579623080277117,5.420029259586803,20641.0,4.186046511627907
567.5994324,6.831197327083229,31.778571666179015,20053.0,4.336
567.7994322,6.979018867924529,8.931008689388706,19875.0,4.5
567.999432,,309.67859239864475,61902.0,3.297872340425532
568.1994318,,298.70238884423605,19279.0,4.655172413793103
568.3994316,21.98124098124098,57.619187083025494,20097.0,3.673469387755102
568.5994314,29.000826877883192,86.54899120241346,22978.0,4.122137404580153
568.7994312,,248.2311242666032,69968.0,2.7927927927927927
568.999431,,35.17728058245458,68546.0,2.9665071770334928
569.1994308,,292.16512647969904,22359.0,4.106870229007634
569.3994306,5.998101609112276,9.903390686595941,22124.0,4.178294573643411
569.5994304,,298.6056097440281,66808.0,3.0693069306930694
569.7994302,,4.074096141811379,66244.0,3.084577114427861
569.99943,,22.250135991112653,67546.0,2.7927927927927927
570.1994298,,20.621892396707157,66292.0,2.857142857142857
570.3994296,2.278121642276669,1.580498328107772,66079.0,2.8703703703703702
570.5994294,2.1039577756605117,0.3078409828836096,66123.0,2.8703703703703702
570.7994292,2.3767460101970013,1.1302521917518555,66294.0,2.857142857142857
570.999429,5.925742792812679,9.889884047350012,67953.0,2.8310502283105023
571.1994288,2.68426481205888,2.8806786112802856,67867.0,2.8310502283105023
571.3994286,2.079901614233534,0.36701807555645927,67896.0,2.8440366972477062
571.5994284,2.1860043883546614,0.8719231647002846,67907.0,2.8440366972477062
571.7994282,2.7221372923710128,3.1732472430479057,68030.0,2.857142857142857
571.999428,7.24549500255344,16.452122017968904,68535.0,2.9107981220657275
572.1994278,4.893703070403688,11.608455995933765,67255.0,3.024390243902439
572.3994276,,6.728550173434916,66133.0,3.0693069306930694
572.5994274,,3.2312160340435905,66718.0,3.0541871921182264
572.7994272,2.1551532951718766,0.2905015405899713,66734.0,3.0541871921182264
572.999427,2.124750843012364,0.3290168991790865,66725.0,3.0392156862745097
573.1994268,,2.726021698171829,66056.0,3.0541871921182264
573.3994266,,36.229771936229746,69181.0,2.857142857142857
573.5994264,8.135595104127592,33.83507275419616,71979.0,2.767857142857143
573.7994262,,22.029687532932652,72211.0,2.8054298642533935
573.999426,2.2493800135773565,0.5892246031150317,72179.0,2.8181818181818183
574.1994258,6.137783464846804,26.43645601265486,70335.0,2.767857142857143
574.3994256,,7.4043578573453654,69354.0,2.883720930232558
574.5994254,2.394614055299539,0.8490176399652823,69440.0,2.9107981220657275
574.7994252,,3.8118531081264297,68830.0,2.9107981220657275
574.999425,2.1339135235659907,0.8033050528180796,68828.0,2.9107981220657275
575.1994248,,22.896423566726327,69937.0,2.719298245614035
575.3994246,,14.557533868702677,69952.0,2.8310502283105023
575.5994244,,5.03228984636596,70645.0,2.8181818181818183
575.7994242,,5.849818488202108,71088.0,2.8181818181818183
575.999424,,3.707469410543016,70525.0,2.8310502283105023
576.1994238,,5.943464446500743,69377.0,2.857142857142857
576.3994236,,12.852013557926005,74432.0,2.7555555555555555
576.5994234,2.2769477413879047,2.276481360983117,74227.0,2.767857142857143
576.7994232,7.217317082853627,40.66720833016275,75567.0,2.6382978723404253
576.999423,7.123665383990027,35.88618189508202,73804.0,2.683982683982684
577.1994228,7.334595235873579,31.626702457199865,75019.0,2.5203252032520327
577.3994226,12.105356805866336,42.09428320364416,74186.0,2.1602787456445993
577.5994224,4.687446468337806,69.55465496931626,70052.0,2.48
577.7994222,9.786884763613898,62.277221503373674,67982.0,2.8440366972477062
577.999422,3.2264595033443073,9.0689410081977,67129.0,2.9245283018867925
578.1994218,6.20566165435659,11.33342648634691,67966.0,2.8054298642533935
578.3994216,9.02841681817531,12.853787005826677,69853.0,2.9523809523809526
578.5994214,11.717890376990885,62.29199924593011,73397.0,2.897196261682243
578.7994212,5.241516307621698,23.402129601968294,69722.0,3.0097087378640777
578.999421,7.50864543027257,27.234363936649522,70037.0,2.7927927927927927
579.1994208,5.50944780499491,30.402060367668323,66788.0,2.8054298642533935
579.3994206,3.7579928487006478,4.922030460298049,66841.0,2.857142857142857
579.5994204,5.152038005632757,33.25428710830934,64622.0,2.897196261682243
579.7994202,4.790716840304774,5.670146634566035,64310.0,2.9665071770334928
579.99942,4.062025901942646,5.788343513314894,64860.0,2.9665071770334928
580.1994198,3.460421665836616,19.44730850953493,66261.0,2.883720930232558
580.3994196,6.430948145712193,2.8336018474131817,66899.0,2.897196261682243
580.5994194,5.905396332821102,14.908605786382132,67027.0,2.980769230769231
580.7994192,4.783723145956911,14.98102424953479,65074.0,2.9523809523809526
580.999419,6.073949911260106,3.689639065004669,65923.0,2.995169082125604
581.1994188,6.421080975960028,21.911594688597447,66847.0,2.897196261682243
581.3994186,4.950889914304549,6.6451332080318375,66748.0,2.980769230769231
581.5994184,5.622475068403032,0.6919797083863797,66883.0,3.0392156862745097
581.7994182,5.328555368184373,9.192127599196295,67602.0,3.0097087378640777
581.999418,4.751159943778621,20.127388187880506,66167.0,3.024390243902439
582.1994178,4.32067734831802,2.491582303431957,65845.0,3.024390243902439
582.3994176,4.44296108925114,16.431773568782187,64044.0,3.0693069306930694
582.5994174,6.02220075740153,4.052471742369719,65223.0,3.0693069306930694
582.7994172,12.004378032325668,50.81116053961138,69666.0,2.7555555555555555
582.999417,7.778344177821984,41.64241872352332,72387.0,2.421875
583.1994168,6.922159763313609,71.27857994209334,67600.0,2.8703703703703702
583.3994166,5.5678285304316635,8.607749035135177,66904.0,2.9665071770334928
583.5994164,,433.76406318889167,23803.0,3.75
583.7994162,,419.3982819369036,68433.0,2.938388625592417
583.999416,5.403672817341091,7.946852846013642,68231.0,2.8181818181818183
584.1994158,2.623778071334214,1.8437040219942846,68130.0,2.8310502283105023
584.3994156,3.2794659979347984,5.104749751793602,67790.0,2.857142857142857
584.5994154,2.6322559802640275,3.080837771975725,68099.0,2.8310502283105023
584.7994152,2.566157704506897,2.9862742136742715,67785.0,2.857142857142857
584.999415,2.3221718524623944,1.5550821420162364,67942.0,2.857142857142857
585.1994148,2.2629042035692635,6.442390857500884,67633.0,2.857142857142857
585.3994146,3.344758720672209,1.7863752745094659,67598.0,2.8440366972477062
585.5994144,3.8337540837540836,6.386955152393174,67340.0,2.8703703703703702
585.7994142,3.28304018793024,6.527602319246405,67259.0,2.8703703703703702
585.999414,8.231888477455891,11.706533172848566,68865.0,2.8703703703703702
586.1994138,,358.9769260308906,23324.0,4.153846153846154
586.3994136,13.847064948587791,77.64547480426154,23049.0,4.130769230769231
586.5994134,4.783683999822072,23.687229169461553,22481.0,4.32
586.7994132,16.41196470841403,35.66921251824396,23235.0,3.9130434782608696
586.999413,,366.1010912605945,64128.0,2.9665071770334928
587.1994128,5.347323428283019,13.363402427493016,63402.0,3.0541871921182264
587.3994126,3.1688387046185214,7.19465960313596,63765.0,2.980769230769231
587.5994124,4.09924112455758,11.440762124732885,64701.0,2.9107981220657275
587.7994122,7.02511684928358,19.100311293614773,65255.0,2.8703703703703702
587.999412,7.309532005327985,31.49842380316093,66817.0,2.938388625592417
588.1994118,7.726996951886476,23.902595883697455,68567.0,2.9107981220657275
588.3994116,6.980382608695652,52.059141959332635,71875.0,2.7927927927927927
588.5994114,3.166671442900129,34.34092870134312,69790.0,2.8703703703703702
588.7994112,4.596543702226653,16.273654537297357,69207.0,2.883720930232558
588.999411,5.379656499851939,18.989012311155047,67540.0,2.938388625592417
589.1994108,4.372764686067459,17.635945659050687,68279.0,2.980769230769231
589.3994106,2.49672658190852,1.579080382828409,68430.0,2.995169082125604
589.5994104,2.7752518318327,10.098266530832328,69193.0,2.9665071770334928
589.7994102,2.0843111252054083,1.9555214396896206,69374.0,2.980769230769231
589.99941,2.1479649725074914,5.883654505479193,68746.0,2.980769230769231
590.1994098,3.5624397651937736,12.496526396474001,68482.0,2.938388625592417
590.3994096,4.091114990118149,14.211526528498647,69319.0,2.9245283018867925
590.5994094,2.8451756039558016,10.046715573607408,68962.0,2.9107981220657275
590.7994092,2.3488345207300685,2.2045772634354397,69199.0,2.9107981220657275
590.999409,2.030270552111697,1.4476064277937153,69044.0,2.9107981220657275
591.1994088,1.9852322200847592,2.1036587411387586,69137.0,2.9107981220657275
591.3994086,2.2745422361510115,1.6840595561038543,68922.0,2.897196261682243
591.5994084,2.084082380661489,5.362676761985092,68754.0,2.9107981220657275
591.7994082,2.240079045597599,3.7114293632109883,68315.0,2.9107981220657275
591.999408,2.3551954882823916,2.458226125395215,68444.0,2.9245283018867925
592.1994078,3.600894769822649,3.930783487982265,68621.0,2.9107981220657275
592.3994076,3.5190645506316307,7.759963404228824,69186.0,2.8440366972477062
592.5994074,5.285799328164642,13.859101223565773,70553.0,2.857142857142857
592.7994072,4.289562430908302,18.881829349103036,71463.0,2.8703703703703702
592.999407,3.0221339065991573,10.507993830301325,70706.0,2.938388625592417
593.1994068,2.8646042190279855,10.126457388221304,70822.0,2.8703703703703702
593.3994066,2.462063604240283,0.883083651043562,70750.0,2.897196261682243
593.5994064,6.036471911962458,18.30717905020802,72878.0,2.8703703703703702
593.7994062,6.755266708524253,35.549331145995296,74857.0,2.897196261682243
593.999406,8.510687922903424,64.58736164271147,78032.0,2.4031007751937983
594.1994058,6.138612365953123,82.90729099053796,72829.0,2.8181818181818183
594.3994056,9.121116097672886,16.423154755277203,69743.0,2.719298245614035
594.5994054,8.177803373817195,21.726117787849756,68587.0,2.9245283018867925
594.7994052,15.193721658389117,31.580433639301614,74096.0,2.8054298642533935
594.999405,,566.9270730489253,30253.0,1.6928104575163399
595.1994048,,533.4471043562388,77164.0,2.594142259414226
595.3994046,6.528945890026171,43.26494369807812,72981.0,2.767857142857143
595.5994044,,455.9565304117817,27990.0,3.857142857142857
595.7994042,9.998242822094026,29.444066820763595,30162.0,3.8835616438356166
595.999404,,440.895488050629,75566.0,2.8440366972477062
596.1994037999999,,492.37778808962344,31943.0,2.1188811188811187
596.3994035999999,5.159996157786885,80.05779221381711,31232.0,4.00709219858156
596.5994033999999,4.850119059596874,40.2601329226811,29817.0,4.359712230215828
596.7994031999999,,192.69467289468255,20845.0,2.128205128205128
596.9994029999999,,171.2860993470439,29248.0,4.321428571428571
597.1994027999999,4.0211965000339145,14.199940023236303,29486.0,4.290780141843972
597.3994025999999,8.912996467959346,154.6472236974553,27746.0,1.75
597.5994023999999,14.954756495110145,283.7747475657613,30369.0,3.9714285714285715
597.7994021999999,6.899303857008467,193.4718910067015,26575.0,1.9568345323741008
597.9994019999999,6.315751194846575,130.7795109859446,28874.0,3.964788732394366
598.1994017999999,3.697666294019005,13.927740388383151,28624.0,4.423357664233577
598.3994015999999,6.2882742236551845,25.850608835164756,29465.0,3.909090909090909
598.5994013999999,4.9327929487683955,179.54777147343108,25414.0,1.8613138686131387
598.7994011999999,2.737236238933408,178.11777300319994,28577.0,4.072463768115942
598.9994009999999,2.5298404023603025,179.3302405437646,25251.0,1.8405797101449275
599.1994007999999,2.363229813664596,177.50855300622183,28175.0,4.072463768115942
599.3994005999999,3.6621471614335555,171.58909827512758,25224.0,1.7857142857142858
599.5994003999999,3.6405073485001007,14.057584663876082,24835.0,1.8129496402877698
599.7994001999999,3.5897949563987743,8.586749181502782,25458.0,1.7816901408450705
599.9993999999999,2.77631162250607,181.5411619173493,28419.0,3.9577464788732395
600.1993997999999,2.2217916651988587,2.4632871318327827,28387.0,3.9577464788732395
600.3993995999999,2.510451653692654,181.26728545235173,25307.0,1.767605633802817
600.5993993999999,5.611711782811144,13.137581544927825,25342.0,1.6643835616438356
600.7993991999999,5.232703293603216,177.93227343640902,28358.0,3.909090909090909
600.9993989999999,6.584807785105356,182.21238440060844,24868.0,1.6734693877551021
601.1993987999999,10.879279871757983,35.482627983401926,24329.0,1.7062937062937062
601.3993985999999,22.193428522277653,87.1454627688946,29065.0,1.6938775510204083
601.5993983999999,8.822907833800796,36.817517293552264,30662.0,1.7066666666666668
601.7993981999999,8.23705968178976,102.68274563612198,28786.0,3.8344827586206898
601.9993979999999,7.737966062564931,42.102201988684904,25989.0,4.088888888888889
602.1993977999999,5.195423221947731,195.26852867978877,23073.0,1.7941176470588236
602.3993975999999,5.78170549262663,11.4024163883234,23395.0,1.7391304347826086
602.5993973999999,3.3555546034874255,1.8938243336004952,23341.0,1.7591240875912408
602.7993971999999,2.3963329166193126,195.7430297093765,26397.0,4.021897810218978
602.9993969999999,3.9338986644053424,200.96188511794293,23585.0,1.7050359712230216
603.1993967999999,9.56411092985318,12.94083133123333,24520.0,1.6736111111111112
603.3993965999999,,585.3291287695153,71393.0,2.743362831858407
603.5993963999999,4.565153305986234,11.360503203208697,71915.0,2.780269058295964
603.7993961999999,4.679150151958656,16.279701383748648,71401.0,2.8054298642533935
603.9993959999999,4.748039441817553,15.191301522281808,69368.0,2.883720930232558
604.1993957999999,,398.2268136023183,24847.0,3.935251798561151
604.3993955999999,,414.37870177075666,68698.0,2.897196261682243
604.5993953999999,,417.25630477570485,24850.0,3.8380281690140845
604.7993951999999,3.192065363196618,4.354877614831621,24601.0,3.8309859154929575
604.9993949999999,4.377181262399287,6.46374452085629,24699.0,3.8111888111888113
605.1993947999999,,409.6875821188069,69974.0,2.780269058295964
605.3993945999999,,544.4007974715552,27126.0,1.5945945945945945
605.5993943999999,8.453277969077037,111.59549152944932,29622.0,3.727891156462585
605.7993941999999,26.987194211553923,124.0199486352146,34828.0,3.6258064516129034
605.9993939999999,,81.39169674207739,21630.0,2.1639344262295084
606.1993937999999,3.407756259310875,18.022403779746114,20809.0,2.191666666666667
606.3993935999999,6.718236274377336,12.269686452134431,22203.0,2.120967741935484
606.5993933999999,,202.93131056749536,27201.0,4.175182481751825
606.7993931999999,,98.514977132521,15649.0,1.5258620689655173
606.9993929999999,,221.4710192685358,20698.0,3.515151515151515
607.1993927999999,,319.8935637592187,64768.0,3.024390243902439
607.3993925999999,,298.8954168524274,19451.0,4.186046511627907
607.5993923999999,3.7361195851128737,12.64501569923014,19668.0,4.099236641221374
607.7993921999999,3.366017496354926,7.317494944378448,19204.0,4.155038759689923
607.999392,,213.2678421791188,12484.0,1.3577981651376148
608.1993918,3.8688834154351395,13.255813988924162,12180.0,1.4245283018867925
608.3993916,,204.71875764228182,19687.0,4.022388059701493
608.5993914,6.54717999019127,16.17720159486612,20390.0,4.0
608.7993912,,164.1144112214307,12942.0,1.4054054054054055
608.999391,,434.0144502376758,65375.0,2.883720930232558
609.1993908,9.504879216930583,6.317053421433965,66814.0,3.024390243902439
609.3993906,7.978758412143132,26.289898217746156,67462.0,3.0693069306930694
609.5993904,5.298617619493908,7.0924637113512246,68288.0,3.024390243902439
609.7993902,3.8550783992511115,4.7563980824555605,68368.0,2.995169082125604
609.99939,11.16625906501364,57.72550958988372,70739.0,2.980769230769231
610.1993898,7.599190053285968,22.84754382706783,70375.0,3.1155778894472363
610.3993896,3.4099525730869966,4.287652565158009,70635.0,3.1313131313131315
610.5993894,,332.8290623517318,25784.0,4.32
610.7993892,3.630707438141791,9.329441003401035,26391.0,4.285714285714286
610.999389,3.122012531422354,7.872557872033293,26653.0,4.285714285714286
611.1993888,,322.89367479274256,71585.0,3.1155778894472363
611.3993886,,327.8111689162655,26142.0,4.390243902439025
611.5993884,,328.3186304604404,71289.0,3.1472081218274113
611.7993882,,321.4628875138423,26370.0,4.2362204724409445
611.999388,2.491000227842333,5.1317522819298205,26334.0,4.285714285714286
612.1993878,2.321589951750019,1.897089942289613,26114.0,4.304
612.3993876,2.2457434951381683,5.1485332356652815,26019.0,4.32
612.5993874,,326.63522749133597,71228.0,3.1155778894472363
612.7993872,2.111597988820539,0.650952748526285,71202.0,3.1313131313131315
612.999387,2.92902241323795,8.739121549789692,71431.0,3.1155778894472363
613.1993868,,317.9629691934209,25875.0,4.32
613.3993866,2.706996580474123,8.03233772054028,26027.0,4.32
613.5993864,3.24829918749757,13.266738892155766,25723.0,4.312
613.7993862,,329.55424024373417,70794.0,3.1313131313131315
613.999386,,331.10114057510594,25820.0,4.21875
614.1993858,,333.59254746930424,69940.0,3.1155778894472363
614.3993856,5.11619159895022,28.390291115091184,71253.0,3.1313131313131315
614.5993854,11.188473152159643,82.99121813681559,76170.0,2.938388625592417
614.7993852,5.586373030571436,13.749055678376108,74514.0,2.8703703703703702
614.999385,6.319967557876464,39.758439633458266,70279.0,3.0693069306930694
615.1993848,6.629461716611692,37.52000418325513,71245.0,3.084577114427861
615.3993846,3.6034891717778494,5.890522775679053,71249.0,3.0541871921182264
615.5993844,6.0668686523854225,15.167903622065605,70302.0,3.0541871921182264
615.7993842,5.080361285084667,31.198356242749117,68976.0,3.024390243902439
615.999384,5.393469695213814,0.7287887958641034,69032.0,3.0097087378640777
616.1993838,5.593743307327521,30.546927681144982,65370.0,3.1155778894472363
616.3993836,,633.6520903328797,17700.0,1.5669291338582678
616.5993834,,641.1947334808615,64709.0,3.1313131313131315
616.7993832,,394.74554262691265,21569.0,3.857142857142857
616.999383,14.414448489433124,33.26399530171537,21151.0,3.576158940397351
617.1993828,,395.7368140737123,66227.0,2.7074235807860263
617.3993826,6.195199413668845,14.171011022069441,65492.0,2.8440366972477062
617.5993824,,423.31751720018497,22465.0,3.8297872340425534
617.7993822,15.199158003264886,21.42784739227254,23278.0,3.9925925925925925
617.999382,,377.3513159910658,71153.0,2.883720930232558
618.1993818,,452.2263710154839,27444.0,3.9568345323741005
618.3993816,4.224658533619746,190.81085701352634,24673.0,1.7697841726618706
618.5993814,3.5712696875112115,166.78869348216713,27873.0,3.9928057553956835
618.7993812,10.874474936992439,70.39995109276728,28568.0,3.9927007299270074
618.999381,,412.9672466828005,74237.0,2.9523809523809526
619.1993808,3.6161438470215392,6.159102060438003,74468.0,2.9245283018867925
619.3993806,3.112304482377158,16.756666898739255,71413.0,2.995169082125604
619.5993804,2.4152816025273633,6.1690427352607164,71537.0,3.0097087378640777
619.7993802,,373.51351286171297,25385.0,3.9925373134328357
619.99938,4.233586439637981,14.10641223020382,26076.0,3.9703703703703703
620.1993798,3.1769230769230767,9.16490638158899,25870.0,4.030075187969925
620.3993796,7.473794853207684,30.46955081196826,27590.0,4.0
620.5993794,12.597151339270823,58.537947937417464,29979.0,4.015037593984962
620.7993792,35.24555439330544,158.22183600463856,34416.0,2.7282051282051283
620.999379,,388.64679829508464,74983.0,2.1602787456445993
621.1993788,5.4694280078895465,43.76257746858489,71487.0,2.1602787456445993
621.3993786,6.92564705882353,24.155014362584527,72250.0,2.1602787456445993
621.5993784,5.076836715134587,1.6075574559293202,73038.0,2.1602787456445993
621.7993782,4.525193111756786,26.508400064042245,70555.0,2.1602787456445993
621.999378,3.5496543632225506,8.955336864937198,70739.0,2.1602787456445993
622.1993778,14.719656722517367,58.99947519817858,73410.0,2.1602787456445993
622.3993776,3.636855737609499,68.09841519946649,68722.0,2.450592885375494
622.5993774,4.933892698913637,43.37324994967544,65908.0,2.8054298642533935
622.7993772,3.5665214915588113,13.107138241727895,64979.0,2.9107981220657275
622.999377,3.342193412319335,5.016022925292631,64484.0,2.9523809523809526
623.1993768,2.5129611786280424,1.7548087926617877,64346.0,2.995169082125604
623.3993766,6.925880904754577,24.949890088758835,64990.0,3.084577114427861
623.5993764,4.774571315444827,8.344700230227506,65666.0,3.0541871921182264
623.7993762,6.291382753311687,16.42318249389447,65601.0,2.9107981220657275
623.999376,6.723662536172739,25.50249726451042,67385.0,2.6956521739130435
624.1993758,12.001338852685219,86.04616534595858,73197.0,2.2962962962962963
624.3993756,8.814756247550312,36.21215603529609,73989.0,2.1602787456445993
624.5993754,3.41317566658595,7.025169315342065,74334.0,2.1602787456445993
624.7993752,11.59728720376515,36.193449452940634,72029.0,2.1602787456445993
624.999375,4.727363211977626,6.633317490775973,71333.0,2.1602787456445993
625.1993748,3.24081183311692,8.948031883393172,70852.0,2.1602787456445993
625.3993746,,657.8356354968546,30814.0,1.15962441314554
625.5993744,22.21810186195927,107.67530775175067,32063.0,1.235897435897436
625.7993742,17.82043720278689,276.0136868756459,27127.0,3.816901408450704
625.999374,,401.12062556454526,66807.0,2.897196261682243
626.1993738,,493.8234684193775,26122.0,3.9166666666666665
626.3993736,17.43219201074186,11.821887598004182,29790.0,4.384057971014493
626.5993734,,169.20871186219256,23980.0,2.1031746031746033
626.7993732,,68.55335186361611,28896.0,1.8926174496644295
626.999373,10.155553790556372,124.70704218936568,25181.0,1.7285714285714286
627.1993728,7.192050768203073,85.46467092070664,20958.0,1.7936507936507937
627.3993726,7.4308984592537595,245.06444472292,21548.0,4.296
627.5993724,7.649706661128706,217.73862415070678,19261.0,1.808
627.7993722,4.5204337784918165,223.56349864524847,19918.0,4.615384615384615
627.999372,4.374895766910286,13.609860372031923,20387.0,4.426229508196721
628.1993718,2.7177784336875246,0.7390216988674655,20328.0,4.401639344262295
628.3993716,2.382566945503143,3.0082820832154664,20203.0,4.462809917355372
628.5993714,2.417525257577273,4.57318542897685,19994.0,4.53781512605042
628.7993712,2.5919126892320072,2.806539274099773,19883.0,4.53781512605042
628.999371,10.662158967327061,35.533270950196055,21149.0,4.06015037593985
629.1993708,4.273877734044143,18.59156292778455,20071.0,4.32
629.3993706,10.281190454586698,36.910273306658674,22042.0,4.037593984962406
629.5993704,6.682652048171969,19.313457249582456,23167.0,3.857142857142857
629.7993702,5.1167755141826685,177.90692219692056,20518.0,1.6357142857142857
629.99937,10.91268417075935,52.57472199258425,21176.0,1.513157894736842
630.1993698,4.181792059767252,19.294960408413193,20881.0,1.52
630.3993696,2.7415233887234653,3.9918933724911287,20822.0,1.52
630.5993694,4.025599026581805,9.785347279555198,21368.0,1.4671052631578947
630.7993692,5.651788151788152,24.900129168765414,21978.0,1.4671052631578947
630.999369,9.175692468032228,131.95215622087142,24947.0,3.470967741935484
631.1993688,4.42747885549757,59.26738898578919,22228.0,3.7552447552447554
631.3993686,,458.56146473363526,64580.0,2.995169082125604
631.5993684,4.863873124465521,8.36799128191261,64315.0,2.995169082125604
631.7993682,4.578215851497155,8.891051556308566,64322.0,2.9665071770334928
631.999368,2.2783521205704678,2.5317404030328614,64228.0,2.995169082125604
632.1993678,2.0464123808035017,4.726594601007095,63970.0,2.980769230769231
632.3993676,4.388464891485555,22.271629425152167,65383.0,2.857142857142857
632.5993674,2.649202942979767,2.3383589315104074,65240.0,2.8703703703703702
632.7993672,3.2456359294353287,3.4227890128092033,64905.0,2.897196261682243
632.999367,2.099230308337558,1.7316238291412362,65091.0,2.883720930232558
633.1993668,2.8353403859638426,4.224535241063122,65602.0,2.897196261682243
633.3993666,2.8247282608695654,10.42299160830295,64768.0,2.9107981220657275
633.5993664,2.431114479260107,3.6834877033879234,64658.0,2.883720930232558
633.7993662,6.02434103961125,35.39240987592085,67910.0,2.8054298642533935
633.999366,11.528057065217391,35.57334206259518,73600.0,2.8054298642533935
634.1993658,8.173952819708553,16.697800957325647,76515.0,2.9107981220657275
634.3993656,8.151673735725938,26.02327082505694,76625.0,2.980769230769231
634.5993654,,359.3955195666421,26611.0,4.2153846153846155
634.7993652,,369.8601929586654,72108.0,2.980769230769231
634.999365,3.8711142158574923,13.613326466864173,71575.0,3.0392156862745097
635.1993648,,361.4266230827595,26921.0,4.265625
635.3993646,,356.9738679375567,74105.0,2.980769230769231
635.5993644,3.20298248937725,2.8463247947099015,73898.0,2.995169082125604
635.7993642,2.0232160312805476,2.6551240783789827,73656.0,3.0097087378640777
635.999364,2.037605004953384,0.7162319934467516,73687.0,3.0097087378640777
636.1993638,2.056590423577756,1.0762518085479051,73493.0,3.024390243902439
636.3993636,,377.1497930411944,28884.0,4.072463768115942
636.5993634,,368.3770388226164,73766.0,2.9107981220657275
636.7993632,2.557795846610263,6.083462770625776,72808.0,2.938388625592417
636.999363,,385.77534083217466,27427.0,4.161764705882353
637.1993628,,383.3477139225858,72333.0,2.9523809523809526
637.3993626,4.870946517529843,9.260198173142584,74473.0,2.9107981220657275
637.5993624,8.175825382661817,47.54434170326071,72845.0,2.980769230769231
637.7993622,5.019917000734007,26.710475358574218,70844.0,3.163265306122449
637.999362,2.996849208119563,5.410865453437189,71728.0,3.1313131313131315
638.1993618,2.283985167564542,1.382559102864612,71465.0,3.1313131313131315
638.3993616,3.3996954754354842,3.034216105903113,71587.0,3.1313131313131315
638.5993614,2.673693807419875,6.084556807333803,71295.0,3.195876288659794
638.7993612,2.7070878863897274,9.159843788710674,70557.0,3.195876288659794
638.999361,2.8811907716606497,4.257709459165509,70912.0,3.2124352331606216
639.1993608,2.6239705275735035,2.6563750035555174,70303.0,3.2124352331606216
639.3993606,4.6326249894730935,10.8629345290852,71246.0,3.0693069306930694
639.5993604,,480.91369573571615,17373.0,2.257142857142857
639.7993602,,153.3441607078164,26514.0,4.771653543307087
639.99936,,314.9634693745156,72492.0,2.995169082125604
640.1993598,2.686797110091107,2.120181505549754,72113.0,3.0097087378640777
640.3993595999999,3.247385607407101,4.112772343883406,72579.0,3.0097087378640777
640.5993593999999,3.6724929083931253,6.907555161707179,71916.0,2.9665071770334928
640.7993591999999,7.470480728877577,27.7660135549986,73867.0,3.084577114427861
640.9993589999999,5.357849874363139,9.062712646227611,72033.0,3.024390243902439
641.1993587999999,5.873907254095988,41.18853729447676,69092.0,3.0541871921182264
641.3993585999999,6.235993311137559,22.45843283074637,66379.0,3.0392156862745097
641.5993583999999,3.7203175087772857,6.592230657414336,65510.0,3.0392156862745097
641.7993581999999,,300.89545817114805,19731.0,3.4166666666666665
641.9993579999999,,240.76754855256584,13327.0,1.6481481481481481
642.1993577999999,,215.1302935277238,21071.0,3.6259541984732824
642.3993575999999,,286.73671416876,65574.0,2.980769230769231
642.5993573999999,3.4651180572547102,1.2715540247441772,65392.0,2.980769230769231
642.7993571999999,3.885769795618651,8.303393636745014,65368.0,2.980769230769231
642.9993569999999,2.9256363970138293,2.446580715748722,65368.0,2.9523809523809526
643.1993567999999,3.2108819671130906,4.728649965756668,65558.0,2.938388625592417
643.3993565999999,,293.33825429469863,21947.0,3.7969924812030076
643.5993563999999,20.96174316699348,110.76992247423438,24989.0,3.9705882352941178
643.7993561999999,8.393178319695373,37.79065717325214,24686.0,4.099236641221374
643.9993559999999,6.006533851765743,28.103114249481123,24947.0,4.090909090909091
644.1993557999999,5.132289660259826,3.2534747093606233,24401.0,4.06015037593985
644.3993555999999,4.338887537501013,7.009611409972181,24666.0,3.927007299270073
644.5993553999999,7.299472399401528,5.535875074878139,25398.0,3.9705882352941178
644.7993551999999,10.143630807318866,61.77921819235278,25851.0,4.106870229007634
644.9993549999999,11.38949328271028,72.16613776715252,27392.0,4.029850746268656
645.1993547999999,6.381569424819933,18.005441940203454,29017.0,4.090225563909774
645.3993545999999,5.2580421038004586,29.054383136683978,28786.0,4.083333333333333
645.5993543999999,3.4316021540352017,22.62647985889929,27669.0,4.1461538461538465
645.7993541999999,4.982123143762687,9.501114111271347,28081.0,4.075757575757576
645.9993539999999,2.814208633093525,2.7434053074852303,27800.0,4.099236641221374
646.1993537999999,6.915624461670974,24.898529987101792,29025.0,3.9705882352941178
646.3993535999999,7.761376686764284,87.15185875196579,27864.0,3.927007299270073
646.5993533999999,3.394920206788042,21.4511713346299,26694.0,4.029850746268656
646.7993531999999,3.001974524758992,16.778143036491713,25829.0,4.06015037593985
646.9993529999999,3.1089852827265685,4.186762818286967,25820.0,4.030075187969925
647.1993527999999,3.053125724441697,3.74924667368434,25882.0,4.014925373134329
647.3993525999999,5.664093532189163,32.97300149581793,26686.0,4.037593984962406
647.5993523999999,11.313347583838526,90.94417637821374,28537.0,4.161538461538462
647.7993521999999,4.263798137077714,7.661116981200777,28772.0,4.285714285714286
647.9993519999999,2.406476944994614,1.4947743262863182,28779.0,4.2204724409448815
648.1993517999999,2.5738626321184914,6.792631725044407,28289.0,4.277777777777778
648.3993515999999,2.3376331236160417,1.2007342761536355,28451.0,4.238095238095238
648.5993513999999,2.960498742665549,11.732752666528722,28632.0,4.261904761904762
648.7993511999999,2.378988897423364,3.538186558046142,28642.0,4.304
648.9993509999999,2.624119780923252,9.213980542433378,28118.0,4.296
649.1993507999999,3.6739241058447223,16.327991679330058,27512.0,4.277777777777778
649.3993505999999,10.712130605497004,70.4613501571487,29034.0,4.170542635658915
649.5993503999999,11.048703352308666,39.35234102197002,28458.0,3.7816901408450705
649.7993501999999,5.7907514450867055,262.94266869730075,19895.0,1.717557251908397
649.9993499999999,3.3764329755651974,229.95767771948204,21895.0,4.122137404580153
650.1993497999999,3.058268947755703,8.354119569144798,21744.0,4.037593984962406
650.3993495999999,3.4643869261288494,5.9310999166538565,21172.0,4.122137404580153
650.5993493999999,14.261875696619075,279.35669639776637,18841.0,1.2653061224489797
650.7993491999999,4.158354230519179,232.28073992038048,21534.0,3.5906040268456376
650.9993489999999,5.206549950450663,25.98852221042414,21191.0,3.6530612244897958
651.1993487999999,2.9272319906482878,10.971358004265033,20531.0,3.7241379310344827
651.3993485999999,2.694256259204713,9.435259807523028,20370.0,3.762237762237762
651.5993483999999,3.227989746623287,5.358568206911542,20286.0,3.857142857142857
651.7993481999999,10.653504577128023,15.577168467386898,21957.0,3.884892086330935
651.9993479999999,21.255255491693568,39.14073529202233,25402.0,3.6458333333333335
652.1993477999999,,385.4731405099464,71756.0,2.9665071770334928
652.3993475999999,3.960661537597574,12.551209360885354,71228.0,3.0097087378640777
652.5993473999999,5.365036902900101,12.08780598858418,72894.0,3.024390243902439
652.7993471999999,5.08837151428848,24.241128949355424,72331.0,3.024390243902439
652.999347,,316.14715614228646,26274.0,3.6402877697841727
653.1993468,7.025532949663614,13.034763753878966,24674.0,3.9705882352941178
653.3993466,5.667831866045227,44.87777000163185,23172.0,3.7404580152671754
653.5993464,12.283263191971512,14.441919325770144,24712.0,4.251968503937008
653.7993462,8.687761890362435,10.159137711424098,23149.0,4.32
653.999346,9.73367149975311,4.019385501499186,22277.0,4.370967741935484
654.1993458,,308.1721460187896,65213.0,3.1
654.3993456,,278.50366091757,19493.0,4.362903225806452
654.5993454,8.193258091781434,18.63036668094485,20113.0,4.21875
654.7993452,10.893123150698909,9.707201101565731,19602.0,4.153846153846154
654.999345,5.754140257616029,2.3626446775596808,19564.0,4.2265625
655.1993448,4.80743464463809,5.572241447592249,19853.0,4.122137404580153
655.3993446,9.455890250451594,6.536822831286337,20483.0,4.21875
655.5993444,,303.89127923131844,64910.0,3.1155778894472363
655.7993442,,271.4032415373533,20514.0,4.5
655.999344,5.61992893100385,1.0521643859100007,20262.0,4.426229508196721
656.1993438,5.73384236453202,2.4704065350782693,20300.0,4.508333333333334
656.3993436,,281.9148929701305,63902.0,3.2460732984293195
656.5993434,,281.08017375824016,20216.0,4.462809917355372
656.7993432,12.501754385964912,32.56969460688873,19665.0,4.32
656.999343,7.809654471544715,11.901766277414678,19680.0,4.21875
657.1993428,3.8013052936910805,17.694445850247433,19306.0,4.354838709677419
657.3993426,15.036323767756697,6.038035954449901,20978.0,4.251968503937008
657.5993424,7.694158937076962,25.048663309027827,19945.0,4.53781512605042
657.7993422,,236.5195203255558,11983.0,1.8453608247422681
657.999342,,457.5998322466037,63897.0,3.263157894736842
658.1993418,,269.5703644893827,19729.0,4.655172413793103
658.3993416,,268.6086428994409,63799.0,3.2291666666666665
658.5993414,,276.5142318350333,19690.0,4.516666666666667
658.7993412,9.970690564048498,19.01300482621464,18970.0,4.434426229508197
658.999341,4.971389574255866,2.1085747266667854,19049.0,4.3983739837398375
659.1993408,,266.1171745984327,11558.0,1.4368932038834952
659.3993406,,276.05226743056807,18683.0,4.390243902439025
659.5993404,6.781150329576866,13.455408956256747,18812.0,4.390243902439025
659.7993402,13.404379098794161,44.577865093328484,18908.0,4.21875
659.99934,24.327240007577192,137.5976339712837,21116.0,3.312883435582822
660.1993398,22.597624588716798,71.07298713299191,24922.0,2.8972972972972975
660.3993396,,344.3510611861245,75036.0,2.1602787456445993
660.5993394,,537.0997769866844,27967.0,1.2253521126760563
660.7993392,,541.0138889691892,71939.0,2.1602787456445993
660.999339,9.062561857897599,35.981762244920304,71737.0,2.1602787456445993
661.1993388,5.220328326929794,15.66151797652952,71575.0,2.1602787456445993
661.3993386,6.466984807167901,18.32670278139886,71876.0,2.1602787456445993
661.5993384,16.77658427504692,75.09424416142714,75129.0,2.1602787456445993
661.7993382,6.2646407255857595,8.916859649404914,76738.0,2.1602787456445993
661.999338,6.766006233609315,52.54831693176475,72831.0,2.1602787456445993
662.1993378,5.976891636216583,44.92650895659682,69239.0,2.1602787456445993
662.3993376,3.0695297414231164,4.174352293248686,68877.0,2.1602787456445993
662.5993374,22.280209868212676,99.61122414876539,72617.0,2.1602787456445993
662.7993372,8.001386943315627,35.143984878202076,72101.0,2.1602787456445993
662.999337,2.9142865119915125,8.352578043408403,71634.0,2.1602787456445993
663.1993368,5.027136637442595,84.49183806846241,67068.0,2.7312775330396475
663.3993366,10.001184535884034,21.928471472084382,67537.0,2.7555555555555555
663.5993364,,39.7828893645493,70394.0,3.0097087378640777
663.7993362,9.017418733512917,32.86237949008671,71647.0,3.0541871921182264
663.999336,,22.1438602963496,69301.0,3.1155778894472363
664.1993358,3.902901353965184,13.175659790311832,69795.0,3.0392156862745097
664.3993356,,13.930702290973965,70868.0,2.7927927927927927
664.5993354,4.69084365902541,20.99690458577532,68357.0,2.8440366972477062
664.7993352,,21.987834053908646,65080.0,2.8703703703703702
664.999335,,21.875135948955545,64330.0,2.897196261682243
665.1993348,7.165605290084146,4.577173998001062,65481.0,2.9523809523809526
665.3993346,,9.508598883094693,65695.0,2.9665071770334928
665.5993344,,6.795152944073889,67068.0,2.897196261682243
665.7993342,,384.4959505656621,23845.0,3.9703703703703703
665.999334,8.95214312031768,7.761212593857362,24427.0,3.856115107913669
666.1993338,7.420061929595828,41.69144310441786,24544.0,3.8226950354609928
666.3993336,2.944136600582851,7.112494273492434,24363.0,3.884892086330935
666.5993334,8.118276629819148,19.30911373647629,25601.0,3.795774647887324
666.7993332,4.011561602894333,9.640982924961266,25429.0,3.85
666.999333,6.327552031714569,16.787837603704745,26234.0,3.75
667.1993328,4.6535420924761866,11.826936055388382,25931.0,3.870503597122302
667.3993326,5.018043831797414,19.152982171582853,25826.0,3.948529411764706
667.5993324,2.791941901340441,6.007903412630511,25887.0,3.9705882352941178
667.7993322,2.3140763594292326,5.6451774021519805,25930.0,3.948529411764706
667.999332,2.6587549855321813,6.3695841681500776,25574.0,3.977777777777778
668.1993318,2.3082210505760594,2.4573845608334195,25605.0,4.0
668.3993316,,375.3608083473864,69255.0,2.995169082125604
668.5993314,,423.4232590044299,28311.0,3.5906040268456376
668.7993312,6.932108274647887,31.073577449394747,27264.0,3.4177215189873418
668.999331,5.62273513269679,10.708238015495365,26602.0,3.5526315789473686
669.1993308,3.339444898594729,9.82213209016358,25689.0,3.6486486486486487
669.3993306,,419.80499990269743,71849.0,2.7074235807860263
669.5993304,4.021072207617876,5.738626167370238,71516.0,2.7074235807860263
669.7993302,2.6928630507619196,3.183728359016873,71333.0,2.719298245614035
669.99933,6.517374729917565,28.0497604038993,72663.0,2.594142259414226
670.1993298,4.392458236545978,9.676203233666607,71893.0,2.6609442060085837
670.3993296,3.9280695189389214,12.002750320632108,72153.0,2.6271186440677967
670.5993294,4.565098287539232,22.667618158145707,72644.0,2.594142259414226
670.7993292,2.945714089630087,4.502406513010232,72855.0,2.6271186440677967
670.999329,4.110929631141962,10.157828292365178,73470.0,2.6956521739130435
671.1993288,3.758431125246765,8.480413208979362,72944.0,2.7074235807860263
671.3993286,2.8464990286480423,5.9036630035719595,73094.0,2.719298245614035
671.5993284,,26.066795689041015,74313.0,2.6724137931034484
671.7993282,2.419361366303776,3.604777191581809,74127.0,2.6724137931034484
671.999328,5.245295743358502,7.896955620869242,75623.0,2.6609442060085837
672.1993278,3.7703516507151305,7.083010685596845,74392.0,2.7555555555555555
672.3993276,,18.21441656966521,73268.0,2.8054298642533935
672.5993274,4.9210972812292155,14.68522294306876,73673.0,2.7312775330396475
672.7993272,,25.356644698189807,74164.0,2.594142259414226
672.999327,,51.02648838163689,76835.0,2.366412213740458
673.1993268,,15.190021059982183,79681.0,2.4603174603174605
673.3993266,,28.871990887321207,76868.0,2.540983606557377
673.5993264,,35.3929721852387,74665.0,2.6050420168067228
673.7993262,3.1848017621145375,20.34813459518408,72640.0,2.719298245614035
673.999326,2.3872853892298145,3.1942976761300543,72515.0,2.7312775330396475
674.1993258,2.9510272572161824,19.88207362056444,70917.0,2.7927927927927927
674.3993256,2.1407240773286467,1.3973909427350835,71125.0,2.780269058295964
674.5993254,2.5774780735714384,1.6958280716013436,71033.0,2.7927927927927927
674.7993252,,4.546665107719348,72144.0,2.7312775330396475
674.999325,5.039358836206897,17.942733768920366,74240.0,2.6382978723404253
675.1993248,2.6307238213869857,5.363641991301157,73858.0,2.6724137931034484
675.3993246,,4.562739469322635,73271.0,2.683982683982684
675.5993244,,3.4885699783802906,74870.0,2.6609442060085837
675.7993242,3.7776411115916955,13.195007220098821,73984.0,2.7555555555555555
675.999324,,53.05141594551114,74885.0,2.440944881889764
676.1993238,,35.06594967915986,75711.0,2.1602787456445993
676.3993236,3.680913978494624,13.992985867099824,74400.0,2.1602787456445993
676.5993234,2.9505880121396055,3.020492144929574,73808.0,2.1602787456445993
676.7993232,3.9786496472959354,14.580644113776106,74425.0,2.1602787456445993
676.999323,5.165063597182803,16.58551429099895,76104.0,2.1602787456445993
677.1993228,4.421016520475703,43.56995199918763,74332.0,2.375478927203065
677.3993226,3.4872996673722407,30.461320258598285,72754.0,2.540983606557377
677.5993224,,4.134384214834147,71932.0,2.6609442060085837
677.7993222,,15.43362654242017,71609.0,2.7074235807860263
677.999322,2.419690206668812,3.478789255429363,71467.0,2.743362831858407
678.1993218,2.939164028395699,2.8640863283931233,71701.0,2.719298245614035
678.3993216,4.083703469424238,8.257908616996568,72721.0,2.6956521739130435
678.5993214,3.5587338966615873,9.190516519234738,72190.0,2.743362831858407
678.7993212,2.8581352527619686,13.88939228083348,71688.0,2.8310502283105023
678.999321,2.461517964827644,4.250760139894248,71306.0,2.857142857142857
679.1993208,4.730189968566353,21.07264950839827,73170.0,2.743362831858407
679.3993206,5.498603865589714,9.737883322502462,73417.0,2.780269058295964
679.5993204,8.833606522926912,62.40126521517947,71379.0,2.9665071770334928
679.7993202,8.669990659853854,20.884767012382113,72804.0,2.8703703703703702
679.99932,3.9061170582510774,17.950002636766943,71930.0,2.897196261682243
680.1993198,4.991450626274395,35.98946402858962,68660.0,2.995169082125604
680.3993196,5.806086140928107,5.832909083679699,67169.0,2.883720930232558
680.5993194,5.982784817819916,32.25300881568281,65814.0,2.938388625592417
680.7993192,,365.80414466710965,20914.0,4.0583941605839415
680.999319,,382.70818144112854,63776.0,2.980769230769231
681.1993188,,424.15936658193453,20885.0,4.0071942446043165
681.3993186,,397.8209132989837,65116.0,2.938388625592417
681.5993184,,397.2511449474655,20899.0,4.028985507246377
681.7993182,2.9948513697299397,12.384466572455896,20588.0,4.028985507246377
681.999318,,397.351494017235,64515.0,2.938388625592417
682.1993178,,438.26982201069063,23677.0,3.8551724137931034
682.3993176,27.42236190096112,60.252096473587166,30069.0,4.094594594594595
682.5993174,15.821550991708904,57.796272676906845,34133.0,4.110344827586207
682.7993172,3.849308285104144,29.327477993165914,32311.0,4.138888888888889
682.999317,12.377169957644814,71.32495677143226,33526.0,3.7565789473684212
683.1993168,,137.357342499603,22997.0,2.3636363636363638
683.3993166,,138.570629679518,30957.0,3.9432624113475176
683.5993164,,134.47697904205424,22713.0,2.3865546218487395
683.7993162,,138.5022182627774,30909.0,3.9714285714285715
683.999316,,31.397258967157573,32502.0,3.861111111111111
684.1993158,,50.88233238667819,30433.0,3.86013986013986
684.3993155999999,5.831405436668595,29.511395968605143,31122.0,3.7687074829931975
684.5993153999999,3.37099652789045,12.628559641580148,30817.0,3.888111888111888
684.7993151999999,3.273911248054382,7.605296146498358,31481.0,3.808219178082192
684.9993149999999,2.5446417166943416,10.796293402732362,31316.0,3.8219178082191783
685.1993147999999,2.37960247637667,2.3087449325163347,30690.0,3.808219178082192
685.3993145999999,3.5261158594491926,18.44051290478881,30537.0,3.77027027027027
685.5993143999999,3.0703491230945748,9.665515088035356,30505.0,3.7891156462585034
685.7993141999999,2.5164184927498536,7.68679657935038,30758.0,3.7823129251700682
685.9993139999999,7.218124864311633,22.947933560603875,32243.0,3.6866666666666665
686.1993137999999,3.9550906915839503,21.40013477694515,30929.0,3.75
686.3993135999999,4.1027606344150245,33.611943604716295,30138.0,3.7449664429530203
686.5993133999999,2.9585486907410576,11.42471314494217,29215.0,3.795918367346939
686.7993131999999,4.552945136317738,22.962398088727724,29710.0,3.7266666666666666
686.9993129999999,5.640317885992739,27.221995636128522,30577.0,3.7133333333333334
687.1993127999999,6.601964966711913,40.240178861719656,30942.0,3.7755102040816326
687.3993125999999,3.096874083249128,7.915005935930484,30679.0,3.8013698630136985
687.5993123999999,8.383624285493589,27.443662547894952,32365.0,3.787671232876712
687.7993121999999,4.479210821593318,19.853632936773927,32084.0,3.72972972972973
687.9993119999999,3.22042558696074,9.432189661819674,30922.0,3.820689655172414
688.1993117999999,4.07804613123762,17.245824399855522,31302.0,3.662251655629139
688.3993115999999,4.578846705556087,21.431600846709426,31371.0,3.6887417218543046
688.5993113999999,,21.12634934508438,33515.0,3.5961538461538463
688.7993111999999,,32.63940478063546,32760.0,3.5414012738853504
688.9993109999999,4.199734025710848,25.012953254029487,31582.0,3.7133333333333334
689.1993107999999,4.1509445984262,4.863955167562797,31389.0,3.7567567567567566
689.3993105999999,3.554441712376269,11.326636986437467,31722.0,3.7315436241610738
689.5993103999999,6.233500090410463,20.81760831466096,33182.0,3.6754966887417218
689.7993101999999,5.883766192329781,49.00044813644234,31342.0,3.7210884353741496
689.9993099999999,11.355840602018128,130.04886810441587,29235.0,3.5586206896551724
690.1993097999999,,94.05687106579695,21566.0,1.8095238095238095
690.3993095999999,,141.35206059684413,25990.0,3.8
690.5993093999999,4.105995948101211,63.625934817996416,23199.0,3.514925373134328
690.7993091999999,3.6095931735907603,25.094706169288372,23204.0,4.045454545454546
690.9993089999999,4.053102926337034,5.360087251619176,23784.0,4.075757575757576
691.1993087999999,3.566668063880622,12.841549320985232,23857.0,4.083969465648855
691.3993085999999,3.4589750063115376,13.944614489280987,23766.0,4.0606060606060606
691.5993083999999,4.0317369432743035,8.595829659465979,24451.0,3.985074626865672
691.7993081999999,,133.19831430246268,17148.0,1.8672566371681416
691.9993079999999,,128.0273103412192,25473.0,3.827338129496403
692.1993077999999,,119.88072638124584,21224.0,1.9491525423728813
692.3993075999999,,116.85369916973079,32995.0,2.9450549450549453
692.5993073999999,31.5231850117096,216.99896101242211,32025.0,1.3380281690140845
692.7993071999999,6.042173415367006,94.2327425570995,27956.0,1.1776649746192893
692.9993069999999,9.425661825635657,79.57510755937113,22929.0,1.324022346368715
693.1993067999999,6.203429602888087,199.33830126220255,22160.0,3.6241610738255035
693.3993065999999,3.845363849765258,26.315913330800864,20448.0,3.75
693.5993063999999,9.918238134280768,47.19873900157034,21954.0,3.526315789473684
693.7993061999999,4.5836282784281694,16.66292603450746,22038.0,3.526315789473684
693.9993059999999,3.638665953272695,16.062336830975113,22428.0,3.458064516129032
694.1993057999999,3.149692570847395,13.463164619687605,21631.0,3.5906040268456376
694.3993055999999,2.5747396553313058,2.2984501357770797,21702.0,3.614864864864865
694.5993053999999,3.5842500257016554,175.3536532742642,19454.0,1.5302013422818792
694.7993051999999,3.020777293386513,179.03779451143086,21562.0,3.6486486486486487
694.9993049999999,4.129200561009817,153.9431099700812,17825.0,1.5902777777777777
695.1993047999999,4.903434900219466,222.60662336743584,19593.0,3.884892086330935
695.3993045999999,,218.08466562295084,13015.0,1.1147540983606556
695.5993043999999,,500.5641937615294,65366.0,2.897196261682243
695.7993041999999,,335.2676065442999,19940.0,3.870503597122302
695.9993039999999,3.284181892835147,18.834421605672613,19484.0,4.06015037593985
696.1993037999999,,326.6242458878004,64860.0,2.980769230769231
696.3993035999999,,331.1947594594578,19642.0,4.037593984962406
696.5993033999999,2.6835086306678075,2.5349227783783963,19871.0,4.0
696.7993031999999,2.6832685620781347,7.909797840682912,19556.0,4.022388059701493
696.9993029999999,10.619276653935021,47.469175974792336,21207.0,3.7291666666666665
697.1993027999999,,212.61631612270898,14518.0,1.3553719008264462
697.3993025999999,,215.3547997409874,22262.0,3.769230769230769
697.5993023999999,3.10787918276167,20.563239545032758,21487.0,3.8633093525179856
697.7993021999999,2.5648341232227487,5.02309744359822,21100.0,3.884892086330935
697.999302,,335.8370316230078,66657.0,2.883720930232558
698.1993018,,341.8915377069634,20989.0,3.8489208633093526
698.3993016,,342.5771876043186,66404.0,2.897196261682243
698.5993014,3.3737872853269057,7.801800326549405,66380.0,2.9107981220657275
698.7993012,,348.23447578674217,21317.0,3.85
698.999301,3.1607806691449816,9.40526381103859,21520.0,3.856115107913669
699.1993008,8.060293022100819,179.01817274235515,20135.0,1.6666666666666667
699.3993006,9.91247399281256,29.341793538814805,21148.0,1.6573426573426573
699.5993004,7.1498685741371135,185.5476649114094,23207.0,3.8489208633093526
699.7993002,9.196706388613043,21.48994816179671,24168.0,4.099236641221374
699.9993,,327.0822793129036,69412.0,3.0097087378640777
700.1992998,,359.55984200122526,25383.0,3.652173913043478
700.3992996,3.5412664183493434,1.5877606044037598,25505.0,3.6258992805755397
700.5992994,5.230721609595666,22.222998282978953,25845.0,3.664233576642336
700.7992992,4.245373969833619,9.077927820242232,25724.0,3.6423357664233578
700.999299,,325.72730152110785,71472.0,2.9107981220657275
701.1992988,,323.87718884086877,25893.0,3.698529411764706
701.3992986,4.617808474892664,8.033189031686161,26785.0,3.618705035971223
701.5992984,2.7941806698996277,4.130973169680367,26601.0,3.652173913043478
701.7992982,3.63112889307288,13.004918244721363,25494.0,3.753731343283582
701.999298,,325.75291264608643,71222.0,3.0097087378640777
702.1992978,5.974030058941783,13.902795469564749,73123.0,2.9523809523809526
702.3992976,7.9947529399356645,30.627932200377263,75852.0,2.9107981220657275
702.5992974,9.906367233670794,37.737077646171805,77836.0,2.4603174603174605
702.7992972,13.265225959012087,40.419346096794236,76120.0,2.1602787456445993
702.999297,5.784586377563045,33.140182425417485,72131.0,2.1602787456445993
703.1992968,8.991176638014458,46.27780812237613,70268.0,2.1602787456445993
703.3992966,9.81329385394471,39.09700625012721,72274.0,2.1602787456445993
703.5992964,13.516717365959556,61.60005764809098,74623.0,2.1602787456445993
703.7992962,5.356729838151888,21.348396627538026,72290.0,2.1602787456445993
703.999296,4.267831107482358,63.91209797978834,68588.0,2.5726141078838176
704.1992958,,295.07917884354003,20059.0,3.6214285714285714
704.3992956,14.642956638957537,60.44997286231907,22255.0,3.75
704.5992954,23.620668123634093,40.934955826013365,25624.0,4.285714285714286
704.7992952,6.431186055323987,7.68111514115702,26390.0,4.122137404580153
704.999295,,283.853919640923,73221.0,2.938388625592417
705.1992948,4.337003244682326,6.05985337027559,72118.0,2.9665071770334928
705.3992946,4.7073211616634305,16.7911044755835,71587.0,2.980769230769231
705.5992944,2.7841441642490516,1.0537307361657373,71696.0,2.980769230769231
705.7992942,4.644846372963854,11.371175080120713,72318.0,3.0097087378640777
705.999294,4.089205685261855,23.75568378507782,70287.0,3.0541871921182264
706.1992938,4.059070181135379,4.935229842236645,70831.0,3.0097087378640777
706.3992936,3.9208080010156436,5.720425904067091,70891.0,3.024390243902439
706.5992934,7.334476917163722,31.292528755732494,70247.0,3.0693069306930694
706.7992932,4.381780210283739,3.5954013556601114,69430.0,3.024390243902439
706.999293,5.535817963229041,17.220400422427794,68206.0,3.0097087378640777
707.1992928,4.091735974373292,3.777518140766384,68054.0,3.0541871921182264
707.3992926,4.4964946944749355,10.677903941880384,68325.0,3.0097087378640777
707.5992924,4.434194323912279,5.906783076120316,68216.0,3.024390243902439
707.7992922,4.2934136090630135,7.343630590791355,68763.0,2.9665071770334928
707.999292,2.9213719933144393,1.492189836004051,68805.0,2.980769230769231
708.1992918,2.708270367816429,6.6971437456499725,68159.0,2.980769230769231
708.3992916,2.393116417388262,5.5506827748160195,68598.0,2.980769230769231
708.5992914,4.597530509691314,10.562307891144325,69650.0,2.897196261682243
708.7992912,6.090349953016886,12.51459612744936,70238.0,2.780269058295964
708.999291,4.18702344780141,5.965867152044329,69772.0,2.7927927927927927
709.1992908,5.919315300676574,17.533828923899243,71389.0,2.7074235807860263
709.3992906,6.138231077981652,26.79022809482481,69760.0,2.9665071770334928
709.5992904,3.659423079665198,7.192765291385165,70131.0,2.980769230769231
709.7992902,2.081323708098063,0.026566900456214352,69955.0,2.9665071770334928
709.99929,6.121075298694081,27.543257145538835,71980.0,2.7555555555555555
710.1992898,3.8527804655928053,26.054305449224483,70276.0,2.9245283018867925
710.3992896,2.9558493820063236,5.486139146084245,69580.0,2.980769230769231
710.5992894,3.1421966637651795,8.13463476855134,70079.0,2.9665071770334928
710.7992892,2.8574756829168853,7.218821896757082,68676.0,3.0097087378640777
710.999289,7.889996733279362,15.211069230930045,70407.0,2.9665071770334928
711.1992888,11.52112676056338,72.88952213840643,73982.0,2.4603174603174605
711.3992886,13.1321702703061,55.029218465786464,75433.0,2.1602787456445993
711.5992884,7.34061485375827,34.692147328518644,73611.0,2.1602787456445993
711.7992882,4.9015295315122005,6.029790994838067,72702.0,2.1602787456445993
711.999288,7.624629596138061,11.050986599606961,71881.0,2.1602787456445993
712.1992878,3.667426127309832,4.518692297726236,71542.0,2.1602787456445993
712.3992876,9.038743542742877,8.45907850317562,72012.0,2.1602787456445993
712.5992874,10.927361807936204,106.83200221363687,67967.0,2.6050420168067228
712.7992872,8.46793675592009,16.039012535084396,69129.0,2.7074235807860263
712.999287,,473.8975630565826,26930.0,3.978723404255319
713.1992868,25.356720202874047,88.36292286075906,34307.0,3.9160839160839163
713.3992866,4.566626082251083,46.07175102906313,29568.0,3.8344827586206898
713.5992864,5.628920656106214,31.915784262857848,28471.0,3.8689655172413793
713.7992862,5.1572441960447115,9.611689043754353,27912.0,3.8095238095238093
713.999286,4.46862344417611,9.466068835389327,26915.0,3.923076923076923
714.1992858,,441.35503055957514,72168.0,2.8181818181818183
714.3992856,2.191811810422594,0.7584507937916171,72055.0,2.8181818181818183
714.5992854,,444.59688472593655,27585.0,3.8689655172413793
714.7992852,13.024013648965663,121.90493597712876,23445.0,1.7553956834532374
714.999285,4.448300336197236,189.8535418426324,26770.0,4.007246376811594
715.1992848,7.458430717863105,210.63114952662357,23960.0,1.7446808510638299
715.3992846,4.027459107393975,184.91691473959455,27022.0,4.0071942446043165
715.5992844,4.870423485743209,188.08451481960384,23708.0,1.7410071942446044
715.7992842,3.397766653831344,8.917667364305712,23373.0,1.7883211678832116
715.999284,4.803607386144552,14.210526964367157,23341.0,1.781021897810219
716.1992838,4.3020001521028215,190.742333693577,26298.0,4.0144927536231885
716.3992836,2.9029577679524317,7.770433881657308,26236.0,4.021739130434782
716.5992834,2.5897946674839103,1.6001108710001142,26104.0,4.028985507246377
716.7992832,10.531458491681446,230.4892454859586,23682.0,1.7361111111111112
716.999283,3.450594952708887,13.413543242917209,22943.0,1.7659574468085106
717.1992828,3.51842555618939,207.95564144735917,26295.0,4.0
717.3992826,5.610169491525424,18.360031678166493,26668.0,4.0
717.5992824,4.798142438430208,13.076206963848097,26271.0,4.043795620437956
717.7992822,3.4334793636154024,8.612072404323504,26022.0,4.036496350364963
717.999282,3.7203296703296704,1.5149376598303046,25480.0,4.0588235294117645
718.1992818,11.193165674793626,14.71764660185973,26045.0,3.9357142857142855
718.3992816,,438.52881427745126,67943.0,2.938388625592417
718.5992814,,433.39148169746846,24682.0,4.021897810218978
718.7992812,5.203201768752047,24.451010875210407,24424.0,4.029411764705882
718.999281,3.0617886851798204,7.471802431420981,24163.0,4.059259259259259
719.1992808,3.0250559098815537,6.907780028869969,24146.0,4.059259259259259
719.3992806,2.992719944062847,2.4416351997606425,24313.0,4.059259259259259
719.5992804,6.27427805531863,29.799051077219815,24621.0,3.9424460431654675
719.7992802,5.4576097640891215,22.798636227988464,24416.0,4.0
719.99928,3.685242263592652,15.381696532801968,24333.0,4.029411764705882
720.1992798,3.0228434768266537,12.25913153324335,24252.0,4.029411764705882
720.3992796,3.4224386285250556,3.931778828089834,24645.0,3.971014492753623
720.5992794,3.3305003938476845,3.5314074968576383,24121.0,4.0
720.7992792,3.408486855723453,13.229981967350236,24155.0,4.022058823529412
720.999279,6.491497421018698,17.866364487877274,24816.0,4.029411764705882
721.1992788,3.3495645774561513,14.125309356674654,24459.0,4.022058823529412
721.3992786,7.1383203378817415,30.939469724791312,24624.0,3.964028776978417
721.5992784,2.731781131466387,2.279535878484612,24782.0,3.9927536231884058
721.7992782,9.329864558922827,19.02933393610586,25177.0,3.8461538461538463
721.999278,24.690785864127804,35.746174821744255,30985.0,3.8333333333333335
722.1992778,16.18939168698341,58.07527033459654,33634.0,3.425925925925926
722.3992776,6.15476823147328,15.99604229279632,33870.0,3.5576923076923075
722.5992774,39.394832614923985,174.11518404519,38743.0,2.6666666666666665
722.7992772,,484.7470951006965,80447.0,2.1602787456445993
722.999277,4.19940970536376,15.800723632266742,78266.0,2.1602787456445993
723.1992768,4.0309190389772205,43.47169633517631,73838.0,2.1602787456445993
723.3992766,,28.07634427903268,76042.0,2.167832167832168
723.5992764,,6.818392056038203,74414.0,2.175438596491228
723.7992762,,54.35020926549692,82500.0,2.1602787456445993
723.999276,,486.05325299497446,35302.0,1.7951807228915662
724.1992758,,157.2862673924722,37756.0,3.3491124260355027
724.3992756,,146.86010665279466,25864.0,2.037037037037037
724.5992754,,155.20357778638981,31832.0,3.7880794701986753
724.7992752,,429.42443177840136,77273.0,2.7555555555555555
724.999275,,405.92632416853723,31274.0,3.8053691275167787
725.1992748,5.157899701304826,28.25955438234903,31805.0,3.8503401360544216
725.3992746,5.860784795034541,171.83954198243904,28517.0,1.7533333333333334
725.5992744,3.8086356758278495,18.023002714026884,28417.0,1.7152317880794703
725.7992742,2.5091112587877302,4.240889053719855,28591.0,1.6797385620915033
725.999274,2.3380861244019138,146.0967285382268,31350.0,3.723684210526316
726.1992738,2.0990182328190743,144.3966182794815,28520.0,1.7105263157894737
726.3992736,2.2376365928831605,2.410983110940698,28552.0,1.6907894736842106
726.5992734,,579.5817521846105,79157.0,2.780269058295964
726.7992732,,332.18953279636366,32468.0,3.942857142857143
726.999273,5.761921932750383,25.91271356276708,33279.0,3.874125874125874
727.1992728,,161.92651758848675,22795.0,2.3504273504273505
727.3992726,,125.04961199343187,29736.0,4.0359712230215825
727.5992724,3.2301325617387793,8.761386236974081,29722.0,4.0359712230215825
727.7992722,3.5117606123869174,15.525013091509246,28740.0,4.028776978417266
727.999272,5.338014008512349,15.554798597283915,29839.0,3.909090909090909
728.1992718,4.733771598951036,152.43948287717382,27837.0,1.7094594594594594
728.3992716,4.367398917542184,18.451559306831847,28269.0,1.7315436241610738
728.5992713999999,2.7127649184490674,130.9453073996131,30717.0,3.836734693877551
728.7992711999999,,170.75676599107328,22935.0,1.921875
728.9992709999999,,150.76607479915864,31108.0,3.7666666666666666
729.1992707999999,2.184435621832736,1.5648291632391922,30981.0,3.7733333333333334
729.3992705999999,5.506780772283378,110.13113152160247,28979.0,1.6470588235294117
729.5992703999999,3.562763695277956,151.95445632567908,29627.0,3.82312925170068
729.7992701999999,,436.186841476633,72685.0,2.8181818181818183
729.9992699999999,,271.14601111036075,22225.0,3.7379310344827585
730.1992697999999,,378.6698423414219,64977.0,2.980769230769231
730.3992695999999,,304.83015649494337,20653.0,4.029850746268656
730.5992693999999,,309.7765001800596,64494.0,3.024390243902439
730.7992691999999,,488.05713617128566,11682.0,1.3181818181818181
730.9992689999999,,485.22892236912935,65086.0,3.0541871921182264
731.1992687999999,,506.1604938751255,13009.0,1.679245283018868
731.3992685999999,,128.51150448861807,23959.0,3.9130434782608696
731.5992683999999,21.590812637535365,93.78556244831248,25448.0,3.8181818181818183
731.7992681999999,,389.89284828198356,69839.0,2.8181818181818183
731.9992679999999,,320.4392201938716,22513.0,4.029850746268656
732.1992677999999,11.553261954450594,21.247383777454893,22042.0,4.122137404580153
732.3992675999999,6.335119047619048,6.476235857290235,21840.0,4.153846153846154
732.5992673999999,3.5614453411592075,4.161449478533881,21808.0,4.122137404580153
732.7992671999999,10.795433908418731,40.81355604829098,23127.0,3.8028169014084505
732.9992669999999,11.78513915631017,32.26209754382757,22852.0,3.8297872340425534
733.1992667999999,,344.17037789430384,68329.0,2.8440366972477062
733.3992665999999,,345.5194086868936,23260.0,3.9705882352941178
733.5992663999999,7.88329962925514,9.427995652314381,23736.0,3.884892086330935
733.7992661999999,13.430903110296873,18.364688491727048,24017.0,3.857142857142857
733.9992659999999,5.717719837249855,4.699241689446896,24086.0,3.85
734.1992657999999,7.136592211437259,46.40613571650063,25653.0,3.8156028368794326
734.3992655999999,,378.12905805196635,70099.0,2.9523809523809526
734.5992653999999,14.881651147867311,85.70474969832932,76359.0,2.7074235807860263
734.7992651999999,7.4922419515433125,36.428839895952535,72312.0,2.9523809523809526
734.9992649999999,6.525036646144826,15.437480905583449,68220.0,2.8440366972477062
735.1992647999999,5.750543618752186,17.02111393067196,65763.0,2.857142857142857
735.3992645999999,9.349588347055098,34.20646490463822,69476.0,2.8181818181818183
735.5992643999999,6.469654632837822,21.932040672164142,71576.0,2.780269058295964
735.7992641999999,3.3115100904662493,4.052499187554992,71850.0,2.8054298642533935
735.9992639999999,2.8269508316168537,10.635091837237205,71367.0,2.8440366972477062
736.1992637999999,6.920154459392127,11.88807511596286,72252.0,2.743362831858407
736.3992635999999,6.545536630412477,6.968163382548065,73095.0,2.8440366972477062
736.5992633999999,7.0391761868158085,33.34204249007376,75454.0,2.5726141078838176
736.7992631999999,5.280312487415938,5.563246355341431,74499.0,2.421875
736.9992629999999,5.481490139992849,7.940587029706704,72718.0,2.3484848484848486
737.1992627999999,9.030947954164853,62.619813177978635,75837.0,2.1602787456445993
737.3992625999999,5.009319034426078,9.058759616737357,75437.0,2.1602787456445993
737.5992623999999,,7.88860933959796,74331.0,2.167832167832168
737.7992621999999,3.7908840370310912,7.01542014841828,74748.0,2.167832167832168
737.9992619999999,,4.439540064973329,75514.0,2.1602787456445993
738.1992617999999,,4.764950772428075,75054.0,2.167832167832168
738.3992615999999,,9.814398755451613,75192.0,2.1602787456445993
738.5992613999999,6.442062603316803,18.282067474766393,75012.0,2.1602787456445993
738.7992611999999,7.059796040479721,32.64383866921708,76878.0,2.1602787456445993
738.9992609999999,17.55180269771815,14.641174369808528,82959.0,2.4603174603174605
739.1992607999999,10.662535270694338,81.75771669009056,75842.0,2.6956521739130435
739.3992605999999,8.044285561839718,47.352208169792355,74968.0,2.8310502283105023
739.5992603999999,,408.28720417029336,31044.0,3.9930555555555554
739.7992601999999,6.140152798163411,109.1695599992858,26571.0,1.7902097902097902
739.9992599999999,7.800480859536421,46.63981540144164,26619.0,1.7671232876712328
740.1992597999999,,571.1183022685085,73998.0,2.8054298642533935
740.3992595999999,,424.6467404114678,28518.0,3.979020979020979
740.5992593999999,3.4878247067477064,170.7205551608224,25831.0,1.7916666666666667
740.7992591999999,4.762227738349124,165.78082748574158,28603.0,3.9375
740.9992589999999,2.595341051750593,2.777667036281991,28676.0,3.9444444444444446
741.1992587999999,,439.83439620183356,73533.0,2.8440366972477062
741.3992585999999,2.0599294628323386,0.7574335697942143,73720.0,2.8440366972477062
741.5992583999999,5.4551210576616755,28.8839651643553,75336.0,2.7312775330396475
741.7992581999999,4.5158965218986715,14.821971393994854,76306.0,2.6495726495726495
741.9992579999999,4.60732353958272,26.548371380077114,78077.0,2.6050420168067228
742.1992577999999,3.3152280701754386,5.398544438447702,78375.0,2.551440329218107
742.3992575999999,2.7230466905712865,5.85926678706605,78367.0,2.551440329218107
742.5992573999999,2.4946796959826276,3.8842827698651696,78285.0,2.551440329218107
742.7992571999999,2.6551424777857218,2.061195593301457,78328.0,2.56198347107438
742.999257,2.340195085686453,2.708381992354582,78017.0,2.56198347107438
743.1992568,2.7103493416155446,6.3819131026609135,77918.0,2.56198347107438
743.3992566,2.7067120433753025,4.706490951934896,77279.0,2.5726141078838176
743.5992564,2.0918450706051686,0.39837066846964864,77119.0,2.5726141078838176
743.7992562,,608.6084954543513,29388.0,1.7575757575757576
743.999256,8.621869696234976,58.547357315838006,28871.0,1.7419354838709677
744.1992558,5.281304034582132,31.522424185633604,27760.0,1.7905405405405406
744.3992556,,589.0668805833961,76025.0,2.8440366972477062
744.5992554,,314.90749185001766,28150.0,4.0638297872340425
744.7992552,4.42657825137031,22.328360360339744,26089.0,4.407407407407407
744.999255,3.234163203480017,9.933426791766756,25747.0,4.53030303030303
745.1992548,,350.1348049369002,71594.0,3.0097087378640777
745.3992546,,511.42588568749005,18393.0,2.06140350877193
745.5992544,3.0228256591892957,15.259821815766863,17787.0,2.0526315789473686
745.7992542,,170.24915462541344,26933.0,4.086330935251799
745.999254,,336.01019379558784,75507.0,2.7312775330396475
746.1992538,11.77417737789203,55.28189390139818,77800.0,2.246376811594203
746.3992536,11.774861079342868,11.506483960791542,74323.0,2.1602787456445993
746.5992534,,526.6942056666356,20505.0,1.14
746.7992532,,570.0842201598423,70419.0,2.1602787456445993
746.999253,2.757041203289446,4.342586006560691,70407.0,2.1602787456445993
747.1992528,,3.8191712985594957,69897.0,2.167832167832168
747.3992526,6.3957531443616125,21.878173845220168,69887.0,2.167832167832168
747.5992524,,545.8386585869066,20441.0,1.27
747.7992522,,529.5571748669657,71150.0,2.167832167832168
747.999252,19.38375991060501,81.3840939226054,75172.0,2.167832167832168
748.1992518,13.857139361910354,23.9122063675218,81744.0,2.167832167832168
748.3992516,11.498307063631056,96.53575075987422,77085.0,2.5306122448979593
748.5992514,,308.5719812995218,28401.0,3.5231788079470197
748.7992512,,369.4404929571928,71201.0,2.883720930232558
748.999251,3.247717409682692,6.226203491789457,70972.0,2.9107981220657275
749.1992508,,328.0953919166405,27965.0,3.736111111111111
749.3992506,8.041876788878287,14.37087498568931,29348.0,3.6122448979591835
749.5992504,,330.73827438824094,71632.0,2.897196261682243
749.7992502,,304.77665549749725,27990.0,3.841726618705036
749.99925,3.1720581167510815,8.350200325729348,27049.0,3.888888888888889
750.1992498,,324.28375505538963,72304.0,2.9665071770334928
750.3992496,,348.4696121409299,28603.0,3.7588652482269502
750.5992494,,316.3946174812141,77001.0,2.8703703703703702
750.7992492,4.4284986321943896,11.670001419292353,74572.0,2.8310502283105023
750.999249,,291.52575609954266,23386.0,3.948529411764706
751.1992488,13.95590296023822,46.74341929351332,22836.0,4.0
751.3992486,17.32101965867358,59.76909160292012,23145.0,3.767605633802817
751.5992484,12.494578049846961,22.449883848535446,22870.0,3.9416058394160585
751.7992482,8.833509793541557,26.565668118867272,22668.0,4.0
751.999248,9.37350601938372,10.060912407394525,23009.0,3.8028169014084505
752.1992478,5.9670914804469275,15.575689071484065,22912.0,3.884892086330935
752.3992476,10.200773898513763,5.245956407545399,22742.0,3.934306569343066
752.5992474,34.99105213270142,355.5170879666925,26375.0,1.2417582417582418
752.7992472,26.969915564124726,129.00003534055995,30082.0,1.0469483568075117
752.999247,13.639057982042306,56.7109552790045,26284.0,1.0140845070422535
753.1992468,,614.7407267988507,73243.0,2.1602787456445993
753.3992466,3.586879287256429,4.69235883762644,73182.0,2.1602787456445993
753.5992464,2.396596876585359,1.4989840891249895,72933.0,2.1602787456445993
753.7992462,5.113574018168535,12.838191797504049,72543.0,2.1602787456445993
753.999246,3.0939930885410214,0.6408492462795298,72633.0,2.1602787456445993
754.1992458,4.600485323754816,14.168682993290114,72941.0,2.1602787456445993
754.3992456,15.826190894234276,47.8342665846624,74041.0,2.1602787456445993
754.5992454,,558.6338199189001,29451.0,1.1393034825870647
754.7992452,,529.5901911795775,78985.0,2.1908127208480566
754.999245,5.688753656498119,25.496971252817655,76576.0,2.1602787456445993
755.1992448,4.6967194217285755,20.469827184353207,73737.0,2.1602787456445993
755.3992446,3.3000371026920066,8.977183815181597,72771.0,2.1602787456445993
755.5992444,,525.7539662719824,26949.0,1.0876288659793814
755.7992442,,567.8590941218682,76258.0,2.6495726495726495
755.999244,,304.8200226452686,28811.0,3.5906040268456376
756.1992438,5.102236974034505,28.040528556320663,28923.0,3.7762237762237763
756.3992436,3.101246384057712,17.60581719507147,28001.0,3.7412587412587412
756.5992434,,338.9411779761575,72531.0,2.8703703703703702
756.7992432,,331.7231719063904,27484.0,3.7482517482517483
756.999243,3.7702538434036468,14.25759755627438,27970.0,3.63265306122449
757.1992428,2.928535207186323,4.854692716972172,27608.0,3.736111111111111
757.3992426,,327.7145195380827,73024.0,2.8054298642533935
757.5992424,2.663453815261044,9.594075386473015,72210.0,2.8703703703703702
757.7992422,,335.767763051977,28699.0,3.671232876712329
757.999242,,332.42588061597166,71987.0,2.9665071770334928
758.1992418,6.189953543207624,26.71695355926026,71249.0,3.0541871921182264
758.3992416,4.124597980025955,12.098567670579447,70892.0,3.0693069306930694
758.5992414,2.914172397066796,11.445339399679629,70094.0,3.084577114427861
758.7992412,,475.39858947781147,22500.0,2.046875
758.999241,,471.1042746063737,70894.0,3.1
759.1992408,5.533308074315639,42.76940591864372,73901.0,3.0392156862745097
759.3992406,8.504686520803247,46.546213948073635,73402.0,2.9245283018867925
759.5992404,4.7107598292267765,7.1870056268919305,71674.0,2.9665071770334928
759.7992402,2.760084925690021,13.354162280704495,71121.0,2.938388625592417
759.99924,3.696702922216227,9.475052788694317,70426.0,3.0392156862745097
760.1992398,3.2792699967536594,4.9035054815455466,70849.0,3.0097087378640777
760.3992396,3.1712676771953596,10.03483531056459,70854.0,2.9665071770334928
760.5992394,2.6663989403674897,0.886621838301078,70968.0,2.9665071770334928
760.7992392,2.3602496751962945,4.51507212555618,70812.0,2.9665071770334928
760.999239,2.911208519486358,4.23374324567197,71178.0,2.9523809523809526
761.1992388,4.3478779969735255,12.90845957333535,72031.0,2.980769230769231
761.3992386,3.3947058904924656,10.692082575280368,72269.0,2.9665071770334928
761.5992384,2.8234866895723343,11.223586044714887,71598.0,2.980769230769231
761.7992382,6.21225793300265,31.42885610474203,73585.0,2.883720930232558
761.999238,4.588007841546678,12.336198650490642,73965.0,2.7312775330396475
762.1992378,4.329763599356117,17.546122766549196,75169.0,2.5203252032520327
762.3992376,5.944018574004176,26.86641081674275,77097.0,2.4031007751937983
762.5992374,7.531495452666391,29.436645523748357,77408.0,2.1602787456445993
762.7992372,3.869155950127293,24.426501733876247,76595.0,2.366412213740458
762.999237,3.8832583746898264,20.104569361629537,77376.0,2.3048327137546467
763.1992368,4.270171514765353,18.460307035738737,76903.0,2.412451361867704
763.3992366,2.396261145415856,3.8928410178175485,76601.0,2.4603174603174605
763.5992364,6.135887651132611,31.943940074248587,77829.0,2.2382671480144403
763.7992362,3.6138765367512424,33.660234398166104,76460.0,2.375478927203065
763.999236,4.469229347625208,21.68937030362049,75754.0,2.551440329218107
764.1992358,5.077958254865035,20.1368417697731,76464.0,2.412451361867704
764.3992356,5.213224033870822,32.320451033391436,77707.0,2.2222222222222223
764.5992354,2.7439506172839505,17.03607097677792,76950.0,2.3134328358208953
764.7992352,3.0235631661625146,2.3532867942935565,77027.0,2.3220973782771535
764.999235,4.102222970697205,11.703099755316808,77194.0,2.246376811594203
765.1992348,9.032720872556602,36.49377832822826,74998.0,2.1602787456445993
765.3992346,5.464192452881246,21.508692944443883,73909.0,2.1602787456445993
765.5992344,6.517465384238453,40.92501664432855,71427.0,2.1602787456445993
765.7992342,7.55443832368733,14.382670899979733,71705.0,2.1602787456445993
765.999234,6.7999256843235205,31.78243041503911,72663.0,2.1602787456445993
766.1992338,5.676021528998243,12.443584810650506,72832.0,2.1602787456445993
766.3992336,2.790386760109598,5.207984873583622,72629.0,2.1602787456445993
766.5992334,18.12826972010178,15.736011418709621,78600.0,2.3574144486692017
766.7992332,,369.69557843850254,31563.0,1.8291139240506329
766.999233,,428.64523721558146,81228.0,2.594142259414226
767.1992328,,415.4808801723529,32792.0,1.8679245283018868
767.3992326,,437.378149293281,77578.0,2.780269058295964
767.5992324,,354.80715502296664,28535.0,3.762237762237762
767.7992322,6.1654548046763615,53.339105520023146,28056.0,4.014814814814815
767.999232,2.7544836116264686,6.905228282543311,27489.0,4.113636363636363
768.1992318,3.005667068845746,1.780599090239473,27351.0,4.1603053435114505
768.3992316,2.936991574665892,2.7556122776844614,27536.0,4.184615384615385
768.5992314,,168.44625192310127,19614.0,2.4363636363636365
768.7992312,,163.17677553424036,27988.0,4.152671755725191
768.999231,2.206697914057748,1.153857476406369,27949.0,4.1603053435114505
769.1992308,2.800499643112063,5.141706447274227,28020.0,4.137404580152672
769.3992306,,342.8047275090716,72977.0,3.024390243902439
769.5992304,2.158926587002154,3.31641044372047,72889.0,3.024390243902439
769.7992302,,383.6823450269828,28950.0,3.857142857142857
769.99923,4.032895424608844,12.9785879611709,28697.0,3.8920863309352516
770.1992298,,370.43903531717115,73293.0,2.9107981220657275
770.3992296,,386.3386361602462,27555.0,3.8785714285714286
770.5992294,3.703601108033241,16.12060531962693,26714.0,3.920863309352518
770.7992292,4.335282146160962,17.34352820512297,27025.0,3.842857142857143
770.999229,,368.44809493539725,72566.0,2.897196261682243
771.1992288,,342.279448573606,27297.0,3.9411764705882355
771.3992286,3.682504456652236,3.7025939756999944,27487.0,3.9411764705882355
771.5992284,4.867263371503117,31.80016077777903,27596.0,3.842857142857143
771.7992282,4.05923085117716,14.322111426200296,28161.0,3.762237762237762
771.999228,3.1288754021643754,13.145165312161868,27352.0,3.856115107913669
772.1992278,3.061344723470064,9.784211734491517,27158.0,3.835714285714286
772.3992276,11.425549886812853,51.41508658518999,29597.0,3.977777777777778
772.5992274,,318.96531512405744,77521.0,2.9245283018867925
772.7992271999999,9.379531102381781,44.33818686156247,80444.0,2.4899598393574296
772.9992269999999,6.404738117241552,26.748766475422286,80074.0,2.719298245614035
773.1992267999999,,321.43413506870826,29382.0,3.608108108108108
773.3992265999999,7.986860679769791,77.98789267412832,27627.0,3.741007194244604
773.5992263999999,,326.0529788998648,72509.0,2.9245283018867925
773.7992261999999,,322.7448905288419,27995.0,3.8260869565217392
773.9992259999999,,321.5123092084966,72652.0,2.9245283018867925
774.1992257999999,,320.2714056911599,27614.0,3.8394160583941606
774.3992255999999,,325.45336473044165,71930.0,2.938388625592417
774.5992253999999,,333.74389133330715,28440.0,3.74468085106383
774.7992251999999,3.524428348245988,10.205281307831273,28164.0,3.7785714285714285
774.9992249999999,2.986320551486428,20.522540408691015,27852.0,3.7857142857142856
775.1992247999999,2.4053406734825193,11.235107971678424,27974.0,3.7785714285714285
775.3992245999999,,331.8131194865796,72771.0,2.8703703703703702
775.5992243999999,,320.7003403521895,27652.0,3.7841726618705036
775.7992241999999,2.5010838150289016,6.462318321179503,27680.0,3.818840579710145
775.9992239999999,4.263283366443923,14.524327892841189,27685.0,3.8115942028985508
776.1992237999999,,328.1929978795235,72029.0,2.9665071770334928
776.3992235999999,2.633997299592155,0.9684954929783206,71841.0,2.980769230769231
776.5992233999999,,297.89602301407524,26620.0,3.984848484848485
776.7992231999999,6.2869771366576925,64.74075335523807,24887.0,4.054263565891473
776.9992229999999,8.36665735827981,43.25992041607514,25067.0,3.9407407407407407
777.1992227999999,,316.9270346471957,67845.0,3.0541871921182264
777.3992225999999,,313.60329926394843,23003.0,4.015384615384615
777.5992223999999,3.9799056977922707,15.551961239705584,22693.0,4.125984251968504
777.7992221999999,3.3605859689991937,6.156973968766755,22322.0,4.078740157480315
777.9992219999999,3.3971319740085146,2.776161487078827,22315.0,4.126984126984127
778.1992217999999,2.9528751877042665,4.30160235817323,22642.0,4.126984126984127
778.3992215999999,,307.9889237108079,67023.0,3.1
778.5992213999999,2.2979502965688114,2.632857343154693,66595.0,3.1155778894472363
778.7992211999999,2.8775058344802824,1.5217858553891752,66844.0,3.1472081218274113
778.9992209999999,2.759518858185844,2.2720929708761646,66841.0,3.1155778894472363
779.1992207999999,,306.35069974459213,22325.0,4.128
779.3992205999999,,305.388893523945,67307.0,3.1313131313131315
779.5992203999999,2.7176540548576527,1.9179942717025784,67265.0,3.1313131313131315
779.7992201999999,2.576970406386938,3.2034725652416656,66636.0,3.1313131313131315
779.9992199999999,,311.46237312356766,22025.0,4.192
780.1992197999999,,312.7264307219812,66229.0,3.1313131313131315
780.3992195999999,2.131245575187913,0.6302602259566544,66387.0,3.1313131313131315
780.5992193999999,2.004405948782725,1.3166678777156813,66501.0,3.1313131313131315
780.7992191999999,,307.88107472413844,21820.0,4.17741935483871
780.9992189999999,,307.4075557787335,66620.0,3.1313131313131315
781.1992187999999,2.813083550089459,4.085516938017491,66511.0,3.1313131313131315
781.3992185999999,2.4024351652325913,2.1828378752775226,66361.0,3.1472081218274113
781.5992183999999,,297.5186186992345,21561.0,4.322314049586777
781.7992181999999,7.389577161325074,9.655143492132861,22278.0,4.184
781.9992179999999,8.491775763679087,11.970304809460007,23832.0,4.0852713178294575
782.1992177999999,6.314806065031571,4.314827691180847,23281.0,4.054263565891473
782.3992175999999,12.36276938320535,48.45286959505822,24222.0,4.0
782.5992173999999,7.592532821564094,22.527760353478335,22927.0,4.144
782.7992171999999,8.507359891964889,31.59749518150115,22215.0,4.19672131147541
782.9992169999999,5.649839496943846,23.302293800131572,22741.0,4.217741935483871
783.1992167999999,3.590472305321367,10.37045318347523,22062.0,4.213114754098361
783.3992165999999,10.153224804274885,19.404588372425067,24141.0,4.086614173228346
783.5992163999999,4.779242979242979,0.7358722268049954,24570.0,4.126984126984127
783.7992161999999,4.044261344816165,6.477019373212771,24152.0,4.166666666666667
783.9992159999999,6.922695295026636,10.531119637739508,24591.0,3.9689922480620154
784.1992157999999,5.885021509581541,22.267149513585043,25570.0,3.9328358208955225
784.3992155999999,6.5831167808488855,19.560111127667188,25398.0,4.0546875
784.5992153999999,3.914453203961997,1.89987230288813,24735.0,4.0546875
784.7992151999999,,297.0206220869672,69825.0,3.0541871921182264
784.9992149999999,,304.4204665969313,25110.0,4.046153846153846
785.1992147999999,3.1102859851477325,8.303833568236335,25316.0,4.038461538461538
785.3992145999999,2.9583119497848487,8.409794814434518,25331.0,4.022900763358779
785.5992143999999,5.075052940218277,35.06023722959243,24556.0,4.022556390977444
785.7992141999999,,332.38849480521566,68554.0,3.024390243902439
785.9992139999999,2.321568914956012,3.499926716774844,68200.0,3.0541871921182264
786.1992137999999,,316.5324905238125,23277.0,4.173228346456693
786.3992135999999,2.6957444964465247,0.8175419626206976,23076.0,4.149606299212598
786.5992133999999,3.4997638572839294,13.765018948586729,23291.0,4.125
786.7992131999999,3.4982795129698254,14.232385090208108,22668.0,4.174603174603175
786.9992129999999,2.9787876098340287,2.135697100333831,22534.0,4.158730158730159
787.1992127999999,4.982767445828357,15.086808292487772,23444.0,4.118110236220472
787.3992125999999,8.375711349984192,14.343391049559035,25304.0,4.125
787.5992123999999,,302.9405423277397,69290.0,3.0693069306930694
787.7992121999999,,306.8174072687103,23951.0,4.0703125
787.9992119999999,3.348702433204074,0.3832735669463245,23467.0,4.0703125
788.1992118,2.8444368131868134,4.722791103241156,23296.0,4.125984251968504
788.3992116,3.1751659098847362,6.581602230900018,22904.0,4.125984251968504
788.5992114,,212.90977393597387,14906.0,2.066666666666667
788.7992112,,224.9396562636249,23446.0,4.062992125984252
788.999211,4.445103980739695,9.196109704941906,24091.0,4.095238095238095
789.1992108,12.819963956011623,31.19554485347566,27189.0,3.9076923076923076
789.3992106,11.163611676849966,36.750549944617234,27987.0,3.8976377952755907
789.5992104,6.5287785329823596,33.70683092366526,25453.0,3.8671875
789.7992102,5.328569572560738,9.403776478565867,23091.0,3.84375
789.99921,12.298668032786885,56.39775708613039,23424.0,4.1395348837209305
790.1992098,,291.2557995060946,67234.0,2.8181818181818183
790.3992096,8.335407376160058,25.509407954792497,66376.0,2.938388625592417
790.5992094,,299.1623287032903,23671.0,3.927007299270073
790.7992092,4.6234006806530825,12.886813910669893,23213.0,3.884892086330935
790.999209,6.53163286640184,17.40094032913106,23915.0,3.9416058394160585
791.1992088,17.073733760120504,125.41907304027896,26555.0,4.0606060606060606
791.3992086,14.254073994484438,57.29651963737515,27921.0,3.7291666666666665
791.5992084,7.686530061436841,53.30153870381762,28159.0,3.689655172413793
791.7992082,4.748878766643307,13.088998295642625,28540.0,3.762237762237762
791.999208,5.302708574231753,34.13373507370671,28539.0,3.7482517482517483
792.1992078,2.691247830552899,5.884465308711022,28233.0,3.8085106382978724
792.3992076,7.742043043346468,60.90100015067779,29691.0,3.780141843971631
792.5992074,5.701290278536319,23.595491388247385,29296.0,3.891304347826087
792.7992072,11.116773029072391,74.46245264021925,31026.0,3.7762237762237763
792.999207,15.081850664898516,269.15478096079596,27147.0,1.9424460431654675
793.1992068,3.9140500266098988,22.73987897224346,26306.0,2.102189781021898
793.3992066,2.4053231939163497,3.9218784649534357,26300.0,2.1544117647058822
793.5992064,4.752191987906274,18.750745109339668,26460.0,1.9202898550724639
793.7992062,4.544604260001572,128.21045793863132,25446.0,4.090909090909091
793.999206,4.4967433782023445,131.0882994484337,23030.0,1.962406015037594
794.1992058,2.67573567821696,2.4028702267259865,22972.0,1.8134328358208955
794.3992056,3.0467269687486604,8.222984607131798,23327.0,1.9097744360902256
794.5992054,5.934234563390573,16.859682044834088,24633.0,1.8489208633093526
794.7992052,3.224673684210526,15.746965420257478,23750.0,1.828358208955224
794.999205,7.400141670929912,23.15901771772129,25411.0,1.7985611510791366
795.1992048,3.843785084202085,15.588776414621304,24940.0,1.6875
795.3992046,3.3734758957043707,139.40055817773415,26655.0,3.884892086330935
795.5992044,,376.17765776742897,68229.0,2.8310502283105023
795.7992042,7.652777777777778,16.760956615862444,65448.0,2.8181818181818183
795.999204,,55.194964134107316,69521.0,2.7927927927927927
796.1992038,8.539798435407711,6.049283014769544,70945.0,2.8310502283105023
796.3992036,4.401797771775827,6.0125394071466305,71088.0,2.8703703703703702
796.5992034,,780.7439453641343,20934.0,1.7099236641221374
796.7992032,,246.56496665571817,26603.0,4.297872340425532
796.999203,,509.9547342360393,72636.0,2.857142857142857
797.1992028,,5.030638257943,72393.0,2.7927927927927927
797.3992026,,538.5955078863722,26069.0,4.2377622377622375
797.5992024,5.0614204166357775,1.742043931887769,26978.0,4.2377622377622375
797.7992022,,537.1349596449229,74816.0,2.8054298642533935
797.999202,4.264179284631788,9.522788610001324,74563.0,2.857142857142857
798.1992018,4.805370448105783,6.1668193460427405,76232.0,2.8703703703703702
798.3992016,2.2220410524793226,1.908859217426381,76049.0,2.883720930232558
798.5992014,4.243621496245626,11.735749378656426,76311.0,2.767857142857143
798.7992012,4.237887756220542,25.640265492272402,72984.0,2.8440366972477062
798.999201,4.642567500741767,27.55579013697723,70777.0,2.8310502283105023
799.1992008,6.008794273760904,13.93836167029787,70273.0,2.883720930232558
799.3992006,5.946154620350534,14.219906960335646,69551.0,2.8703703703703702
799.5992004,4.219561770217673,5.22100908388132,69370.0,2.8181818181818183
799.7992002,3.683193240199614,20.65284592443004,67931.0,2.897196261682243
799.9992,3.068367999070416,11.803249712163629,68848.0,2.8703703703703702
800.1991998,,9.099140719343044,66822.0,2.9107981220657275
800.3991996,,9.938077936168806,66834.0,2.9107981220657275
800.5991994,,4.176392917855663,67395.0,2.897196261682243
800.7991992,2.182914108601061,2.952763476342934,67108.0,2.9107981220657275
800.999199,2.9764268718973064,12.45155279022962,68086.0,2.8703703703703702
801.1991988,2.427772269168726,5.410767569499896,67571.0,2.8703703703703702
801.3991986,,7.873596416493539,67475.0,2.8310502283105023
801.5991984,4.898921144368313,6.316706906883577,66552.0,2.9107981220657275
801.7991982,,1.7615219153616108,67411.0,2.8703703703703702
801.999198,,3.7565137488563467,68034.0,2.857142857142857
802.1991978,4.165221713767745,3.7152558238661517,68399.0,2.8703703703703702
802.3991976,2.4392413265005595,5.131693598931101,67908.0,2.883720930232558
802.5991974,2.29272344992869,0.3935286691851304,68013.0,2.897196261682243
802.7991972,2.3358491123386407,4.148301496845318,67706.0,2.883720930232558
802.999197,2.306953373235794,0.5180619681616093,67665.0,2.883720930232558
803.1991968,,6.032490275269806,67128.0,2.8440366972477062
803.3991966,5.024571986161625,11.119912373132006,67638.0,2.7927927927927927
803.5991964,3.399841728094729,9.225574173947543,68237.0,2.6956521739130435
803.7991962,2.905074812413977,7.171804068542901,67569.0,2.743362831858407
803.999196,3.499199856422835,12.205393216609746,66863.0,2.780269058295964
804.1991958,,7.613755972408848,65175.0,2.857142857142857
804.3991956,3.3294751668810094,2.318895941533912,65316.0,2.8703703703703702
804.5991954,,8.214153391743828,66643.0,2.883720930232558
804.7991952,2.442449541421668,2.6354691283212737,66837.0,2.883720930232558
804.999195,,2.2222366965128804,66219.0,2.883720930232558
805.1991948,,5.255163489964197,66621.0,2.883720930232558
805.3991946,5.696097741577193,10.640971164526235,67525.0,2.780269058295964
805.5991944,7.940929645747984,39.21453743629389,70543.0,2.6956521739130435
805.7991942,6.77384744341995,2.889205148784722,71580.0,2.767857142857143
805.999194,,26.50726147150982,72027.0,2.8181818181818183
806.1991938,,443.93895051467484,30229.0,3.836734693877551
806.3991936,10.002192480120423,63.83630459003121,30559.0,4.036231884057971
806.5991934,,417.9478428443524,74258.0,2.9665071770334928
806.7991932,,381.854173313083,29234.0,4.119402985074627
806.999193,3.327990050438748,15.1952581592717,28946.0,4.150375939849624
807.1991928,4.335547942835392,9.051657989271554,28899.0,4.021897810218978
807.3991926,2.7481118881118882,2.6097861368143733,28600.0,4.051470588235294
807.5991924,8.50288179465056,52.33701183058582,28975.0,4.151515151515151
807.7991922,3.6309889275982203,6.79149201882687,28991.0,4.2153846153846155
807.999192,7.655784414692756,37.241815192790064,29130.0,4.151515151515151
808.1991918,6.607841157664479,16.923703239977666,29715.0,4.022222222222222
808.3991916,14.806856607184706,110.65098907696391,29869.0,1.9513888888888888
808.5991914,5.766337722648254,90.40231291034453,32731.0,3.7241379310344827
808.7991912,6.536133116546165,32.44155428683656,28907.0,3.8776978417266186
808.999191,3.985772006768657,16.23229510689807,28957.0,3.898550724637681
809.1991908,2.6398456875172225,6.5318641926069585,29032.0,3.898550724637681
809.3991906,,175.68546108059957,20916.0,2.2844827586206895
809.5991904,,173.7170915759866,29044.0,3.891304347826087
809.7991902,10.185026654733647,22.191762177631595,25699.0,3.6375838926174495
809.99919,19.675442635301998,125.93889094421833,23891.0,4.305555555555555
810.1991898,8.949397271161743,16.779299000967164,22647.0,4.460431654676259
810.3991896,5.7251723665586045,13.17800430449403,21901.0,4.5588235294117645
810.5991894,10.017033418356318,24.203944971021684,23131.0,4.208333333333333
810.7991892,6.989280789930169,16.376395821960166,22483.0,4.460431654676259
810.999189,3.845546486870121,4.733486491378753,22544.0,4.460431654676259
811.1991888,,340.70359281022087,64675.0,2.9245283018867925
811.3991886,,335.9933063022761,22128.0,4.428571428571429
811.5991884,9.90116177498253,28.437887887315696,22896.0,4.275862068965517
811.7991882,2.821896718571303,5.527336440413741,22734.0,4.305555555555555
811.999188,7.9631462430003905,12.019694881635377,23037.0,4.366197183098592
812.1991878,7.2006600660066,6.434043240387335,22725.0,4.397163120567376
812.3991876,3.0991776389700263,5.771994603096705,22253.0,4.397163120567376
812.5991874,10.506250535148558,16.666888567833208,23358.0,4.275862068965517
812.7991872,22.957087857420944,129.34809338678198,23117.0,3.6283783783783785
812.999187,,216.25877031045,14887.0,1.4344262295081966
813.1991868,,157.9818589325308,23119.0,3.619047619047619
813.3991866,13.47011789662628,26.965759712146678,24513.0,3.6598639455782314
813.5991864,7.881103515625,15.203939731245233,24576.0,3.7816901408450705
813.7991862,6.193741223671013,6.0359640202772935,24925.0,3.857142857142857
813.999186,3.7111373154962792,2.8601002338642143,24593.0,3.8285714285714287
814.1991858,5.502075882764007,10.47865513530134,24327.0,3.676056338028169
814.3991856,4.089823044931909,17.372529350833798,24526.0,3.856115107913669
814.5991854,4.200408388990513,15.247786982554118,23507.0,3.9705882352941178
814.7991852,3.539725334906058,1.5226956291195068,23738.0,3.9416058394160585
814.999185,4.460625264047318,10.03314030467755,23670.0,3.9705882352941178
815.1991848,3.855356398499375,3.6939078935168546,23990.0,3.977777777777778
815.3991846,3.473196530569071,9.612626370707922,23635.0,4.029850746268656
815.5991844,2.59683945989692,1.8971820317376515,23477.0,4.029850746268656
815.7991842,2.4019157088122607,0.580720986715906,23490.0,4.029850746268656
815.999184,2.216741468371581,1.3147633327502837,23618.0,4.029850746268656
816.1991838,2.2815521628498727,1.884086689783058,23580.0,4.014925373134329
816.3991836,2.2241628420873703,2.82407366040029,23532.0,4.022388059701493
816.5991834,9.265835593151738,26.496847834822542,24707.0,3.898550724637681
816.7991832,14.531803227322575,51.68841142480574,25532.0,3.7111111111111112
816.9991829999999,12.574647113370196,82.85208842342502,29117.0,3.639455782312925
817.1991827999999,9.8899969664796,99.58539981122387,26372.0,3.835714285714286
817.3991825999999,8.851587532770171,22.51828300543913,27464.0,3.8642857142857143
817.5991823999999,14.834808259587021,98.0950660873586,31188.0,3.7891156462585034
817.7991821999999,9.938578052550232,83.55697913822569,32350.0,4.197183098591549
817.9991819999999,,364.9604262686376,74127.0,2.780269058295964
818.1991817999999,3.9935679954763925,27.633117190647557,70740.0,2.8181818181818183
818.3991815999999,4.508670767737607,8.026370432313286,70063.0,2.883720930232558
818.5991813999999,5.82794004879749,21.06966860803876,71725.0,2.7555555555555555
818.7991811999999,4.267976923289259,8.176608462440747,72454.0,2.719298245614035
818.9991809999999,5.019318899042288,2.204527753487146,72882.0,2.6956521739130435
819.1991807999999,2.9169513325127583,7.117190622754576,72307.0,2.7074235807860263
819.3991805999999,3.3120879427869037,7.36484001493234,71592.0,2.7555555555555555
819.5991803999999,3.857854326623781,9.788069524805984,72285.0,2.743362831858407
819.7991801999999,4.169548924358085,6.240714771595921,72050.0,2.767857142857143
819.9991799999999,3.303584369251352,5.762076788579976,71756.0,2.767857142857143
820.1991797999999,2.3704542278127185,2.763021347937196,71550.0,2.767857142857143
820.3991795999999,3.124934893083886,8.052302221864299,71037.0,2.780269058295964
820.5991793999999,5.608201137384016,4.134540974316793,70161.0,2.8054298642533935
820.7991791999999,8.958439869989165,38.30333596083736,69225.0,2.780269058295964
820.9991789999999,4.294106455531327,20.746468236360137,68329.0,2.857142857142857
821.1991787999999,4.9113957249639375,7.307946820064192,68631.0,2.857142857142857
821.3991785999999,5.402116479133612,2.7357169971931548,68699.0,2.8440366972477062
821.5991783999999,5.431922933783745,5.491770180958927,69862.0,2.883720930232558
821.7991781999999,,773.027294629794,19110.0,1.7338709677419355
821.9991779999999,,282.28587365362984,26641.0,4.448529411764706
822.1991777999999,,509.4282013014033,74289.0,3.0097087378640777
822.3991775999999,5.253439670425436,13.93234866129245,75734.0,2.9665071770334928
822.5991773999999,4.290753304321972,14.42330173019951,73994.0,3.0693069306930694
822.7991771999999,7.757781415093084,38.06762131777044,75147.0,3.1
822.9991769999999,6.752873112887217,29.269598125846464,76572.0,3.0392156862745097
823.1991767999999,5.7847125676569435,28.73906194413099,74087.0,3.024390243902439
823.3991765999999,3.7055640368573144,14.120103903375881,73364.0,3.024390243902439
823.5991763999999,,340.4295377848159,27415.0,4.186046511627907
823.7991761999999,2.8658367911479945,1.0118552994364076,27474.0,4.162790697674419
823.9991759999999,,344.4423820018624,72344.0,3.084577114427861
824.1991757999999,3.568315367019601,5.524429623153562,73007.0,3.0541871921182264
824.3991755999999,,333.3667972843016,26841.0,4.1640625
824.5991753999999,5.2701196101594805,29.984403072577997,27088.0,3.9925373134328357
824.7991751999999,,354.01678898658275,71043.0,3.024390243902439
824.9991749999999,2.272187752899919,5.058278018109164,70433.0,3.0541871921182264
825.1991747999999,2.1804063488444987,3.8944689527766445,70186.0,3.0693069306930694
825.3991745999999,,4.063054182967845,70752.0,3.0541871921182264
825.5991743999999,,363.85196389250734,25526.0,4.178294573643411
825.7991741999999,,360.68965647382777,71938.0,3.024390243902439
825.9991739999999,,21.820712817409316,74519.0,3.024390243902439
826.1991737999999,2.8873310373929733,5.497696326814444,73463.0,3.0392156862745097
826.3991735999999,,354.54371597465484,26923.0,4.090909090909091
826.5991733999999,3.6889268981929053,7.433391360699425,26894.0,4.083333333333333
826.7991731999999,,358.8504415023531,72884.0,3.0541871921182264
826.9991729999999,4.1701769165964615,4.734890187905448,72407.0,3.0097087378640777
827.1991727999999,,332.0910061367054,27509.0,4.076335877862595
827.3991725999999,,328.3481367709708,72689.0,3.0392156862745097
827.5991723999999,,330.2274554519065,29682.0,4.0606060606060606
827.7991721999999,7.203367658404052,10.572571757398702,29813.0,4.107692307692307
827.9991719999999,,319.7431892665967,75707.0,3.0392156862745097
828.1991717999999,,340.23687906500857,31004.0,4.091603053435114
828.3991715999999,5.905347711963569,18.51345518467103,31621.0,3.8840579710144927
828.5991713999999,4.985711784275959,61.570259811742496,28555.0,3.8633093525179856
828.7991711999999,,370.25677263592223,73659.0,2.9523809523809526
828.9991709999999,,313.2290660785971,26715.0,4.131782945736434
829.1991707999999,3.1372672650396853,4.809484931324271,26962.0,4.171875
829.3991705999999,2.4001562965168204,3.900185566633013,26872.0,4.1796875
829.5991703999999,2.66166918429003,3.572320247543238,26480.0,4.196850393700787
829.7991701999999,,334.1279813274551,71796.0,3.0693069306930694
829.9991699999999,3.28585113915615,6.636524002917993,72027.0,3.0693069306930694
830.1991697999999,,382.3831005631376,26287.0,3.962962962962963
830.3991695999999,,389.6951355217338,69175.0,2.9523809523809526
830.5991693999999,2.5683793773466377,8.137943478336467,68449.0,2.995169082125604
830.7991691999999,,353.6444120448488,21706.0,3.9692307692307693
830.9991689999999,4.003368736256024,24.212611770204933,21373.0,4.063492063492063
831.1991687999999,2.9954947707160096,175.281017230932,18645.0,1.6111111111111112
831.3991685999999,2.4163293789253313,179.35494732870404,21495.0,4.0236220472440944
831.5991683999999,2.3812821712681327,5.999508816632869,21370.0,4.0236220472440944
831.7991681999999,5.555163043478261,32.14150186165617,22080.0,3.9236641221374047
831.9991679999999,3.4549724805465933,22.57461778395613,21076.0,4.0078740157480315
832.1991677999999,,189.37741856018226,14365.0,1.7619047619047619
832.3991675999999,,196.51355628886736,21202.0,4.0
832.5991673999999,3.4202918565575655,11.922017693355853,21723.0,3.9921875
832.7991671999999,2.6437020914166744,2.1602362355714515,21134.0,3.9765625
832.9991669999999,4.754402906147974,12.249653865079102,21747.0,3.819548872180451
833.1991668,,353.57964595772216,69011.0,2.9665071770334928
833.3991666,4.56902157420921,8.872651881373736,69203.0,2.8054298642533935
833.5991664,9.755721679125934,31.379590780153652,69560.0,2.2382671480144403
833.7991662,12.248060020855622,74.63311159924345,73841.0,2.1602787456445993
833.999166,5.481182218404381,20.481188674420466,74504.0,2.1602787456445993
834.1991658,9.860650290125507,53.62852978823367,78242.0,2.1602787456445993
834.3991656,12.817028821390208,83.29347337185926,77269.0,2.6382978723404253
834.5991654,,513.2008454896251,27972.0,1.9724137931034482
834.7991652,9.025084922916122,199.3018518583445,30616.0,3.972027972027972
834.999165,,403.7887222400149,73425.0,2.995169082125604
835.1991648,3.4324545827072805,2.808551595981059,73210.0,2.995169082125604
835.3991646,4.099524722529773,11.111530345658121,74062.0,2.9523809523809526
835.5991644,3.3178386540120792,2.2132430230164655,74176.0,2.9523809523809526
835.7991642,4.456358087487284,10.329622426782553,73725.0,2.9245283018867925
835.999164,2.852766178116215,1.3450408675144763,73278.0,2.938388625592417
836.1991638,4.777465542620099,12.517882355284373,74730.0,2.8703703703703702
836.3991636,,364.8556897225054,26975.0,4.165413533834586
836.5991634,,383.8977597659622,72500.0,3.024390243902439
836.7991632,,392.1702729376049,27822.0,4.140740740740741
836.999163,3.198610558309513,6.468405788896421,27637.0,4.029197080291971
837.1991628,4.396860986547085,19.566949825253047,27652.0,3.935251798561151
837.3991626,3.003096200779514,5.7552879721269345,27453.0,3.9927536231884058
837.5991624,4.03549815498155,24.789214227378565,27100.0,3.978102189781022
837.7991622,2.546483280573445,2.2520080667245828,27483.0,3.935251798561151
837.999162,2.4178879151631194,2.3073436089275066,27158.0,3.971014492753623
838.1991618,3.759208478470318,14.731475376940265,26986.0,3.8920863309352516
838.3991616,,374.40661176016,72979.0,2.938388625592417
838.5991614,,388.0175392118882,27659.0,3.971014492753623
838.7991612,,379.9848110132024,73566.0,2.9665071770334928
838.999161,6.028428248423224,42.390271673682626,75629.0,2.9245283018867925
839.1991608,6.025191601899827,10.14151327542426,74112.0,2.9523809523809526
839.3991606,3.436178596662862,5.216265481844873,73596.0,3.0097087378640777
839.5991604,,3.0535963723803663,72985.0,3.0097087378640777
839.7991602,,4.0933193104243175,73540.0,3.0097087378640777
839.99916,1.9641301249949106,0.317059284127203,73683.0,3.0097087378640777
840.1991598,,4.72403465026644,72934.0,2.980769230769231
840.3991596,,6.925477534328016,74153.0,2.938388625592417
840.5991594,,528.8373621874846,26118.0,2.161764705882353
840.7991592,,524.5797788498635,74579.0,2.9245283018867925
840.999159,6.799196945760927,25.423572583498775,75960.0,2.9523809523809526
841.1991588,,440.74179714512894,32025.0,4.179856115107913
841.3991586,10.423767527441152,38.15165900148147,31522.0,3.360248447204969
841.5991584,,525.6350948564375,67113.0,2.897196261682243
841.7991582,,335.0779116445054,20898.0,3.857142857142857
841.999158,,337.4548668682413,66438.0,2.7927927927927927
842.1991578,,384.2960660733366,25469.0,3.736111111111111
842.3991576,10.670235634559736,19.994589374248825,24190.0,3.927007299270073
842.5991574,10.343466346977221,34.10875496886428,23356.0,4.251968503937008
842.7991572,5.98105754937354,10.267573406714124,23545.0,4.277777777777778
842.999157,3.162229864560778,3.173614268574356,23553.0,4.304
843.1991568,3.071873160063925,1.8340958759160182,23778.0,4.23015873015873
843.3991566,,330.6664007263355,66703.0,3.163265306122449
843.5991564,,6.9249459664728015,67973.0,3.084577114427861
843.7991562,,436.7744761024562,26310.0,3.576158940397351
843.999156,3.9941824387216878,9.135451860912648,25784.0,3.6216216216216215
844.1991558,2.324143855675739,1.468054731174593,25609.0,3.6530612244897958
844.3991556,11.041557425161416,65.34587557234282,25555.0,3.6780821917808217
844.5991554,7.076399543648452,21.449440207630403,25419.0,3.7291666666666665
844.7991552,3.0998392219912945,3.691298982940808,25501.0,3.703448275862069
844.999155,3.362482704091718,3.6766404996186672,25295.0,3.696551724137931
845.1991548,2.8084169608504226,2.34163730781935,25211.0,3.703448275862069
845.3991546,2.441805793521138,4.653534750384185,25097.0,3.7222222222222223
845.5991544,2.3478347714924896,3.3820947258125993,25032.0,3.7291666666666665
845.7991542,,361.7768886905223,69351.0,2.883720930232558
845.999154,,315.34486165147126,24644.0,3.8285714285714287
846.1991538,4.280623150279514,7.837593215759992,24328.0,3.8768115942028984
846.3991536,3.7225262475171266,10.823232160093054,24669.0,3.8085106382978724
846.5991534,4.034355878948239,9.795807360453743,24188.0,3.9124087591240877
846.7991532,2.5663687520688514,3.270780531974272,24168.0,3.898550724637681
846.999153,2.3885118357887767,0.5994192983028508,24164.0,3.891304347826087
847.1991528,7.248641698809672,14.394110308316778,24111.0,3.8214285714285716
847.3991526,13.498296876923709,20.012851411707768,24367.0,3.8028169014084505
847.5991524,30.00859934417453,130.9885355125328,29886.0,2.739795918367347
847.7991522,,308.16684988224574,77132.0,2.175438596491228
847.999152,3.9786930479843865,22.016611918482614,74295.0,2.175438596491228
848.1991518,5.9130502592895855,23.35505441498123,76941.0,2.175438596491228
848.3991516,,64.6000516064278,78353.0,2.5
848.5991514,,296.5526215355232,29896.0,3.41025641025641
848.7991512,,342.54988567687144,74893.0,2.743362831858407
848.999151,,310.743845060574,28656.0,3.6598639455782314
849.1991508,2.802144453758033,4.819474781375202,28632.0,3.6575342465753424
849.3991506,2.7260364726803585,4.835988772544351,28679.0,3.682758620689655
849.5991504,5.265348348144631,15.323676040880267,29482.0,3.619047619047619
849.7991502,3.4687260302628826,14.897285908853613,28682.0,3.6013513513513513
849.99915,,330.10660894611334,73178.0,2.8181818181818183
850.1991498,2.3094274940006856,3.71953705980202,72925.0,2.8054298642533935
850.3991496,,323.3952271213767,28940.0,3.6216216216216215
850.5991494,7.885654885654886,18.686079274767316,29341.0,3.5364238410596025
850.7991492,5.834778914574999,25.59304576505655,28247.0,3.6462585034013606
850.999149,,372.1971482541603,70269.0,2.780269058295964
851.1991488,8.943160159852443,67.41540853947913,65060.0,2.9245283018867925
851.3991486,,322.00311160831535,24867.0,3.556291390728477
851.5991484,,304.9526803743384,68449.0,2.897196261682243
851.7991482,,280.5026758081744,23529.0,3.884892086330935
851.999148,13.94317509174855,20.268769490587196,25341.0,3.75
852.1991478,,255.85969994080102,73305.0,2.5833333333333335
852.3991476,13.697003227293683,60.229316624850895,75915.0,2.1602787456445993
852.5991474,6.475626872520176,21.041766406600747,74098.0,2.1602787456445993
852.7991472,4.697902324451284,5.6476384624642755,74082.0,2.1602787456445993
852.999147,2.8418843220624956,4.9108110269637395,74085.0,2.1602787456445993
853.1991468,,1.1806155286582773,73231.0,2.167832167832168
853.3991466,,3.725356229867619,71700.0,2.175438596491228
853.5991464,,492.212572312842,27252.0,0.9739583333333334
853.7991462,,563.8836791466292,70045.0,2.594142259414226
853.999146,,25.07024177194843,68948.0,2.767857142857143
854.1991458,,10.600361111071882,69176.0,2.767857142857143
854.3991456,,412.7048685993287,18540.0,1.6384615384615384
854.5991454,,91.10492220173958,28441.0,3.639455782312925
854.7991452,,291.0413158506698,72417.0,2.8181818181818183
854.999145,,297.4417122997394,29208.0,3.63265306122449
855.1991448,,285.9643535070512,73731.0,2.8181818181818183
855.3991446,,290.4083479150422,29485.0,3.5838926174496644
855.5991444,3.513081591368847,7.532504413123606,29660.0,3.5364238410596025
855.7991442,,295.86742870059896,73748.0,2.7927927927927927
855.999144,3.2614365917210626,9.369995615959253,74454.0,2.7312775330396475
856.1991438,3.4148254500013295,7.804499747031186,75222.0,2.7074235807860263
856.3991436,,27.661498707930377,72766.0,2.7312775330396475
856.5991434,2.616733564013841,4.434513518116953,72250.0,2.7555555555555555
856.7991432,2.219609853417939,0.6735276113431016,72178.0,2.767857142857143
856.999143,,330.99108569243884,27625.0,3.4358974358974357
857.1991428,21.000077796794773,108.05497393596782,25708.0,3.4805194805194803
857.3991426,6.14703606252902,13.755966361620672,25844.0,3.3836477987421385
857.5991424,3.229366829421956,12.553652816198763,25396.0,3.448717948717949
857.7991422,9.094675500918017,9.665572060793052,25054.0,3.5695364238410594
857.999142,,371.77513191181583,69122.0,2.857142857142857
858.1991418,6.2109559358257025,10.245322051140363,67379.0,2.780269058295964
858.3991416,8.055309799326205,28.176206280196947,68270.0,2.7555555555555555
858.5991414,,436.5453279914275,25815.0,3.4838709677419355
858.7991412,10.532808296619752,61.8733414911479,25649.0,3.6216216216216215
858.999141,,364.11264388541025,70904.0,2.7555555555555555
859.1991408,3.545715936799673,3.698559433437013,70949.0,2.780269058295964
859.3991406,3.4396625179846065,4.872030596693962,71589.0,2.767857142857143
859.5991404,2.359578330075398,1.2489129695725796,71620.0,2.7927927927927927
859.7991402,,352.9219004405862,26333.0,3.6666666666666665
859.99914,4.817257728048549,25.060760242321702,26365.0,3.635135135135135
860.1991398,2.6096425912137007,3.190927555525396,26860.0,3.6013513513513513
860.3991396,3.1749568609798184,14.569302958393687,26658.0,3.6462585034013606
860.5991394,2.301332125740594,4.9510080166706105,26499.0,3.673469387755102
860.7991392,3.0393510784422912,2.7543906926450563,26937.0,3.635135135135135
860.9991389999999,,358.58749973307187,71738.0,2.8054298642533935
861.1991387999999,,357.77928665596556,26900.0,3.6216216216216215
861.3991385999999,4.575407058130112,29.43375583491594,27146.0,3.543046357615894
861.5991383999999,3.686826812747529,17.246638179256536,27017.0,3.5197368421052633
861.7991381999999,3.0913209789430685,3.8746477090422027,26927.0,3.5098039215686274
861.9991379999999,7.944810027418723,166.8788190854178,25530.0,1.826086956521739
862.1991377999999,9.019842369994851,225.3337401718726,25249.0,3.801418439716312
862.3991375999999,,328.61367756908516,74429.0,2.7312775330396475
862.5991373999999,,350.57538513929825,29658.0,3.923611111111111
862.7991371999999,6.921524132091448,5.448181375564907,29525.0,4.056338028169014
862.9991369999999,,342.10877552902423,74484.0,2.8703703703703702
863.1991367999999,8.63986552378997,27.695144781588443,77932.0,2.8310502283105023
863.3991365999999,6.6425536325007775,10.736752326653,77192.0,2.683982683982684
863.5991363999999,,335.7938364188076,28829.0,4.35251798561151
863.7991361999999,,375.52416835847487,73080.0,2.9245283018867925
863.9991359999999,5.976660336333361,20.274673586747284,72666.0,2.857142857142857
864.1991357999999,,320.697730176877,25998.0,3.992857142857143
864.3991355999999,,360.37493557405446,68383.0,2.938388625592417
864.5991353999999,5.468999250870312,17.519703678465365,68079.0,2.9107981220657275
864.7991351999999,4.557659286037054,13.266138817922124,66390.0,2.9107981220657275
864.9991349999999,,302.55968464440696,22644.0,3.816901408450704
865.1991347999999,15.452489299391756,15.239530043041247,22195.0,3.857142857142857
865.3991345999999,20.7296282245827,96.13791109593942,26360.0,3.703448275862069
865.5991343999999,16.82126131751483,69.04043827210675,32030.0,3.432258064516129
865.7991341999999,3.637353433835846,13.596137040045017,32238.0,3.503267973856209
865.9991339999999,12.625764155901635,87.277855789351,36151.0,3.704697986577181
866.1991337999999,4.779398584541212,38.660352204109934,32357.0,3.6216216216216215
866.3991335999999,5.502784258827189,24.54157374852778,32145.0,3.6462585034013606
866.5991333999999,4.416128931699866,13.313152719626771,32079.0,3.7222222222222223
866.7991331999999,2.2671983119744312,1.8100236084372403,32227.0,3.7222222222222223
866.9991329999999,7.292307692307692,52.852312467139605,34450.0,3.8413793103448275
867.1991327999999,5.859199950346026,12.670779895270325,32223.0,3.9784172661870505
867.3991325999999,6.845642916163478,22.42462936582534,31466.0,3.5733333333333333
867.5991323999999,10.343735261751297,225.25445829134813,25444.0,1.91156462585034
867.7991321999999,5.986525616771553,167.5389405247509,25901.0,3.7762237762237763
867.9991319999999,,416.1340313031968,66971.0,2.897196261682243
868.1991317999999,8.711678560255054,16.73169999723807,67123.0,2.9245283018867925
868.3991315999999,4.1222822467253755,10.798857880876088,67565.0,2.897196261682243
868.5991313999999,3.5527844964898825,0.6007337025171998,67804.0,2.9107981220657275
868.7991311999999,2.866133176712429,2.30271476049226,68105.0,2.9245283018867925
868.9991309999999,2.9127062802495773,4.030299478094059,68596.0,2.857142857142857
869.1991307999999,3.8470652062346957,3.891729060390121,68199.0,2.897196261682243
869.3991305999999,3.940739869780567,3.5788077687041158,68039.0,2.9107981220657275
869.5991303999999,2.577517158267566,2.932647175469484,68043.0,2.9107981220657275
869.7991301999999,2.949373440982421,6.496613935247505,67751.0,2.938388625592417
869.9991299999999,2.880856113210864,3.899747713400813,68262.0,2.9107981220657275
870.1991297999999,4.0141449412600245,10.796856329987172,67586.0,2.995169082125604
870.3991295999999,3.300709531124278,7.741141341820871,68355.0,2.9245283018867925
870.5991293999999,7.276847838485229,10.682012428956119,70136.0,2.9523809523809526
870.7991291999999,7.816839327325304,19.62353905647872,71238.0,2.883720930232558
870.9991289999999,7.800162116781982,29.62368620059501,69086.0,2.9107981220657275
871.1991287999999,5.887900666686075,11.831853586699658,68698.0,3.1794871794871793
871.3991285999999,3.6928712928975123,3.809462927478853,68652.0,2.9523809523809526
871.5991283999999,2.8189231375180523,0.915450066518053,68551.0,2.9665071770334928
871.7991281999999,4.709613565242704,8.528262209007059,68705.0,2.9523809523809526
871.9991279999999,2.64291307752545,5.253768548254284,68958.0,2.9245283018867925
872.1991277999999,2.296751817903618,5.218062586360871,68623.0,2.938388625592417
872.3991275999999,4.78369778423538,5.1711882619798235,68825.0,2.9107981220657275
872.5991273999999,4.041281864530226,4.311292294468009,68650.0,2.9107981220657275
872.7991271999999,5.319461051649217,5.9578240321678075,68578.0,2.938388625592417
872.9991269999999,,404.17185866300895,26721.0,4.111940298507463
873.1991267999999,,393.2938406940829,72020.0,2.980769230769231
873.3991265999999,10.243832672880504,58.52951978791604,71668.0,3.0392156862745097
873.5991263999999,6.502411034956429,45.60061225529961,69887.0,3.0693069306930694
873.7991261999999,5.130208782056805,19.11958386004384,69642.0,2.883720930232558
873.9991259999999,5.474044380816034,18.77768327625663,69850.0,2.9107981220657275
874.1991257999999,2.660392985662878,3.482423382293998,70028.0,2.897196261682243
874.3991255999999,2.6064405608499124,4.312268295408352,69466.0,2.9245283018867925
874.5991253999999,2.6512807288980573,2.9228352244966107,69804.0,2.938388625592417
874.7991251999999,3.2572082052748197,2.0585086016453773,69955.0,2.938388625592417
874.9991249999999,4.22294549582561,1.9514530014732245,69591.0,2.883720930232558
875.1991247999999,4.022819134603112,6.939491340323432,70511.0,2.8440366972477062
875.3991245999999,3.0383620011724504,3.2948046488037623,69939.0,2.8440366972477062
875.5991243999999,3.7094960106193176,5.374608871448628,70061.0,2.8440366972477062
875.7991241999999,3.417559041444779,10.164604834205269,69104.0,2.938388625592417
875.9991239999999,4.9380832065233,6.932177241735558,69658.0,2.980769230769231
876.1991237999999,4.730763627888005,6.406766961715164,68646.0,3.024390243902439
876.3991235999999,3.451551633452165,11.961761535626545,68444.0,3.0693069306930694
876.5991233999999,3.302364642820629,1.7607810000791846,68467.0,3.0693069306930694
876.7991231999999,3.4797499121471245,1.162672942473163,68296.0,3.0541871921182264
876.9991229999999,4.0100690663365,11.691323739730887,67037.0,3.1
877.1991227999999,2.8970698273023854,1.8973965845397167,66822.0,3.1
877.3991225999999,2.429771711342672,1.3877366886893066,66889.0,3.084577114427861
877.5991223999999,3.9245553087119234,4.665357155280585,67069.0,3.0693069306930694
877.7991221999999,4.804065375231488,3.944596889196473,68038.0,3.0693069306930694
877.9991219999999,3.7411184744586956,4.197441811428129,67753.0,3.0541871921182264
878.1991218,8.849262013407696,28.612714290432162,71004.0,3.0097087378640777
878.3991216,6.4507596685082875,20.60345277234389,72400.0,2.743362831858407
878.5991214,4.536435379727375,31.775343812068215,68299.0,2.8310502283105023
878.7991212,5.774477329101638,26.46716505415418,64907.0,3.024390243902439
878.999121,11.321476104053236,55.24670835613059,66120.0,2.857142857142857
879.1991208,,414.8431314902901,18201.0,1.7966101694915255
879.3991206,,82.52785049805952,29086.0,3.496732026143791
879.5991204,8.539730741977934,52.754835179892616,29637.0,3.5733333333333333
879.7991202,13.873194047144874,98.60787203895896,27617.0,3.597315436241611
879.99912,,318.37798237700116,72047.0,2.743362831858407
880.1991198,,315.78571816103573,25866.0,3.5906040268456376
880.3991196,,328.1259656917512,70563.0,2.8310502283105023
880.5991194,,320.3667238907172,26155.0,3.63265306122449
880.7991192,12.14542735042735,56.823372519374026,23400.0,3.927007299270073
880.999119,13.392838030681412,53.31254077124102,22424.0,3.736111111111111
881.1991188,,369.69273412525325,67062.0,2.883720930232558
881.3991186,3.8894244485487333,8.936301363447365,66597.0,2.897196261682243
881.5991184,,378.16746848643044,22916.0,3.673469387755102
881.7991182,,361.62960403691744,68105.0,2.8310502283105023
881.999118,,366.69048021098047,23347.0,3.717241379310345
882.1991178,7.578499937183299,12.862691885862068,23879.0,3.703448275862069
882.3991176,5.925801222097518,7.91224001052967,24057.0,3.7762237762237763
882.5991174,14.874752054406347,6.722005345667692,24703.0,3.884892086330935
882.7991172,,357.3494518612567,70772.0,2.9665071770334928
882.999117,,316.67893210958886,26628.0,3.8633093525179856
883.1991168,13.450503083414477,41.054422485073324,27729.0,4.06015037593985
883.3991166,11.903503019844694,15.820089903344998,28975.0,3.7746478873239435
883.5991164,8.613450726636257,10.572530962563818,28281.0,3.85
883.7991162,8.82119984768235,18.274154285001586,28887.0,3.8732394366197185
883.999116,,331.9331845984156,73778.0,2.8703703703703702
884.1991158,,340.8643612042331,28480.0,3.9361702127659575
884.3991156,5.176336466956644,12.10521940665916,28508.0,3.9432624113475176
884.5991154,2.4065040650406506,2.017102735551166,28167.0,3.9571428571428573
884.7991152,,337.90660221314903,72691.0,2.883720930232558
884.999115,,320.95660798567667,26957.0,4.0144927536231885
885.1991148,5.4416280034702575,10.749523032039612,26511.0,3.9420289855072466
885.3991146,5.638537789733574,18.552120817764738,27137.0,3.6875
885.5991144,10.429081739861315,35.621956118029644,28554.0,3.5
885.7991142,,354.5119733825073,72368.0,2.6495726495726495
885.999114,,573.4528623245158,24658.0,1.0140845070422535
886.1991138,15.130074935689521,48.383707866858074,26823.0,1.0140845070422535
886.3991136,,496.4310412043346,75614.0,2.1602787456445993
886.5991134,6.703172492401216,23.359952946712127,73696.0,2.1602787456445993
886.7991132,6.146537730482678,14.19398889643698,72077.0,2.1602787456445993
886.999113,6.596591708648786,13.400767222279299,71062.0,2.1602787456445993
887.1991128,,656.7438530471827,23421.0,1.0093896713615023
887.3991126,46.76658376005852,260.22111168800393,34175.0,2.60093896713615
887.5991124,,475.6093215318399,83238.0,2.3484848484848486
887.7991122,6.380555006912897,49.135498526774455,81008.0,2.5
887.999112,5.474683308725915,26.47116993775965,80599.0,2.5
888.1991118,,499.71042894680056,31037.0,1.738562091503268
888.3991116,,150.08641345189193,34675.0,3.022727272727273
888.5991114,,102.87403224347423,31662.0,1.2625698324022345
888.7991112,,492.45224952139523,79285.0,2.393822393822394
888.999111,,487.1920122072991,30220.0,1.1366120218579234
889.1991108,,18.845201647119783,29589.0,1.2203389830508475
889.3991106,,493.12665412270655,79031.0,2.3574144486692017
889.5991104,,464.03969298363495,29452.0,1.1744186046511629
889.7991102,,479.6791489579959,78606.0,2.4603174603174605
889.99911,3.6635914080169694,10.368262940834102,78259.0,2.412451361867704
890.1991098,,383.70438359954244,31639.0,2.912568306010929
890.3991096,,399.801404995196,77014.0,2.412451361867704
890.5991094,2.7206178292345085,4.478328151704702,76526.0,2.4031007751937983
890.7991092,3.3236005596453837,4.856143522309576,76477.0,2.393822393822394
890.999109,2.5934394937768017,6.225100385104014,76488.0,2.3846153846153846
891.1991088,2.834584299393511,6.1987269402234215,76341.0,2.412451361867704
891.3991086,2.6396131146667376,11.257324936159781,75061.0,2.421875
891.5991084,3.2031506354105836,34.575415771504254,71922.0,2.4701195219123506
891.7991082,3.7122635327012974,33.63080087243578,68667.0,2.56198347107438
891.999108,2.8296331403012487,10.04081308344777,67519.0,2.6160337552742616
892.1991078,2.7305757903950862,4.424133770741505,67403.0,2.6495726495726495
892.3991076,3.1195680084585757,14.908068279936058,66205.0,2.7927927927927927
892.5991074,3.0820592012720933,7.845074600471888,65404.0,2.857142857142857
892.7991072,3.6975177197091837,3.7121437928750782,65746.0,2.883720930232558
892.999107,3.250363091375421,13.774697688133472,64722.0,2.9665071770334928
893.1991068,2.792498835222861,5.861844716949686,64390.0,2.980769230769231
893.3991066,7.098961090023742,21.380325905143373,66127.0,2.7555555555555555
893.5991064,6.004907130720103,27.151613613451822,68268.0,2.5833333333333335
893.7991062,5.0922004976893,18.73333088713533,70325.0,2.5203252032520327
893.999106,,489.2117885248931,24176.0,1.353932584269663
894.1991058,3.8912695234281136,9.318497797404245,24970.0,1.3407821229050279
894.3991056,4.311085523703645,17.907795541948033,25186.0,1.3314917127071824
894.5991054,3.6604351704611564,15.806950621659212,25783.0,1.2956989247311828
894.7991052,2.752526031623602,3.5123440210255654,25930.0,1.308108108108108
894.999105,3.0948814466995227,8.265137056092865,25769.0,1.3224043715846994
895.1991048,,465.9424169154394,73302.0,2.4031007751937983
895.3991046,2.1353745768264716,0.7028082893632376,73256.0,2.4031007751937983
895.5991044,,463.49940549809526,24899.0,1.3389830508474576
895.7991042,3.359060402684564,10.434060218199262,25330.0,1.3277777777777777
895.999104,3.767051671732523,16.02108655271799,24675.0,1.3502824858757063
896.1991038,2.4316380046347117,4.2089086613363005,24597.0,1.335195530726257
896.3991036,2.7816547497446376,7.485267899809338,24475.0,1.3693181818181819
896.5991034,2.8073879709728997,9.875605358729958,24391.0,1.3828571428571428
896.7991032,,467.95420918982825,71759.0,2.48
896.999103,,464.1338481317748,23650.0,1.3542857142857143
897.1991028,2.5022352790905606,7.399682473973315,23487.0,1.3542857142857143
897.3991026,,468.0993562135642,71016.0,2.4899598393574296
897.5991024,,472.20087705962555,23855.0,1.375
897.7991022,3.4622570058066144,10.248081936317666,23766.0,1.3863636363636365
897.999102,3.426810283165734,6.899183132455075,23767.0,1.3559322033898304
898.1991018,,463.2128736892797,71861.0,2.450592885375494
898.3991016,2.369909311102349,10.03487116535694,71012.0,2.4899598393574296
898.5991014,2.8542991738540895,8.544416427858136,71537.0,2.450592885375494
898.7991012,2.276137315099079,1.3326127937075487,71660.0,2.450592885375494
898.999101,,455.23359787300024,23886.0,1.3687150837988826
899.1991008,,462.2411200448465,71275.0,2.4603174603174605
899.3991006,,474.0391740412282,24032.0,1.3388888888888888
899.5991004,,472.38433928992595,71571.0,2.450592885375494
899.7991002,,472.9503897861703,24116.0,1.3406593406593406
899.9991,,470.6372982164353,71592.0,2.4313725490196076
900.1990998,,465.60209360268374,23802.0,1.3296703296703296
900.3990996,,466.85526008303725,71744.0,2.440944881889764
900.5990994,,487.6057007075749,25460.0,1.2994652406417113
900.7990992,,488.7893084174363,71324.0,2.4313725490196076
900.999099,,465.8571943894749,24542.0,1.366120218579235
901.1990988,,450.62029624610375,72565.0,2.4031007751937983
901.3990986,3.5160354371188327,20.914637315359396,70999.0,2.450592885375494
901.5990984,,391.8513586432101,25743.0,2.9447513812154695
901.7990982,,384.27495139033925,71301.0,2.4313725490196076
901.999098,5.379943885035535,26.322087542731023,70213.0,2.5833333333333335
902.1990978,3.7725205779082485,11.411432077558874,69492.0,2.7074235807860263
902.3990976,,13.2968388312166,70120.0,2.7312775330396475
902.5990974,,6.999953508859084,71699.0,2.7555555555555555
902.7990972,,4.305034004522664,71860.0,2.8054298642533935
902.999097,3.838527146760882,8.58068384292611,72458.0,2.8054298642533935
903.1990968,2.812952904778274,0.6199078556623782,72725.0,2.8181818181818183
903.3990966,,4.288341798455174,71401.0,2.8440366972477062
903.5990964,,12.420127391282088,72649.0,2.8440366972477062
903.7990962,,12.458043050667593,73436.0,2.780269058295964
903.999096,,314.3614448968945,26732.0,3.671232876712329
904.1990958,,327.32902224648205,71574.0,2.8181818181818183
904.3990956,,356.4441557739533,26775.0,3.4294871794871793
904.5990954,,333.61591819775913,73238.0,2.5306122448979593
904.7990952,4.030505870734116,14.392394156166597,72904.0,2.48
904.999095,3.846124125298722,36.313891963769585,69881.0,2.6271186440677967
905.1990947999999,2.6317037894127857,8.231265060369509,69140.0,2.7074235807860263
905.3990945999999,,349.02401145438273,22565.0,3.5197368421052633
905.5990943999999,3.009349171220812,5.800241944713371,22141.0,3.5866666666666664
905.7990941999999,3.6193566459685327,10.69296302572675,21419.0,3.703448275862069
905.9990939999999,3.8047971179370497,18.67164461159578,21096.0,3.7291666666666665
906.1990937999999,3.0010020996373354,4.41451922028417,20956.0,3.7291666666666665
906.3990935999999,2.3404488492876543,2.828306510819628,20987.0,3.7222222222222223
906.5990933999999,2.4175534464576742,0.94254423032752,20862.0,3.682758620689655
906.7990931999999,2.133222827373905,10.451694131623103,21115.0,3.7241379310344827
906.9990929999999,7.228040783112345,31.26282680787252,20891.0,3.639455782312925
907.1990927999999,13.242380996225025,26.55922245794177,21722.0,3.9197080291970803
907.3990925999999,,318.44712521466306,66671.0,2.9523809523809526
907.5990923999999,,319.10761801092144,21288.0,3.948529411764706
907.7990921999999,3.9218421912183286,6.6244884251990594,21431.0,3.9705882352941178
907.9990919999999,2.59237265050395,188.75294775678455,18355.0,1.8308823529411764
908.1990917999999,4.247457266095107,8.147805377276153,18779.0,1.7956204379562044
908.3990915999999,2.952849684576898,7.5517022536086875,18388.0,1.7883211678832116
908.5990913999999,,447.61051912341975,64526.0,2.980769230769231
908.7990911999999,,516.4877821007008,22250.0,1.6
908.9990909999999,13.88494994973117,89.60718834495201,22877.0,1.6521739130434783
909.1990907999999,7.095913586673608,26.759485600267933,23052.0,1.8656716417910448
909.3990905999999,,447.0388483343725,72149.0,2.980769230769231
909.5990903999999,,12.495160632437136,69375.0,3.1
909.7990901999999,8.480184372128303,34.1542665952174,68557.0,2.8703703703703702
909.9990899999999,6.444967409541061,7.4526772950635385,67351.0,2.743362831858407
910.1990897999999,,5.168514811797287,67999.0,2.7555555555555555
910.3990895999999,,5.774819395457137,68059.0,2.857142857142857
910.5990893999999,,433.14424839379166,28364.0,3.9375
910.7990891999999,19.492798518187335,82.2595039011413,31313.0,3.8194444444444446
910.9990889999999,4.760929328148049,45.740885386199224,29828.0,3.857142857142857
911.1990887999999,3.9939180316538807,11.374369777370026,28938.0,4.0
911.3990885999999,2.936431989063568,7.687091810473988,29260.0,3.9926470588235294
911.5990883999999,2.9179644432194047,8.839303733040142,29024.0,4.029629629629629
911.7990881999999,3.2669487153028585,6.984581531804156,29073.0,4.037037037037037
911.9990879999999,4.002485758674262,14.193610138572305,28965.0,3.8992805755395685
912.1990877999999,5.236923583662714,9.780213165446751,30360.0,3.7847222222222223
912.3990875999999,,314.1779027245265,75436.0,2.4899598393574296
912.5990873999999,,28.077292657108583,74014.0,2.5306122448979593
912.7990871999999,4.862596160510084,14.52371820307328,72145.0,2.6382978723404253
912.9990869999999,3.355701255856505,0.5394431888747716,72142.0,2.6382978723404253
913.1990867999999,3.9068931403012526,10.215169106641273,71767.0,2.6160337552742616
913.3990865999999,4.488629421891487,5.470011862409894,72028.0,2.6050420168067228
913.5990863999999,,472.9168965354765,26899.0,3.4074074074074074
913.7990861999999,,484.79049383718143,71205.0,2.6609442060085837
913.9990859999999,3.9592188803574713,11.405497233286244,70719.0,2.683982683982684
914.1990857999999,3.811974639240325,11.549706670999806,69714.0,2.7074235807860263
914.3990855999999,,5.379624302098574,69111.0,2.7074235807860263
914.5990853999999,,4.979813890387937,68679.0,2.719298245614035
914.7990851999999,3.32377247706422,9.31995186647027,68125.0,2.767857142857143
914.9990849999999,,26.61293538476162,68438.0,2.780269058295964
915.1990847999999,3.5970193257366923,3.8822732387378256,67837.0,2.780269058295964
915.3990845999999,5.8647726265402005,2.111789264740592,67686.0,2.6724137931034484
915.5990843999999,,423.6396835872379,22788.0,3.512987012987013
915.7990841999999,,418.79562351460675,68199.0,2.48
915.9990839999999,,39.72951143620018,65109.0,2.7927927927927927
916.1990837999999,,404.1459466084563,22080.0,3.6986301369863015
916.3990835999999,,381.50328839194924,67499.0,2.6382978723404253
916.5990833999999,,21.620943795235743,68154.0,2.5726141078838176
916.7990831999999,4.710511957806674,30.239233798830227,65982.0,2.7555555555555555
916.9990829999999,,8.591863100323982,67345.0,2.7074235807860263
917.1990827999999,4.616253090649111,0.9438716720235495,67138.0,2.719298245614035
917.3990825999999,3.9501357763122558,9.40729348200695,67022.0,2.719298245614035
917.5990823999999,2.5630960731929373,2.5609263102004927,67001.0,2.7312775330396475
917.7990821999999,3.6621983517540357,10.515530707902892,67587.0,2.7074235807860263
917.9990819999999,2.7344726230743097,4.662981865777405,67703.0,2.7074235807860263
918.1990817999999,2.13941449745594,1.1488475673372744,67805.0,2.6956521739130435
918.3990815999999,2.7195623039425043,3.276277166747173,67901.0,2.6956521739130435
918.5990813999999,,3.8024289872987675,67408.0,2.7074235807860263
918.7990811999999,3.665954162213514,1.6828256225313987,67368.0,2.6956521739130435
918.9990809999999,,6.691601574098638,67735.0,2.6956521739130435
919.1990807999999,2.3961233193152878,1.8810057984699207,67532.0,2.7074235807860263
919.3990805999999,2.7823843390061063,0.6962082366398048,67633.0,2.719298245614035
919.5990803999999,3.0389506565798627,2.8428158803912513,67547.0,2.7074235807860263
919.7990801999999,2.6605044488565337,8.017299869549989,67995.0,2.6724137931034484
919.9990799999999,2.9489059727971614,5.394785249705164,67640.0,2.6956521739130435
920.1990797999999,2.4949611372166562,2.7405830552718258,67674.0,2.683982683982684
920.3990795999999,,437.4512451807636,23162.0,3.4935897435897436
920.5990793999999,,437.1786436201931,66983.0,2.743362831858407
920.7990791999999,,4.789375142202322,66373.0,2.743362831858407
920.9990789999999,5.39160732992242,11.327995161318386,65867.0,2.743362831858407
921.1990787999999,,3.4462859558657777,66013.0,2.6724137931034484
921.3990785999999,,7.023800455063123,65817.0,2.719298245614035
921.5990783999999,,405.77606260404355,23202.0,3.2452830188679247
921.7990781999999,,404.49801906686724,68474.0,2.6382978723404253
921.9990779999999,2.4973394146712278,2.948278859306711,68406.0,2.6382978723404253
922.1990777999999,2.7779181293421265,4.352564283174572,68083.0,2.6495726495726495
922.3990775999999,3.7302319393321213,9.302229870512916,67647.0,2.6609442060085837
922.5990773999999,,410.71666707477,22777.0,3.259493670886076
922.7990771999999,,414.76641751043337,67412.0,2.6956521739130435
922.9990769999999,,379.0107050933459,22357.0,3.320261437908497
923.1990768,,388.809565065574,67025.0,2.7312775330396475
923.3990766,,379.36091607790485,22099.0,3.32
923.5990764,24.9476703304837,7.28346851590889,27021.0,3.423841059602649
923.7990762,23.04205020920502,35.76835235718779,33460.0,3.61744966442953
923.999076,24.699147450935516,116.77241183836664,34954.0,1.7183908045977012
924.1990758,11.668281595789221,112.88377020274017,33438.0,3.2560975609756095
924.3990756,4.466830303834417,41.1925550890219,30148.0,3.566666666666667
924.5990754,11.467465100312761,126.77223483638231,26218.0,3.767605633802817
924.7990752,,326.69231089408595,67255.0,2.938388625592417
924.999075,,423.3913477579173,17469.0,2.1153846153846154
925.1990748,,412.62752088539395,68588.0,2.857142857142857
925.3990746,3.6840809428767063,4.690813234372765,68641.0,2.8703703703703702
925.5990744,3.8830857059211006,4.495685678477263,68315.0,2.8703703703703702
925.7990742,2.826411729450803,2.0391785332171337,68409.0,2.857142857142857
925.999074,6.4697384806973846,15.049365056128932,68255.0,2.9665071770334928
926.1990738,11.780924185866906,16.506836019638097,69921.0,3.0097087378640777
926.3990736,5.29683766071926,17.75816690759218,68209.0,3.1
926.5990734,3.628665558589576,14.073112215891046,67384.0,3.1
926.7990732,,299.92530471601907,23700.0,4.21875
926.999073,,294.36120178592034,67853.0,3.0693069306930694
927.1990728,2.299882075471698,1.8789414398539608,67840.0,3.0541871921182264
927.3990726,2.337200537960185,2.5726089409725073,67663.0,3.0541871921182264
927.5990724,,300.71488822149837,23641.0,4.21875
927.7990722,,294.2380071843655,68426.0,3.084577114427861
927.999072,2.5518632319319656,2.3318903003670117,68671.0,3.1
928.1990718,2.4439723767392287,1.8557073391722503,68493.0,3.1
928.3990716,5.599315262294154,24.801591301831817,70684.0,3.084577114427861
928.5990714,11.283380289107138,55.5503081945691,75958.0,2.938388625592417
928.7990712,7.234621019150312,6.882831841605833,75769.0,2.9523809523809526
928.999071,6.004415668501133,15.61140403188583,77225.0,2.938388625592417
929.1990708,,356.4373497916724,32671.0,4.488372093023256
929.3990706,,370.17731962020224,76036.0,3.0541871921182264
929.5990704,4.686829308049662,14.159549454578391,73618.0,3.1472081218274113
929.7990702,6.741174737518748,32.38125353458457,74672.0,3.1472081218274113
929.99907,7.731011235955056,28.23700341965275,75650.0,3.0693069306930694
930.1990698,8.137799217256758,17.860150313341848,76909.0,2.938388625592417
930.3990696,10.276972157772622,40.95505146280993,79304.0,2.4701195219123506
930.5990694,13.009060748485686,50.4048598788225,79574.0,2.1602787456445993
930.7990692,5.560047065968268,13.266872711609949,79038.0,2.1602787456445993
930.999069,3.379200345686544,7.5848391364957415,78684.0,2.1602787456445993
931.1990688,7.97135791733471,53.832355979920656,73598.0,2.1602787456445993
931.3990686,6.113501514749613,12.747049151260331,71629.0,2.1602787456445993
931.5990684,4.151241281558303,5.9161886278855516,71257.0,2.1602787456445993
931.7990682,3.1205522426023795,5.1932131087512685,70766.0,2.1602787456445993
931.999068,12.52008001014213,34.73841299779702,70991.0,2.1602787456445993
932.1990678,5.789150105473521,7.1656271865738494,72056.0,2.1602787456445993
932.3990676,4.6981607351430466,22.077518302177374,71061.0,2.1602787456445993
932.5990674,3.1099425979732125,6.370947705215376,70555.0,2.1602787456445993
932.7990672,7.37569325187917,11.870074621981837,71042.0,2.1602787456445993
932.999067,7.089651099017002,21.846916634346215,71109.0,2.1602787456445993
933.1990668,4.804707236288104,10.159539846796182,71252.0,2.1602787456445993
933.3990666,4.492543414524132,10.990598487390969,70944.0,2.1602787456445993
933.5990664,4.390132384181427,10.356829633002521,71081.0,2.1602787456445993
933.7990662,4.353956270222571,9.741977255653854,71393.0,2.1602787456445993
933.999066,3.8106459313444923,6.614272399333302,71633.0,2.1602787456445993
934.1990658,3.732201693289402,6.10017995750439,71931.0,2.1602787456445993
934.3990656,5.975026604198626,12.803801957939486,72357.0,2.1602787456445993
934.5990654,5.254449089280382,78.59934099615283,66980.0,2.6724137931034484
934.7990652,7.0726804737249305,10.64161588992644,67212.0,2.7927927927927927
934.999065,4.22634293584972,4.9261731676823,68246.0,2.8181818181818183
935.1990648,2.6725972440258157,3.252917448492023,68796.0,2.7927927927927927
935.3990646,2.5055355943095843,3.0103103381121725,68466.0,2.8310502283105023
935.5990644,2.6969763333479335,0.9976547856518472,68493.0,2.857142857142857
935.7990642,2.5158294086865514,1.8678337463011554,68796.0,2.857142857142857
935.999064,3.7760953422764696,5.053526267403415,69476.0,2.897196261682243
936.1990638,2.713085062210959,4.084492361486877,69843.0,2.9107981220657275
936.3990636,2.2677145102521967,2.138336865799706,69985.0,2.883720930232558
936.5990634,3.3180969621542116,5.86206473953468,70708.0,2.883720930232558
936.7990632,9.169887356100514,42.24296744781366,72707.0,2.980769230769231
936.999063,9.310725595866437,62.27231676018583,71996.0,2.9665071770334928
937.1990628,5.1137657569803965,14.074315540889414,69731.0,3.084577114427861
937.3990626,8.638773605227257,40.16654476944528,69635.0,2.8703703703703702
937.5990624,4.82263687919915,19.15993782927732,66829.0,2.767857142857143
937.7990622,4.957458224743216,24.814750878772834,65230.0,2.8703703703703702
937.999062,4.210267034990792,1.7644883546211008,65160.0,2.8440366972477062
938.1990618,3.247699657444815,1.9772047390697474,65099.0,2.857142857142857
938.3990616,3.5348716301971037,8.573487217473366,65397.0,2.857142857142857
938.5990614,2.6265481056677444,1.8962969304945179,65564.0,2.857142857142857
938.7990612,2.634911170229031,0.7524383408934332,65406.0,2.857142857142857
938.999061,2.676880095959673,9.43644168958733,65861.0,2.8054298642533935
939.1990608,2.2227968208930178,4.303604482840169,65553.0,2.8054298642533935
939.3990606,4.276611283549388,2.193194184420543,65724.0,2.780269058295964
939.5990604,6.24701072756893,27.02628838958536,65066.0,2.857142857142857
939.7990602,8.594639071325851,27.569163574488993,67451.0,2.883720930232558
939.99906,4.354606413994169,6.154132521111666,68600.0,2.938388625592417
940.1990598,,414.4540573501341,25279.0,4.0
940.3990596,13.50134830630564,16.219953693787957,27071.0,3.858156028368794
940.5990594,5.3763774104683195,23.876221330794166,26136.0,3.920289855072464
940.7990592,4.091600683123739,3.638497877769352,25764.0,3.9416058394160585
940.999059,3.9427737115552355,10.188751371776165,26369.0,3.884892086330935
941.1990588,3.5973333333333333,9.389462899454063,26250.0,3.884892086330935
941.3990586,3.524063962558502,7.668124590489746,25640.0,3.9416058394160585
941.5990584,6.024346770829383,16.33426640143672,26369.0,3.9416058394160585
941.7990582,6.1555020264586675,33.17699382638001,26154.0,3.8297872340425534
941.999058,5.132002774138861,8.072837288326735,25954.0,3.9416058394160585
942.1990578,3.693274116752691,16.54989859647287,24993.0,4.029850746268656
942.3990576,5.934643675388882,19.35868229899544,24879.0,4.014814814814815
942.5990574,6.293053311793215,17.195952346598776,24760.0,4.090909090909091
942.7990572,5.807923608289313,7.123207155952386,24610.0,4.029850746268656
942.999057,10.599939942194363,24.09996863277789,26641.0,3.9705882352941178
943.1990568,5.490250177100034,31.84641692422607,26821.0,3.8028169014084505
943.3990566,4.769069172300523,9.235697039711594,26181.0,3.7762237762237763
943.5990564,12.510962891992483,39.371805399934544,27137.0,3.963235294117647
943.7990562,13.83335092348285,85.13454435599024,28425.0,3.9925925925925925
943.999056,3.362633855754911,3.9474430915275227,28202.0,4.014925373134329
944.1990558,2.4726191314140915,3.886736660151234,28414.0,4.0
944.3990556,5.586637622953609,15.17621165528627,29381.0,3.870503597122302
944.5990554,9.323643847069038,48.6446619458285,31099.0,3.985074626865672
944.7990552,12.251334801363457,42.971484730084214,33151.0,3.9197080291970803
944.999055,7.968399746231231,34.85301457289761,33101.0,3.842857142857143
945.1990548,6.1146044264449895,48.65387610566102,28149.0,4.186046511627907
945.3990546,3.5764504144041154,12.57008711826453,27992.0,4.21875
945.5990544,2.493411473500291,2.267626298925274,27472.0,4.1875
945.7990542,2.339062670696624,3.592542201655251,27461.0,4.203125
945.999054,5.037982387055202,23.778333295310855,27934.0,4.068181818181818
946.1990538,,374.4251976938554,74196.0,2.8054298642533935
946.3990536,3.501296216710798,12.005709346578643,72133.0,2.8310502283105023
946.5990534,2.551439636302408,7.435795870237708,71268.0,2.8703703703703702
946.7990532,2.4764788534494873,4.969390326310215,71170.0,2.857142857142857
946.999053,5.434025292293009,18.47275162011988,71247.0,2.897196261682243
947.1990528,7.8107962173836905,59.14452117307201,68524.0,2.857142857142857
947.3990526,5.162808189298555,15.75155867727456,66477.0,2.883720930232558
947.5990524,4.382152660873258,12.612411476608484,65937.0,2.9107981220657275
947.7990522,4.54559774374053,5.530576093637417,66659.0,2.857142857142857
947.999052,4.661814608380549,12.652828176816007,65127.0,2.9245283018867925
948.1990518,,438.61410600034526,14950.0,1.2266666666666666
948.3990516,,433.3814044806112,65182.0,2.56198347107438
948.5990514,6.949738364087028,9.674629562227178,65358.0,2.743362831858407
948.7990512,,505.3798840492267,29431.0,2.511737089201878
948.999051,,396.2689714157658,72522.0,2.1602787456445993
949.1990508,7.084853963838665,28.713879783575738,71900.0,2.1602787456445993
949.3990505999999,3.592373858788544,9.63180397589818,71963.0,2.1602787456445993
949.5990503999999,12.160173522478415,47.554862669046145,71691.0,2.1602787456445993
949.7990501999999,,554.2366067846283,25481.0,0.7370892018779343
949.9990499999999,,616.2414474318463,66470.0,2.5726141078838176
950.1990497999999,7.822115837388165,51.20768992216057,63710.0,2.8440366972477062
950.3990495999999,,356.3851377449393,22755.0,3.6
950.5990493999999,11.606520996927278,11.68170885686484,23432.0,3.1964285714285716
950.7990491999999,11.197144799456153,47.49178992794373,23536.0,3.696551724137931
950.9990489999999,4.632030149921312,3.3392103353107823,24146.0,3.556291390728477
951.1990487999999,4.871593878312804,24.4275850654921,24111.0,3.3710691823899372
951.3990485999999,5.124591138864109,7.706442726912982,23541.0,3.34375
951.5990483999999,3.8739591218773657,4.729783965633846,23778.0,3.464516129032258
951.7990481999999,,306.21595239691726,68562.0,2.9245283018867925
951.9990479999999,,302.3632482278998,23674.0,3.8633093525179856
952.1990477999999,3.1914171825968958,11.282518208345492,23582.0,3.762237762237762
952.3990475999999,,301.0280773934875,68558.0,2.9107981220657275
952.5990473999999,,348.3452851817334,25993.0,3.35625
952.7990471999999,,340.86820899693174,69081.0,2.7312775330396475
952.9990469999999,2.278308540185258,3.9840843719576675,68769.0,2.743362831858407
953.1990467999999,2.141269657053328,0.40565613546062845,68932.0,2.743362831858407
953.3990465999999,2.457822052481013,3.885060898640654,68863.0,2.767857142857143
953.5990463999999,,309.89925537101755,24215.0,3.58
953.7990461999999,,306.4459285596557,69504.0,2.8054298642533935
953.9990459999999,,405.0766762429218,27340.0,3.8297872340425534
954.1990457999999,7.697248357891,50.46621998167174,28165.0,3.8642857142857143
954.3990455999999,3.4048711740685866,20.87385863524098,27673.0,3.8085106382978724
954.5990453999999,3.69900787861103,37.87915994658151,27416.0,3.7816901408450705
954.7990451999999,5.3699663252420375,36.37908732528204,28508.0,2.8263157894736843
954.9990449999999,4.600246676716459,4.470804958292767,29188.0,2.9239130434782608
955.1990447999999,8.945311974153597,64.57301525637563,29714.0,2.8186528497409324
955.3990445999999,8.000375951627557,54.993088056819204,31919.0,3.1587301587301586
955.5990443999999,,324.3915434289272,78225.0,2.857142857142857
955.7990441999999,3.235672187785794,5.636131280670951,78728.0,2.8181818181818183
955.9990439999999,,375.8958285521979,32902.0,4.145833333333333
956.1990437999999,,394.8257174653878,77864.0,2.8440366972477062
956.3990435999999,4.204580402833447,11.174331820223868,79338.0,2.8181818181818183
956.5990433999999,3.273176446617767,16.42402325125914,78528.0,2.8054298642533935
956.7990431999999,2.354010161379081,3.7457111231895337,78139.0,2.8310502283105023
956.9990429999999,2.3584874186801486,6.433831410728204,77933.0,2.8310502283105023
957.1990427999999,4.458645283066672,16.139150880223383,78939.0,2.8310502283105023
957.3990425999999,,380.803179902293,33534.0,4.201438848920863
957.5990423999999,2.2951207108026446,1.9326716553773087,33427.0,4.231884057971015
957.7990421999999,,391.7598075180084,76902.0,2.8703703703703702
957.9990419999999,3.575158269240831,6.939246980038317,76452.0,2.857142857142857
958.1990417999999,,378.94735167533986,31496.0,4.107142857142857
958.3990415999999,,392.391134059667,76552.0,2.883720930232558
958.5990413999999,,351.7348653121799,34409.0,4.138888888888889
958.7990411999999,,146.1569092589325,22798.0,3.0258620689655173
958.9990409999999,,148.92647615058553,30950.0,4.350364963503649
959.1990407999999,6.632691662344794,41.92447183777367,32779.0,4.294964028776978
959.3990405999999,4.50099825305715,10.316563544773372,32056.0,4.034965034965035
959.5990403999999,4.197555802444198,64.63841758653857,29703.0,4.0583941605839415
959.7990401999999,3.223641949448401,34.549240197248295,28644.0,4.036496350364963
959.9990399999999,2.9015769244584937,12.925500395787608,27839.0,4.059259259259259
960.1990397999999,4.323142204330323,37.87390640854119,27573.0,4.112781954887218
960.3990395999999,4.494611117000601,32.900363870608984,28299.0,4.112781954887218
960.5990393999999,9.292294918631685,70.9179126298827,30110.0,4.079710144927536
960.7990391999999,3.287599216575611,15.202080703070477,29103.0,4.2164179104477615
960.9990389999999,4.2678475756764,7.992736248817572,29864.0,4.110294117647059
961.1990387999999,2.50790373354094,3.0877210828574984,29543.0,4.140740740740741
961.3990385999999,6.9729756065871955,52.73134393808226,30787.0,4.357664233576642
961.5990383999999,,376.4960922730804,75009.0,3.0097087378640777
961.7990381999999,2.4690880989180837,4.637512312808047,75052.0,3.0097087378640777
961.9990379999999,,384.9011144126046,30466.0,4.590909090909091
962.1990377999999,11.70052678660173,65.30893869668593,30183.0,3.7655172413793103
962.3990375999999,3.8251271617497458,27.308017654177032,29490.0,3.816901408450704
962.5990373999999,2.860466693800027,12.306356209918192,29484.0,3.816901408450704
962.7990371999999,4.579287155346335,33.863462198297526,29740.0,3.859154929577465
962.9990369999999,2.7483296961557833,6.462273583368617,29785.0,3.8732394366197185
963.1990367999999,4.545371518037706,22.890964815579228,30658.0,3.8402777777777777
963.3990365999999,2.9764013771434303,27.014216252700844,29917.0,3.921985815602837
963.5990363999999,2.966861857865318,13.095953551371222,30056.0,3.9642857142857144
963.7990361999999,5.261504594849575,57.89807344051957,28619.0,3.795774647887324
963.9990359999999,4.78544101279911,22.67029795052048,28752.0,3.762237762237762
964.1990357999999,3.903846828207736,6.950161953768658,28517.0,3.7222222222222223
964.3990355999999,10.49692789023333,60.76414085141954,26529.0,3.6283783783783785
964.5990353999999,,412.7894880483977,69340.0,2.719298245614035
964.7990351999999,5.939099553885889,7.043155517111801,68144.0,2.2142857142857144
964.9990349999999,3.876255056604872,13.1424152335193,68722.0,2.1602787456445993
965.1990347999999,2.9077649203805267,9.709946206908306,68011.0,2.1602787456445993
965.3990345999999,2.1468453541736925,1.1171748492936062,68201.0,2.1602787456445993
965.5990343999999,2.0836972770173228,1.9189195656923492,68234.0,2.1602787456445993
965.7990341999999,,6.742249819102976,69312.0,2.1527777777777777
965.9990339999999,,5.740651140594782,69902.0,2.1602787456445993
966.1990337999999,6.8623656217773945,10.465497812171302,70789.0,2.2794117647058822
966.3990335999999,3.8763905007217865,8.093359018891022,70658.0,2.1602787456445993
966.5990333999999,4.9074148020654045,17.773920663975012,72625.0,2.1602787456445993
966.7990331999999,3.874090670599413,16.743566654616355,70519.0,2.1602787456445993
966.9990329999999,4.5960649768939925,16.52892804413548,71410.0,2.1602787456445993
967.1990327999999,,426.1266881810126,26277.0,2.539906103286385
967.3990325999999,,431.5973551258796,75160.0,2.2794117647058822
967.5990323999999,2.836416292974589,9.494569513246121,74928.0,2.1602787456445993
967.7990321999999,2.2234078115180447,5.82787062950624,74787.0,2.1602787456445993
967.9990319999999,2.959730816622209,1.4908521426024874,73853.0,2.1602787456445993
968.1990318,6.8466459291317285,8.433075921629634,73940.0,2.271062271062271
968.3990316,3.9070534127447125,3.2118123223047057,73709.0,2.1908127208480566
968.5990314,3.555468422547018,5.705803981863298,73961.0,2.1908127208480566
968.7990312,3.135060698433071,4.814914749443053,74796.0,2.1602787456445993
968.999031,,388.91566740672215,29531.0,2.699530516431925
969.1990308,7.361136417316192,50.309737679552335,29637.0,2.6854460093896715
969.3990306,,384.7759448183914,72798.0,2.2878228782287824
969.5990304,5.854916332457475,22.399800835634196,72310.0,2.4313725490196076
969.7990302,9.227608117938745,89.64639065413985,67357.0,2.1602787456445993
969.99903,5.373592534992224,33.58366021549127,64300.0,3.0392156862745097
970.1990298,6.022061432604637,11.340220446288921,64819.0,2.857142857142857
970.3990296,12.959249077727293,36.283384308418476,70207.0,2.4313725490196076
970.5990294,,332.64015393773127,27950.0,3.5231788079470197
970.7990292,,333.26439073668934,71005.0,2.8440366972477062
970.999029,2.6287225398092575,8.811767663650356,70147.0,2.9107981220657275
971.1990288,,292.1954397332661,25315.0,3.7552447552447554
971.3990286,5.607903464258601,12.727020668087869,25027.0,3.856115107913669
971.5990284,,280.76210668185576,70289.0,2.8703703703703702
971.7990282,,308.03806704065664,26697.0,3.8156028368794326
971.999028,23.416826062812365,193.68136164465275,32414.0,3.6
972.1990278,,174.00417122833503,30148.0,1.4294117647058824
972.3990276,,121.83436499380029,33717.0,1.3930348258706469
972.5990274,,480.42354129738203,82966.0,2.1602787456445993
972.7990272,14.257801313385672,92.53447370798321,81012.0,2.5833333333333335
972.999027,,260.5358457935377,30796.0,3.464516129032258
973.1990268,3.53957073559705,21.27976731355717,30098.0,3.5364238410596025
973.3990266,,300.48396530941744,75384.0,2.7312775330396475
973.5990264,,308.5774366929262,30493.0,3.4358974358974357
973.7990262,3.6063024211348433,12.347255075790825,29449.0,3.5364238410596025
973.999026,,18.25891676842719,29175.0,3.48
974.1990258,,24.131339403896416,31492.0,3.268292682926829
974.3990256,5.729214632898439,37.07221577886104,31272.0,3.1597633136094676
974.5990254,4.988834681248158,37.73026881948185,30541.0,3.146198830409357
974.7990252,5.372128637059724,32.052228967710306,30691.0,3.1775147928994083
974.999025,3.8889078731547295,25.54944016605783,29264.0,3.2606060606060607
975.1990248,6.644864357914481,32.79507226894267,28789.0,3.3625
975.3990246,5.520165566312045,26.021869694387494,29233.0,3.35
975.5990244,,309.1254842892544,74197.0,2.7074235807860263
975.7990242,,307.183190183945,29083.0,3.3734177215189876
975.999024,6.859450279019791,29.58097092874791,28851.0,3.6530612244897958
976.1990238,21.9558550968829,184.9449044932997,29675.0,3.906474820143885
976.3990236,11.514523340524654,83.96756420131267,31983.0,3.7823129251700682
976.5990234,,106.8121445886428,23689.0,2.217741935483871
976.7990232,,86.70666644261708,32319.0,3.882758620689655
976.999023,8.91674191800614,55.00465214862123,33222.0,3.827814569536424
977.1990228,4.690717520564404,28.38209744869024,32459.0,3.8835616438356166
977.3990226,,239.05389455553447,22406.0,2.0078740157480315
977.5990224,,574.6310420625005,74293.0,2.7555555555555555
977.7990222,,16.77397732696101,72809.0,2.7927927927927927
977.999022,,623.1831965083251,25053.0,1.75
978.1990218,,620.8037834499972,72484.0,2.8310502283105023
978.3990216,,20.733835157980174,70226.0,2.938388625592417
978.5990214,4.356400662113478,17.113923168614956,71891.0,2.8310502283105023
978.7990212,2.6221637665461603,7.651687941633207,71089.0,2.883720930232558
978.999021,,642.9639724608401,21386.0,1.4265734265734267
979.1990208,,674.7049583503549,68153.0,2.938388625592417
979.3990206,3.8691534161583765,14.028153063225282,66727.0,2.9523809523809526
979.5990204,,462.3841944780159,19777.0,4.119402985074627
979.7990202,9.258267179662008,36.25400154435893,20533.0,4.102189781021898
979.99902,4.0612709483677225,4.772135729830638,20646.0,4.007142857142857
980.1990198,4.258627374951532,16.480265473728934,20632.0,4.050724637681159
980.3990196,9.124376971969454,11.867228054569612,21869.0,4.065693430656935
980.5990194,13.019719525350594,44.21330444461724,23175.0,3.859154929577465
980.7990192,12.424565620149217,233.07577592734305,19971.0,1.4
980.999019,24.749003672735796,134.83630901366536,25594.0,1.07981220657277
981.1990188,14.151606566577803,49.38394326834188,28508.0,1.2112676056338028
981.3990186,6.978249401452746,17.24036674364234,24643.0,1.0140845070422535
981.5990184,,730.2181157984922,71631.0,2.1602787456445993
981.7990182,7.523779540779919,22.636414057062854,71469.0,2.1602787456445993
981.999018,9.904634692713334,21.088277981699243,71871.0,2.1602787456445993
982.1990178,,635.9090644043314,29563.0,1.1220657276995305
982.3990176,13.305430991529645,57.35108943436527,30105.0,1.1267605633802817
982.5990174,20.281084405753216,212.01184502887398,21136.0,1.3354037267080745
982.7990172,,560.3323323467222,66946.0,2.857142857142857
982.999017,6.236973116495188,14.01204355044223,66286.0,2.8703703703703702
983.1990168,4.546392226581657,7.704169771672914,65248.0,2.9107981220657275
983.3990166,,374.4591656704544,21513.0,3.8992805755395685
983.5990164,,384.52907715558024,64697.0,2.9107981220657275
983.7990162,,355.3418344390485,21543.0,3.8297872340425534
983.999016,9.943251322143022,19.572873068825512,21745.0,3.884892086330935
984.1990158,10.707778394376618,33.1585662447896,21624.0,3.9416058394160585
984.3990156,4.247993654348638,9.768912058383894,21432.0,3.9562043795620436
984.5990154,9.740018041114752,15.739919730632824,21063.0,3.948905109489051
984.7990152,6.687696246558137,5.227733157057069,20701.0,3.9562043795620436
984.999015,12.586450960566228,19.79904295555852,20769.0,3.9779411764705883
985.1990148,22.80677535464747,42.819347181762716,23615.0,3.857142857142857
985.3990146,40.08877372459281,205.560689083721,29716.0,1.4772727272727273
985.5990144,,439.03416425516866,79213.0,2.375478927203065
985.7990142,12.990093472876888,92.95178028828438,75102.0,2.9107981220657275
985.999014,13.269843475624391,57.82384089484498,79157.0,2.6495726495726495
986.1990138,15.017439641794082,57.821343022877215,78614.0,2.1602787456445993
986.3990136,7.156114097404176,46.03585158148188,74042.0,2.1602787456445993
986.5990134,4.046396661344985,27.764672323656956,71406.0,2.1602787456445993
986.7990132,3.404394675681386,10.804053768650194,70995.0,2.1602787456445993
986.999013,4.871168407126974,7.995379966291686,71054.0,2.1602787456445993
987.1990128,17.861539093073535,75.54912443413626,73082.0,2.1602787456445993
987.3990126,18.205872270857505,93.8422475120611,75848.0,2.551440329218107
987.5990124,4.9874352150161085,50.64169323938224,71390.0,2.7927927927927927
987.7990122,3.694984033132992,9.020507064860602,71711.0,2.7927927927927927
987.999012,5.699836338497136,28.653673509793514,70878.0,2.9107981220657275
988.1990118,,394.23547151441613,24811.0,4.022222222222222
988.3990116,2.2852510841810885,4.047693915355023,24673.0,4.037313432835821
988.5990114,,398.5892312986575,69959.0,2.9665071770334928
988.7990112,,404.6172956628506,24739.0,4.007352941176471
988.999011,5.537078162421076,154.63956413231853,22965.0,1.6838235294117647
989.1990108,3.278155800239185,160.2259718685673,24249.0,4.022222222222222
989.3990106,8.659912718204488,165.0756929483525,22456.0,1.5416666666666667
989.5990104,9.592574964302713,291.3563528615052,21010.0,3.593103448275862
989.7990102,,383.592124521523,67573.0,2.9523809523809526
989.99901,,366.1518195881885,24447.0,4.083333333333333
990.1990098,,298.868284898981,72819.0,2.883720930232558
990.3990096,6.601210490921318,28.669357195825963,71376.0,3.0392156862745097
990.5990094,3.4083362472900203,3.2517454601452758,71495.0,3.0392156862745097
990.7990092,4.630042226914101,3.8358392845003753,71992.0,3.0097087378640777
990.999009,3.958669707441971,4.131920430557995,71473.0,3.0392156862745097
991.1990088,,371.73422853884273,26479.0,4.244274809160306
991.3990086,3.0260249688831893,4.786946226319794,26513.0,4.259541984732825
991.5990084,11.975049022922443,78.72339571585556,29578.0,4.404580152671755
991.7990082,5.176865758078839,101.33086828036826,25901.0,4.106870229007634
991.999008,5.136206437882415,14.174276684837036,26313.0,4.0
992.1990078,5.965909090909091,37.6230106338287,26400.0,3.9338235294117645
992.3990076,9.067115334837112,49.959543783847515,27043.0,3.7241379310344827
992.5990074,6.443502509760179,21.277775537621643,26895.0,3.7083333333333335
992.7990072,2.9266198282591724,7.169271006967208,26901.0,3.8085106382978724
992.999007,3.0521089958939904,13.066439214273386,26790.0,3.7552447552447554
993.1990068,,334.2550546897773,72647.0,2.8310502283105023
993.3990066,2.5773396970325795,6.227941923526981,72285.0,2.8310502283105023
993.5990063999999,5.462748797025371,23.48453717574295,73152.0,2.897196261682243
993.7990061999999,,323.1104611981754,26090.0,4.007462686567164
993.9990059999999,6.159363560581349,28.733425493387873,27591.0,3.927007299270073
994.1990057999999,4.025692787667462,30.011623464323673,27245.0,3.934306569343066
994.3990055999999,3.238234303043918,11.47537280859316,26709.0,3.9925925925925925
994.5990053999999,,306.73999735493925,74138.0,3.024390243902439
994.7990051999999,7.397561401975352,21.062873149712868,68646.0,3.024390243902439
994.9990049999999,7.736185998360868,35.17148805018543,69549.0,3.0392156862745097
995.1990047999999,5.313841872089061,15.364228876103343,70424.0,2.938388625592417
995.3990045999999,5.289653798540063,18.80739189893139,70277.0,2.883720930232558
995.5990043999999,3.1314311905580383,5.822605644824802,69816.0,2.9523809523809526
995.7990041999999,3.466884908438523,3.596792454213513,69953.0,2.938388625592417
995.9990039999999,3.754496902371288,5.340103438037557,70215.0,2.938388625592417
996.1990037999999,5.505240763066449,14.097192710104794,70505.0,2.857142857142857
996.3990035999999,5.350427701924659,32.52138367673194,72948.0,2.897196261682243
996.5990033999999,2.9466832848635924,7.531355919988543,72210.0,2.995169082125604
996.7990031999999,6.608567966355406,41.18638098890303,70145.0,2.9523809523809526
996.9990029999999,,354.0828622084621,22847.0,3.7832167832167833
997.1990027999999,,412.1309924605083,63866.0,2.938388625592417
997.3990025999999,3.946103683874683,7.0270266454630095,64253.0,2.938388625592417
997.5990023999999,4.176816280841405,3.7654890048571796,64321.0,2.9523809523809526
997.7990021999999,2.7494732602094567,4.393364328861413,64548.0,2.9107981220657275
997.9990019999999,2.9472974439260304,1.5841346647667196,64513.0,2.897196261682243
998.1990017999999,5.762168057806796,19.42846387045111,66013.0,2.8440366972477062
998.3990015999999,,348.4633636539207,22255.0,4.007407407407407
998.5990013999999,21.230889970177365,51.30554379387266,25484.0,3.6283783783783785
998.7990011999999,11.617540559604985,250.45753696422844,21265.0,1.7313432835820894
998.9990009999999,7.388774646183622,218.43689830233023,24801.0,4.0
999.1990007999999,10.619407907500097,37.3341791086217,25773.0,3.9416058394160585
999.3990005999999,4.565299549065922,14.973753162523112,23285.0,4.122137404580153
999.5990003999999,6.261094611794654,24.854383063592266,23570.0,4.090909090909091
999.7990001999999,9.170954220432318,31.625651212507353,24334.0,4.090909090909091
999.9989999999999,20.627716849451645,134.85756332024673,25075.0,1.9389312977099236
1000.1989997999999,12.859057427363252,99.39357942966099,29324.0,3.8633093525179856
1000.3989995999999,15.329396325459317,61.581297962816286,32766.0,3.6953642384105962
1000.5989993999999,9.515246309907065,25.10597410866006,32926.0,3.8874172185430464
1000.7989991999999,,99.98860233091526,23298.0,2.048
1000.9989989999999,,155.64010099494593,28215.0,3.9558823529411766
1001.1989987999999,8.409063950040121,34.476627237847104,28663.0,3.841726618705036
1001.3989985999999,6.449827109266943,53.531275560880715,28920.0,3.797202797202797
1001.5989983999999,7.6716596570689095,21.263127504046384,30910.0,3.615894039735099
1001.7989981999999,6.528256736379729,51.15126778341079,30506.0,3.6490066225165565
1001.9989979999999,3.468901829709521,77.21742280169164,29021.0,2.7697368421052633
1002.1989977999999,5.052057956148224,55.645026982831745,31196.0,3.551282051282051
1002.3989975999999,8.030467753842023,93.28825009498932,29802.0,3.7567567567567566
1002.5989973999999,8.36072081890009,128.2742960217999,25693.0,3.741007194244604
1002.7989971999999,6.733144431937275,32.9048821987983,25763.0,3.4965034965034967
1002.9989969999999,4.099023109695744,22.37550618674387,23237.0,3.661764705882353
1003.1989967999999,4.0595011379999075,34.602561991448674,21529.0,3.9453125
1003.3989965999999,4.033001500068185,10.72245872377257,21999.0,3.946564885496183
1003.5989963999999,4.696019189076987,22.64336220062352,21679.0,3.7518796992481205
1003.7989961999999,3.692136531529527,7.011488568495313,22471.0,3.639705882352941
1003.9989959999999,4.894224585173434,25.79819433583467,23323.0,3.5785714285714287
1004.1989957999999,,174.33588274431028,18633.0,1.4765625
1004.3989955999999,,132.05587378704396,25121.0,3.6575342465753424
1004.5989953999999,18.808489979804257,208.12177739521968,25748.0,1.2242424242424241
1004.7989951999999,4.951728271728272,39.6765869861925,25025.0,1.3024691358024691
1004.9989949999999,3.496485135936309,6.648623222583914,23614.0,1.3048780487804879
1005.1989947999999,15.349769526789867,95.42276710830504,23647.0,1.2934131736526946
1005.3989945999999,4.907749230897148,16.8755557392188,24054.0,1.263157894736842
1005.5989943999999,4.320957682809426,11.640971640180782,23891.0,1.2544378698224852
1005.7989941999999,2.202527924750147,3.0278610733939044,23814.0,1.2916666666666667
1005.9989939999999,3.8837393295856755,9.520074823224036,24015.0,1.263157894736842
1006.1989937999999,6.364132584447433,13.268516528848396,25282.0,1.244186046511628
1006.3989935999999,5.872089460784314,20.25633404307334,26112.0,1.2383720930232558
1006.5989933999999,5.1340507506310615,42.16067969025185,22581.0,1.3459119496855345
1006.7989931999999,13.301302297408386,50.615286502549054,23113.0,1.2071005917159763
1006.9989929999999,22.975397973950795,251.84315436928443,26949.0,3.40625
1007.1989927999999,14.507490499853844,45.897396604935196,27368.0,3.6577181208053693
1007.3989925999999,17.76541987414955,19.194847523190877,31307.0,3.4838709677419355
1007.5989923999999,7.382434595159552,15.87227190724701,30617.0,3.6486486486486487
1007.7989921999999,10.212794177662904,15.867822861334625,29404.0,3.5526315789473686
1007.9989919999999,4.969577002639276,34.30267631566258,28038.0,3.6986301369863015
1008.1989917999999,4.996473645137343,18.03571796336179,26940.0,3.75
1008.3989915999999,5.492894859450225,27.7181252025584,25756.0,3.8028169014084505
1008.5989913999999,10.975448318325252,9.813596605238349,25986.0,3.9130434782608696
1008.7989911999999,,39.17688211134093,29977.0,3.921985815602837
1008.9989909999999,,160.52064660808122,31199.0,3.9858156028368796
1009.1989907999999,5.639979953642799,6.216507880961144,31926.0,4.071942446043166
1009.3989905999999,4.195336093900806,11.019028652160227,32119.0,4.287769784172662
1009.5989903999999,,319.31786098529625,79621.0,2.767857142857143
1009.7989901999999,,10.83200059790004,77925.0,2.767857142857143
1009.9989899999999,,477.82297268164655,28400.0,2.1780821917808217
1010.1989897999999,3.242836573074154,13.639926968666758,27780.0,2.1458333333333335
1010.3989895999999,,60.197629344457894,21720.0,2.1557377049180326
1010.5989893999999,8.485214348206474,54.636739483842895,22860.0,2.2439024390243905
1010.7989891999999,,80.12316535622828,28025.0,2.210144927536232
1010.9989889999999,7.494287411341323,49.57785844030097,28621.0,2.035211267605634
1011.1989887999999,4.435172707284204,20.309356660694377,28198.0,2.139705882352941
1011.3989885999999,3.771112688155978,24.02194264618875,26773.0,2.236641221374046
1011.5989883999999,,66.20224183889323,20423.0,2.481818181818182
1011.7989881999999,,40.553235926427526,28469.0,2.116788321167883
1011.9989879999999,,185.63207937063873,32647.0,4.204225352112676
1012.1989877999999,,167.20512386873122,27426.0,2.079710144927536
1012.3989875999999,13.844774556638964,66.18816410166335,30562.0,1.971830985915493
1012.5989873999999,25.02932137481184,107.43170670996558,31888.0,1.217616580310881
1012.7989871999999,31.792271050463807,142.20432715477256,27921.0,1.0140845070422535
1012.9989869999999,11.817915967832107,86.36788045130018,23253.0,0.9953051643192489
1013.1989868,7.7823331934536295,17.102724987486873,23830.0,1.0046948356807512
1013.3989866,36.213694670280034,158.4751539290894,27675.0,1.0
1013.5989864,15.552962873867372,97.89224222754956,24942.0,1.051643192488263
1013.7989862,,588.0019610694771,70030.0,2.6050420168067228
1013.998986,,318.36732273263357,24426.0,3.6486486486486487
1014.1989858,4.220965058236273,15.27304314324741,24040.0,3.7762237762237763
1014.3989856,6.793782470253059,6.451585371679043,23868.0,3.7746478873239435
1014.5989854,,332.7427411817014,67327.0,2.9665071770334928
1014.7989852,,317.3179757342161,22616.0,4.122137404580153
1014.998985,8.371684215283112,23.35311972735883,22129.0,3.9705882352941178
1015.1989848,10.319586255882092,32.5864314180115,22526.0,3.8028169014084505
1015.3989846,,317.8802172024658,67108.0,2.857142857142857
1015.5989844,,308.3798435122469,22310.0,3.884892086330935
1015.7989842,,308.92357759756146,67212.0,2.9665071770334928
1015.998984,,314.0631102929686,22706.0,3.963235294117647
1016.1989838,6.546202701493873,16.982564970420658,22358.0,4.06015037593985
1016.3989836,4.40220934444042,4.703021385942087,22088.0,4.06015037593985
1016.5989834,7.94761450814835,16.208000333681404,22029.0,4.052631578947368
1016.7989832,4.7586684519137545,3.6959689473872577,21659.0,4.06015037593985
1016.998983,,303.2376068862167,66189.0,3.0097087378640777
1017.1989828,,304.91527026905356,21888.0,4.090909090909091
1017.3989826,3.81652885010736,10.988906630324422,21889.0,4.06015037593985
1017.5989824,7.701804194523308,4.4896993098523765,21838.0,4.029850746268656
1017.7989822,5.676065363665492,8.585496518591295,21847.0,3.9705882352941178
1017.998982,3.5365887082039102,3.0454099516723283,21892.0,3.9416058394160585
1018.1989818,6.199010724852071,10.168604615509718,21632.0,4.0
1018.3989816,6.414032028633048,15.930043907273904,21793.0,4.0
1018.5989814,5.255948819441248,1.7485249995283254,21727.0,4.029850746268656
1018.7989812,4.1731326798288,5.296895412266892,21729.0,4.090909090909091
1018.998981,7.494916596980767,21.754507795082198,22721.0,3.884892086330935
1019.1989808,10.680041060430241,34.690230317561955,22406.0,4.090909090909091
1019.3989806,11.797973346957892,46.0529549468226,23487.0,4.029850746268656
1019.5989804,5.5380035313924365,10.105844629716536,24353.0,4.0
1019.7989802,6.252152310789395,50.65225338080108,23347.0,3.9705882352941178
1019.99898,4.969891731009792,6.186982139194439,23183.0,3.9851851851851854
1020.1989798,4.692408495255309,24.619592110017805,22130.0,4.122137404580153
1020.3989796,3.5592253553521322,8.075382252783404,21739.0,4.21875
1020.5989794,3.5164303973971647,17.99127167191448,21515.0,4.21875
1020.7989792,6.683725788074439,6.580550104955381,21064.0,4.251968503937008
1020.998979,5.608535722706908,5.079137498488456,21205.0,4.251968503937008
1021.1989788,3.601598009664609,15.31657937269318,20901.0,4.32
1021.3989786,6.01556420233463,3.396626918433222,20817.0,4.285714285714286
1021.5989784,6.676397311145584,16.96558701736891,21273.0,4.354838709677419
1021.7989782,9.96948508783288,57.11739901571867,23169.0,4.244094488188976
1021.998978,7.36420763818206,49.90844751757096,22597.0,4.277777777777778
1022.1989778,6.144385026737968,46.97411696298781,21318.0,4.426229508196721
1022.3989776,7.103346683238963,27.4408652064599,21723.0,4.43801652892562
1022.5989774,8.079888293732546,20.13743004957365,21843.0,4.304
1022.7989772,3.5928191614512257,18.556087620274333,21251.0,4.354838709677419
1022.998977,13.106316803925004,50.86447060214582,22828.0,4.090909090909091
1023.1989768,22.34820954636397,102.031929545775,24491.0,3.1775147928994083
1023.3989766,27.008747209310837,109.91189900917402,27323.0,2.4976525821596245
1023.5989764,16.802593604494554,126.11497928173553,25987.0,1.0751173708920188
1023.7989762,19.417886008918618,84.02467429675667,28704.0,1.0610328638497653
1023.998976,29.65775535236396,163.61704151487072,35872.0,1.3098591549295775
1024.1989758,30.98060532495976,191.8913319719269,37897.0,2.005714285714286
1024.3989755999999,11.003003293935285,214.66706912617673,30966.0,4.007142857142857
1024.5989754,,352.6683906018516,76655.0,2.938388625592417
1024.7989751999999,,389.5986059454873,31323.0,4.382352941176471
1024.998975,21.617803788695518,180.0250186259025,32465.0,3.352201257861635
1025.1989747999999,3.8898752632431557,24.294090096880932,30865.0,3.6283783783783785
1025.3989746,2.5995139338950097,6.2024528869183975,30860.0,3.614864864864865
1025.5989743999999,2.7398093626988516,5.098027379589789,30739.0,3.6530612244897958
1025.7989742,4.2730642769647345,8.72324351430325,31022.0,3.6283783783783785
1025.9989739999999,2.2978524140158245,1.357685522737853,30965.0,3.639455782312925
1026.1989738,3.1971510342136074,4.117772687105609,30748.0,3.75
1026.3989735999999,5.7994770335832655,10.348001797731671,31742.0,3.58
1026.5989734,7.781254138524699,95.30881817529493,30204.0,3.426751592356688
1026.7989731999999,5.93000340947835,23.693098305410366,29330.0,3.562913907284768
1026.998973,5.8681074601607675,19.127432648390855,28364.0,3.556291390728477
1027.1989727999999,3.915759903278572,9.079493137392408,28122.0,3.6283783783783785
1027.3989726,10.139358239032708,48.09281201375477,25804.0,3.673469387755102
1027.5989723999999,,363.2772321374048,65138.0,2.9665071770334928
1027.7989722,,7.238888574743254,64970.0,2.857142857142857
1027.9989719999999,,5.188912731554785,64074.0,2.9107981220657275
1028.1989718,2.6539893864630852,4.450942951593104,64446.0,2.897196261682243
1028.3989715999999,3.6737056058090642,3.035518610728686,64451.0,2.9245283018867925
1028.5989714,2.4047371120401597,1.963416284652624,64343.0,2.9523809523809526
1028.7989711999999,3.2920442481960706,3.819522890174828,64997.0,2.938388625592417
1028.998971,3.0893687604638185,4.901243449886785,64508.0,2.9523809523809526
1029.1989707999999,3.451440850905943,7.357208726901149,64684.0,2.9523809523809526
1029.3989706,,2.6321089949743954,65857.0,2.9523809523809526
1029.5989703999999,,16.708739247534403,63987.0,3.0541871921182264
1029.7989702,3.6217800425159434,3.76607138688979,63976.0,3.0392156862745097
1029.9989699999999,3.102669468441124,1.2265023949442846,64245.0,3.0541871921182264
1030.1989698,2.888861216611668,0.28595964062610646,64244.0,3.0693069306930694
1030.3989695999999,2.722955759910526,3.5225874649825015,64376.0,3.084577114427861
1030.5989694,2.7324296954117004,3.0955965632479834,64185.0,3.0541871921182264
1030.7989691999999,2.4734086353961127,1.647727074416357,64363.0,3.0541871921182264
1030.998969,3.089957602590779,2.3538272572311727,63919.0,3.0541871921182264
1031.1989687999999,2.257437463007383,2.6868582837097224,64202.0,3.0392156862745097
1031.3989686,,355.16864484623534,20635.0,4.106060606060606
1031.5989683999999,,354.8966531395363,64198.0,3.0392156862745097
1031.7989682,3.3591748538738964,2.221875092795371,64328.0,3.0392156862745097
1031.9989679999999,5.201972010178117,9.710283097849857,66024.0,2.995169082125604
1032.1989678,3.886662492172824,2.2759232632354025,65477.0,3.0097087378640777
1032.3989675999999,2.895564392780667,1.9517908857152104,65380.0,3.0097087378640777
1032.5989674,,2.299424609240259,66267.0,2.980769230769231
1032.7989671999999,,5.216175913590469,65196.0,2.9107981220657275
1032.998967,4.70476055271626,10.697537861831329,63396.0,2.897196261682243
1033.1989667999999,4.260352681618335,2.93411800746075,63003.0,2.938388625592417
1033.3989666,7.722917599123362,29.647267151829908,64793.0,2.9107981220657275
1033.5989663999999,2.4421485050654805,0.5341025833061397,64752.0,2.9107981220657275
1033.7989662,7.4099337155141525,30.455443712833333,66984.0,2.743362831858407
1033.9989659999999,9.416211514053877,45.05628759942539,70123.0,2.6271186440677967
1034.1989658,12.886282862070768,85.38085343709868,76532.0,2.7312775330396475
1034.3989655999999,,589.4088332278042,28986.0,1.8235294117647058
1034.5989654,4.1430192614403145,147.07216663227123,32604.0,3.986842105263158
1034.7989651999999,3.8298246195670194,131.64624989799134,30163.0,1.8940397350993377
1034.998965,3.1603246929599567,140.66513830695996,33139.0,3.973333333333333
1035.1989647999999,3.52537082726435,18.731795266042433,33641.0,4.006711409395973
1035.3989646,4.208796955347027,17.483058565758196,34421.0,3.973333333333333
1035.5989643999999,,167.4060151774757,25175.0,2.023076923076923
1035.7989642,,61.056152809947946,30233.0,1.9466666666666668
1035.998964,,577.5277707955877,78935.0,2.719298245614035
1036.1989638,,596.3598678706135,30025.0,1.9342105263157894
1036.3989636,,174.89695149966278,34591.0,3.83974358974359
1036.5989634,,175.854643385485,30241.0,1.8104575163398693
1036.7989632,3.1824098742117157,15.541848683865531,29653.0,1.875
1036.998963,3.141676226466023,9.587991150087705,29638.0,1.8954248366013071
1037.1989628,,58.170733369614005,24674.0,2.1796875
1037.3989626,11.468242964739387,70.20638129596576,26687.0,2.424
1037.5989624,,148.0785594207563,33898.0,3.9066666666666667
1037.7989622,5.214068729827226,157.55197112428087,31602.0,1.8387096774193548
1037.998962,5.2171396100436835,46.34255373935628,28157.0,1.9428571428571428
1038.1989618,6.604686759721564,43.220351676222556,27439.0,2.0296296296296297
1038.3989616,27.333969195987,378.3464462415443,28308.0,3.445161290322581
1038.5989614,10.434701264896084,124.86099860853655,24587.0,3.6283783783783785
1038.7989612,,160.68901754073246,18080.0,1.7421875
1038.998961,,145.29580740112482,25003.0,3.503267973856209
1039.1989608,3.230040492016197,44.72148232425091,26178.0,3.4424242424242424
1039.3989606,3.0451371666221525,8.20680619588622,26209.0,3.4878048780487805
1039.5989604,2.589591364687741,1.7172189220286942,25940.0,3.5092024539877302
1039.7989602,4.548099198663173,8.073245949738881,26331.0,3.5555555555555554
1039.99896,5.763173903125238,11.91697448040587,26302.0,3.761290322580645
1040.1989598,4.618163628279235,0.7823345649309545,26988.0,3.7806451612903227
1040.3989596,5.142893511783532,5.9827715925468326,27496.0,4.0272108843537415
1040.5989594,3.043976143141153,87.59962430915154,25150.0,3.7552447552447554
1040.7989592,5.6285614198972445,9.809321117618277,25692.0,3.7241379310344827
1040.998959,10.915908504917308,25.754197277058967,27149.0,3.6530612244897958
1041.1989588,8.753897157367566,23.522013181265592,28354.0,3.4838709677419355
1041.3989586,2.8831862517417557,78.3974375316712,30142.0,3.8516129032258064
1041.5989584,5.786687909364489,2.9475084077304823,28245.0,3.761006289308176
1041.7989582,6.398268557745441,27.642250614628917,27145.0,4.087837837837838
1041.998958,6.348814439572602,116.31937581654005,23491.0,3.7430555555555554
1042.1989578,18.434207472731494,126.41953577291534,21545.0,3.9416058394160585
1042.3989576,,282.33864893290996,67775.0,2.8310502283105023
1042.5989574,2.853053911562128,3.265290955320372,68093.0,2.8054298642533935
1042.7989572,2.650608811157848,5.055114472305807,67755.0,2.857142857142857
1042.998957,,416.3991012068537,16989.0,2.269230769230769
1043.1989568,,412.848038942893,68235.0,2.857142857142857
1043.3989566,9.596611177170036,11.482354138478645,70644.0,2.9523809523809526
1043.5989564,5.333414053930856,7.531668903083562,70201.0,2.9523809523809526
1043.7989562,3.9837295903752508,9.647297762672814,69820.0,3.024390243902439
1043.998956,5.733830598845701,14.654220049522664,70519.0,3.024390243902439
1044.1989558,3.977925472122302,7.8628512825712695,71168.0,2.938388625592417
1044.3989556,3.17012840412022,4.921823199869419,70870.0,2.883720930232558
1044.5989554,,18.558432145041834,73935.0,2.6724137931034484
1044.7989552,,289.9983701152628,28297.0,3.556291390728477
1044.998955,,285.2336700325315,73413.0,2.743362831858407
1045.1989548,2.1843230145116936,0.7661935140349505,73458.0,2.7312775330396475
1045.3989546,2.0969763861069097,0.48119170462227867,73389.0,2.719298245614035
1045.5989544,2.493296341346745,1.5361874009001657,73169.0,2.7312775330396475
1045.7989542,2.603241642212654,2.0702169460829953,72926.0,2.7074235807860263
1045.998954,2.601641977512047,2.593674764337389,72839.0,2.683982683982684
1046.1989538,2.6308400965123933,2.287101821460071,72944.0,2.6609442060085837
1046.3989536,4.002785893864239,11.24264801992412,73585.0,2.5726141078838176
1046.5989534,4.472157318242595,8.937399643715775,74041.0,2.5203252032520327
1046.7989532,7.069223459136573,28.639800862568176,73660.0,2.7927927927927927
1046.998953,9.842656724135585,56.077622696720915,73489.0,3.024390243902439
1047.1989528,9.605843915670079,58.319565050133995,72999.0,2.9523809523809526
1047.3989526,,24.688681747514416,71271.0,2.980769230769231
1047.5989524,,6.409040112505254,71460.0,3.0392156862745097
1047.7989522,2.958369820552382,9.537248962371834,71943.0,2.995169082125604
1047.998952,2.912461308865797,7.212505476399078,72368.0,2.9665071770334928
1048.1989518,3.120639937891643,3.9131807571226616,72132.0,3.0097087378640777
1048.3989516,3.7202091893911096,3.4505002881197395,72279.0,2.9665071770334928
1048.5989514,7.876150814100868,39.82998561910716,71797.0,3.0097087378640777
1048.7989512,5.769875856532584,21.755589503445723,69758.0,2.995169082125604
1048.998951,6.279208063354932,17.250183583853524,69450.0,2.9245283018867925
1049.1989508,6.202189929817409,15.134809902423306,68678.0,2.7555555555555555
1049.3989506,4.835926827819683,22.91082117596223,67348.0,2.7927927927927927
1049.5989504,3.1834221237878606,10.345942613080606,66824.0,2.8310502283105023
1049.7989502,4.005553369851405,10.577979600488009,66086.0,2.857142857142857
1049.99895,5.503230296703131,20.340204755208543,66093.0,2.883720930232558
1050.1989498,3.345759353806294,7.436664495905411,65615.0,2.857142857142857
1050.3989496,4.7011492514743685,3.4394149352738905,66130.0,2.857142857142857
1050.5989494,5.6403754615418835,13.570552779019009,67437.0,2.8310502283105023
1050.7989492,4.273846242958715,26.499675461139088,69057.0,2.8054298642533935
1050.998949,4.980202786903818,14.970134509087567,70616.0,2.8310502283105023
1051.1989488,3.2036924811500245,2.370839937255625,70955.0,2.8054298642533935
1051.3989486,2.933425621177235,3.868774373424789,70793.0,2.7927927927927927
1051.5989484,2.90678050374327,2.2163641824306763,70393.0,2.780269058295964
1051.7989482,2.9897113501546846,2.1752583866825512,70466.0,2.8054298642533935
1051.998948,2.6262464134541634,0.9598635797220404,70402.0,2.8310502283105023
1052.1989478,2.9239609324873457,2.2983533799391975,70135.0,2.8181818181818183
1052.3989476,2.7315260986236547,3.9569603052999147,69314.0,2.8054298642533935
1052.5989474,3.177564461280186,2.612492189758012,69693.0,2.8054298642533935
1052.7989472,4.541771136295257,6.982626839619092,69797.0,2.8703703703703702
1052.998947,,475.60274187882055,27799.0,4.179310344827586
1053.1989468,,456.7174247864517,73539.0,2.8054298642533935
1053.3989466,3.1723624551668133,10.90686340460445,73885.0,2.767857142857143
1053.5989464,4.199121797103001,7.527161975706124,74698.0,2.743362831858407
1053.7989462,3.029221394719025,5.300483481994515,73850.0,2.7312775330396475
1053.998946,4.55622842037117,9.279661556988076,74144.0,2.7927927927927927
1054.1989458,3.0612603836891523,2.8373343640235147,73914.0,2.8310502283105023
1054.3989456,,585.9774163631645,28337.0,1.7959183673469388
1054.5989454,12.016367961934971,28.90273593794402,31525.0,1.8227848101265822
1054.7989452,,542.4187440336339,79601.0,2.6050420168067228
1054.998945,2.6744548089458164,6.088351964937357,79009.0,2.6271186440677967
1055.1989448,2.3963894147091334,7.164519800317949,78713.0,2.6382978723404253
1055.3989446,,604.5914237130784,31348.0,1.728395061728395
1055.5989444,,591.2963258106302,79119.0,2.6050420168067228
1055.7989442,2.714460259478524,7.38643432424158,79390.0,2.5726141078838176
1055.998944,2.0906797213330823,4.482278039778497,79665.0,2.56198347107438
1056.1989438,2.1999949626607225,2.5091875873921685,79407.0,2.56198347107438
1056.3989436,,2.930278575305337,80344.0,2.551440329218107
1056.5989434,,2.0561335498739863,79050.0,2.594142259414226
1056.7989432,2.1602900378310212,1.1986659564029658,79300.0,2.5833333333333335
1056.998943,2.0482494888557943,0.3011561289756662,79234.0,2.594142259414226
1057.1989428,2.788852905225752,6.4371043768603515,79357.0,2.6050420168067228
1057.3989426,,628.1970275477477,26334.0,1.9225352112676057
1057.5989424,,623.2158001320643,80044.0,2.6050420168067228
1057.7989422,2.328279160615015,0.7505621050693484,79868.0,2.594142259414226
1057.998942,,23.00666879619677,81316.0,2.6495726495726495
1058.1989418,,2.906073777592707,80464.0,2.6609442060085837
1058.3989416,4.257348419628582,10.251504781388777,81310.0,2.7074235807860263
1058.5989414,,360.10379825818916,39941.0,3.838709677419355
1058.7989412,,363.8414406999053,84156.0,2.7312775330396475
1058.998941,6.413365698069843,18.010039270399286,85278.0,2.7555555555555555
1059.1989408,,30.89244853120781,83278.0,2.743362831858407
1059.3989406,,1.1242394748804942,81827.0,2.767857142857143
1059.5989404,,562.0608383881709,25202.0,2.3149606299212597
1059.7989401999998,,179.61827420914466,33567.0,4.201388888888889
1059.99894,3.334321523966069,7.025054043468795,34069.0,4.061224489795919
1060.1989397999998,4.953392714467493,32.15609751223346,33793.0,4.174825174825175
1060.3989396,3.9658812332362356,14.020693070258366,34673.0,4.034965034965035
1060.5989393999998,,403.60554245340495,80659.0,2.6956521739130435
1060.7989392,,384.1263984826586,31926.0,2.4935064935064934
1060.9989389999998,8.943335040109234,37.204002267625114,35154.0,3.3674698795180724
1061.1989388,4.327925187313391,14.04158623584887,35502.0,3.363095238095238
1061.3989385999998,3.1112598245813876,3.5627797593159225,35116.0,3.37125748502994
1061.5989384,3.5161336832088583,16.17062853376044,34679.0,3.4723926380368098
1061.7989381999998,3.045514531217924,75.30842207493534,34099.0,2.6506024096385543
1061.998938,3.185083420672464,65.47441432770698,35303.0,3.466666666666667
1062.1989377999998,2.324766621129326,3.0734309950085232,35136.0,3.4695121951219514
1062.3989376,2.924199583012024,5.563345753961916,35013.0,3.4634146341463414
1062.5989373999998,3.883258845967719,14.035992540798127,35129.0,3.5121951219512195
1062.7989372,2.7343370005790386,2.545053504933218,34540.0,3.542682926829268
1062.9989369999998,5.076080096391072,18.192554972226564,34858.0,3.396449704142012
1063.1989368,3.7755758213492343,7.445491267924567,34212.0,3.3473053892215567
1063.3989365999998,4.889178500808916,36.83149047469583,33378.0,3.4191616766467066
1063.5989364,3.2144109865937396,10.116485752182083,33641.0,3.4156626506024095
1063.7989361999998,6.43766357021656,28.384061229713204,34771.0,3.4698795180722892
1063.998936,,381.6654407188126,84838.0,2.450592885375494
1064.1989357999998,,10.992693503492905,85119.0,2.4313725490196076
1064.3989356,,390.7709231585232,38900.0,3.226519337016575
1064.5989353999998,,390.240297346165,85196.0,2.421875
1064.7989352,,473.3036445730925,37654.0,1.5591397849462365
1064.9989349999998,4.114259597806216,19.82662552826317,38290.0,1.5449735449735449
1065.1989348,5.016546994956396,99.73427833221409,40249.0,3.0962566844919786
1065.3989345999998,3.3344517911773415,6.119344671745453,40532.0,3.1122994652406417
1065.5989344,,377.53750705658047,83896.0,2.412451361867704
1065.7989341999998,,474.7348502547217,35600.0,1.650273224043716
1065.998934,4.1251279426816785,9.93123652269801,35172.0,1.6888888888888889
1066.1989337999998,4.024299980951863,88.7842487321441,36749.0,3.2402234636871508
1066.3989336,3.9885050678171448,126.07254370356249,33841.0,1.5738636363636365
1066.5989333999999,9.019840730573751,153.97025814735844,36793.0,3.25
1066.7989332,3.67039903397552,13.725526553104325,36438.0,3.2701149425287355
1066.9989329999999,3.978613883912067,25.717622890907123,35163.0,3.437125748502994
1067.1989328,3.1232028696230727,16.222438678932736,34569.0,3.4878048780487805
1067.3989325999999,5.671936511904018,51.97068124634595,32006.0,3.5961538461538463
1067.5989324,8.489657901363358,128.65570674129813,27799.0,3.615894039735099
1067.7989321999999,6.369333644351139,56.02599546955873,25722.0,3.75
1067.998932,14.703732008661317,162.00558454426314,23553.0,3.7006802721088436
1068.1989317999999,,294.96630280253464,70986.0,2.1602787456445993
1068.3989316,5.831500353142973,34.55864522701175,69377.0,2.8703703703703702
1068.5989313999999,6.023863796257211,15.6534270117015,71070.0,2.1602787456445993
1068.7989312,4.404209131531836,14.610529205530765,70941.0,2.1602787456445993
1068.9989309999999,14.06303369878512,73.64844395212016,74246.0,2.1602787456445993
1069.1989308,8.563113651199659,34.822689382182375,75063.0,2.6160337552742616
1069.3989305999999,5.769246312386341,14.433341600457021,74235.0,2.767857142857143
1069.5989304,3.588473218844903,3.591733280618704,74418.0,2.8440366972477062
1069.7989301999999,2.976797955624062,4.0504501052773,73959.0,2.7927927927927927
1069.99893,,314.5398284071304,29401.0,3.707482993197279
1070.1989297999999,,313.20434316921626,74350.0,2.7555555555555555
1070.3989296,4.1157357966680905,14.559633129607,74912.0,2.9107981220657275
1070.5989293999999,4.56207424260892,14.467010182849403,73839.0,2.4313725490196076
1070.7989292,2.7284133745219985,2.605039688415354,73483.0,2.4603174603174605
1070.9989289999999,6.478148698303495,42.24696404321977,76746.0,2.5306122448979593
1071.1989288,4.903552903552904,13.109451754474076,76923.0,2.6050420168067228
1071.3989285999999,4.881974898924051,27.52183584880041,75933.0,2.6609442060085837
1071.5989284,5.098873790514461,26.89207518076787,75652.0,2.767857142857143
1071.7989281999999,4.797383824782214,32.39360297363012,72778.0,2.6495726495726495
1071.998928,3.4576573608937933,8.15198555013261,72858.0,2.6160337552742616
1072.1989277999999,2.597047929681022,3.202888737960556,72356.0,2.6609442060085837
1072.3989276,3.4122680524568754,8.717150199930291,73508.0,2.7074235807860263
1072.5989273999999,2.262472174043675,2.837813645469278,73223.0,2.683982683982684
1072.7989272,2.5704595905615393,5.031161093167074,72978.0,2.6495726495726495
1072.9989269999999,5.692989008643688,21.339586762263238,74968.0,2.5833333333333335
1073.1989268,5.225817310281682,28.688633302110233,74268.0,2.6495726495726495
1073.3989265999999,2.5153145137372266,3.895920580916411,74178.0,2.6495726495726495
1073.5989264,3.9451475667818037,8.734886160938693,74983.0,2.6050420168067228
1073.7989261999999,4.643997407716013,5.804761280760846,75609.0,2.6382978723404253
1073.998926,15.175309602715648,107.87707648475123,74531.0,2.440944881889764
1074.1989257999999,9.671797817346352,57.37031147635881,69640.0,2.6495726495726495
1074.3989256,7.969236788338091,32.501101368583875,69011.0,2.7074235807860263
1074.5989253999999,7.678013904361682,28.46516795843155,70913.0,2.683982683982684
1074.7989252,6.597616636377509,12.384043156036215,72083.0,2.683982683982684
1074.9989249999999,8.368636834110736,6.480796323866304,74393.0,2.7555555555555555
1075.1989248,8.528878084234533,39.16071357722558,79801.0,2.6724137931034484
1075.3989245999999,4.023322882353719,19.44129582400642,75591.0,2.719298245614035
1075.5989244,3.2620959686763356,4.000162093187564,75087.0,2.743362831858407
1075.7989241999999,2.273138779422729,6.894044710859374,75112.0,2.743362831858407
1075.998924,2.652626105044202,5.7139345958742656,74997.0,2.743362831858407
1076.1989237999999,2.5438098285470496,7.223343977436814,75006.0,2.6956521739130435
1076.3989236,2.0663118623216508,0.9587442856069756,74783.0,2.6724137931034484
1076.5989233999999,2.415589962626802,6.236248476618844,74920.0,2.6956521739130435
1076.7989232,1.9902362246735403,1.2521953370834658,74971.0,2.6956521739130435
1076.9989229999999,3.527801416582658,8.870240194206726,76381.0,2.6609442060085837
1077.1989228,3.0831209644408646,6.87350879959523,75733.0,2.6724137931034484
1077.3989225999999,4.330732228754677,22.080333955399027,74840.0,2.7074235807860263
1077.5989224,3.399577824986807,6.73960983566782,73903.0,2.743362831858407
1077.7989221999999,2.9631966209763116,6.1793434323667435,74341.0,2.7312775330396475
1077.998922,,487.8402430341673,29810.0,3.935064935064935
1078.1989217999999,,496.6558958415191,73730.0,2.7555555555555555
1078.3989216,2.0878165416802523,1.6180799155760146,73608.0,2.743362831858407
1078.5989213999999,2.330234952982304,2.8722340357425655,73802.0,2.743362831858407
1078.7989212,2.13829859368855,2.1362332177162027,73739.0,2.743362831858407
1078.9989209999999,5.568414486976095,10.763702077479437,73749.0,2.7555555555555555
1079.1989208,10.683100227085054,45.57236760826904,77504.0,2.4899598393574296
1079.3989205999999,7.43515800834463,18.75145833314916,75977.0,2.339622641509434
1079.5989204,3.718270184487205,5.7107420919899585,75615.0,2.4313725490196076
1079.7989201999999,5.905004852349924,47.898932809715376,72130.0,2.6271186440677967
1079.99892,5.238986567959396,8.711643717343192,71322.0,2.6724137931034484
1080.1989197999999,3.949037277510355,4.146772152503457,71464.0,2.6495726495726495
1080.3989196,2.9581476566319758,3.340676330226297,71585.0,2.6160337552742616
1080.5989193999999,2.375128368814011,4.769155802336195,72058.0,2.6050420168067228
1080.7989192,8.548087515513226,35.726726545220835,71713.0,2.6160337552742616
1080.998919,6.705846947549441,44.09034898984887,69780.0,2.6050420168067228
1081.1989188,,598.0940323841514,22773.0,1.4573170731707317
1081.3989186,,534.2568265192896,74571.0,2.6271186440677967
1081.5989184,5.575202582515317,10.914350962860407,75895.0,2.6160337552742616
1081.7989182,2.8508591879161074,1.7265046994514257,76002.0,2.6609442060085837
1081.998918,,532.3586272788381,27653.0,1.624203821656051
1082.1989178,,559.3015829947286,73582.0,2.7555555555555555
1082.3989176,3.285094995986085,8.937158570948116,74740.0,2.7074235807860263
1082.5989174,,559.2378358088996,30329.0,1.7371794871794872
1082.7989172,,541.6080689990949,77055.0,2.7555555555555555
1082.998917,9.690921635750868,50.758263087595346,75366.0,2.6160337552742616
1083.1989168,5.0357562860502885,18.9337348051283,71428.0,2.683982683982684
1083.3989166,5.119372878526515,9.355737390786086,71884.0,2.6495726495726495
1083.5989164,3.624213468449242,6.26400011804007,72629.0,2.6160337552742616
1083.7989162,4.905708024905802,30.7148507500372,74842.0,2.421875
1083.998916,3.8074213803292527,10.545760744169256,75808.0,2.4603174603174605
1084.1989158,4.597695852534562,8.804828669895189,75950.0,2.3846153846153846
1084.3989156,2.263063914710362,1.0966026113153915,76164.0,2.4031007751937983
1084.5989154,2.5028468213766835,7.468737750712322,76401.0,2.48
1084.7989152,2.697984360965816,12.404966135552412,75708.0,2.5306122448979593
1084.998915,2.254412386387656,2.5818445616579204,75696.0,2.4031007751937983
1085.1989148,3.8802876698229722,24.011653862248178,77728.0,2.2878228782287824
1085.3989146,3.5231171628586813,5.32951623109238,77994.0,2.2222222222222223
1085.5989144,4.489453751845433,9.996142560020822,77895.0,2.271062271062271
1085.7989142,4.171161111904546,6.644326317356367,77021.0,2.2302158273381294
1085.998914,3.2150793544677834,32.73448967616128,74791.0,2.198581560283688
1086.1989138,5.436451285279014,41.43640926686394,69907.0,2.1602787456445993
1086.3989136,7.416660807447302,29.904032690030377,71113.0,2.1602787456445993
1086.5989134,6.965926324890508,18.371510109212913,70553.0,2.206405693950178
1086.7989132,3.8304495826212235,2.5518168901898997,70799.0,2.1602787456445993
1086.998913,10.097156946885175,16.355436228171094,73407.0,2.1602787456445993
1087.1989128,8.88849724202879,19.859311351758404,74330.0,2.2302158273381294
1087.3989126,5.94863670252423,4.787211511479374,75112.0,2.1602787456445993
1087.5989124,4.866918357715904,6.35973783688704,76284.0,2.1602787456445993
1087.7989122,3.168500508434803,1.928490571390889,76706.0,2.1602787456445993
1087.998912,2.5208998189420484,1.9009639713023527,76771.0,2.1602787456445993
1088.1989118,3.262941745795077,9.738765041230689,76458.0,2.1602787456445993
1088.3989116,7.696827021494371,18.729245942491293,78160.0,2.1602787456445993
1088.5989114,8.782691324691665,64.6244215115491,76297.0,2.1602787456445993
1088.7989112,5.005232503396419,30.371849793238955,74343.0,2.1602787456445993
1088.998911,3.797738106365081,12.469330511290382,74893.0,2.1602787456445993
1089.1989108,,406.70126534341955,30523.0,2.68075117370892
1089.3989106,,403.277887097863,75134.0,2.1602787456445993
1089.5989104,3.7868519820166306,4.787726587179648,75403.0,2.1602787456445993
1089.7989102,4.983212310971954,11.271270571597137,75055.0,2.1602787456445993
1089.99891,7.657548443402016,52.36438149017512,73333.0,2.743362831858407
1090.1989098,5.740506590068856,15.216009685691922,72761.0,2.3846153846153846
1090.3989096,5.541669505034129,23.054813133312706,73399.0,2.1602787456445993
1090.5989094,3.3068542213473315,2.7805021670187386,73152.0,2.1602787456445993
1090.7989092,3.1454721009614732,7.561704855840496,73533.0,2.1602787456445993
1090.998909,3.2680106729914025,11.22120342656686,74206.0,2.1602787456445993
1091.1989088,5.4419864682739565,33.52164687868871,73457.0,2.7927927927927927
1091.3989086,3.2550356494157833,3.7950386121592246,73774.0,2.780269058295964
1091.5989084,2.2628294884517612,1.6512938769221444,73561.0,2.7927927927927927
1091.7989082,4.974086307365933,1.3603557422577135,74478.0,2.8181818181818183
1091.998908,6.258529754348309,22.444160878944974,76409.0,2.6609442060085837
1092.1989078,7.810639137463562,25.917707069838894,78559.0,2.594142259414226
1092.3989076,4.314667276585471,6.835577281675157,78699.0,2.6956521739130435
1092.5989074,3.0086065937408897,2.4210964415215765,78893.0,2.6050420168067228
1092.7989072,2.8426738347618805,2.0400904022782305,78868.0,2.6609442060085837
1092.998907,7.298927454782919,64.90711578977204,75801.0,2.1602787456445993
1093.1989068,,362.33351146193974,29067.0,3.6216216216216215
1093.3989066,,389.72229545912177,74007.0,2.8054298642533935
1093.5989064,3.040563059706548,7.075021756873389,73811.0,2.7074235807860263
1093.7989062,2.223051466081959,3.0810425719023145,73427.0,2.8054298642533935
1093.998906,2.4595930034710407,0.8747334522386935,73465.0,2.8054298642533935
1094.1989058,3.502833514099783,15.949942984411855,73760.0,2.6050420168067228
1094.3989056,7.587976832434592,65.65769812401079,70098.0,2.3048327137546467
1094.5989054,7.354788660259693,57.89334688871073,66386.0,2.375478927203065
1094.7989052,5.898379587085707,12.999294574426367,65292.0,2.594142259414226
1094.998905,5.924078692158493,3.9653754671077968,64962.0,2.440944881889764
1095.1989048,,302.60750301760413,21330.0,2.535211267605634
1095.3989046,13.282752940099757,50.74888760227877,21853.0,2.6390243902439026
1095.5989044,,298.8536938380929,66183.0,2.4701195219123506
1095.7989042,,357.99962136789566,25432.0,2.834355828220859
1095.998904,,270.5254400460071,73307.0,2.366412213740458
1096.1989038,4.159375998444164,21.037477391327013,71987.0,2.4899598393574296
1096.3989036,5.5288845189238485,28.506545381759107,70176.0,2.6956521739130435
1096.5989034,,324.19155744539904,24872.0,3.0516129032258066
1096.7989032,,24.427635125672907,26976.0,3.522292993630573
1096.998903,,62.73197782939526,26138.0,3.4615384615384617
1097.1989028,6.056076173271612,25.839724081461675,26571.0,3.5064935064935066
1097.3989026,3.777126424068134,8.983157135281813,27123.0,3.4838709677419355
1097.5989024,10.18528702855009,61.94954949131699,29457.0,3.61744966442953
1097.7989022,17.337876634863555,129.6712768015152,34483.0,3.993006993006993
1097.998902,,318.2447843861782,81716.0,2.1602787456445993
1098.1989018,11.591449215579301,85.8921807370813,75151.0,2.1602787456445993
1098.3989016,4.892305642528812,7.056674519495368,75055.0,2.1602787456445993
1098.5989014,,6.377840143115358,75975.0,2.1527777777777777
1098.7989012,,8.3220417413681,75434.0,2.1602787456445993
1098.998901,3.554651836091623,15.468900502808946,74261.0,2.1602787456445993
1099.1989008,,552.5828750876508,27909.0,0.8262910798122066
1099.3989006,,541.0334680795972,75217.0,2.1602787456445993
1099.5989004,6.8925386887822855,34.511774911986514,73794.0,2.1602787456445993
1099.7989002,3.7227135446998116,8.68949713366633,73837.0,2.1602787456445993
1099.9989,13.01113481797573,53.34059445116106,74990.0,2.1602787456445993
1100.1988998,14.110823300498602,54.51618010669364,82230.0,2.1602787456445993
1100.3988996,11.71742299862087,112.68716197312743,76135.0,2.5101214574898787
1100.5988994,,362.8382167659868,29685.0,3.279503105590062
1100.7988992,3.2947624430514164,6.07101728583201,29193.0,3.253086419753086
1100.998899,5.404978310266474,22.752163890487594,29046.0,3.3354430379746836
1101.1988988,3.3273951320559294,4.926883459617447,28965.0,3.4423076923076925
1101.3988986,3.3296587748456687,9.92837023585766,29482.0,3.3354430379746836
1101.5988984,2.4593504203959857,1.971097401760801,29496.0,3.3417721518987342
1101.7988982,12.493460423221666,84.38312434404429,32418.0,3.136904761904762
1101.998898,8.778249601898398,46.49139056690349,32027.0,3.253086419753086
1102.1988978,12.592357150641142,162.06165128844492,27529.0,3.1474358974358974
1102.3988976,,50.07113690986956,28273.0,3.1802325581395348
1102.5988974,,31.483088961681844,26672.0,2.617142857142857
1102.7988972,3.1372240338843285,2.019670804798013,26679.0,2.6783625730994154
1102.998897,8.076190476190476,98.5032044536763,23730.0,2.365979381443299
1103.1988968,,328.55727654679333,70781.0,2.683982683982684
1103.3988966,7.960297289500075,20.318880352924083,72791.0,2.7312775330396475
1103.5988964,5.843610241502684,15.365681606494034,71552.0,2.5306122448979593
1103.7988962,5.719924758457548,16.41702320583733,70174.0,2.440944881889764
1103.9988959999998,4.0173634877840945,11.957188335956253,71587.0,2.594142259414226
1104.1988958,5.001968749566736,10.857833172811914,72127.0,2.7927927927927927
1104.3988955999998,3.7129318419747643,5.043204197674885,72596.0,2.8440366972477062
1104.5988954,2.720996333777308,2.112958654871586,72827.0,2.56198347107438
1104.7988951999998,2.804727943606124,3.751532986007469,72632.0,2.421875
1104.998895,5.112355967220843,14.459700836723671,72119.0,2.9523809523809526
1105.1988947999998,3.296634768961542,6.451611761004521,72001.0,2.980769230769231
1105.3988946,2.636476256022023,3.4117024414211325,72650.0,2.9523809523809526
1105.5988943999998,2.6059815587205493,5.34595917553028,71687.0,2.9665071770334928
1105.7988942,3.700603956959389,9.12319129980745,72025.0,2.995169082125604
1105.9988939999998,,337.9551059569939,28286.0,4.022388059701493
1106.1988938,,280.5207143777403,75469.0,2.3846153846153846
1106.3988935999998,6.810428222181331,33.090597253033735,76082.0,2.2627737226277373
1106.5988934,5.313943899966205,18.112219493911585,73975.0,2.246376811594203
1106.7988931999998,4.891265235447696,9.953500252008018,73923.0,2.2627737226277373
1106.998893,7.825516078223659,21.254049215491975,71743.0,2.1602787456445993
1107.1988927999998,6.373951128872897,38.112928814515485,67811.0,2.1602787456445993
1107.3988926,6.828366944744914,14.306365276569338,67487.0,2.8310502283105023
1107.5988923999998,8.019092908348327,20.564405673066446,70026.0,2.743362831858407
1107.7988922,7.453759500542888,49.45743317655378,73680.0,2.1602787456445993
1107.9988919999998,5.707343146122851,16.31000803636192,72966.0,2.5306122448979593
1108.1988918,3.762806266633742,3.3255080628248566,72894.0,2.6495726495726495
1108.3988915999998,2.546984126984127,2.6113099386570235,72450.0,2.6382978723404253
1108.5988914,3.1204531655351326,3.3066700004589564,72468.0,2.6724137931034484
1108.7988911999998,2.4519711730581086,1.328342412510797,72571.0,2.6724137931034484
1108.998891,2.6413273582052623,1.0959773894380738,72746.0,2.6609442060085837
1109.1988907999998,3.6511001904972256,1.7125129433072332,72442.0,2.6495726495726495
1109.3988906,2.996844991251395,0.9239496823478628,72583.0,2.6956521739130435
1109.5988903999998,3.7989384781214612,4.48904602038016,73291.0,2.5306122448979593
1109.7988902,4.119898766213224,7.203241200122173,72703.0,2.6050420168067228
1109.9988899999998,2.3565415306989883,1.2406500102423652,72934.0,2.743362831858407
1110.1988898,2.604883508264294,4.447258245616721,73267.0,2.6050420168067228
1110.3988895999998,4.149296278954472,2.0103608807095408,72614.0,2.5833333333333335
1110.5988894,3.415448192539506,0.9856644140283105,72837.0,2.7074235807860263
1110.7988891999998,3.401724491890782,2.171888604575024,73065.0,2.48
1110.998889,4.4501136719441305,4.029606931880359,73457.0,2.3846153846153846
1111.1988887999998,6.349359281847461,6.923032746700528,72965.0,2.7312775330396475
1111.3988886,,618.5220337011475,29791.0,1.3568075117370892
1111.5988883999999,14.571393135096587,55.99133025482962,32251.0,1.2786069651741294
1111.7988882,5.327931449188214,22.155627603321022,33260.0,1.3958333333333333
1111.9988879999999,3.6389905663184834,3.3766435990874824,33603.0,1.38860103626943
1112.1988878,7.735587840980601,153.38375211302488,36549.0,2.7464788732394365
1112.3988875999999,3.478279065874278,15.958149303021719,35841.0,2.799043062200957
1112.5988874,5.223674140423482,32.59310845696825,35279.0,2.9
1112.7988871999999,2.926274332020514,4.138564664184104,35293.0,2.9642857142857144
1112.998887,9.684936499481342,59.866394104696944,35669.0,2.909090909090909
1113.1988867999999,13.267525980364011,104.66257317376065,34834.0,2.568075117370892
1113.3988866,5.613157658868872,59.182583716070695,33471.0,3.609271523178808
1113.5988863999999,7.1109035722624325,88.5748044344741,29981.0,3.1
1113.7988862,5.938241514032761,67.32348659934931,27899.0,3.58
1113.9988859999999,3.334113119269517,12.86763400011815,26503.0,3.6344827586206896
1114.1988858,,51.499408720943315,26689.0,3.6556291390728477
1114.3988855999999,,17.796506776044446,22401.0,3.6040268456375837
1114.5988854,,337.24752385906453,65129.0,2.7555555555555555
1114.7988851999999,6.179215140721263,4.068702943814379,65413.0,2.5203252032520327
1114.998885,10.069970261923824,29.865335719894748,69944.0,2.3484848484848486
1115.1988847999999,4.135226350341056,3.2026911813256937,70223.0,2.4031007751937983
1115.3988846,3.091167889414497,3.382616114971474,70606.0,2.375478927203065
1115.5988843999999,5.865473089074885,14.69074653728603,72164.0,2.2545454545454544
1115.7988842,2.8460294896451765,2.825141686900114,71754.0,2.271062271062271
1115.9988839999999,2.5260474860335194,1.6542910294539241,71600.0,2.2878228782287824
1116.1988838,3.679528115286804,5.706666223154358,70780.0,2.1908127208480566
1116.3988835999999,3.06704569383028,6.000717839405067,71235.0,2.1602787456445993
1116.5988834,3.600487433787896,4.930609460819889,70984.0,2.1602787456445993
1116.7988831999999,5.682593809345587,19.181174761476846,72141.0,2.1602787456445993
1116.998883,9.540217941544775,60.548311042137655,75066.0,2.1602787456445993
1117.1988827999999,9.947935081679582,74.05964523227354,75233.0,2.2627737226277373
1117.3988826,4.509740303090994,26.889425104746007,74895.0,2.8703703703703702
1117.5988823999999,8.159605616156664,30.3662168210049,73431.0,2.271062271062271
1117.7988822,3.455862030844066,7.475500240283432,72364.0,2.2222222222222223
1117.9988819999999,5.840437034086382,14.914960425254817,70292.0,2.206405693950178
1118.1988818,5.674795326748828,11.87687812019156,68646.0,2.2627737226277373
1118.3988815999999,5.463463999761884,13.039217499115049,67194.0,2.330827067669173
1118.5988814,5.484482811027691,28.36615186259794,65798.0,2.8703703703703702
1118.7988811999999,5.54606629934062,1.3829073232165576,66426.0,2.7555555555555555
1118.998881,4.671378611102948,18.02675328559698,68054.0,2.7927927927927927
1119.1988807999999,2.8701155993143157,4.983195519001303,68253.0,2.780269058295964
1119.3988806,5.513212606966373,11.832709100582028,66376.0,2.7555555555555555
1119.5988803999999,5.791085030082096,6.3717748867538955,67482.0,2.6271186440677967
1119.7988802,4.349756169646815,2.4888226001188,67670.0,2.7074235807860263
1119.9988799999999,4.758854536839611,8.81575297030804,67536.0,2.9245283018867925
1120.1988798,7.341495554461467,47.14815156496748,69058.0,2.7312775330396475
1120.3988795999999,4.88478982220741,6.744133866261972,69013.0,2.719298245614035
1120.5988794,2.7723953332751448,2.636454949946755,68742.0,2.7312775330396475
1120.7988791999999,3.3639781370195783,5.199227849272161,69158.0,2.719298245614035
1120.998879,2.6532371594850734,7.447859519388177,68903.0,2.719298245614035
1121.1988787999999,2.064862598840655,2.390349596554928,69177.0,2.7074235807860263
1121.3988786,2.17817761398945,2.505522692600924,69195.0,2.719298245614035
1121.5988783999999,2.301009636789269,3.281298064059054,69629.0,2.719298245614035
1121.7988782,2.2600419793553583,2.109491248402005,69558.0,2.719298245614035
1121.9988779999999,2.9956098547208505,3.3082881302201517,69246.0,2.7312775330396475
1122.1988778,2.9704667043625768,4.906434790655641,68973.0,2.7312775330396475
1122.3988775999999,,702.7228531040237,28750.0,1.6987951807228916
1122.5988774,36.721838332926865,281.07996708350066,36903.0,2.608187134502924
1122.7988771999999,12.63521141483301,65.07654565078903,38266.0,1.4460093896713615
1122.998877,9.285488126649076,124.35153626484126,32215.0,2.406779661016949
1123.1988767999999,4.623026437991456,122.49429545180655,32302.0,3.5384615384615383
1123.3988766,4.286428002206829,6.133064249358493,32626.0,3.3293413173652695
1123.5988763999999,4.0207686576431145,31.776537862724673,32212.0,2.8564102564102565
1123.7988762,4.8655002182892835,21.72596242323649,29777.0,3.2754491017964074
1123.9988759999999,5.596847716912617,160.45946166934112,25886.0,1.1822916666666667
1124.1988758,6.523201494861414,50.08931901650574,22477.0,1.3255813953488371
1124.3988755999999,14.260748389454928,317.7303951431437,21887.0,4.007462686567164
1124.5988754,9.67365546403559,35.349086640185526,22703.0,3.7241379310344827
1124.7988751999999,11.821190930281839,53.838649347642054,23595.0,3.7103448275862068
1124.998875,3.8413828164717843,8.326022037730764,23604.0,3.703448275862069
1125.1988747999999,3.150812750686088,12.49995866084403,23685.0,3.5918367346938775
1125.3988746,3.016494151308592,12.517801347285385,23766.0,3.5918367346938775
1125.5988743999999,3.751118568232662,159.94529628920685,21456.0,1.5629139072847682
1125.7988742,2.698257984238905,150.00508310611488,24110.0,3.562913907284768
1125.998874,3.0410902162206943,6.38248694903422,24142.0,3.52
1126.1988738,,38.34819098040762,25639.0,3.6490066225165565
1126.3988736,,349.98098242203565,68089.0,2.8310502283105023
1126.5988734,,318.54993626866974,22955.0,3.835714285714286
1126.7988732,3.035020969345843,13.007544429590046,23129.0,3.801418439716312
1126.998873,,177.76920864955522,15977.0,1.641025641025641
1127.1988728,,149.64380540589974,23417.0,3.5850340136054424
1127.3988726,8.098310567936736,32.665629811014504,22256.0,3.253012048192771
1127.5988724,,315.3216848623147,67902.0,2.540983606557377
1127.7988722,10.438446617968717,44.762115988026544,72693.0,2.2627737226277373
1127.998872,6.158907200594099,22.43353853376097,70022.0,2.1602787456445993
1128.1988718,3.0439773855250096,5.9133155774086825,69513.0,2.1602787456445993
1128.3988716,2.9813419863251824,11.518323858408452,69032.0,2.9107981220657275
1128.5988714,2.5192123655134413,2.6919517494496663,68966.0,2.897196261682243
1128.7988712,3.1417115379078004,2.882776268609387,69458.0,2.8181818181818183
1128.998871,6.652117743481462,26.998780311781363,71987.0,2.1602787456445993
1129.1988708,7.3076039175340375,14.003009902421704,74843.0,2.1602787456445993
1129.3988706,6.351667564973905,11.385558116722484,76069.0,2.1602787456445993
1129.5988704,6.0124656395832,30.874598124419887,78215.0,2.1602787456445993
1129.7988702,3.4648237931394017,11.036566309787666,76728.0,2.1602787456445993
1129.99887,3.3839985348560364,12.207760032365123,76443.0,2.1602787456445993
1130.1988698,3.4678879596442322,2.574456444226126,75330.0,2.1602787456445993
1130.3988696,4.158680973708781,10.545039132294445,73903.0,2.1602787456445993
1130.5988694,2.746829931972789,3.085375612270607,73500.0,2.1602787456445993
1130.7988692,3.5818612666953897,10.719517887784136,74272.0,2.1602787456445993
1130.998869,3.289399910616341,5.657150783826599,73839.0,2.1602787456445993
1131.1988688,3.538295087222504,6.6154157738420665,74866.0,2.1602787456445993
1131.3988686,7.075971215380122,30.88204216672714,75318.0,2.1602787456445993
1131.5988684,2.9688711776623866,8.337602333566226,74529.0,2.1908127208480566
1131.7988682,2.935748617638002,2.199885465602609,74691.0,2.198581560283688
1131.998868,4.263810612684108,15.868942718090127,74345.0,2.2142857142857144
1132.1988678,8.231519603885793,54.37448018626585,74322.0,2.8054298642533935
1132.3988676,10.572327572916228,56.03761628030599,71349.0,2.1602787456445993
1132.5988674,5.413058584941783,10.991710548873549,70513.0,2.1602787456445993
1132.7988672,4.0721731700370265,5.879436798294434,70220.0,2.1602787456445993
1132.998867,7.72799033653576,39.24412096069632,71196.0,2.6382978723404253
1133.1988668,10.737719911766288,7.349928532154374,74348.0,2.719298245614035
1133.3988666,,586.5135835017985,30647.0,1.4166666666666667
1133.5988664,8.310754550703498,36.27150310269951,32907.0,1.576470588235294
1133.7988662,5.414919205624769,12.95174596793237,32428.0,1.3417085427135678
1133.998866,,587.7025787402458,80355.0,2.1602787456445993
1134.1988658,,548.571981183223,33950.0,1.215962441314554
1134.3988656,,515.36670282334,83167.0,2.198581560283688
1134.5988654,6.380440110090359,11.400130076909495,79571.0,2.1602787456445993
1134.7988652,4.569546138735107,11.763303699913596,78394.0,2.1602787456445993
1134.998865,4.078738940617393,13.290193275373865,77649.0,2.1602787456445993
1135.1988648,4.852313670990323,17.10531905004546,77712.0,2.1602787456445993
1135.3988646,6.312992800822763,83.55635419806663,72925.0,2.421875
1135.5988644,3.5978100445581433,26.554434819340614,71143.0,2.551440329218107
1135.7988642,3.4320641224889195,24.911001012375536,69492.0,2.6382978723404253
1135.998864,2.7046109929801054,7.2776943795331706,68662.0,2.6724137931034484
1136.1988638,4.07521641834992,13.232919933335413,67924.0,2.743362831858407
1136.3988636,2.806943698131232,5.665971010335189,66996.0,2.683982683982684
1136.5988634,,410.330651797051,22450.0,3.6
1136.7988632,4.161171018625791,10.370332347611244,22442.0,3.562913907284768
1136.998863,7.110244276761734,26.961452202034426,23457.0,3.3540372670807455
1137.1988628,,407.788744983119,69887.0,2.540983606557377
1137.3988626,,574.623772672475,21996.0,1.3433734939759037
1137.5988624,,580.4378839990121,70486.0,2.6609442060085837
1137.7988622,8.828648989552772,42.005730956358626,72938.0,2.4701195219123506
1137.998862,9.15703549810198,52.329811352811184,77976.0,2.2382671480144403
1138.1988618,15.64099569833534,75.66766410987105,83921.0,2.1602787456445993
1138.3988616,,530.6475015845473,36049.0,1.0610328638497653
1138.5988614,,526.489767173646,84235.0,2.1602787456445993
1138.7988612,4.001141525077504,20.412538767757294,83222.0,2.1602787456445993
1138.998861,,560.0565536846445,36047.0,1.1830985915492958
1139.1988608,,561.3365838929781,83048.0,2.1602787456445993
1139.3988606,2.8499885053298972,10.218561242466766,82647.0,2.1602787456445993
1139.5988604,2.740308057733558,4.694689204561815,82517.0,2.1602787456445993
1139.7988602,,537.7630544097765,34956.0,1.1784037558685445
1139.99886,,543.2065689526046,82169.0,2.1602787456445993
1140.1988598,2.5618732353227536,2.0421735809397092,82168.0,2.1602787456445993
1140.3988596,3.153746659670787,3.454459656381661,81953.0,2.1602787456445993
1140.5988594,2.5995574680325664,3.054594952604664,81802.0,2.1602787456445993
1140.7988592,,529.3526818591087,34207.0,1.0704225352112675
1140.998859,,533.3242022465696,82253.0,2.1602787456445993
1141.1988588,2.7653183032033373,4.386448108025803,81259.0,2.1602787456445993
1141.3988586,3.9614564984417537,11.824475032028129,81181.0,2.1602787456445993
1141.5988584,3.967631420607341,11.454536825338469,81437.0,2.1602787456445993
1141.7988582,3.360936960063188,14.148431760310368,81028.0,2.1602787456445993
1141.998858,2.831340969339269,15.273638339299312,79972.0,2.1602787456445993
1142.1988578,3.1844654024098835,7.183150478957582,78676.0,2.1602787456445993
1142.3988576,2.846412171014972,4.1213996821241805,78613.0,2.1602787456445993
1142.5988574,2.743350419503736,2.222558666749321,78426.0,2.1602787456445993
1142.7988572,2.6310163189423674,9.672529639254366,77456.0,2.1602787456445993
1142.998857,2.3913340376736154,4.093117827391985,77614.0,2.1602787456445993
1143.1988568,2.5061142520913813,4.3412336160305385,78178.0,2.1602787456445993
1143.3988566,2.1480946291560103,1.2672619191313859,78200.0,2.1602787456445993
1143.5988564,2.675595890322664,5.574248613927868,77573.0,2.1602787456445993
1143.7988562,2.4943507197028323,3.0805131025747183,77532.0,2.1602787456445993
1143.998856,2.499845924708541,2.713343314949204,77884.0,2.1602787456445993
1144.1988558,,544.829303974373,29999.0,0.9765258215962441
1144.3988556,,548.155554430156,77538.0,2.1602787456445993
1144.5988554,,541.8102271522665,30184.0,0.9765258215962441
1144.7988552,,534.5152300872237,78044.0,2.1602787456445993
1144.998855,2.3319558164684073,5.425100363698418,77676.0,2.1602787456445993
1145.1988548,2.3959407968065527,9.16092812448107,77158.0,2.1602787456445993
1145.3988546,2.6437171487014837,5.799191021292255,77242.0,2.1602787456445993
1145.5988544,2.7060534984170928,7.83967909757762,78021.0,2.1602787456445993
1145.7988542,,533.7633600748253,29806.0,0.9953051643192489
1145.998854,,538.5862939831303,77232.0,2.1602787456445993
1146.1988538,2.2104147548823203,3.11728278283367,77371.0,2.1602787456445993
1146.3988536,,540.4666846173276,29665.0,0.971830985915493
1146.5988534,,527.6962205710043,77968.0,2.1602787456445993
1146.7988532,,536.2327131677242,29626.0,0.9765258215962441
1146.998853,4.28641423905073,9.417053351236762,30002.0,0.9906103286384976
1147.1988528,3.730377238304197,19.13797478857359,28258.0,0.9812206572769953
1147.3988526,,574.1519265540694,74125.0,2.1602787456445993
1147.5988524,3.156810257255031,16.17588233112883,72846.0,2.1602787456445993
1147.7988522,,413.42298535345054,27701.0,2.516431924882629
1147.998852,,418.5856360829375,72623.0,2.1602787456445993
1148.1988517999998,3.3270434953528207,9.72780670741427,71226.0,2.1602787456445993
1148.3988516,3.726832267224849,28.782824646102068,68317.0,2.198581560283688
1148.5988513999998,2.4113207547169813,2.350055017121725,68370.0,2.1602787456445993
1148.7988512,3.4060269860655374,3.885357715851426,67961.0,2.271062271062271
1148.9988509999998,8.738868153208369,53.817782709596514,72607.0,2.3846153846153846
1149.1988508,8.253361744930912,31.290684258378008,75556.0,2.1602787456445993
1149.3988505999998,5.155547221539695,27.6605007275117,77327.0,2.1602787456445993
1149.5988504,3.7532883449616836,15.744856405141508,78687.0,2.1602787456445993
1149.7988501999998,3.130226042661573,4.472646300855741,78525.0,2.1602787456445993
1149.99885,4.809264442595254,16.10378218928182,79314.0,2.1602787456445993
1150.1988497999998,5.493019774187512,18.206064228109984,80155.0,2.1602787456445993
1150.3988496,10.990531077647642,49.47241870626347,80685.0,2.1602787456445993
1150.5988493999998,3.7595593647466847,11.792122373196113,80157.0,2.1602787456445993
1150.7988492,4.993999684193905,32.919090188017194,82329.0,2.1602787456445993
1150.9988489999998,4.424441074311433,14.61938782694427,81764.0,2.1602787456445993
1151.1988488,7.995704511548948,55.74542025797355,77756.0,2.6382978723404253
1151.3988485999998,3.6416413758219526,12.426235916753795,79080.0,2.1602787456445993
1151.5988484,4.107031052764453,11.795178786418681,79220.0,2.6495726495726495
1151.7988481999998,9.851573136619056,42.00155301733314,80794.0,2.540983606557377
1151.998848,8.258215792209048,38.88384883114793,82737.0,2.1602787456445993
1152.1988477999998,9.383361638178553,48.71850094773545,81847.0,2.1602787456445993
1152.3988476,3.1979828984871737,3.7893964533649993,82098.0,2.1602787456445993
1152.5988473999998,4.148730774040265,21.09887115144211,79970.0,2.1602787456445993
1152.7988472,,494.123122724367,28630.0,0.9812206572769953
1152.9988469999998,,542.823588547582,75109.0,2.1602787456445993
1153.1988468,3.4395379698840864,10.79450172426942,73848.0,2.1602787456445993
1153.3988465999998,4.9789233914678155,0.45312554683413364,72877.0,2.1602787456445993
1153.5988464,3.9767075642219423,8.462374738769112,73028.0,2.1602787456445993
1153.7988461999998,3.8821398794472617,12.4331236340352,73163.0,2.1602787456445993
1153.998846,3.492835606207297,16.715342363572592,72302.0,2.1602787456445993
1154.1988457999998,2.4475558659217875,14.390063537497419,71600.0,2.1602787456445993
1154.3988456,3.1593585115245766,3.557930917430802,72020.0,2.1602787456445993
1154.5988453999998,2.7684709983538296,1.5151575032581426,72289.0,2.1602787456445993
1154.7988452,2.6294599472442037,5.764643991395465,72030.0,2.1602787456445993
1154.9988449999998,2.7880800199219724,1.9590795245074397,72282.0,2.1602787456445993
1155.1988448,2.451651385055,0.845605727571495,72091.0,2.1602787456445993
1155.3988445999998,3.144596924350045,12.689572038200797,72505.0,2.1602787456445993
1155.5988444,2.6757875688865735,1.9296741123246308,72946.0,2.1602787456445993
1155.7988441999998,2.6419420835106893,6.88494490649441,72829.0,2.1602787456445993
1155.998844,2.8394794524324847,6.19443268294883,72539.0,2.1602787456445993
1156.1988437999998,2.821602691753073,5.6848790780319245,72815.0,2.1602787456445993
1156.3988436,2.1491817731004463,2.0499867189766663,72596.0,2.1602787456445993
1156.5988433999999,2.1416020743110913,1.1411831611800456,72506.0,2.1602787456445993
1156.7988432,2.2874514556421626,2.4045442479581607,72614.0,2.1602787456445993
1156.9988429999999,2.4395577226838814,5.102093160000031,72805.0,2.1602787456445993
1157.1988428,2.227410325523533,6.817302387921858,72345.0,2.1602787456445993
1157.3988425999999,4.847130075705437,5.2208326384877175,72650.0,2.1602787456445993
1157.5988424,5.477996216171753,16.917332175954588,72942.0,2.1602787456445993
1157.7988421999999,2.4686778744383595,2.575781614880791,73223.0,2.1602787456445993
1157.998842,,527.5360788568404,24974.0,1.0328638497652582
1158.1988417999999,,535.8945122222707,72135.0,2.1602787456445993
1158.3988416,3.198885376809183,1.5826045773485078,72132.0,2.1602787456445993
1158.5988413999999,5.839361319423306,19.158605038570354,72274.0,2.1602787456445993
1158.7988412,3.817410035478966,14.212993720167992,71028.0,2.1602787456445993
1158.9988409999999,3.505389742103738,28.630122862878203,69020.0,2.1602787456445993
1159.1988408,5.774402390438247,17.840872296460876,68272.0,2.4313725490196076
1159.3988405999999,2.96608607905936,0.4402013704029364,68379.0,2.6382978723404253
1159.5988404,2.702340456461695,3.633513095511066,68790.0,2.4031007751937983
1159.7988401999999,,434.28277363565155,24675.0,2.535211267605634
1159.99884,,431.09811597858146,69044.0,2.6160337552742616
1160.1988397999999,3.502410842274445,6.7923577969837785,69063.0,2.1602787456445993
1160.3988396,,466.3436111968956,26760.0,2.535211267605634
1160.5988393999999,,426.95224798704976,73144.0,2.1602787456445993
1160.7988392,3.9330176662790053,13.7617240846612,72228.0,2.1602787456445993
1160.9988389999999,3.4981740547221754,11.00292688586509,71196.0,2.1602787456445993
1161.1988388,3.80688405295851,3.014911906386812,72283.0,2.1602787456445993
1161.3988385999999,,551.9665169716252,25932.0,1.0751173708920188
1161.5988384,,534.6250297873911,75545.0,2.1602787456445993
1161.7988381999999,,501.7093107912882,27349.0,1.0328638497652582
1161.998838,,517.6067985007282,71453.0,2.1602787456445993
1162.1988377999999,2.559352140649258,0.6623346750972459,71497.0,2.1602787456445993
1162.3988376,2.414932441844268,1.1071475328655427,71790.0,2.1602787456445993
1162.5988373999999,3.3929203030869433,16.162654985576513,69551.0,2.1602787456445993
1162.7988372,3.0923790857208737,3.2360101657103537,69388.0,2.1602787456445993
1162.9988369999999,9.592498574647735,65.65593084496692,73666.0,2.3134328358208953
1163.1988368,,619.7691084338578,30454.0,0.9812206572769953
1163.3988365999999,,586.0160803802073,77065.0,2.1602787456445993
1163.5988364,3.3723355594181683,3.353283166392127,76517.0,2.1602787456445993
1163.7988361999999,3.9347060061007677,8.281929316138736,76056.0,2.1602787456445993
1163.998836,7.06758618913315,12.595403204850196,77649.0,2.1602787456445993
1164.1988357999999,12.92312668336803,69.44822041787639,85023.0,2.1602787456445993
1164.3988356,8.854512652632081,48.53658250663962,83698.0,2.1602787456445993
1164.5988353999999,8.215209297645401,67.16687828833523,79504.0,2.1602787456445993
1164.7988352,3.799611590943936,11.069001365805653,78268.0,2.1602787456445993
1164.9988349999999,3.222199333067247,5.025020457154965,77669.0,2.1602787456445993
1165.1988348,3.4479647880094446,5.60129916899673,77928.0,2.1602787456445993
1165.3988345999999,2.28545967431722,0.5980498672404708,77990.0,2.1602787456445993
1165.5988344,2.3315935222878728,4.503168154699987,78361.0,2.1602787456445993
1165.7988341999999,2.313129240358595,4.391565318438996,77971.0,2.1602787456445993
1165.998834,2.3187078296543806,5.579616839537383,77513.0,2.1602787456445993
1166.1988337999999,2.3493496596530656,1.8435125701412507,77421.0,2.1602787456445993
1166.3988336,2.8731369195355,7.607933237706229,77761.0,2.1602787456445993
1166.5988333999999,2.7286337303912,13.468206501431697,76815.0,2.1602787456445993
1166.7988332,2.3337398637690563,4.132958250951624,77075.0,2.1602787456445993
1166.9988329999999,2.275321949576348,1.53556385028314,77186.0,2.1602787456445993
1167.1988328,2.1917434631441535,2.7905012834865217,77369.0,2.1602787456445993
1167.3988325999999,2.204223796218078,3.04052511211477,76945.0,2.1602787456445993
1167.5988324,2.259088435726686,5.171556728394553,77186.0,2.1602787456445993
1167.7988321999999,2.161094735753439,0.7093386133797809,77352.0,2.1602787456445993
1167.998832,4.158140789355389,13.769271614337192,77861.0,2.1602787456445993
1168.1988317999999,6.4297965176108995,22.570817912750744,72881.0,2.4031007751937983
1168.3988316,3.839763538764694,7.193616297045714,73585.0,2.1602787456445993
1168.5988313999999,2.187494037316179,3.217040288965921,73373.0,2.421875
1168.7988312,2.1102396454932237,2.4963067905140783,73567.0,2.3048327137546467
1168.9988309999999,2.6345601074546674,11.119692988332423,74450.0,2.2142857142857144
1169.1988308,2.1233842222072767,1.4333942232210546,74345.0,2.330827067669173
1169.3988305999999,3.529501454789615,31.440405021549118,71488.0,2.421875
1169.5988304,3.2039012324859115,3.042781785395429,71157.0,2.3846153846153846
1169.7988301999999,2.565032252624478,3.382920222160937,71157.0,2.4313725490196076
1169.99883,6.867960110866646,20.487998882802827,69994.0,2.3484848484848486
1170.1988297999999,8.731022487265498,59.06615953377719,72441.0,2.1602787456445993
1170.3988296,4.82742687348363,3.97742528877295,73366.0,2.2222222222222223
1170.5988293999999,3.2725896489734128,5.353116239136128,73983.0,2.1602787456445993
1170.7988292,2.5008423975307643,4.348642470006663,74193.0,2.1602787456445993
1170.998829,2.3785889908503406,0.8617879318647182,74429.0,2.1602787456445993
1171.1988288,3.727021109596398,19.880662166561596,72621.0,2.1602787456445993
1171.3988286,5.289995710915719,15.550307608310904,74608.0,2.1602787456445993
1171.5988284,3.802927282160509,24.353035503903914,73242.0,2.271062271062271
1171.7988282,5.579914757591902,33.508907219153116,75080.0,2.1602787456445993
1171.998828,6.402293634751041,39.46758770484787,72723.0,2.5101214574898787
1172.1988278,9.57789309528931,52.521721044842984,74384.0,2.1602787456445993
1172.3988276,4.864638630741458,21.087137141617905,74785.0,2.1602787456445993
1172.5988274,3.5235627206715074,6.33434522857255,75055.0,2.1602787456445993
1172.7988272,5.944925634881324,11.094579614484433,74699.0,2.1602787456445993
1172.998827,3.6305418719211824,1.4501511006528567,74704.0,2.1602787456445993
1173.1988268,8.632050297436965,20.047849741721574,76823.0,2.1602787456445993
1173.3988266,3.9316137790599015,8.800016758231989,76609.0,2.1602787456445993
1173.5988264,4.422178369930866,27.056161137262468,75506.0,2.1602787456445993
1173.7988262,2.5835084241823587,2.8008874269213933,75675.0,2.1602787456445993
1173.998826,3.5512292624425346,12.239541010502002,75045.0,2.2142857142857144
1174.1988258,3.438355084177739,14.506997986298279,76089.0,2.3048327137546467
1174.3988256,2.600154963426005,2.451354529206272,76147.0,2.330827067669173
1174.5988254,2.868861277667712,2.56337439625492,76217.0,2.330827067669173
1174.7988252,4.814585000459143,10.804003996755267,76229.0,2.3048327137546467
1174.998825,4.325385455525454,86.54425361548861,70501.0,2.3048327137546467
1175.1988248,8.513595208441204,4.9593488884776376,71459.0,2.3048327137546467
1175.3988246,8.929278333651409,7.96559471050692,73358.0,2.48
1175.5988244,4.193448956107184,10.642118697520962,72996.0,2.3846153846153846
1175.7988242,,577.8504513190893,27326.0,1.2216748768472907
1175.998824,,619.0573072144352,76144.0,2.5306122448979593
1176.1988238,5.379828132066938,8.471172426718624,77385.0,2.198581560283688
1176.3988236,3.2391815344302723,3.8219166345192725,77853.0,2.2545454545454544
1176.5988234,5.323056083709255,12.241649993699186,80469.0,2.2302158273381294
1176.7988232,5.05637889936781,8.075614822446976,77192.0,2.3134328358208953
1176.998823,6.528250180292401,26.180596748149195,76265.0,2.6382978723404253
1177.1988228,8.947487380396293,31.327358709151213,79638.0,2.6495726495726495
1177.3988226,13.177943837212185,54.79062856509279,80694.0,2.1602787456445993
1177.5988224,5.588780468941337,12.794127181416396,77579.0,2.1602787456445993
1177.7988222,2.627726523674206,5.557533088217198,77067.0,2.1602787456445993
1177.998822,3.9428854363215438,20.499571510509817,74727.0,2.1602787456445993
1178.1988218,3.6865706447187927,18.402075930375076,72900.0,2.1602787456445993
1178.3988216,2.5525452355571554,4.541865716088405,72233.0,2.1602787456445993
1178.5988214,2.5094287375737268,3.931885962175277,72226.0,2.1602787456445993
1178.7988212,4.618623080733036,13.649807661198686,72684.0,2.1602787456445993
1178.998821,7.795474383050758,39.53972681753756,75614.0,2.1602787456445993
1179.1988208,9.25952338878651,9.832962814767667,79226.0,2.206405693950178
1179.3988206,7.262509205069571,49.485634770443475,77403.0,2.450592885375494
1179.5988204,3.3659280103177394,9.131527756404912,76761.0,2.4899598393574296
1179.7988202,2.8510051754180648,4.42254647379291,76902.0,2.4899598393574296
1179.99882,9.307228275312251,62.61894873994459,75260.0,2.683982683982684
1180.1988198,7.426235529176705,90.5682549248397,68068.0,2.3484848484848486
1180.3988196,6.437172657012081,21.555114462232858,66635.0,2.2794117647058822
1180.5988194,,303.86124294693633,23766.0,2.5961538461538463
1180.7988192,31.56838634122288,181.14365584159648,32448.0,2.4788732394366195
1180.998819,11.55573432692579,24.27082237802362,35427.0,2.4788732394366195
1181.1988188,5.3038493038493035,44.37413683925609,34188.0,3.3354430379746836
1181.3988186,,45.568540874132076,32611.0,1.2877358490566038
1181.5988184,,52.01708598391533,33541.0,3.4444444444444446
1181.7988182,2.736766380912415,6.076646234875598,33362.0,3.556291390728477
1181.998818,6.260713164130528,41.9915243071259,35027.0,2.4741784037558685
1182.1988178,3.7988660360438544,17.366528526029537,34569.0,2.4741784037558685
1182.3988176,5.068371467025572,10.125819041878367,33435.0,2.4788732394366195
1182.5988174,4.508998792306106,13.225579572760845,33949.0,2.4741784037558685
1182.7988172,4.25906239107703,14.587418977817102,34428.0,2.4741784037558685
1182.998817,2.196478893698614,1.9955293190506656,34421.0,2.4788732394366195
1183.1988168,6.009615384615385,40.498826535730785,35360.0,2.535211267605634
1183.3988166,13.415951148445492,276.57150775424884,32261.0,2.04
1183.5988164,,489.13193443390566,78654.0,2.743362831858407
1183.7988162,2.973941409912282,9.704690324297594,77863.0,2.743362831858407
1183.998816,,516.4987293784066,30799.0,1.9337748344370862
1184.1988158,11.14997717937015,27.646867022916645,32865.0,1.8597560975609757
1184.3988156,2.5522547227300425,3.421721187624139,32820.0,1.883435582822086
1184.5988154,2.2363347974621766,1.2881230956119956,32784.0,1.7443181818181819
1184.7988152,,506.79317858316625,80613.0,2.4701195219123506
1184.998815,3.6703048982398943,17.43122288497814,78518.0,2.6050420168067228
1185.1988148,2.308772154328492,7.414895684496048,78145.0,2.8054298642533935
1185.3988146,2.115366884364195,0.9338994143651983,78090.0,2.8181818181818183
1185.5988144,2.587757214960528,4.8157955055522015,77270.0,2.8181818181818183
1185.7988142,,550.7716769054573,28927.0,2.0694444444444446
1185.998814,,541.3263565070262,77126.0,2.857142857142857
1186.1988138,2.585696734561914,3.1273237361530315,77325.0,2.8310502283105023
1186.3988136,4.0452929314370625,6.687346685329435,75376.0,2.8703703703703702
1186.5988134,9.072743707412043,32.08547146467011,71910.0,2.540983606557377
1186.7988132,5.166609333791996,10.815282489637273,69768.0,2.3846153846153846
1186.998813,4.397525124381636,5.891587003663628,70549.0,2.2627737226277373
1187.1988128,4.41724224714074,5.8796910653930246,71522.0,2.2627737226277373
1187.3988126,6.522336965824157,29.690007618382154,70108.0,2.2142857142857144
1187.5988124,5.326004517190419,15.627651077038703,71726.0,2.1602787456445993
1187.7988122,9.844857459999458,13.562619497021824,73874.0,2.2302158273381294
1187.998812,4.327677639171292,13.519411951254126,72788.0,2.412451361867704
1188.1988118,3.5115261082275135,13.04074929668655,73789.0,2.2142857142857144
1188.3988116,3.087842284087399,12.417563975869363,74463.0,2.1602787456445993
1188.5988114,3.479981221916706,4.679797089837796,74555.0,2.1602787456445993
1188.7988112,2.2898821270467757,4.347640692484394,74996.0,2.1602787456445993
1188.998811,2.397430228974905,0.20498239330047296,74637.0,2.1602787456445993
1189.1988108,2.24049581239531,1.836617309836129,74625.0,2.1602787456445993
1189.3988106,2.8382921252156237,7.666188985396469,74783.0,2.1602787456445993
1189.5988104,2.1271653859541084,2.0170543761765796,74698.0,2.1602787456445993
1189.7988102,4.996879875195008,7.793179554910835,75638.0,2.1602787456445993
1189.99881,6.085548821893939,10.810288468812756,78049.0,2.1602787456445993
1190.1988098,5.132582355409203,13.733489431665989,78653.0,2.2302158273381294
1190.3988096,5.195643589580282,18.04313831781553,78505.0,2.450592885375494
1190.5988094,3.804577131983214,17.309364037644183,79351.0,2.1602787456445993
1190.7988092,2.5210629053586047,2.262577984404844,79405.0,2.1602787456445993
1190.998809,3.2984267266008915,7.689110849106618,78753.0,2.1602787456445993
1191.1988088,2.756154628687691,1.5493124747816467,78640.0,2.1602787456445993
1191.3988086,5.497129010166992,35.008846481637896,75932.0,2.1602787456445993
1191.5988084,2.7166477077325997,6.023309916783362,75602.0,2.1602787456445993
1191.7988082,4.245210312075984,30.86693507030169,73700.0,2.393822393822394
1191.998808,3.2682508540617667,16.430263768988187,72887.0,2.5203252032520327
1192.1988078,2.8339803419509373,6.231019340966615,72642.0,2.6050420168067228
1192.3988075999998,2.825336310658461,13.96583394501602,73444.0,2.4031007751937983
1192.5988074,2.5894180185639133,14.176618520142036,72614.0,2.6160337552742616
1192.7988071999998,2.5448153934709317,9.75405611568318,72966.0,2.5306122448979593
1192.998807,2.1396251876127397,4.166810772808387,72623.0,2.5306122448979593
1193.1988067999998,2.015242475146642,1.3728534572909576,72626.0,2.5833333333333335
1193.3988066,2.020997737431709,0.6978949425681173,72484.0,2.551440329218107
1193.5988063999998,2.0732073703504637,1.0097406034416312,72561.0,2.6160337552742616
1193.7988062,2.0117771839444614,1.025426853322549,72598.0,2.5306122448979593
1193.9988059999998,2.0263564394670786,0.639872778285897,72506.0,2.56198347107438
1194.1988058,1.996581573578872,1.4881636626269104,72548.0,2.5306122448979593
1194.3988055999998,2.328409340057005,6.446358870979286,72976.0,2.5
1194.5988054,2.054048494157661,0.5667086231306155,72916.0,2.393822393822394
1194.7988051999998,2.1299651376650472,4.243896413755,72858.0,2.5101214574898787
1194.998805,4.629901072497617,13.836486769246571,74499.0,2.271062271062271
1195.1988047999998,5.438283135404879,36.793062938465276,73343.0,2.540983606557377
1195.3988046,6.242041993477264,14.381768070049992,74202.0,2.551440329218107
1195.5988043999998,4.832095975898429,13.066893506375221,74352.0,2.540983606557377
1195.7988042,8.760149796530886,54.51603404412328,73967.0,2.6495726495726495
1195.9988039999998,3.582192333557498,4.849171814341074,74350.0,2.594142259414226
1196.1988038,4.385586974454677,17.83626129806698,73947.0,2.8310502283105023
1196.3988035999998,6.09841035839951,47.23572666295015,71903.0,2.897196261682243
1196.5988034,2.639103565552806,1.9567163113853316,72331.0,2.883720930232558
1196.7988031999998,2.434793426126861,1.487996158487185,72347.0,2.8703703703703702
1196.998803,2.2697727807050296,1.3898719107053585,72309.0,2.857142857142857
1197.1988027999998,2.0576309133877855,1.273275652709562,72357.0,2.857142857142857
1197.3988026,2.1890717340456454,1.0616073207707688,72253.0,2.857142857142857
1197.5988023999998,2.3082514132947174,3.6643692180278453,71818.0,2.8703703703703702
1197.7988022,5.241294416937933,2.3061492373417036,73114.0,2.8440366972477062
1197.9988019999998,6.425283210430694,14.502233300956544,74856.0,2.8703703703703702
1198.1988018,3.232624170737287,4.318650592585186,74313.0,2.897196261682243
1198.3988015999998,6.902198635329795,29.27740480826661,71226.0,2.8440366972477062
1198.5988014,6.423464249748237,41.73576928051868,69510.0,2.5306122448979593
1198.7988011999998,3.4230163055486,10.97368683325674,67891.0,2.4313725490196076
1198.998801,2.2718389277595725,2.8358151668189175,67746.0,2.6609442060085837
1199.1988007999998,4.02194763165637,1.9762099626250116,67980.0,2.6724137931034484
1199.3988006,5.327250190409343,11.78740784033458,66961.0,2.1602787456445993
1199.5988003999998,,410.95810343770506,16306.0,0.835820895522388
1199.7988002,,401.02323473809616,67838.0,2.206405693950178
1199.9987999999998,3.804802683852741,2.1875810615257474,67962.0,2.5101214574898787
1200.1987998,4.234157119236791,2.423245629770216,68343.0,2.7074235807860263
1200.3987995999998,3.355486030267753,4.850388193505847,68720.0,2.719298245614035
1200.5987994,2.2602757600800314,2.1199200455165697,68973.0,2.719298245614035
1200.7987991999998,2.285313648846975,0.23053480674134522,68819.0,2.7312775330396475
1200.998799,2.304922733790027,0.9782311146650965,69047.0,2.7312775330396475
1201.1987987999998,2.223695677434348,1.8355948685528913,68848.0,2.7312775330396475
1201.3987986,5.815867180036476,15.855175013237508,69086.0,2.7927927927927927
1201.5987983999999,,322.8201490024749,28685.0,2.4788732394366195
1201.7987982,18.50738271758769,139.5201768724047,32102.0,2.4741784037558685
1201.9987979999999,26.751411500301487,216.10378468489733,36486.0,3.45679012345679
1202.1987978,9.006549757025143,20.938004834317745,37864.0,2.68075117370892
1202.3987975999999,6.999429402870104,73.71231608831806,35051.0,3.3647798742138364
1202.5987974,4.879157835240921,16.64381747435006,35385.0,3.3962264150943398
1202.7987971999999,3.8264934331309135,26.290483551277173,35405.0,3.3333333333333335
1202.998797,3.0661182722749887,6.319624337272336,35376.0,3.2732919254658386
1203.1987967999999,6.955194839810225,28.381092376066743,37518.0,3.4465408805031448
1203.3987966,2.8199736466454377,4.621599080521337,36428.0,3.4367088607594938
1203.5987963999999,2.612079235351157,15.296992810609236,36095.0,3.3962264150943398
1203.7987962,2.2270507408327127,4.4935127342803325,36243.0,3.3836477987421385
1203.9987959999999,2.217245302916771,6.334945219582568,36033.0,3.358490566037736
1204.1987958,,86.12603437184181,32849.0,1.9096774193548387
1204.3987955999999,,79.25018320248697,34832.0,3.5294117647058822
1204.5987954,13.634843097851292,247.31536563363466,32345.0,1.8888888888888888
1204.7987951999999,,481.3890930110237,76427.0,2.1602787456445993
1204.998795,6.045429265182653,20.055295155741103,73719.0,2.719298245614035
1205.1987947999999,3.978017284337315,25.661653948296674,70237.0,2.6160337552742616
1205.3987946,2.9859537638737135,9.434545186498367,69556.0,2.6382978723404253
1205.5987943999999,3.4026632302405497,4.4849446823143655,69840.0,2.5101214574898787
1205.7987942,3.5138350621224212,11.608313286280335,70184.0,2.450592885375494
1205.9987939999999,3.9659072920114555,7.3101741060579535,69487.0,2.4031007751937983
1206.1987938,5.339012123150274,9.440994613349845,68794.0,2.1602787456445993
1206.3987935999999,4.820843024090505,11.997341086522791,69654.0,2.1602787456445993
1206.5987934,2.8468879137732714,6.90982919464738,70419.0,2.1602787456445993
1206.7987931999999,3.1253452153859294,2.4465918224996055,70246.0,2.1602787456445993
1206.998793,3.2620946456850186,5.87682177055025,70093.0,2.1602787456445993
1207.1987927999999,2.769830856556091,0.6673604008137414,70118.0,2.1602787456445993
1207.3987926,2.4772199672434665,1.1125794971050806,70215.0,2.1602787456445993
1207.5987923999999,2.3319741663221225,1.7378259736254644,70141.0,2.1602787456445993
1207.7987922,2.2405429271349626,1.1715386474102076,70212.0,2.1602787456445993
1207.9987919999999,2.1830458579247467,2.639664839297136,69977.0,2.1602787456445993
1208.1987918,2.4248164609988496,4.8222404183114005,70421.0,2.1602787456445993
1208.3987915999999,5.426547967412659,14.685955118901779,72789.0,2.1602787456445993
1208.5987914,5.388390368966671,15.917875580647497,71768.0,2.1602787456445993
1208.7987911999999,6.436120733676526,11.497118222870359,72457.0,2.1602787456445993
1208.998791,7.377202750480221,27.01743775083664,71842.0,2.1602787456445993
1209.1987907999999,7.307225080897565,23.64816838575922,75404.0,2.2222222222222223
1209.3987906,3.977398436009918,17.9008718657307,73402.0,2.198581560283688
1209.5987903999999,2.6102276784488203,3.2192707438033183,72822.0,2.198581560283688
1209.7987902,2.5616854670901326,2.8808955646694296,73048.0,2.1602787456445993
1209.9987899999999,2.2472443313913733,1.2212137434106574,73122.0,2.1602787456445993
1210.1987898,3.0204814996994043,5.115777477272009,73188.0,2.2142857142857144
1210.3987895999999,2.086275793407253,2.3976445112936386,73323.0,2.246376811594203
1210.5987894,4.735493392366003,30.424592409854323,74535.0,2.1602787456445993
1210.7987891999999,2.6687469474141206,10.654340104232908,73708.0,2.1602787456445993
1210.998789,5.850541293745645,19.719529690377254,74636.0,2.1602787456445993
1211.1987887999999,2.799619940969555,5.509658008353832,74199.0,2.1602787456445993
1211.3987886,2.6969840091761688,3.8748620264287617,74105.0,2.1602787456445993
1211.5987883999999,2.5389898548547865,10.767392357869731,73237.0,2.1602787456445993
1211.7987882,2.5687967602443544,4.965860929685454,72845.0,2.1602787456445993
1211.9987879999999,2.7572547023129736,1.409702190034357,72677.0,2.1602787456445993
1212.1987878,2.274734350052304,0.5653217359096923,72652.0,2.1602787456445993
1212.3987875999999,4.80780082764551,15.281313255325601,74428.0,2.1602787456445993
1212.5987874,3.404293791409718,4.045761643293749,74107.0,2.1602787456445993
1212.7987871999999,8.336649056007166,24.750661458358138,75901.0,2.1602787456445993
1212.998787,8.859377309558043,23.062965680407448,74419.0,2.1602787456445993
1213.1987867999999,4.899984988878123,4.6562238900563635,73279.0,2.1602787456445993
1213.3987866,4.808378168506295,11.486947995072313,72116.0,2.1602787456445993
1213.5987863999999,3.2915140372945553,6.126762285202499,72343.0,2.1602787456445993
1213.7987862,5.692409773716037,4.259950626436464,73094.0,2.1602787456445993
1213.9987859999999,13.689549872654505,28.827624540396197,76956.0,2.1602787456445993
1214.1987858,9.971384291116484,24.747182895744846,80655.0,2.1602787456445993
1214.3987855999999,12.63884850940114,23.57116251622273,83926.0,2.2878228782287824
1214.5987854,12.794909354967949,88.26747670662024,79872.0,2.1602787456445993
1214.7987851999999,4.5356674074362875,17.77746613554769,76947.0,2.6956521739130435
1214.998785,5.141945817569247,28.392298330720052,72422.0,2.7927927927927927
1215.1987847999999,5.085578863001962,6.76019568762625,72366.0,2.6609442060085837
1215.3987846,5.448943279954867,21.422764269188146,69129.0,2.7074235807860263
1215.5987843999999,4.219970429665915,28.174022431548824,66959.0,2.8054298642533935
1215.7987842,5.493662531687342,2.445589569104642,66667.0,2.8440366972477062
1215.998784,7.323389055992596,32.428723851799155,69152.0,2.857142857142857
1216.1987838,,480.94255343812114,26176.0,4.2377622377622375
1216.3987836,26.188588629215005,86.36303543818549,29567.0,3.9225352112676055
1216.5987834,,397.31197589763497,79945.0,2.7927927927927927
1216.7987832,,432.08446262844615,33036.0,3.8133333333333335
1216.998783,3.8263693440138558,24.925411112059855,32333.0,3.9655172413793105
1217.1987828,3.5245315849982912,25.74210596162472,32183.0,3.891156462585034
1217.3987826,5.15628542962174,153.33162468230924,29107.0,1.7105263157894737
1217.5987824,3.4239698476546416,146.50151723120825,31573.0,3.7434210526315788
1217.7987822,4.894340530876083,156.4645681966144,29084.0,1.7583892617449663
1217.998782,8.153758308687886,146.81405951787596,34151.0,3.895424836601307
1218.1987818,4.782985479442993,152.85636134329945,30233.0,1.6898734177215189
1218.3987816,9.770397394922512,167.70381169848326,33166.0,3.4545454545454546
1218.5987814,20.591990447322495,196.28946886117797,32661.0,3.896551724137931
1218.7987812,11.25871466599062,113.76134605571784,31556.0,3.4900662251655628
1218.998781,10.484941198967396,52.850100738982114,31377.0,3.3354430379746836
1219.1987808,10.818789144050104,51.775196437474,33530.0,3.1
1219.3987806,4.504175488120442,21.40892941082487,34008.0,2.9775280898876404
1219.5987804,10.925931950657448,48.00106062188968,36885.0,2.764397905759162
1219.7987802,4.466902842478173,24.65507806870811,35849.0,2.8181818181818183
1219.99878,3.8643400979309956,10.562424067126237,35331.0,2.8956043956043955
1220.1987798,4.29204255956841,34.195390901270095,33365.0,3.063953488372093
1220.3987796,5.359919839679359,26.87136838260943,32435.0,2.9943181818181817
1220.5987794,2.962202578969046,6.621099332395773,31563.0,3.028735632183908
1220.7987792,2.6198289953476674,7.887888787686231,31812.0,3.0344827586206895
1220.998779,5.022631709126886,21.073587343243023,32344.0,3.0697674418604652
1221.1987788,,117.36266947658964,26457.0,1.5290322580645161
1221.3987786,,127.44400764048946,32862.0,3.0114285714285716
1221.5987784,,367.63675615815816,75489.0,2.5726141078838176
1221.7987782,,317.4401275809991,27071.0,3.356687898089172
1221.998778,,34.48915539786099,16276.0,1.0354609929078014
1222.1987778,,441.39901236531927,67457.0,2.980769230769231
1222.3987776,4.977559931754431,15.66651310939368,69162.0,2.7555555555555555
1222.5987774,7.272499577869083,19.048883695533597,71068.0,2.5306122448979593
1222.7987772,7.347986280446957,26.540380654776392,74638.0,2.330827067669173
1222.998777,3.042667351434634,8.825261390698875,73991.0,2.6609442060085837
1223.1987768,3.7476280080568216,11.125939287585677,75464.0,2.1602787456445993
1223.3987766,10.110560166247978,63.39085986386777,76031.0,2.2142857142857144
1223.5987764,,351.6164570757357,29141.0,2.7883597883597884
1223.7987762,,363.44950867412143,72870.0,2.9523809523809526
1223.998776,4.055703066829632,11.633565830591486,71181.0,2.9245283018867925
1224.1987758,,364.2337228566474,26787.0,3.9130434782608696
1224.3987756,,358.9455875506097,71274.0,2.9107981220657275
1224.5987754,2.367162959728424,2.2162532158371895,70993.0,2.9245283018867925
1224.7987752,2.241004243281471,1.8053334166616655,70700.0,2.9245283018867925
1224.998775,2.3746232036452857,3.8832243155049095,71325.0,2.9107981220657275
1225.1987748,2.111737879744615,0.161224999698518,71265.0,2.9107981220657275
1225.3987746,,352.98766490016374,26790.0,3.884892086330935
1225.5987744,,353.78385156212323,71368.0,2.9107981220657275
1225.7987742,3.0951843962744854,11.103121252332102,71829.0,2.9107981220657275
1225.998774,7.140512209325948,44.595036937068286,73837.0,2.857142857142857
1226.1987738,4.424806035349136,14.7240029427683,74627.0,2.897196261682243
1226.3987736,3.7788005466677386,8.041684964123998,74634.0,2.938388625592417
1226.5987734,4.9550247270691425,9.831684951251503,75019.0,2.883720930232558
1226.7987732,7.355223346902849,8.016062248561882,72712.0,2.1602787456445993
1226.998773,7.161333392021363,33.796541922710574,68157.0,2.2545454545454544
1227.1987728,5.746414237031427,11.605525189982533,66025.0,2.743362831858407
1227.3987726,4.895709239250928,20.12016808864829,67657.0,2.1602787456445993
1227.5987724,3.4793731133945176,30.77655065238887,65594.0,2.198581560283688
1227.7987722,4.180883484685239,15.023369975835923,64970.0,2.6724137931034484
1227.998772,4.026734778153343,11.501567059405183,65383.0,2.6609442060085837
1228.1987718,2.857886859307227,2.732433686523021,65476.0,2.551440329218107
1228.3987716,5.302090634809375,8.08674923451208,65626.0,2.7555555555555555
1228.5987714,3.246102146468469,8.105396595159492,66062.0,2.780269058295964
1228.7987712,3.153792209772086,9.428446508649449,65595.0,2.8054298642533935
1228.998771,3.8438314640800244,14.474555065730167,65980.0,2.767857142857143
1229.1987708,4.71193757263822,3.0323083541958193,66253.0,2.7555555555555555
1229.3987706,4.259994042299672,14.37404255612056,67140.0,2.7927927927927927
1229.5987704,3.8866236893668575,8.491079543524815,66857.0,2.8054298642533935
1229.7987702,5.38457779813712,22.184031787648657,65490.0,2.780269058295964
1229.99877,6.138580997867291,14.54055065588172,66582.0,2.6956521739130435
1230.1987698,11.69803480574336,103.37302211705588,72919.0,2.330827067669173
1230.3987696,8.972586282219309,26.0525745127113,73248.0,2.56198347107438
1230.5987694,6.700728234780711,11.614988687314746,73328.0,2.1602787456445993
1230.7987692,8.200576244132726,19.060588918255288,73927.0,2.393822393822394
1230.998769,,604.5399897374896,28660.0,1.4508670520231215
1231.1987688,7.199741113213183,13.825256815384092,30129.0,1.6144578313253013
1231.3987686,4.831141380930014,11.863314929661477,29806.0,1.6257668711656441
1231.5987684,6.08575903928991,40.222295121686585,30644.0,1.7888198757763976
1231.7987682,3.79480280858324,12.230166722191477,30478.0,1.6428571428571428
1231.998768,3.8073934684958117,155.89855023053923,32948.0,3.5644171779141103
1232.1987678,8.106639196796472,36.332807628230064,34462.0,3.4437869822485205
1232.3987676,5.835358010575961,18.509344345566937,34985.0,3.139784946236559
1232.5987674,4.313065224344994,6.175005428936409,34389.0,3.185792349726776
1232.7987672,,389.15071195502406,82762.0,2.5833333333333335
1232.998767,,421.66322505129926,37369.0,2.9651741293532337
1233.1987668,,423.4114257554317,83126.0,2.4031007751937983
1233.3987666,,395.52672753365954,38210.0,3.337142857142857
1233.5987664,3.3177630390461688,1.0938157883487214,38749.0,3.1451612903225805
1233.7987662,,368.4047764542355,85222.0,2.5833333333333335
1233.998766,3.5933387965347694,10.9972845888524,85420.0,2.5306122448979593
1234.1987658,2.762726257503141,8.840368987874488,85964.0,2.450592885375494
1234.3987656,4.652283565663977,17.179687447184644,87232.0,2.4031007751937983
1234.5987654,3.105815419207577,6.106421348940553,88059.0,2.4031007751937983
1234.7987652,2.6242521806640178,3.22978851252487,87588.0,2.375478927203065
1234.998765,2.913515605436292,5.416455990422352,87854.0,2.375478927203065
1235.1987648,4.427953808521531,9.119865521767366,87895.0,2.1602787456445993
1235.3987646,4.437262878822508,15.233425342170799,87508.0,2.375478927203065
1235.5987644,3.508060962796425,16.05725829380744,88513.0,2.3048327137546467
1235.7987642,2.354609929078014,4.260532390084648,88407.0,2.3048327137546467
1235.998764,2.338029600027094,1.4626242774934541,88581.0,2.3048327137546467
1236.1987638,2.2808420291819127,0.7015834456716278,88548.0,2.3048327137546467
1236.3987636,2.5070176235465116,5.6011974596606136,88064.0,2.3220973782771535
1236.5987633999998,2.3767766339369643,2.0329814064677576,88299.0,2.3134328358208953
1236.7987632,2.907645921037661,3.0952913940158866,87890.0,2.3048327137546467
1236.9987629999998,2.529830658625507,2.8214922636310567,88047.0,2.3134328358208953
1237.1987628,2.520606046859761,3.774152287542601,88178.0,2.330827067669173
1237.3987625999998,2.4658887301263297,4.646898742480027,88182.0,2.3048327137546467
1237.5987624,3.5998000817847244,6.478743579949059,88036.0,2.330827067669173
1237.7987621999998,4.086159372811278,8.776194029043117,88522.0,2.3484848484848486
1237.998762,6.396478238899752,21.7689166989359,91034.0,2.3574144486692017
1238.1987617999998,,296.1913497326772,41519.0,3.064171122994652
1238.3987616,,388.546169055382,80818.0,2.551440329218107
1238.5987613999998,,394.9997461649137,35890.0,3.3294117647058825
1238.7987612,4.344793656306072,1.9549405106026323,34554.0,3.5923566878980893
1238.9987609999998,11.583266625159359,176.62442691401466,33729.0,1.6176470588235294
1239.1987608,10.10096500072015,71.98335627265708,34715.0,1.6023391812865497
1239.3987605999998,,554.5733448091449,82283.0,2.4701195219123506
1239.5987604,5.234734057467481,16.19281452247033,82029.0,2.5203252032520327
1239.7987601999998,,572.7726648933965,32139.0,1.6
1239.99876,,579.4572445869984,79160.0,2.5833333333333335
1240.1987597999998,3.319864010437575,3.737490276273689,79712.0,2.551440329218107
1240.3987596,3.4626226336879924,2.829728281924788,79607.0,2.551440329218107
1240.5987593999998,2.884102641206836,5.334320623225445,79812.0,2.56198347107438
1240.7987592,3.264940863654037,1.0596370560517663,79731.0,2.5833333333333335
1240.9987589999998,,577.9662650066837,31489.0,1.4207650273224044
1241.1987588,4.77111125501878,11.474782245891163,30884.0,1.4308510638297873
1241.3987585999998,2.8861315755460772,4.749971976548733,30948.0,1.431578947368421
1241.5987584,3.521946626842413,10.025009752464184,30802.0,1.3756345177664975
1241.7987581999998,2.6944417277913613,3.081306792627508,30675.0,1.3865979381443299
1241.998758,2.539299814023296,0.7036967521079733,30649.0,1.267605633802817
1242.1987577999998,,600.9983966229394,77952.0,2.540983606557377
1242.3987576,5.443642152180834,8.804547457361389,78525.0,2.6495726495726495
1242.5987573999998,4.9514223081213595,10.821177012805416,77093.0,2.3484848484848486
1242.7987572,,593.2959996755947,28730.0,1.36
1242.9987569999998,6.16112584132164,14.346996497486208,29418.0,1.4
1243.1987568,,586.8724568599648,77112.0,2.540983606557377
1243.3987565999998,,593.3661775469426,29796.0,1.359375
1243.5987564,3.3126362020987696,10.367798435697578,29827.0,1.40625
1243.7987561999998,2.957632567425806,1.4514792693323932,29551.0,1.3968253968253967
1243.998756,2.563614663256607,4.17211071177812,29325.0,1.331578947368421
1244.1987557999998,3.9377021276595743,10.238323342030222,29375.0,1.427027027027027
1244.3987556,2.655293268735182,0.9447313910232289,29103.0,1.4316939890710383
1244.5987553999998,3.4115405739393108,1.2982156250324277,29132.0,1.4640883977900552
1244.7987552,3.897398451297378,8.016521838625366,29444.0,1.4943181818181819
1244.9987549999998,3.021561135371179,5.32935342752705,29312.0,1.5114942528735633
1245.1987548,3.661646516178629,9.720990208558032,28618.0,1.6049382716049383
1245.3987545999998,5.376495078149808,14.82817234505791,28343.0,1.575
1245.5987544,7.948700173310225,31.95543601902275,28850.0,1.5828220858895705
1245.7987541999998,5.2104084275364855,2.803022079603109,28573.0,1.6049382716049383
1245.998754,3.8214600133816954,5.209406685243492,28397.0,1.5766871165644172
1246.1987537999998,7.243863701992492,17.202400006345634,27704.0,1.423529411764706
1246.3987536,5.011876738711749,7.6303373576128,28038.0,1.5146198830409356
1246.5987533999999,7.515564492106047,27.8590285643551,26856.0,1.3709677419354838
1246.7987532,6.633053839364519,21.22026498164325,27192.0,1.5235294117647058
1246.9987529999999,6.118364264134657,17.0145358171171,27804.0,1.447674418604651
1247.1987528,,606.6147009185038,79503.0,2.6271186440677967
1247.3987525999999,,424.42935966318356,32582.0,3.345029239766082
1247.5987524,3.3683046003503274,4.411409981241002,32541.0,3.4
1247.7987521999999,3.0970077879491735,151.19084444261853,29276.0,1.6272189349112427
1247.998752,4.216705224267118,7.965774212674048,28961.0,1.6407185628742516
1248.1987517999999,8.840087912087911,174.34643783758835,34125.0,3.4201183431952664
1248.3987516,5.376656911688759,167.99746492014972,29045.0,1.6369047619047619
1248.5987513999999,4.191743484519034,168.03118037944614,32653.0,3.364705882352941
1248.7987512,2.9332988980716252,162.2032221517808,29040.0,1.6407185628742516
1248.9987509999999,,551.3159225957656,78761.0,2.551440329218107
1249.1987508,,657.4075138024391,29461.0,1.5243243243243243
1249.3987505999999,8.122151986662962,44.33490243498896,28792.0,1.572289156626506
1249.5987504,8.991648898365316,58.415031423471675,28140.0,1.4078212290502794
1249.7987501999999,4.880972910828483,27.22013070749644,27834.0,1.48
1249.99875,5.0964912280701755,6.525095158041928,27132.0,1.3908045977011494
1250.1987497999999,,624.4972109451894,72595.0,2.8181818181818183
1250.3987496,,623.0514631045149,25697.0,1.5950920245398772
1250.5987493999999,5.990219854490518,21.810649270365495,25153.0,1.607361963190184
1250.7987492,4.587472035794184,7.868172543929924,24585.0,1.5481927710843373
1250.9987489999999,6.794056970562565,17.583104063155535,25206.0,1.526946107784431
1251.1987488,7.956072891415197,12.751387996287665,23926.0,1.4970414201183433
1251.3987485999999,5.061354814474727,7.487712409056809,23959.0,1.5644171779141105
1251.5987484,9.402695672735872,39.236063048580654,25374.0,1.8404907975460123
1251.7987481999999,,646.7510358248255,72415.0,2.767857142857143
1251.998748,3.313929082746063,4.818946250318428,71943.0,2.743362831858407
1252.1987477999999,3.155215565390761,9.949144288220053,70721.0,2.7555555555555555
1252.3987476,10.158583142013775,36.4731345464646,76225.0,2.6956521739130435
1252.5987473999999,5.97713073049851,11.601611329288945,75866.0,2.540983606557377
1252.7987472,4.419367273694005,1.2223229006533964,75230.0,2.4899598393574296
1252.9987469999999,3.534159174159174,3.9594352975394735,75075.0,2.4899598393574296
1253.1987468,3.447116210821315,10.261464437496286,75647.0,2.4603174603174605
1253.3987465999999,2.501088433579165,4.087040510289837,75797.0,2.440944881889764
1253.5987464,2.6859590169335177,2.011895584658842,75885.0,2.450592885375494
1253.7987461999999,2.780077653601973,3.9018699887968373,76236.0,2.421875
1253.998746,2.732211991210631,7.374726291404258,76456.0,2.393822393822394
1254.1987457999999,2.5071446281530974,2.7768200962412646,76631.0,2.4031007751937983
1254.3987456,2.2558003357233014,1.5822654470338273,76849.0,2.393822393822394
1254.5987453999999,2.6066450356911095,9.317631728395831,77050.0,2.366412213740458
1254.7987452,2.245031235911638,2.9457280819360596,77635.0,2.375478927203065
1254.9987449999999,2.414415698880133,2.1055774803957936,77152.0,2.375478927203065
1255.1987448,2.5330229550598125,4.776222854605235,77325.0,2.375478927203065
1255.3987445999999,3.4616494659399843,4.854400087106938,77613.0,2.3574144486692017
1255.5987444,2.301334159118474,1.6283242940792042,77502.0,2.375478927203065
1255.7987441999999,2.520764752204278,1.9837277465128689,77463.0,2.3484848484848486
1255.998744,2.5307378904481665,2.737191012013067,77315.0,2.3484848484848486
1256.1987437999999,3.080033341882534,4.3669268176835745,77980.0,2.3484848484848486
1256.3987436,2.8593230641886214,6.203976114102822,77319.0,2.3846153846153846
1256.5987433999999,3.259485655208064,5.906924461487505,77380.0,2.3484848484848486
1256.7987432,3.5697156251609914,1.2189585117934616,77644.0,2.366412213740458
1256.9987429999999,2.777057117704935,1.1915326772497312,77244.0,2.3484848484848486
1257.1987428,2.7465871182961252,5.4870878905750855,77940.0,2.339622641509434
1257.3987425999999,3.3411332904056663,5.840194884139526,77650.0,2.3484848484848486
1257.5987424,3.3156399196180577,8.365248410826057,78127.0,2.330827067669173
1257.7987421999999,2.4907677729973368,2.08053529463699,78096.0,2.330827067669173
1257.998742,2.4782856329204046,5.2950645891683505,77253.0,2.3484848484848486
1258.1987417999999,2.685708785214657,6.099205797425991,77915.0,2.330827067669173
1258.3987416,2.3435003537659997,3.4565976723992793,77735.0,2.3048327137546467
1258.5987413999999,2.997986585788117,3.599412338088738,77977.0,2.3220973782771535
1258.7987412,2.8066981083449307,2.3579303701966814,77604.0,2.3134328358208953
1258.9987409999999,3.1412119971337904,5.742845088853942,78152.0,2.2962962962962963
1259.1987408,2.6920735656003107,7.412904696159276,77210.0,2.3134328358208953
1259.3987405999999,4.490832425861676,19.331785301583245,78974.0,2.271062271062271
1259.5987404,2.8301030230501065,16.863884940672097,76876.0,2.3048327137546467
1259.7987401999999,2.752849640147831,3.0690695361506255,77115.0,2.3048327137546467
1259.99874,2.575549485943982,6.880525057563844,77618.0,2.271062271062271
1260.1987397999999,4.275098763858799,5.26251832616374,78470.0,2.271062271062271
1260.3987396,2.975804273163453,5.291998052538775,77741.0,2.2962962962962963
1260.5987393999999,3.39804181202414,10.949038339633233,78542.0,2.271062271062271
1260.7987392,2.845755239887597,10.018488542052088,77578.0,2.2962962962962963
1260.998739,2.9994857025303436,8.438678999712414,77776.0,2.2878228782287824
1261.1987388,2.7160664997753385,3.588547727672543,77895.0,2.271062271062271
1261.3987386,2.4261173667422464,0.2991829654897589,78063.0,2.2962962962962963
1261.5987384,2.5046118568520854,1.7589240072614487,77626.0,2.3048327137546467
1261.7987382,3.282783929951069,4.7173449028286925,77660.0,2.3220973782771535
1261.998738,2.7494952371091324,4.439341296132399,77264.0,2.3134328358208953
1262.1987378,3.428781485743511,12.09084211352853,78210.0,2.271062271062271
1262.3987376,2.557271507951715,5.021089173262135,78285.0,2.2382671480144403
1262.5987374,2.651235437203943,4.039621627266297,78110.0,2.206405693950178
1262.7987372,2.8511137461908223,7.5457320762590685,78429.0,2.1602787456445993
1262.998737,2.576918194282232,3.7301642809447615,78772.0,2.1602787456445993
1263.1987368,2.5028492576597756,3.789712838370657,78266.0,2.1602787456445993
1263.3987366,2.367750625360785,3.647046417629899,77955.0,2.1602787456445993
1263.5987364,2.533809340023157,4.11284500582619,77730.0,2.206405693950178
1263.7987362,3.690276416139341,4.791462617517044,78541.0,2.1908127208480566
1263.998736,2.6750143742413597,3.4933456941232874,78265.0,2.2142857142857144
1264.1987358,2.8568555828486337,3.6645039182116306,78571.0,2.198581560283688
1264.3987356,2.9313230910341663,3.6818481978197113,78498.0,2.2142857142857144
1264.5987354,2.5679918189952704,1.5010170973306982,78230.0,2.2222222222222223
1264.7987352,3.3381296805991165,7.253272556899286,78115.0,2.2222222222222223
1264.998735,2.683088122212539,4.243421394285249,78028.0,2.2222222222222223
1265.1987348,3.8367193665826522,6.037055600790747,78558.0,2.2302158273381294
1265.3987346,3.2030940609869822,5.033554329535595,78279.0,2.2545454545454544
1265.5987344,2.6258376009579862,2.7822192038809974,78498.0,2.2545454545454544
1265.7987342,2.8693053475800108,3.953671336210305,78802.0,2.2382671480144403
1265.998734,2.896853524382963,4.72133585255472,78723.0,2.2222222222222223
1266.1987338,2.4813005241183266,0.41462162245072215,78799.0,2.2302158273381294
1266.3987336,2.5840390630960557,1.2054806249568082,78642.0,2.2302158273381294
1266.5987334,2.8681383257323163,5.885548196162777,78279.0,2.246376811594203
1266.7987332,2.668316390793776,5.180616174813,78599.0,2.2302158273381294
1266.998733,2.2676457806068973,3.010273358708601,78234.0,2.2302158273381294
1267.1987328,3.786430700823607,8.985268278985231,79164.0,2.2142857142857144
1267.3987326,2.880680159888332,4.832273820104848,78805.0,2.2382671480144403
1267.5987324,3.875913901528708,14.36206092620659,78236.0,2.198581560283688
1267.7987322,3.5182682618020205,1.3231985502602919,77402.0,2.1602787456445993
1267.998732,3.5836773282910332,31.319968487607415,75098.0,2.2627737226277373
1268.1987318,4.24095513748191,30.31411106593554,73246.0,2.2878228782287824
1268.3987316,6.628485529719262,15.605191124169288,73841.0,2.4031007751937983
1268.5987314,4.326439897005014,8.096840980542437,73790.0,2.48
1268.7987312,3.7921789223991866,5.156078254443357,73775.0,2.5101214574898787
1268.998731,3.6922603666789713,7.570823609838578,73143.0,2.56198347107438
1269.1987308,5.548955031355921,14.011921093498803,72873.0,2.56198347107438
1269.3987306,3.857373726306563,8.875122774500795,73016.0,2.56198347107438
1269.5987304,6.900582561359946,18.325121514758585,73297.0,2.6724137931034484
1269.7987302,7.1732987991523425,20.335334385456882,76446.0,2.6956521739130435
1269.99873,,641.5885543063172,28460.0,1.6666666666666667
1270.1987298,,632.3285125892318,76288.0,2.5726141078838176
1270.3987296,2.656083136415264,1.9292596784620286,76597.0,2.551440329218107
1270.5987294,,641.4059444597693,28976.0,1.7470588235294118
1270.7987292,2.190831482509717,1.4105033331696677,28816.0,1.7159763313609468
1270.998729,,642.254064116815,76545.0,2.5833333333333335
1271.1987288,,645.3606756962174,28741.0,1.7159763313609468
1271.3987286,,618.6590285272476,78565.0,2.421875
1271.5987284,6.350756374047278,15.50182749574441,77541.0,2.1602787456445993
1271.7987282,5.1974370397547105,23.762565047020356,76318.0,2.5306122448979593
1271.998728,4.941080807272921,4.787516062479763,75018.0,2.1602787456445993
1272.1987278,4.892125149144903,7.554789682408894,75430.0,2.393822393822394
1272.3987276,2.940093326616645,0.29771632096329015,75434.0,2.412451361867704
1272.5987274,6.314338804583462,31.711373226320823,77496.0,2.4603174603174605
1272.7987272,6.067577930552005,40.56012076271269,74329.0,2.4031007751937983
1272.998727,2.419075572549917,0.6160081485620934,74273.0,2.3484848484848486
1273.1987268,,664.4839206058024,27178.0,1.5463917525773196
1273.3987266,30.39487755970104,168.64637703755855,32914.0,1.567251461988304
1273.5987264,11.994929786838682,131.4493623226828,37671.0,3.0264550264550265
1273.7987262,4.774126455906822,122.32488028123737,36060.0,1.4234693877551021
1273.998726,3.6782024081778855,15.064053759750541,36293.0,1.415
1274.1987258,6.265840568715053,38.57438089745432,35589.0,1.4427083333333333
1274.3987256,4.538228677757103,21.461608360284956,36007.0,1.415
1274.5987254,5.840204494504894,35.675098952612785,36578.0,1.4068627450980393
1274.7987252,5.7309292649098476,130.49348771157693,39655.0,2.798076923076923
1274.998725,,105.03429615150527,32280.0,1.7197802197802199
1275.1987248,,121.91028833129762,38508.0,2.704225352112676
1275.3987246,9.251650968929306,172.72505196761065,36948.0,1.323943661971831
1275.5987244,,538.1286757217825,83066.0,2.1602787456445993
1275.7987242,3.8823606824109302,3.6335746445683643,83586.0,2.1602787456445993
1275.998724,,581.2718371213465,34381.0,1.3286384976525822
1276.1987238,6.301337209302326,5.911050732363468,34400.0,1.323943661971831
1276.3987236,,563.5935392224454,84525.0,2.1602787456445993
1276.5987234,5.191971229825413,23.65045969485381,80361.0,2.1602787456445993
1276.7987232,6.018952403465105,80.3212273166165,71917.0,2.1602787456445993
1276.998723,5.4626232563314465,6.730876670500767,71903.0,2.6956521739130435
1277.1987228,4.764856730237141,20.086300424350743,74091.0,2.6495726495726495
1277.3987226,4.510886469673406,7.421232351503723,73302.0,2.6160337552742616
1277.5987224,3.925618585736464,8.73512813368342,72787.0,2.6609442060085837
1277.7987222,4.473221007103653,3.8662850124126042,73061.0,2.6724137931034484
1277.998722,5.54662074202647,3.7197174036105203,73744.0,2.6160337552742616
1278.1987218,,615.3672796746577,28040.0,1.6318681318681318
1278.3987216,,612.339756933428,80758.0,2.56198347107438
1278.5987214,,391.9039489869945,38960.0,2.572769953051643
1278.7987212,,433.00586074380124,82472.0,2.1602787456445993
1278.998721,4.335842063462048,41.94084911399221,79323.0,2.6495726495726495
1279.1987208,4.473424261487599,53.69989609593615,74711.0,2.780269058295964
1279.3987206,5.521334707185908,56.133447057950825,70847.0,2.4603174603174605
1279.5987204,3.0787518788299226,9.029939259529211,69192.0,2.5726141078838176
1279.7987202,5.751707447440314,29.466304770524967,67352.0,2.4603174603174605
1279.99872,6.501312955477532,14.26414146041951,67786.0,2.1908127208480566
1280.1987198,6.643760195758564,14.011067578522212,68656.0,2.1602787456445993
1280.3987196,3.1731212271441485,5.918353570802842,68582.0,2.1602787456445993
1280.5987194,2.560324708269914,3.9470239960927893,68985.0,2.1602787456445993
1280.7987191999998,2.2791964688915756,2.5914460407680955,68647.0,2.1602787456445993
1280.998719,2.212723831707672,1.4667905389325337,68690.0,2.1602787456445993
1281.1987187999998,3.174909687060223,4.626217494896974,68927.0,2.1602787456445993
1281.3987186,3.536556879233824,7.134827955786698,68496.0,2.1602787456445993
1281.5987183999998,3.477410210701657,1.2036871049243532,68438.0,2.1602787456445993
1281.7987182,5.574609730385432,12.942777100079244,69247.0,2.1602787456445993
1281.9987179999998,3.1263129157866,5.277708380615485,69597.0,2.1602787456445993
1282.1987178,3.3745263729821704,8.76062176183253,69939.0,2.1602787456445993
1282.3987175999998,2.6019160791448717,2.996705688815113,70352.0,2.1602787456445993
1282.5987174,2.520148296021674,3.4908957403341896,70130.0,2.1602787456445993
1282.7987171999998,3.4223325062034737,5.285159812295981,70525.0,2.1602787456445993
1282.998717,2.4485442122870182,2.520287657128388,70546.0,2.1602787456445993
1283.1987167999998,2.435617331179688,1.5514403061990618,70578.0,2.1602787456445993
1283.3987166,2.7125825749199057,2.685763658647689,70542.0,2.1602787456445993
1283.5987163999998,3.159796017207487,7.668164266878664,70202.0,2.271062271062271
1283.7987162,2.387419106537047,1.1963512095469628,70154.0,2.2794117647058822
1283.9987159999998,11.251165445723528,59.10222097075751,73577.0,2.2627737226277373
1284.1987158,7.466546112115732,37.53812480987087,74655.0,2.2302158273381294
1284.3987155999998,7.785314713730377,50.02164666768409,73829.0,2.9665071770334928
1284.5987154,3.7482464352096816,10.325632781253105,73707.0,2.9665071770334928
1284.7987151999998,2.642427452098695,2.8407117111051132,73641.0,2.9245283018867925
1284.998715,2.9246244055339385,7.238466686790627,74016.0,2.9107981220657275
1285.1987147999998,2.500844788667667,7.068147093977369,73983.0,2.9107981220657275
1285.3987146,2.995508156595882,12.394831159898354,74357.0,2.9107981220657275
1285.5987143999998,2.206318184860451,1.937595604564302,74705.0,2.897196261682243
1285.7987142,2.1587514413665496,2.418807848344071,74582.0,2.897196261682243
1285.9987139999998,5.082576317735291,16.57353849353766,75736.0,2.883720930232558
1286.1987138,3.626676797317124,5.955711775682408,76336.0,2.857142857142857
1286.3987135999998,5.518545294930221,20.818537721709784,77459.0,2.8440366972477062
1286.5987134,3.3798569296484997,4.721869251708834,77724.0,2.8310502283105023
1286.7987131999998,6.527075812274369,22.684192086477307,74236.0,2.198581560283688
1286.998713,5.857190940326765,22.077701455201336,71305.0,2.3484848484848486
1287.1987127999998,6.56911109825921,28.882164678614476,69164.0,2.2382671480144403
1287.3987126,9.998059572539411,54.623972571916546,70603.0,2.1602787456445993
1287.5987123999998,7.904015725142232,16.414083801146003,72241.0,2.6382978723404253
1287.7987122,7.746716567421671,9.553937785633401,71876.0,2.5306122448979593
1287.9987119999998,4.082419104609929,4.634524762022074,72192.0,2.48
1288.1987118,2.696256832491524,4.48755472430365,72265.0,2.5203252032520327
1288.3987115999998,5.408729996036789,6.8634563596408,73173.0,2.6609442060085837
1288.5987114,11.955668289698423,29.18094018220252,78454.0,2.551440329218107
1288.7987111999998,5.490004397813658,7.017444278775649,79585.0,2.683982683982684
1288.998711,4.497690545632064,4.397256107662802,79889.0,2.540983606557377
1289.1987107999998,5.725786727045975,10.994871728610242,82589.0,2.4603174603174605
1289.3987106,,627.16400017431,25762.0,1.5823529411764705
1289.5987103999998,,649.9469770490176,79872.0,2.421875
1289.7987102,,331.4113765967938,35675.0,2.8854166666666665
1289.9987099999998,4.368313448720103,10.462460053078306,35706.0,3.2748538011695905
1290.1987098,3.8515457788347205,18.4469499370058,33640.0,2.942105263157895
1290.3987095999998,3.7809343434343434,13.717728672568612,33264.0,3.2254335260115607
1290.5987094,4.874922011943314,18.44415448738302,33659.0,3.2151162790697674
1290.7987091999998,3.0369369104639885,13.032398955377074,34031.0,3.213872832369942
1290.998709,11.504698864100678,18.55737234654389,36711.0,3.5859872611464967
1291.1987087999998,17.52848867052871,90.18584683206407,40911.0,3.459627329192547
1291.3987086,12.59475639478479,45.846715856400984,42261.0,2.9894179894179893
1291.5987083999999,,330.6640277164085,86264.0,2.1602787456445993
1291.7987082,8.329431049457472,20.278860282992188,81747.0,2.1602787456445993
1291.9987079999999,5.484083811826332,12.502143119667968,79416.0,2.1602787456445993
1292.1987078,6.107667676115772,31.464314539827225,80572.0,2.1602787456445993
1292.3987075999999,5.523303242243481,22.444061335480868,81641.0,2.1602787456445993
1292.5987074,10.601084255703636,68.76881242135913,79686.0,2.1602787456445993
1292.7987071999999,3.1329210372590355,6.737622121567078,78746.0,2.1602787456445993
1292.998707,,463.0337309434972,26444.0,1.5866666666666667
1293.1987067999999,,599.4101728823119,72598.0,2.6956521739130435
1293.3987066,9.77146169991047,91.44556595841259,68133.0,2.5726141078838176
1293.5987063999999,8.293720190779014,8.319468394737878,70448.0,2.330827067669173
1293.7987062,5.832872660935902,9.752986876894163,72358.0,2.393822393822394
1293.9987059999999,6.80887581874081,13.059738624902593,74810.0,2.2302158273381294
1294.1987058,3.086926136974519,3.484235042355425,74408.0,2.1602787456445993
1294.3987055999999,3.6042639132237486,12.899044590529828,74767.0,2.1602787456445993
1294.5987054,2.8600196203202883,2.5130518490337246,75432.0,2.1602787456445993
1294.7987051999999,2.5808100250892725,2.0413791472808427,75331.0,2.1602787456445993
1294.998705,3.155567289287836,7.505763807097809,75755.0,2.1602787456445993
1295.1987047999999,2.6192528545095284,3.8744876636367582,75407.0,2.1602787456445993
1295.3987046,5.755493274977285,28.12434618201733,78141.0,2.1602787456445993
1295.5987043999999,3.326189781762386,9.32143386631415,78859.0,2.1602787456445993
1295.7987042,2.9237909506502717,4.827116515260743,78967.0,2.1602787456445993
1295.9987039999999,2.976708624001618,8.353541868513316,79128.0,2.1602787456445993
1296.1987038,2.224053592871137,2.4288820345796696,79115.0,2.1602787456445993
1296.3987035999999,5.012239980518565,31.286235695491616,78023.0,2.1602787456445993
1296.5987034,4.036794680668611,13.431574456888338,75799.0,2.1602787456445993
1296.7987031999999,2.472173821215481,0.6563855907094657,75756.0,2.1602787456445993
1296.998703,2.7012618837273696,1.190019625656576,75839.0,2.1602787456445993
1297.1987027999999,2.1451206480296574,0.48811319801003816,75799.0,2.1602787456445993
1297.3987026,2.4849712355518023,1.8232707955140517,75788.0,2.1602787456445993
1297.5987023999999,2.9205117338560154,2.1743776952597385,75508.0,2.1602787456445993
1297.7987022,3.1009395294368147,6.953889419256319,75144.0,2.1602787456445993
1297.9987019999999,3.321058993876114,8.283077960844961,75279.0,2.1602787456445993
1298.1987018,9.580684855381195,58.322587949844916,75578.0,2.1602787456445993
1298.3987015999999,9.190642978904751,72.47216231901018,75088.0,2.938388625592417
1298.5987014,8.080814613414988,46.328626888866744,75766.0,2.1602787456445993
1298.7987011999999,6.467390718482187,14.789040027597824,74212.0,2.1602787456445993
1298.998701,2.8579735682819383,9.14385951473381,73775.0,2.1602787456445993
1299.1987007999999,2.563521585663861,3.7141020780487715,73660.0,2.1602787456445993
1299.3987006,2.3444695932667416,2.2883382987915524,73783.0,2.1602787456445993
1299.5987003999999,2.420543716255729,3.955548753292607,73531.0,2.1602787456445993
1299.7987002,3.0671355848705457,2.172467435864075,73076.0,2.1602787456445993
1299.9986999999999,6.129321895763402,4.257192409245127,72393.0,2.1602787456445993
1300.1986998,11.224700160282982,70.52765358348807,72372.0,2.1602787456445993
1300.3986995999999,7.160154331813398,27.49040764734669,71275.0,2.6160337552742616
1300.5986994,11.601046634870164,28.97154039281113,75480.0,2.375478927203065
1300.7986991999999,6.960085422981537,29.807879929475224,72580.0,2.1602787456445993
1300.998699,6.366417809148907,5.621999924400875,73670.0,2.393822393822394
1301.1986987999999,,649.3577455382383,28479.0,1.3427230046948357
1301.3986986,,616.2295029060547,76791.0,2.440944881889764
1301.5986983999999,,627.4596249494374,30809.0,1.3098591549295775
1301.7986982,,632.3402788089319,77749.0,2.1602787456445993
1301.9986979999999,3.2248423183741273,2.7114859599704504,77054.0,2.1602787456445993
1302.1986978,3.5951561638078227,15.30813025781797,76138.0,2.1602787456445993
1302.3986975999999,,636.661380098975,23186.0,1.4022988505747127
1302.5986974,,657.2658085116627,78378.0,2.7312775330396475
1302.7986971999999,3.899477055999144,13.550106312482054,74769.0,2.7074235807860263
1302.998697,3.4998717966019353,8.427400677331804,74101.0,2.6271186440677967
1303.1986967999999,3.215068715068715,6.040903597063081,74074.0,2.393822393822394
1303.3986966,2.6023380066685413,6.742956072916282,74679.0,2.5306122448979593
1303.5986963999999,2.0690727981626877,1.5995862871190027,74892.0,2.551440329218107
1303.7986962,,618.5021172146583,27591.0,1.164319248826291
1303.9986959999999,,615.0286958895159,74600.0,2.4701195219123506
1304.1986958,6.197270733704985,16.359024831388584,75698.0,2.551440329218107
1304.3986955999999,3.6512667070888143,6.255986958586759,75866.0,2.540983606557377
1304.5986954,2.6191537041919326,2.0756562127181675,75860.0,2.5726141078838176
1304.7986951999999,2.274845748483966,4.755921191348868,75526.0,2.4899598393574296
1304.998695,3.668049680739284,18.642916902596156,74234.0,2.56198347107438
1305.1986947999999,4.689459630577807,13.208039331208004,72654.0,2.5726141078838176
1305.3986946,2.7935179909107335,5.818572622595382,71953.0,2.6495726495726495
1305.5986943999999,3.3277427982392602,2.7300346867158125,71788.0,2.594142259414226
1305.7986942,5.6497856451389845,2.0194878545875707,72310.0,2.6160337552742616
1305.998694,,597.1807434648957,26879.0,1.401197604790419
1306.1986938,17.025177002849674,189.06645527975562,34039.0,2.890625
1306.3986936,5.488344378560632,31.273167653250642,34404.0,3.0706521739130435
1306.5986934,,138.66171360312003,26710.0,1.728395061728395
1306.7986932,,184.1463197956799,36367.0,2.699530516431925
1306.998693,3.513007516696007,3.875271502297686,35787.0,2.676056338028169
1307.1986928,3.5914999719840868,6.6803646856777075,35694.0,2.6619718309859155
1307.3986926,4.67839634867865,11.223856399834148,35494.0,2.6291079812206575
1307.5986924,5.950985221674877,16.65830689248525,36540.0,2.6291079812206575
1307.7986922,8.306335543953718,87.8934637686787,35435.0,3.0166666666666666
1307.998692,5.036159670415321,38.90753976927249,35924.0,3.0386740331491713
1308.1986918,4.141783470938366,26.71641657815536,36457.0,2.6103286384976525
1308.3986916,5.663797697719036,12.742911267186342,37528.0,2.7241379310344827
1308.5986914,3.537626589097177,4.461517682745511,37128.0,3.197674418604651
1308.7986912,6.4317670983624105,41.59625023352942,37372.0,2.983957219251337
1308.998691,,130.76118775642144,29588.0,1.6821192052980132
1309.1986908,,536.926985464483,82497.0,2.366412213740458
1309.3986906,,587.7499279086034,33431.0,1.272300469483568
1309.5986904,5.753467959734839,26.336770089648134,32584.0,1.267605633802817
1309.7986902,2.8736216349411694,0.6564761108845717,32466.0,1.2910798122065728
1309.99869,,585.4522016643577,79548.0,2.393822393822394
1310.1986898,,411.1333506872635,36806.0,2.943589743589744
1310.3986896,4.844169503722771,21.2590974908958,36129.0,3.1311475409836067
1310.5986894,2.2535176019131304,4.224710834369096,35962.0,3.108695652173913
1310.7986892,3.390304833548532,10.43366930330616,35626.0,3.108695652173913
1310.998689,2.2787875382756972,2.387757241379504,35597.0,3.108695652173913
1311.1986888,2.272287315333673,1.9134590489667258,35334.0,3.2873563218390807
1311.3986886,3.78524204392649,11.23580189037537,35696.0,3.142857142857143
1311.5986884,22.68957567107647,79.0715763635854,36434.0,2.409356725146199
1311.7986882,,503.8855337990608,77715.0,2.6382978723404253
1311.998688,4.49182568268322,11.310369974693442,78294.0,2.5726141078838176
1312.1986878,2.843395961324767,5.826947563116511,78293.0,2.4899598393574296
1312.3986876,,341.62502020293977,32622.0,3.2134146341463414
1312.5986874,,345.3748659101422,77509.0,2.6050420168067228
1312.7986872,2.2451665187357697,3.0594533556823458,77739.0,2.594142259414226
1312.998687,,360.7184411033575,33698.0,3.136904761904762
1313.1986868,,356.1718825989981,80059.0,2.412451361867704
1313.3986866,4.032683703647532,17.32016345039796,79122.0,2.5726141078838176
1313.5986864,2.4353344462426567,7.340961375439102,78473.0,2.5726141078838176
1313.7986862,2.5696446337916785,5.632461575611646,78398.0,2.5306122448979593
1313.998686,2.4101703665462053,8.101356444437599,77480.0,2.594142259414226
1314.1986858,5.487945270735193,37.00459151255786,75572.0,2.6050420168067228
1314.3986856,6.273369073313375,62.15794900583628,71815.0,2.5306122448979593
1314.5986854,5.083437697985885,47.35902670316733,67871.0,2.5833333333333335
1314.7986852,2.7546378615457563,4.105764175759609,67488.0,2.5
1314.998685,2.605094231531942,3.116678083965848,68077.0,2.4313725490196076
1315.1986848,3.8393895775806355,9.166834802882082,68084.0,2.4313725490196076
1315.3986846,2.5742303473491774,1.1303378465521015,68375.0,2.450592885375494
1315.5986844,2.284288803179056,0.0633349420701862,68448.0,2.450592885375494
1315.7986842,2.4331182164857728,1.7155423768348277,68180.0,2.4603174603174605
1315.998684,2.6279595617733302,2.238362720450545,68549.0,2.4603174603174605
1316.1986838,2.5010440242388845,1.1551731801075744,68485.0,2.393822393822394
1316.3986836,3.126785479319873,5.050100334100396,68399.0,2.421875
1316.5986834,2.997150076389705,5.562570594908018,68072.0,2.412451361867704
1316.7986832,2.815305360609228,6.6683552418399215,66970.0,2.412451361867704
1316.998683,2.754563683624211,3.2761429770293677,67325.0,2.4031007751937983
1317.1986828,2.416316219629987,1.2492992884195417,67295.0,2.440944881889764
1317.3986826,2.5938984969686136,2.2764771635951018,67131.0,2.4313725490196076
1317.5986824,2.403865883577429,1.3005406289415353,67255.0,2.5203252032520327
1317.7986822,2.8206175195656353,4.490676105328272,67593.0,2.3846153846153846
1317.998682,2.6961149229412382,5.786682655953682,66897.0,2.4313725490196076
1318.1986818,2.3413503938773377,1.1711436757355465,66899.0,2.4603174603174605
1318.3986816,2.33652983065047,0.6421903900424257,66844.0,2.4603174603174605
1318.5986814,2.2723359736960096,0.3935976590266342,66910.0,2.4603174603174605
1318.7986812,3.2930560075741884,4.2723862474871295,67598.0,2.450592885375494
1318.998681,4.339655913341137,11.244886474077294,67483.0,2.366412213740458
1319.1986808,2.502597903862712,2.940280316163213,67362.0,2.4313725490196076
1319.3986806,2.296791087834539,1.8465233022335705,67593.0,2.393822393822394
1319.5986804,2.3122260686109914,2.481769086444321,67307.0,2.4603174603174605
1319.7986802,2.749507604365661,2.4105567493859676,67527.0,2.4313725490196076
1319.99868,2.3904791445114024,2.45704583664689,67704.0,2.4603174603174605
1320.1986798,2.38060683091202,1.476552091432516,67663.0,2.412451361867704
1320.3986796,3.988701064991002,5.475403946973511,67794.0,2.421875
1320.5986794,2.7861448427212876,4.709167482394011,68350.0,2.421875
1320.7986792,4.076924193595215,11.104800634566974,68886.0,2.3484848484848486
1320.998679,3.2622924391423505,10.726181494493114,68233.0,2.4701195219123506
1321.1986788,3.6235664925494606,6.679554883031991,67579.0,2.4313725490196076
1321.3986786,2.4165792545097284,1.4802789696934329,67687.0,2.4701195219123506
1321.5986784,2.8858277117784015,3.869922888879873,67004.0,2.4899598393574296
1321.7986782,3.4246821797635865,6.056881823612542,67255.0,2.5
1321.998678,11.67335718163217,54.454876860328724,71843.0,2.198581560283688
1322.1986778,6.355357510111744,23.916125418751786,72935.0,2.2878228782287824
1322.3986776,6.331554388219844,3.7438928670090212,71578.0,2.1602787456445993
1322.5986774,8.327401240431357,23.818163837356327,71588.0,2.1602787456445993
1322.7986772,6.774366740088106,18.920946584970636,72640.0,2.1602787456445993
1322.998677,4.003485820626059,7.824376996475731,72006.0,2.1602787456445993
1323.1986768,4.286846950834089,13.121217158593348,72774.0,2.1602787456445993
1323.3986766,4.218268727443039,5.7612991545759735,72594.0,2.1602787456445993
1323.5986764,4.391856910748217,3.786325140931107,72626.0,2.1602787456445993
1323.7986762,13.922782058373317,60.88257366308987,77741.0,2.1602787456445993
1323.998676,18.82658892429148,97.80200659060306,77521.0,2.5306122448979593
1324.1986758,7.551667505496543,18.83064457576083,75502.0,2.8310502283105023
1324.3986756,8.341966114833065,48.43750418715965,72244.0,2.980769230769231
1324.5986754,4.297598932227697,12.186339595047093,70427.0,2.938388625592417
1324.7986752,4.080949359787749,5.109345774048866,69352.0,2.9523809523809526
1324.9986749999998,3.341467995954342,7.613048896747374,69210.0,2.980769230769231
1325.1986748,2.301739807842119,0.6701026766010104,69318.0,2.980769230769231
1325.3986745999998,4.0124794745484405,13.131419181659785,70035.0,2.9523809523809526
1325.5986744,5.654355885737013,10.943238080263932,70399.0,2.9665071770334928
1325.7986741999998,6.231167320831516,4.411597880834152,68790.0,2.4603174603174605
1325.998674,5.808839236742588,18.286426431457304,69282.0,2.6956521739130435
1326.1986737999998,13.818587402057831,75.28972918316136,71726.0,2.1602787456445993
1326.3986736,5.78615859938208,17.471675809560942,72825.0,2.1602787456445993
1326.5986733999998,9.5616408905849,26.33143440975209,74423.0,2.1602787456445993
1326.7986732,3.8819942562371548,12.077261079258115,73471.0,2.1602787456445993
1326.9986729999998,11.593360498561841,125.86133031880276,66752.0,2.8181818181818183
1327.1986728,5.215633463289783,14.260048431959765,67202.0,2.1602787456445993
1327.3986725999998,7.897570671378092,15.39183342073105,67920.0,2.48
1327.5986724,2.587899154687708,7.576507037638444,67549.0,2.6160337552742616
1327.7986721999998,2.571439179054606,3.1105436672111995,67337.0,2.6382978723404253
1327.998672,5.906767844299951,24.567404368891516,68131.0,2.5726141078838176
1328.1986717999998,3.9545122876656356,2.798281479346814,68524.0,2.594142259414226
1328.3986716,2.8289914807773244,8.932397120136471,68903.0,2.6050420168067228
1328.5986713999998,3.8297068403908794,0.6875980728950797,69075.0,2.2302158273381294
1328.7986712,7.097372623022209,23.387428371979972,68890.0,2.1602787456445993
1328.9986709999998,,578.403447600083,20551.0,1.0845070422535212
1329.1986708,,601.9634681618853,67594.0,2.780269058295964
1329.3986705999998,,607.3026370938859,20206.0,1.1105769230769231
1329.5986704,,606.9518011923742,67142.0,2.3846153846153846
1329.7986701999998,4.792993871529092,8.2917893703578,66085.0,2.719298245614035
1329.99867,6.376489723945032,6.083816571787813,65784.0,2.3574144486692017
1330.1986697999998,3.8755862110968997,6.985400677568613,65676.0,2.683982683982684
1330.3986696,6.144906215520412,5.92081358411947,65256.0,2.8181818181818183
1330.5986693999998,6.547448604992658,9.588788548139243,65376.0,2.5833333333333335
1330.7986692,4.239712646330395,10.139716748844444,65007.0,2.8310502283105023
1330.9986689999998,3.201922185481628,4.62558797282957,64718.0,2.8181818181818183
1331.1986688,4.986544526205136,26.044455388722167,66590.0,2.6382978723404253
1331.3986685999998,3.1524883476168997,1.8314814054009476,66510.0,2.594142259414226
1331.5986684,3.4704104759506422,10.59443482359825,67507.0,2.551440329218107
1331.7986681999998,7.504876262154748,42.71067286372459,69623.0,2.2627737226277373
1331.998668,8.959367823120932,58.941634546774445,73587.0,2.1602787456445993
1332.1986677999998,5.5935312086070335,14.496341384576505,73986.0,2.1602787456445993
1332.3986676,4.784370615558553,6.6227832744798265,73413.0,2.1602787456445993
1332.5986673999998,5.865262146582487,16.57013564436833,72860.0,2.1602787456445993
1332.7986672,2.352287284598537,1.7158768623529728,72597.0,2.1602787456445993
1332.9986669999998,3.4413651033440913,4.274454869929548,72815.0,2.1602787456445993
1333.1986668,5.825635556035588,12.579363256909247,74069.0,2.1602787456445993
1333.3986665999998,7.506054191919856,23.131981914311552,76063.0,2.1602787456445993
1333.5986664,6.490768358885641,132.70514274358374,67052.0,2.5833333333333335
1333.7986661999998,6.486233029026217,16.57979193359109,68352.0,2.6609442060085837
1333.998666,,677.730670945271,21451.0,1.5734265734265733
1334.1986657999998,14.117535664688802,70.55950031985122,23763.0,1.8115942028985508
1334.3986656,,79.97880458337615,29094.0,1.7241379310344827
1334.5986653999998,13.00068162285511,227.38643382684043,33743.0,3.2134831460674156
1334.7986652,6.7024944230379235,21.989642794633486,34517.0,3.7225806451612904
1334.9986649999998,5.491241169375682,15.610352399789749,34822.0,3.5857988165680474
1335.1986648,7.2014539721467985,46.76028456004238,34251.0,3.5153374233128836
1335.3986645999998,,149.8309070330697,25569.0,2.0985915492957745
1335.5986644,,178.86085677435264,35402.0,3.4909090909090907
1335.7986641999998,,46.910392354461344,35288.0,3.3941176470588235
1335.998664,2.8922700957146597,7.830151197796274,34373.0,3.568862275449102
1336.1986637999998,4.9038977525172385,30.76449940122267,34661.0,3.5153374233128836
1336.3986636,3.6246710811670475,29.06802340866295,34583.0,3.310344827586207
1336.5986633999999,3.705416392658576,17.66168386913851,33454.0,3.4878048780487805
1336.7986632,2.5949351967986622,3.292740458276173,33486.0,3.5060975609756095
1336.9986629999999,,34.350201420590764,35915.0,3.4251497005988023
1337.1986628,,51.936917031991825,33936.0,3.577639751552795
1337.3986625999999,7.410396150046212,191.32349753441926,31377.0,1.8255813953488371
1337.5986624,5.214703116603976,8.129754587311416,29776.0,1.7975460122699387
1337.7986621999999,2.8548635601054544,6.271471648461738,29207.0,1.8503401360544218
1337.998662,,578.1753014485288,76127.0,2.8440366972477062
1338.1986617999999,,610.7972400849181,23332.0,2.088709677419355
1338.3986616,,611.3526893776574,75886.0,2.8181818181818183
1338.5986613999999,,585.5201669695241,28547.0,1.9310344827586208
1338.7986612,,585.8149994428858,76417.0,2.767857142857143
1338.9986609999999,,517.2680013896869,34084.0,1.966887417218543
1339.1986608,,469.8200459057202,85349.0,2.6160337552742616
1339.3986605999999,,488.3426227887107,37572.0,1.9874213836477987
1339.5986604,8.331465598196957,109.10830275884531,31946.0,1.7911392405063291
1339.7986601999999,9.235719343797946,184.25057116073822,33892.0,3.643312101910828
1339.99866,,130.19212063805813,25462.0,1.8507462686567164
1340.1986597999999,,230.9543577179978,28592.0,3.5675675675675675
1340.3986596,6.232099968672769,20.876215460674548,28729.0,3.5369127516778525
1340.5986593999999,,329.9775597468739,73604.0,2.743362831858407
1340.7986592,8.506430573381879,39.34899587344006,76354.0,2.5101214574898787
1340.9986589999999,11.642201144233665,59.29992349488266,79704.0,2.1602787456445993
1341.1986588,6.838031483709011,22.491778591509103,76484.0,2.1602787456445993
1341.3986585999999,5.594896827757795,28.359105195582284,73954.0,2.1602787456445993
1341.5986584,3.831029103233095,8.809816108255788,74356.0,2.1602787456445993
1341.7986581999999,12.507246000077984,47.9989339482232,76939.0,2.1602787456445993
1341.998658,6.296783078404108,40.34363070027864,74792.0,2.2222222222222223
1342.1986577999999,7.84472185083997,83.57586857863951,68812.0,2.6956521739130435
1342.3986576,5.166381823665427,18.179902629626575,69629.0,2.594142259414226
1342.5986573999999,2.5376455071965136,2.435712026590602,69756.0,2.6050420168067228
1342.7986572,2.2521636619799303,3.0662623158333475,69558.0,2.6160337552742616
1342.9986569999999,,491.531836826133,18871.0,1.2689655172413794
1343.1986568,,474.92938014406764,71523.0,2.5726141078838176
1343.3986565999999,,513.93113347917,20725.0,1.2080536912751678
1343.5986564,,511.5235245732814,71162.0,2.594142259414226
1343.7986561999999,4.456489971346705,24.53958683463099,69800.0,2.743362831858407
1343.998656,3.352992932352517,8.265950978283978,69330.0,2.7927927927927927
1344.1986557999999,2.9244246111461862,1.0093804101151957,69692.0,2.8054298642533935
1344.3986556,4.40481961868311,4.076329685893225,70545.0,2.8181818181818183
1344.5986553999999,3.1050140718856327,6.96518531723673,71419.0,2.8054298642533935
1344.7986552,,331.3130128092142,26315.0,3.5850340136054424
1344.9986549999999,,329.06643602051884,71343.0,2.8181818181818183
1345.1986548,1.9980621787850703,1.3397192772253281,71214.0,2.8181818181818183
1345.3986545999999,,323.9556870903984,26263.0,3.5850340136054424
1345.5986544,,159.90533614594605,19294.0,1.944
1345.7986541999999,,460.62655293850344,71386.0,2.8181818181818183
1345.998654,2.6841540263216594,5.33212905634981,71728.0,2.7927927927927927
1346.1986537999999,3.5523879992740373,7.653132786101914,71629.0,2.767857142857143
1346.3986536,5.055878221405803,16.02571321349303,74036.0,2.6956521739130435
1346.5986533999999,7.120851030360233,24.952477451040366,76284.0,2.5306122448979593
1346.7986532,3.1316127650460484,10.031575955863275,74704.0,2.5833333333333335
1346.9986529999999,,465.46037743905816,21157.0,1.3732394366197183
1347.1986528,,139.67363959350934,27374.0,3.3
1347.3986525999999,,354.2713546996411,71816.0,2.6724137931034484
1347.5986524,2.6262531240347085,7.479030699528505,71222.0,2.719298245614035
1347.7986521999999,2.309968977949191,1.9087226861228634,71562.0,2.7312775330396475
1347.998652,2.3065202683655635,4.564729363403519,70948.0,2.7555555555555555
1348.1986517999999,,323.5109090954414,23730.0,3.5850340136054424
1348.3986516,,339.53645513184665,68811.0,2.767857142857143
1348.5986513999999,2.584517230404213,2.8359141149012963,69122.0,2.743362831858407
1348.7986512,3.8511089823889177,10.408505704939932,67855.0,2.6495726495726495
1348.9986509999999,3.233917083631165,4.498982306760669,67152.0,2.7074235807860263
1349.1986508,,339.96832594339105,22934.0,3.2195121951219514
1349.3986505999999,,337.509554955378,67948.0,2.7555555555555555
1349.5986504,2.59314210832848,6.874125334658672,68680.0,2.5726141078838176
1349.7986501999999,2.387073884206563,3.537379185464656,69054.0,2.5306122448979593
1349.99865,2.762186457880238,4.809750513598925,68970.0,2.5306122448979593
1350.1986497999999,3.1348716572757356,17.22513226659684,67086.0,2.7555555555555555
1350.3986496,3.7277150124216254,8.062077786309276,67624.0,2.743362831858407
1350.5986493999999,,476.32785876418694,19522.0,1.4320987654320987
1350.7986492,8.015938458444365,19.406416753429394,19889.0,1.6174496644295302
1350.998649,8.79403523768818,33.08350376777851,21057.0,1.4472049689440993
1351.1986488,,32.321443837890065,15603.0,1.31496062992126
1351.3986486,,508.8609815283217,66248.0,2.7555555555555555
1351.5986484,,501.05442646482646,14435.0,1.38135593220339
1351.7986482,,484.7370665671482,67282.0,2.8054298642533935
1351.998648,10.479097562981442,57.85458415091673,72958.0,2.4899598393574296
1352.1986478,5.116023632975137,23.413040445844132,75657.0,2.375478927203065
1352.3986476,4.889073649754501,10.527843249363125,76375.0,2.2627737226277373
1352.5986474,,326.98338824562705,28659.0,3.1
1352.7986472,,348.9647844245298,75889.0,2.5726141078838176
1352.998647,,477.6474877144035,27429.0,1.4591194968553458
1353.1986468,,95.4634911217749,34854.0,2.8956043956043955
1353.3986466,,343.5691700978003,81822.0,2.393822393822394
1353.5986464,4.771428571428571,19.258595396462862,79450.0,2.48
1353.7986462,,457.63598256259917,27040.0,1.4842767295597483
1353.998646,,443.9247396958556,79989.0,2.412451361867704
1354.1986458,3.1122927271810896,9.598605025671887,79364.0,2.450592885375494
1354.3986456,2.3452772837917943,2.2569557792010038,79287.0,2.440944881889764
1354.5986454,2.3914276749294006,3.8890389042728133,79675.0,2.421875
1354.7986452,2.4433626661673844,0.7153915446911064,80115.0,2.4313725490196076
1354.998645,3.2496938055943883,7.746421254677385,80831.0,2.421875
1355.1986448,2.581073644186512,5.7829629316749305,79952.0,2.440944881889764
1355.3986446,3.1499130650769995,5.526417783908959,80520.0,2.4313725490196076
1355.5986444,3.4052991452991455,10.854846942698325,81900.0,2.3846153846153846
1355.7986442,,428.4599172820017,35039.0,1.3645833333333333
1355.998644,,422.54449568244644,82562.0,2.3846153846153846
1356.1986438,,440.1075370022548,30695.0,1.646341463414634
1356.3986436,,30.961190894465776,33507.0,1.4095744680851063
1356.5986434,,437.7521713042086,78953.0,2.412451361867704
1356.7986432,3.610403155713044,33.03769375716873,74785.0,2.6160337552742616
1356.998643,3.4409552064845963,13.80875911676995,75502.0,2.5833333333333335
1357.1986428,2.5113203018747168,3.435361599862943,74998.0,2.594142259414226
1357.3986426,3.0475507028651143,6.737720001209516,74552.0,2.6160337552742616
1357.5986424,,352.7253996866425,29432.0,3.3
1357.7986422,,134.4463354828553,22194.0,1.7720588235294117
1357.998642,,481.6272639104696,73822.0,2.719298245614035
1358.1986418,,356.9834342126751,28315.0,3.4444444444444446
1358.3986416,2.2642841857479135,2.301546372171246,28038.0,3.473684210526316
1358.5986414,2.505806083921066,3.4118446322877842,28074.0,3.4671052631578947
1358.7986412,2.3680062206199413,1.8854062762249835,28293.0,3.4900662251655628
1358.998641,2.1855721749087524,2.3633140405033806,27946.0,3.4900662251655628
1359.1986408,2.1808227072977453,0.4536923302890545,27762.0,3.4900662251655628
1359.3986406,,364.357981930733,74742.0,2.743362831858407
1359.5986404,,481.70006015381074,22371.0,1.6231884057971016
1359.7986402,,465.9791374570778,74350.0,2.5203252032520327
1359.99864,,430.14098211015727,23534.0,1.4683544303797469
1360.1986398,,119.42844730126154,14691.0,1.1590909090909092
1360.3986396,,468.75438949570616,66656.0,2.743362831858407
1360.5986394,5.589453125,5.814252551360769,66560.0,2.5833333333333335
1360.7986392,15.225342990827142,87.86710980005135,75658.0,2.2794117647058822
1360.998639,8.857266369993642,20.94036638548425,78650.0,2.1602787456445993
1361.1986388,8.713981881570623,46.6946968605261,74289.0,2.1602787456445993
1361.3986386,5.869818558288316,27.44129417267457,75341.0,2.1602787456445993
1361.5986384,3.7827169602508532,8.35602919504613,75901.0,2.1602787456445993
1361.7986382,2.676180195360838,2.374389763861888,75962.0,2.1602787456445993
1361.998638,2.8844837943012354,5.321108348207713,76578.0,2.1602787456445993
1362.1986378,2.9682092343350805,5.879445443673256,75934.0,2.1602787456445993
1362.3986376,2.4738355983639004,1.2723776562260374,75790.0,2.1602787456445993
1362.5986374,3.114508705223134,7.656057858991171,74955.0,2.1602787456445993
1362.7986372,3.5954622481641874,11.686110579761486,74354.0,2.1602787456445993
1362.998637,3.0603463378478537,3.338323380096044,74205.0,2.1602787456445993
1363.1986368,4.486962786444623,13.978755406154438,72178.0,2.683982683982684
1363.3986366,3.589091365742033,6.817926492937079,71668.0,2.8310502283105023
1363.5986364,4.8642216099729945,11.508351638243035,73318.0,2.8440366972477062
1363.7986362,4.984717216069205,31.182516164790314,76295.0,2.1602787456445993
1363.998636,14.049119419220006,67.89227669630061,81821.0,2.1602787456445993
1364.1986358,11.030750307503075,41.52363594655652,78861.0,2.1602787456445993
1364.3986356,6.08123200997493,38.351575199310794,75389.0,2.1602787456445993
1364.5986354,5.344449134655973,11.449180556010338,75808.0,2.1602787456445993
1364.7986352,9.268004752395157,26.18788784694427,79118.0,2.1602787456445993
1364.998635,5.430200436444366,8.439482503960921,79277.0,2.1602787456445993
1365.1986348,5.609422732539766,27.527877134619644,75944.0,2.1602787456445993
1365.3986346,5.169941100263112,11.301556857243016,74873.0,2.1602787456445993
1365.5986344,4.147561946267566,9.672797258935157,76639.0,2.1602787456445993
1365.7986342,4.979192793667489,14.401571665203642,74157.0,2.1602787456445993
1365.998634,3.180969115361222,5.806237639661402,73985.0,2.1602787456445993
1366.1986338,4.52812746404198,6.718741847313497,73558.0,2.1602787456445993
1366.3986336,4.073868170812537,6.742064601519496,73929.0,2.1602787456445993
1366.5986334,3.640702386312472,2.021468685300771,73293.0,2.1602787456445993
1366.7986332,4.011314078828273,3.789412748734268,72918.0,2.1602787456445993
1366.998633,5.182922868741542,4.622810468682707,73900.0,2.1602787456445993
1367.1986328,6.829480493761965,18.275275985939462,75745.0,2.1602787456445993
1367.3986326,10.011729390917987,46.57227621850214,75622.0,2.1602787456445993
1367.5986324,5.5846413572754035,50.382215952462865,71673.0,2.4031007751937983
1367.7986322,5.117726901289456,20.16950741594423,72201.0,2.1602787456445993
1367.998632,7.027254801328976,17.44031922940816,74042.0,2.1602787456445993
1368.1986318,8.48141940552573,45.77164846766439,76370.0,2.1602787456445993
1368.3986316,7.678436334400907,4.507077585609026,75873.0,2.48
1368.5986314,8.67080522176534,24.314411586046788,75147.0,2.330827067669173
1368.7986311999998,3.914914425427873,21.357301419651417,73620.0,2.421875
1368.998631,10.68680321852452,34.066580436696334,72207.0,2.4313725490196076
1369.1986307999998,5.099875277161862,4.380862748678477,72160.0,2.1602787456445993
1369.3986306,4.421774728922328,9.978766511561414,72304.0,2.1602787456445993
1369.5986303999998,3.137967766479906,2.8960061271364492,72285.0,2.1602787456445993
1369.7986302,2.189806872890266,1.9176195011516346,72284.0,2.1602787456445993
1369.9986299999998,3.308776416560107,7.00116359635705,72729.0,2.1602787456445993
1370.1986298,2.3114616338338614,0.22445934971859446,72590.0,2.1602787456445993
1370.3986295999998,4.353915105330245,1.8138927217828922,72961.0,2.1602787456445993
1370.5986294,9.180882867839156,51.616503345412326,74258.0,2.1602787456445993
1370.7986291999998,,383.0332117301342,32934.0,2.624413145539906
1370.998629,,357.26917033002843,76191.0,2.1602787456445993
1371.1986287999998,,290.5329710252286,26822.0,2.4788732394366195
1371.3986286,,359.35272873576724,68954.0,2.1602787456445993
1371.5986283999998,3.0069080340582146,2.607791075224152,68471.0,2.1602787456445993
1371.7986282,,334.6015923464685,25399.0,2.535211267605634
1371.9986279999998,,328.06267028732566,69687.0,2.1602787456445993
1372.1986278,,326.7253196788942,25660.0,2.535211267605634
1372.3986275999998,,329.2593693536544,69092.0,2.1602787456445993
1372.5986274,,333.88226767489977,25503.0,2.516431924882629
1372.7986271999998,6.983592666769373,9.725198343290856,25964.0,2.535211267605634
1372.998627,,220.93975892610848,19582.0,1.1875
1373.1986267999998,,158.1565930382586,27534.0,2.535211267605634
1373.3986266,4.353547407246691,5.830338900944977,27654.0,2.4788732394366195
1373.5986263999998,8.58260957043694,72.39367286180126,29821.0,2.615023474178404
1373.7986262,,339.71427177212877,75250.0,2.1602787456445993
1373.9986259999998,,349.4595078158265,30531.0,2.6338028169014085
1374.1986258,,367.886268645073,73812.0,2.1602787456445993
1374.3986255999998,,347.5721956809291,29158.0,2.6056338028169015
1374.5986254,,135.42252067018342,21167.0,1.4375
1374.7986251999998,,107.60843712520011,31147.0,2.5586854460093895
1374.998625,,366.8974235616318,74293.0,2.1602787456445993
1375.1986247999998,,478.92444521376046,17823.0,1.2043795620437956
1375.3986246,,78.12928170223134,19743.0,1.522875816993464
1375.5986243999998,,92.5682458492962,16141.0,0.8958333333333334
1375.7986242,,111.85743223349232,21311.0,1.3275862068965518
1375.9986239999998,18.786341984231274,23.524405900378994,24352.0,1.2887700534759359
1376.1986238,5.0602294455066925,148.8994517985132,27196.0,3.1183431952662723
1376.3986235999998,,139.44694073659363,21643.0,1.9682539682539681
1376.5986234,,498.7318819949441,80700.0,2.743362831858407
1376.7986231999998,,462.52459201948164,34322.0,1.9811320754716981
1376.998623,,450.30618891373484,80123.0,2.6724137931034484
1377.1986227999998,,385.548899565977,32498.0,3.6842105263157894
1377.3986226,4.222633478301101,6.5896168904333745,32421.0,3.7039473684210527
1377.5986223999998,5.338289613723158,39.44242342854451,31946.0,3.9097222222222223
1377.7986222,4.189770223481272,12.442969240880313,31770.0,3.8551724137931034
1377.9986219999998,5.089895383073357,25.21102591045374,31926.0,3.761904761904762
1378.1986218,3.7725398873399,12.9439126528555,31777.0,3.7364864864864864
1378.3986215999998,4.094619040318872,10.127100315060098,32615.0,3.72
1378.5986214,3.0424068767908308,12.945308613090095,31410.0,3.72972972972973
1378.7986211999998,2.3348666053357867,3.4653241514902438,31523.0,3.675675675675676
1378.998621,,366.7931754898118,75826.0,2.8054298642533935
1379.1986207999998,,363.79237522913826,31488.0,3.761904761904762
1379.3986206,2.4096029018709433,1.4732616435503882,31428.0,3.7755102040816326
1379.5986203999998,2.571592356687898,6.9000271469324295,31400.0,3.7567567567567566
1379.7986202,8.31136701572337,24.270273838900703,31609.0,3.574193548387097
1379.9986199999998,,324.74659432034105,82969.0,2.594142259414226
1380.1986198,10.566088782884197,52.13256565895462,84273.0,2.2962962962962963
1380.3986195999998,9.11736808008703,19.435442953322593,81811.0,2.1602787456445993
1380.5986194,5.449683495044882,39.73930688476697,77092.0,2.1602787456445993
1380.7986191999998,8.036312063986916,23.59508522595712,78266.0,2.1602787456445993
1380.998619,10.08047753691486,28.33746121377797,79575.0,2.3484848484848486
1381.1986187999998,,503.61759978520917,28910.0,1.670807453416149
1381.3986186,,564.075835870813,76514.0,2.7927927927927927
1381.5986183999999,2.7820597747730194,7.032499861491578,76989.0,2.7074235807860263
1381.7986182,3.0004417477620278,8.728862279572398,76967.0,2.767857142857143
1381.9986179999999,3.6265824436845815,6.915982432230719,76622.0,2.6956521739130435
1382.1986178,,367.72982750845495,30151.0,3.802721088435374
1382.3986175999999,2.9202718776550554,10.287542496044711,29425.0,4.065693430656935
1382.5986174,2.9559151211819956,9.844671263553124,29171.0,3.985611510791367
1382.7986171999999,,370.2319698845452,74420.0,2.8440366972477062
1382.998617,3.3503745961921783,15.461759917048292,72745.0,2.897196261682243
1383.1986167999999,4.755306783272909,14.660403855670545,72266.0,2.8054298642533935
1383.3986166,3.235282563555755,11.859244094541646,71276.0,2.8181818181818183
1383.5986163999999,2.571039096096012,3.527928021386911,71158.0,2.8181818181818183
1383.7986162,,399.4767047983874,26659.0,3.8402777777777777
1383.9986159999999,,411.2515199026242,71384.0,2.857142857142857
1384.1986158,4.369232050641346,22.03940510750374,72036.0,2.857142857142857
1384.3986155999999,5.9069014856714945,10.991900385769773,74781.0,2.857142857142857
1384.5986154,,31.610644801059966,76948.0,2.780269058295964
1384.7986151999999,,18.455103304773306,78697.0,2.6160337552742616
1384.998615,,16.43828836442487,78033.0,2.7074235807860263
1385.1986147999999,,4.302219115478968,77789.0,2.683982683982684
1385.3986146,,13.716472758324203,75402.0,2.7312775330396475
1385.5986143999999,,42.58606188027585,77848.0,2.183098591549296
1385.7986142,,120.1892043401488,74291.0,2.7312775330396475
1385.9986139999999,7.643361698923112,102.4253518372534,66395.0,2.3134328358208953
1386.1986138,,18.556695559568418,66612.0,2.7927927927927927
1386.3986135999999,3.7575739205552945,5.472843227427429,65983.0,2.6956521739130435
1386.5986134,,2.7826149390768538,66732.0,2.767857142857143
1386.7986131999999,,4.683631229688735,66258.0,2.767857142857143
1386.998613,,1.7180950722509527,65482.0,2.780269058295964
1387.1986127999999,5.816671014470514,12.855833618043475,65167.0,2.7074235807860263
1387.3986126,3.342958045349824,6.71317347148429,65976.0,2.540983606557377
1387.5986123999999,,0.6973783258410545,64921.0,2.6724137931034484
1387.7986122,7.232133463590592,18.553186052249167,66535.0,2.2794117647058822
1387.9986119999999,,27.58089016536705,66259.0,2.8310502283105023
1388.1986118,,2.663717396866407,65465.0,2.8440366972477062
1388.3986115999999,3.3869569797011603,9.185612674374536,66457.0,2.719298245614035
1388.5986114,,3.6030168476016233,65783.0,2.8054298642533935
1388.7986111999999,2.463076295389637,3.2560077788377213,66177.0,2.551440329218107
1388.998611,2.8382825827684597,0.7506169361633964,66239.0,2.6160337552742616
1389.1986107999999,,38.72824718021949,66946.0,2.5726141078838176
1389.3986106,,5.990154665032957,66046.0,2.5203252032520327
1389.5986103999999,8.663280051246145,10.39235297501304,67127.0,2.5833333333333335
1389.7986102,,43.17902113357896,66986.0,2.2794117647058822
1389.9986099999999,,23.234767021548823,68678.0,2.2545454545454544
1390.1986098,7.59501800279227,22.111709978076618,68045.0,2.8054298642533935
1390.3986095999999,,29.68938042081102,72089.0,2.8054298642533935
1390.5986094,,329.22110981418905,30565.0,3.4444444444444446
1390.7986091999999,5.1323209042402045,12.902257198704328,31673.0,3.378205128205128
1390.998609,,292.03230037945633,77933.0,2.1602787456445993
1391.1986087999999,,313.63064991267635,33530.0,2.4741784037558685
1391.3986086,,295.9474170460942,78543.0,2.167832167832168
1391.5986083999999,,7.152076278323848,78439.0,2.175438596491228
1391.7986082,,23.34726858214199,76556.0,2.183098591549296
1391.9986079999999,,32.24358550944591,74781.0,2.1602787456445993
1392.1986078,3.417445440427213,18.534349117597646,73406.0,2.2382671480144403
1392.3986075999999,2.983027663791419,13.91001731144363,71646.0,2.3484848484848486
1392.5986074,,10.336191268006568,70837.0,2.339622641509434
1392.7986071999999,,492.86372707765025,19875.0,1.0807453416149069
1392.998607,8.0890756302521,29.091199178949466,19635.0,1.2171052631578947
1393.1986067999999,,462.4983605852857,72829.0,2.167832167832168
1393.3986066,8.192780461621041,28.695781607083994,74520.0,2.3846153846153846
1393.5986063999999,2.4317506226399934,1.1622246252303343,74682.0,2.4603174603174605
1393.7986062,2.2274012245608863,1.8488461550069417,74639.0,2.421875
1393.9986059999999,2.090530348698576,0.617835261945038,74649.0,2.48
1394.1986058,2.094992911974751,0.6923091788119232,74774.0,2.4603174603174605
1394.3986055999999,,4.012218610986518,74049.0,2.6050420168067228
1394.5986054,2.302078959842893,2.432899544988271,73835.0,2.5
1394.7986051999999,2.1941688436497517,1.1254637650263224,73879.0,2.5833333333333335
1394.998605,,4.589611710734957,73372.0,2.5833333333333335
1395.1986047999999,,476.8818291329464,32001.0,2.3905325443786984
1395.3986046,7.126891522333637,127.22137455042525,32910.0,2.8181818181818183
1395.5986043999999,4.137632897470366,24.198118127751655,32732.0,3.08187134502924
1395.7986042,,350.4217430952592,78694.0,2.366412213740458
1395.998604,,457.306602640543,25828.0,1.832116788321168
1396.1986038,,126.8969258439737,32845.0,3.2134146341463414
1396.3986036,2.105949864089399,1.3745061510443668,33110.0,2.879781420765027
1396.5986034,8.171999416654513,45.28825167239533,34285.0,3.1
1396.7986032,,363.2173058384798,79597.0,2.4313725490196076
1396.998603,2.1340483585017163,1.0401149017085751,79531.0,2.4031007751937983
1397.1986028,,351.244871272792,33908.0,2.8956043956043955
1397.3986026,,118.17218040692131,26848.0,1.792857142857143
1397.5986024,,122.70254525804921,33740.0,3.2732919254658386
1397.7986022,,120.9816414067507,26406.0,1.8115942028985508
1397.998602,2.9389926604792045,5.912321305415223,25751.0,1.838235294117647
1398.1986018,4.83550286378019,30.388269224735474,24967.0,1.7816901408450705
1398.3986016,,120.11199786794438,33299.0,2.7883597883597884
1398.5986014,,123.80475955395528,25568.0,1.7333333333333334
1398.7986012,,475.961242822512,78434.0,2.551440329218107
1398.998601,,474.7254755199585,25236.0,1.7218543046357615
1399.1986008,7.2959112192604065,17.86029407161067,27123.0,1.6369426751592357
1399.3986006,4.756034092623322,21.39265374135887,26516.0,1.9555555555555555
1399.5986004,7.791007464019142,25.345080325884723,28001.0,1.6622516556291391
1399.7986002,4.112971006815694,5.438923250319914,28317.0,1.4277777777777778
1399.9986,,57.24562209748559,37759.0,1.7605633802816902
1400.1985998,7.746904685665492,131.6825830788029,37476.0,2.4976525821596245
1400.3985996,3.0162744666813284,67.87351497600113,36376.0,1.971830985915493
1400.5985994,6.166954580487416,19.151924408768405,37627.0,2.6153846153846154
1400.7985992,3.070307801651085,13.026069821140482,36582.0,2.535211267605634
1400.998599,,79.13383582185266,28152.0,1.5144508670520231
1401.1985988,,124.09077954363875,35491.0,2.4788732394366195
1401.3985986,,114.54053782386637,27954.0,1.359375
1401.5985984,3.1322715179406053,7.156482007802277,27814.0,1.5116279069767442
1401.7985982,,119.7951663233504,34860.0,2.7357512953367875
1401.998598,2.6784923032657173,6.931605800525078,34755.0,2.707692307692308
1402.1985978,,126.0189697067148,27883.0,1.4602272727272727
1402.3985976,4.971628978224456,18.375303148394828,28656.0,1.411764705882353
1402.5985974,3.878413264007563,9.652364436505119,27503.0,1.6346153846153846
1402.7985972,3.3524046434494195,13.02208782326849,27738.0,1.5575757575757576
1402.998597,,488.55746675991344,80122.0,2.2794117647058822
1403.1985968,,479.40099794815467,27382.0,1.6772151898734178
1403.3985966,2.5390531903369085,6.052481305141846,27693.0,1.411764705882353
1403.5985964,3.807897166394432,4.174986457411461,28162.0,1.6415094339622642
1403.7985962,,111.12304632629962,35292.0,2.716494845360825
1403.998596,,114.43007487431609,27686.0,1.7058823529411764
1404.1985958,,129.44096923147652,35023.0,2.7025641025641027
1404.3985956,,342.0922761453986,82259.0,2.2142857142857144
1404.5985954,2.9225931183006217,2.6892076863737366,81724.0,2.2302158273381294
1404.7985952,,472.4551849871348,28358.0,1.6538461538461537
1404.998595,,142.53958424229236,35221.0,3.08187134502924
1405.1985948,,379.9296882302659,79063.0,2.2142857142857144
1405.3985946,5.881893658836584,62.955846789115135,74797.0,2.594142259414226
1405.5985944,4.164394579161137,10.913967187199523,74601.0,2.2545454545454544
1405.7985942,4.692605528930766,3.733390188542581,73866.0,2.5726141078838176
1405.998594,6.754958671926181,25.334451554285476,71743.0,2.1602787456445993
1406.1985938,5.710370423238884,12.837980024054527,70055.0,2.3134328358208953
1406.3985936,4.219510787214085,5.6872931193635035,69295.0,2.339622641509434
1406.5985934,5.528804387568556,9.120543456665402,68375.0,2.2962962962962963
1406.7985932,4.92975224541155,10.220587473764772,69141.0,2.2794117647058822
1406.998593,7.0701781851303656,23.521475108136706,70264.0,2.1602787456445993
1407.1985928,4.112647004053803,8.966928128421051,69811.0,2.1602787456445993
1407.3985926,2.7118042638431823,0.13812725349438784,69890.0,2.1602787456445993
1407.5985924,2.53651879094357,3.2328658876581056,69608.0,2.2878228782287824
1407.7985922,6.3524435154772565,13.064600719161357,70329.0,2.1602787456445993
1407.998592,,269.19517269351235,23364.0,2.535211267605634
1408.1985918,23.55290077974104,118.6044160396647,27958.0,2.4741784037558685
1408.3985916,17.900461292245897,110.59570989312662,31867.0,2.4741784037558685
1408.5985914,,99.2426061946645,26198.0,1.3541666666666667
1408.7985912,,92.22994505676168,35152.0,2.535211267605634
1408.998591,19.085258631754588,314.5272774308292,31164.0,1.6753246753246753
1409.1985908,,481.32255118926844,74197.0,2.743362831858407
1409.3985906,4.3473339902556525,5.881958181103894,73068.0,2.7312775330396475
1409.5985904,6.565708080169356,14.89269317682357,72746.0,2.412451361867704
1409.7985902,7.9866677742243635,24.770557352933594,72231.0,2.1602787456445993
1409.99859,5.748651729122651,21.605730574215023,71944.0,2.1602787456445993
1410.1985898,3.7043647163145526,10.505456421358454,71047.0,2.1602787456445993
1410.3985896,2.799994381075462,1.6570233544566413,71188.0,2.1602787456445993
1410.5985894,2.297021228830801,3.2965218135372627,71271.0,2.1602787456445993
1410.7985892,2.733260277051898,2.540911611489999,71178.0,2.1602787456445993
1410.998589,4.787349810470955,6.804869101703463,71493.0,2.1602787456445993
1411.1985888,2.551394119961774,4.391809869996035,71156.0,2.1602787456445993
1411.3985886,3.5170762356883554,6.798672041901829,71620.0,2.1602787456445993
1411.5985884,3.5820804183646504,2.1854214185353817,71899.0,2.1602787456445993
1411.7985882,9.690129130483816,38.79115451912491,70936.0,2.1602787456445993
1411.998588,9.943736318545817,22.656639167512918,72178.0,2.1602787456445993
1412.1985878,4.086836780575539,19.660453846890235,71168.0,2.3846153846153846
1412.3985876,2.7694879390605163,6.689534785460784,70890.0,2.2794117647058822
1412.5985874,2.3378053072429084,3.0324677876061723,71035.0,2.2382671480144403
1412.7985872,6.314981370528586,11.691927235808068,73271.0,2.3846153846153846
1412.9985869999998,12.659549419382458,61.34527615664942,74748.0,2.7927927927927927
1413.1985868,6.251171391627157,50.67577860656567,71923.0,2.8310502283105023
1413.3985865999998,4.5677059561843905,24.20618349238986,70112.0,2.9523809523809526
1413.5985864,4.324409113492796,7.647276890263744,70445.0,2.8703703703703702
1413.7985861999998,4.684553822087517,17.101204119648546,71597.0,2.8181818181818183
1413.998586,2.819328199977681,7.9299030308979015,71688.0,2.8181818181818183
1414.1985857999998,2.348572307090246,4.787700800369093,71549.0,2.8310502283105023
1414.3985856,2.178169964028777,4.8557472390629774,71168.0,2.8440366972477062
1414.5985853999998,3.330928739537928,6.006701433289209,71807.0,2.8054298642533935
1414.7985852,3.0593053643184307,3.221687286683606,71174.0,2.7927927927927927
1414.9985849999998,3.5404449810279406,20.119502853875765,69576.0,2.938388625592417
1415.1985848,3.3248261902666547,16.475670380678668,68178.0,3.0097087378640777
1415.3985845999998,4.561228725612287,18.070889850219615,67452.0,2.995169082125604
1415.5985844,2.869747899159664,6.221564568189066,68068.0,2.857142857142857
1415.7985841999998,5.47442779613025,9.10967636734506,67808.0,2.780269058295964
1415.998584,5.59007024126347,4.921093532143438,68763.0,2.938388625592417
1416.1985837999998,11.913648501764603,59.97272789073559,74521.0,2.5203252032520327
1416.3985836,11.19433896673441,47.157546358310235,74792.0,2.1602787456445993
1416.5985833999998,4.604432309568688,16.141696127614814,72152.0,2.1602787456445993
1416.7985832,3.1929481039048855,8.903435143130123,70988.0,2.1602787456445993
1416.9985829999998,3.4917073170731707,8.870488608552344,70725.0,2.1602787456445993
1417.1985828,2.7930658433299813,3.788759106404514,70607.0,2.1602787456445993
1417.3985825999998,17.296195325341778,87.04472316037753,74829.0,2.1602787456445993
1417.5985824,13.988755846829358,86.5745736894554,76751.0,2.1602787456445993
1417.7985821999998,7.457650017389443,27.708632338923856,74758.0,2.1602787456445993
1417.998582,5.805991755476818,17.38717131743872,72533.0,2.1602787456445993
1418.1985817999998,4.780038827357924,14.804808966490302,71599.0,2.1602787456445993
1418.3985816,7.820781890025908,60.051087290578096,69089.0,2.5101214574898787
1418.5985813999998,6.433624349698021,47.12888576708642,66892.0,2.7074235807860263
1418.7985812,5.128150102084917,2.734362638784444,67101.0,2.3846153846153846
1418.9985809999998,8.268715746652353,34.68364893127788,70796.0,2.1602787456445993
1419.1985808,7.923727501723871,25.813662128232163,71061.0,2.7927927927927927
1419.3985805999998,,369.7736319476031,28947.0,2.4788732394366195
1419.5985804,,366.13220602337674,73850.0,2.1602787456445993
1419.7985801999998,5.879692981866573,16.27552641059559,74393.0,2.1602787456445993
1419.99858,4.295405442362916,13.12940331120946,73130.0,2.246376811594203
1420.1985797999998,4.064929316007426,23.239749500515142,70030.0,2.9107981220657275
1420.3985796,4.756118131396878,10.00477643479304,69956.0,2.8703703703703702
1420.5985793999998,6.366055897019598,14.80779476906614,68984.0,2.767857142857143
1420.7985792,4.909021340494961,4.00918763101894,69258.0,2.7312775330396475
1420.9985789999998,3.9631499460625674,10.332189672461515,69525.0,2.743362831858407
1421.1985788,3.992587581680532,4.36910141349894,69478.0,2.4701195219123506
1421.3985785999998,3.5108705130068305,7.909240058808976,68810.0,2.540983606557377
1421.5985784,4.00623066470061,8.494854079411192,69174.0,2.5203252032520327
1421.7985781999998,3.8439346341182237,3.5506526552546656,69394.0,2.440944881889764
1421.998578,2.7655028358403806,13.099381207109738,68939.0,2.4899598393574296
1422.1985777999998,4.196443615356842,23.743000760419026,66472.0,2.743362831858407
1422.3985776,3.7833555299957626,4.80074633328953,66076.0,2.8310502283105023
1422.5985773999998,3.1430421994300257,6.104966438463308,65617.0,2.7927927927927927
1422.7985772,2.989077430233795,0.9725533607249197,65827.0,2.8054298642533935
1422.9985769999998,2.6818494669705264,4.8627062949504865,65381.0,2.8310502283105023
1423.1985768,2.5110071756120598,2.0754610937650555,65639.0,2.8310502283105023
1423.3985765999998,2.725048626306832,2.5102324990590787,65808.0,2.8181818181818183
1423.5985764,3.2526163059920354,16.904259668348427,64786.0,2.9107981220657275
1423.7985761999998,4.653713668904868,27.51365044136457,62997.0,2.995169082125604
1423.998576,,393.76450344942447,22217.0,2.544600938967136
1424.1985757999998,10.222600503684358,45.71033728302178,21442.0,4.0
1424.3985756,,359.2768827759612,65900.0,2.1602787456445993
1424.5985753999998,,632.4319122184042,14842.0,0.8697916666666666
1424.7985752,,630.4465334055682,65610.0,2.3134328358208953
1424.9985749999998,2.1943813545112265,1.749222026270395,65603.0,2.3134328358208953
1425.1985748,5.184463839279031,13.167823248855791,66799.0,2.4031007751937983
1425.3985745999998,5.31673565760569,3.0653552023227957,66917.0,2.2545454545454544
1425.5985744,3.0494419292662154,6.033228187136899,66927.0,2.2878228782287824
1425.7985741999998,4.58809464066951,11.526272060464311,67751.0,2.1602787456445993
1425.998574,,689.3660037150506,28504.0,1.2816901408450705
1426.1985737999998,,549.880716163042,79168.0,2.5
1426.3985736,6.138033630455194,37.59276285171369,82009.0,2.1602787456445993
1426.5985733999999,,583.9949009719683,33328.0,1.267605633802817
1426.7985732,,612.0668928337543,77825.0,2.1602787456445993
1426.9985729999999,5.625500316698786,43.46385719212605,74203.0,2.1602787456445993
1427.1985728,4.92726288729536,8.908055046922358,73910.0,2.1602787456445993
1427.3985725999999,2.974897282245185,6.3811802322673845,73259.0,2.1602787456445993
1427.5985724,2.4470532319391634,1.498070284936782,73640.0,2.1602787456445993
1427.7985721999999,3.2981959819598194,3.4885892978229647,73170.0,2.1602787456445993
1427.998572,2.3463331687784543,4.034547137531976,72924.0,2.1602787456445993
1428.1985717999999,2.6265655630581572,5.031977609951086,73456.0,2.1602787456445993
1428.3985716,2.958661042318683,2.3765745284712403,73490.0,2.1602787456445993
1428.5985713999999,6.530989824236817,13.30283032146686,73508.0,2.1602787456445993
1428.7985712,9.264107800276117,91.13600825986012,69536.0,2.5726141078838176
1428.9985709999999,6.996229670130918,8.903809204136598,71877.0,2.6609442060085837
1429.1985708,5.511869738720107,19.70049006110436,68662.0,2.719298245614035
1429.3985705999999,2.8540246768507638,4.724202011542485,68080.0,2.7555555555555555
1429.5985704,,398.66163229098396,24206.0,3.4838709677419355
1429.7985701999999,19.539145536644668,28.967090262414743,28790.0,3.3630573248407645
1429.99857,,339.6965295537929,79146.0,2.7074235807860263
1430.1985697999999,,445.8254011408545,32224.0,3.8026315789473686
1430.3985696,6.367137997732275,104.60723600524892,29986.0,1.7682119205298013
1430.5985693999999,5.659425412944277,156.40642708756215,31118.0,3.673202614379085
1430.7985692,3.919496459480724,8.340315832286676,31775.0,3.7039473684210527
1430.9985689999999,3.567552412697424,21.236139914175627,32101.0,3.675324675324675
1431.1985688,3.30977277297406,127.57277398656491,29838.0,1.6688311688311688
1431.3985685999999,2.65548369711668,5.284876540407968,29688.0,1.6818181818181819
1431.5985684,2.760389416868108,6.0832745367687,30199.0,1.6709677419354838
1431.7985681999999,2.319085585734608,1.6799956845721897,30227.0,1.6838709677419355
1431.998568,2.65864956897874,127.76753952641363,32597.0,3.632258064516129
1432.1985677999999,4.597748336132363,23.931691618754336,32154.0,3.642857142857143
1432.3985676,7.387649291732247,57.517848204450544,32403.0,3.7837837837837838
1432.5985673999999,14.062842907559537,87.77167763613927,33719.0,3.887323943661972
1432.7985672,10.458623624728098,58.01689696353676,31721.0,3.52258064516129
1432.9985669999999,8.978364408344103,139.6203336845058,27085.0,1.5
1433.1985668,,20.53109810763644,19235.0,2.0806451612903225
1433.3985665999999,,77.57483842885465,16569.0,1.677685950413223
1433.5985664,,521.9538575209373,66217.0,2.551440329218107
1433.7985661999999,7.660528612208073,18.81728303981935,67611.0,2.5726141078838176
1433.998566,4.177712480716962,2.3312588523431352,68065.0,2.5306122448979593
1434.1985657999999,5.819923205727814,20.800951673689973,69276.0,2.5
1434.3985656,3.484889305376596,14.283219032377684,68296.0,2.5306122448979593
1434.5985653999999,3.6394774993776267,3.9863031147394903,68287.0,2.5833333333333335
1434.7985652,3.9618503393366042,10.896975683539432,68074.0,2.56198347107438
1434.9985649999999,,324.2448884230369,23125.0,3.3540372670807455
1435.1985648,,338.0435566926652,66456.0,2.719298245614035
1435.3985645999999,4.350139603232917,19.555954801539265,68050.0,2.6956521739130435
1435.5985644,4.181006726844132,21.046445305599583,69572.0,2.683982683982684
1435.7985641999999,10.521170779784985,68.21445573289579,77111.0,2.743362831858407
1435.998564,15.209794738939816,59.81692483371181,80288.0,2.1602787456445993
1436.1985637999999,9.301448839424475,37.5211669058079,79788.0,2.1602787456445993
1436.3985636,6.745361484325016,27.046887427697328,81276.0,2.1602787456445993
1436.5985633999999,9.573665000699451,38.90341179631022,78633.0,2.1602787456445993
1436.7985632,4.306229455837537,14.406694161571233,75143.0,2.1602787456445993
1436.9985629999999,11.342567795949144,35.51287524309865,76922.0,2.1602787456445993
1437.1985628,17.058815940703212,42.32951967953138,85266.0,2.1602787456445993
1437.3985625999999,12.05152119458158,94.46058841736006,82238.0,2.1602787456445993
1437.5985624,4.771785554918085,33.52533646658383,78435.0,2.1908127208480566
1437.7985621999999,3.1990232302440647,6.057030779079023,78217.0,2.1602787456445993
1437.998562,,324.96882735367166,34041.0,2.507042253521127
1438.1985617999999,3.6275655385360537,35.967300489847844,33034.0,2.4788732394366195
1438.3985616,,319.2671105828877,77282.0,2.1602787456445993
1438.5985613999999,7.3665105982340515,40.71019473684253,78598.0,2.2302158273381294
1438.7985612,7.590606934627335,48.57338277404225,80783.0,2.1602787456445993
1438.9985609999999,3.326748069030564,20.22336822127194,78458.0,2.1602787456445993
1439.1985608,3.4216261103701653,14.41443321038397,79478.0,2.1602787456445993
1439.3985605999999,2.6598909520339706,5.10226627515104,79598.0,2.1602787456445993
1439.5985604,3.1767698757261744,4.6814036568077535,80387.0,2.1602787456445993
1439.7985601999999,2.223394678935787,2.216160695914014,79984.0,2.1602787456445993
1439.99856,2.133764819289175,2.0377519318380433,79879.0,2.1602787456445993
1440.1985597999999,4.570301795963711,11.130322185374826,81015.0,2.1602787456445993
1440.3985596,8.618135298582377,48.69990508532424,81686.0,2.1602787456445993
1440.5985593999999,3.982293976978453,25.366045245030858,80707.0,2.1602787456445993
1440.7985592,2.823148332009531,6.364967422980546,80576.0,2.1602787456445993
1440.998559,3.276414273281114,9.173511918676851,80430.0,2.1602787456445993
1441.1985588,3.4727647341862733,7.639685311717418,81053.0,2.1602787456445993
1441.3985586,2.466468217054264,3.552034882860132,80625.0,2.1602787456445993
1441.5985584,2.6293568181253573,2.0188247771976844,80506.0,2.1602787456445993
1441.7985582,3.2064980239125287,8.6155180529513,80209.0,2.1602787456445993
1441.998558,2.5743238227215364,4.88362295188909,80822.0,2.1602787456445993
1442.1985578,2.376820441266242,2.9305975357402976,80269.0,2.1602787456445993
1442.3985576,2.3483066353011464,2.1015185762164745,80343.0,2.1602787456445993
1442.5985574,2.6986135851218873,4.6758257324497245,80279.0,2.1602787456445993
1442.7985572,2.4612117957108777,2.4782982901883304,80063.0,2.1602787456445993
1442.998557,2.486393458919429,9.201126094281804,80476.0,2.1602787456445993
1443.1985568,2.3440131570812053,2.0489048795597173,80869.0,2.1602787456445993
1443.3985566,2.996252550862655,7.471491107405254,80855.0,2.1602787456445993
1443.5985564,3.174718376259243,7.1094489506929,80604.0,2.1602787456445993
1443.7985562,2.773029898029898,6.226403987504623,80808.0,2.1602787456445993
1443.998556,2.5925746689994913,3.907062887882208,80589.0,2.1602787456445993
1444.1985558,2.269365715281061,1.8517203491125218,80374.0,2.1602787456445993
1444.3985556,2.936356207127114,7.536567631650159,80762.0,2.1602787456445993
1444.5985554,2.678738608635028,6.024348830710527,80324.0,2.1602787456445993
1444.7985552,2.7395332020048375,5.108618527201753,80206.0,2.1602787456445993
1444.998555,2.8532653111766018,4.637869186698253,80758.0,2.1602787456445993
1445.1985548,2.5880801622152836,2.830025426754657,80387.0,2.1602787456445993
1445.3985546,2.998161583259303,10.045103230874183,81048.0,2.1602787456445993
1445.5985544,2.8596571911550845,8.159425466540263,80453.0,2.1602787456445993
1445.7985542,2.613065326633166,3.7648025497213045,80794.0,2.1602787456445993
1445.998554,2.43348623853211,7.910975105910068,80224.0,2.1602787456445993
1446.1985538,2.3450538797121445,2.0888420684149245,80457.0,2.1602787456445993
1446.3985536,2.6272011150242043,5.855440677952648,80357.0,2.1602787456445993
1446.5985534,2.5852297497602232,2.266819812424179,80283.0,2.1602787456445993
1446.7985532,3.8879554264773706,14.985673023441722,80227.0,2.1602787456445993
1446.998553,3.971457328893086,11.285319709603396,80476.0,2.1602787456445993
1447.1985528,2.9982121647808966,8.2981826455969,79985.0,2.1602787456445993
1447.3985526,2.8204579392732705,7.800946652029363,80360.0,2.1602787456445993
1447.5985524,3.020196328850825,8.287345645288255,79866.0,2.1602787456445993
1447.7985522,3.1980777838563683,7.306431095220869,80428.0,2.1602787456445993
1447.998552,3.650404483491357,6.463822530202732,80473.0,2.1602787456445993
1448.1985518,2.666583665338645,3.9956293061201023,80320.0,2.1602787456445993
1448.3985516,2.485105693488882,2.421577303362984,80232.0,2.1602787456445993
1448.5985514,2.403981864281878,0.28934542593220425,80063.0,2.1602787456445993
1448.7985512,2.5648630827226695,3.542230808435992,80377.0,2.1602787456445993
1448.998551,2.364979613212135,4.2492189300678955,80199.0,2.1602787456445993
1449.1985508,2.3104897203741683,2.805958536859119,79964.0,2.1602787456445993
1449.3985506,2.252629075066353,0.7003282269649295,79876.0,2.1602787456445993
1449.5985504,2.3594186134231903,4.15825749772386,79534.0,2.1602787456445993
1449.7985502,3.3931800728317687,11.00955784987638,80734.0,2.1602787456445993
1449.99855,3.0481795511221943,1.5134253830091604,80200.0,2.1602787456445993
1450.1985498,3.7309109324555294,6.225244918076086,78985.0,2.1602787456445993
1450.3985496,2.7980578575423256,6.600914392493967,78676.0,2.1602787456445993
1450.5985494,3.027071307942429,10.030209061030858,79346.0,2.1602787456445993
1450.7985492,2.574271141615767,1.2541747665080334,79405.0,2.1602787456445993
1450.998549,3.3205236327018692,7.080530627287507,79445.0,2.1602787456445993
1451.1985488,2.9473730885687863,5.863193376987863,78933.0,2.1602787456445993
1451.3985486,2.6570749198921724,4.253298994726436,78644.0,2.1602787456445993
1451.5985484,2.5080440944881888,6.621841250448325,79375.0,2.1602787456445993
1451.7985482,2.515019563296731,2.8913821863955183,79230.0,2.1602787456445993
1451.998548,2.3608012489612973,4.1917091941405555,79426.0,2.1602787456445993
1452.1985478,2.34975015142338,1.492448790746105,79248.0,2.1602787456445993
1452.3985476,2.407358088570994,7.019132801242856,78852.0,2.1602787456445993
1452.5985474,2.28637492398135,2.5228827364219626,78928.0,2.1602787456445993
1452.7985472,2.2842267741241664,1.865419670695291,79039.0,2.1602787456445993
1452.998547,3.5139479727440426,8.368436371513162,79689.0,2.1602787456445993
1453.1985468,2.56852518211111,3.0231641594881284,79759.0,2.1602787456445993
1453.3985466,2.7457701083500616,7.469633676174705,80203.0,2.1602787456445993
1453.5985464,2.9126737346869964,6.321057661369473,80079.0,2.1602787456445993
1453.7985462,3.2974452783381154,9.37939918072522,79813.0,2.1602787456445993
1453.998546,2.4878689016387296,1.462572640552934,80001.0,2.1602787456445993
1454.1985458,2.6764978691401353,0.8218004620152046,79780.0,2.1602787456445993
1454.3985456,3.1505403210693985,2.7245525533260366,80045.0,2.1602787456445993
1454.5985454,2.760020874232748,3.9423626590926353,80482.0,2.1602787456445993
1454.7985452,3.2525541479362485,7.5993037679637325,80751.0,2.1602787456445993
1454.998545,3.0654545002300795,4.140647761168034,80407.0,2.1602787456445993
1455.1985448,3.399677156947481,24.68193341302138,78676.0,2.1602787456445993
1455.3985446,2.757538508815734,7.245357684785674,78099.0,2.1602787456445993
1455.5985444,2.555198632177506,5.456657927024731,77203.0,2.1602787456445993
1455.7985442,2.393733770046847,5.685370600542517,76633.0,2.1602787456445993
1455.998544,2.645090048639411,6.070573682938069,76070.0,2.1602787456445993
1456.1985438,3.141632944537015,3.3285579694584917,75618.0,2.1602787456445993
1456.3985436,2.869523011662079,7.808891406448291,75201.0,2.198581560283688
1456.5985434,3.0560648384939215,8.60746636147378,76251.0,2.1602787456445993
1456.7985432,2.817636292325794,6.338709030046988,76490.0,2.206405693950178
1456.998543,3.245017141814295,7.764190123157072,76713.0,2.206405693950178
1457.1985427999998,3.1319097262592206,4.690036219015117,77409.0,2.206405693950178
1457.3985426,3.0456797489040492,3.3780615011166613,77102.0,2.206405693950178
1457.5985423999998,2.573520151133501,8.994136373510651,76224.0,2.198581560283688
1457.7985422,2.7753597288961256,10.613479012640365,75543.0,2.206405693950178
1457.9985419999998,3.388777397395034,0.40761094708297435,76239.0,2.206405693950178
1458.1985418,2.4925178491450852,1.6373614346761594,75914.0,2.1602787456445993
1458.3985415999998,2.322465256157179,5.261925531691126,75481.0,2.2382671480144403
1458.5985414,3.3813466072832066,11.052748766135021,76340.0,2.2222222222222223
1458.7985411999998,2.3828119872409133,1.7491926443361223,76181.0,2.198581560283688
1458.998541,3.0222774531874195,8.645877672906918,76849.0,2.206405693950178
1459.1985407999998,2.4680372090616225,5.402108454242542,77293.0,2.198581560283688
1459.3985406,3.0920425799658435,9.499973780953455,77877.0,2.1602787456445993
1459.5985403999998,3.0593991109294363,6.493588475313582,78284.0,2.1602787456445993
1459.7985402,2.4966937488786938,3.7800132294357436,78034.0,2.1602787456445993
1459.9985399999998,2.688944042166671,3.335230180573261,78166.0,2.1602787456445993
1460.1985398,2.7073747222115174,6.237730780284963,77847.0,2.198581560283688
1460.3985395999998,2.8859657151823424,16.677462767526524,76477.0,2.206405693950178
1460.5985394,3.4772590872322104,1.938033304340174,76646.0,2.198581560283688
1460.7985391999998,3.324874100245208,9.93575572565195,75854.0,2.2142857142857144
1460.998539,2.674776988408739,12.097680873732715,74884.0,2.206405693950178
1461.1985387999998,3.4233234286932537,6.825356385213514,75049.0,2.2222222222222223
1461.3985386,3.4080762878908955,7.689613424763671,75084.0,2.206405693950178
1461.5985383999998,2.540037864647219,3.4198546427739367,75004.0,2.198581560283688
1461.7985382,3.6080658153630805,8.97874310821106,75727.0,2.2142857142857144
1461.9985379999998,3.2018071483946855,16.60674763942931,74814.0,2.2302158273381294
1462.1985378,2.5960884699253723,5.822928866834361,73833.0,2.1908127208480566
1462.3985375999998,2.4913262451035254,6.405787760570664,73267.0,2.2142857142857144
1462.5985374,2.766348670091245,8.592206928103627,72223.0,2.198581560283688
1462.7985371999998,3.892673229053056,4.557165456961612,72433.0,2.1908127208480566
1462.998537,4.8944528061397445,13.88283482084962,73749.0,2.1602787456445993
1463.1985367999998,4.731790465631929,29.53331489557156,72160.0,2.1908127208480566
1463.3985366,3.681192822702657,15.545366095621041,70723.0,2.1602787456445993
1463.5985363999998,4.907711453339556,19.167585824309658,70713.0,2.2142857142857144
1463.7985362,4.223995658405578,14.339215777884524,71863.0,2.1602787456445993
1463.9985359999998,3.2464164109462357,6.588351364861263,71367.0,2.1602787456445993
1464.1985358,2.5365512367491165,7.1837929817937125,70750.0,2.198581560283688
1464.3985355999998,2.5855598728364537,0.690044566972474,70775.0,2.1602787456445993
1464.5985354,2.4725382838566174,2.606850334575738,70134.0,2.198581560283688
1464.7985351999998,5.095421640141468,22.02321628384642,72384.0,2.2302158273381294
1464.998535,2.5259645750377593,7.994353967811215,72830.0,2.1602787456445993
1465.1985347999998,3.08488789299314,7.149559860586959,72743.0,2.1602787456445993
1465.3985346,3.035131471943616,9.185589132127069,73780.0,2.246376811594203
1465.5985343999998,3.3509717349837933,12.419649450480657,74969.0,2.2222222222222223
1465.7985342,2.8615066358605126,4.107794066295048,74444.0,2.2545454545454544
1465.9985339999998,3.24173281742391,6.824633910244933,75207.0,2.198581560283688
1466.1985338,2.855066267635742,8.3957721721792,74848.0,2.198581560283688
1466.3985335999998,2.4647253117627232,7.319038973853869,74175.0,2.2142857142857144
1466.5985334,3.184142912872113,5.705168090479664,74339.0,2.1602787456445993
1466.7985331999998,2.446049094175977,8.273264153226487,74021.0,2.1602787456445993
1466.998533,2.6657362459546925,4.001220496215088,74160.0,2.1602787456445993
1467.1985327999998,2.4695264758930735,1.6852291381499245,74294.0,2.1602787456445993
1467.3985326,3.695184135977337,8.849431207254616,74130.0,2.206405693950178
1467.5985323999998,3.306515642147764,8.485588432186038,73807.0,2.198581560283688
1467.7985322,3.159329084199933,5.639426707275233,74525.0,2.246376811594203
1467.9985319999998,6.578501772474062,21.939734213727924,77011.0,2.246376811594203
1468.1985318,4.753463117467885,18.371898338831265,75510.0,2.1602787456445993
1468.3985315999998,3.306536509385826,11.778899911626366,74474.0,2.198581560283688
1468.5985314,2.564240631432583,7.209721110986512,73357.0,2.2222222222222223
1468.7985311999998,3.255219171645298,6.833256594407678,74485.0,2.2302158273381294
1468.998531,3.9123732685038,11.60172686415189,74863.0,2.246376811594203
1469.1985307999998,3.3065465927478184,5.064107211809991,75398.0,2.2627737226277373
1469.3985306,3.016827783745077,6.01461254231589,75411.0,2.198581560283688
1469.5985303999998,2.641301314338113,3.5621235656257606,75247.0,2.271062271062271
1469.7985302,2.530302024560239,2.370747859163668,75325.0,2.2142857142857144
1469.9985299999998,3.0986461645802303,6.865712967073972,74529.0,2.2627737226277373
1470.1985298,2.7270591078765745,5.129165291474741,74474.0,2.2382671480144403
1470.3985295999998,2.958339973439575,6.560207388827687,75300.0,2.2382671480144403
1470.5985294,3.2356343233972398,8.758160054074278,75214.0,2.2382671480144403
1470.7985291999998,2.7300205261675097,5.853275626843104,74539.0,2.2302158273381294
1470.998529,3.319663357328267,8.811790122067519,74738.0,2.2382671480144403
1471.1985287999998,3.8030214755097895,8.956352836490176,73805.0,2.246376811594203
1471.3985286,3.487627286409676,8.752060489609638,73751.0,2.2382671480144403
1471.5985283999999,,464.3257707492561,22329.0,0.9608938547486033
1471.7985282,,458.8177287691955,74742.0,2.2627737226277373
1471.9985279999999,2.4763358575085324,0.9913269054196527,75008.0,2.271062271062271
1472.1985278,2.2618261532086668,4.525925539584711,74813.0,2.2627737226277373
1472.3985275999999,2.3367057223977286,2.559880568974997,75021.0,2.2627737226277373
1472.5985274,2.229167222919392,2.009221662656438,74906.0,2.2382671480144403
1472.7985271999999,2.462398441773283,4.872508456569459,74957.0,2.2627737226277373
1472.998527,2.4377845925099897,3.3224420120796454,75327.0,2.198581560283688
1473.1985267999999,2.3677354042065724,4.608954518914423,75073.0,2.246376811594203
1473.3985266,2.3738340237872513,2.503036203131605,74830.0,2.271062271062271
1473.5985263999999,2.430035278593165,2.251481949459433,74266.0,2.2627737226277373
1473.7985262,2.42135831381733,5.852831974479989,74725.0,2.198581560283688
1473.9985259999999,2.567782817502668,4.123500251351039,74960.0,2.2627737226277373
1474.1985258,2.200251922922306,1.8641585263040423,74626.0,2.2302158273381294
1474.3985255999999,2.484279699897447,6.466398833373948,74108.0,2.3048327137546467
1474.5985254,2.439922218921328,4.108239514776016,74054.0,2.2627737226277373
1474.7985251999999,2.2567756280759794,5.884531024198266,73757.0,2.2382671480144403
1474.998525,2.3010024346785274,1.82366089387733,73521.0,2.246376811594203
1475.1985247999999,2.3911708515283845,3.7299882234880926,73280.0,2.2627737226277373
1475.3985246,2.2380407852105964,1.8646523604028886,73458.0,2.2302158273381294
1475.5985243999999,2.347693189416372,2.5037035797395926,73283.0,2.2142857142857144
1475.7985242,3.759335317326726,12.47585951195774,74261.0,2.2627737226277373
1475.9985239999999,2.6218851715490104,6.7888797643881365,74964.0,2.198581560283688
1476.1985238,2.40969009866574,2.3094514367363668,74798.0,2.1602787456445993
1476.3985235999999,3.0027837461655924,10.522356229852608,74001.0,2.2382671480144403
1476.5985234,3.154881160198738,10.822717432884073,74470.0,2.2302158273381294
1476.7985231999999,3.5355272999252056,16.11206974831342,73535.0,2.1602787456445993
1476.998523,2.744321435388433,6.269561335239503,73346.0,2.1602787456445993
1477.1985227999999,2.78110300081103,1.2790772179120913,73980.0,2.2627737226277373
1477.3985226,2.505964931372682,3.1191350309666555,73513.0,2.2222222222222223
1477.5985223999999,2.654661246612466,5.118295916191611,73800.0,2.198581560283688
1477.7985222,2.517202941696233,5.296850892980919,73563.0,2.2545454545454544
1477.9985219999999,2.383689638685882,4.972741184684638,73205.0,2.2382671480144403
1478.1985218,2.4462082087523784,2.7849355188714466,73580.0,2.246376811594203
1478.3985215999999,2.7953862806115546,4.0123397688833355,73910.0,2.2142857142857144
1478.5985214,3.157762824529381,5.786972221661942,73414.0,2.3220973782771535
1478.7985211999999,2.5039568149679106,3.3116889177897426,73544.0,2.2627737226277373
1478.998521,2.5343012017248605,1.87261150119197,73977.0,2.1602787456445993
1479.1985207999999,2.507831013537439,5.650539369522032,73426.0,2.2382671480144403
1479.3985206,3.041804785742085,7.429036523093152,74513.0,2.2627737226277373
1479.5985203999999,2.7807449427378788,1.9422125508156318,74744.0,2.246376811594203
1479.7985202,2.862928181976503,5.137214692838379,74647.0,2.2222222222222223
1479.9985199999999,2.387333315589151,3.519544861932624,75142.0,2.2382671480144403
1480.1985198,2.448945839832195,5.1281642936142475,74372.0,2.2302158273381294
1480.3985195999999,3.102964722207397,8.022976276547968,74948.0,2.2382671480144403
1480.5985194,5.77558439527793,23.469671303822988,76746.0,2.2142857142857144
1480.7985191999999,4.643393374157678,17.065166360740086,78058.0,2.246376811594203
1480.998519,3.0723234333537457,5.601012220281163,78384.0,2.2382671480144403
1481.1985187999999,3.2605516061924877,5.939330160931871,78353.0,2.2222222222222223
1481.3985186,2.850585688820983,2.5780039012026195,78540.0,2.2627737226277373
1481.5985183999999,2.554560602398911,1.3437362784576856,78619.0,2.2142857142857144
1481.7985182,2.550733442178937,2.0089965316108978,79011.0,2.2302158273381294
1481.9985179999999,2.357940784885564,1.747589123200073,78865.0,2.2142857142857144
1482.1985178,2.2787061031185774,5.165879516193609,78337.0,2.2302158273381294
1482.3985175999999,2.4514500592386543,1.7449006396287317,77652.0,2.2382671480144403
1482.5985174,3.801737116386798,8.520243592727223,77715.0,2.1602787456445993
1482.7985171999999,3.595498375702573,11.230946308288067,77572.0,2.1602787456445993
1482.998517,3.729670215797518,1.0156945254953693,77202.0,2.1602787456445993
1483.1985167999999,3.656305926939678,6.546108253306788,75992.0,2.1602787456445993
1483.3985166,4.360066758092478,9.424842693701985,77294.0,2.1602787456445993
1483.5985163999999,4.421008641086308,13.232730730996433,77768.0,2.1602787456445993
1483.7985162,7.012114413909142,33.68748373298397,80235.0,2.1602787456445993
1483.9985159999999,,527.8616963551968,27911.0,1.0677083333333333
1484.1985158,,519.4616446972473,80901.0,2.1602787456445993
1484.3985155999999,5.741395337152045,26.26005947754563,79608.0,2.206405693950178
1484.5985154,3.7804912752719604,25.571465638428585,77309.0,2.339622641509434
1484.7985151999999,,470.69367350038476,24499.0,1.0783132530120483
1484.998515,,510.41442597044136,72968.0,2.440944881889764
1485.1985147999999,,471.0696610841072,20692.0,1.0769230769230769
1485.3985146,,484.2541172115042,73018.0,2.5101214574898787
1485.5985143999999,4.802366198691096,14.67439705890764,74719.0,2.5
1485.7985142,5.147276129085124,23.16456826109444,73223.0,2.594142259414226
1485.998514,5.629786376461104,16.66181264389353,74430.0,2.6050420168067228
1486.1985138,2.964457291751486,5.933014527050043,73686.0,2.594142259414226
1486.3985136,2.6306309952644997,3.7513330701507184,74121.0,2.594142259414226
1486.5985134,2.333732927453463,1.6316584048732572,74242.0,2.5726141078838176
1486.7985132,2.389770343677728,1.0843431406710924,74372.0,2.594142259414226
1486.998513,2.3336025739402015,0.77336643042211,74283.0,2.5833333333333335
1487.1985128,2.6678687245179433,4.57287749067652,74317.0,2.5833333333333335
1487.3985126,3.5927180018324503,2.9175203633015396,75309.0,2.5726141078838176
1487.5985124,2.042012124749612,1.180308222038392,75383.0,2.56198347107438
1487.7985122,5.834765400574529,21.305042356933853,78325.0,2.5203252032520327
1487.998512,4.634610260249464,19.195818296448373,78809.0,2.4313725490196076
1488.1985118,4.057186156157712,25.061415081739153,77204.0,2.4899598393574296
1488.3985116,4.492479378942261,16.40768056958823,78318.0,2.450592885375494
1488.5985114,4.650860156107239,9.372970530986064,76614.0,2.375478927203065
1488.7985112,6.178992816948889,25.816225775267394,77126.0,2.271062271062271
1488.998511,2.7591934497077624,8.108384753324009,76821.0,2.2962962962962963
1489.1985108,2.8497771193502732,10.729582074761215,75601.0,2.2794117647058822
1489.3985106,3.3608082608239855,9.760295414061945,76312.0,2.271062271062271
1489.5985104,2.427226049825793,1.709671362387074,76346.0,2.2627737226277373
1489.7985102,4.270256257372099,18.407867495278772,77149.0,2.2382671480144403
1489.99851,2.370244010014659,1.2004653235563645,77087.0,2.2142857142857144
1490.1985098,,484.014507507777,25658.0,0.9230769230769231
1490.3985096,,468.64883751383826,77715.0,2.1602787456445993
1490.5985094,3.5517742458644177,17.930240420928378,77075.0,2.246376811594203
1490.7985092,6.211033206484909,25.754669993667594,76732.0,2.3134328358208953
1490.998509,4.101759397519964,14.001752258009937,77015.0,2.271062271062271
1491.1985088,3.602679849095876,10.255047738801213,76870.0,2.3048327137546467
1491.3985086,5.5517519444372185,17.856239847832807,76886.0,2.4031007751937983
1491.5985084,3.9933203821486547,25.91303734888734,75154.0,2.5306122448979593
1491.7985082,2.7387003541528148,14.665801510217754,73697.0,2.6271186440677967
1491.998508,2.850049095244775,14.75566865932402,71290.0,2.7312775330396475
1492.1985078,2.580835973199518,4.962421859327235,71342.0,2.743362831858407
1492.3985076,3.861718849568801,7.222977557094352,70617.0,2.683982683982684
1492.5985074,4.039780799675259,17.156656549945215,68978.0,2.683982683982684
1492.7985072,2.336606406783653,8.700089319046285,67928.0,2.7555555555555555
1492.998507,2.429247935596531,6.42297996564545,67574.0,2.8054298642533935
1493.1985068,2.206777636784355,4.250542093216655,66985.0,2.8440366972477062
1493.3985066,2.25501320845341,3.4775582830519385,66624.0,2.8440366972477062
1493.5985064,2.254152397906075,3.163411354048778,66287.0,2.857142857142857
1493.7985062,2.4028569257655192,5.9229372468612285,65805.0,2.9107981220657275
1493.998506,2.26599521552972,1.2804260524883364,65629.0,2.883720930232558
1494.1985058,2.67732223903177,4.149948299544282,66100.0,2.8703703703703702
1494.3985056,3.9534530961870202,10.280674802539863,67244.0,2.7927927927927927
1494.5985054,3.4367767075950297,10.496681110938878,68005.0,2.7312775330396475
1494.7985052,3.983719284052988,7.459022745611049,69223.0,2.7312775330396475
1494.998505,2.921837263425987,7.379991503380514,68319.0,2.743362831858407
1495.1985048,2.486954595791805,5.380760991135412,67725.0,2.767857142857143
1495.3985046,2.5977759938155978,8.081159380829279,67266.0,2.767857142857143
1495.5985044,2.362968614427191,4.437464995987813,66846.0,2.8054298642533935
1495.7985042,2.328904901298506,3.0477831023434776,66615.0,2.7927927927927927
1495.998504,2.3788945329575086,2.1483904900164363,66343.0,2.7927927927927927
1496.1985038,2.942528735632184,4.657685286852807,66468.0,2.7555555555555555
1496.3985036,3.139450888709049,8.61181698338717,66726.0,2.683982683982684
1496.5985034,4.314903242020608,11.35780263328879,67643.0,2.6724137931034484
1496.7985032,2.904559946615259,3.667609600455797,67435.0,2.719298245614035
1496.998503,3.683920801331659,11.32504704776758,68486.0,2.6724137931034484
1497.1985028,5.604084302738986,25.31265251593507,70318.0,2.6724137931034484
1497.3985026,5.207239076296129,18.689884706008936,70672.0,2.683982683982684
1497.5985024,2.654009149336252,5.164912797562402,71262.0,2.6724137931034484
1497.7985022,2.40928602592431,3.2022055144715025,71053.0,2.6956521739130435
1497.998502,3.104445823577534,4.040251888292131,70898.0,2.683982683982684
1498.1985018,2.7114484663960305,2.9372603001498683,70944.0,2.7074235807860263
1498.3985016,3.564536041976486,8.650575576490265,71278.0,2.6609442060085837
1498.5985014,3.876977544847581,1.2364267149889272,71743.0,2.683982683982684
1498.7985012,3.2423829763820686,4.309101145260718,72699.0,2.7074235807860263
1498.998501,2.689041133886223,5.411450955142178,72106.0,2.743362831858407
1499.1985008,4.045281588295587,14.31517345819131,71221.0,2.743362831858407
1499.3985006,5.135996483323259,19.068726703332544,72796.0,2.7074235807860263
1499.5985004,5.059118426031025,16.629580809553328,74004.0,2.6271186440677967
1499.7985002,2.9936923097837167,5.469921271361598,73561.0,2.6382978723404253
1499.9985,2.9562445864010396,9.76589152232618,73888.0,2.5726141078838176
1500.1984998,3.724378122781402,12.024634613318476,74653.0,2.551440329218107
1500.3984996,,364.962532214265,29285.0,3.136904761904762
1500.5984994,,372.7372936342329,74421.0,2.5726141078838176
1500.7984992,3.0049855539877712,8.526237725232928,74415.0,2.5833333333333335
1500.998499,2.5903791462806462,1.3231084875795527,74193.0,2.594142259414226
1501.1984988,2.3161454044787604,1.447714214102815,74083.0,2.594142259414226
1501.3984985999998,2.7091321657132763,6.999803164548581,73597.0,2.6495726495726495
1501.5984984,2.5570489844683393,2.5235546991363695,73656.0,2.6382978723404253
1501.7984981999998,,338.6548455519986,28133.0,3.3
1501.998498,,337.373468613563,73681.0,2.6495726495726495
1502.1984977999998,2.0925200065327454,0.6067065812021161,73476.0,2.6495726495726495
1502.3984976,2.3904031761243067,4.196754689791642,73045.0,2.6609442060085837
1502.5984973999998,5.344268880557044,20.145048504589106,74680.0,2.5726141078838176
1502.7984972,5.120682530160635,24.952125137761573,75015.0,2.594142259414226
1502.9984969999998,2.8693387199659792,5.449787939462787,75248.0,2.594142259414226
1503.1984968,2.6198770217885308,2.8212916895335574,74810.0,2.6050420168067228
1503.3984965999998,,100.94770191972914,69427.0,2.6382978723404253
1503.5984964,,14.634002210823885,70372.0,2.1602787456445993
1503.7984961999998,6.319153421307813,7.094314477127696,71157.0,2.1602787456445993
1503.998496,7.058218704159863,17.806185107206627,72262.0,2.5
1504.1984957999998,7.538251773867506,30.06659488415605,73709.0,2.6160337552742616
1504.3984956,5.410247871662709,31.327468765609748,69068.0,2.883720930232558
1504.5984953999998,5.078737385590237,11.955531372581795,68176.0,2.995169082125604
1504.7984952,4.970267994104732,10.868691012597504,66494.0,2.9665071770334928
1504.9984949999998,5.074424898511502,9.125020322743705,66510.0,2.8440366972477062
1505.1984948,3.642623698411492,7.296521080166308,65785.0,2.8440366972477062
1505.3984945999998,2.3132310773292066,1.204187958131539,65913.0,2.8440366972477062
1505.5984944,2.641116789991609,2.9029473006199904,65545.0,2.857142857142857
1505.7984941999998,,2.7756822919999786,64382.0,2.8703703703703702
1505.998494,2.165682588023245,1.34262975162146,64358.0,2.883720930232558
1506.1984937999998,2.2182669498751917,2.3494710251278663,64499.0,2.883720930232558
1506.3984936,,2.231362766259501,63840.0,2.883720930232558
1506.5984933999998,2.2871542060476653,1.6383967424791708,63694.0,2.897196261682243
1506.7984932,,22.12806424016559,65297.0,2.8310502283105023
1506.9984929999998,,3.508883261412661,66527.0,2.767857142857143
1507.1984928,3.6308368458157707,9.3643560658862,66667.0,2.780269058295964
1507.3984925999998,,3.255583508597293,66063.0,2.7927927927927927
1507.5984924,2.2217556731191923,1.2528075935559035,65969.0,2.780269058295964
1507.7984921999998,,5.086552933075928,65443.0,2.8054298642533935
1507.998492,,16.808291926644905,63125.0,2.8440366972477062
1508.1984917999998,4.526935380678183,11.66668504925919,62520.0,2.8703703703703702
1508.3984916,,11.334183025225238,62982.0,2.883720930232558
1508.5984913999998,3.2214739456464634,2.832984326035766,62811.0,2.9107981220657275
1508.7984912,2.150729671170023,0.8166153302738566,62768.0,2.9245283018867925
1508.9984909999998,,6.2038636115198,62307.0,2.9107981220657275
1509.1984908,2.911835806797624,3.438059008612551,62463.0,2.9107981220657275
1509.3984905999998,,7.328600772167001,62761.0,2.9665071770334928
1509.5984904,2.7561754514825876,3.0370576179386926,62627.0,2.980769230769231
1509.7984901999998,2.2638980197226006,3.4658581379588727,62365.0,2.980769230769231
1509.99849,,2.5715905982333793,61637.0,2.995169082125604
1510.1984897999998,,2.1214213883704534,62507.0,2.980769230769231
1510.3984896,2.2485377297853195,1.6686518155623637,62232.0,2.980769230769231
1510.5984893999998,,5.999703575858603,61855.0,2.995169082125604
1510.7984892,,33.3594716945861,64926.0,2.780269058295964
1510.9984889999998,,13.098297964196583,64880.0,2.8440366972477062
1511.1984888,2.1987690693979545,1.1037137198850224,64829.0,2.8440366972477062
1511.3984885999998,2.1536453103032738,0.8010083168069655,64727.0,2.8440366972477062
1511.5984884,,5.36680472616399,64327.0,2.857142857142857
1511.7984881999998,5.411147458082461,11.328788036204594,63279.0,2.8054298642533935
1511.998488,,3.267053852428189,62033.0,2.8703703703703702
1512.1984877999998,,50.60733077145766,66762.0,2.767857142857143
1512.3984876,,390.92509635509253,23957.0,3.696551724137931
1512.5984873999998,9.044430057054992,12.872190496987468,24713.0,3.673469387755102
1512.7984872,5.392152965495309,11.804382268632379,25156.0,3.5918367346938775
1512.9984869999998,,362.9262729647178,68532.0,2.8310502283105023
1513.1984868,2.136594746580032,1.246363462782657,68641.0,2.8310502283105023
1513.3984865999998,,4.059468552008512,68122.0,2.8310502283105023
1513.5984864,,26.337048984328632,66948.0,2.780269058295964
1513.7984861999998,,30.642805426036812,70496.0,2.551440329218107
1513.998486,2.747352365603776,8.658959115659599,69496.0,2.6160337552742616
1514.1984857999998,3.8568756247322575,5.664814567893993,70030.0,2.594142259414226
1514.3984856,,44.2635278183149,65636.0,2.7555555555555555
1514.5984853999998,,350.06212920719383,25939.0,3.4220779220779223
1514.7984852,13.137596833088763,37.699613452615175,29303.0,3.4220779220779223
1514.9984849999998,6.732488238369053,19.36239039543365,30608.0,3.473684210526316
1515.1984848,,106.52769901271435,22898.0,1.9375
1515.3984845999998,,123.1187744684081,30287.0,3.52
1515.5984844,,296.3650647120743,75873.0,2.767857142857143
1515.7984841999998,2.0091116473489192,1.2015304946952905,75837.0,2.767857142857143
1515.998484,,442.75013048865435,24303.0,1.9022556390977443
1516.1984837999998,,105.4082605395956,31050.0,3.8297872340425534
1516.3984836,,34.017284297644075,33485.0,3.8461538461538463
1516.5984833999999,,41.1699686278817,33200.0,3.8680555555555554
1516.7984832,5.631034164073812,17.88601862400096,32461.0,3.6241610738255035
1516.9984829999999,4.573501872659176,43.24841825190546,32040.0,3.5945945945945947
1517.1984828,,339.11948545253455,76377.0,2.8054298642533935
1517.3984825999999,2.1548139614045194,1.9348922535608164,76382.0,2.7927927927927927
1517.5984824,,338.6219131164028,31836.0,3.6241610738255035
1517.7984821999999,8.53085116293513,47.157707086199245,32203.0,4.0
1517.998482,3.7986291036699353,9.522220071699975,30491.0,4.051851851851852
1518.1984817999999,16.38650425903832,151.16715941065524,36041.0,3.9932885906040267
1518.3984816,18.34779418239455,190.8048033801081,34069.0,3.233128834355828
1518.5984813999999,,339.7151438158442,80644.0,2.56198347107438
1518.7984812,,362.26232358590465,35175.0,3.1058823529411765
1518.9984809999999,,375.22391402621867,76633.0,2.6956521739130435
1519.1984808,,13.561044981453419,77616.0,2.6609442060085837
1519.3984805999999,,11.764823759690003,77570.0,2.6495726495726495
1519.5984804,,45.49026347064446,79831.0,2.167832167832168
1519.7984801999999,,418.62183724227935,36359.0,2.7183098591549295
1519.99848,8.663169765795065,42.26673139424338,38129.0,2.7464788732394365
1520.1984797999999,,454.7487483545197,79852.0,2.1602787456445993
1520.3984796,,13.989336592580703,76834.0,2.8703703703703702
1520.5984793999999,,5.213122111916973,75768.0,2.883720930232558
1520.7984792,2.466086703981413,6.577280562968711,75752.0,2.897196261682243
1520.9984789999999,,67.18000717379617,76814.0,2.183098591549296
1521.1984788,,46.4948569517489,71679.0,2.5306122448979593
1521.3984785999999,5.548118068290979,22.890862769198616,68706.0,2.7074235807860263
1521.5984784,,13.047303398187967,69533.0,2.6724137931034484
1521.7984781999999,,10.72318500191775,69832.0,2.6609442060085837
1521.998478,,8.295934624282562,69506.0,2.6609442060085837
1522.1984777999999,,9.59875358410984,68263.0,2.6724137931034484
1522.3984776,,14.50006583906259,67892.0,2.683982683982684
1522.5984773999999,,13.330024339648517,68509.0,2.6724137931034484
1522.7984772,,5.397170576369154,67988.0,2.6724137931034484
1522.9984769999999,,7.059754512887716,68619.0,2.6724137931034484
1523.1984768,,3.4600063128474523,69553.0,2.6609442060085837
1523.3984765999999,2.1229159148321903,3.746428601992983,69275.0,2.6609442060085837
1523.5984764,2.113830490926347,3.188471160618912,69542.0,2.6609442060085837
1523.7984761999999,2.2452417602969312,2.8704040189619437,69511.0,2.6609442060085837
1523.998476,,11.885533138113964,70020.0,2.6724137931034484
1524.1984757999999,,526.1712571123478,32328.0,3.5
1524.3984756,10.917155769456508,36.606946770703566,34076.0,3.169398907103825
1524.5984753999999,5.279188405797101,15.711710137526458,34500.0,3.235294117647059
1524.7984752,3.2869670921246854,7.620234784102685,34551.0,3.0989583333333335
1524.9984749999999,2.669811865189289,5.188464162793787,34656.0,2.9504950495049505
1525.1984748,3.107429631562165,11.537549620614671,34497.0,2.7981220657276995
1525.3984745999999,2.263133412797628,2.486643667136518,34397.0,2.7981220657276995
1525.5984744,2.394782659160815,2.926187215186108,34462.0,2.7981220657276995
1525.7984741999999,,41.614906906603515,36045.0,3.1204188481675392
1525.998474,,35.263087477328085,34425.0,3.335195530726257
1526.1984737999999,,76.40009126291237,37755.0,3.1027027027027025
1526.3984736,,74.25419437237338,36937.0,3.0718232044198897
1526.5984733999999,5.113828037978041,18.76064704863058,37706.0,3.098901098901099
1526.7984732,4.544093265612253,17.3196314071704,37999.0,2.790243902439024
1526.9984729999999,5.757963246554365,18.180617503563656,39180.0,3.108695652173913
1527.1984728,,90.51345160345905,28242.0,2.051094890510949
1527.3984725999999,,151.41828638828997,34874.0,3.554838709677419
1527.5984724,,98.72361926784619,28232.0,1.9142857142857144
1527.7984721999999,,121.35822603982375,34595.0,3.356687898089172
1527.998472,,113.7854525164512,27236.0,2.0073529411764706
1528.1984717999999,3.364678214125728,5.864086091347251,26788.0,1.9197080291970803
1528.3984716,3.0142170915007362,5.307270718696519,25814.0,1.9029850746268657
1528.5984713999999,,3.8074866003758054,26063.0,1.8345323741007193
1528.7984712,,508.61998609806017,74165.0,2.5833333333333335
1528.9984709999999,3.836934360504098,11.60680500272879,73081.0,2.6609442060085837
1529.1984708,,60.38649416281196,70727.0,2.780269058295964
1529.3984705999999,6.798997020132277,34.337369028222994,68795.0,2.1602787456445993
1529.5984704,5.165487977369166,18.23802201998225,67872.0,2.8310502283105023
1529.7984701999999,,0.5828451702545423,67392.0,2.6609442060085837
1529.99847,5.288065843621399,16.447801017031253,66582.0,2.56198347107438
1530.1984697999999,4.760552605526056,12.475993628749825,66666.0,2.4899598393574296
1530.3984696,,3.856130171329386,67461.0,2.6160337552742616
1530.5984693999999,2.6812934403245534,4.787117515151491,67046.0,2.6724137931034484
1530.7984692,,9.833953862683883,67317.0,2.6724137931034484
1530.998469,,10.345795270578302,68698.0,2.883720930232558
1531.1984688,,11.565518841399497,69138.0,2.9523809523809526
1531.3984686,,51.36942857834088,70635.0,2.8440366972477062
1531.5984684,4.472985554677802,12.174317932564456,70888.0,2.780269058295964
1531.7984682,,7.684887757880932,69543.0,2.8181818181818183
1531.998468,3.9660323722225446,8.068594525357417,68948.0,2.897196261682243
1532.1984678,3.4422902150863375,6.8729550442452325,69321.0,2.9523809523809526
1532.3984676,,7.249085870522035,68663.0,2.8703703703703702
1532.5984674,,8.179770660610489,69507.0,2.857142857142857
1532.7984672,,3.936516755338966,70155.0,2.8440366972477062
1532.998467,2.3114990230893198,1.025599139941361,70119.0,2.857142857142857
1533.1984668,,7.910911050869942,70415.0,2.897196261682243
1533.3984666,15.526805849555195,93.65229011410214,72279.0,2.7555555555555555
1533.5984664,,14.025025885941444,73179.0,2.883720930232558
1533.7984662,11.215699493042822,89.530548369271,74168.0,2.4899598393574296
1533.998466,6.386391268696808,29.567846661369945,70734.0,2.7312775330396475
1534.1984658,3.5476594301221165,3.7679742511908065,70752.0,2.7312775330396475
1534.3984656,4.728356416963252,17.32445119753886,69963.0,2.7312775330396475
1534.5984654,3.9057208171347866,17.32259406679629,68679.0,2.767857142857143
1534.7984652,5.7102976741408655,10.978436188046242,66986.0,2.8054298642533935
1534.998465,2.7401485641815384,15.541325522514535,66234.0,2.857142857142857
1535.1984648,5.13859602492543,31.433404659659,67722.0,2.7312775330396475
1535.3984646,13.094297260889089,62.04549217543879,75718.0,2.7074235807860263
1535.5984644,7.4346191814108895,12.14907081060115,79014.0,2.719298245614035
1535.7984642,,575.2609150449198,30655.0,1.9605263157894737
1535.998464,,591.4649707473901,81011.0,2.7312775330396475
1536.1984638,2.9293686283739424,11.197002925973267,80729.0,2.719298245614035
1536.3984636,,433.23706644653066,33674.0,4.006622516556291
1536.5984634,2.9795298811692255,8.28249752836873,34587.0,3.4853801169590644
1536.7984632,,170.84777066427893,25794.0,1.7272727272727273
1536.998463,,630.1852355861691,82347.0,2.4031007751937983
1537.1984628,,515.0629675267618,40261.0,1.7696629213483146
1537.3984626,,457.8241677122763,89532.0,2.2794117647058822
1537.5984624,6.383689083048507,34.81362550901844,88358.0,2.1602787456445993
1537.7984622,7.041279069767442,22.889529746548714,87720.0,2.540983606557377
1537.998462,,383.468284465363,36646.0,3.1871657754010694
1538.1984618,,62.49945224248438,37977.0,3.4497041420118344
1538.3984616,,7.664718874062062,37720.0,3.542682926829268
1538.5984614,,15.767761197666065,36925.0,3.8666666666666667
1538.7984612,2.279265926484855,3.0076460567605565,37108.0,3.8543046357615895
1538.998461,2.3491564894798125,9.883201807241754,36929.0,3.973333333333333
1539.1984608,5.390095381796627,26.595667569737454,37114.0,3.7777777777777777
1539.3984606,17.50643375185214,131.15507091616493,38469.0,2.5586854460093895
1539.5984604,12.384849638370765,66.25226271653871,39405.0,3.3435582822085887
1539.7984602,7.438222967309304,24.470115865179896,41755.0,3.276470588235294
1539.99846,10.511436851811933,108.21660148753023,41751.0,2.5625
1540.1984598,6.231555880204529,40.84970855228283,42439.0,2.558659217877095
1540.3984596,7.166422381650338,70.27424364803575,38889.0,3.0748663101604277
1540.5984594,3.5782385579202374,2.929838577066088,38389.0,2.7136150234741785
1540.7984592,3.681640833778728,9.190177843520821,37420.0,2.6901408450704225
1540.998459,,20.37653588312419,38636.0,2.796116504854369
1541.1984588,,20.97307311775117,37613.0,3.284090909090909
1541.3984586,2.495200557700558,0.7999115277526946,37296.0,3.6289308176100628
1541.5984584,5.955803017626865,50.595873491404085,34663.0,1.9811320754716981
1541.7984582,,575.2238999115464,75394.0,2.6382978723404253
1541.998458,4.882289115995366,78.8037185494132,68201.0,2.7555555555555555
1542.1984578,,23.181071653719183,67352.0,2.3574144486692017
1542.3984576,,14.067685866006332,69839.0,2.1602787456445993
1542.5984574,2.6792654250638352,2.7656595578011958,69319.0,2.1602787456445993
1542.7984572,3.2671603450007893,4.46134544891283,69681.0,2.1602787456445993
1542.998457,4.124479159105097,10.252135422396645,68879.0,2.1602787456445993
1543.1984568,2.8154814185540884,4.297946216052363,69451.0,2.1602787456445993
1543.3984566,6.035030103995621,22.65348791491115,71253.0,2.1602787456445993
1543.5984564,4.391913126438071,5.150580026745477,71276.0,2.1602787456445993
1543.7984562,4.5610871571639136,16.925834057426155,72593.0,2.1602787456445993
1543.998456,4.192722408388282,15.17930747409388,74008.0,2.1602787456445993
1544.1984558,2.848491080855031,9.278719765515996,72933.0,2.1602787456445993
1544.3984556,2.855344958301744,4.55814685990103,72545.0,2.1602787456445993
1544.5984554,,52.79597622643897,74261.0,2.167832167832168
1544.7984552,,54.88326942939439,74409.0,2.1602787456445993
1544.998455,14.523640970716544,128.08036504020572,76562.0,2.1602787456445993
1545.1984548,4.314497122499315,25.138038218207594,72980.0,2.7555555555555555
1545.3984546,3.112295732625298,5.230083563050509,73066.0,2.3484848484848486
1545.5984543999998,3.180293123510833,8.766232160113587,72188.0,2.780269058295964
1545.7984542,2.4653632899027285,5.3143988548303644,72683.0,2.48
1545.9984539999998,2.573099576154566,3.7810283516378527,72668.0,2.767857142857143
1546.1984538,2.3803052305668957,6.003813362283279,72994.0,2.743362831858407
1546.3984535999998,2.3771135430916552,3.1104635462894543,73100.0,2.7555555555555555
1546.5984534,2.1213929803427694,3.886646255227449,73052.0,2.743362831858407
1546.7984531999998,,2.395176908235564,71584.0,2.6160337552742616
1546.998453,,27.578038161327747,68538.0,2.743362831858407
1547.1984527999998,7.767251328669336,44.38695620351732,70183.0,2.6050420168067228
1547.3984526,8.760509804472019,11.79909067779204,71243.0,2.6495726495726495
1547.5984523999998,14.22622203439753,31.347743032029815,78087.0,2.6271186440677967
1547.7984522,5.70022072852885,33.61202370214974,80189.0,2.440944881889764
1547.9984519999998,,592.6012208249964,31031.0,1.7134146341463414
1548.1984518,4.160912537232602,21.885333939978683,29544.0,1.6766467065868262
1548.3984515999998,3.282938879059986,7.496422383638006,29957.0,1.6488095238095237
1548.5984514,2.90893222785405,8.632772610025777,29791.0,1.6294117647058823
1548.7984511999998,,633.08448201917,78014.0,2.540983606557377
1548.998451,,489.7906340289901,32766.0,3.3863636363636362
1549.1984507999998,,184.1944570228221,24789.0,1.5833333333333333
1549.3984506,,62.11841989022944,30097.0,1.6201117318435754
1549.5984503999998,2.4316476841306,158.8577453830833,32925.0,3.4431818181818183
1549.7984502,2.1885120277203973,156.48527898708736,30014.0,1.6033519553072626
1549.9984499999998,2.3959912001955512,154.09541124594597,32728.0,3.298342541436464
1550.1984498,2.9494075356144323,166.4091034433019,30044.0,1.5966850828729282
1550.3984495999998,,54.039601161067566,26073.0,1.6466666666666667
1550.5984494,,678.8709633554422,77323.0,2.594142259414226
1550.7984491999998,,630.3443839581548,30532.0,1.3526570048309179
1550.998449,,270.1842813169193,37734.0,2.740566037735849
1551.1984487999998,,34.84057840119104,35518.0,3.511764705882353
1551.3984486,4.082861418385611,20.801309539650003,34081.0,3.2282608695652173
1551.5984483999998,14.068585444610035,144.39691766844234,32208.0,3.65359477124183
1551.7984482,9.040325732899023,85.41944616668454,30700.0,3.727891156462585
1551.9984479999998,,12.37248190579431,31133.0,3.771812080536913
1552.1984478,,55.269834772298424,30180.0,3.6993464052287583
1552.3984475999998,4.864019052091369,22.995352780857186,29813.0,3.6887417218543046
1552.5984474,3.7747198474062467,19.892875301215934,29359.0,3.7350993377483444
1552.7984471999998,,37.371348639848854,29417.0,3.863013698630137
1552.998447,,40.69366599835771,26398.0,3.842857142857143
1553.1984467999998,2.812940325221829,5.701004053006375,26259.0,3.920863309352518
1553.3984466,4.584552153145481,10.942243323533457,27007.0,3.7430555555555554
1553.5984463999998,,155.4272333440118,19347.0,2.0588235294117645
1553.7984462,2.147377273205088,4.800391758093982,19026.0,2.0338983050847457
1553.9984459999998,2.009460240710569,2.087803330351876,19027.0,2.0677966101694913
1554.1984458,,165.23268191566572,26086.0,3.8633093525179856
1554.3984455999998,1.9552387904868023,1.0811982080657692,26027.0,3.891304347826087
1554.5984454,,161.87417334138252,18823.0,2.1025641025641026
1554.7984451999998,,212.46130619882948,24282.0,3.875
1554.998445,,148.43493287148624,17507.0,1.9385964912280702
1555.1984447999998,,485.52238404066526,69632.0,2.980769230769231
1555.3984446,2.5047961971991346,6.773367850126834,70264.0,2.9665071770334928
1555.5984443999998,,489.08785997230655,17865.0,1.9130434782608696
1555.7984442,,497.24016061766207,69268.0,2.9665071770334928
1555.9984439999998,,493.68145816886164,17166.0,1.7982456140350878
1556.1984438,,482.96136428005195,69873.0,2.897196261682243
1556.3984435999998,,483.66319150605295,17547.0,1.7203389830508475
1556.5984434,,475.3436326794853,71718.0,2.8703703703703702
1556.7984431999998,,329.5879132358221,26172.0,3.7985611510791366
1556.998443,,325.86645531420214,71784.0,2.857142857142857
1557.1984427999998,2.4270083743635062,4.816059209648141,71289.0,2.8703703703703702
1557.3984426,2.5241073315022184,5.68322961214263,70995.0,2.897196261682243
1557.5984423999998,3.831804539882487,10.999658104163567,70971.0,2.897196261682243
1557.7984422,,476.5133036640736,17402.0,1.9298245614035088
1557.9984419999998,,498.5726753909425,68887.0,3.0392156862745097
1558.1984418,2.3987824757288556,2.704152517921068,69321.0,3.0097087378640777
1558.3984415999998,2.3010322339154348,0.5727103146557173,69461.0,3.0097087378640777
1558.5984414,2.7842282170902033,2.35347825358575,69022.0,2.995169082125604
1558.7984411999998,2.7409625514106355,3.740086955282069,69295.0,2.995169082125604
1558.998441,3.4691358024691357,5.6147078568665485,69579.0,2.9523809523809526
1559.1984407999998,2.453126360075439,5.66626212763259,68930.0,2.980769230769231
1559.3984406,2.116224231464738,0.9819252443598848,69125.0,2.9665071770334928
1559.5984403999998,2.072861224312213,1.3541109431111489,68953.0,2.980769230769231
1559.7984402,1.9949893978563338,1.3296845491250489,68854.0,2.980769230769231
1559.9984399999998,2.4955703452375775,3.7820081774512544,68967.0,2.980769230769231
1560.1984398,2.6806017626802077,5.815725789360481,68532.0,2.9523809523809526
1560.3984395999998,3.5870174871892755,11.380128753781753,68107.0,2.980769230769231
1560.5984394,4.861912821426451,19.44965502794591,67356.0,2.9107981220657275
1560.7984391999998,2.23471798552545,3.9701968966844357,66876.0,2.938388625592417
1560.998439,2.3841516191613192,3.4043157084509175,67010.0,2.9245283018867925
1561.1984387999998,2.067952482449211,0.5703001579211064,67091.0,2.938388625592417
1561.3984386,2.034999552626085,1.6628867386643578,67058.0,2.9245283018867925
1561.5984383999998,3.0134475958901064,4.41057082390302,67447.0,2.897196261682243
1561.7984382,2.978469825020831,2.729680390148217,67208.0,2.9107981220657275
1561.9984379999999,3.6693879983314464,8.626772974898214,67124.0,2.9107981220657275
1562.1984378,5.744997324772606,27.569877011875622,65415.0,2.897196261682243
1562.3984375999999,6.0073472603051,10.496912241119759,66011.0,2.551440329218107
1562.5984374,8.718069597760339,9.789151836659396,68939.0,2.5726141078838176
1562.7984371999999,5.193976743855055,9.157420667650042,70261.0,2.2962962962962963
1562.998437,,36.7840694080729,73018.0,2.2142857142857144
1563.1984367999999,,16.053816149306,72531.0,2.339622641509434
1563.3984366,3.798373118235543,6.113528539699984,73269.0,2.2627737226277373
1563.5984363999999,3.3932351934269085,1.623481871785253,73025.0,2.330827067669173
1563.7984362,4.52881125535241,11.878901682912764,73565.0,2.1602787456445993
1563.9984359999999,5.364653455959041,16.244070556438636,73829.0,2.198581560283688
1564.1984358,10.571357513510607,72.07164859640403,74386.0,2.246376811594203
1564.3984355999999,6.597915650241232,39.39940421611018,73788.0,2.9245283018867925
1564.5984354,5.656867317822652,42.69484729721558,72896.0,2.8054298642533935
1564.7984351999999,3.4267065466539943,19.36524191333338,71548.0,3.0541871921182264
1564.998435,4.616865561593708,22.24336422337574,73238.0,3.024390243902439
1565.1984347999999,4.4682394676126584,19.266113480989592,74983.0,2.743362831858407
1565.3984346,3.9780148767375674,13.007804982181955,72731.0,2.980769230769231
1565.5984343999999,5.926582464385373,32.98980790322507,68090.0,3.084577114427861
1565.7984342,7.86858929026053,44.10595053190202,70702.0,2.883720930232558
1565.9984339999999,6.584534193359231,16.35442499161524,68215.0,2.897196261682243
1566.1984338,5.987305095883864,10.89638782902482,66956.0,2.683982683982684
1566.3984335999999,8.578492760105105,76.34934697616208,71548.0,2.5726141078838176
1566.5984334,13.991893566704185,107.52233100974392,79073.0,2.1602787456445993
1566.7984331999999,4.8324649972204625,9.487297310824024,77351.0,2.1602787456445993
1566.998433,13.292532074558219,14.107585910279793,82620.0,2.3220973782771535
1567.1984327999999,10.102901991821659,100.55733478148217,75810.0,2.594142259414226
1567.3984326,3.216172221543971,23.350366458487127,73719.0,2.6956521739130435
1567.5984323999999,3.2862890160924505,2.0366780786358696,74072.0,2.6956521739130435
1567.7984322,3.646845266212295,5.428854781445216,74095.0,2.7074235807860263
1567.9984319999999,3.9430599648467837,3.7972058279617307,73393.0,2.6609442060085837
1568.1984318,2.7731521049874557,5.332515247065727,72542.0,2.683982683982684
1568.3984315999999,4.276933597756958,0.9738894308854062,73115.0,2.7312775330396475
1568.5984314,,674.019196232777,20327.0,1.875
1568.7984311999999,,134.0258432690859,26116.0,1.618421052631579
1568.998431,12.051243553756773,216.90374557915155,30638.0,3.964788732394366
1569.1984307999999,6.095096221080473,5.092141848220265,32893.0,4.23404255319149
1569.3984306,,329.95757457646323,80857.0,2.6382978723404253
1569.5984303999999,5.816715017591506,35.90653227055318,81005.0,2.4899598393574296
1569.7984302,3.336268864551579,6.537867896386245,79713.0,2.4899598393574296
1569.9984299999999,2.922350938698778,7.708945643744321,78726.0,2.5306122448979593
1570.1984298,4.987422329124073,13.896577299031339,79824.0,2.450592885375494
1570.3984295999999,3.400833519386768,15.201389582275226,80622.0,2.421875
1570.5984294,3.5433571110120377,4.350606475117785,80748.0,2.4031007751937983
1570.7984291999999,2.6480001984914647,3.957169702821483,80608.0,2.393822393822394
1570.998429,2.9495393478854703,5.206550498633187,80538.0,2.393822393822394
1571.1984287999999,2.9088151253099706,11.422600910086427,79443.0,2.440944881889764
1571.3984286,3.242128608789293,13.93638509830419,78004.0,2.48
1571.5984283999999,3.6178899141110556,4.788424174940359,78357.0,2.48
1571.7984282,5.685459424539085,9.138190016933175,80492.0,2.5306122448979593
1571.9984279999999,3.8774920692234285,17.372491035548695,77546.0,2.5726141078838176
1572.1984278,3.8084020312603046,15.320797593607809,75815.0,2.6160337552742616
1572.3984275999999,3.2028807724268926,1.7329812535162947,75813.0,2.6160337552742616
1572.5984274,2.556,0.9020742443965273,76000.0,2.6160337552742616
1572.7984271999999,2.2078236074793374,1.7185032172881847,76103.0,2.6050420168067228
1572.998427,2.27271171491384,1.7338945219856525,75963.0,2.6050420168067228
1573.1984267999999,2.0720090620513427,2.2259184999775816,75921.0,2.6160337552742616
1573.3984266,6.693747841988823,29.217099037611423,78197.0,2.4603174603174605
1573.5984263999999,3.707496413199426,10.047598512362077,78064.0,2.440944881889764
1573.7984262,2.843770099565206,7.489622153137607,77738.0,2.4701195219123506
1573.9984259999999,3.4156452544439455,2.1003790793873702,77915.0,2.450592885375494
1574.1984258,,587.0548113941555,27893.0,1.759493670886076
1574.3984255999999,9.38123216384086,50.80577814983406,29785.0,1.8366013071895424
1574.5984254,8.826471047292024,196.24011625521544,32035.0,4.115107913669065
1574.7984251999999,10.660215726121619,102.82949179693723,31985.0,4.155555555555556
1574.998425,7.590845759345448,44.285271570968824,33733.0,4.140740740740741
1575.1984247999999,,341.87417598212795,78906.0,2.9665071770334928
1575.3984246,4.4439163875613925,30.26631225073235,75539.0,3.1155778894472363
1575.5984243999999,3.5132181977017676,13.955242284826548,74405.0,3.1794871794871793
1575.7984242,,371.4626589354216,31491.0,4.142857142857143
1575.9984239999999,,348.54400032827743,77583.0,2.995169082125604
1576.1984238,,334.0504024568869,29647.0,4.384
1576.3984236,,348.5497963869276,74382.0,3.1155778894472363
1576.5984234,2.104267766634315,3.7638677329512777,74184.0,3.1472081218274113
1576.7984232,4.6274856268790545,11.70343102132784,75836.0,3.0097087378640777
1576.998423,2.874548651659754,6.695311287888642,74499.0,3.0693069306930694
1577.1984228,,388.7721179813725,31027.0,4.103703703703704
1577.3984226,,403.91233228316037,73210.0,3.084577114427861
1577.5984224,,308.70381650818473,26223.0,3.8333333333333335
1577.7984222,,307.6055412665625,74709.0,2.4313725490196076
1577.998422,11.973906056534682,56.07247555012934,75918.0,2.1602787456445993
1578.1984218,5.488062596134555,8.392359542426156,74765.0,2.1602787456445993
1578.3984216,8.697676974434355,41.66247969467889,72793.0,2.1602787456445993
1578.5984214,,3.803195430280649,72092.0,2.167832167832168
1578.7984212,,24.568963874875408,74117.0,2.1602787456445993
1578.998421,8.625068964611302,32.63410812628583,76126.0,2.1602787456445993
1579.1984208,11.978716420262073,43.11508035169729,76162.0,2.1602787456445993
1579.3984206,8.16790802651996,105.42703120686289,70890.0,2.6724137931034484
1579.5984204,6.527596972285218,47.99134950000348,67906.0,2.8181818181818183
1579.7984202,9.999418113301653,27.210997358252,72179.0,2.8310502283105023
1579.99842,8.316355159187324,9.50848007548337,73781.0,2.8440366972477062
1580.1984198,5.79689497230507,10.954038377147148,75104.0,2.8440366972477062
1580.3984196,6.333029149502008,19.986981515479254,76708.0,2.5833333333333335
1580.5984194,7.54626716795826,25.205130492232257,78198.0,2.6724137931034484
1580.7984192,7.630251889168766,34.28947492721572,79400.0,2.540983606557377
1580.998419,5.342710302151568,10.080074842984937,77246.0,2.56198347107438
1581.1984188,14.80450382587321,40.36857420986501,75669.0,2.1602787456445993
1581.3984186,,5.996299148945366,73178.0,2.167832167832168
1581.5984184,,6.396095092478218,72997.0,2.1602787456445993
1581.7984182,3.9401328848698722,8.929661617346394,72544.0,2.1602787456445993
1581.998418,12.046731855190266,38.58274713844859,74553.0,2.1602787456445993
1582.1984178,16.694346130580833,96.48997039649893,77699.0,2.1602787456445993
1582.3984176,6.622220980895989,39.914111083581794,71608.0,2.1602787456445993
1582.5984174,5.123282865842536,8.516020576476734,71267.0,2.1602787456445993
1582.7984172,3.735378351818054,1.6898440675167952,71230.0,2.1602787456445993
1582.998417,,67.05881544626597,77656.0,2.167832167832168
1583.1984168,,160.82121884840754,69375.0,2.8181818181818183
1583.3984166,5.075779917309972,6.737893567120803,69174.0,2.897196261682243
1583.5984164,,363.8490563812911,24742.0,3.884892086330935
1583.7984162,,258.54866497718683,16482.0,1.7179487179487178
1583.998416,7.108059516429014,18.904222147855126,16130.0,1.652542372881356
1584.1984158,,590.8471503958904,68446.0,2.9523809523809526
1584.3984156,,581.515829384381,16032.0,1.7739130434782608
1584.5984154,,584.164050670222,68418.0,2.9665071770334928
1584.7984152,3.2134312757679577,5.510646065749979,68884.0,2.9523809523809526
1584.998415,5.313108292123558,15.459039717732413,69765.0,3.024390243902439
1585.1984148,4.266337439322091,18.258338565227437,71278.0,3.0392156862745097
1585.3984146,,561.6264015821366,17143.0,2.1376146788990824
1585.5984144,,570.8560102837506,70487.0,3.024390243902439
1585.7984142,2.2541714285714285,5.001348219733537,70000.0,3.0541871921182264
1585.998414,2.0232161294023174,1.7255831489923765,69736.0,3.084577114427861
1586.1984138,1.9421673619772626,1.1912916779517002,69753.0,3.0693069306930694
1586.3984136,1.9697208416288297,0.580944006443699,69817.0,3.084577114427861
1586.5984134,2.168295034318028,4.9410116775542825,69497.0,3.084577114427861
1586.7984132,2.1478279539111145,5.49664080146919,69865.0,3.0541871921182264
1586.998413,2.194650347641211,0.7935095360104879,69612.0,3.0541871921182264
1587.1984128,2.175335824664175,4.797033589471872,69307.0,3.0392156862745097
1587.3984126,2.108752857944006,1.777290273737327,69543.0,3.0693069306930694
1587.5984124,,532.6656051356584,21595.0,1.96875
1587.7984122,,531.6673533056622,69354.0,3.0392156862745097
1587.998412,4.294412364130435,23.58002948175335,70656.0,3.0541871921182264
1588.1984118,5.166200870793128,48.56907828182748,67984.0,2.938388625592417
1588.3984116,2.9004737231680235,2.6833827946138515,67550.0,2.9665071770334928
1588.5984114,4.221232958981442,6.703585779300066,66604.0,3.024390243902439
1588.7984112,3.712866338508141,5.57919817403924,66025.0,3.0097087378640777
1588.998411,5.344245907784581,34.95823845339384,64024.0,3.0693069306930694
1589.1984108,5.768085670194691,0.7871105466613568,64153.0,3.024390243902439
1589.3984106,8.614532386973638,28.362511043021588,67064.0,2.9523809523809526
1589.5984104,5.532634762552125,12.221538250270674,65467.0,3.1
1589.7984101999998,,349.8942118930148,22225.0,4.277777777777778
1589.99841,3.6129538323621695,15.130617557871725,22310.0,4.186046511627907
1590.1984097999998,,282.9073828784986,15503.0,1.6695652173913043
1590.3984096,,586.6086392810444,68207.0,2.9107981220657275
1590.5984093999998,,401.79837951770077,23779.0,3.8823529411764706
1590.7984092,,402.7669183396263,71512.0,2.897196261682243
1590.9984089999998,,355.6638780106867,32123.0,3.6413793103448278
1591.1984088,,291.4354478312513,77630.0,2.6382978723404253
1591.3984085999998,4.458867279111653,16.804244965396588,77177.0,2.5726141078838176
1591.5984084,5.782344105072603,26.065978151372402,77889.0,2.48
1591.7984081999998,8.765714922214384,46.065128411692605,80799.0,2.3220973782771535
1591.998408,9.749924127465857,22.30681755948794,79080.0,2.1602787456445993
1592.1984077999998,4.318863023279049,6.181826391962411,80072.0,2.1602787456445993
1592.3984076,,448.8492358714648,30873.0,1.2625698324022345
1592.5984073999998,5.561000376081234,54.65649415412642,26590.0,1.4409937888198758
1592.7984072,5.056905108399567,15.702326977003532,26799.0,1.3757575757575757
1592.9984069999998,3.333133859445712,1.1938859384994167,26737.0,1.3795180722891567
1593.1984068,5.9164703682931385,14.898269147669918,26745.0,1.3454545454545455
1593.3984065999998,3.441230218904312,13.337935704976841,25719.0,1.391304347826087
1593.5984064,,566.6511561680535,73431.0,2.6724137931034484
1593.7984061999998,4.111764158344747,11.395877047918859,75203.0,2.5833333333333335
1593.998406,,553.5133597160683,27297.0,1.347305389221557
1594.1984057999998,3.1553780378037803,15.65157489835735,26664.0,1.361963190184049
1594.3984056,2.7397733605796026,4.001186978462909,26915.0,1.3393939393939394
1594.5984053999998,3.5696812453669384,9.715317524765497,26980.0,1.3803680981595092
1594.7984052,3.9295258695879705,169.81182967935737,28663.0,3.539473684210526
1594.9984049999998,3.305245025662659,12.529153344920045,28446.0,3.6040268456375837
1595.1984048,11.529265124117833,84.82532802716517,28481.0,3.8345323741007196
1595.3984045999998,6.859205776173285,53.185906013044644,28531.0,3.8686131386861313
1595.5984044,6.504106232200808,22.085613220731304,30198.0,3.827338129496403
1595.7984041999998,11.287054058264527,36.52390571049783,32095.0,3.8260869565217392
1595.998404,,325.4958626308856,77181.0,2.6160337552742616
1596.1984037999998,6.524003781550695,23.209113178287392,77217.0,2.7927927927927927
1596.3984036,5.857906218932951,39.48484138588577,72424.0,2.938388625592417
1596.5984033999998,3.140817814673547,11.053522353237305,71312.0,3.0097087378640777
1596.7984032,2.37660082176694,2.8119641117704273,70823.0,3.024390243902439
1596.9984029999998,2.948438909418919,23.903532045567026,68734.0,3.1472081218274113
1597.1984028,2.2352992867499526,2.586763838192388,68279.0,3.1472081218274113
1597.3984025999998,4.2294967613353265,13.507680358606688,70245.0,3.0693069306930694
1597.5984024,6.809909934799426,23.26479844624337,72392.0,2.9665071770334928
1597.7984021999998,5.261949707199449,18.12412057410124,72575.0,2.857142857142857
1597.998402,9.72844945502714,43.62569586470579,69453.0,2.6609442060085837
1598.1984017999998,8.624819070687975,47.2853310268143,67706.0,2.7927927927927927
1598.3984016,6.570246239032036,20.834350392190995,68267.0,2.8181818181818183
1598.5984013999998,3.185558231044811,2.242024895658883,68108.0,2.8310502283105023
1598.7984012,3.2977163302266,4.895451632049184,67917.0,2.883720930232558
1598.9984009999998,2.884377433907919,1.9550518413756999,68049.0,2.883720930232558
1599.1984008,4.9328561539934315,11.253533494806005,67899.0,3.0097087378640777
1599.3984005999998,,445.34855488336774,18024.0,2.171171171171171
1599.5984004,,102.14792941437935,25868.0,4.390243902439025
1599.7984001999998,,40.7136931057355,26371.0,4.368
1599.9984,,28.432457512854484,26903.0,4.130769230769231
1600.1983997999998,4.481889650716157,11.00259551971847,27857.0,4.014925373134329
1600.3983996,,155.00551098839284,20845.0,2.243478260869565
1600.5983993999998,,89.27820397087547,30427.0,3.8450704225352115
1600.7983992,,335.6123366467445,71899.0,2.938388625592417
1600.9983989999998,4.577276346471023,2.476610829187393,70332.0,2.857142857142857
1601.1983988,4.288917811088173,26.569724000952455,66846.0,2.995169082125604
1601.3983985999998,3.059172040275887,3.6596550535365995,66839.0,2.980769230769231
1601.5983984,2.86327801142616,7.04643977457926,66339.0,3.0693069306930694
1601.7983981999998,4.061021300732913,7.293805790249463,66993.0,3.024390243902439
1601.998398,3.9749538201969368,16.203754962837206,68753.0,2.9107981220657275
1602.1983977999998,2.4749741362980666,2.307623995442434,68629.0,2.938388625592417
1602.3983976,2.08973594238743,1.3946657711927786,68735.0,2.9523809523809526
1602.5983973999998,2.26099616182115,5.962210013614785,68001.0,2.9665071770334928
1602.7983972,2.8415377675596236,6.384737530050093,68723.0,2.9107981220657275
1602.9983969999998,2.242069552957763,6.747248737327946,68092.0,2.938388625592417
1603.1983968,2.0962829877474083,4.566026983014141,67904.0,2.9523809523809526
1603.3983965999998,3.458830201632763,13.34218392371678,67003.0,3.0541871921182264
1603.5983964,3.493848831501123,15.540597857971406,67223.0,3.0097087378640777
1603.7983961999998,4.405830742054628,14.318513895596299,68499.0,2.857142857142857
1603.998396,4.459001441642885,4.070704986042901,67978.0,2.857142857142857
1604.1983957999998,4.82610880190015,20.14591882016267,65679.0,2.995169082125604
1604.3983956,6.3714745691968275,32.093614021896876,67084.0,2.938388625592417
1604.5983953999998,3.8630081906180194,16.056991693355673,67150.0,2.767857142857143
1604.7983952,4.021491143269331,5.101432136581063,67237.0,2.8440366972477062
1604.9983949999998,2.8773948659475193,10.119032867162677,66653.0,2.857142857142857
1605.1983948,2.6647311247149204,6.471331688598287,66648.0,2.883720930232558
1605.3983945999998,2.6158585949446795,3.5873897326706405,66702.0,2.8440366972477062
1605.5983944,5.531924646596084,17.584370371431802,67628.0,2.9107981220657275
1605.7983941999998,4.1635150495254125,4.379881948409667,67743.0,2.938388625592417
1605.998394,2.671074331487808,2.2645518739501944,67912.0,2.938388625592417
1606.1983937999998,3.1359223300970873,1.0816995906504747,67877.0,2.857142857142857
1606.3983936,11.834694420709074,23.137057827747487,71389.0,2.6956521739130435
1606.5983933999998,9.515940703274234,11.931936580569669,74338.0,2.8181818181818183
1606.7983932,5.351276237841001,56.48903198598484,68365.0,3.0693069306930694
1606.9983929999999,3.454531033687125,5.6581017574465955,69344.0,3.1313131313131315
1607.1983928,4.447700802225438,24.594815413418207,71177.0,2.995169082125604
1607.3983925999999,3.060795815958725,5.180863282489565,70745.0,3.0693069306930694
1607.5983924,2.1825681950499125,4.489791126229955,70423.0,3.0693069306930694
1607.7983921999999,2.495039075289328,2.001943447878311,70249.0,3.024390243902439
1607.998392,2.3106916094941834,3.2612836373117933,70401.0,3.024390243902439
1608.1983917999999,4.463310984451495,5.09556474503052,69653.0,3.084577114427861
1608.3983916,4.373062433497253,10.826899681032277,69546.0,3.1313131313131315
1608.5983913999999,9.314988960667266,66.93451464610509,73374.0,2.743362831858407
1608.7983912,5.675344647662987,0.4400151453815148,72828.0,2.767857142857143
1608.9983909999999,4.996069887060965,3.54178763802219,72517.0,2.719298245614035
1609.1983908,2.773085743050506,8.136325295329508,71516.0,2.7555555555555555
1609.3983905999999,5.187117820484822,13.736804494958717,73264.0,2.6382978723404253
1609.5983904,5.212007252702975,23.07214954897646,74455.0,2.5203252032520327
1609.7983901999999,3.922387462487496,4.380403901264288,74975.0,2.5
1609.99839,4.092578710644678,4.9930202911242985,74704.0,2.5101214574898787
1610.1983897999999,3.62558955796863,20.54761588770443,72936.0,2.6160337552742616
1610.3983896,4.666731379917629,6.538674536881918,72113.0,2.6609442060085837
1610.5983893999999,4.10098356048897,11.596445073186736,71170.0,2.7074235807860263
1610.7983892,3.790665219413863,2.050372954960177,70939.0,2.719298245614035
1610.9983889999999,4.125542450205853,10.156856838563424,71896.0,2.6382978723404253
1611.1983888,6.283989076287584,20.483306695653376,72869.0,2.5833333333333335
1611.3983885999999,5.78530905151987,9.60466798479677,73855.0,2.48
1611.5983884,3.4720438104252587,10.115211492940887,73955.0,2.450592885375494
1611.7983881999999,4.3125472615318134,7.650169611786171,74056.0,2.412451361867704
1611.998388,2.886528083961103,4.9271507386587166,73939.0,2.450592885375494
1612.1983877999999,3.2867781744280884,9.888752382390471,74793.0,2.421875
1612.3983876,2.5385751298814623,3.3032813675253543,74491.0,2.440944881889764
1612.5983873999999,2.4370534515175932,4.758237564538456,74460.0,2.450592885375494
1612.7983872,2.6543468402379493,6.281161500378192,74974.0,2.421875
1612.9983869999999,2.425206772208743,5.800634342990231,74599.0,2.4603174603174605
1613.1983868,3.106545914630086,4.954229421050555,75085.0,2.450592885375494
1613.3983865999999,5.628454802817829,23.013854819763004,75945.0,2.339622641509434
1613.5983864,2.868243109129163,9.178782491642078,75571.0,2.375478927203065
1613.7983861999999,4.305093013751005,15.823383733315621,75849.0,2.3220973782771535
1613.998386,3.144166003712543,15.271536192099525,75420.0,2.375478927203065
1614.1983857999999,2.7081294916595238,6.518015913475155,75835.0,2.3484848484848486
1614.3983856,2.2052233876720653,3.3858372970971655,75698.0,2.3484848484848486
1614.5983853999999,2.4427811177024856,6.250291198984577,75351.0,2.3846153846153846
1614.7983852,2.4962095934655526,5.17096029232824,74926.0,2.412451361867704
1614.9983849999999,3.231446707220312,12.590053768739025,75620.0,2.366412213740458
1615.1983848,2.89103251161129,5.146257542948234,75573.0,2.375478927203065
1615.3983845999999,2.1362533317420533,1.0939788588010841,75411.0,2.375478927203065
1615.5983844,2.4625844898612166,6.994408471122905,75009.0,2.393822393822394
1615.7983841999999,3.384865636902243,15.383332765391684,75616.0,2.3574144486692017
1615.998384,2.8032454631518595,12.153649122155342,74997.0,2.3846153846153846
1616.1983837999999,2.4747410188809886,2.286512124587094,75102.0,2.4031007751937983
1616.3983836,2.2531564562362507,0.6026473300383315,75005.0,2.412451361867704
1616.5983833999999,2.2569730713635634,2.604394618616525,74716.0,2.440944881889764
1616.7983832,2.4304525543557856,5.8804907499900665,75107.0,2.421875
1616.9983829999999,2.3107101451206673,4.485969079490117,75041.0,2.440944881889764
1617.1983828,2.3966736354315086,1.5502907584204781,75097.0,2.450592885375494
1617.3983825999999,2.1640210932062742,3.814190952070342,74716.0,2.4701195219123506
1617.5983824,2.1444120557323565,1.8433984993783827,74786.0,2.4603174603174605
1617.7983821999999,2.254349338900487,2.162635578858182,74724.0,2.4701195219123506
1617.998382,2.266969110681166,1.7109936189893742,74945.0,2.48
1618.1983817999999,2.4391051310801433,4.003822698196166,74916.0,2.4899598393574296
1618.3983816,2.2087479131886476,2.2792382203646184,74875.0,2.4899598393574296
1618.5983813999999,2.2814920478329843,0.23218651405017918,75011.0,2.4899598393574296
1618.7983812,4.503179798302334,13.702664084190355,75162.0,2.4313725490196076
1618.9983809999999,2.856136269436979,4.774122024852232,74793.0,2.421875
1619.1983808,2.5154591295116773,4.680346999120801,75360.0,2.393822393822394
1619.3983805999999,4.921934114607364,17.243119852650867,75859.0,2.3048327137546467
1619.5983804,3.39755795528688,17.041830111386453,75101.0,2.375478927203065
1619.7983801999999,2.4554563478862557,4.417676924514803,75151.0,2.3484848484848486
1619.99838,3.2353986525913743,5.220663894782048,75404.0,2.366412213740458
1620.1983797999999,2.6741764558199765,3.4736177402709494,75679.0,2.3846153846153846
1620.3983796,2.442760942760943,3.1299537331105487,75438.0,2.393822393822394
1620.5983793999999,2.189362353975464,3.8411559361870458,75073.0,2.421875
1620.7983792,2.9466040210960296,2.8313913943936315,74706.0,2.4313725490196076
1620.9983789999999,3.720748829953198,13.799767454276683,75638.0,2.4031007751937983
1621.1983788,3.9046727503633196,18.579068064502767,76379.0,2.339622641509434
1621.3983786,3.5908971530622966,13.771576216686482,76152.0,2.339622641509434
1621.5983784,2.790594707885774,6.887049456776338,76340.0,2.3220973782771535
1621.7983782,2.713126660298101,5.692556254767982,76417.0,2.339622641509434
1621.998378,2.6478277073794056,15.57413748298511,75128.0,2.3846153846153846
1622.1983778,2.521117247407525,6.224448088396343,75507.0,2.375478927203065
1622.3983776,2.425746239060889,1.3700666058170572,75646.0,2.3846153846153846
1622.5983774,2.1973548472424285,1.185429232479754,75610.0,2.3846153846153846
1622.7983772,2.2915296758434014,3.4426796742137133,75735.0,2.375478927203065
1622.998377,3.0626363353069492,12.071748864220417,77016.0,2.3484848484848486
1623.1983768,3.0027970026539004,10.989019449111304,76868.0,2.339622641509434
1623.3983766,2.3485697243185766,4.092216781821931,77118.0,2.3048327137546467
1623.5983764,2.576117903198794,8.19161711567439,77623.0,2.2627737226277373
1623.7983762,2.324110366168128,2.6728983180932127,77560.0,2.2878228782287824
1623.998376,3.0676357203210816,15.61628226938548,75744.0,2.3048327137546467
1624.1983758,3.7452031184779244,31.084611235841017,74267.0,2.3484848484848486
1624.3983756,2.7676048714479027,6.042899864627399,73900.0,2.3574144486692017
1624.5983754,2.8038129798383276,2.5693552069213434,73853.0,2.366412213740458
1624.7983752,3.2149423590514408,4.060006435307037,74513.0,2.3574144486692017
1624.998375,3.2405507487075087,4.395067315624085,74662.0,2.375478927203065
1625.1983748,2.702291624416954,7.54040167964179,73965.0,2.375478927203065
1625.3983746,2.4797170707866085,6.094443592116794,73658.0,2.393822393822394
1625.5983744,2.575768007380582,14.832316321183646,72623.0,2.4313725490196076
1625.7983742,2.4436718241380744,5.080177046071004,72193.0,2.450592885375494
1625.998374,2.2664193001473083,5.464997619709185,71958.0,2.48
1626.1983738,2.6148964641935795,8.92156590285467,72487.0,2.450592885375494
1626.3983736,2.5375898858570385,4.463021618982055,72453.0,2.4701195219123506
1626.5983734,2.3997954303564764,1.5390374846573271,72347.0,2.4701195219123506
1626.7983732,2.312083075441854,2.2875320755686497,72705.0,2.4701195219123506
1626.998373,2.527821348963923,6.274792217314999,72678.0,2.440944881889764
1627.1983728,2.316819512734103,6.360929059988901,72404.0,2.4603174603174605
1627.3983726,2.169161261710738,2.1757275484299763,72156.0,2.4701195219123506
1627.5983724,2.1095599855823886,0.8965708202492706,72134.0,2.4701195219123506
1627.7983722,2.450559160568825,2.0447920037715157,72430.0,2.4603174603174605
1627.998372,2.4074462651334225,2.4583943568664646,72439.0,2.450592885375494
1628.1983718,2.463460657944029,4.557481740893831,72073.0,2.4899598393574296
1628.3983716,2.4092686660636002,3.899936202498387,71855.0,2.5101214574898787
1628.5983714,2.4143393256216004,6.931244227882439,71147.0,2.551440329218107
1628.7983712,2.9568113751504463,2.6320922523607777,71454.0,2.5306122448979593
1628.998371,2.5342692334422128,5.356489896059016,71945.0,2.4899598393574296
1629.1983708,2.481998530492285,3.099142471531886,72133.0,2.5
1629.3983706,2.6543254220429366,3.4619460782196017,72386.0,2.4899598393574296
1629.5983704,2.6916559476539343,11.535356219898793,71524.0,2.5306122448979593
1629.7983702,2.621328375397167,6.104097956658249,72073.0,2.5
1629.99837,2.500062417643387,3.6744565803306153,72095.0,2.5203252032520327
1630.1983698,2.5526948688362783,4.379959370977877,71933.0,2.5306122448979593
1630.3983696,2.2581939799331106,2.413174026174713,71760.0,2.5726141078838176
1630.5983694,2.533097650595702,2.387453999717355,71848.0,2.594142259414226
1630.7983692,2.393511243377046,1.998098684833487,71909.0,2.6382978723404253
1630.998369,2.3954531566813877,3.843430065038917,72006.0,2.6382978723404253
1631.1983688,2.423812987885062,3.917393933972745,71482.0,2.6609442060085837
1631.3983686,2.249947369159731,4.481922716997498,71251.0,2.683982683982684
1631.5983684,2.365697855584828,4.799734365026341,70602.0,2.6956521739130435
1631.7983682,2.309523137697517,2.679550639575427,70880.0,2.6724137931034484
1631.998368,2.3015879737455007,1.424192544890114,70845.0,2.7074235807860263
1632.1983678,2.1741643059490086,2.7742619511663356,70600.0,2.719298245614035
1632.3983676,2.2718500176865937,1.8826037524219352,70675.0,2.719298245614035
1632.5983674,2.3087063411325874,2.3988374874213942,70776.0,2.6956521739130435
1632.7983672,2.640634867174673,0.6410827710469073,71259.0,2.719298245614035
1632.998367,2.3436170808148646,4.851612072312424,71472.0,2.7074235807860263
1633.1983668,2.448792464869814,6.344497177438026,72089.0,2.6956521739130435
1633.3983666,2.371186744413658,2.9191038881220024,72543.0,2.6956521739130435
1633.5983664,2.2683733140722016,6.5872472686520505,71993.0,2.719298245614035
1633.7983662,2.4475617524240922,9.4617651784299,70645.0,2.767857142857143
1633.9983659999998,2.362400468886252,6.915098858042121,69953.0,2.767857142857143
1634.1983658,2.529037140694835,1.6490150351707702,70031.0,2.7074235807860263
1634.3983655999998,3.114886502111259,11.784784342008143,70574.0,2.6495726495726495
1634.5983654,,32.496600105712815,70899.0,2.6050420168067228
1634.7983651999998,9.641631980333548,26.17068437987508,71594.0,2.594142259414226
1634.998365,,58.063100599461414,68254.0,2.6495726495726495
1635.1983647999998,,20.461336430011432,67870.0,2.6495726495726495
1635.3983646,2.1148176538223415,0.2676175276287942,67838.0,2.6495726495726495
1635.5983643999998,2.115871986797902,0.3305894016501335,67868.0,2.6495726495726495
1635.7983642,4.179351170764587,1.1747815894370626,68246.0,2.683982683982684
1635.9983639999998,9.757882799958763,21.89817542274266,67901.0,2.6724137931034484
1636.1983638,2.8898177191217376,5.349377517216145,67588.0,2.7312775330396475
1636.3983635999998,2.30586823863973,2.1263187779234007,67516.0,2.7312775330396475
1636.5983634,2.2062990958944715,0.8203964137926395,67470.0,2.7312775330396475
1636.7983631999998,2.140799311654403,0.931169444967514,67408.0,2.743362831858407
1636.998363,2.909927766032417,8.960310444404175,68112.0,2.6956521739130435
1637.1983627999998,,2.2872850867326835,67374.0,2.7074235807860263
1637.3983626,,448.8161446594049,23046.0,3.4615384615384617
1637.5983623999998,,413.9567708370609,69598.0,2.5726141078838176
1637.7983622,,31.2118376284514,70176.0,2.594142259414226
1637.9983619999998,,4.2589495483209205,69667.0,2.5833333333333335
1638.1983618,,23.431498825598435,68907.0,2.7074235807860263
1638.3983615999998,,21.44125838130436,72524.0,2.8440366972477062
1638.5983614,8.218833107191315,14.008514609514513,73700.0,2.7074235807860263
1638.7983611999998,6.585639654631511,26.092370715145012,73313.0,2.938388625592417
1638.998361,3.5515530629853322,11.650498640863576,74176.0,2.938388625592417
1639.1983607999998,3.1518270088983855,1.864088594138277,73946.0,2.9523809523809526
1639.3983606,2.275168964585023,1.159172948342367,73980.0,2.9523809523809526
1639.5983603999998,,3.1249006353475868,73347.0,2.9665071770334928
1639.7983602,,9.177587698264022,73237.0,2.9665071770334928
1639.9983599999998,4.031276724004991,17.487841813761577,71331.0,2.995169082125604
1640.1983598,,8.307572949618406,69745.0,3.024390243902439
1640.3983595999998,,4.770081719296369,69114.0,3.024390243902439
1640.5983594,2.1069839343504393,0.46105100935692794,69216.0,3.0392156862745097
1640.7983591999998,2.0783843520217267,0.07869764799131815,69223.0,3.0392156862745097
1640.998359,2.04773625609915,1.1596346941388609,69067.0,3.0392156862745097
1641.1983587999998,2.542036742369449,0.605058302609975,69130.0,3.0392156862745097
1641.3983586,,54.75492514397559,63532.0,2.980769230769231
1641.5983583999998,,29.018269113507706,63805.0,3.0097087378640777
1641.7983582,,0.6028388180525611,64667.0,2.9665071770334928
1641.9983579999998,,2.171823931667354,63898.0,2.995169082125604
1642.1983578,4.032133339495047,13.307046686057232,64917.0,2.883720930232558
1642.3983575999998,,4.48950050184318,64049.0,2.9665071770334928
1642.5983574,2.204370340331285,2.859447765969818,64114.0,2.9665071770334928
1642.7983571999998,2.1449679830069615,11.092866389545872,64497.0,2.9665071770334928
1642.998357,,13.624396207670491,64671.0,2.9665071770334928
1643.1983567999998,2.1172604098843517,1.937668526031906,64506.0,2.9523809523809526
1643.3983566,2.0555676111352224,1.0544672369393502,64516.0,2.9523809523809526
1643.5983563999998,,1.866179301823415,63748.0,2.9665071770334928
1643.7983562,2.30335127354653,1.4838697554874294,63916.0,2.9665071770334928
1643.9983559999998,,12.233772954380427,63061.0,2.9523809523809526
1644.1983558,,41.00136281884085,61194.0,2.980769230769231
1644.3983555999998,,9.076734896382217,63136.0,2.9245283018867925
1644.5983554,2.331976044109259,0.8641155880856919,63116.0,2.938388625592417
1644.7983551999998,,6.894920748350716,61972.0,2.9665071770334928
1644.998355,,3.9950510295089225,61323.0,2.9665071770334928
1645.1983547999998,,4.021202786584868,61985.0,2.980769230769231
1645.3983546,2.274311202718153,2.608143325521339,62101.0,2.980769230769231
1645.5983543999998,,7.242966143899541,61340.0,2.9665071770334928
1645.7983542,,7.084806350185392,63557.0,2.8181818181818183
1645.9983539999998,,508.31710114345657,20446.0,1.5957446808510638
1646.1983538,15.812819100091827,91.94288578374069,27225.0,3.6133333333333333
1646.3983535999998,19.42237692103478,14.009065762505573,33901.0,3.5695364238410594
1646.5983534,3.9275840453960607,53.57399495321763,30311.0,1.9072847682119205
1646.7983531999998,5.323472431501584,121.81972526161452,32519.0,3.378205128205128
1646.998353,2.658057114508077,20.125048782086203,32251.0,3.3806451612903228
1647.1983527999998,2.3161330626268937,4.246616585808683,32015.0,3.4935064935064934
1647.3983526,,133.5422962953806,24683.0,2.1136363636363638
1647.5983523999998,,452.67429556325425,75804.0,2.8181818181818183
1647.7983522,,646.0561973601413,30402.0,1.5308641975308641
1647.9983519999998,11.204075006088157,125.96593944397213,24638.0,3.6103896103896105
1648.1983518,10.800496175315278,30.870165128003585,24185.0,3.722972972972973
1648.3983515999998,10.724116831198499,11.647946978391328,24514.0,3.6778523489932886
1648.5983514,20.275488069414315,144.5934862156773,25355.0,1.45
1648.7983511999998,10.077457427078064,118.76847239707573,29655.0,3.836734693877551
1648.998351,8.071500503524673,25.721522933649673,30783.0,3.82
1649.1983507999998,6.850098560420524,12.508492137600099,33482.0,3.3684210526315788
1649.3983506,2.9392689389377336,14.746356378934419,33212.0,3.478787878787879
1649.5983503999998,2.7352443665800763,7.786163269405767,33106.0,3.5617283950617282
1649.7983502,,177.31016439953396,24604.0,2.0142857142857142
1649.9983499999998,,125.1872945458408,35756.0,3.8025477707006368
1650.1983498,6.68117859290439,112.57612234193435,33260.0,1.2863849765258215
1650.3983495999998,8.693919557295182,21.904594477853717,29636.0,1.2018779342723005
1650.5983494,,580.0607666222236,77504.0,2.1602787456445993
1650.7983491999998,,456.2534986236188,31824.0,2.6572769953051645
1650.998349,,457.55896356912734,76915.0,2.1602787456445993
1651.1983487999998,,447.9255079895753,31880.0,2.647887323943662
1651.3983486,2.3000721575095353,152.8865042771478,29103.0,1.1737089201877935
1651.5983483999998,2.3582428158944038,1.3866773388290299,29092.0,1.15962441314554
1651.7983482,2.2691032195661185,0.32819765835612047,28948.0,1.164319248826291
1651.9983479999999,,586.0079034628644,77397.0,2.1602787456445993
1652.1983478,4.0711201851803684,4.5458946509942795,76898.0,2.1602787456445993
1652.3983475999999,,598.7182763255416,28667.0,1.1830985915492958
1652.5983474,4.652367688022284,7.783416193928762,28720.0,1.1737089201877935
1652.7983471999999,3.6094629066638713,10.580606054278292,28617.0,1.1830985915492958
1652.998347,15.816820837390457,50.866470507690146,32864.0,1.2990196078431373
1653.1983467999999,5.1301304761081825,134.34297976568527,34719.0,2.7416267942583734
1653.3983466,4.491468821911657,12.716977495756138,35634.0,2.727699530516432
1653.5983463999999,3.613358897002848,12.084080239815496,35467.0,2.7183098591549295
1653.7983462,,51.31678921839265,36644.0,2.685185185185185
1653.9983459999999,,27.439127924640875,35208.0,2.7183098591549295
1654.1983458,2.663756953359007,5.237742393842384,35055.0,2.7136150234741785
1654.3983455999999,2.6886720190643705,5.840475735540484,35249.0,2.708920187793427
1654.5983454,2.3812855024204604,4.339439613169714,35737.0,2.7183098591549295
1654.7983451999999,2.12922342367645,3.8053908261038694,35605.0,2.7183098591549295
1654.998345,,159.32013514149864,27224.0,1.5677083333333333
1655.1983447999999,,153.17278267464704,35062.0,2.704225352112676
1655.3983446,2.7830669546436284,4.297636365061882,34725.0,2.708920187793427
1655.5983443999999,4.083005072689659,12.03382535620681,35287.0,2.704225352112676
1655.7983442,2.7841635473653903,9.597495282372774,34730.0,2.699530516431925
1655.9983439999999,3.2295125711574952,6.540984159079622,33728.0,2.8507462686567164
1656.1983438,2.620063809294486,4.855225942651118,33224.0,2.913265306122449
1656.3983435999999,6.278460006637903,114.78850119306381,27117.0,3.762237762237762
1656.5983434,,465.88331504325413,67420.0,2.7927927927927927
1656.7983431999999,,18.301025991548837,66425.0,2.8054298642533935
1656.998343,7.241078958848335,22.10531039859507,68770.0,2.7312775330396475
1657.1983427999999,,22.14077957771672,71889.0,2.857142857142857
1657.3983426,,12.517251618804924,73411.0,2.4313725490196076
1657.5983423999999,,6.137165773807503,73123.0,2.440944881889764
1657.7983422,,2.207818094400986,73878.0,2.393822393822394
1657.9983419999999,,3.3883495677421447,73304.0,2.4031007751937983
1658.1983418,4.111617529013211,15.146077533455802,73501.0,2.48
1658.3983415999999,,17.712931474608272,72491.0,2.683982683982684
1658.5983414,2.833971938142625,6.588221765301539,72554.0,2.857142857142857
1658.7983411999999,9.27912300543693,69.86706252728902,73387.0,2.1602787456445993
1658.998341,,18.44006540911212,67405.0,2.6050420168067228
1659.1983407999999,,32.632930617597864,65454.0,2.9245283018867925
1659.3983406,3.6755456105934283,6.389027719383224,65248.0,2.9107981220657275
1659.5983403999999,4.268630271825547,9.679148529416953,66035.0,2.857142857142857
1659.7983402,8.279931560561774,41.15567443550436,70135.0,2.8181818181818183
1659.9983399999999,6.573620591581342,13.358595217766203,70320.0,2.883720930232558
1660.1983398,,686.8770760673035,22735.0,2.1214285714285714
1660.3983395999999,,688.6987455037712,70614.0,2.9245283018867925
1660.5983394,2.0896747218482035,0.366331639725346,70555.0,2.9107981220657275
1660.7983391999999,3.1624623016432256,4.753265648116429,70958.0,2.9107981220657275
1660.998339,4.8594130480681255,2.474242126352621,71045.0,2.9665071770334928
1661.1983387999999,,637.1657658913468,23989.0,2.2406015037593985
1661.3983386,,621.6076881653032,77185.0,2.995169082125604
1661.5983383999999,,445.1069773454247,28512.0,4.172413793103448
1661.7983382,,206.96501785274486,19829.0,1.76
1661.9983379999999,,656.7217489445628,77340.0,2.780269058295964
1662.1983378,,526.9266151249725,31558.0,2.343065693430657
1662.3983375999999,,519.4454232093226,78445.0,2.9523809523809526
1662.5983374,,432.97714153676355,31377.0,4.013245033112582
1662.7983371999999,,171.71512971010807,24601.0,2.007142857142857
1662.998337,,604.2175111508102,76836.0,2.6495726495726495
1663.1983367999999,,401.454539506437,31798.0,3.3652694610778444
1663.3983366,,460.4560572363753,76799.0,2.857142857142857
1663.5983363999999,,36.0456284124983,80285.0,2.683982683982684
1663.7983362,14.40045618657299,68.1565126925771,81984.0,2.1602787456445993
1663.9983359999999,5.366184008200922,19.56265602485611,78040.0,2.1602787456445993
1664.1983358,4.3223050070338145,10.23530696646531,76772.0,2.1602787456445993
1664.3983355999999,12.978418047726532,40.6824858536786,82847.0,2.2545454545454544
1664.5983354,9.108456973293768,65.63502410418168,80880.0,2.48
1664.7983351999999,4.174127832328593,10.52362951995435,81779.0,2.5101214574898787
1664.998335,3.740793305111704,6.936220586576512,81734.0,2.450592885375494
1665.1983347999999,,13.264805319036803,81169.0,2.4603174603174605
1665.3983346,,21.871558532188168,79487.0,2.4899598393574296
1665.5983343999999,2.9966626635484483,4.136618550639197,79105.0,2.4899598393574296
1665.7983342,4.440817552598971,10.297265860251574,79897.0,2.551440329218107
1665.9983339999999,2.7297975406781765,3.9459956693185574,80510.0,2.551440329218107
1666.1983338,2.1157700553422747,2.11585380444447,80228.0,2.551440329218107
1666.3983336,,3.116474276561469,79650.0,2.5726141078838176
1666.5983334,,4.030791876773603,80283.0,2.56198347107438
1666.7983332,,3.7689058666663118,79744.0,2.5726141078838176
1666.998333,,2.897830370082675,80291.0,2.56198347107438
1667.1983328,6.491564527757751,39.49595442356825,76285.0,2.767857142857143
1667.3983326,9.558903381101658,110.47608603349416,71456.0,2.780269058295964
1667.5983324,,28.423566781115323,67176.0,2.6160337552742616
1667.7983322,,13.414956612987071,66662.0,2.6382978723404253
1667.998332,2.2734199574863028,1.2194983558485835,66802.0,2.56198347107438
1668.1983318,2.128334157044226,1.149799924624402,66771.0,2.6382978723404253
1668.3983316,2.148947644371208,0.6921248427107547,66755.0,2.5726141078838176
1668.5983314,2.1548176848681444,1.5703843948870913,66588.0,2.6050420168067228
1668.7983312,2.0830172206165702,1.471177268095029,66432.0,2.6382978723404253
1668.998331,,3.7697317910584007,65824.0,2.6160337552742616
1669.1983308,,2.5200060959178003,66586.0,2.5726141078838176
1669.3983306,2.1289210100161937,0.11179989335658282,66692.0,2.6050420168067228
1669.5983304,2.2247335648425337,2.741194599986021,66808.0,2.6160337552742616
1669.7983302,2.463511555296613,2.1774488438905184,66939.0,2.6160337552742616
1669.99833,2.185983545250561,1.820328495269284,66850.0,2.6609442060085837
1670.1983298,2.420994042962874,2.9941316315646946,66476.0,2.683982683982684
1670.3983296,,3.756799079860363,65854.0,2.683982683982684
1670.5983294,,6.655469851828462,66194.0,2.7555555555555555
1670.7983292,4.4258043286417275,6.760858716403909,66857.0,2.6495726495726495
1670.998329,6.773130526000299,12.530234353532062,66730.0,2.6050420168067228
1671.1983288,7.524514923726445,14.766059103382222,67979.0,2.6050420168067228
1671.3983286,4.875529224766996,12.382672172572226,69205.0,2.6382978723404253
1671.5983284,2.715136655368861,1.6458961736441382,69335.0,2.6160337552742616
1671.7983282,2.501172383847156,2.431830353040301,69090.0,2.6495726495726495
1671.998328,2.95819791062101,2.2748994485838407,68920.0,2.6160337552742616
1672.1983278,5.422438198639933,16.489814571053707,68526.0,2.6271186440677967
1672.3983276,,72.28048167084489,72850.0,2.743362831858407
1672.5983274,,39.71034506142876,77223.0,2.8440366972477062
1672.7983272,,289.85832232609755,30065.0,3.7222222222222223
1672.998327,16.892534728005597,145.77834721441036,30019.0,3.4516129032258065
1673.1983268,11.58449185593026,241.84628630831966,21795.0,1.606896551724138
1673.3983266,6.240825973379773,202.709981234514,24117.0,3.673469387755102
1673.5983264,3.184569269935124,6.697195141971859,24354.0,3.6530612244897958
1673.7983262,6.24957522209816,201.31227282897734,20599.0,1.7708333333333333
1673.998326,2.6634488165825454,2.95750937542559,20407.0,1.8391608391608392
1674.1983258,16.54467918239302,106.54658218101417,20401.0,1.4
1674.3983256,,571.4567457763944,75089.0,2.366412213740458
1674.5983254,9.39473097226697,43.05618871150377,80698.0,2.2545454545454544
1674.7983252,4.3493382659441435,20.886119995487682,76768.0,2.206405693950178
1674.998325,2.4189120686293624,4.62602406081196,76935.0,2.2142857142857144
1675.1983248,3.7802967528095706,9.00321221455234,77236.0,2.1602787456445993
1675.3983246,2.480452594615685,4.067241740312042,76890.0,2.1908127208480566
1675.5983244,2.0566481346773355,1.5950404508711435,76984.0,2.1602787456445993
1675.7983242,2.034255992528795,1.3722066619508104,77096.0,2.1602787456445993
1675.998324,1.981240269849507,2.2176877325069047,77080.0,2.1602787456445993
1676.1983238,2.6661423927859915,4.632574409843976,76296.0,2.1602787456445993
1676.3983236,,610.7248213484942,28748.0,1.2347417840375587
1676.5983234,,642.7963891536588,77548.0,2.4031007751937983
1676.7983232,7.393471368852229,100.01762064149996,71286.0,2.6609442060085837
1676.998323,,78.83392354147146,68167.0,2.8703703703703702
1677.1983228,,21.95541787929351,65525.0,2.9107981220657275
1677.3983226,4.897150788566548,7.719122682787944,65562.0,2.683982683982684
1677.5983224,,28.528362649912328,65320.0,2.897196261682243
1677.7983222,,4.406425111557745,65997.0,2.883720930232558
1677.998322,,25.410545120444116,66097.0,2.883720930232558
1678.1983217999998,,7.266564457863952,68117.0,2.8440366972477062
1678.3983216,,5.7854580478700885,67571.0,2.857142857142857
1678.5983213999998,,6.266334624440295,67854.0,2.8440366972477062
1678.7983212,2.193765263188866,1.1901859442658151,67974.0,2.8310502283105023
1678.9983209999998,,3.6311078480434222,67235.0,2.857142857142857
1679.1983208,2.075376959073015,0.800456970779237,67315.0,2.857142857142857
1679.3983205999998,2.0668232565745464,1.6864478439032105,67267.0,2.857142857142857
1679.5983204,2.0051550220611176,0.11346506743073091,67313.0,2.857142857142857
1679.7983201999998,2.6677429434433915,2.459456740990522,67207.0,2.857142857142857
1679.99832,4.239415970133463,20.167649849949804,66161.0,2.883720930232558
1680.1983197999998,4.400604482748302,13.484573702143097,66834.0,2.857142857142857
1680.3983196,2.7101120897918762,3.427271868364843,66643.0,2.883720930232558
1680.5983193999998,4.668145400593472,12.217835434726418,67400.0,2.9107981220657275
1680.7983192,5.190030426997045,18.678412585341867,68689.0,2.9107981220657275
1680.9983189999998,,384.6152660725984,28086.0,3.7412587412587412
1681.1983188,,354.98706602400756,72954.0,2.857142857142857
1681.3983185999998,,312.95091025503996,27984.0,3.5510204081632653
1681.5983184,4.944228089606631,23.023822885627375,27989.0,3.8028169014084505
1681.7983181999998,2.4427597214161345,4.370206253252227,27568.0,3.8156028368794326
1681.998318,,312.8009645721262,72662.0,2.897196261682243
1682.1983177999998,1.9925916745844865,1.1451038579285295,72621.0,2.897196261682243
1682.3983176,,311.95185410801906,27664.0,3.85
1682.5983173999998,,312.4286720860146,72599.0,2.897196261682243
1682.7983172,1.950925313945803,0.979474645148335,72624.0,2.897196261682243
1682.9983169999998,1.935084986421472,1.6371721089711837,72541.0,2.897196261682243
1683.1983168,,319.72803810354856,28224.0,3.7762237762237763
1683.3983165999998,9.373346969002363,78.19181728180563,28357.0,3.978102189781022
1683.5983164,,329.260030124095,73482.0,2.9245283018867925
1683.7983161999998,,344.1051258936858,29977.0,3.7902097902097904
1683.998316,,347.9808119199137,73626.0,2.938388625592417
1684.1983157999998,,321.6333135482457,28920.0,3.9562043795620436
1684.3983156,,323.23242797352566,73586.0,2.9245283018867925
1684.5983153999998,,451.360359048997,20497.0,2.25
1684.7983152,2.0852637249620454,1.4753692597715864,20419.0,2.25
1684.9983149999998,,133.26389032237046,28385.0,3.9130434782608696
1685.1983148,,315.12396590922634,74363.0,2.995169082125604
1685.3983145999998,5.4887575199989564,44.566512313505775,76629.0,2.995169082125604
1685.5983144,,2.78857359840897,76057.0,3.024390243902439
1685.7983141999998,,505.578142154977,23850.0,2.4152542372881354
1685.998314,,166.4965399209569,30482.0,2.0
1686.1983137999998,3.9696485623003195,9.832877930436366,29422.0,1.869281045751634
1686.3983136,3.911917808219178,15.301046861165606,29200.0,1.908496732026144
1686.5983133999998,2.208280538337728,1.4269829075775553,29201.0,1.908496732026144
1686.7983132,,555.3295072247911,76451.0,2.7312775330396475
1686.9983129999998,2.0089852908431243,0.5088233022150167,76347.0,2.7312775330396475
1687.1983128,2.1390051808048565,2.740901442999023,76436.0,2.7312775330396475
1687.3983125999998,,550.2065900057637,29230.0,2.0980392156862746
1687.5983124,,548.3887768631745,76348.0,2.7312775330396475
1687.7983121999998,,555.513249863856,28752.0,1.9539473684210527
1687.998312,3.7621526604015956,9.342234882342662,29582.0,2.096774193548387
1688.1983117999998,2.6813735549627196,5.89157424561276,29238.0,2.1633986928104574
1688.3983116,,549.5216013849739,76718.0,2.743362831858407
1688.5983113999998,6.370057757941717,31.88163783015442,76180.0,2.7074235807860263
1688.7983112,5.12822330408731,13.939086726956273,74768.0,2.683982683982684
1688.9983109999998,4.560500732454388,12.22797034771433,75090.0,2.540983606557377
1689.1983108,2.7688825161641506,4.589830695686375,75321.0,2.5203252032520327
1689.3983105999998,2.8116231663935407,4.517010991811186,75057.0,2.5306122448979593
1689.5983104,4.20945817361281,10.949487291403237,73566.0,2.594142259414226
1689.7983101999998,5.4117738780370255,17.33565886833516,70546.0,2.2222222222222223
1689.99831,9.741365017960762,3.083329417223333,72380.0,2.594142259414226
1690.1983097999998,6.545444567916478,2.3942272607742323,72891.0,2.743362831858407
1690.3983096,4.5902573777118985,1.5410233071197297,74210.0,2.7555555555555555
1690.5983093999998,,2.3798946829780183,73385.0,2.7927927927927927
1690.7983092,,9.956051907803921,73359.0,2.767857142857143
1690.9983089999998,9.343316694398226,30.630953403415134,75726.0,2.5726141078838176
1691.1983088,,18.6791973692154,74906.0,2.767857142857143
1691.3983085999998,,67.61679602028177,73053.0,2.883720930232558
1691.5983084,7.494303680150571,54.306727133605776,70133.0,2.883720930232558
1691.7983081999998,,24.670376581969208,69904.0,2.3484848484848486
1691.998308,4.934706698809263,14.270507324291174,68445.0,2.5
1692.1983077999998,3.792408771828044,5.995342415661452,68948.0,2.4603174603174605
