t,motion,speed,area,elong
0.0,,,40694.0,2.314009661835749
0.19999979999999998,13.05564263322884,81.80576456786895,44660.0,2.259433962264151
0.39999959999999996,6.461859931113662,20.9554870472545,43550.0,2.259433962264151
0.5999994,,432.80978766913273,21449.0,1.0484848484848486
0.7999991999999999,6.288644345586514,21.51723827497309,21355.0,1.0545454545454545
0.999999,,425.1249433665984,50120.0,2.259433962264151
1.1999988,,180.0038619017338,19929.0,2.126126126126126
1.3999986,,274.6221202315113,43240.0,3.0125786163522013
1.5999983999999998,4.121163203652884,13.828506084304667,43363.0,3.050955414012739
1.7999981999999999,5.740599915504858,41.07265729015805,42606.0,2.99375
1.999998,3.904494648100786,9.943490150132268,42228.0,3.0573248407643314
2.1999978,6.808014031300593,41.63051880816812,44472.0,3.0316455696202533
2.3999976,,290.1724647121363,22041.0,2.657142857142857
2.5999974,,320.65027574547497,39786.0,3.280821917808219
2.7999972,4.458751349501013,40.09209111185128,37977.0,3.3333333333333335
2.999997,5.258918296892981,20.08043410124154,36498.0,3.310344827586207
3.1999967999999996,6.70572168722194,10.295597067332503,35514.0,3.2432432432432434
3.3999965999999997,11.375567627803315,30.62219579944374,35895.0,3.076923076923077
3.5999963999999998,12.347665354014305,25.020033122934628,37329.0,2.823529411764706
3.7999962,12.853886129374946,44.9460405526617,34829.0,3.2432432432432434
3.999996,27.306864318761214,106.82401115689622,42364.0,2.318840579710145
4.1999958,13.668281419775443,43.590354426746494,44176.0,2.259433962264151
4.3999956,7.17179322376274,9.818820287090025,43564.0,2.259433962264151
4.5999954,4.422024670939288,4.07075438271738,43533.0,2.259433962264151
4.7999952,,318.4214128288339,22773.0,1.0609756097560976
4.999995,,77.43923475585858,24580.0,1.284848484848485
5.1999948,,504.36671166870804,32094.0,3.3333333333333335
5.399994599999999,,398.35225399520584,10011.0,1.625
5.5999944,,391.1301851636356,33929.0,3.280821917808219
5.7999941999999995,,411.0939884358207,14189.0,2.061224489795918
5.999994,,387.2152578101031,38814.0,3.076923076923077
6.1999938,9.254716981132075,24.84013811687975,39432.0,3.221476510067114
6.399993599999999,5.62652918559944,6.004616943780463,40054.0,3.258503401360544
6.5999934,5.282592647275949,13.30063200802625,40638.0,3.280821917808219
6.799993199999999,3.3323465611841265,12.718128332873432,39185.0,3.397163120567376
6.999993,7.814787966654585,18.483446169633556,41385.0,3.4532374100719423
7.1999927999999995,9.517025315008347,27.586683373821266,43729.0,3.3333333333333335
7.3999926,6.613171856461687,17.17188448637802,44671.0,2.9207317073170733
7.5999924,3.218381953252401,4.750973930947683,44152.0,2.903030303030303
7.799992199999999,2.5660783469651314,1.9632230417406824,44137.0,2.9207317073170733
7.999992,2.282350272232305,0.80540555892634,44080.0,2.938650306748466
8.1999918,2.398157787534513,1.0259696508825709,44186.0,2.938650306748466
8.3999916,2.510818779768655,1.0117398510792377,44090.0,2.9447852760736195
8.5999914,2.300701051577366,0.8205378541808279,43934.0,2.9447852760736195
8.7999912,2.4985014985014984,1.2580361874108366,44044.0,2.962962962962963
8.999991,2.3335379997271115,1.3105867511547775,43974.0,2.95679012345679
9.1999908,2.3577365364909486,1.1453250512903628,43915.0,2.981366459627329
9.399990599999999,2.357679180887372,0.5628581644478954,43950.0,3.0
9.5999904,2.3684845449993173,0.5445870407344579,43934.0,3.0125786163522013
9.7999902,2.683818181818182,0.4943292766554359,44000.0,3.0125786163522013
9.99999,2.3527526480883756,0.8097800602428963,43994.0,3.0316455696202533
10.199989799999999,6.978334061528181,61.81485585683672,38909.0,3.4782608695652173
10.3999896,4.468758163105376,8.677744090749812,38282.0,3.5294117647058822
10.5999894,5.622622851057356,15.28988844873454,39438.0,3.4782608695652173
10.799989199999999,6.013366162504397,6.415559588096157,39802.0,3.3566433566433567
10.999989,3.9901043819760234,8.22966927953625,38704.0,3.3732394366197185
11.1999888,5.186715439879997,8.97402992635037,37999.0,3.303448275862069
11.399988599999999,4.771657499471123,10.99399988492492,37816.0,3.404255319148936
11.599988399999999,2.7912202142971374,3.5546692022803517,37518.0,3.4532374100719423
11.7999882,2.578893826631686,4.336696552019673,37354.0,3.4782608695652173
11.999988,2.805480622846612,3.160703221459611,37441.0,3.4782608695652173
12.199987799999999,2.546761630388391,1.0783968089040865,37488.0,3.4782608695652173
12.3999876,2.5421554448551076,2.6110427469296966,37338.0,3.5294117647058822
12.5999874,2.5706336191833112,1.3087081881429548,37199.0,3.5220588235294117
12.799987199999999,2.3751108960400034,0.0432816236333611,37197.0,3.5294117647058822
12.999986999999999,7.276090402413458,22.70298137928633,39114.0,3.287671232876712
13.1999868,3.76653224743681,9.904910356739741,37941.0,3.3333333333333335
13.3999866,11.019574831641371,47.05235411967082,39796.0,3.037974683544304
13.599986399999999,4.638296820137481,16.156698498310043,40442.0,3.018867924528302
13.7999862,6.607892406729365,26.174374842883843,41787.0,2.9751552795031055
13.999986,5.20354865404274,29.932570475262636,41086.0,2.99375
14.199985799999999,4.275949753343844,28.00005480870785,39326.0,3.221476510067114
14.399985599999999,3.8735255570117957,7.179261957495054,39676.0,3.2432432432432434
14.5999854,6.151090932021693,24.959776224236787,39645.0,3.2364864864864864
14.7999852,5.265214031063798,13.454987924572707,40111.0,3.280821917808219
14.999984999999999,6.979604925602874,48.506214253899934,38980.0,3.414285714285714
15.1999848,13.219035108669692,70.59457709688797,41870.0,3.0573248407643314
15.3999846,4.605671340760661,21.130702111041455,41648.0,3.0316455696202533
15.599984399999999,5.348902488367388,43.32868999858671,39544.0,3.1578947368421053
15.799984199999999,10.218247371994474,38.93044791860111,42713.0,2.891566265060241
15.999984,,308.23016105003853,21835.0,1.9416666666666667
16.1999838,,308.364228331448,43285.0,3.0903225806451613
16.3999836,6.141477195060828,22.815916642322712,43894.0,3.116883116883117
16.5999834,,31.753525042144815,43400.0,3.1623376623376624
16.7999832,,19.61886477016209,40853.0,3.1372549019607843
16.999983,3.3821582093976974,8.248433965680379,40478.0,3.2
17.1999828,2.4708724632653567,1.8237574204227383,40357.0,3.2
17.399982599999998,2.6519664796183227,2.204514959544221,40453.0,3.2
17.5999824,2.6912922878795382,2.008932782814317,40378.0,3.221476510067114
17.7999822,2.3608770228950706,0.6628852328903928,40227.0,3.221476510067114
17.999982,2.373522283226987,1.6575524868580782,40434.0,3.2
18.1999818,,13.154223589508367,42982.0,3.1623376623376624
18.3999816,4.1213763145861915,5.360050762739449,43740.0,3.1623376623376624
18.5999814,,14.478508805998224,40531.0,3.214765100671141
18.799981199999998,3.3648591845313156,6.453917928684961,40443.0,3.214765100671141
18.999981,2.6997484959068943,4.301362496510172,40556.0,3.2
19.1999808,2.709070548712206,2.7821237777584873,40185.0,3.214765100671141
19.3999806,4.572262844180603,17.05122463704319,41439.0,3.1788079470198674
19.5999804,6.328433869363797,27.458761514516965,41229.0,3.4532374100719423
19.7999802,4.525620206360706,3.798735691170689,40027.0,3.310344827586207
19.99998,2.8550949827076337,5.902567529833992,39902.0,3.3496503496503496
20.199979799999998,2.5972441043339085,1.2396263077920502,39987.0,3.3496503496503496
20.399979599999998,2.5953150444694977,2.216836965423566,39915.0,3.3732394366197185
20.5999794,2.4766371548243082,0.9693883799981818,39871.0,3.380281690140845
20.7999792,2.3615863141524107,0.45263172740985513,39866.0,3.3732394366197185
20.999979,2.394660315868639,0.9924719932999108,39890.0,3.3566433566433567
21.1999788,2.637062831947089,2.296372198985197,39916.0,3.3566433566433567
21.399978599999997,2.406459721000377,1.2803109162028927,39785.0,3.380281690140845
21.599978399999998,2.405124723395695,1.4038444189145334,39768.0,3.3732394366197185
21.799978199999998,2.45080333947083,1.1316915644987748,39647.0,3.404255319148936
21.999978,2.490630926792262,1.5646264787363162,39545.0,3.404255319148936
22.1999778,2.380554644326125,0.5900399656306735,39629.0,3.404255319148936
22.3999776,2.3525731584258325,0.5356873257556478,39640.0,3.404255319148936
22.5999774,2.3738482897892212,1.0866487012392911,39615.0,3.397163120567376
22.799977199999997,2.340925715727078,0.8427340745393147,39645.0,3.404255319148936
22.999976999999998,2.451440526302523,1.520553279429471,39673.0,3.3732394366197185
23.199976799999998,5.4411706740244385,10.712329062418709,40592.0,3.326388888888889
23.3999766,3.6018784307800775,11.063705414962255,39714.0,3.3496503496503496
23.5999764,2.701319965741347,0.6209217792013343,39698.0,3.3333333333333335
23.7999762,3.7910247490309112,7.417191810171077,40244.0,3.326388888888889
23.999976,3.2935099205855263,8.390976026828495,40169.0,3.280821917808219
24.199975799999997,3.7513967180258048,11.756356361470058,39915.0,3.287671232876712
24.399975599999998,3.1975957167390647,1.3085049896451215,39596.0,3.280821917808219
24.599975399999998,3.4330282651564947,7.757730518716554,39554.0,3.326388888888889
24.7999752,3.066705675833821,6.521477353175724,39307.0,3.404255319148936
24.999975,6.816049162353061,27.672189342974402,39217.0,3.380281690140845
25.1999748,6.120242814667988,22.64394574061505,40360.0,3.221476510067114
25.3999746,3.959191128506197,25.247717722779807,38325.0,3.3496503496503496
25.599974399999997,4.579655728602026,5.717548039548126,37819.0,3.4214285714285713
25.799974199999998,5.247918184657021,6.335847325838144,38428.0,3.3566433566433567
25.999973999999998,3.921763794416577,2.468806995031583,38077.0,3.380281690140845
26.1999738,5.728501966783217,12.402009258941087,36608.0,3.380281690140845
26.3999736,11.737236584835976,17.94384242260368,36824.0,3.1578947368421053
26.5999734,8.826279305680794,45.486498131188576,35488.0,3.076923076923077
26.7999732,9.654474834115552,11.710541981866864,37074.0,3.2653061224489797
26.999972999999997,8.295275278972221,16.595261365550986,37907.0,2.903030303030303
27.199972799999998,,383.22549080409027,22394.0,1.1151515151515152
27.399972599999998,12.395155291054492,35.85055579910293,21508.0,0.8666666666666667
27.5999724,,327.23185308245905,49180.0,2.767857142857143
27.7999722,,85.39973357948476,41653.0,2.259433962264151
27.999972,12.005114217524719,21.096707724682805,43995.0,2.259433962264151
28.1999718,15.891517459288666,136.64860519889888,37029.0,3.0
28.399971599999997,7.556511885168497,22.95463209742546,37063.0,3.050955414012739
28.599971399999998,5.477988458367683,4.392564355704305,36390.0,3.050955414012739
28.799971199999998,6.1107467621934415,11.553207097706178,36290.0,3.037974683544304
28.999971,6.860477835348302,19.71597296302546,34740.0,3.037974683544304
29.1999708,,335.6706768837619,12433.0,1.6153846153846154
29.3999706,,360.3259618045102,31944.0,3.214765100671141
29.5999704,4.05962042894615,3.6116682851652007,32405.0,3.221476510067114
29.799970199999997,4.0659977703455965,13.110966544085052,31395.0,3.2945205479452055
29.999969999999998,3.0316802228059627,2.600165160563528,31597.0,3.2432432432432434
30.199969799999998,3.0155284474754267,6.446406689764862,31233.0,3.317241379310345
30.3999696,2.365744756030966,0.6958054556333032,31131.0,3.287671232876712
30.5999694,2.692182979940872,4.775408432776369,31457.0,3.272108843537415
30.7999692,7.61692555552178,24.72655516854613,32897.0,3.1578947368421053
30.999969,4.086317983702862,19.674934412889094,31662.0,3.287671232876712
31.199968799999997,2.9993893031627668,9.860374098649501,31112.0,3.303448275862069
31.399968599999998,2.84380245319561,2.881418546647898,30980.0,3.287671232876712
31.599968399999998,,363.17036859680616,10762.0,1.6565656565656566
31.7999682,,361.876097231969,31044.0,3.287671232876712
31.999968,2.765843041864038,4.5814065812850595,31244.0,3.2653061224489797
32.199967799999996,2.4962860542139618,3.9111349898258214,31099.0,3.287671232876712
32.3999676,2.6108137913139373,3.093491654482074,30831.0,3.303448275862069
32.5999674,,363.2957698932141,10630.0,1.6464646464646464
32.7999672,,363.1205840209242,30853.0,3.287671232876712
32.999967,2.346160085655884,0.3143999184144587,30821.0,3.280821917808219
33.1999668,2.4602846722396152,1.8171533269006759,30983.0,3.287671232876712
33.3999666,2.4585935990727026,2.9943928637897987,31058.0,3.258503401360544
33.5999664,2.350270653434721,0.31036636239225573,31036.0,3.280821917808219
33.7999662,2.362734965441509,1.1697839640039496,30962.0,3.2945205479452055
33.999966,2.364711585070286,1.533524021105277,30945.0,3.287671232876712
34.1999658,2.4196080975862966,1.5431928286976488,30824.0,3.280821917808219
34.3999656,2.4015001461181282,1.3497266388477802,30797.0,3.310344827586207
34.599965399999995,2.4766397561845475,0.9814548258543424,30843.0,3.287671232876712
34.799965199999995,,400.2483712987268,14051.0,1.5132743362831858
34.999964999999996,,340.53461050053,35618.0,2.909090909090909
35.1999648,5.5265067705106645,22.068736145318844,33897.0,2.9751552795031055
35.3999646,9.270034638642635,11.06747789663737,34066.0,3.0573248407643314
35.5999644,11.982873851294904,27.238352886723135,35910.0,3.096774193548387
35.7999642,6.40921721069915,6.6919681981251,35629.0,3.1372549019607843
35.999964,,18.918981989044877,37149.0,3.128205128205128
36.1999638,,16.451868138230978,33948.0,3.2
36.3999636,3.348508818187145,3.773575546714274,34134.0,3.2
36.5999634,3.877912881975681,4.675371039902592,34459.0,3.172185430463576
36.7999632,3.8404178778024,10.552173021420478,34747.0,3.2
36.999963,3.1576540297992293,4.794621724639121,34766.0,3.1788079470198674
37.1999628,5.006888374456552,17.619479658558056,35422.0,3.1372549019607843
37.399962599999995,2.4647903340440656,4.04919196956367,35175.0,3.151315789473684
37.599962399999995,3.3301868184507875,7.310615833943919,35489.0,3.1103896103896105
37.799962199999996,2.739530798435995,3.250458028196726,35294.0,3.130718954248366
37.999962,3.1025836080353875,7.889029547689885,35493.0,3.116883116883117
38.1999618,2.5698016164584865,1.2533580954836923,35386.0,3.1103896103896105
38.3999616,2.6714518943872094,5.06314907899398,35526.0,3.1103896103896105
38.5999614,2.8157723715068803,4.026872802390811,35391.0,3.1372549019607843
38.7999612,2.7700655663576756,1.8445721875786045,35384.0,3.1578947368421053
38.999961,2.8096456692913385,2.679117222166511,35560.0,3.130718954248366
39.1999608,4.740919824581131,1.7400777095509954,35572.0,3.0705128205128207
39.3999606,5.328542271538218,21.153644880403853,34787.0,3.0903225806451613
39.5999604,8.529107482384521,31.954720643364414,35764.0,3.2
39.7999602,4.182088790610648,10.140920910915032,35274.0,3.3333333333333335
39.99996,3.0961324071691965,4.574116975757924,34983.0,3.380281690140845
40.199959799999995,2.869652671539464,7.954573683404805,35298.0,3.3566433566433567
40.399959599999995,3.394969332057847,2.344306726136508,35542.0,3.380281690140845
40.599959399999996,3.130216786459541,13.413670061534912,34504.0,3.3732394366197185
40.799959199999996,5.81198667509046,9.171651029178328,34822.0,3.4285714285714284
40.999959,,332.8961477649052,12699.0,2.1868131868131866
41.1999588,,354.8642803308516,33923.0,3.287671232876712
41.3999586,5.192094494587457,9.099339848085329,34457.0,3.2
41.5999584,3.885957248529326,8.583310852354433,34338.0,3.258503401360544
41.7999582,3.4071042203002517,7.925876165125392,34571.0,3.258503401360544
41.999958,3.0468224540829523,2.8175193374144496,34791.0,3.2653061224489797
42.1999578,3.7410443316220894,10.857419258585757,35257.0,3.2432432432432434
42.3999576,2.589470403218951,2.818504160119233,35291.0,3.221476510067114
42.5999574,3.2139806698134414,8.857359510533769,35592.0,3.172185430463576
42.799957199999994,2.432332095848802,1.1290662629759183,35556.0,3.2
42.999956999999995,2.3691265697756454,1.4935210827115186,35435.0,3.1933333333333334
43.199956799999995,2.4630375397786475,3.292050971501327,35509.0,3.1933333333333334
43.399956599999996,2.5894889939305794,3.607975912282858,35753.0,3.1933333333333334
43.599956399999996,2.3468530293269096,0.7632075912031645,35701.0,3.2
43.7999562,,15.793746719963487,37477.0,3.183006535947712
43.999956,,15.37000425973324,35497.0,3.2
44.1999558,4.849647927969525,26.866877971467254,34652.0,3.2
44.3999556,3.7356805044666315,11.194294481227898,34254.0,3.1788079470198674
44.5999554,,344.5305194277757,14286.0,1.9306930693069306
44.7999552,,302.7630291955467,36102.0,3.258503401360544
44.999955,4.7064717108217335,9.531639517258387,35632.0,3.3566433566433567
45.1999548,2.8897790521167144,3.4769396276494198,35574.0,3.4214285714285713
45.3999546,3.014305333028153,8.94283303513862,34952.0,3.5036496350364965
45.599954399999994,3.6068195447925295,2.6848554798180166,35017.0,3.471014492753623
45.799954199999995,7.186525549106634,15.369366617705646,35148.0,3.185430463576159
45.999953999999995,4.597514258959734,10.812977120917061,35241.0,3.151315789473684
46.199953799999996,3.732014847136826,3.1177380739689964,35293.0,3.172185430463576
46.399953599999996,3.097060343342711,10.28787425635286,34834.0,3.2364864864864864
46.5999534,3.265472450972069,8.758903191394204,35337.0,3.2364864864864864
46.7999532,3.1832416419805334,3.398392856576605,35445.0,3.1933333333333334
46.999953,2.7943505061358365,2.9881166144183524,35366.0,3.214765100671141
47.1999528,2.6090707280748586,4.409896041523579,35587.0,3.2
47.3999526,2.7556024181076904,3.4546789744268622,35565.0,3.1933333333333334
47.5999524,2.5574039031829865,2.734013828520919,35407.0,3.2
47.7999522,2.908942952549317,4.6384233620514435,35637.0,3.1788079470198674
47.999952,2.6164193475305844,3.1026282809442916,35312.0,3.172185430463576
48.1999518,3.609830300323769,10.753509467606683,35828.0,3.130718954248366
48.399951599999994,2.9460027851195045,10.461103441186117,35187.0,3.1933333333333334
48.599951399999995,2.6508953601464613,3.0181622776437385,34958.0,3.172185430463576
48.799951199999995,2.6713260726638652,3.0130941830062272,34983.0,3.1788079470198674
48.999950999999996,5.255560573557638,7.621201442923347,35428.0,3.096774193548387
49.199950799999996,5.440492742339136,20.560473820885356,35962.0,3.1933333333333334
49.3999506,4.405509611086276,6.752607305445607,35792.0,3.3496503496503496
49.5999504,3.32832774049217,3.2237562335126237,35760.0,3.4214285714285713
49.7999502,,309.90422235143586,13670.0,2.393258426966292
49.99995,,321.0772640808295,34970.0,3.471014492753623
50.1999498,2.7657456667238716,1.4549359926144223,34962.0,3.5294117647058822
50.3999496,3.649360505973296,12.577267162847708,35575.0,3.4782608695652173
50.5999494,6.542556227879895,16.723569774235557,35036.0,3.221476510067114
50.7999492,6.256992459809362,19.78454423432768,35145.0,3.116883116883117
50.999949,3.133835655388115,1.475641087020525,35170.0,3.1372549019607843
51.199948799999994,,311.4549674934053,14000.0,1.892156862745098
51.399948599999995,,313.06686597779367,35000.0,3.2364864864864864
51.599948399999995,3.1379517555154948,3.281579946370634,34947.0,3.287671232876712
51.799948199999996,3.2252949956349095,9.522728380408582,35509.0,3.2653061224489797
51.999947999999996,2.5537052690898845,1.9232473018756866,35490.0,3.221476510067114
52.1999478,2.8544468364693714,6.341002178374354,35767.0,3.2
52.3999476,2.4904113435350275,1.2720745431200173,35615.0,3.221476510067114
52.5999474,2.688855583519498,6.0179970995954655,35363.0,3.1933333333333334
52.7999472,2.8032750049153163,5.364585011088243,35603.0,3.214765100671141
52.999947,2.9023530749119018,6.291158356677382,35188.0,3.2
53.1999468,2.961082958492285,5.089147767108811,35126.0,3.1933333333333334
53.3999466,3.2021862530208507,6.869592048848872,35586.0,3.1578947368421053
53.5999464,4.499268718006412,8.544268496550645,35554.0,3.096774193548387
53.7999462,5.4561725817675715,16.18229148321901,35925.0,3.258503401360544
53.999945999999994,3.6462898022162995,4.732042209168305,35645.0,3.4214285714285713
54.199945799999995,3.256699337148037,7.481085982336346,35302.0,3.4963503649635035
54.399945599999995,3.218935756744399,2.9521340412747903,34992.0,3.5294117647058822
54.599945399999996,2.4847955560645976,1.3663691315328723,34924.0,3.5294117647058822
54.799945199999996,,329.50327500528454,13541.0,2.393258426966292
54.999945,,326.24495536426923,35027.0,3.5555555555555554
55.1999448,7.7058095703968,12.966305942248907,34753.0,3.258503401360544
55.3999446,5.93054192878167,23.21030442601071,34654.0,3.172185430463576
55.5999444,3.5449422048421417,3.587265316883948,34778.0,3.1103896103896105
55.7999442,5.762236370871468,16.60141605404714,35182.0,3.2653061224489797
55.999944,,302.2382701216313,13372.0,2.148936170212766
56.1999438,,301.4398255424686,35044.0,3.446043165467626
56.3999436,,324.4132674064425,13934.0,2.234042553191489
56.599943399999994,,321.99480654312043,34788.0,3.2364864864864864
56.799943199999994,5.489388975929355,16.134408716747856,35105.0,3.1103896103896105
56.999942999999995,4.066619738138814,10.864520693103675,35515.0,3.0705128205128207
57.199942799999995,5.1998098646683815,6.088366988577535,35764.0,2.99375
57.399942599999996,6.060670850224913,4.418552829695585,36014.0,3.096774193548387
57.599942399999996,9.782406892718177,25.023077123349353,35980.0,3.3496503496503496
57.7999422,3.340706839562675,9.536464620312888,35397.0,3.4782608695652173
57.999942,6.584734689239859,15.911796615763913,35204.0,3.172185430463576
58.1999418,4.03107081320792,5.353778255821709,35403.0,3.116883116883117
58.3999416,3.1627404119722318,6.197400893252484,35148.0,3.1103896103896105
58.5999414,3.6317039382545024,1.6002755282036154,35371.0,3.096774193548387
58.7999412,6.992597931856616,9.868775058351,36071.0,2.9207317073170733
58.999941,7.314027777777778,6.307762093978385,36000.0,2.8402366863905324
59.1999408,8.344478188062327,17.817129745227774,35233.0,2.874251497005988
59.399940599999994,7.64027079412343,7.653325469899628,35599.0,2.76878612716763
59.599940399999994,,19.96611588417147,37238.0,2.782857142857143
59.799940199999995,,11.937635188178685,34632.0,2.823529411764706
59.999939999999995,3.383928829323243,1.1616334559824184,34621.0,2.823529411764706
60.199939799999996,3.2355508992491706,4.707264462617771,34362.0,2.823529411764706
60.399939599999996,,346.89570697004956,13653.0,1.3166666666666667
60.5999394,,340.88036673696405,34780.0,2.834319526627219
60.7999392,3.7002798695865433,0.66283219210117,34659.0,2.874251497005988
60.999939,4.773886900501074,5.8013735937766535,34925.0,2.7906976744186047
61.1999388,5.196946652509542,10.205424099284098,34847.0,2.7848837209302326
61.3999386,3.571901903035795,4.9254289126009185,35312.0,2.7848837209302326
61.5999384,4.437799512372838,6.88932990830485,35683.0,2.7745664739884393
61.7999382,3.839927757710475,2.8804292184564426,35990.0,2.737142857142857
61.999938,3.788077628871712,2.7887925761515904,35966.0,2.696629213483146
62.199937799999994,4.461566062211918,9.483584522745451,36231.0,2.721590909090909
62.399937599999994,5.370482825927834,9.899459695389941,36887.0,2.622950819672131
62.599937399999995,,7.749839838730526,39603.0,2.4974358974358974
62.799937199999995,,24.757329255085082,38133.0,2.4512820512820515
62.999936999999996,3.5308729409295982,3.1653799216371454,38124.0,2.4564102564102566
63.199936799999996,5.282536299453843,14.426435725548178,37535.0,2.4870466321243523
63.3999366,5.404122357883681,10.22846191306003,38085.0,2.4564102564102566
63.5999364,6.791569881247553,6.436993245639088,38315.0,2.4947916666666665
63.7999362,8.589542084363112,36.17858699528883,36011.0,2.742857142857143
63.999936,5.25071133301122,13.738018803257068,37254.0,2.737142857142857
64.19993579999999,6.410701713212861,17.421094804608266,38349.0,2.691011235955056
64.39993559999999,10.192120952932001,26.736769550343805,39751.0,2.76878612716763
64.59993539999999,8.896833824026256,36.6872418548054,41438.0,2.76878612716763
64.7999352,3.6711265398616235,2.38780766749545,41481.0,2.7528735632183907
64.999935,6.388528666146646,11.675360595535707,41024.0,2.691011235955056
65.1999348,5.058361685422664,35.47313890606869,38210.0,2.691011235955056
65.3999346,4.421247964115024,17.886166848011495,37453.0,2.691011235955056
65.5999344,4.863808252697142,25.200965535672445,35964.0,2.891566265060241
65.7999342,5.248345881816108,9.416296023572663,35064.0,2.721590909090909
65.999934,6.149699046741353,11.299646831886744,34723.0,2.742857142857143
66.1999338,,344.8942605635055,14394.0,1.2076923076923076
66.3999336,,338.4276558686888,35106.0,2.691011235955056
66.5999334,6.692978221982453,2.0546536881048456,35219.0,2.696629213483146
66.7999332,6.464583151968893,9.299671780050687,34461.0,2.926829268292683
66.999933,4.991433881177769,9.553196343956932,34438.0,2.737142857142857
67.1999328,4.714079547422502,3.3045314002102524,34646.0,2.742857142857143
67.3999326,5.8859467498760605,6.493133780825879,34291.0,2.7586206896551726
67.5999324,5.1669883891785995,5.845242207206712,34709.0,2.7745664739884393
67.7999322,3.232974497726095,2.289599173372752,34742.0,2.7906976744186047
67.999932,3.1547560374568753,2.993224464477947,34493.0,2.807017543859649
68.1999318,3.3327521576148547,0.8795414568374752,34413.0,2.807017543859649
68.3999316,2.8808320260298648,0.4066701596665358,34422.0,2.807017543859649
68.5999314,2.5375677092434037,1.085720411903694,34338.0,2.807017543859649
68.7999312,,358.70256631602155,13716.0,1.2661290322580645
68.99993099999999,,359.48627393898755,34338.0,2.823529411764706
69.19993079999999,2.3741581878079354,0.8000245072269536,34301.0,2.823529411764706
69.39993059999999,2.5171727227476355,2.0560387468152554,34153.0,2.8176470588235296
69.59993039999999,5.576201190510097,15.672884786823245,35111.0,2.7906976744186047
69.79993019999999,7.4932415826984515,22.048901000838296,36621.0,2.7586206896551726
69.99992999999999,11.986633650857822,26.086029688413202,39577.0,2.7062146892655368
70.19992979999999,5.991584713058633,4.957063317746414,40165.0,2.6815642458100557
70.3999296,5.584985872411022,19.332132812173207,38577.0,2.7745664739884393
70.5999294,5.2700901189143075,16.219164816637385,37506.0,2.8128654970760234
70.7999292,4.689527565435834,2.7642050648216445,37021.0,2.7906976744186047
70.999929,3.3066104461371055,4.648130185259286,36760.0,2.7848837209302326
71.1999288,3.955162225748208,3.539703808267318,36554.0,2.807017543859649
71.3999286,6.107555280829423,7.647035673828726,35591.0,2.801169590643275
71.5999284,6.672149122807017,7.098318664791195,35568.0,2.721590909090909
71.7999282,8.494598596183373,6.84270968869383,36472.0,2.737142857142857
71.999928,7.80590318772137,31.725987256000593,33880.0,2.7745664739884393
72.1999278,4.377621969033012,6.6409219812679785,34230.0,2.801169590643275
72.3999276,7.680134773891735,19.05588538231428,35912.0,2.7586206896551726
72.5999274,8.093126448476626,8.609959636099113,35382.0,2.76878612716763
72.7999272,4.380664134997002,2.8814937775412783,35023.0,2.7906976744186047
72.999927,8.654426573233646,14.20241652089228,36247.0,2.742857142857143
73.1999268,5.984818444457033,11.137347320135316,35306.0,2.823529411764706
73.3999266,5.8539525691699605,4.016371361649588,35420.0,2.807017543859649
73.5999264,6.1238484269077,9.72711819233072,34518.0,2.823529411764706
73.7999262,6.630215702694118,2.757578837039534,34631.0,2.76878612716763
73.999926,5.176399620831298,3.9392313588529593,34813.0,2.7745664739884393
74.1999258,6.443257908104364,4.795029983531632,34648.0,2.7803468208092488
74.3999256,5.1675373134328355,2.398250687658299,34840.0,2.7906976744186047
74.59992539999999,6.135623268698061,17.83515630315363,36100.0,2.742857142857143
74.79992519999999,6.612578544823861,17.854778909157165,35171.0,2.6759776536312847
74.99992499999999,5.371935996368588,4.630283168819328,35248.0,2.7062146892655368
75.19992479999999,6.668679266477576,2.9712392960677456,35609.0,2.696629213483146
75.39992459999999,6.3206992038767735,15.477627523433567,34668.0,2.7528735632183907
75.59992439999999,5.841752562682795,9.864955480757066,35217.0,2.696629213483146
75.79992419999999,3.8629967126131843,8.951028552503828,34678.0,2.7586206896551726
75.999924,7.4782109770774445,13.700766122277221,35729.0,2.7485714285714287
76.1999238,7.114802771101371,9.788677650216794,35365.0,2.691011235955056
76.3999236,6.211751373027635,10.497137246247451,34413.0,2.76878612716763
76.5999234,11.09445908856219,39.75975925510284,36799.0,2.807017543859649
76.7999232,4.981551700954686,2.8222886341466844,37185.0,2.807017543859649
76.999923,8.168261274306992,9.814640780007826,38672.0,2.857142857142857
77.1999228,4.313638564039848,6.24034021192696,39249.0,2.823529411764706
77.3999226,,26.631027394861857,40413.0,2.864705882352941
77.5999224,4.26585925672706,11.962460656138049,40954.0,2.8255813953488373
77.7999222,5.378928675683565,7.033441105669922,41108.0,2.7670454545454546
77.999922,,341.41683295530845,17698.0,1.512
78.1999218,,381.8115588419292,39679.0,2.853801169590643
78.3999216,4.73470217523887,5.339463788197767,39352.0,2.8372093023255816
78.5999214,,339.24770694627847,15182.0,1.4166666666666667
78.7999212,,343.6646121842536,37898.0,2.8372093023255816
78.999921,,398.4161776509595,16730.0,1.3790322580645162
79.1999208,,314.85040269011404,42386.0,2.777142857142857
79.3999206,,55.08056398345581,37571.0,3.0
79.5999204,,50.74598575746909,42590.0,2.9515151515151516
79.7999202,6.78339163423166,39.18364470915725,40594.0,3.056603773584906
79.99992,,41.477102284221864,36316.0,3.151315789473684
80.19991979999999,3.43359375,7.294495001815369,36352.0,3.2
80.39991959999999,3.105722436650445,8.287690238564243,35754.0,3.1788079470198674
80.59991939999999,2.954832907051913,3.4155631002608877,35579.0,3.1788079470198674
80.79991919999999,2.9707219851785314,4.176011276504271,35624.0,3.1788079470198674
80.99991899999999,2.930885407893998,1.8140305039546512,35622.0,3.172185430463576
81.19991879999999,,10.669458399948049,37983.0,3.121794871794872
81.39991859999999,3.4003823390771486,5.184612388015615,38186.0,3.141935483870968
81.59991839999999,,16.258460748157415,36017.0,3.1933333333333334
81.7999182,3.854104601125455,1.0583769833056411,36252.0,3.214765100671141
81.999918,,80.33479380757244,41837.0,3.155844155844156
82.1999178,3.6635743717018867,3.4588474196452035,41501.0,3.2039473684210527
82.3999176,,308.24921399002085,16228.0,2.264705882352941
82.5999174,,316.95108493093244,41227.0,3.24
82.7999172,,13.95468009959385,39038.0,3.3496503496503496
82.999917,3.7082916826861463,5.187372100984613,39015.0,3.287671232876712
83.1999168,3.1652380830540134,4.5182789074325775,39083.0,3.280821917808219
83.3999166,3.454637633400086,5.339919014111314,39449.0,3.258503401360544
83.5999164,,324.87916837229704,16708.0,2.443298969072165
83.7999162,,318.55616063990425,39446.0,3.3333333333333335
83.999916,3.371312386340675,2.4501897400864516,39592.0,3.310344827586207
84.1999158,5.2879585106115155,9.41849768906173,39721.0,3.303448275862069
84.3999156,7.081913483552235,31.467056147659488,41495.0,3.1103896103896105
84.5999154,,27.040536004766004,47017.0,2.7988505747126435
84.7999152,,114.20542350733243,40091.0,3.2364864864864864
84.999915,,262.5847656026018,17210.0,2.323232323232323
85.1999148,,281.2853343375987,38647.0,3.287671232876712
85.3999146,2.7967706440799405,6.050755151041287,39079.0,3.258503401360544
85.59991439999999,3.2998369343660823,7.21771406725665,39248.0,3.258503401360544
85.79991419999999,3.3024719441916894,7.93280510912964,39564.0,3.258503401360544
85.99991399999999,2.821195456647993,10.434821856477996,38914.0,3.310344827586207
86.19991379999999,2.5918509895227007,5.307611227589977,38655.0,3.280821917808219
86.39991359999999,4.440316950750337,19.522609155827805,39249.0,3.3566433566433567
86.59991339999999,3.0029804727646456,9.961171650150325,38920.0,3.3496503496503496
86.79991319999999,,275.9410286945583,16889.0,2.463157894736842
86.99991299999999,,283.6988750634182,38236.0,3.404255319148936
87.19991279999999,2.632268827454719,6.755560132412127,37764.0,3.4532374100719423
87.3999126,,275.8385296057317,15854.0,2.3846153846153846
87.5999124,,291.69891891837585,36834.0,3.4782608695652173
87.7999122,3.2784112504751044,8.552969409490146,36834.0,3.446043165467626
87.999912,,275.58766161388513,15197.0,2.1808510638297873
88.1999118,4.355292526208996,17.104823918369533,14785.0,2.0416666666666665
88.3999116,,337.10458841747067,34313.0,3.397163120567376
88.5999114,5.888131364414401,19.587596444441612,34469.0,3.280821917808219
88.7999112,4.387102301936368,6.5008254580465215,35014.0,3.221476510067114
88.999911,5.034189712234252,12.461164589171668,35654.0,2.9447852760736195
89.1999108,8.604131310988544,31.067394117549778,37712.0,2.4489795918367347
89.3999106,6.948710175283872,44.25739024244617,36284.0,3.172185430463576
89.5999104,7.660827941717953,19.372005987660213,38022.0,3.116883116883117
89.7999102,6.550908104477227,21.892843897996432,38707.0,2.962962962962963
89.99991,4.98212775246255,28.100789796121305,36649.0,3.1933333333333334
90.1999098,3.3032951522718634,3.169427610857389,36842.0,3.221476510067114
90.3999096,3.7109100185279664,6.6742835926082,37241.0,3.1372549019607843
90.5999094,3.2162357119076685,12.96527843392069,36044.0,3.2653061224489797
90.7999092,2.5510221273727955,4.503282473969048,35612.0,3.280821917808219
90.999909,5.7919215968550155,17.848468699557326,36121.0,3.130718954248366
91.19990879999999,4.189117621935594,9.875069871680017,35121.0,3.151315789473684
91.39990859999999,,239.24609545010807,15133.0,1.8
91.59990839999999,,194.3937954413674,41440.0,2.938650306748466
91.79990819999999,7.742446896267271,33.28914414935082,38792.0,3.2432432432432434
91.99990799999999,14.956388657622803,75.20764407856767,40838.0,2.9207317073170733
92.19990779999999,7.442504800618469,47.677632315402505,40099.0,3.0903225806451613
92.39990759999999,11.10834469931804,85.1124168123393,40325.0,3.172185430463576
92.59990739999999,7.943182911575098,16.07132481911613,41572.0,3.326388888888889
92.79990719999999,6.065416153624479,78.19831733527444,38171.0,3.116883116883117
92.999907,6.960157170923379,31.924848952243547,38175.0,3.076923076923077
93.1999068,8.028696070932835,21.403690433002513,35301.0,3.1788079470198674
93.3999066,6.538266262801097,7.156211353369922,34665.0,3.2945205479452055
93.5999064,,448.8343847090025,12908.0,1.8979591836734695
93.7999062,,425.1478794767001,38175.0,3.2
93.999906,20.723423570214845,52.371539275595296,42961.0,2.8682634730538923
94.1999058,7.435593426658551,36.836347043946375,41075.0,3.1103896103896105
94.3999056,5.401868709917613,17.32173859943166,41633.0,3.018867924528302
94.5999054,4.135206038856577,21.924445699918238,40405.0,2.95679012345679
94.7999052,5.365728464738366,14.10531120329004,41107.0,2.926829268292683
94.999905,,311.52516840060736,18719.0,1.9017857142857142
95.1999048,,320.5981449129195,40169.0,2.962962962962963
95.3999046,3.384076904116342,8.919149422833943,40570.0,2.981366459627329
95.5999044,2.971604507379338,7.05132974088195,40112.0,2.962962962962963
95.7999042,3.096396934408281,2.369974099105831,40188.0,2.9447852760736195
95.999904,3.046051317891374,3.8726346631635873,40064.0,3.0
96.1999038,3.1057030236503342,7.248418600141818,40084.0,2.938650306748466
96.3999036,3.340199219141055,9.60096145870002,39956.0,3.00625
96.59990339999999,3.1130028250706268,7.283166829869071,39999.0,2.9751552795031055
96.79990319999999,3.257674255164278,9.747707189229999,39841.0,2.9751552795031055
96.99990299999999,,312.6522551891057,18277.0,1.8275862068965518
97.19990279999999,,313.41973723800015,39633.0,2.95679012345679
97.39990259999999,3.138463092502336,2.8229750634683843,39599.0,2.99375
97.59990239999999,3.6278643912612223,9.939843810061024,39319.0,2.99375
97.79990219999999,3.3851838546611583,7.612717105172659,38971.0,3.018867924528302
97.99990199999999,2.4460669229380048,2.45200700900682,38761.0,3.0573248407643314
98.19990179999999,2.7200154261473197,3.3974174883013126,38895.0,3.037974683544304
98.39990159999999,3.0358940125295266,7.740623144917097,38948.0,2.99375
98.5999014,2.7332010206974764,1.9861336149136253,38797.0,3.0125786163522013
98.7999012,3.2901003483595903,8.704175680239555,38466.0,3.0705128205128207
98.999901,3.7351925226048968,12.010621289922947,39372.0,3.0125786163522013
99.1999008,2.7481587561374794,3.325558718006159,39104.0,3.018867924528302
99.3999006,10.49530324196734,54.207630560763626,41518.0,3.1788079470198674
99.5999004,8.073260757837687,43.73328168607131,42806.0,3.037974683544304
99.7999002,3.387939626940054,9.619423109392143,42138.0,3.1103896103896105
99.9999,3.9303898075873684,6.861253501039975,42149.0,3.1933333333333334
100.1998998,4.284527982309629,11.39489284213927,42509.0,3.1578947368421053
100.3998996,2.9768365478370473,4.863832841331224,42049.0,3.1788079470198674
100.5998994,3.004534447557096,1.261490694954542,42122.0,3.221476510067114
100.7998992,2.6409944408656028,4.931968609121442,41913.0,3.2364864864864864
100.999899,2.456244160697602,2.4399916313825885,41743.0,3.258503401360544
101.1998988,3.8493258000189914,7.227225247068772,42124.0,3.221476510067114
101.3998986,3.3605861117009983,3.7329198955925915,42381.0,3.2364864864864864
101.5998984,,342.53642655686514,19731.0,2.5544554455445545
101.7998982,,342.6358616658344,42138.0,3.280821917808219
101.999898,2.398034981132971,0.172962195072773,42137.0,3.280821917808219
102.19989779999999,2.374563425122954,0.25662700452490417,42089.0,3.287671232876712
102.39989759999999,2.385301462718516,1.2301714037658866,42045.0,3.287671232876712
102.59989739999999,2.416000570939195,0.9329250156772387,42036.0,3.287671232876712
102.79989719999999,2.762909904335824,3.737450828464155,42022.0,3.2653061224489797
102.99989699999999,3.937428298279159,12.458241507002693,41840.0,3.1788079470198674
103.19989679999999,5.7260184884099035,22.44640918945228,43054.0,3.018867924528302
103.39989659999999,4.33195871257412,26.110496717190042,40981.0,3.1372549019607843
103.59989639999999,5.379723457510146,22.054509556976488,41151.0,2.9751552795031055
103.79989619999999,3.8886695425410056,3.183443463846313,41031.0,3.0705128205128207
103.99989599999999,3.316779495890685,15.78365813686995,40031.0,3.076923076923077
104.1998958,3.0618303401808555,7.92779335260923,39479.0,3.050955414012739
104.3998956,3.610183361890392,10.087287222692314,39103.0,3.0573248407643314
104.5998954,3.5026924457664497,6.480404624926016,38998.0,3.1372549019607843
104.7998952,5.254703692524399,26.896376211355136,39756.0,3.172185430463576
104.999895,6.036367200901828,32.20041393729214,40806.0,3.1578947368421053
105.1998948,4.337112379062267,22.774930785797906,40310.0,3.116883116883117
105.3998946,2.717910447761194,3.485828829581111,40200.0,3.116883116883117
105.5998944,3.6949052278721255,16.188614310042997,40571.0,3.116883116883117
105.7998942,3.434263833992095,10.804728288594768,40480.0,3.1372549019607843
105.999894,4.9147269905925715,1.7989666860055944,41244.0,3.116883116883117
106.1998938,4.558595970831789,12.426477377824664,40455.0,3.116883116883117
106.3998936,3.6254347881280626,24.593069961918122,39387.0,3.116883116883117
106.5998934,3.929998486453761,8.10497432767393,39642.0,3.050955414012739
106.7998932,,404.6935783867397,17291.0,1.8037383177570094
106.999893,,436.98862795088223,39026.0,3.096774193548387
107.1998928,8.689018633540373,21.18528250488825,40250.0,2.7528735632183907
107.3998926,4.914643457016338,20.03525919561893,39294.0,3.0125786163522013
107.5998924,,57.3108040062447,39998.0,3.176470588235294
107.79989219999999,,387.71407566712037,16280.0,1.8476190476190477
107.99989199999999,,332.35091321502694,40071.0,2.6666666666666665
108.19989179999999,5.696267421370214,52.61969671537665,37454.0,2.962962962962963
108.39989159999999,,355.6817562034167,15977.0,1.81651376146789
108.59989139999999,,377.0127116336706,36978.0,3.116883116883117
108.79989119999999,4.57171939477304,21.29450352987094,36350.0,3.0125786163522013
108.99989099999999,15.021687231422613,69.11660462845234,39793.0,2.6759776536312847
109.19989079999999,8.891373105027812,75.76396691419124,36676.0,3.0
109.39989059999999,3.123055873565465,13.699839000304639,35813.0,3.1578947368421053
109.59989039999999,3.305694305694306,2.332188471390957,36036.0,3.1578947368421053
109.7998902,2.515425026546694,3.9702950612234322,35786.0,3.172185430463576
109.99989,2.727290508256727,6.061312554318409,35789.0,3.1578947368421053
110.1998898,3.526299879081016,4.476727284991636,36388.0,3.1103896103896105
110.3998896,,399.20232518099374,14937.0,1.8932038834951457
110.5998894,,352.6600458202809,36833.0,3.1788079470198674
110.7998892,3.040237046883221,21.7353749475688,36111.0,3.1788079470198674
110.999889,3.893467194570136,22.625593204091533,35360.0,3.1788079470198674
111.1998888,3.0776332826662163,0.4204979096277318,35526.0,3.151315789473684
111.3998886,2.457743506036642,1.3110643724928095,35533.0,3.1578947368421053
111.5998884,2.817215133199015,4.707032669457798,35736.0,3.2
111.7998882,3.4425918697373556,11.486909892052168,35866.0,3.1933333333333334
111.999888,2.5544091114118177,5.132488874003345,35472.0,3.1933333333333334
112.1998878,2.5370610816303487,3.3594739038351396,35428.0,3.2066666666666666
112.3998876,3.0166016994307188,3.6548971399218866,35659.0,3.2
112.5998874,4.086151595295706,4.34176086029973,35542.0,3.214765100671141
112.7998872,4.453187106507674,27.25424002705409,34467.0,3.3496503496503496
112.999887,2.6194110594496594,8.800295885224077,34197.0,3.3566433566433567
113.19988679999999,3.8890359779954697,12.689343415698046,33993.0,3.446043165467626
113.39988659999999,,367.48019718051864,12991.0,1.7628865979381443
113.59988639999999,,367.57678507069147,33247.0,3.380281690140845
113.79988619999999,2.610958573454425,2.413937739190541,33143.0,3.3566433566433567
113.99988599999999,2.766416193835301,6.483505746705833,32605.0,3.397163120567376
114.19988579999999,,380.98517419669935,11617.0,1.8085106382978724
114.39988559999999,,346.8752286519074,35649.0,3.116883116883117
114.59988539999999,5.426481007139354,22.555760142060397,36698.0,3.2
114.79988519999999,4.798820928518792,19.903903094243724,36639.0,3.3566433566433567
114.99988499999999,5.040460578922118,22.33467068300765,37518.0,3.2364864864864864
115.19988479999999,7.047921448610048,37.9156952110258,39210.0,3.1578947368421053
115.3998846,5.740519602279736,24.006793350859947,40531.0,3.050955414012739
115.5998844,9.358254137614452,40.76556725493338,40301.0,3.1933333333333334
115.7998842,6.071193374575933,24.157214655925454,40088.0,3.172185430463576
115.999884,4.773835920177383,18.097443562300803,39237.0,3.2653061224489797
116.1998838,9.930601581964636,66.34356940192913,41341.0,3.1788079470198674
116.3998836,4.237209076332539,13.749173909709999,41162.0,3.2432432432432434
116.5998834,,12.124625979571935,43918.0,3.189542483660131
116.7998832,,52.71478346236384,44047.0,3.1298701298701297
116.999883,6.430927364093193,13.088178834061388,43780.0,3.1710526315789473
117.1998828,,1172.5506484046189,6321.0,4.756756756756757
117.3998826,,1069.6441966128175,46626.0,2.259433962264151
117.5998824,,368.07920459064167,22057.0,1.1402439024390243
117.7998822,,414.0047087683463,40782.0,2.2641509433962264
117.999882,4.136435036277956,3.871399432692458,40107.0,2.259433962264151
118.1998818,21.188937879250883,24.545296905354956,45814.0,2.2641509433962264
118.3998816,,257.58709540240443,19191.0,2.4757281553398056
118.5998814,,331.9019850842945,40397.0,3.2653061224489797
118.79988119999999,3.3151628603519283,2.683458387377051,40065.0,3.310344827586207
118.99988099999999,2.494468915807388,1.0514562680868873,39956.0,3.3333333333333335
119.19988079999999,2.446700762133975,2.2387942637146208,39888.0,3.326388888888889
119.39988059999999,7.07437053925456,12.962495791135648,40352.0,3.151315789473684
119.59988039999999,3.9942096735637067,49.47145652404937,37649.0,3.1578947368421053
119.79988019999999,3.152694039012413,15.599524910226455,36655.0,3.2432432432432434
119.99987999999999,2.698905109489051,3.5325700663690798,36716.0,3.2364864864864864
120.19987979999999,2.5737880915021885,5.9403104784702165,36327.0,3.2653061224489797
120.39987959999999,2.4615681092390704,1.1899772112051512,36324.0,3.258503401360544
120.59987939999999,2.497433081674674,1.7953818692559491,36425.0,3.2653061224489797
120.79987919999999,2.4941280499599325,3.096217988885065,36189.0,3.280821917808219
120.99987899999999,10.04201131363922,54.84418405668617,39775.0,3.096774193548387
121.1998788,4.4771217154938086,3.2517474712466212,39732.0,3.130718954248366
121.3998786,6.69006968223941,25.918051318613344,41761.0,2.962962962962963
121.5998784,9.927665206279665,23.86383744777979,43824.0,2.807017543859649
121.7998782,,280.63774829805243,22875.0,1.6074074074074074
121.999878,,266.56743280189755,45041.0,2.661111111111111
122.1998778,4.1801957272052075,13.106635836122443,45778.0,2.6174863387978142
122.3998776,3.1697074756229684,4.590118635776481,46150.0,2.6174863387978142
122.5998774,3.690317470794007,2.433238357144964,45453.0,2.6373626373626373
122.7998772,3.3165760268824336,7.144550213694945,45234.0,2.6519337016574585
122.999877,2.886876716611214,8.924792927985525,44783.0,2.631868131868132
123.1998768,3.3018961513313645,6.828009460823034,44353.0,2.661111111111111
123.3998766,4.158463067240808,12.245353194233168,45285.0,2.631868131868132
123.5998764,3.186612576064909,5.252404439586515,44863.0,2.6666666666666665
123.7998762,3.254169476286806,7.377162451038918,44490.0,2.691011235955056
123.999876,3.0575067453240043,8.265090953226427,43734.0,2.7528735632183907
124.19987579999999,2.495573800568755,4.181247736129326,43604.0,2.7528735632183907
124.39987559999999,2.7930160649106086,8.990052277069944,43013.0,2.7528735632183907
124.59987539999999,3.859348992047346,11.863235907682332,43256.0,2.696629213483146
124.79987519999999,3.704218070731994,10.450679640543559,42555.0,2.7745664739884393
124.99987499999999,2.918322762508809,2.8945827768786003,42570.0,2.7528735632183907
125.19987479999999,3.1121104371470403,8.285889081102148,43029.0,2.742857142857143
125.39987459999999,4.5134966200574125,11.740727444086167,43196.0,2.721590909090909
125.59987439999999,7.019056825243389,29.611082871872085,43449.0,2.631868131868132
125.79987419999999,4.992175273865414,20.583822939754523,44091.0,2.661111111111111
125.99987399999999,3.6314468915528297,21.36446961234946,43044.0,2.6464088397790055
126.19987379999999,5.165784315934128,11.937342444715888,44389.0,2.6174863387978142
126.39987359999999,3.7466806828309607,9.326527701735028,43759.0,2.5891891891891894
126.59987339999999,5.387711381557956,16.527647726548746,43878.0,2.661111111111111
126.7998732,6.153412168261419,21.590577035238248,44312.0,2.5945945945945947
126.999873,4.821009482195545,17.34677181279877,44399.0,2.6373626373626373
127.1998728,5.1077288182004885,29.209455824008344,43823.0,2.575268817204301
127.3998726,5.844131811290467,26.65064013155338,44852.0,2.622950819672131
127.5998724,2.9674942237122277,7.208111646441983,44146.0,2.622950819672131
127.7998722,4.337826359084406,12.143480394948396,44736.0,2.575268817204301
127.999872,4.26772281741509,12.484505425802155,43870.0,2.6174863387978142
128.19987179999998,2.917523171515096,4.4546009155020325,43588.0,2.6519337016574585
128.39987159999998,5.983964654959744,19.20220142323669,44589.0,2.575268817204301
128.59987139999998,4.860858585858586,16.88075003008464,43560.0,2.6464088397790055
128.79987119999998,3.9492656567522633,13.173631960848402,43304.0,2.6174863387978142
128.99987099999998,6.148757170172084,31.342890621557228,44455.0,2.661111111111111
129.19987079999999,3.1009312174130828,8.208648383414166,43921.0,2.661111111111111
129.39987059999999,3.1761883205070167,6.565320291481774,44180.0,2.6815642458100557
129.5998704,3.502893166722954,5.984330095005424,44415.0,2.6519337016574585
129.7998702,,284.25021486781066,22157.0,1.7099236641221374
129.99987,,287.9391455271931,43563.0,2.6759776536312847
130.1998698,2.4087543008180097,2.105825610616832,43887.0,2.6759776536312847
130.3998696,2.7752988601612456,9.458377746895389,43164.0,2.7062146892655368
130.5998694,2.9670999654894743,8.279887551136504,43465.0,2.7062146892655368
130.7998692,2.6218673558868324,3.156904082601774,43334.0,2.721590909090909
130.999869,2.7791136422226907,10.063910320322117,42669.0,2.737142857142857
131.1998688,2.39897523080919,2.8707246224382326,42351.0,2.76878612716763
131.3998686,2.6121472190130386,2.042052159416701,42413.0,2.7745664739884393
131.5998684,2.332536677709418,2.7746678308628105,42260.0,2.7848837209302326
131.7998682,2.3852127102091374,3.545528682019989,41982.0,2.7906976744186047
131.999868,4.312157210539827,12.923367436678925,42847.0,2.7528735632183907
132.1998678,6.117514312183766,39.24687068858365,42097.0,2.661111111111111
132.3998676,5.957048831791554,23.431668117866774,44213.0,2.6263736263736264
132.5998674,3.3352134635667445,7.8572048019967875,43614.0,2.6666666666666665
132.7998672,4.685537910776574,17.389919609966714,43576.0,2.608695652173913
132.999867,5.943324340953192,21.38252531596177,42258.0,2.721590909090909
133.1998668,3.590055463656709,14.366472541647854,41108.0,2.737142857142857
133.3998666,5.150202082057563,23.31247317266504,40825.0,2.661111111111111
133.5998664,6.127439509524033,33.13335784699987,42734.0,2.6759776536312847
133.7998662,3.9088706582229897,8.134442597558202,41688.0,2.721590909090909
133.999866,5.027070994636639,35.831326385187765,39341.0,2.8176470588235296
134.1998658,10.197255330262596,46.110231981240844,42118.0,2.6464088397790055
134.3998656,6.055598680380361,11.90442051230731,41224.0,2.711864406779661
134.5998654,4.225554138287888,4.517115627486601,41551.0,2.727272727272727
134.7998652,3.3933004591055944,7.583869654282831,41167.0,2.721590909090909
134.999865,4.416390889624294,5.827510985035447,41096.0,2.711864406779661
135.1998648,6.830739619275638,25.626037405700345,42603.0,2.7062146892655368
135.3998646,3.830159975278709,11.75757035612279,42069.0,2.691011235955056
135.5998644,3.4393083128049073,12.34885110460481,41406.0,2.737142857142857
135.7998642,5.704482567791921,4.764157078385644,41561.0,2.696629213483146
135.999864,3.4365717669117286,16.070072981802454,40534.0,2.691011235955056
136.1998638,3.1291164409096557,6.971125513125733,40235.0,2.727272727272727
136.3998636,2.4587515605493135,3.497202679019419,40050.0,2.737142857142857
136.5998634,3.1385642737896493,7.389990285014133,40133.0,2.7528735632183907
136.7998632,8.546958513616696,36.51319693279772,43219.0,2.742857142857143
136.999863,3.9481779850658376,8.568664892202488,42453.0,2.76878612716763
137.1998628,2.694762119879217,3.8556336149425183,42059.0,2.7848837209302326
137.3998626,2.6110175202156336,4.852243216397284,41552.0,2.801169590643275
137.5998624,2.3345882807220772,1.3827854482351278,41436.0,2.801169590643275
137.7998622,2.3921236194535944,1.6756432100936873,41288.0,2.801169590643275
137.99986199999998,2.461510582777617,2.1855018127863497,41388.0,2.807017543859649
138.19986179999998,2.453973268529769,2.5341329135417614,41150.0,2.823529411764706
138.39986159999998,2.316794078979403,1.5149320939634299,41074.0,2.823529411764706
138.59986139999998,2.345159952172958,1.774039613311763,40981.0,2.8402366863905324
138.79986119999998,2.3750395559991238,0.8515696874755369,41081.0,2.8402366863905324
138.99986099999998,2.9171083520898375,4.525215063553596,41319.0,2.834319526627219
139.19986079999998,2.772959745503487,3.8571065354954874,40865.0,2.874251497005988
139.39986059999998,2.9935902069929394,5.969008373124074,41499.0,2.8511904761904763
139.59986039999998,,296.33467899688475,21341.0,1.9593495934959348
139.79986019999998,,297.1296272642298,41465.0,2.874251497005988
139.99985999999998,5.632434189145271,39.15389107771468,40001.0,2.76878612716763
140.19985979999998,3.7477871680752113,4.2843541942304,39994.0,2.691011235955056
140.39985959999998,6.570981185709812,17.320551254315415,41511.0,2.6666666666666665
140.59985939999999,4.219786490406334,12.111711944291898,42059.0,2.661111111111111
140.7998592,4.002311041915003,24.223686831854337,41107.0,2.696629213483146
140.999859,5.0866523776997905,22.527550481174238,42457.0,2.6464088397790055
141.1998588,3.9146637265711135,21.92193847601674,40815.0,2.691011235955056
141.3998586,6.25068934415668,16.50707190106125,38805.0,2.76878612716763
141.5998584,3.515461741424802,6.046690902060634,37900.0,2.807017543859649
141.7998582,7.101445183150653,18.10752489803222,38957.0,2.834319526627219
141.999858,5.933779517615861,5.9628033003743965,39595.0,2.8682634730538923
142.1998578,4.307205146892513,1.7885376646983886,39791.0,2.8855421686746987
142.3998576,,281.3612590248976,18673.0,1.639344262295082
142.5998574,,293.0677796275658,37545.0,3.018867924528302
142.7998572,8.570427893066086,15.563086437066126,38117.0,2.962962962962963
142.999857,7.072434234901816,14.37811930634195,37786.0,2.99375
143.1998568,6.37076943592479,8.399290128646992,37495.0,3.018867924528302
143.3998566,4.033230068578389,5.31378008648728,37767.0,3.018867924528302
143.5998564,3.8553828960672663,2.750908041630901,37582.0,2.981366459627329
143.7998562,3.4806724488703287,3.4624420446485744,37356.0,3.050955414012739
143.999856,2.895888576402839,4.830466890408945,37335.0,3.076923076923077
144.1998558,3.697391116860716,1.9792605404064314,37104.0,3.096774193548387
144.3998556,3.229661705006766,2.0028542737079857,36950.0,3.1372549019607843
144.5998554,2.873558215451578,4.0621392115883195,36760.0,3.172185430463576
144.7998552,4.360647980627383,5.329043182497377,35927.0,3.172185430463576
144.999855,5.06118509940166,1.9011397453423422,36267.0,3.221476510067114
145.1998548,6.510422191577384,16.400594105191583,37708.0,3.050955414012739
145.3998546,3.5489403272638462,11.548943714086253,36851.0,3.151315789473684
145.5998544,4.117954321349572,8.357560796812516,37523.0,3.0573248407643314
145.7998542,3.228244046810937,7.743739470067899,36829.0,3.116883116883117
145.999854,2.8635361371988566,1.1343195128462358,36735.0,3.130718954248366
146.1998538,4.2159550500800735,4.171555471278088,36841.0,3.1103896103896105
146.3998536,2.882341645406414,5.572962898150724,36453.0,3.1372549019607843
146.5998534,3.351076063742402,0.9129431320815868,36522.0,3.1788079470198674
146.7998532,7.781959430297799,22.249451991458958,34755.0,3.2432432432432434
146.999853,8.525002204779963,21.428204445079963,34017.0,3.076923076923077
147.1998528,5.605475134251693,6.741071856678478,34264.0,3.037974683544304
147.3998526,6.202059389767225,15.305530294906202,34282.0,3.0
147.5998524,7.569340923763131,23.49263928209985,34078.0,3.1578947368421053
147.7998522,4.818667205402753,9.1134215662142,34649.0,2.981366459627329
147.999852,5.254226780883679,12.750065794684263,35488.0,2.938650306748466
148.1998518,3.943438850139779,1.77630906455099,35413.0,2.8855421686746987
148.3998516,4.8811681478016835,13.436452707206227,34208.0,2.99375
148.5998514,5.401236942562069,7.188137863785398,33793.0,3.1788079470198674
148.7998512,10.908017663492444,35.979920294397566,33289.0,3.037974683544304
148.999851,5.971156359833851,18.01358862050648,34427.0,2.8128654970760234
149.19985079999998,5.799690825851715,16.164231169706113,33638.0,2.926829268292683
149.39985059999998,4.927579963789982,8.130095442330738,33140.0,3.076923076923077
149.59985039999998,8.666867469879518,15.445532438590682,33200.0,3.050955414012739
149.79985019999998,5.962032231630702,5.874495384173108,32949.0,3.0573248407643314
149.99984999999998,5.985153958944282,2.4092393928084803,32736.0,3.1233766233766236
150.19984979999998,3.7479969064191803,4.848729868272279,32325.0,3.096774193548387
150.39984959999998,2.739376418290901,3.3429938737558302,32169.0,3.0573248407643314
150.59984939999998,2.7156272423798082,1.9422568101824986,32053.0,3.096774193548387
150.79984919999998,6.103512239622928,11.963684597639917,32885.0,3.0125786163522013
150.99984899999998,5.696453078776419,2.3609739393419584,32789.0,2.938650306748466
151.19984879999998,8.265793251974156,11.212669327368525,33432.0,3.037974683544304
151.39984859999998,6.539384020235084,5.326943182493868,33605.0,3.2
151.59984839999998,9.526023229279424,29.878775245719694,34181.0,3.096774193548387
151.79984819999999,6.651646020963329,22.60473281825423,32533.0,3.2
151.999848,6.499613302397525,12.039787080403077,33618.0,3.096774193548387
152.1998478,6.650951074669159,14.61330832412945,33173.0,3.0125786163522013
152.3998476,7.234332507403154,17.211632980703676,33094.0,3.1788079470198674
152.5998474,6.633929658026044,6.022486181766873,32868.0,3.0903225806451613
152.7998472,10.307933922754769,27.367043984387074,34384.0,3.116883116883117
152.999847,,207.1490008851183,16569.0,3.142857142857143
153.1998468,,192.4487093569092,35547.0,3.0125786163522013
153.3998466,5.210564040359486,10.650402634793464,36274.0,2.9146341463414633
153.5998464,6.565646141497535,34.60886386512252,34884.0,3.037974683544304
153.7998462,10.033701336432307,43.923399371212504,34420.0,3.1933333333333334
153.999846,6.435678288290943,13.902911110635397,33931.0,3.2364864864864864
154.1998458,7.3051152737752165,21.76089231635024,33312.0,3.1372549019607843
154.3998456,5.23676863498544,13.33964601063378,33311.0,3.2
154.5998454,4.3754398628530184,8.454579915496582,33249.0,3.2364864864864864
154.7998452,6.768917205145239,12.933555870491066,33118.0,3.258503401360544
154.999845,5.689049934256796,6.410112717448606,32703.0,3.280821917808219
155.1998448,5.413622233849374,10.273192382397927,32491.0,3.326388888888889
155.3998446,11.801634538509372,35.512090558691845,33771.0,3.3566433566433567
155.5998444,10.811273333145069,39.43521831876347,35411.0,3.280821917808219
155.7998442,3.384812667261374,9.548393963816455,35872.0,3.258503401360544
155.999844,3.1794092215000975,2.6435078105707475,35851.0,3.303448275862069
156.1998438,2.4789312552184803,0.8858129049456606,35930.0,3.3333333333333335
156.3998436,,178.45083362428161,16348.0,3.9285714285714284
156.5998434,,182.05517369020833,35633.0,3.326388888888889
156.7998432,2.467698291899205,1.8725688365815616,35478.0,3.326388888888889
156.999843,2.265043262591246,0.3312659133500736,35481.0,3.326388888888889
157.1998428,2.315758293838863,0.5766892379184739,35448.0,3.3496503496503496
157.3998426,2.3122224422255537,1.7861467346534532,35353.0,3.3333333333333335
157.5998424,2.288469151162133,0.31912697914076965,35366.0,3.3333333333333335
157.7998422,2.297112548218743,1.512246147457708,35256.0,3.3496503496503496
157.999842,2.2750042596694495,0.8466614422684483,35214.0,3.3566433566433567
158.1998418,2.35678391959799,0.6332942733026969,35223.0,3.3496503496503496
158.3998416,2.3546382978723406,0.6867876296305517,35250.0,3.3333333333333335
158.5998414,2.4192816849505343,0.4399283599772897,35277.0,3.3566433566433567
158.7998412,6.968423175545247,27.17220368310063,34709.0,3.116883116883117
158.999841,3.7988029867224498,3.849472691365578,34419.0,3.1788079470198674
159.1998408,8.277888730385165,20.807443415376333,35050.0,2.99375
159.3998406,6.3989776394322755,19.362247675011467,35017.0,2.909090909090909
159.5998404,6.478205425457918,12.27228637850721,34504.0,3.076923076923077
159.7998402,5.816041872966474,7.319900859135594,35345.0,3.0573248407643314
159.99984,5.602621583802153,10.842107929004412,35017.0,3.0903225806451613
160.19983979999998,5.376026036116471,3.7276566941355345,34721.0,3.1933333333333334
160.39983959999998,5.844740323229999,15.189012118280948,34774.0,3.1103896103896105
160.59983939999998,3.2026010973379395,3.5962661188571583,34447.0,3.0903225806451613
160.79983919999998,4.152462093862816,3.4155729500125185,34625.0,3.1578947368421053
160.99983899999998,12.66042045016785,61.9608469185115,36342.0,3.2
161.19983879999998,3.739030605101784,13.346600980746805,35713.0,3.214765100671141
161.39983859999998,4.973720229947988,11.424807835985526,36530.0,3.116883116883117
161.59983839999998,3.4419280069256333,10.006538681032993,35809.0,3.0903225806451613
161.79983819999998,3.4991712865062583,7.762002103048264,34994.0,3.103896103896104
161.99983799999998,2.7138627806041793,3.2597546307429814,34791.0,3.130718954248366
162.19983779999998,3.414809736030168,7.049008569432038,35004.0,3.116883116883117
162.39983759999998,2.878464203233256,5.56095488995066,34640.0,3.172185430463576
162.59983739999998,2.7543889944166233,3.694761440102562,34746.0,3.2
162.79983719999998,2.3512038801316475,0.9046542262953078,34638.0,3.214765100671141
162.99983699999999,2.690243622155826,3.456480179873259,34808.0,3.1933333333333334
163.19983679999999,2.320695511990097,1.2039989158268358,34737.0,3.221476510067114
163.3998366,2.3779136856681284,1.000823411917063,34664.0,3.2364864864864864
163.5998364,2.3274313278068224,0.5979282040281116,34621.0,3.2364864864864864
163.7998362,2.468456453670416,3.4713968866673124,34492.0,3.2364864864864864
163.999836,2.2743635149650188,0.5239364744966892,34447.0,3.2364864864864864
164.1998358,2.260552960631292,0.13996234070992183,34469.0,3.2432432432432434
164.3998356,2.317056914338704,0.42025648477674377,34508.0,3.2364864864864864
164.5998354,2.384383601332754,2.0468969954585226,34515.0,3.2364864864864864
164.7998352,2.3266497168612044,0.9993897808891807,34612.0,3.2432432432432434
164.999835,2.6187245590230663,1.1971054901256326,34639.0,3.2432432432432434
165.1998348,2.293442197282248,0.5393656332229487,34661.0,3.2432432432432434
165.3998346,2.8853404493414825,2.602081365307964,34851.0,3.2
165.5998344,5.343546448240194,15.982632430876384,35771.0,3.096774193548387
165.7998342,5.428354686446393,17.15848389475295,35592.0,3.0316455696202533
165.999834,4.3279789556165,5.598665996277939,35734.0,3.050955414012739
166.1998338,4.928897141140813,14.183343855163425,36623.0,2.938650306748466
166.3998336,5.50762399015569,7.916989069868344,37382.0,2.8682634730538923
166.5998334,6.399086951905723,16.68028140920631,37676.0,2.99375
166.7998332,7.1181650624616015,27.379062146210178,39064.0,2.981366459627329
166.999833,3.1224103508180567,5.6246751933242285,38567.0,3.0125786163522013
167.1998328,3.5785418370847295,8.167652752370639,37897.0,3.0903225806451613
167.3998326,3.2229982134156243,10.464175930124723,36942.0,3.130718954248366
167.5998324,3.0500295555913803,2.5325044516818194,37218.0,3.151315789473684
167.7998322,,281.5488758312619,15613.0,2.0576923076923075
167.999832,,279.9003318992105,37309.0,3.1578947368421053
168.1998318,2.5709207443513855,2.7089456640144682,37133.0,3.1788079470198674
168.3998316,3.0838588487857237,4.722793061647895,37265.0,3.151315789473684
168.5998314,2.573411091311626,4.623787200698673,37038.0,3.1578947368421053
168.7998312,2.7143704982600014,2.0039410596806984,37069.0,3.172185430463576
168.999831,2.7822500470215226,3.929534537706072,37217.0,3.2
169.1998308,2.4196277495769882,0.4882050594826396,37233.0,3.1933333333333334
169.3998306,2.431883823251545,2.051779068658394,37047.0,3.214765100671141
169.5998304,,276.4477676987983,15545.0,2.196078431372549
169.7998302,,278.31575891112317,36993.0,3.221476510067114
169.99983,2.3843156356551387,1.0204908603539005,36954.0,3.2432432432432434
170.1998298,,277.139875771532,15518.0,2.196078431372549
170.3998296,2.5199794423744057,0.3595926884893947,15566.0,2.2058823529411766
170.5998294,,278.8687358291354,36918.0,3.2432432432432434
170.7998292,2.3210137848692067,1.6403377743862395,36852.0,3.214765100671141
170.999829,2.31103515625,0.30820885229435147,36864.0,3.221476510067114
171.19982879999998,,195.95838626042217,17137.0,3.843137254901961
171.39982859999998,,196.29937409861012,36859.0,3.221476510067114
171.59982839999998,2.366004223750474,1.6016512787126218,36934.0,3.214765100671141
171.79982819999998,2.341890536474288,0.492930368872504,36889.0,3.2364864864864864
171.99982799999998,2.406567715978905,1.5209058071099575,36786.0,3.2432432432432434
172.19982779999998,2.3114812189936216,0.5682103098179894,36686.0,3.2432432432432434
172.39982759999998,,276.7677872367139,15220.0,2.1782178217821784
172.59982739999998,,278.8698681657837,36612.0,3.2432432432432434
172.79982719999998,,279.50042858194007,15242.0,2.198019801980198
172.99982699999998,,275.14323253822903,36859.0,3.214765100671141
173.19982679999998,2.3776618861364622,0.6526821050779559,36816.0,3.2432432432432434
173.39982659999998,2.7525564608738446,5.133838234043605,36574.0,3.2364864864864864
173.59982639999998,2.323064317902499,0.7544516239130516,36615.0,3.2432432432432434
173.79982619999998,2.6227924569376038,3.425272395764916,36749.0,3.2364864864864864
173.99982599999998,2.58145097719427,1.3127023718442992,36789.0,3.2364864864864864
174.19982579999999,2.5104816945178965,2.2041672277016082,36683.0,3.258503401360544
174.39982559999999,2.48759992360789,1.1191087555013972,36653.0,3.258503401360544
174.5998254,3.281109241873338,4.2135681394465365,36854.0,3.214765100671141
174.7998252,,192.18152557886242,16985.0,3.766990291262136
174.999825,2.658463541666667,108.85411552565351,15360.0,2.1262135922330097
175.1998248,,281.44308067401414,36533.0,3.1933333333333334
175.3998246,,199.60160691442124,17070.0,3.7941176470588234
175.5998244,,198.09591950527712,36679.0,3.214765100671141
175.7998242,2.526097060833903,1.4957785923461437,36575.0,3.2432432432432434
175.999824,2.342117505404592,0.6666662948776424,36543.0,3.2432432432432434
176.1998238,2.2826491007489205,0.4904022549025816,36586.0,3.2432432432432434
176.3998236,2.4667359667359667,0.9331999589227246,36556.0,3.2432432432432434
176.5998234,12.386936564075551,53.55028043607731,39867.0,2.9207317073170733
176.7998232,4.381220731804111,33.152063597324194,37797.0,2.9751552795031055
176.999823,3.3749504558065793,6.653594773169052,37845.0,3.006289308176101
177.1998228,,277.0228382067642,16115.0,1.8468468468468469
177.3998226,,290.15474803059436,36921.0,3.0316455696202533
177.5998224,2.9722244759972956,5.631371632633049,36975.0,3.0705128205128207
177.7998222,3.730004610669632,5.198984648985896,36871.0,3.130718954248366
177.999822,3.28286491387126,6.918328382272451,36399.0,3.172185430463576
178.1998218,3.136786188579017,5.574888261556553,36897.0,3.151315789473684
178.3998216,2.9812482965385665,5.375634348930998,36690.0,3.1372549019607843
178.5998214,2.738270193773133,2.4604327920905646,36744.0,3.1578947368421053
178.7998212,2.506414640150997,1.9715344556457641,36557.0,3.172185430463576
178.999821,2.625363471772645,2.1250507300792223,36454.0,3.172185430463576
179.1998208,2.635461417151558,4.839348810379743,36778.0,3.1578947368421053
179.3998206,2.5553578760093063,3.3274463001637664,36535.0,3.1788079470198674
179.5998204,,291.74481806142813,15280.0,2.0
179.7998202,,289.13359260106995,36713.0,3.1933333333333334
179.99982,2.459540947983159,2.031395133996836,36815.0,3.172185430463576
180.1998198,4.3989046459942855,12.802877541937308,37796.0,3.0705128205128207
180.3998196,2.869245278006535,4.873198461074889,37643.0,3.096774193548387
180.5998194,3.0970946579194,3.8948028864318673,37345.0,3.0903225806451613
180.7998192,2.8739081203494017,5.281651722006517,37092.0,3.116883116883117
180.999819,2.81182014001077,1.4697409273365494,37140.0,3.1103896103896105
181.1998188,,285.6599516173683,15672.0,1.9811320754716981
181.3998186,,284.9877132122059,37117.0,3.096774193548387
181.5998184,2.73345698543451,7.145626961283571,36662.0,3.1788079470198674
181.7998182,4.146823478867945,12.269362660855672,37242.0,3.130718954248366
181.999818,,281.69982758876876,15663.0,1.9439252336448598
182.19981779999998,,288.520410417546,36828.0,3.1103896103896105
182.39981759999998,,291.1908719595911,15677.0,1.9811320754716981
182.59981739999998,,285.04704355868324,37166.0,3.116883116883117
182.79981719999998,4.422974767596282,13.382799290354406,37650.0,3.0705128205128207
182.99981699999998,,280.2326240947817,16295.0,1.9345794392523366
183.19981679999998,,298.22391722666504,37475.0,2.99375
183.39981659999998,6.350985287087693,24.033738242222665,37654.0,3.076923076923077
183.59981639999998,3.821132488659471,12.229936533975744,38358.0,3.0705128205128207
183.79981619999998,3.0336506764418893,4.081072195080373,37919.0,3.116883116883117
183.99981599999998,,283.4327868563838,16047.0,1.9813084112149533
184.19981579999998,,289.96684062212273,37434.0,3.151315789473684
184.39981559999998,2.738460708408643,6.87366139566838,37069.0,3.172185430463576
184.59981539999998,3.2658299748451487,5.294400271841772,36971.0,3.221476510067114
184.79981519999998,2.7103549899531147,3.557639750969957,37325.0,3.1933333333333334
184.99981499999998,,298.5735766725852,15809.0,2.0970873786407767
185.19981479999998,,297.14896533461183,37286.0,3.2432432432432434
185.39981459999998,2.512315402964273,1.0555039928897114,37311.0,3.1933333333333334
185.59981439999999,3.202700193628816,3.411075405719694,37701.0,3.1788079470198674
185.7998142,,291.78904618015673,15657.0,2.127450980392157
185.999814,3.2958362829010874,1.6514285756421119,15539.0,2.1584158415841586
186.1998138,3.1081218921331124,3.5128725912923096,15686.0,2.1176470588235294
186.3998136,,298.6839893733543,37249.0,3.2364864864864864
186.5998134,,303.9841226379489,15971.0,2.1176470588235294
186.7998132,3.3189219539584505,1.3811606845278204,16029.0,2.1067961165048543
186.999813,,298.89167802418234,37675.0,3.221476510067114
187.1998128,,302.69735634784394,16213.0,2.116504854368932
187.3998126,,303.78067188735184,37515.0,3.1933333333333334
187.5998124,3.664317710040424,18.66113000801328,36612.0,3.2
187.7998122,2.677450073461392,2.222980648608277,36754.0,3.1578947368421053
187.999812,,299.93008180445094,15353.0,1.9714285714285715
188.1998118,2.8952135396006877,2.9755757506819522,15126.0,2.0097087378640777
188.3998116,,305.7259140833531,36203.0,3.2
188.5998114,,303.1636788314757,15063.0,2.0194174757281553
188.7998112,,305.26622997062555,36285.0,3.1933333333333334
188.999811,,18.544423342005274,38618.0,3.183006535947712
189.1998108,,12.82866855543618,36687.0,3.2432432432432434
189.3998106,,301.38889647607124,15522.0,2.029126213592233
189.5998104,5.154186455012686,5.478792685991489,15371.0,2.1176470588235294
189.7998102,,293.3332966339136,37307.0,3.214765100671141
189.99981,3.971325130519191,15.06849601752767,38117.0,3.172185430463576
190.1998098,3.177465242364056,15.654190681585112,37258.0,3.2
190.3998096,,296.9471835214057,15861.0,2.076923076923077
190.5998094,,297.7734590535195,37268.0,3.2
190.7998092,2.483340078240928,2.733021309775768,37065.0,3.214765100671141
190.999809,2.445843352335666,2.3609437851864996,37013.0,3.2364864864864864
191.1998088,,295.7328127459031,15368.0,2.1485148514851486
191.3998086,,2.4791900560355113,15120.0,2.1717171717171717
191.5998084,,298.1746657244267,36942.0,3.2653061224489797
191.7998082,,297.5531544120063,15560.0,2.1782178217821784
191.999808,3.516486282406242,4.078884737979145,15892.0,2.145631067961165
192.1998078,3.1937866055513116,6.9639512725836274,15708.0,2.1881188118811883
192.3998076,2.538683048569783,1.8140398752983422,15627.0,2.21
192.5998074,2.9486651656481184,1.596937659720128,15545.0,2.22
192.7998072,,296.2161621637971,37213.0,3.258503401360544
192.999807,2.2827588059861896,0.43027869884951925,37219.0,3.258503401360544
193.19980679999998,,297.22407369906523,15594.0,2.22
193.39980659999998,,293.8395826748431,37466.0,3.2653061224489797
193.59980639999998,2.4140414521593,0.8881963842557207,37489.0,3.2653061224489797
193.79980619999998,,287.7708450859268,15941.0,1.9626168224299065
193.99980599999998,,303.99863500180044,36981.0,3.0903225806451613
194.19980579999998,5.048978048978049,11.590353762633292,37037.0,3.1372549019607843
194.39980559999998,,309.8025752446491,16394.0,2.0186915887850465
194.59980539999998,,282.4572454894748,38449.0,3.172185430463576
194.79980519999998,3.9584584325499534,10.15256057401558,38636.0,3.172185430463576
194.99980499999998,,301.09907830357764,16945.0,2.1153846153846154
195.19980479999998,,307.8177174396415,38142.0,3.1933333333333334
195.39980459999998,,307.7628533674821,16070.0,2.1386138613861387
195.59980439999998,,6.966816372242678,15964.0,2.1386138613861387
195.79980419999998,,4.995227879894422,16074.0,2.1683168316831685
195.99980399999998,,316.54903594620566,37314.0,3.2364864864864864
196.19980379999998,,318.73302977863733,15942.0,2.1485148514851486
196.39980359999998,3.4824259131633357,0.8634994161230233,15961.0,2.1485148514851486
196.59980339999998,,317.50855494944,37248.0,3.258503401360544
196.79980319999999,,302.05521658220584,15141.0,2.2371134020618557
196.99980299999999,3.764987372059019,9.77201786377453,15046.0,2.2708333333333335
197.1998028,3.5993797017289166,7.602713581487455,15154.0,2.3157894736842106
197.3998026,3.126977874072615,4.596050459736279,15231.0,2.3263157894736843
197.5998024,3.8749595913881167,6.429906544311302,15467.0,2.3263157894736843
197.7998022,3.7395957984310595,7.48041128173369,15042.0,2.3404255319148937
197.999802,,316.3749806918131,36856.0,3.397163120567376
198.1998018,,318.5127446466302,14841.0,2.3655913978494625
198.3998016,2.6222997450690997,2.098057859169669,14906.0,2.3548387096774195
198.5998014,,3.3812758080627128,15340.0,2.3157894736842106
198.7998012,,318.9780118378636,37030.0,3.397163120567376
198.999801,2.5379332808555684,3.7878091630042015,36841.0,3.4285714285714284
199.1998008,2.335385700336335,1.8218321009427059,36868.0,3.4285714285714284
199.3998006,,317.56083079076285,15059.0,2.3763440860215055
199.5998004,3.8746732880292734,6.41830872243895,15304.0,2.351063829787234
199.7998002,,5.769440793011161,14803.0,2.380434782608696
199.9998,,3.6592100547036397,14979.0,2.3763440860215055
200.1997998,2.55282325425994,0.3745933670689634,14965.0,2.3763440860215055
200.3997996,,316.4355697385949,36880.0,3.4214285714285713
200.5997994,,319.6856600559739,15134.0,2.3978494623655915
200.7997992,,4.9631460653991075,14699.0,2.402173913043478
200.999799,,3.865176366811965,14950.0,2.3870967741935485
201.1997988,2.5184217577706325,1.180744975844699,14928.0,2.3870967741935485
201.3997986,,324.09917539676746,38753.0,3.3819444444444446
201.5997984,,13.21226569429929,36834.0,3.4285714285714284
201.7997982,2.3211392027748423,0.4480479646835794,36903.0,3.4285714285714284
201.999798,2.4127541240314265,2.0884969480598503,37039.0,3.4214285714285713
202.1997978,2.3824631391681717,1.0302032350499755,37099.0,3.4285714285714284
202.3997976,,318.19354700739615,14987.0,2.3870967741935485
202.5997974,,317.1326312822644,37234.0,3.3732394366197185
202.7997972,,311.5575148635841,15658.0,2.202020202020202
202.999797,,313.8806103083246,37503.0,3.258503401360544
203.1997968,,310.4622283578406,15563.0,2.212121212121212
203.3997966,3.104008117706748,6.2679250222806235,15768.0,2.2222222222222223
203.5997964,2.901462911645292,4.122473400542516,15517.0,2.2577319587628866
203.7997962,3.5463405062463207,4.308781874699655,15289.0,2.305263157894737
203.999796,2.5885430290347893,0.277335088831951,15292.0,2.28125
204.1997958,2.7709306149292994,1.8195329780999676,15205.0,2.305263157894737
204.39979559999998,,2.1717306583272986,14939.0,2.3297872340425534
204.59979539999998,2.800322710770472,2.124655286198203,14874.0,2.3404255319148937
204.79979519999998,,3.1141480835900976,15104.0,2.3263157894736843
204.99979499999998,2.681400119102759,0.24465130302823113,15113.0,2.3263157894736843
205.19979479999998,7.387377028235595,16.32128904761259,15654.0,2.18
205.39979459999998,4.833133404886672,7.254066653730408,15839.0,2.1372549019607843
205.59979439999998,,5.016855228002904,15245.0,2.15
205.79979419999998,,314.03627579463773,37222.0,3.258503401360544
205.99979399999998,2.7894694684003953,1.234257565208394,37453.0,3.2432432432432434
206.19979379999998,,313.9571632602627,15631.0,2.107843137254902
206.39979359999998,,6.896294002130058,15396.0,2.128712871287129
206.59979339999998,3.6250327825858903,8.202700720971714,15252.0,2.16
206.79979319999998,,9.589565622148255,15652.0,2.1176470588235294
206.99979299999998,,13.986665400917747,15524.0,2.202020202020202
207.19979279999998,,318.0724381190255,37090.0,3.3333333333333335
207.39979259999998,,327.50069216539924,16314.0,2.0961538461538463
207.59979239999998,3.7255422753430723,6.0968787289749375,15813.0,2.18
207.79979219999998,4.3516230779340255,12.43929456082167,15218.0,2.2142857142857144
207.99979199999999,,312.8633499849368,37228.0,3.280821917808219
208.19979179999999,,314.1894771026239,15382.0,2.2346938775510203
208.3997916,3.788142189932538,8.29097623454622,15416.0,2.16
208.5997914,3.8658876987990913,7.979706237923878,15405.0,2.2346938775510203
208.7997912,4.1316793893129775,6.389563661313653,15720.0,2.19
208.999791,3.1902970801989037,0.5837285231615414,15686.0,2.2
209.1997908,,305.33926194680714,37942.0,3.221476510067114
209.3997906,,313.0194862870265,15828.0,2.2323232323232323
209.5997904,,330.3979709439516,38910.0,3.2905405405405403
209.7997902,,322.64777610110247,14922.0,2.28125
209.99979,,316.21648593086195,36904.0,3.3333333333333335
210.1997898,,313.6517880979888,15093.0,2.2577319587628866
210.3997896,2.4840781198278714,1.6802466678571188,15105.0,2.2708333333333335
210.5997894,,316.1158587872573,36867.0,3.3636363636363638
210.7997892,,315.85219652334433,15497.0,2.212121212121212
210.999789,2.650191595765409,1.2099482786936542,15397.0,2.212121212121212
211.1997888,3.245919905617094,3.9938579026185854,15257.0,2.2577319587628866
211.3997886,2.5382753205967026,0.30645782233384183,15284.0,2.2577319587628866
211.5997884,3.5246773461313965,7.511424173349867,15419.0,2.2916666666666665
211.7997882,,5.871116615963749,15039.0,2.28125
211.999788,,5.103916094996352,15087.0,2.2708333333333335
212.1997878,2.622050907157573,1.279451257910794,15047.0,2.2708333333333335
212.3997876,2.6443589573522583,0.5316948993490835,15077.0,2.28125
212.5997874,2.7361866684144984,3.3924292752859997,15257.0,2.28125
212.7997872,3.417279770818413,4.444505578754021,15359.0,2.2916666666666665
212.999787,2.610074015851182,1.1477029100949727,15267.0,2.3020833333333335
213.1997868,2.9815322370138344,0.9019281983314562,15324.0,2.3020833333333335
213.3997866,3.297363702769108,4.697736924340631,15059.0,2.2916666666666665
213.5997864,,8.4846505687526,15046.0,2.2268041237113403
213.7997862,5.804612346308212,14.520146737347764,15697.0,2.2551020408163267
213.999786,,321.0575982083137,37492.0,3.280821917808219
214.1997858,,308.94605251876965,15356.0,2.2244897959183674
214.3997856,3.0294269822791358,3.6450188562464096,15462.0,2.2551020408163267
214.5997854,6.2111728395061725,15.474350061154144,16200.0,2.3636363636363638
214.7997852,5.7958877832394196,17.328741783386224,16682.0,2.5
214.999785,,292.12376861876515,40312.0,3.258503401360544
215.1997848,4.906930841495103,24.790586224390914,40024.0,3.2364864864864864
215.39978459999998,3.6509054325955734,42.365594929578016,37772.0,3.3333333333333335
215.59978439999998,4.571521439529865,9.91909345706097,38457.0,3.2432432432432434
215.79978419999998,4.395848319802693,8.68654088330785,38924.0,3.1788079470198674
215.99978399999998,4.444195923701339,14.500909736717194,39791.0,3.172185430463576
216.19978379999998,13.418932664270699,82.77105350720444,44241.0,2.8511904761904763
216.39978359999998,6.698828740382201,23.940695052451655,43799.0,3.0573248407643314
216.59978339999998,,199.35884586746695,17482.0,2.1037735849056602
216.79978319999998,5.503327391562686,8.090112224000814,16830.0,2.1941747572815533
216.99978299999998,6.151167506808042,9.9168491629428,17259.0,2.2788461538461537
217.19978279999998,11.520796263345195,34.89769167185958,17984.0,1.9304347826086956
217.39978259999998,11.430319185291504,75.11097871869703,14631.0,2.4193548387096775
217.59978239999998,12.125065651260504,44.20059947028703,15232.0,2.14
217.79978219999998,,305.462790867357,38494.0,3.176470588235294
217.99978199999998,4.241216817634431,4.591409832606714,38198.0,3.0822784810126582
218.19978179999998,,7.809740212799,35917.0,3.2432432432432434
218.39978159999998,,23.534476265613,39082.0,3.189542483660131
218.59978139999998,8.66837530117636,48.694375533454945,42334.0,3.141935483870968
218.79978119999998,3.5396971979878002,20.35331205397924,41149.0,3.183006535947712
218.99978099999998,3.1735851819313274,3.0217794765207353,40977.0,3.2039473684210527
219.19978079999998,,293.6865050996459,16773.0,2.35
219.39978059999999,2.604659476851576,0.7222052567603529,16783.0,2.37
219.5997804,2.5340060906431003,1.3658999010383608,16747.0,2.37
219.7997802,4.701578856052281,13.404383626447567,17291.0,2.44
219.99978,2.9863132363132365,0.5077709701341605,17316.0,2.4257425742574257
220.1997798,,300.5080491489887,41382.0,3.225165562913907
220.3997796,2.2796081277213354,1.3048011140296263,41340.0,3.2317880794701987
220.5997794,,299.8198380558157,17205.0,2.46
220.7997792,,299.0472236327211,41408.0,3.225165562913907
220.999779,2.340569223347805,1.0405571244134537,41460.0,3.225165562913907
221.1997788,2.527316375275831,2.0580070077813324,41239.0,3.2533333333333334
221.3997786,,298.53849926039754,17065.0,2.474747474747475
221.5997784,,300.05357616323,41177.0,3.2466666666666666
221.7997782,2.2571678279235754,0.4060332408911342,41191.0,3.2466666666666666
221.999778,,301.3019889242323,17127.0,2.4545454545454546
222.1997778,,3.106208131392884,16940.0,2.4545454545454546
222.3997776,,3.761844763797342,17172.0,2.4646464646464645
222.5997774,,3.19499878606004,16873.0,2.479591836734694
222.7997772,,3.5437007918213292,17130.0,2.474747474747475
222.999777,,298.4930444444298,41345.0,3.2466666666666666
223.1997768,,269.1208587314608,17057.0,2.1523809523809523
223.3997766,,1.2998716729247188,16784.0,2.2427184466019416
223.5997764,,7.568208313517739,17177.0,2.2285714285714286
223.7997762,,303.02976516426617,39682.0,3.0955414012738856
223.999776,,283.3058004014382,15821.0,2.019047619047619
224.1997758,,15.574807787071746,15523.0,1.990566037735849
224.3997756,,20.958469922016008,15186.0,2.0194174757281553
224.5997754,6.580395695044145,23.58000478388862,15517.0,2.089108910891089
224.7997752,4.628203468806627,4.4347232815619035,15452.0,2.0686274509803924
224.999775,4.07632713554298,8.217760991509868,14844.0,2.163265306122449
225.1997748,5.596432627430022,1.5698003343033804,14969.0,2.2577319587628866
225.3997746,5.334110485072211,8.753839126703278,15441.0,2.16
225.5997744,,20.002057682639908,14553.0,2.2577319587628866
225.7997742,,19.134971468723528,13852.0,2.2291666666666665
225.999774,4.2733632815376685,6.6323190041991475,13579.0,2.276595744680851
226.1997738,2.925876902713435,5.424138459202159,13599.0,2.3010752688172045
226.39977359999997,2.6947065762312,1.255851038813456,13564.0,2.3010752688172045
226.59977339999998,2.543499079189687,0.7796621657640865,13575.0,2.3010752688172045
226.79977319999998,2.446220716074849,1.3534909032566416,13574.0,2.3369565217391304
226.99977299999998,2.508125597470402,2.259182074717366,13599.0,2.3010752688172045
227.19977279999998,2.571830360447043,1.9542361655595173,13511.0,2.3369565217391304
227.39977259999998,2.584703094920776,0.6777201462218361,13506.0,2.3369565217391304
227.59977239999998,,2.9568033732845,13314.0,2.3626373626373627
227.79977219999998,,3.5776502174150093,13534.0,2.3369565217391304
227.99977199999998,2.646644147451902,1.9704550963468634,13618.0,2.347826086956522
228.19977179999998,2.765518754112744,1.7509513834390917,13677.0,2.347826086956522
228.39977159999998,2.5739264028092763,0.7498528591218898,13669.0,2.3225806451612905
228.59977139999998,2.725863335782513,1.745814357737275,13610.0,2.347826086956522
228.79977119999998,13.969348902144942,39.41141777928002,15758.0,2.17
228.99977099999998,,24.409844387551868,14007.0,2.351063829787234
229.19977079999998,3.051961137099676,1.6236243775801125,13895.0,2.391304347826087
229.39977059999998,,300.4626286189829,38142.0,3.3586206896551722
229.59977039999998,,315.870703262165,14848.0,2.3191489361702127
229.79977019999998,3.3423023394525813,3.7556317676724187,15089.0,2.294736842105263
229.99976999999998,,313.8861518383333,38514.0,3.3586206896551722
230.19976979999998,,331.9440496508877,16340.0,2.1782178217821784
230.39976959999998,5.413003095975232,8.124276240486157,16150.0,2.212121212121212
230.59976939999999,5.94095775370216,20.63781706234564,15599.0,2.00990099009901
230.7997692,,333.2828364226686,35431.0,3.2364864864864864
230.999769,,314.6002493829062,14135.0,1.94
231.1997688,,345.8035842617608,33510.0,3.2653061224489797
231.3997686,7.179353936852341,4.121708591077398,32907.0,3.1372549019607843
231.5997684,,460.6158267237989,12482.0,1.7171717171717171
231.7997682,,400.57636152877245,34656.0,3.228187919463087
231.999768,11.145634660821543,28.177562097951604,35129.0,3.185430463576159
232.1997678,14.641142827296232,26.977370052525853,38291.0,3.1372549019607843
232.3997676,5.662924058095289,20.196807052779047,37318.0,3.303448275862069
232.5997674,4.34920245398773,3.5543227398556625,36675.0,3.3496503496503496
232.7997672,3.769186774878806,10.61804491394637,36718.0,3.3333333333333335
232.999767,3.2400874436398417,3.7000989769830874,36595.0,3.380281690140845
233.1997668,2.453429898879475,1.4806204032329957,36590.0,3.380281690140845
233.3997666,5.752961634604934,6.86858205525535,36804.0,3.287671232876712
233.5997664,10.734886617196825,19.689792286355082,38542.0,3.2364864864864864
233.7997662,15.223595929136826,38.75324817042327,39795.0,2.507853403141361
233.999766,9.06363554461095,74.43618621621906,33299.0,3.387323943661972
234.1997658,,356.3707933630528,10645.0,1.826086956521739
234.3997656,,384.70272489731514,30350.0,3.4782608695652173
234.5997654,,411.6952220853634,10155.0,1.5625
234.7997652,15.443576548428597,7.175807071728812,10882.0,1.7263157894736842
234.999765,,390.91676781410706,31317.0,3.3333333333333335
235.1997648,5.01852143509623,5.237442255409135,31747.0,3.310344827586207
235.3997646,,386.3114002196974,10667.0,1.6494845360824741
235.5997644,13.522486288848263,14.155004688203654,10940.0,1.6262626262626263
235.7997642,,8.132101847331173,10380.0,1.6736842105263159
235.999764,,10.212243599633892,10840.0,1.6666666666666667
236.1997638,,388.7644431102338,31724.0,3.2653061224489797
236.3997636,4.95256930133617,27.76723414916161,30086.0,3.4782608695652173
236.5997634,4.668390861765974,1.7943255840030117,30159.0,3.4782608695652173
236.7997632,3.4078191650152823,6.68380626034144,29773.0,3.5555555555555554
236.999763,,407.351593709119,9126.0,1.7222222222222223
237.1997628,3.0920631416271114,2.8175007093668754,9059.0,1.752808988764045
237.39976259999997,,409.6555884254633,29365.0,3.582089552238806
237.59976239999997,,410.7818073246174,8742.0,1.75
237.79976219999998,3.4913120962352417,4.153247796859384,8978.0,1.75
237.99976199999998,,1.9708380020788585,8688.0,1.7386363636363635
238.19976179999998,,5.320569972924368,8892.0,1.7415730337078652
238.39976159999998,17.084619894469416,19.94106767546227,10234.0,1.6391752577319587
238.59976139999998,,407.6080035747306,30334.0,3.404255319148936
238.79976119999998,,405.46565586570784,9383.0,1.6881720430107527
238.99976099999998,11.828614571536429,21.40234778770904,10596.0,1.595959595959596
239.19976079999998,,22.96583039630138,10937.0,1.6185567010309279
239.39976059999998,,36.8454827843123,11963.0,1.6633663366336633
239.59976039999998,,5.564252460273249,11877.0,1.66
239.79976019999998,12.715789473684211,17.505011290565577,11495.0,1.5980392156862746
239.99975999999998,,4.878550982173258,11555.0,1.5784313725490196
240.19975979999998,8.891947694425326,6.273970486293398,11624.0,1.613861386138614
240.39975959999998,5.091662259827252,4.653614858214821,11346.0,1.6435643564356435
240.59975939999998,,6.020759468823558,10670.0,1.6666666666666667
240.79975919999998,,401.86147844957554,31460.0,3.287671232876712
240.99975899999998,,404.4731307861185,11599.0,1.6116504854368932
241.19975879999998,4.868906514570894,5.177361518671765,11221.0,1.67
241.39975859999998,7.651007317734213,9.66365001102849,11069.0,1.7653061224489797
241.59975839999998,10.093069478050467,13.212946322113355,11572.0,1.76
241.79975819999999,,7.281242170004513,11727.0,1.801980198019802
241.99975799999999,5.0711716985866016,1.709331575202282,11957.0,1.8585858585858586
242.1997578,,1.6815672260977592,12127.0,1.801980198019802
242.3997576,,372.69535012128955,33195.0,3.2653061224489797
242.5997574,2.96076185883913,1.3068351245143417,33182.0,3.2653061224489797
242.7997572,,384.46965373949485,11632.0,1.9285714285714286
242.999757,,2.53050350543363,11741.0,1.83
243.1997568,,389.3617618609296,32545.0,3.310344827586207
243.3997566,,391.7435575711826,11490.0,1.9278350515463918
243.5997564,3.165517858741384,5.732218845285258,11171.0,1.9583333333333333
243.7997562,,396.9634983602849,32128.0,3.380281690140845
243.999756,,397.6028190379198,11278.0,1.9381443298969072
244.1997558,12.800016686133823,14.878515966384581,11986.0,1.797979797979798
244.3997556,21.485727582997207,32.61033355348315,12892.0,1.6372549019607843
244.5997554,,378.4649601488751,32960.0,3.303448275862069
244.7997552,,362.7753429864237,10978.0,1.653061224489796
244.999755,,4.541965107552214,10697.0,1.6161616161616161
245.1997548,5.038026521060843,7.510508660397074,10256.0,1.6161616161616161
245.3997546,,406.7840977887121,30479.0,3.3333333333333335
245.5997544,,402.8064566799514,9730.0,1.65625
245.7997542,,408.10713126978135,30180.0,3.3732394366197185
245.999754,2.433565510183871,2.3051440997347084,30293.0,3.380281690140845
246.1997538,2.636403011927767,4.802412011754508,30014.0,3.404255319148936
246.3997536,,408.42257275048945,9230.0,1.6382978723404256
246.5997534,2.5970957954052882,2.5336369728929222,9228.0,1.6382978723404256
246.7997532,,409.81191712587275,29980.0,3.404255319148936
246.999753,2.322623694658526,0.3073916718751885,29973.0,3.404255319148936
247.1997528,,406.3784588351906,9383.0,1.6421052631578947
247.3997526,3.839026428496814,1.6517963941756735,9573.0,1.625
247.5997524,,404.08944753023843,30211.0,3.380281690140845
247.7997522,,404.33891140154986,9673.0,1.6631578947368422
247.999752,,403.9942235148997,30265.0,3.4113475177304964
248.1997518,8.07772299133953,22.332567751544108,31638.0,3.3566433566433567
248.39975159999997,,410.80166004149066,10623.0,1.7608695652173914
248.59975139999997,,3.865552935359791,10677.0,1.788888888888889
248.79975119999997,,6.637480424039876,11247.0,1.7717391304347827
248.99975099999997,,14.679319731868077,11200.0,1.7912087912087913
249.19975079999998,,412.3738872387435,32623.0,3.4782608695652173
249.39975059999998,12.916932529835755,9.34890247746928,33852.0,3.3402777777777777
249.59975039999998,3.6601471434194193,14.779499160914172,33029.0,3.4532374100719423
249.79975019999998,3.2083671689374116,4.996453031586947,33249.0,3.4285714285714284
249.99974999999998,2.630398120821538,3.0608571594125844,33206.0,3.4285714285714284
250.19974979999998,2.578553540717497,2.256725307727795,33143.0,3.4285714285714284
250.39974959999998,13.05632006643336,19.971978772302638,33718.0,3.2
250.59974939999998,15.632330386771145,53.58547808534333,35861.0,3.0903225806451613
250.79974919999998,19.59484240687679,136.81985703579264,41880.0,2.932515337423313
250.99974899999998,,254.415668767119,15318.0,2.536842105263158
251.19974879999998,,344.9877123113648,37967.0,3.3333333333333335
251.39974859999998,,340.9142647030782,16540.0,2.4554455445544554
251.59974839999998,,96.76172709360287,23902.0,2.0076335877862594
251.79974819999998,,392.538785233319,40896.0,3.221476510067114
251.99974799999998,4.67328614661231,33.967172153062464,39983.0,3.1933333333333334
252.19974779999998,3.903451201557158,15.655500893430535,40073.0,3.2364864864864864
252.39974759999998,3.906688767550702,20.575239385936737,41024.0,3.221476510067114
252.59974739999998,3.8911469516153194,34.8464359399502,40054.0,3.1788079470198674
252.79974719999998,,316.61787261895546,16695.0,2.108910891089109
252.99974699999999,,330.96950252943617,38361.0,3.151315789473684
253.19974679999999,7.681978798586573,69.16442906821062,36507.0,3.0445859872611467
253.3997466,9.239393599730986,20.892112637726502,35686.0,2.962962962962963
253.5997464,11.94561098831702,39.98373423189211,38004.0,3.037974683544304
253.7997462,12.041075664423682,40.84916670213193,41314.0,2.631868131868132
253.999746,,61.82659389073983,46610.0,2.2546296296296298
254.1997458,,400.4181523374015,21395.0,0.9146341463414634
254.3997456,,394.72235765365184,41960.0,2.259433962264151
254.5997454,,397.0905022845137,21919.0,1.006060606060606
254.7997452,,157.61799715512328,15210.0,1.5446428571428572
254.999745,,421.0063658974483,37268.0,3.037974683544304
255.1997448,10.348096696292977,16.92130842376357,40167.0,3.0316455696202533
255.3997446,5.135679976711465,4.390902838648226,41222.0,3.0903225806451613
255.5997444,2.917933057612773,4.0120908325023,41588.0,3.0903225806451613
255.7997442,4.189982381072237,12.815066097579164,39730.0,3.116883116883117
255.999744,3.7290129560609517,8.531037630277808,39441.0,3.151315789473684
256.19974379999996,4.215256971652455,17.494283044890437,39051.0,3.1933333333333334
256.39974359999997,2.5582111775729723,2.2162586882667634,38953.0,3.2364864864864864
256.59974339999997,5.484224066180736,11.863875616397342,39649.0,3.096774193548387
256.79974319999997,3.3901874566072667,0.9600067213257244,38889.0,3.0316455696202533
256.99974299999997,5.273629916183108,19.553121651949308,38775.0,2.99375
257.19974279999997,3.1771278940136374,8.342284643360808,38571.0,3.0705128205128207
257.39974259999997,3.9908924850137644,5.196622203931969,38869.0,3.130718954248366
257.59974239999997,2.898689568758484,5.872806579846156,38308.0,3.1933333333333334
257.79974219999997,3.6567489114658924,14.061107026195879,37206.0,3.2
257.99974199999997,3.018476383672798,11.082719780908699,36479.0,3.303448275862069
258.19974179999997,,362.5783799055463,14577.0,2.210526315789474
258.39974159999997,,360.91592974613724,35847.0,3.446043165467626
258.59974139999997,2.668453951937769,1.989053002134166,35995.0,3.4388489208633093
258.79974119999997,,357.0369783401084,14276.0,2.2934782608695654
258.999741,,358.3779555018868,35803.0,3.4532374100719423
259.1997408,2.2953515690552106,1.450134796541125,35754.0,3.4532374100719423
259.3997406,2.2628259041211103,0.6496913538466785,35670.0,3.4782608695652173
259.5997404,2.2619274541683017,0.6294431639809394,35674.0,3.471014492753623
259.7997402,2.2595021863437603,0.15833264075776893,35676.0,3.471014492753623
259.99974,,360.7886558482244,14111.0,2.32967032967033
260.1997398,,361.665835529941,35742.0,3.4782608695652173
260.3997396,2.3249284792730127,1.1669476602277695,35654.0,3.471014492753623
260.5997394,2.260534357565393,0.28981339362015385,35669.0,3.471014492753623
260.7997392,2.298681996634885,0.6679042890315121,35660.0,3.4782608695652173
260.999739,2.2491009215554056,0.7304757052937072,35592.0,3.471014492753623
261.1997388,15.677843897380182,50.80488141934981,40499.0,3.0705128205128207
261.3997386,16.14234352734846,63.86684042597387,45615.0,2.8855421686746987
261.5997384,7.867750042700632,46.960150775278606,40983.0,3.2432432432432434
261.7997382,3.5473155185094387,12.18364669276289,40790.0,3.2
261.999738,3.2295522898990145,1.164279132725429,40897.0,3.151315789473684
262.1997378,2.9273918550272797,2.7584385111744245,41056.0,3.130718954248366
262.3997376,7.669803068630464,37.8643194291685,42299.0,3.214765100671141
262.5997374,4.050615763546798,7.995427142330522,40600.0,3.258503401360544
262.7997372,6.309386763812993,6.385509903573908,41175.0,3.1933333333333334
262.999737,4.429523990318447,5.827053510920695,42142.0,3.151315789473684
263.1997368,6.081641063211154,6.295950078630768,43679.0,3.1933333333333334
263.3997366,3.696742694397243,16.79472871762445,41783.0,3.2364864864864864
263.5997364,8.023119149033096,36.38516970565076,43903.0,2.95679012345679
263.7997362,4.556881014564363,18.232588965763657,42501.0,3.116883116883117
263.999736,,178.63344355245377,23483.0,3.7570093457943927
264.1997358,,195.72079754219803,41730.0,3.2364864864864864
264.3997356,3.255115542743727,5.732821197484765,42322.0,3.165562913907285
264.5997354,2.8858448581136047,5.7790954597046795,41794.0,3.2364864864864864
264.7997352,2.6012700856345616,3.7736675626727836,41572.0,3.258503401360544
264.999735,2.4578835774865073,1.045961763547278,41504.0,3.2653061224489797
265.1997348,2.5527566654602487,2.146734712833358,41445.0,3.280821917808219
265.3997346,2.309591482801811,0.9707683248073874,41516.0,3.280821917808219
265.5997344,2.364101701432279,0.6328668402743024,41612.0,3.287671232876712
265.7997342,2.660199995203952,1.753333401997262,41701.0,3.258503401360544
265.999734,3.64850136239782,4.236825298562734,41838.0,3.214765100671141
266.1997338,3.3033175355450237,7.719710162724589,42200.0,3.130718954248366
266.3997336,5.810746463750525,18.55356328173163,42842.0,3.0705128205128207
266.5997334,7.271842570895701,52.26362596933527,41822.0,2.962962962962963
266.7997332,6.0201772772039694,17.874188744954942,39599.0,3.018867924528302
266.999733,5.891234669280284,15.615423877263229,37751.0,3.0903225806451613
267.1997328,6.373200775680769,24.753995237370482,36613.0,3.2
267.3997326,6.644352183249821,12.622907834692224,34925.0,3.221476510067114
267.5997324,4.501998891126091,5.052801555883021,34269.0,3.2432432432432434
267.7997322,8.3102417284856,13.634809318189715,35453.0,3.1578947368421053
267.999732,5.995854498744672,14.526069844342567,34254.0,3.287671232876712
268.1997318,5.0531563421828904,4.372262272678171,33900.0,3.310344827586207
268.3997316,3.7732832747971417,9.242914138700352,33028.0,3.380281690140845
268.5997314,2.734672208233474,1.340866603286235,32963.0,3.387323943661972
268.7997312,2.7692354796240166,5.082351781592317,32661.0,3.4532374100719423
268.999731,2.415984799730318,0.7428531991547066,32631.0,3.4285714285714284
269.1997308,2.4616469001869388,0.6583869536729337,32631.0,3.4285714285714284
269.3997306,2.4718368351432,1.6105522973449822,32507.0,3.460431654676259
269.5997304,12.6128840098715,29.86972877405209,35253.0,3.172185430463576
269.7997302,4.153213621571362,7.8840245232989465,34416.0,3.2432432432432434
269.99973,3.719519326355184,1.1677487176721775,34202.0,3.221476510067114
270.1997298,11.222518543211935,30.874343176978197,35997.0,2.926829268292683
270.3997296,5.295056991310235,12.541054215702621,35444.0,3.0
270.5997294,6.2557286359004225,17.889386651324173,34345.0,3.0573248407643314
270.7997292,6.036772276645191,13.998250682572694,33993.0,3.096774193548387
270.999729,8.148919775953532,12.812199958231291,33743.0,3.116883116883117
271.1997288,4.96611090974991,16.555108137451427,33108.0,3.1788079470198674
271.3997286,5.923339522069833,16.35249592355288,33394.0,3.1788079470198674
271.5997284,5.402847421203439,6.226667365297546,33504.0,3.221476510067114
271.7997282,5.296125406684413,10.07863851999252,33810.0,3.2364864864864864
271.999728,5.265563506261181,7.817076583397712,33540.0,3.310344827586207
272.1997278,2.8901249664469564,3.8097588680020626,33529.0,3.287671232876712
272.3997276,,286.9169166395676,13072.0,2.01
272.5997274,,278.45279599829803,33898.0,3.280821917808219
272.7997272,2.723119384579247,3.092463936427704,34058.0,3.310344827586207
272.999727,2.6221354859694253,4.842651357721141,33819.0,3.310344827586207
273.1997268,2.4646527839842705,2.5396076169321984,33567.0,3.3333333333333335
273.3997266,2.3089792145051145,0.19420756369210188,33533.0,3.326388888888889
273.5997264,2.4174103833723724,2.625216421198826,33727.0,3.310344827586207
273.7997262,2.361333531775562,1.5509843978198514,33595.0,3.3566433566433567
273.999726,2.333690955148264,1.6633243072632278,33555.0,3.3566433566433567
274.1997258,2.306394793408168,0.7216733968257192,33496.0,3.3496503496503496
274.3997256,2.2772725917533765,0.49015389822454614,33541.0,3.3566433566433567
274.5997254,2.2494836102379883,0.7529784147565485,33405.0,3.3496503496503496
274.7997252,2.2838410991636797,0.9992204644645918,33480.0,3.3496503496503496
274.999725,2.3443058374119614,1.1837333061853466,33508.0,3.3496503496503496
275.1997248,2.4090692833779364,1.7455639222544324,33630.0,3.3333333333333335
275.3997246,2.3573103755380735,1.4640831490999504,33685.0,3.3333333333333335
275.5997244,17.56667861165148,76.26725853990627,39068.0,2.857142857142857
275.7997242,8.010506903496639,31.78605093946338,41211.0,2.903030303030303
275.99972399999996,5.895275984467685,11.472814516411313,41977.0,2.9751552795031055
276.19972379999996,5.319738950693267,18.52447093187862,43057.0,3.0125786163522013
276.39972359999996,4.428212457927982,17.092185486160698,43378.0,3.1103896103896105
276.59972339999996,2.5809607715849023,2.978113212645182,43132.0,3.1578947368421053
276.79972319999996,3.4334612542607204,12.080437174652918,41953.0,3.214765100671141
276.99972299999996,3.0971710908738617,12.050280483480664,41288.0,3.287671232876712
277.19972279999996,2.5354168184356864,1.6682567841759748,41181.0,3.326388888888889
277.39972259999996,2.481925671591266,4.706847155046989,41357.0,3.3333333333333335
277.59972239999996,2.6763214355373512,5.938677397989482,41016.0,3.3496503496503496
277.79972219999996,2.2863593097893733,0.5041888848497647,40973.0,3.3566433566433567
277.99972199999996,2.3748325009136315,0.31364335796202514,41045.0,3.3566433566433567
278.19972179999996,2.470917551257816,4.405864666410701,41262.0,3.3496503496503496
278.39972159999996,8.923930996513121,46.058072218718216,43592.0,3.1372549019607843
278.59972139999996,5.640832348283784,23.39806443239772,44837.0,3.0573248407643314
278.79972119999996,14.43941046911344,89.2949068382856,48581.0,2.76878612716763
278.99972099999997,4.5497214727130295,30.023896635704904,45956.0,3.037974683544304
279.19972079999997,3.1339965397923875,6.452934097356151,46240.0,2.9751552795031055
279.39972059999997,4.050636913903695,40.493126182884744,44276.0,3.018867924528302
279.59972039999997,2.7973581369837968,6.086204926947425,43757.0,3.116883116883117
279.79972019999997,2.5689954734580036,2.8048967165554632,43742.0,3.130718954248366
279.99971999999997,2.504401327311273,5.102848952696292,43396.0,3.151315789473684
280.19971979999997,,1073.4786329425147,10223.0,3.7169811320754715
280.39971959999997,,1076.7194807299957,43680.0,3.1578947368421053
280.59971939999997,2.427215625143276,3.6400845040285827,43622.0,3.1578947368421053
280.79971919999997,2.3876515429831007,2.8797425285089058,43552.0,3.151315789473684
280.99971899999997,2.4889191560090493,5.037968490132015,43318.0,3.1788079470198674
281.19971879999997,2.282543048800166,1.2828502320755737,43381.0,3.1788079470198674
281.39971859999997,2.375859999076511,1.5292898107225377,43314.0,3.172185430463576
281.5997184,2.3572646814787497,2.1784086036181662,43388.0,3.185430463576159
281.7997182,2.36701244813278,0.6350717888276753,43380.0,3.1788079470198674
281.999718,6.380211560591308,44.400047912939776,45188.0,3.116883116883117
282.1997178,3.0640136466680135,12.934311817696848,44553.0,3.096774193548387
282.3997176,,1100.8866635233076,10183.0,3.792452830188679
282.5997174,,1252.9587954426754,20907.0,2.4622641509433962
282.7997172,,325.1844294819887,43941.0,3.1788079470198674
282.999717,2.307018142912427,0.42033169734623005,43929.0,3.1788079470198674
283.1997168,2.4367097243700537,2.4489392559167222,43972.0,3.19205298013245
283.3997166,2.645223377035075,4.5939509112821515,44163.0,3.19205298013245
283.5997164,2.3348762280761464,1.6001216750741343,44073.0,3.2133333333333334
283.7997162,2.5605987996622623,4.25631762517675,43821.0,3.2133333333333334
283.999716,,320.64255058566323,20330.0,2.5436893203883497
284.1997158,2.549469964664311,1.0568721786409843,20376.0,2.519230769230769
284.3997156,,318.7972338837098,43910.0,3.2266666666666666
284.5997154,3.952754317973073,15.434858351444722,44639.0,3.130718954248366
284.7997152,9.020261797382027,33.86570303515994,45455.0,2.8682634730538923
284.999715,,322.4619907363162,20896.0,2.0964912280701755
285.1997148,,33.9842542384889,20110.0,2.0707964601769913
285.3997146,3.7415677701436603,11.986049340598855,19212.0,2.110091743119266
285.5997144,,17.142432112134816,18455.0,2.2427184466019416
285.7997142,,6.537875623683951,18383.0,2.121495327102804
285.999714,3.5736608397504357,4.368113901197741,17791.0,2.1346153846153846
286.1997138,,408.73786196461896,39480.0,3.214765100671141
286.3997136,,384.3946002538193,17261.0,2.057142857142857
286.5997134,,385.7951768631642,39818.0,3.1933333333333334
286.7997132,,392.7480165323142,17075.0,2.1683168316831685
286.999713,,401.7750253907562,39344.0,3.287671232876712
287.1997128,,396.819756985958,16601.0,2.1717171717171717
287.3997126,2.479490891543009,0.10862438448746865,16578.0,2.1717171717171717
287.5997124,,393.9841556377774,39298.0,3.287671232876712
287.7997122,,397.83499783204627,16220.0,2.183673469387755
287.999712,,405.17172760879265,38869.0,3.3333333333333335
288.1997118,2.3055183429513604,1.6111185621089832,38816.0,3.3402777777777777
288.3997116,2.299639175257732,0.7688713629266858,38800.0,3.3333333333333335
288.5997114,,431.0382267874405,17620.0,2.1470588235294117
288.7997112,5.304497462521145,18.443589569330403,17143.0,1.9714285714285715
288.999711,,430.0455166524045,38084.0,3.096774193548387
289.1997108,,458.9731493074406,16169.0,1.663716814159292
289.3997106,,83.28272708878197,15796.0,1.4736842105263157
289.5997104,,60.98725999546754,15200.0,1.6363636363636365
289.7997102,,10.47507092274865,13982.0,1.6634615384615385
289.99971,,531.5457716642378,36094.0,3.1578947368421053
290.1997098,3.655959237926451,9.992192316736167,36112.0,3.1788079470198674
290.3997096,,521.9414902380462,12866.0,1.69
290.5997094,,539.0172142767893,34945.0,3.2653061224489797
290.7997092,,542.890493118139,12539.0,1.72
290.999709,,547.983834545337,34649.0,3.2653061224489797
291.1997088,2.3812197875358208,1.5248406073725043,34547.0,3.287671232876712
291.3997086,,546.2808786676311,12004.0,1.7171717171717171
291.5997084,,548.7028672519018,34478.0,3.310344827586207
291.7997082,,550.3100914377954,12093.0,1.7171717171717171
291.999708,,552.648952748654,34304.0,3.310344827586207
292.1997078,,548.4665959926598,11782.0,1.7171717171717171
292.3997076,,7.234349730900056,11597.0,1.7422680412371134
292.5997074,,3.0929883557931483,11984.0,1.7628865979381443
292.7997072,,550.7360803461149,34488.0,3.326388888888889
292.999707,,553.3965360149183,11835.0,1.7604166666666667
293.1997068,,557.0898917218165,34371.0,3.3333333333333335
293.3997066,2.3871164574616457,1.941128315786315,34416.0,3.3333333333333335
293.5997064,,554.053356437253,11690.0,1.7708333333333333
293.7997062,,564.8719527189481,33883.0,3.326388888888889
293.999706,,557.622873779859,11449.0,1.7422680412371134
294.1997058,,559.3512382748287,33856.0,3.3402777777777777
294.3997056,,559.6028969509175,11266.0,1.7395833333333333
294.5997054,,560.6365404956778,33798.0,3.3402777777777777
294.7997052,2.395243988684583,1.2353729105213258,33936.0,3.3333333333333335
294.999705,2.359898462174208,2.557761384590262,33879.0,3.3566433566433567
295.1997048,2.343320004704222,1.1352069589374207,34012.0,3.3636363636363638
295.3997046,,559.4299571539301,11628.0,1.7708333333333333
295.5997044,3.318554131054131,6.206547376880638,11232.0,1.75
295.7997042,,558.4488891627919,33716.0,3.3566433566433567
295.999704,2.328598484848485,0.9860873249659106,33792.0,3.3636363636363638
296.1997038,2.666030982279075,6.296613186555375,34084.0,3.3566433566433567
296.3997036,2.3248890586886883,1.1800027858861892,34027.0,3.3566433566433567
296.5997034,2.318502409780181,1.167356176888446,34028.0,3.3566433566433567
296.7997032,,594.6157139997592,14284.0,1.6923076923076923
296.999703,10.011423735984769,46.863887322367866,14181.0,1.6168224299065421
297.1997028,,22.978962356795453,14497.0,1.5555555555555556
297.3997026,,516.2697728173728,37190.0,3.0
297.5997024,,475.8177011521131,14247.0,1.5363636363636364
297.7997022,4.436548995739501,15.261760464639167,13144.0,1.5566037735849056
297.999702,,504.75976556739073,35982.0,3.116883116883117
298.19970179999996,3.115354130102474,9.246440395927307,35326.0,3.116883116883117
298.39970159999996,2.548312224196229,7.342236995788427,34898.0,3.164473684210526
298.59970139999996,,504.995885746943,12812.0,1.5660377358490567
298.79970119999996,,468.666467085663,37670.0,2.9447852760736195
298.99970099999996,4.225955040684044,15.619581056169883,36255.0,3.096774193548387
299.19970079999996,,503.7030028247332,13627.0,1.5188679245283019
299.39970059999996,,525.0986264090055,35390.0,3.1578947368421053
299.59970039999996,,492.6238935220702,12791.0,1.5922330097087378
299.79970019999996,,505.07372332993486,34727.0,3.2
299.99969999999996,,503.7151170872421,12579.0,1.5922330097087378
300.19969979999996,8.898070226349391,13.506338476092083,13784.0,1.5809523809523809
300.39969959999996,,498.75737234831536,36340.0,3.0573248407643314
300.59969939999996,9.121054211115052,47.13409443325882,36653.0,3.1578947368421053
300.79969919999996,,516.6174763893739,13970.0,1.6
300.99969899999996,,532.2128821261131,35996.0,3.2
301.19969879999996,3.3035030492128774,7.117554785882487,35255.0,3.2945205479452055
301.39969859999997,,537.4062990239661,12677.0,1.663265306122449
301.59969839999997,,562.3690979361122,34034.0,3.380281690140845
301.79969819999997,,547.7612719215781,10826.0,1.7717391304347827
301.99969799999997,,4.843056682789875,10908.0,1.7849462365591398
302.19969779999997,,560.8167371551983,33071.0,3.4532374100719423
302.39969759999997,2.4005935616728746,2.285214662195574,33021.0,3.460431654676259
302.59969739999997,,565.315775125427,10347.0,1.8131868131868132
302.79969719999997,,570.5647627921238,32718.0,3.4855072463768115
302.99969699999997,2.3311658576792746,0.43178645925301073,32757.0,3.4532374100719423
303.19969679999997,2.338784118348259,0.6858244544951415,32717.0,3.446043165467626
303.39969659999997,2.461489419836668,3.892445365924353,32939.0,3.4782608695652173
303.59969639999997,2.3853938730853392,2.5523222043128153,32904.0,3.4782608695652173
303.79969619999997,2.8278903169491016,6.628269223141816,33223.0,3.4532374100719423
303.999696,,605.9017173998213,18920.0,1.6076923076923078
304.1996958,,617.2407311948963,36467.0,3.3146853146853146
304.3996956,15.016166407677,38.32088361659942,36681.0,3.0372670807453415
304.5996954,,270.72746767513144,12249.0,1.6310679611650485
304.7996952,,377.6110313217557,32608.0,3.1788079470198674
304.999695,6.433207873141235,1.688808428498655,32414.0,3.2
305.1996948,,398.6870763478111,11814.0,1.5436893203883495
305.3996946,,398.48242235325046,32455.0,3.2432432432432434
305.5996944,7.65350486659093,4.621007878904114,32569.0,3.1372549019607843
305.7996942,,405.38386686757457,11355.0,1.4803921568627452
305.999694,,414.85556121171413,31844.0,3.2432432432432434
306.1996938,3.2156739417573434,1.304282302925671,31798.0,3.2653061224489797
306.3996936,10.137711738484398,46.417817816652075,33650.0,3.214765100671141
306.5996934,7.913952872650252,15.972010822750661,33993.0,3.2
306.7996932,9.542793217780414,51.992984610929156,37097.0,3.1933333333333334
306.999693,8.615542394174808,45.69480687693638,39003.0,3.280821917808219
307.1996928,9.902835350688111,64.15404659575158,42217.0,3.116883116883117
307.3996926,9.166505755662829,45.625409203522764,40395.0,3.287671232876712
307.5996924,,322.1774939992211,14100.0,2.4361702127659575
307.7996922,,368.493547690535,37303.0,3.404255319148936
307.999692,2.4924240385391716,1.6859134049193254,37157.0,3.446043165467626
308.1996918,6.97039205201092,43.49262162034102,35531.0,3.258503401360544
308.3996916,,21.681226622770506,36844.0,3.335616438356164
308.5996914,,11.03731965988771,34775.0,3.397163120567376
308.7996912,2.39791678688903,1.8185276326143642,34658.0,3.4285714285714284
308.999691,2.3025852617000404,0.27417323761397716,34658.0,3.4214285714285713
309.1996908,2.4047667079742934,0.9460814360880445,34699.0,3.446043165467626
309.3996906,2.355481727574751,2.3170382299246746,34615.0,3.4214285714285713
309.5996904,2.402151654120158,1.8397878133151357,34671.0,3.4214285714285713
309.7996902,2.3840757527642253,0.6375938294460365,34639.0,3.446043165467626
309.99969,2.7707026529320364,3.5537098741070396,34754.0,3.4285714285714284
310.1996898,2.4845182494378135,0.8124495997021651,34686.0,3.4214285714285713
310.3996896,2.4124574265427468,0.8781650553279685,34646.0,3.446043165467626
310.5996894,2.337935815592594,0.6654379235993714,34619.0,3.446043165467626
310.7996892,2.4625586145392826,2.2563640281364608,34761.0,3.4285714285714284
310.999689,14.374258865644927,42.764214339375215,35756.0,2.99375
311.1996888,,602.2948975196236,16692.0,1.4094488188976377
311.3996886,,469.69854911401336,40169.0,2.9447852760736195
311.5996884,14.775026690593553,27.40980894380522,44023.0,2.8511904761904763
311.7996882,7.854214604367223,39.94054612973243,42590.0,2.841463414634146
311.999688,4.723796681996581,21.198738579086978,41531.0,2.9559748427672954
312.1996878,3.5913082752044962,11.638358408745097,39854.0,2.981012658227848
312.3996876,2.5902578080068017,1.619458881964996,39991.0,3.019230769230769
312.5996874,2.7398841017888635,4.4902332846113095,39690.0,3.032258064516129
312.7996872,,433.4033306314284,17018.0,1.9345794392523366
312.999687,,433.01754116812367,39497.0,3.051948051948052
313.1996868,,371.5442786105571,17469.0,2.130841121495327
313.3996866,,438.21845795486655,41770.0,3.116883116883117
313.5996864,22.14964412034409,79.3110936485102,45802.0,2.5706521739130435
313.7996862,16.14411179849757,209.93428088809796,36208.0,3.076923076923077
313.999686,9.401259366897456,19.249517380392202,35097.0,3.151315789473684
314.1996858,8.989455084359324,19.479892277152185,35088.0,2.99375
314.3996856,16.7484961979344,59.86234305920343,35244.0,2.962962962962963
314.5996854,9.755618058978746,20.505262790819234,34487.0,3.0125786163522013
314.7996852,15.15116736105652,41.884969444593985,38163.0,2.874251497005988
314.999685,12.83700102966883,48.5214041899075,41761.0,2.7062146892655368
315.1996848,6.564762769691465,29.555065159164428,40741.0,2.9447852760736195
315.3996846,3.672972972972973,8.319447234091996,41070.0,2.8855421686746987
315.5996844,5.142214016540631,16.350465392738016,39539.0,2.9751552795031055
315.7996842,3.0919255938578862,7.953653472172479,38814.0,3.018867924528302
315.999684,2.400479863780604,2.285746767734746,38761.0,3.0125786163522013
316.1996838,2.3300131943186817,0.983083101391042,38653.0,3.0125786163522013
316.3996836,2.607191507954867,3.5273637216353873,38907.0,3.0125786163522013
316.5996834,2.27735460627895,0.48740683795472806,38860.0,3.018867924528302
316.7996832,8.920313648615535,25.19127314402974,40810.0,2.834319526627219
316.999683,4.129524145579191,15.225475498952202,39676.0,2.9207317073170733
317.1996828,2.8732512804831436,4.417957381079931,39243.0,2.938650306748466
317.3996826,2.5491144553644554,2.290014575547379,39072.0,2.9447852760736195
317.5996824,6.61864843003162,21.719457631817807,40797.0,2.8682634730538923
317.7996822,7.37313676549488,32.84959356046206,42869.0,2.857142857142857
317.999682,3.704243968086129,23.477440790430258,41612.0,2.834319526627219
318.1996818,3.7891925856110587,2.676515935990586,41379.0,2.8682634730538923
318.3996816,3.405081615334698,16.223360747585875,40066.0,3.0
318.5996814,2.515529044598812,3.8630673189507654,39732.0,3.050955414012739
318.7996812,2.272832602891542,0.7901989174072033,39702.0,3.050955414012739
318.999681,2.3415633721368767,2.129347428522058,39773.0,3.0573248407643314
319.1996808,2.460235733575629,2.444033488373613,39621.0,3.0705128205128207
319.3996806,2.2864455932417096,1.6828393303414608,39655.0,3.0705128205128207
319.5996804,2.5844869094191996,2.9185817750207788,39876.0,3.0573248407643314
319.7996802,2.2169941529273007,0.289278927936056,39849.0,3.050955414012739
319.99968,2.360513078470825,1.3782929051851205,39760.0,3.0705128205128207
320.19967979999996,2.292360393944737,0.7970605089673007,39701.0,3.0705128205128207
320.39967959999996,2.2492936427850654,0.3929272172643716,39640.0,3.0705128205128207
320.59967939999996,2.248606522232591,0.6878515231012956,39649.0,3.076923076923077
320.79967919999996,2.2658936223846737,1.049344444577903,39670.0,3.0705128205128207
320.99967899999996,2.2350825115717448,1.1732080510015521,39752.0,3.076923076923077
321.19967879999996,2.258995521111167,0.682276573439392,39742.0,3.0705128205128207
321.39967859999996,2.337890821353172,1.1485866955112365,39788.0,3.0705128205128207
321.59967839999996,2.309431314068022,1.4390704708494095,39899.0,3.050955414012739
321.79967819999996,2.2734126487163433,0.9188625354216217,39925.0,3.0573248407643314
321.99967799999996,2.4143736650332954,2.352179108890774,39795.0,3.076923076923077
322.19967779999996,2.5718889252536443,0.924522679582456,39721.0,3.050955414012739
322.39967759999996,7.981815533273447,29.717321113785346,41189.0,3.0125786163522013
322.59967739999996,3.2363248701107734,10.729306527705814,40804.0,2.99375
322.79967719999996,4.46811112197985,6.139908806110378,40892.0,2.938650306748466
322.99967699999996,4.101561542421494,5.855366971721794,40793.0,2.968944099378882
323.19967679999996,7.345702483218326,26.59525779539996,42606.0,2.8855421686746987
323.39967659999996,3.7399088153152076,4.877177625838676,41893.0,2.8855421686746987
323.59967639999996,5.976945047412316,20.95119906176113,43765.0,2.8176470588235296
323.79967619999996,5.028250169127768,23.240685245022146,42867.0,2.9207317073170733
323.99967599999997,4.857849055744128,13.771874979528572,43897.0,2.95679012345679
324.19967579999997,8.268061815840309,52.30209728111496,46590.0,2.891566265060241
324.39967559999997,6.619730982050474,13.231557837215222,44458.0,2.823529411764706
324.59967539999997,6.504359049840357,28.99727675433335,44161.0,2.9207317073170733
324.79967519999997,3.782377699579107,17.089630669810827,43479.0,2.938650306748466
324.99967499999997,2.8326532504868775,2.8477346991366,43132.0,2.926829268292683
325.19967479999997,3.0853401917231706,4.86660649517868,42770.0,2.981366459627329
325.39967459999997,3.0226721029436026,7.245004096616374,42431.0,3.018867924528302
325.59967439999997,2.515642589118199,0.8781576861325927,42640.0,3.0316455696202533
325.79967419999997,2.4016665886428537,3.04990038402657,42722.0,3.037974683544304
325.99967399999997,2.819189308747177,5.6497356732533275,42951.0,3.018867924528302
326.19967379999997,4.954590727997102,18.520014664132308,44176.0,2.9447852760736195
326.39967359999997,3.4095422015222083,1.992453258384121,44015.0,2.9447852760736195
326.5996734,4.523176885633903,18.352243798370136,44786.0,2.95679012345679
326.7996732,2.771148668521912,7.208037665019958,44199.0,3.0
326.999673,3.068806167707777,9.643768564906118,43063.0,3.076923076923077
327.1996728,3.490986362787222,9.867894837794896,42824.0,3.116883116883117
327.3996726,2.5886685684889867,1.6782599160904248,42766.0,3.151315789473684
327.5996724,2.4124428822495605,1.0061078274582165,42675.0,3.151315789473684
327.7996722,2.7014425553838226,1.3893129945230944,42702.0,3.151315789473684
327.999672,2.4287113245820606,1.6063896312277155,42889.0,3.151315789473684
328.1996718,2.5009442980717664,0.7018884573186623,42889.0,3.151315789473684
328.3996716,2.592349957734573,3.724862352959125,42588.0,3.1788079470198674
328.5996714,2.524646811311441,0.6246797289600483,42541.0,3.172185430463576
328.7996712,2.348616303402224,0.590532564898266,42531.0,3.172185430463576
328.999671,2.2858083790077863,0.5430865937624755,42511.0,3.172185430463576
329.1996708,11.75159403720153,61.257406966321525,45482.0,2.95679012345679
329.3996706,6.989359048965001,34.74900397041191,48116.0,2.938650306748466
329.5996704,4.002887518046988,38.90119775350194,45714.0,2.95679012345679
329.7996702,3.3666887417218545,6.74208531852688,45300.0,2.99375
329.99967,10.422447063732138,62.62386498888452,47935.0,2.834319526627219
330.1996698,4.3741391184573,26.521949812331755,46464.0,2.9207317073170733
330.3996696,3.1589449053392897,14.379925502131659,47010.0,2.938650306748466
330.5996694,4.715763715978364,8.046402386157222,46588.0,2.8855421686746987
330.7996692,4.908494357045144,15.450062876411533,46784.0,2.8682634730538923
330.999669,3.7522602813271773,11.716807863897392,46565.0,2.903030303030303
331.1996688,3.2914113096014255,6.074527165539141,46014.0,2.926829268292683
331.3996686,3.339365534001649,7.887542728910966,46086.0,2.95679012345679
331.5996684,3.1930923766416197,15.248056981172645,44849.0,3.0316455696202533
331.7996682,3.961606746560142,22.932901835790293,45060.0,3.0573248407643314
331.999668,2.6928329168154232,6.659258057776007,44816.0,3.0316455696202533
332.1996678,2.9532514302646273,11.009855837856984,43873.0,3.1103896103896105
332.3996676,2.534217555494151,7.833503658622654,43428.0,3.151315789473684
332.5996674,2.4957710578148533,4.118936058512164,43155.0,3.1578947368421053
332.7996672,2.3049584474673845,0.5132914784360293,43078.0,3.1578947368421053
332.999667,2.3023612175245525,0.94578514191666,43071.0,3.151315789473684
333.1996668,2.3516057971014495,0.6134112566652804,43125.0,3.1578947368421053
333.3996666,2.317944190153117,0.9273670705120667,43039.0,3.172185430463576
333.5996664,2.3757789343477955,4.12555715373895,42847.0,3.1788079470198674
333.7996662,3.535432529125768,11.90641882975095,43604.0,3.0903225806451613
333.999666,3.6623659327452893,14.146364967507235,44101.0,3.0705128205128207
334.1996658,2.8055709278730863,9.466251656131918,43368.0,3.1372549019607843
334.3996656,2.359403495002193,0.9908034562486925,43319.0,3.151315789473684
334.5996654,7.066046733428708,38.65367860046005,46134.0,2.9751552795031055
334.7996652,3.2684596906360146,15.628707477076269,44543.0,3.0903225806451613
334.999665,2.9617248496814144,10.674336286882816,44572.0,3.037974683544304
335.1996648,5.937466784765279,32.076977377512826,45160.0,2.926829268292683
335.3996646,2.957976179734729,6.912392638839141,44332.0,2.9691358024691357
335.5996644,,381.9196917968617,20200.0,2.0701754385964914
335.7996642,7.952474857030172,43.651942721924854,20284.0,1.9491525423728813
335.999664,,367.79605699313544,40966.0,3.050955414012739
336.1996638,2.813648618565881,8.91047235493553,40429.0,3.116883116883117
336.3996636,2.5419069065353495,1.6440708320972133,40411.0,3.1372549019607843
336.5996634,,372.63158534658254,17210.0,2.0961538461538463
336.7996632,,381.5988133361425,39906.0,3.1578947368421053
336.999663,2.3143895713211333,0.34011604009894997,39890.0,3.1578947368421053
337.1996628,2.3577239842791697,1.3769211713104823,39947.0,3.151315789473684
337.3996626,2.42278245101496,4.460294116184954,39706.0,3.1788079470198674
337.5996624,,381.6998301698687,16885.0,2.1067961165048543
337.7996622,,382.54745261630063,39726.0,3.1578947368421053
337.999662,2.3548550065676466,0.7471675800518208,39588.0,3.172185430463576
338.1996618,2.309532804432691,0.4340060935808699,39705.0,3.1788079470198674
338.3996616,2.359247839053733,0.5272763823839287,39566.0,3.1788079470198674
338.5996614,2.300106044538706,0.08308635742040417,39606.0,3.172185430463576
338.7996612,,380.08805888692723,16907.0,2.0673076923076925
338.999661,,383.82793973194833,39391.0,3.172185430463576
339.1996608,2.3396734984488634,0.7750524456358093,39326.0,3.2
339.3996606,2.3297866937531744,0.4660090275338385,39380.0,3.1933333333333334
339.5996604,2.3746864945659056,3.214047350694133,39473.0,3.2
339.7996602,,380.7037990756778,16570.0,2.107843137254902
339.99966,,383.81810774430016,39212.0,3.2
340.1996598,,386.7042386594616,16981.0,2.0476190476190474
340.3996596,,366.4534433004603,43400.0,2.9877300613496933
340.5996594,,372.9851426171483,16670.0,1.8878504672897196
340.7996592,,411.4495643779949,37642.0,3.076923076923077
340.999659,11.837130823099564,53.8459321183848,39412.0,2.8511904761904763
341.1996588,7.47015589035363,31.628658142476084,38232.0,3.0125786163522013
341.3996586,7.61325017837795,38.51249877668132,37841.0,2.9447852760736195
341.5996584,2.702407412366441,11.432864310602588,37343.0,2.962962962962963
341.7996582,3.7700410887130134,14.135274181964398,36263.0,3.096774193548387
341.999658,,455.30723734872083,14877.0,1.5585585585585586
342.19965779999995,,468.6531771789594,35658.0,3.096774193548387
342.39965759999995,,476.5495198200443,13362.0,1.6226415094339623
342.59965739999996,3.194755405612636,3.0454798158039877,13042.0,1.6226415094339623
342.79965719999996,,478.9584858172334,35228.0,3.1372549019607843
342.99965699999996,,474.5648659981735,14571.0,1.5315315315315314
343.19965679999996,,462.4357074276755,35825.0,3.0705128205128207
343.39965659999996,,475.41464556003297,14042.0,1.5545454545454545
343.59965639999996,4.929529515898413,6.220098885154446,14687.0,1.5446428571428572
343.79965619999996,,480.9345526266475,35695.0,3.116883116883117
343.99965599999996,2.845782440005748,11.454197084409579,34795.0,3.116883116883117
344.19965579999996,,488.0415306720853,13105.0,1.6074766355140186
344.39965559999996,,483.91378654733535,35007.0,3.1103896103896105
344.59965539999996,,483.779433674451,12572.0,1.619047619047619
344.79965519999996,,495.2947724063462,34481.0,3.1578947368421053
344.99965499999996,,493.6465356169707,12594.0,1.6285714285714286
345.19965479999996,,491.03639103079956,34580.0,3.1578947368421053
345.39965459999996,,491.32359770910807,12813.0,1.6285714285714286
345.59965439999996,,490.42059481799237,34677.0,3.1578947368421053
345.79965419999996,7.702298381612947,32.56239809449936,36765.0,3.018867924528302
345.99965399999996,3.114484860456585,20.630947903227952,35437.0,3.1103896103896105
346.19965379999996,,498.82824245880596,14499.0,1.5357142857142858
346.39965359999997,,481.67779821704914,36299.0,3.037974683544304
346.59965339999997,,473.1095241646165,14208.0,1.5504587155963303
346.79965319999997,,11.174771691638925,13786.0,1.5660377358490567
346.99965299999997,,19.642780525188723,12605.0,1.6116504854368932
347.19965279999997,,506.00551188048166,34079.0,3.221476510067114
347.39965259999997,2.3389502681475838,0.6709331890819005,34123.0,3.25
347.59965239999997,,497.11209539606824,11966.0,1.6435643564356435
347.79965219999997,,504.56284019852484,33624.0,3.2364864864864864
347.99965199999997,2.407319673101978,3.223473021792241,33772.0,3.2653061224489797
348.19965179999997,2.3160967225745273,1.9903977867825913,33746.0,3.2653061224489797
348.39965159999997,,504.85711618549783,11841.0,1.66
348.59965139999997,,2.7425930617086376,11529.0,1.6464646464646464
348.79965119999997,,512.4872267616881,33336.0,3.258503401360544
348.999651,,508.47617843653023,11558.0,1.64
349.1996508,,3.022594001597116,11415.0,1.6464646464646464
349.3996506,,508.1288899157307,33372.0,3.2653061224489797
349.5996504,2.4948484307069263,4.288438872175751,33582.0,3.2653061224489797
349.7996502,,506.93516230273536,11818.0,1.66
349.99965,,509.7345989406468,33416.0,3.258503401360544
350.1996498,,506.9426690730313,11639.0,1.64
350.3996496,,2.8223988756670595,11351.0,1.6363636363636365
350.5996494,,511.8290311916157,33207.0,3.2653061224489797
350.7996492,2.5349853787947305,2.7710467540460653,33171.0,3.287671232876712
350.999649,,514.1864701760254,11247.0,1.663265306122449
351.1996488,,2.696577216459822,11462.0,1.6666666666666667
351.3996486,,509.6270041093597,33394.0,3.287671232876712
351.5996484,2.290623406998711,0.6459295506958351,33349.0,3.2945205479452055
351.7996482,,507.90477494184074,11481.0,1.6464646464646464
351.999648,,515.8543991195019,33068.0,3.303448275862069
352.1996478,,514.6899996708654,11146.0,1.6428571428571428
352.3996476,,2.8304089464484523,11343.0,1.6464646464646464
352.5996474,,438.2139306402162,37127.0,3.018867924528302
352.7996472,,482.27767867903117,13526.0,1.5943396226415094
352.999647,11.004182665935272,32.17209701033281,14584.0,1.4864864864864864
353.1996468,,493.6029098934643,35366.0,3.096774193548387
353.3996466,,503.09592996004557,12719.0,1.5566037735849056
353.5996464,,512.8600045989406,34650.0,3.1578947368421053
353.7996462,,508.59870114924854,12503.0,1.5865384615384615
353.999646,3.067225509533202,2.1915340564826575,12168.0,1.5769230769230769
354.1996458,,4.848118690762649,12195.0,1.5865384615384615
354.3996456,,3.020093085561028,12021.0,1.5825242718446602
354.5996454,,517.263157449498,34126.0,3.185430463576159
354.7996452,2.4763406940063093,2.6762144467744684,34236.0,3.1788079470198674
354.999645,,516.2634716371733,12395.0,1.6019417475728155
355.1996448,2.9410121590535656,1.9225249500818298,12172.0,1.5825242718446602
355.3996446,,3.397936255090703,12179.0,1.5769230769230769
355.5996444,,2.9707428682621635,11969.0,1.5825242718446602
355.7996442,,515.4564617725239,34029.0,3.2
355.999644,2.423109550972649,3.451904654134169,34185.0,3.172185430463576
356.1996438,2.4279891699903926,1.0589377178650365,34349.0,3.2
356.3996436,,511.3312909693244,12439.0,1.5865384615384615
356.5996434,2.6923139224103023,0.17558363203730537,12347.0,1.5865384615384615
356.7996432,,5.476921906081895,12454.0,1.5769230769230769
356.999643,2.5659225951501528,0.4163048360964446,12454.0,1.5922330097087378
357.1996428,,11.323275221701971,13929.0,1.5794392523364487
357.3996426,4.19340283180333,16.20118767031558,12854.0,1.6470588235294117
357.5996424,3.331617469637256,3.0239682255809277,12433.0,1.6274509803921569
357.7996422,,41.94476662636948,15258.0,1.4867256637168142
357.999642,,449.85100859628477,39231.0,2.823529411764706
358.1996418,5.134011581575732,19.011409940993328,37646.0,2.9447852760736195
358.3996416,3.203481603811896,6.264430868360468,36937.0,2.99375
358.5996414,,504.16865297586446,14402.0,1.5229357798165137
358.7996412,7.489800347222222,35.78235117249611,13824.0,1.5943396226415094
358.999641,,13.540932625496366,13338.0,1.6153846153846154
359.1996408,,4.9470265675423875,12729.0,1.6435643564356435
359.3996406,,4.979538855480909,12796.0,1.6372549019607843
359.5996404,,511.7490295911455,34737.0,3.2432432432432434
359.7996402,,511.0651742249343,13233.0,1.6538461538461537
359.99964,,27.816919336672285,14752.0,1.5545454545454545
360.1996398,4.064856489338154,17.15557709816647,13553.0,1.6601941747572815
360.3996396,,474.0131921899696,37275.0,3.0705128205128207
360.5996394,,503.556850416749,14255.0,1.5420560747663552
360.7996392,,14.246528032755915,13702.0,1.542857142857143
360.999639,,523.6809021445466,35886.0,3.1788079470198674
361.1996388,3.122951527893782,16.53618403597418,34721.0,3.258503401360544
361.3996386,,542.7143214030988,13325.0,1.6116504854368932
361.5996384,3.9967190063276306,10.545973297105885,12801.0,1.7
361.7996382,,531.827473998195,35579.0,3.2432432432432434
361.999638,,520.8616077035753,13151.0,1.7575757575757576
362.1996378,,537.5921132582672,34535.0,3.3566433566433567
362.3996376,2.6893359808444783,7.379157670216651,34246.0,3.387323943661972
362.5996374,,536.7257111962508,11880.0,1.8085106382978724
362.7996372,,544.0051080782341,34048.0,3.380281690140845
362.999637,,541.1860348776614,11933.0,1.797872340425532
363.1996368,2.6160871386677838,0.9999004778910359,11935.0,1.7894736842105263
363.3996366,,55.462796848129436,15332.0,1.5221238938053097
363.5996364,,20.888311103587547,14512.0,1.6261682242990654
363.7996362,3.6842067168500288,8.29963503156647,13816.0,1.6571428571428573
363.999636,,1.4792828050242475,13524.0,1.6893203883495145
364.1996358,,510.33363566824517,35856.0,3.1788079470198674
364.39963559999995,,474.70564400139403,15727.0,1.543859649122807
364.59963539999995,,459.0103881392763,37998.0,3.0
364.79963519999995,3.884942646346061,11.883366726121501,37138.0,3.0705128205128207
364.99963499999996,,483.11241650703374,14454.0,1.669811320754717
365.19963479999996,3.0724043715846996,3.3440610992624764,14640.0,1.6981132075471699
365.39963459999996,3.113753077734787,4.115068426112865,14215.0,1.7047619047619047
365.59963439999996,,489.6711953418366,36453.0,3.1372549019607843
365.79963419999996,,488.29058825090686,14162.0,1.7047619047619047
365.99963399999996,,488.70861303104647,36577.0,3.164473684210526
366.19963379999996,14.755800597289225,35.36231017420872,39177.0,2.9207317073170733
366.39963359999996,3.48554175201511,28.344628601723375,37591.0,2.95679012345679
366.59963339999996,3.3319203391186116,6.061691984197576,37509.0,2.8855421686746987
366.79963319999996,6.742287999592429,17.66697942464964,39257.0,2.8402366863905324
366.99963299999996,,394.27402704130674,15489.0,1.625
367.19963279999996,6.216126681242961,34.71902896043196,15093.0,1.5982142857142858
367.39963259999996,,457.0066761307988,36539.0,3.076923076923077
367.59963239999996,2.705833517821563,4.500964905687729,36136.0,3.116883116883117
367.79963219999996,,456.48161550375676,13920.0,1.6886792452830188
367.99963199999996,,437.54414311173,37427.0,2.9447852760736195
368.19963179999996,,471.2365089803793,14549.0,1.5765765765765767
368.39963159999996,,478.9638990725849,38013.0,2.7745664739884393
368.59963139999996,9.63172577615733,33.20415408696624,36204.0,3.076923076923077
368.79963119999996,,100.32667448818275,34397.0,2.9271523178807946
368.99963099999997,,356.1504295737438,18360.0,2.2169811320754715
369.19963079999997,,437.77517326742304,41309.0,3.1324503311258276
369.39963059999997,6.821987063517633,16.60848527516835,40351.0,3.2916666666666665
369.59963039999997,3.9836495099891667,13.3342838433181,39693.0,3.2758620689655173
369.79963019999997,3.1652428853055654,1.0101476087069705,39566.0,3.282758620689655
369.99962999999997,2.9830663383178044,2.9140424660866833,39389.0,3.3286713286713288
370.19962979999997,2.9236256925295354,4.043300267290382,39529.0,3.3286713286713288
370.39962959999997,2.8129311442026217,2.6911867879449707,39285.0,3.352112676056338
370.59962939999997,,14.267573580210051,41157.0,3.26027397260274
370.79962919999997,,13.415125542839819,39207.0,3.352112676056338
370.99962899999997,,389.3524488012655,16569.0,2.5
371.19962879999997,,391.20714211920205,39186.0,3.382978723404255
371.39962859999997,2.334729529549982,0.3236750281100465,39154.0,3.375886524822695
371.5996284,,14.291610100468946,41036.0,3.282758620689655
371.7996282,,399.48025172712926,16727.0,2.473684210526316
371.999628,,388.45180000923864,39105.0,3.375886524822695
372.1996278,,388.9023782083973,16676.0,2.5106382978723403
372.3996276,2.734561213434453,1.5405316808281246,16614.0,2.5106382978723403
372.5996274,,389.4245529957002,38948.0,3.4
372.7996272,2.352060598279625,0.24598385680671608,38945.0,3.407142857142857
372.999627,2.3439096393274292,0.08219231328665963,38955.0,3.4
373.1996268,,13.635724882848999,40782.0,3.3055555555555554
373.3996266,,13.83062235544347,39005.0,3.4
373.5996264,,389.9460036100911,16616.0,2.5376344086021505
373.7996262,,377.3126967467596,40062.0,3.1933333333333334
373.999626,,368.7545129894575,17679.0,2.41
374.1996258,,381.5340502376983,39656.0,3.3566433566433567
374.3996256,3.6965198705757403,5.420575066996302,40487.0,3.287671232876712
374.5996254,4.241838907678818,1.0756589541997004,39915.0,3.2653061224489797
374.7996252,3.7898669628657258,8.425332986383367,39613.0,3.310344827586207
374.999625,5.739438008380577,11.360164478538605,40570.0,3.214765100671141
375.1996248,5.450957056431617,28.03225267053378,40332.0,3.151315789473684
375.3996246,4.289420617745426,9.037103465123707,40664.0,3.1578947368421053
375.5996244,4.413086813515399,25.399412022922867,40132.0,3.214765100671141
375.7996242,3.48519801980198,4.506877394155327,40400.0,3.214765100671141
375.999624,3.3669113410326426,6.0071235232288975,39917.0,3.258503401360544
376.1996238,2.959823017850786,4.417109190971457,39326.0,3.310344827586207
376.3996236,2.6708735398679533,1.070251209344423,39380.0,3.326388888888889
376.5996234,2.7648211286957407,2.021262088150261,39302.0,3.380281690140845
376.7996232,2.347012073972184,0.9128425684182792,39258.0,3.3496503496503496
376.999623,2.3557846506300115,0.5850546479671215,39285.0,3.3496503496503496
377.1996228,2.3878818737270877,0.35308895564815024,39280.0,3.3496503496503496
377.3996226,2.3122342457033738,0.2983224250713794,39275.0,3.3496503496503496
377.5996224,2.3039539972520484,0.5517824227556518,39302.0,3.3566433566433567
377.7996222,2.375499503677874,1.777338808970871,39289.0,3.3566433566433567
377.999622,2.4286333061557275,2.030546315187707,39248.0,3.3661971830985915
378.1996218,2.367426560587515,0.9905457800728298,39216.0,3.387323943661972
378.3996216,2.3413806303432434,0.33772718495227755,39185.0,3.3732394366197185
378.5996214,2.3330526852914915,0.43853550908978034,39195.0,3.380281690140845
378.7996212,2.337895353875169,0.22155061547656327,39237.0,3.380281690140845
378.999621,2.352003468768332,0.6059491795488195,39207.0,3.3732394366197185
379.1996208,2.3479900137565597,0.5890206392870169,39254.0,3.380281690140845
379.3996206,2.3421885367222988,0.5492187372213534,39186.0,3.380281690140845
379.5996204,6.178203130796053,14.607781019651439,40437.0,3.2
379.7996202,3.7513803720007126,11.065441349456698,39301.0,3.3333333333333335
379.99962,7.48325487230773,17.844731445309662,40997.0,3.1933333333333334
380.1996198,3.8944338294448912,11.070634389831458,39776.0,3.303448275862069
380.3996196,2.886379604536786,4.445571434825562,39852.0,3.326388888888889
380.5996194,3.7775788597796214,2.968428194635062,39659.0,3.258503401360544
380.7996192,6.913583600889108,24.33878919930171,40490.0,3.172185430463576
380.999619,8.337110127310472,57.12235327693867,39981.0,3.050955414012739
381.1996188,3.791877778926688,17.18449695682353,38684.0,3.172185430463576
381.3996186,4.305212799330754,5.15955816240814,38252.0,3.2432432432432434
381.5996184,3.2323768759247518,3.3352268460144967,37848.0,3.2653061224489797
381.7996182,3.841504738709165,7.078164461471927,37774.0,3.280821917808219
381.999618,3.1961858716089178,5.975704138127313,37230.0,3.3333333333333335
382.1996178,2.7713183486484314,1.3295931562486407,37327.0,3.326388888888889
382.3996176,2.401070377308001,1.270100191458833,37370.0,3.310344827586207
382.5996174,2.4667992368258402,1.3684042904713982,37213.0,3.3333333333333335
382.7996172,2.4162645893420307,1.2869280352194354,37099.0,3.3566433566433567
382.999617,3.8759018371999465,3.409362183126381,37285.0,3.280821917808219
383.1996168,3.7203135065492807,1.5786566687212713,37256.0,3.280821917808219
383.3996166,3.1090630213659116,1.6176224666303363,37162.0,3.310344827586207
383.5996164,2.477795368556632,1.3385176781819796,37267.0,3.287671232876712
383.7996162,2.614050749337229,2.8661839946683085,36966.0,3.3333333333333335
383.999616,2.569836956521739,1.594163623632609,36800.0,3.3333333333333335
384.1996158,2.440599173553719,0.19091738722223026,36784.0,3.326388888888889
384.3996156,2.4738928561731246,0.12483432134050897,36829.0,3.326388888888889
384.5996154,2.4112486122017924,1.3634558167621902,36929.0,3.303448275862069
384.7996152,2.6051190765164387,1.7690190602168676,37077.0,3.310344827586207
384.999615,2.4659167725711812,1.595318679551488,36983.0,3.3333333333333335
385.1996148,2.449210790839197,1.4845885148741997,36809.0,3.3566433566433567
385.3996146,2.4625218054949847,1.6754905890836977,36688.0,3.3566433566433567
385.5996144,2.398077343237929,1.120443162856622,36616.0,3.3566433566433567
385.7996142,2.3333424545081405,0.5156030190363019,36545.0,3.3732394366197185
385.999614,2.3547795626830137,0.06341793614767137,36541.0,3.380281690140845
386.1996138,2.360347797555574,0.47169817010978343,36573.0,3.3496503496503496
386.39961359999995,2.3516624740238434,0.857260219072025,36572.0,3.3732394366197185
386.59961339999995,2.350399518388792,0.9605434450956173,36544.0,3.3566433566433567
386.79961319999995,2.4491232876712328,1.409318159687916,36500.0,3.3732394366197185
386.99961299999995,2.3651348106101953,0.8316982976688774,36644.0,3.3566433566433567
387.19961279999995,2.332279171210469,0.291818365826024,36680.0,3.3496503496503496
387.39961259999995,2.5989193005322035,1.493928480017344,36828.0,3.3566433566433567
387.59961239999996,2.4141910606636614,0.5674503015588905,36826.0,3.3566433566433567
387.79961219999996,6.918127887442251,12.854870921854431,38096.0,3.2
387.99961199999996,5.77274981079882,1.2292148400180272,38319.0,3.2
388.19961179999996,5.662110722223641,11.442244684244306,39143.0,3.2364864864864864
388.39961159999996,4.9910952330169565,19.894764869950873,37508.0,3.1933333333333334
388.59961139999996,6.2417726955494715,8.959792245681006,37254.0,3.2432432432432434
388.79961119999996,3.6848708093102713,2.9081756549131077,37464.0,3.2
388.99961099999996,4.478862497276095,14.789796857508263,36712.0,3.287671232876712
389.19961079999996,6.658683283662964,25.144998394394257,36910.0,3.2364864864864864
389.39961059999996,3.868577535417751,7.15853876568179,36493.0,3.310344827586207
389.59961039999996,3.658129608071401,7.431679230562343,36078.0,3.287671232876712
389.79961019999996,3.7674143705496608,5.733701319062352,35531.0,3.3496503496503496
389.99960999999996,3.283355124779717,5.14147226852533,35182.0,3.4532374100719423
390.19960979999996,2.5611647727272726,0.44105464281466233,35200.0,3.4532374100719423
390.39960959999996,2.4346034722814194,0.12745272274526107,35193.0,3.4285714285714284
390.59960939999996,2.7861104757548034,2.4774577985461463,34976.0,3.4782608695652173
390.79960919999996,2.363875242773906,0.5954553283563068,35012.0,3.4782608695652173
390.99960899999996,2.415658342629938,0.2701566302725239,34959.0,3.4782608695652173
391.19960879999996,3.1651389164798367,2.7269250124091844,35237.0,3.4285714285714284
391.39960859999997,2.5783400925344147,2.661151547246363,35014.0,3.4532374100719423
391.59960839999997,2.436192647477914,1.4899997591578968,35090.0,3.4782608695652173
391.79960819999997,2.523062862365407,0.8819262021184875,35013.0,3.4782608695652173
391.99960799999997,2.489136649514008,0.12506631092971315,34980.0,3.4782608695652173
392.19960779999997,2.49605172808423,0.5614842550388038,34952.0,3.4782608695652173
392.39960759999997,2.5672966452205883,1.6695732873172946,34816.0,3.5036496350364965
392.59960739999997,2.3771607419743868,0.43116333549035474,34826.0,3.5036496350364965
392.79960719999997,10.225421215797278,22.423965145010744,37095.0,3.221476510067114
392.99960699999997,11.898041413171097,25.6628029154712,37476.0,2.8682634730538923
393.19960679999997,,157.91755077326096,15616.0,2.9345794392523366
393.39960659999997,,184.54184328243903,33952.0,3.0316455696202533
393.59960639999997,6.813246405069461,15.125857711829308,32824.0,3.096774193548387
393.79960619999997,4.1531750482956316,14.57911509202058,32094.0,3.2066666666666666
393.99960599999997,3.0086931509476176,11.251124306873983,31289.0,3.272108843537415
394.1996058,2.491625647254363,0.8395746322714003,31286.0,3.2432432432432434
394.3996056,,177.37253895347826,13009.0,3.0606060606060606
394.5996054,,159.27112044094196,32898.0,3.076923076923077
394.7996052,4.4324957809863115,9.537468993333002,31998.0,3.116883116883117
394.999605,5.933169294328503,10.222730590811619,32919.0,3.096774193548387
395.1996048,3.379401706768539,7.823401527270186,32459.0,3.1372549019607843
395.3996046,3.7050003098085385,7.678118484454073,32278.0,3.1788079470198674
395.5996044,7.3072589446361675,21.87627852484223,33903.0,3.0573248407643314
395.7996042,9.443688498262622,13.197942700043706,34247.0,3.096774193548387
395.999604,4.862019031857675,6.850402494994517,33838.0,3.1578947368421053
396.1996038,3.9250949562759474,4.836731653193574,33963.0,3.214765100671141
396.3996036,3.2025640280240704,3.596349470328003,34399.0,3.2364864864864864
396.5996034,3.100542168674699,14.389684746758784,33200.0,3.3333333333333335
396.7996032,2.437339535445676,1.2312289770854992,33107.0,3.326388888888889
396.999603,2.430168948529634,0.8097562142733401,33087.0,3.326388888888889
397.1996028,2.3202349789979912,2.4961820214136328,32854.0,3.326388888888889
397.3996026,2.326889226100152,0.843809815975623,32950.0,3.326388888888889
397.5996024,2.3823654090716406,0.5348667533659529,33026.0,3.326388888888889
397.7996022,2.6489980801535875,4.339357465260715,33336.0,3.3333333333333335
397.999602,2.3524595117234712,2.666876804149225,33096.0,3.3333333333333335
398.1996018,2.459560938682816,1.243660865231673,33025.0,3.3496503496503496
398.3996016,2.3174607979657322,0.14072103357599045,33034.0,3.3566433566433567
398.5996014,2.273092612177066,0.9516761226872812,33095.0,3.3496503496503496
398.7996012,2.433897792561234,0.8436767042718017,33070.0,3.3496503496503496
398.999601,2.316870813974537,0.6355897540277953,33146.0,3.3566433566433567
399.1996008,2.5323622165490316,2.425696853848906,33295.0,3.303448275862069
399.3996006,7.617384865141978,23.961052601935382,35111.0,3.172185430463576
399.5996004,5.25684163922632,16.377518996361786,36139.0,3.116883116883117
399.7996002,19.162511365267743,75.99395447493033,41794.0,2.7586206896551726
399.9996,8.151785932273738,41.56678960035914,40959.0,2.9751552795031055
400.1995998,5.745992032646716,15.129809905244551,41168.0,2.932515337423313
400.3995996,4.832044518320445,22.408921461128983,41511.0,3.0573248407643314
400.5995994,3.260608924929108,12.931460046391875,40202.0,3.151315789473684
400.7995992,3.122542890011504,1.325257744110412,39986.0,3.1103896103896105
400.999599,3.4615935762816554,7.7378429990000095,40475.0,3.1372549019607843
401.1995988,2.590204983429483,2.020472702212394,40735.0,3.130718954248366
401.3995986,3.9513944610596443,9.450201143827423,41127.0,3.116883116883117
401.5995984,3.5239679783950617,7.688435559193867,41472.0,3.1578947368421053
401.7995982,2.996197440585009,7.5048606945203735,41025.0,3.2
401.999598,2.321225244513649,2.0527669020939245,41102.0,3.172185430463576
402.1995978,2.4006123639191292,1.1310300941885227,41152.0,3.172185430463576
402.3995976,2.764724447681476,2.7936266664697693,41190.0,3.2
402.5995974,2.319491998737282,1.395474511419948,41181.0,3.221476510067114
402.7995972,6.2097620385984635,19.350756289245407,42696.0,2.99375
402.999597,4.980123277235266,18.19472487112806,43317.0,2.95679012345679
403.1995968,6.353497629483853,31.185363394068176,44716.0,2.938650306748466
403.3995966,5.47693262686501,17.653406142374415,45107.0,2.9207317073170733
403.5995964,5.092088197146563,27.087040415937665,43947.0,3.0705128205128207
403.7995962,5.5914468900786565,30.165828412553484,45387.0,3.076923076923077
403.999596,5.408338891159829,32.01923933518588,46481.0,3.0705128205128207
404.1995958,3.691555007052186,29.321968866272787,45376.0,3.096774193548387
404.3995956,3.3483799378606305,10.119713462973198,45060.0,3.151315789473684
404.5995954,3.4129659354378457,11.110106609283832,44856.0,3.221476510067114
404.7995952,2.8661431179744383,7.464559587192423,45459.0,3.172185430463576
404.999595,2.595118481305295,5.645850469303117,44986.0,3.1788079470198674
405.1995948,2.9822115276497176,7.471580111159269,44467.0,3.2432432432432434
405.3995946,2.4249424197263245,2.3943088376410473,44286.0,3.2653061224489797
405.5995944,2.4506011617958303,3.267350300387449,44414.0,3.287671232876712
405.7995942,2.571693966786742,4.754001445688231,44139.0,3.287671232876712
405.999594,2.5349005261612807,2.7037690416802262,44283.0,3.2364864864864864
406.1995938,2.3298460144927535,0.974821513850178,44160.0,3.2653061224489797
406.3995936,13.191219818124804,68.62662330762016,47835.0,2.926829268292683
406.5995934,4.092430813064337,6.164608924592392,47733.0,2.8682634730538923
406.7995932,4.060112481072896,17.720899098062016,46230.0,3.050955414012739
406.999593,3.0859750135795765,10.725718826687837,46025.0,3.0316455696202533
407.1995928,3.7993415198433884,12.402373297098896,44952.0,3.1372549019607843
407.3995926,2.5595586929497425,4.087844679888291,45048.0,3.1372549019607843
407.5995924,2.7584076561903266,6.007661731395432,44513.0,3.172185430463576
407.7995922,2.543084026677968,5.277905644998298,44831.0,3.172185430463576
407.999592,2.460607551896922,2.117421449254645,44704.0,3.2
408.1995918,2.434271720326226,3.1181570605317352,44509.0,3.2
408.3995916,2.268977009164809,0.3400490503588786,44409.0,3.2
408.59959139999995,2.356407669021191,2.916194289016077,44595.0,3.2
408.79959119999995,,286.4453697382856,21410.0,2.764705882352941
408.99959099999995,,285.3244875766286,44564.0,3.221476510067114
409.19959079999995,2.40411283230738,2.4586752633004894,44349.0,3.2432432432432434
409.39959059999995,2.37418510748686,2.172139659942779,44331.0,3.2364864864864864
409.59959039999995,2.289075023141354,1.0781071786460836,44293.0,3.214765100671141
409.79959019999995,2.286429554117143,0.9941825660218854,44339.0,3.2364864864864864
409.99958999999996,2.3099765681326603,1.7889004421649897,44384.0,3.2432432432432434
410.19958979999996,2.4491930596395144,1.7623339962260114,44551.0,3.214765100671141
410.39958959999996,2.3458609568177744,1.0854751238785212,44648.0,3.2432432432432434
410.59958939999996,,309.548248040838,22538.0,2.5688073394495414
410.79958919999996,,4.56477876517718,22501.0,2.532110091743119
410.99958899999996,,65.19197965493643,23237.0,2.299145299145299
411.19958879999996,,301.14518580587924,45570.0,2.99375
411.39958859999996,3.0543701914474863,17.52874134267596,44712.0,2.99375
411.59958839999996,4.486354047639975,28.20319723496451,45508.0,2.99375
411.79958819999996,2.9927479110830837,14.091183734704048,44401.0,3.018867924528302
411.99958799999996,,364.0822702204445,20011.0,2.2018348623853212
412.19958779999996,,397.16372878790844,40591.0,3.2432432432432434
412.39958759999996,3.0923446618606247,3.0206338634735626,40782.0,3.2653061224489797
412.59958739999996,2.9241265704521426,5.7133138362971145,40673.0,3.280821917808219
412.79958719999996,2.6363726831695486,9.649014378522718,40195.0,3.280821917808219
412.99958699999996,2.509317542855721,2.0483176492723145,40193.0,3.310344827586207
413.19958679999996,2.7039650620543316,4.10387630749605,40529.0,3.280821917808219
413.39958659999996,2.59662167219741,4.354971774309461,40079.0,3.326388888888889
413.59958639999996,,382.479272256425,16763.0,2.381443298969072
413.79958619999996,,386.56043186168677,40137.0,3.280821917808219
413.99958599999997,7.966484092763081,43.14893335043527,42905.0,3.076923076923077
414.19958579999997,3.251029004693706,8.410178736993023,41545.0,3.116883116883117
414.39958559999997,,436.60974319463224,19692.0,1.7583333333333333
414.59958539999997,,418.01970344947466,40579.0,3.0316455696202533
414.79958519999997,,442.4692511053861,17665.0,1.8482142857142858
414.99958499999997,,37.35496936809046,17019.0,1.8878504672897196
415.19958479999997,,474.81415944565566,39268.0,3.1578947368421053
415.39958459999997,2.8901498765871905,1.7476288655515175,39299.0,3.1788079470198674
415.59958439999997,2.8251130344916677,13.04936627309699,38705.0,3.2432432432432434
415.79958419999997,2.530292434014557,2.1102690259664216,38607.0,3.304054054054054
415.99958399999997,,458.81368101150383,15087.0,2.04040404040404
416.19958379999997,,462.8334498082031,38196.0,3.287671232876712
416.39958359999997,,464.94477792176053,15098.0,2.0505050505050506
416.5995834,,20.93052365553072,16079.0,1.9611650485436893
416.7995832,,0.9013268059503944,15425.0,1.8018867924528301
416.999583,,478.30455577064396,36852.0,3.2432432432432434
417.1995828,3.3933062279544415,3.6316146817545207,37139.0,3.1788079470198674
417.3995826,3.0702316412025628,8.188332076989186,36522.0,3.287671232876712
417.5995824,,490.031636990967,13468.0,1.9583333333333333
417.7995822,,497.97810487598684,36066.0,3.3566433566433567
417.999582,2.728866263070996,4.663843743822359,36340.0,3.3333333333333335
418.1995818,4.530533631441425,7.238448910329356,37123.0,3.2432432432432434
418.3995816,,475.096766957077,14074.0,1.8415841584158417
418.5995814,3.591906625663964,2.5649355296934524,14308.0,1.8333333333333333
418.7995812,,6.033162644733712,15288.0,1.838095238095238
418.999581,,479.44452287015326,36980.0,3.258503401360544
419.1995808,,475.31258803064134,13874.0,1.9387755102040816
419.3995806,,474.4293750840257,36673.0,3.303448275862069
419.5995804,2.4076514985779918,1.5725830431402452,36568.0,3.310344827586207
419.7995802,,483.297031401032,13952.0,1.9489795918367347
419.99958,,458.82824753358096,37585.0,3.1788079470198674
420.1995798,2.7160650599805467,12.838267118153805,37012.0,3.1578947368421053
420.3995796,7.674344549410891,38.46603813649148,37684.0,3.0903225806451613
420.5995794,3.064011959771677,12.389334390133959,36790.0,3.1372549019607843
420.7995792,3.7708500013794244,10.36167349504284,36247.0,3.214765100671141
420.999579,3.0421422547090247,16.482871579432434,35570.0,3.287671232876712
421.1995788,3.111408122790377,10.238282310600407,34791.0,3.380281690140845
421.3995786,2.7243328744251443,14.164181387865542,34139.0,3.404255319148936
421.5995784,,579.8878517992306,11034.0,1.8571428571428572
421.7995782,3.79963359367467,4.702405004920047,10371.0,1.8555555555555556
421.999578,,592.8186817635728,33083.0,3.4782608695652173
422.1995778,,593.6380147114571,10533.0,1.8461538461538463
422.3995776,,595.4285592542523,33111.0,3.4963503649635035
422.5995774,,591.5304297605667,10167.0,1.8555555555555556
422.7995772,2.9242364532019702,3.9245270411395388,10150.0,1.8131868131868132
422.999577,,597.35287484794,32665.0,3.5036496350364965
423.1995768,,598.0078539191396,10097.0,1.8241758241758241
423.3995766,2.6745,2.1490958150498534,10000.0,1.8444444444444446
423.5995764,,590.0050261072497,32919.0,3.5294117647058822
423.7995762,,592.2280485722678,9793.0,1.8636363636363635
423.999576,,3.670492202338691,9872.0,1.8426966292134832
424.1995758,,4.089462870297442,9783.0,1.8314606741573034
424.3995756,29.250128553588482,41.60485478816173,13613.0,1.6407766990291262
424.5995754,,562.1274088405505,35129.0,3.25
424.7995752,3.784585775020108,9.58397367942316,34812.0,3.287671232876712
424.999575,3.282576526911359,4.829879443239249,34465.0,3.3566433566433567
425.1995748,12.142369051142019,34.34875269975504,37171.0,3.037974683544304
425.3995746,8.267385696251166,35.76670378877803,36438.0,3.356164383561644
425.5995744,5.221189640858084,16.173982208998765,37339.0,3.2666666666666666
425.7995742,,553.428903358936,13228.0,1.8383838383838385
425.999574,,567.8806358520097,36496.0,3.310810810810811
426.1995738,2.7350974930362115,11.097145013633337,35900.0,3.3793103448275863
426.3995736,,568.818404302331,12050.0,1.9473684210526316
426.5995734,,560.0700595926805,36244.0,3.4027777777777777
426.7995732,2.736118964152437,13.976566462064852,35372.0,3.475177304964539
426.999573,2.5114514582275627,0.9583155016417801,35454.0,3.482269503546099
427.1995728,2.435226692390626,3.6110511042818874,35246.0,3.507142857142857
427.3995726,6.061442247030748,15.792855555460852,36457.0,3.304054054054054
427.5995724,,557.3812714540019,12558.0,1.907216494845361
427.7995722,,553.7872234812412,36535.0,3.310810810810811
427.999572,,556.9793591500079,12512.0,1.8865979381443299
428.1995718,,567.5163709600215,35765.0,3.4027777777777777
428.3995716,,581.2645436940996,12540.0,1.816326530612245
428.5995714,,587.2492819647597,35451.0,3.4507042253521125
428.7995712,2.625761978009457,4.2020316731226215,35106.0,3.475177304964539
428.999571,2.491023441966838,1.3353240523980792,34980.0,3.475177304964539
429.1995708,4.954381486209002,19.70399002985707,36038.0,3.3333333333333335
429.3995706,3.0113280036159216,14.900342499750723,35399.0,3.4195804195804196
429.5995704,2.7168870397811467,8.891878260370985,35092.0,3.4680851063829787
429.7995702,,585.6581747684008,11775.0,1.967741935483871
429.99957,,586.0939412984912,35101.0,3.550724637681159
430.1995698,4.105812935829028,12.86372816710475,35421.0,3.4027777777777777
430.3995696,,579.2920451042686,11987.0,1.935483870967742
430.59956939999995,,585.3372037639127,35355.0,3.5251798561151078
430.79956919999995,,584.49502044492,11750.0,1.989010989010989
430.99956899999995,,585.3742330293362,35311.0,3.5251798561151078
431.19956879999995,,582.5386586246098,12032.0,1.9782608695652173
431.39956859999995,,581.377750438612,35287.0,3.5251798561151078
431.59956839999995,2.437340588335317,1.9038992702045878,35286.0,3.550724637681159
431.79956819999995,2.4927922814982972,1.9575557695418655,35240.0,3.550724637681159
431.99956799999995,2.3068759045375864,0.30688126860554205,35239.0,3.5251798561151078
432.19956779999995,2.3161452735192625,0.9402620052272217,35354.0,3.5251798561151078
432.39956759999995,,581.5675616386393,12036.0,1.9891304347826086
432.59956739999996,,488.4056288561404,40436.0,2.8596491228070176
432.79956719999996,4.667330416328242,44.6005783456778,38167.0,3.2582781456953644
432.99956699999996,3.4515055425980763,0.5399387747883572,38159.0,3.2582781456953644
433.19956679999996,3.2619934049569195,16.623169762313108,37604.0,3.363013698630137
433.39956659999996,2.3841357810876342,1.6008313029461674,37531.0,3.386206896551724
433.59956639999996,,557.2472645014954,14420.0,1.9029126213592233
433.79956619999996,,553.3431793716879,37597.0,3.3401360544217686
433.99956599999996,,550.7612322634167,14192.0,1.96
434.19956579999996,,535.8659166999965,38738.0,3.1548387096774193
434.39956559999996,,502.165770919111,17485.0,1.9285714285714286
434.59956539999996,35.896961196820946,145.25966862819115,21390.0,1.7388059701492538
434.79956519999996,,480.03171218004667,39894.0,3.172185430463576
434.99956499999996,,18.451817228983405,41690.0,3.225165562913907
435.19956479999996,,434.76944207020875,16682.0,2.303030303030303
435.39956459999996,,424.21955929114995,41176.0,2.8509316770186337
435.59956439999996,10.3776737283799,95.17741350178474,39084.0,3.0316455696202533
435.79956419999996,3.6264543784445804,3.2307971655796823,39192.0,3.1103896103896105
435.99956399999996,6.677809177768807,37.55943824108899,37155.0,3.1788079470198674
436.19956379999996,4.422210005497526,11.023282039659186,36380.0,3.310344827586207
436.39956359999996,2.7693784628888034,2.043468440683554,36458.0,3.3333333333333335
436.59956339999997,2.5531697058579375,2.0878645073051043,36139.0,3.3496503496503496
436.79956319999997,2.456697045015189,1.534360276658379,36210.0,3.3496503496503496
436.99956299999997,2.4205830192861892,0.6528021720032847,36088.0,3.3496503496503496
437.19956279999997,2.529015183173144,1.5208168928797547,35895.0,3.3732394366197185
437.39956259999997,6.05124151653084,6.980808585675119,36689.0,3.258503401360544
437.59956239999997,4.502874186550976,3.9086925001682613,36880.0,3.3333333333333335
437.79956219999997,2.8667990965740566,2.736772277824394,36749.0,3.3402777777777777
437.99956199999997,2.7378120794309098,4.567685041625879,36409.0,3.380281690140845
438.19956179999997,2.562625567634512,1.3508729604221619,36335.0,3.3732394366197185
438.39956159999997,10.558319674298103,18.086436350626226,37826.0,3.1788079470198674
438.59956139999997,4.812170684430369,14.540652417424017,36629.0,3.3566433566433567
438.79956119999997,2.888474715636563,4.419612443033195,36485.0,3.3566433566433567
438.99956099999997,2.6304323847341715,1.6354965127193686,36264.0,3.380281690140845
439.1995608,2.6592892339031575,2.6143293237935734,36327.0,3.380281690140845
439.3995606,7.039704896042924,17.643081575671925,37275.0,3.2653061224489797
439.5995604,9.708373891768172,29.92377897749814,38011.0,3.326388888888889
439.7995602,3.610302440051591,8.776843254608481,37991.0,3.3566433566433567
439.99956,,4.9760216807093185,41621.0,3.2466666666666666
440.1995598,,15.848507928095058,40447.0,3.310344827586207
440.3995596,5.457578899789955,19.649868943239724,37611.0,3.5294117647058822
440.5995594,2.6570039274359454,2.550639919244699,37429.0,3.5555555555555554
440.7995592,,186.79133140005348,17612.0,4.528735632183908
440.999559,,189.38018646076273,37083.0,3.574626865671642
441.1995588,2.573077026771993,0.5490923458587317,37091.0,3.574626865671642
441.3995586,2.719625664122549,0.3939345417061112,37079.0,3.582089552238806
441.5995584,2.5129056644527243,0.8296417461292899,37038.0,3.582089552238806
441.7995582,2.385899614316153,0.5046081914906237,37077.0,3.6090225563909772
441.999558,2.4455808932667655,1.2574190072497688,37055.0,3.6090225563909772
442.1995578,2.4145137802707515,0.31354273780716996,37082.0,3.582089552238806
442.3995576,,14.787268534966636,41187.0,3.2972972972972974
442.5995574,,13.298098161354492,37589.0,3.574626865671642
442.7995572,2.4557492591504926,2.7998071922766363,37457.0,3.6090225563909772
442.999557,2.827111720282727,1.4566084724538868,37209.0,3.601503759398496
443.1995568,2.5404743317091554,0.8038995770936813,37147.0,3.6090225563909772
443.3995566,2.898543268710062,1.0218020367427454,36932.0,3.6090225563909772
443.5995564,5.645008860011814,11.964937660323372,37246.0,3.5294117647058822
443.7995562,5.5596568682239855,15.452725935719185,35788.0,3.5220588235294117
443.999556,4.644174041297935,6.44575341878382,35256.0,3.5294117647058822
444.1995558,3.683660508083141,6.365112554952075,34640.0,3.5555555555555554
444.3995556,13.871489766777724,42.48991090328806,35717.0,3.0125786163522013
444.5995554,,58.359417610833695,36007.0,3.1483870967741936
444.7995552,,78.2269376116817,37754.0,2.7848837209302326
444.999555,20.996318547294244,39.84163760429037,44276.0,2.938650306748466
445.1995548,5.58073010442924,10.762265365498008,44432.0,3.0903225806451613
445.3995546,2.9114035285369866,3.860442493254331,44381.0,3.1103896103896105
445.5995544,12.68505170792855,71.40948288155987,47865.0,2.99375
445.7995542,8.602493107429837,100.82680950823719,42437.0,3.130718954248366
445.999554,,318.20156196922073,20596.0,2.532710280373832
446.1995538,4.973521538087126,26.457084040920087,20545.0,2.490740740740741
446.3995536,,227.584510270458,44920.0,2.874251497005988
446.5995534,,355.17067437532114,17669.0,2.217821782178218
446.7995532,,427.4162683086562,40233.0,3.018867924528302
446.999553,2.9872114308959627,11.530320457758153,39332.0,3.096774193548387
447.1995528,,383.168785537257,16673.0,2.0
447.3995526,,393.1377868811712,38183.0,3.2
447.5995524,2.802540050590219,6.491868389752448,37952.0,3.2432432432432434
447.7995522,2.457815427651545,1.0977539084507149,37893.0,3.2432432432432434
447.999552,2.73844250210615,5.023166234270802,37984.0,3.214765100671141
448.1995518,,390.296464011157,16121.0,1.9903846153846154
448.3995516,3.1534248300176277,5.1910585000115566,15884.0,2.0294117647058822
448.5995514,2.5479340397517087,1.2397253054141841,15949.0,2.019607843137255
448.7995512,,3.739104455418555,15816.0,2.0297029702970297
448.999551,,393.5914329611382,38011.0,3.2432432432432434
449.1995508,2.32542363933907,2.429519114363524,37886.0,3.2364864864864864
449.3995506,2.31401755819778,0.8196523766643401,37931.0,3.2364864864864864
449.5995504,,391.65206053854456,15725.0,2.06
449.7995502,2.4572410282514636,0.8692240900968214,15716.0,2.07
449.99955,,389.63493763142094,38031.0,3.2364864864864864
450.1995498,,382.29084981754244,15974.0,1.9903846153846154
450.3995496,,389.19635501411295,37857.0,3.221476510067114
450.5995494,,392.6048738984516,15577.0,2.0297029702970297
450.7995492,,389.01237867969485,38014.0,3.221476510067114
450.999549,2.315394736842105,0.1397306453454488,38000.0,3.221476510067114
451.1995488,,390.5602375612535,15523.0,2.04
451.3995486,,392.9810982417852,37795.0,3.2432432432432434
451.5995484,2.3244064928884893,1.0330994751829417,37826.0,3.2364864864864864
451.7995482,2.3296880365586285,0.195318599857976,37857.0,3.2364864864864864
451.999548,,390.819800314457,15711.0,2.0396039603960396
452.1995478,,3.4581043773337554,15562.0,2.0297029702970297
452.3995476,,3.337590903825402,15738.0,2.0297029702970297
452.59954739999995,,2.5381045500041424,15457.0,2.04
452.79954719999995,,3.8389484352256176,15569.0,2.0297029702970297
452.99954699999995,,391.1717372657854,37736.0,3.2364864864864864
453.19954679999995,,392.74662471574936,15384.0,2.04
453.39954659999995,,19.235007522569553,16975.0,1.9074074074074074
453.59954639999995,4.18557348232783,21.8517323431015,15929.0,2.0
453.79954619999995,2.949202193966592,6.256084553329406,16044.0,2.0485436893203883
453.99954599999995,,3.7930763221636457,15853.0,2.0392156862745097
454.19954579999995,,387.49108955125365,38262.0,3.2
454.39954559999995,5.6244471557114535,26.910114821701683,39342.0,3.096774193548387
454.59954539999995,,402.4451138391561,16526.0,1.9904761904761905
454.79954519999995,,395.1654955386526,39682.0,3.1103896103896105
454.99954499999996,,385.1400441502441,16253.0,1.8857142857142857
455.19954479999996,,402.89424463611334,37833.0,3.151315789473684
455.39954459999996,3.2949396068524512,8.537149089005705,38001.0,3.1578947368421053
455.59954439999996,,439.34664183739,15022.0,1.7714285714285714
455.79954419999996,,399.074462686332,39258.0,2.874251497005988
455.99954399999996,6.307704723985796,21.68494383337319,37172.0,3.0573248407643314
456.19954379999996,7.448924235641114,41.72665190437443,37973.0,3.076923076923077
456.39954359999996,4.949282643889912,55.432207241362455,35826.0,3.116883116883117
456.59954339999996,3.549776142812331,12.117890423735059,35067.0,3.2
456.79954319999996,2.895994119808894,4.638171770513565,35373.0,3.151315789473684
456.99954299999996,3.731292612440728,6.787920613738589,35641.0,3.151315789473684
457.19954279999996,,512.5980006653335,12568.0,1.6568627450980393
457.39954259999996,3.533382911915386,4.208496000586905,12102.0,1.6633663366336633
457.59954239999996,,3.41004376601401,12452.0,1.6407766990291262
457.79954219999996,,531.8992538787468,34156.0,3.2364864864864864
457.99954199999996,,533.56488833443,11971.0,1.6470588235294117
458.19954179999996,,533.4035136455664,34149.0,3.221476510067114
458.39954159999996,2.3084969235276884,1.0545616012789885,34130.0,3.214765100671141
458.59954139999996,2.6454255010165553,4.06692492907746,34430.0,3.2364864864864864
458.79954119999996,2.448840262582057,1.5884594331881714,34275.0,3.2364864864864864
458.99954099999997,2.4032679163366484,3.17402778536883,34089.0,3.2432432432432434
459.19954079999997,2.3955118388502767,1.7795075474204183,33956.0,3.2432432432432434
459.39954059999997,2.347363757199823,0.955511335027284,33855.0,3.2432432432432434
459.59954039999997,2.4108219379503013,1.3494357241012027,34005.0,3.2432432432432434
459.79954019999997,2.3491225482967115,0.9011140641372106,33905.0,3.2432432432432434
459.99953999999997,,537.0503467321753,11598.0,1.67
460.19953979999997,,537.7434094013195,33973.0,3.2364864864864864
460.39953959999997,,536.9406307592108,11978.0,1.6534653465346534
460.59953939999997,,531.0239183588938,34247.0,3.2432432432432434
460.79953919999997,2.320988373787115,0.37248845253587276,34319.0,3.2432432432432434
460.99953899999997,2.3430934221676747,0.8514035846742343,34221.0,3.2432432432432434
461.19953879999997,2.4619672614658605,4.679840172637707,33905.0,3.2432432432432434
461.39953859999997,2.432631890930646,4.09747776191083,33740.0,3.2653061224489797
461.5995384,2.3092302664804967,0.14799605374381497,33661.0,3.2653061224489797
461.7995382,2.325083194675541,0.38681565620284813,33656.0,3.2432432432432434
461.999538,,539.8299892605754,11306.0,1.66
462.1995378,,539.0148897448225,33731.0,3.2364864864864864
462.3995376,2.326209223847019,0.39897312237425425,33782.0,3.2653061224489797
462.5995374,,539.8215336021701,11438.0,1.66
462.7995372,2.7222799722799724,1.0550247839837077,11544.0,1.67
462.999537,,33.25799910948031,14496.0,1.5225225225225225
463.1995368,,15.99848103912184,13379.0,1.6285714285714286
463.3995366,9.400873725816517,21.713123191788345,14421.0,1.5321100917431192
463.5995364,,516.876329905001,36684.0,3.0
463.7995362,5.37598461990334,7.794992869056499,37451.0,3.0125786163522013
463.999536,3.8268408941485865,11.19331532422482,36504.0,3.1233766233766236
464.1995358,,495.66920517411864,13769.0,1.6568627450980393
464.3995356,,514.624981839269,35750.0,3.2
464.5995354,,507.19589195814564,13126.0,1.8061224489795917
464.7995352,5.070253164556962,15.04491010439707,12640.0,1.9157894736842105
464.999535,,509.6822743701816,34967.0,3.4285714285714284
465.1995348,2.4105048883282203,1.8749821180246882,34879.0,3.4782608695652173
465.3995346,2.3160444979643326,0.1658029658093781,34878.0,3.4782608695652173
465.5995344,,513.488359027273,11932.0,2.088888888888889
465.7995342,3.1472182834264744,3.7315781126304124,11989.0,2.1
465.999534,,2.5857429955881295,12182.0,2.065934065934066
466.1995338,,498.1680076320814,35940.0,3.221476510067114
466.3995336,4.143361798002837,5.77678876653379,35951.0,3.287671232876712
466.5995334,9.624508361204013,19.696222363012115,37375.0,3.1372549019607843
466.7995332,,357.98594013524973,18402.0,1.8571428571428572
466.999533,,390.5840578112155,39623.0,3.172185430463576
467.1995328,4.0836413586413585,4.687841361302852,40040.0,3.172185430463576
467.3995326,5.610709899287644,17.130282565514083,40710.0,3.280821917808219
467.5995324,,338.77005726573617,16853.0,2.4842105263157896
467.7995322,,352.26545347224277,39191.0,3.3732394366197185
467.999532,3.0761753774982457,6.765055808639985,38477.0,3.4782608695652173
468.1995318,2.851510067114094,4.603741279401942,38144.0,3.5481481481481483
468.3995316,2.5366634310150324,0.9951899346712811,38117.0,3.582089552238806
468.5995314,2.4758369188792106,0.9885204522705031,38116.0,3.582089552238806
468.7995312,7.31897954585284,17.347370289697423,39943.0,3.3496503496503496
468.999531,3.819432109416631,13.165348709118604,39409.0,3.4285714285714284
469.1995308,10.442911130074362,37.543582528834705,41015.0,3.130718954248366
469.3995306,4.77466307277628,25.327133984651354,38955.0,3.2653061224489797
469.5995304,3.523903503077203,4.7920224707143575,38509.0,3.258503401360544
469.7995302,4.84944966442953,34.15013057536578,37250.0,3.3732394366197185
469.99953,5.164840158237999,19.78476990636299,37412.0,3.397163120567376
470.1995298,3.6985249006375205,6.523627998502084,37489.0,3.380281690140845
470.3995296,3.6837393922803177,7.981673164048918,36530.0,3.4532374100719423
470.5995294,2.7047403200262137,3.820954574706806,36622.0,3.4782608695652173
470.7995292,3.039661073084566,4.300145119012898,36232.0,3.5294117647058822
470.999529,2.39741071675565,0.6587704124313954,36149.0,3.5294117647058822
471.1995288,2.414256169860747,0.910300231595904,36265.0,3.5294117647058822
471.3995286,2.418638726086476,0.6317908605341128,36172.0,3.5294117647058822
471.5995284,3.844420718353044,3.3117577877939666,36528.0,3.471014492753623
471.7995282,5.435428480153343,9.478094857128717,37563.0,3.380281690140845
471.999528,3.677700348432056,5.490887598700103,37310.0,3.471014492753623
472.1995278,2.721122822112282,1.4403480270962805,37192.0,3.4782608695652173
472.3995276,2.846807129526952,1.9088112065047786,36973.0,3.4963503649635035
472.5995274,2.4595090864904274,1.2162097813754753,37033.0,3.5036496350364965
472.7995272,2.7027735018499013,2.741129873670596,37029.0,3.5036496350364965
472.999527,2.943558282208589,3.519887037339066,36675.0,3.5481481481481483
473.1995268,2.378977164475654,0.2581381388061135,36741.0,3.5555555555555554
473.3995266,2.362800720091648,0.4758654114744361,36662.0,3.5481481481481483
473.5995264,2.4133144244143234,1.622713904021981,36667.0,3.5555555555555554
473.7995262,2.63259307642064,1.1616793865851682,36744.0,3.5481481481481483
473.999526,10.949156015470916,29.902035399531645,39041.0,3.165562913907285
474.1995258,5.516308489559519,13.087538175369518,39366.0,3.0573248407643314
474.3995256,7.21596256977126,35.413771515198455,36548.0,3.2432432432432434
474.5995254,4.136109062098735,4.14679182119066,36603.0,3.1578947368421053
474.79952519999995,5.6328698994009265,13.828839052738441,35388.0,3.2432432432432434
474.99952499999995,3.6112001832340814,6.352512666904392,34928.0,3.2653061224489797
475.19952479999995,7.738043417601428,12.672711962071004,35838.0,3.2364864864864864
475.39952459999995,3.558727731044835,8.537434128747218,35307.0,3.3333333333333335
475.59952439999995,3.228702731837395,6.149593180232904,35251.0,3.3566433566433567
475.79952419999995,3.8410917712369166,6.374358177899083,34586.0,3.4285714285714284
475.99952399999995,3.1131150361279962,2.710933803934243,34876.0,3.404255319148936
476.19952379999995,2.736452917388793,2.125621508456447,34620.0,3.4285714285714284
476.39952359999995,2.4011841155234657,1.1778105277398556,34625.0,3.4285714285714284
476.59952339999995,2.4870638568496517,0.8119291642843341,34593.0,3.4285714285714284
476.79952319999995,2.5627457783946332,0.9011877213383778,34584.0,3.446043165467626
476.99952299999995,2.386529634227316,0.07674721195483884,34639.0,3.4285714285714284
477.19952279999995,2.3731585662916137,1.1649315914053977,34484.0,3.4214285714285713
477.39952259999995,2.482452076214745,1.5474772551764078,34534.0,3.4532374100719423
477.59952239999996,2.4884139613217955,1.2475526699230002,34438.0,3.4532374100719423
477.79952219999996,2.3601927375112477,0.5192597404115629,34451.0,3.4532374100719423
477.99952199999996,2.540321644217371,1.1760816974269483,34448.0,3.446043165467626
478.19952179999996,2.4018222441458956,0.7377781293609224,34463.0,3.446043165467626
478.39952159999996,8.412979810568295,11.2122869115134,32096.0,3.4285714285714284
478.59952139999996,7.174044894641406,5.527229869631047,31986.0,3.310344827586207
478.79952119999996,4.109753763715234,8.933752078929693,31352.0,3.404255319148936
478.99952099999996,,355.021397103933,15328.0,1.396694214876033
479.19952079999996,,334.5972021885884,33576.0,3.050955414012739
479.39952059999996,6.211366426942642,9.48455310098165,34206.0,2.9751552795031055
479.59952039999996,7.940069728300072,17.235815993125858,33272.0,3.1372549019607843
479.79952019999996,5.7039555192941105,12.649716136991193,33093.0,3.1933333333333334
479.99951999999996,4.1011897423252375,8.646789352760589,32444.0,3.2653061224489797
480.19951979999996,2.844576943172388,1.8980821312829508,32537.0,3.287671232876712
480.39951959999996,2.6372497119546603,4.964450708792802,32113.0,3.3333333333333335
480.59951939999996,2.4243315089913997,2.2571739131794457,31975.0,3.3333333333333335
480.79951919999996,3.1405883079965395,7.59357918620682,32364.0,3.2653061224489797
480.99951899999996,7.6417923612948755,27.45595036246513,34011.0,3.1372549019607843
481.19951879999996,9.248632718410835,30.756359294837498,35289.0,3.116883116883117
481.39951859999996,13.372628622494574,53.85677876581894,39165.0,2.874251497005988
481.59951839999997,8.54034742210776,21.110043171963653,39606.0,2.95679012345679
481.79951819999997,6.401665646050215,23.588835281150672,40825.0,2.962962962962963
481.99951799999997,5.9284860897764124,19.90199037616825,41013.0,2.99375
482.19951779999997,5.505505236688557,21.520879264619094,40961.0,3.037974683544304
482.39951759999997,3.0167674344601374,4.117975967140935,40853.0,3.096774193548387
482.59951739999997,3.3475528852171736,8.923246740907782,39945.0,3.1578947368421053
482.79951719999997,2.9577839057407873,4.21906474360242,39890.0,3.1933333333333334
482.99951699999997,2.7241344781835934,1.5849182800760775,39947.0,3.1933333333333334
483.19951679999997,2.626623294752503,3.9722308992002757,39657.0,3.2432432432432434
483.39951659999997,2.4497395767808166,1.1225539191364324,39743.0,3.2432432432432434
483.59951639999997,2.897918484357472,6.948235311241316,40115.0,3.214765100671141
483.79951619999997,2.538660505763291,4.880751753545128,39821.0,3.2364864864864864
483.99951599999997,3.151606124287001,8.760383589811314,39972.0,3.221476510067114
484.1995158,2.6162357005181605,3.146257254820191,39949.0,3.2364864864864864
484.3995156,2.3352225911962248,0.6647240351049295,40051.0,3.2364864864864864
484.5995154,2.453949166438918,2.7869174623427657,40249.0,3.214765100671141
484.7995152,8.523025162963481,53.634158919575924,42801.0,3.1372549019607843
484.999515,3.8831904761904763,25.9967069015183,42000.0,3.1578947368421053
485.1995148,4.730620893248262,9.930458146938813,42004.0,3.116883116883117
485.3995146,5.237654249531174,29.05388703083222,43193.0,3.151315789473684
485.5995144,,349.2469052868055,21868.0,2.5137614678899083
485.7995142,,285.66422818118446,45143.0,3.1578947368421053
485.999514,4.514103447509391,22.834503685523284,44989.0,3.1788079470198674
486.1995138,,328.8234160374355,22943.0,2.4
486.3995136,,357.03310147949253,45768.0,2.8176470588235296
486.5995134,4.689877897717218,18.137153741356535,45208.0,3.0125786163522013
486.7995132,3.5891710416619724,12.862256962819082,44381.0,3.116883116883117
486.999513,2.6510079316379174,5.028384633912877,44001.0,3.151315789473684
487.1995128,2.4300140698043844,3.838662112710077,44066.0,3.1578947368421053
487.3995126,2.280418962116575,0.7966769060097134,44109.0,3.151315789473684
487.5995124,2.3361572962442803,1.5558066229785443,44146.0,3.151315789473684
487.7995122,2.3987541073384446,2.5735920055281,43824.0,3.1788079470198674
487.999512,2.4815505709995906,1.4601575258541557,43958.0,3.1578947368421053
488.1995118,4.720798802689481,27.3140211270883,44767.0,3.151315789473684
488.3995116,3.165597095028205,9.46283351010791,43787.0,3.1578947368421053
488.5995114,3.2122766229029907,7.957000504038176,43872.0,3.1788079470198674
488.7995112,3.0486926994906622,7.025154782274263,44175.0,3.151315789473684
488.999511,3.02222171470333,4.619939559619992,43786.0,3.214765100671141
489.1995108,3.0409524691929954,11.438008154163263,43172.0,3.251700680272109
489.3995106,2.465492908867964,0.5421694942282825,43223.0,3.258503401360544
489.5995104,2.361591855622397,1.6412512490165359,43220.0,3.258503401360544
489.7995102,2.399588933536557,3.1950550305109666,43302.0,3.287671232876712
489.99951,2.5489917901248926,4.566988795727401,42997.0,3.280821917808219
490.1995098,2.341034819394728,0.7026592383193522,43022.0,3.280821917808219
490.3995096,2.5732226282436748,3.3578682837669933,43238.0,3.287671232876712
490.5995094,2.4840219872362233,4.0745617225715645,42934.0,3.280821917808219
490.7995092,2.3713972577184963,0.9545795712831631,42884.0,3.310344827586207
490.999509,2.310025923071534,0.4729842779799797,42819.0,3.303448275862069
491.1995088,,347.24250510398616,21559.0,2.5233644859813085
491.3995086,,326.1442896472879,44410.0,3.116883116883117
491.5995084,,362.4465716193214,20879.0,2.3577981651376145
491.7995082,17.640019910403186,97.77622470212062,20090.0,1.7685950413223142
491.999508,,57.210297537618395,16003.0,1.8224299065420562
492.1995078,4.216224552745219,14.782951830994058,16210.0,1.7962962962962963
492.3995076,,32.994758410949096,15602.0,1.7407407407407407
492.5995074,,33.6902434745927,13550.0,1.875
492.7995072,,524.5015225278459,35096.0,3.3566433566433567
492.999507,3.2545627266969888,6.7885695722206405,34738.0,3.4285714285714284
493.1995068,,484.29022420759696,12141.0,1.903225806451613
493.3995066,,497.215209338035,34419.0,3.4214285714285713
493.5995064,2.645214279428588,5.955538133980319,34091.0,3.460431654676259
493.7995062,,529.1519235969378,13600.0,1.7326732673267327
493.999506,,486.59133457756235,35990.0,3.096774193548387
494.1995058,,606.5500461013013,13991.0,1.6213592233009708
494.3995056,4.1846473029045645,11.824934901041926,13014.0,1.6176470588235294
494.5995054,,561.7063197165207,35764.0,3.2
494.7995052,,579.4623453342017,12980.0,1.6176470588235294
494.999505,,593.947503325527,34426.0,3.3496503496503496
495.1995048,,559.356267803012,12196.0,1.7291666666666667
495.3995046,,560.0465302248917,34461.0,3.4285714285714284
495.5995044,2.9524230112465406,14.591560292012405,33966.0,3.5179856115107913
495.7995042,2.6723933649289098,5.361003157928666,33760.0,3.4532374100719423
495.999504,2.4485010388839417,1.7284464573512,33690.0,3.4782608695652173
496.1995038,2.5223537832920755,4.25439217397987,33529.0,3.510948905109489
496.3995036,2.5200273980761785,1.5387333707501096,33579.0,3.5036496350364965
496.5995034,,587.3755319702279,10476.0,1.9662921348314606
496.79950319999995,,3.331638365097212,10683.0,1.9775280898876404
496.99950299999995,,587.2755571885878,33531.0,3.5955882352941178
497.19950279999995,,589.3022870173647,10509.0,1.9775280898876404
497.39950259999995,,564.2516251247109,34737.0,3.380281690140845
497.59950239999995,,557.5935454500831,11742.0,1.8105263157894738
497.79950219999995,,567.3374786476517,34807.0,3.3566433566433567
497.99950199999995,,556.0823882158373,13035.0,1.9484536082474226
498.19950179999995,,543.1194560728371,36517.0,3.287671232876712
498.39950159999995,17.656002279674627,47.31022671749645,38602.0,3.037974683544304
498.59950139999995,5.591316315666467,12.225970606430097,38509.0,3.287671232876712
498.79950119999995,3.509991556431185,7.579122205191901,39083.0,3.280821917808219
498.99950099999995,4.670268924302789,23.381159561515076,40160.0,3.151315789473684
499.19950079999995,3.7486909657480014,17.66683126004192,39151.0,3.2653061224489797
499.39950059999995,2.8758076653605626,7.995099218722812,38537.0,3.3566433566433567
499.59950039999995,2.5789813356739035,1.3379341914641822,38737.0,3.3496503496503496
499.79950019999995,2.401182301615984,2.1597427116540264,38738.0,3.3732394366197185
499.99949999999995,,434.88459189590134,15659.0,2.4408602150537635
500.19949979999996,,430.25572706052145,39225.0,3.287671232876712
500.39949959999996,,400.3656155497702,16230.0,2.3958333333333335
500.59949939999996,,422.7045986384583,38567.0,3.397163120567376
500.79949919999996,,412.91028762479516,16315.0,2.431578947368421
500.99949899999996,,416.5618236208086,38659.0,3.4285714285714284
501.19949879999996,,373.7338463551469,17388.0,2.4375
501.39949859999996,,1288.920148198639,10170.0,3.7735849056603774
501.59949839999996,,1037.8695450792861,39441.0,3.326388888888889
501.79949819999996,4.161190655614167,17.625289671650076,39810.0,3.2364864864864864
501.99949799999996,4.806422722620266,23.907084768647316,39080.0,3.380281690140845
502.19949779999996,2.934775226601886,7.973123401701288,38283.0,3.471014492753623
502.39949759999996,2.7253901007815173,3.2570266651502107,38003.0,3.5036496350364965
502.59949739999996,2.9928033078614047,6.054243235784071,38212.0,3.5220588235294117
502.79949719999996,2.510369726197064,2.719806553662219,37947.0,3.5481481481481483
502.99949699999996,2.4212579743765485,0.6518630555576854,37934.0,3.5555555555555554
503.19949679999996,2.6798668623545443,2.5177629509978274,38156.0,3.5294117647058822
503.39949659999996,2.624435464701688,2.7288725952586375,37863.0,3.5555555555555554
503.59949639999996,2.3175470552519735,0.35259156046194795,37881.0,3.5481481481481483
503.79949619999996,2.4244132444748834,0.6447319996112736,37963.0,3.5555555555555554
503.99949599999997,2.7249267169179228,2.400264754662632,38208.0,3.5294117647058822
504.19949579999997,5.057950798884098,9.04854317563664,39430.0,3.4214285714285713
504.39949559999997,,320.1269180001665,16461.0,2.8636363636363638
504.59949539999997,,328.85140015549854,38426.0,3.5555555555555554
504.79949519999997,2.295260638851316,0.5714500091611824,38444.0,3.5481481481481483
504.99949499999997,2.647139778245177,1.17413901694854,38511.0,3.5555555555555554
505.19949479999997,2.4474766939221917,2.300458767038571,38402.0,3.5555555555555554
505.39949459999997,2.403513351256819,0.9461608493439803,38311.0,3.574626865671642
505.59949439999997,2.287437973361191,0.49377505741257494,38290.0,3.574626865671642
505.79949419999997,2.3694711036928853,1.1661863838464315,38344.0,3.574626865671642
505.99949399999997,,227.66456683496872,18281.0,4.7727272727272725
506.19949379999997,,227.22765592821085,38328.0,3.5481481481481483
506.39949359999997,4.694092450472961,9.012265457666599,39221.0,3.471014492753623
506.5994934,3.2532037924567616,5.361569300532069,38392.0,3.446043165467626
506.7994932,3.6726674562442425,6.234192794459869,37995.0,3.5220588235294117
506.999493,12.228244293892653,44.610321530307715,40001.0,3.2364864864864864
507.1994928,7.9415819179649905,63.26704943643746,38447.0,3.221476510067114
507.3994926,5.020922530091283,36.17074882451595,37137.0,3.2364864864864864
507.5994924,9.839657565941694,38.40053198528332,38898.0,3.0316455696202533
507.7994922,4.807820431472082,13.364094561293534,37824.0,3.214765100671141
507.999492,3.1555138684175263,6.09050710253029,37315.0,3.258503401360544
508.1994918,6.5728011825572805,11.694833998534863,37884.0,3.2364864864864864
508.3994916,4.946740941274469,14.767786871599439,38416.0,3.151315789473684
508.5994914,3.9463169375648426,12.825642848440213,37591.0,3.2364864864864864
508.7994912,2.779195710455764,4.3326628531204046,37300.0,3.287671232876712
508.999491,3.106895333351453,6.952192835509074,36793.0,3.3496503496503496
509.1994908,3.4003523512671094,3.655066187093348,36895.0,3.3566433566433567
509.3994906,3.1769688768606223,1.7338630696262514,36950.0,3.310344827586207
509.5994904,3.5605235057361115,4.675884319962319,36523.0,3.380281690140845
509.7994902,2.6068561093908422,1.855198370843735,36493.0,3.397163120567376
509.99949,2.765532381997805,0.9316874136105714,36440.0,3.404255319148936
510.1994898,8.628862174417378,8.683240622333694,37932.0,3.310344827586207
510.3994896,6.951294111599455,12.141566325749073,38907.0,3.380281690140845
510.5994894,2.979867515261722,7.036376905377032,38495.0,3.446043165467626
510.7994892,2.499687581359021,0.40283071592463987,38410.0,3.471014492753623
510.999489,2.4055178511064303,1.9067786275078678,38457.0,3.4782608695652173
511.1994888,2.3932985658409387,0.8059246064865275,38350.0,3.471014492753623
511.3994886,2.3590258926707035,1.3241712832249533,38312.0,3.4782608695652173
511.5994884,2.7537535980084535,2.627289126739645,38563.0,3.4532374100719423
511.7994882,2.4255308076602833,1.3110970918674623,38432.0,3.4782608695652173
511.999488,2.490505503677813,1.3411118808909084,38338.0,3.471014492753623
512.1994877999999,2.3692118741507264,1.1802499987456658,38268.0,3.5036496350364965
512.3994875999999,2.3513506432258233,0.9675267290592433,38167.0,3.5036496350364965
512.5994873999999,2.413767850604174,1.1155518248703706,38234.0,3.5036496350364965
512.7994871999999,3.3862948835985796,7.095405535982371,38015.0,3.4782608695652173
512.9994869999999,,189.9264558141968,17358.0,3.711340206185567
513.1994867999999,,179.75386922023452,36617.0,3.2432432432432434
513.3994865999999,10.12585969738652,63.194183311650164,34896.0,3.096774193548387
513.5994863999999,6.812356839629844,22.98780837693942,32743.0,3.1372549019607843
513.7994861999999,6.0377943783236265,18.93713086313284,31592.0,3.2432432432432434
513.9994859999999,6.052639829445699,11.761028098821747,31896.0,3.280821917808219
514.1994857999999,4.116221435468297,5.132744726267455,31070.0,3.287671232876712
514.3994855999999,,190.7873814304197,13548.0,2.941747572815534
514.5994853999999,,192.14352725966185,30829.0,3.2653061224489797
514.7994851999999,3.9531153608883405,2.948826829166029,30799.0,3.258503401360544
514.9994849999999,5.490909662808254,13.802667901187236,31792.0,3.1103896103896105
515.1994847999999,4.131512710797885,6.182071980321289,31784.0,3.1372549019607843
515.3994845999999,13.149178183472673,46.62814004079957,35166.0,2.8855421686746987
515.5994843999999,9.319520629620797,50.276953076725405,33544.0,3.096774193548387
515.7994841999999,8.15095500351535,19.77942770134409,34136.0,2.926829268292683
515.9994839999999,5.3163727219282775,5.82913969499903,34020.0,2.981366459627329
516.1994837999999,4.304127464973348,0.30327733436475346,34331.0,3.037974683544304
516.3994835999999,6.055165205272632,14.605401622162631,34442.0,3.096774193548387
516.5994833999999,3.7518433988764044,6.397622228058171,34176.0,3.1788079470198674
516.7994831999999,4.53810339130696,10.990929796323393,33291.0,3.2432432432432434
516.9994829999999,5.17189166133504,12.143899227958196,32823.0,3.287671232876712
517.1994827999999,3.6608719395649403,4.79366407730027,32961.0,3.310344827586207
517.3994825999999,2.495219244823386,1.9838904828941442,32840.0,3.3333333333333335
517.5994823999999,2.781194486983155,2.7835898964071064,32650.0,3.3496503496503496
517.7994821999999,2.8172686471468262,4.033959377358784,32753.0,3.3333333333333335
517.999482,2.5024264482863208,1.536783513299177,32970.0,3.3333333333333335
518.1994818,2.318290577581246,0.4233772298778353,33017.0,3.326388888888889
518.3994816,8.125208175624527,14.916118611278835,33025.0,3.214765100671141
518.5994814,4.581031002380163,9.1764481449123,33191.0,3.2432432432432434
518.7994812,5.486142055075305,11.492083656273673,33663.0,3.172185430463576
518.999481,5.184876957494407,6.621838005797246,33525.0,3.2364864864864864
519.1994808,4.55629547054682,10.010886311545436,34088.0,3.2432432432432434
519.3994806,3.1712238805970148,7.83264934443931,33500.0,3.287671232876712
519.5994804,2.3117932148626816,0.6981179918948599,33426.0,3.287671232876712
519.7994802,2.47855013998856,2.3788027993842116,33217.0,3.303448275862069
519.99948,2.6662558985302516,1.6059564549810539,33271.0,3.310344827586207
520.1994798,2.3811336590629777,1.4577803030973964,33361.0,3.287671232876712
520.3994796,7.436757781265733,22.033693299029323,33767.0,3.1578947368421053
520.5994794,8.367734526824098,22.379498628226727,33962.0,3.214765100671141
520.7994792,4.863000087670592,4.5770101258710065,34219.0,3.2364864864864864
520.999479,3.2961812642352175,6.339509059442078,33807.0,3.287671232876712
521.1994788,2.951548964909705,4.2659983879031245,34055.0,3.280821917808219
521.3994786,2.770145503418454,3.2495172987092364,34226.0,3.258503401360544
521.5994784,2.4310800493334117,2.4286143899565653,34054.0,3.280821917808219
521.7994782,2.5205548177659733,1.3384123378642743,33885.0,3.310344827586207
521.999478,2.300542580797358,0.2937443388932289,33912.0,3.310344827586207
522.1994778,2.4151772547631687,0.38864320570223954,33906.0,3.310344827586207
522.3994776,2.312061752401155,0.5761575516248035,33942.0,3.303448275862069
522.5994774,2.6132451106686965,1.9329272011466623,34156.0,3.310344827586207
522.7994772,6.6070845155188715,13.933358232926981,34893.0,3.1578947368421053
522.999477,4.869342368169577,6.675942340525765,34533.0,3.221476510067114
523.1994768,11.738710276900205,46.330730882956885,37667.0,2.9751552795031055
523.3994766,12.65398889137961,52.194694592889114,40149.0,2.95679012345679
523.5994764,9.402530331858953,38.44260780039272,40469.0,2.7906976744186047
523.7994762,10.269305999158187,34.158574907394964,40389.0,3.018867924528302
523.999476,5.9600898039122026,33.35042366721866,41869.0,3.0903225806451613
524.1994758,3.6018282913957216,6.589347690050041,42444.0,3.0125786163522013
524.3994756,3.674320079861703,24.481020861752917,41071.0,3.0903225806451613
524.5994754,3.508942258559019,7.152838828458185,41097.0,3.151315789473684
524.7994752,4.945420371575219,20.39418215915155,41499.0,3.2432432432432434
524.999475,3.196038317127178,2.362789327595989,41548.0,3.2
525.1994748,6.023841802627273,33.19671614183547,42782.0,3.1372549019607843
525.3994746,10.8878003369093,75.57376167360749,45116.0,3.037974683544304
525.5994744,3.475872574936153,1.6343072055542591,44638.0,3.096774193548387
525.7994742,,234.13560034798644,20618.0,2.518867924528302
525.999474,,247.73014307997096,43854.0,3.096774193548387
526.1994738,3.4961263408820025,9.495482019974466,43628.0,3.1372549019607843
526.3994736,4.612206171873147,19.414674662923623,42159.0,3.326388888888889
526.5994734,,251.9771445016868,17606.0,2.831578947368421
526.7994732,,10.091936395278585,17878.0,2.924731182795699
526.999473,,276.1419560303697,40526.0,3.446043165467626
527.1994728,2.5448616208709454,3.1371476316786056,40324.0,3.4214285714285713
527.3994726,5.658757197696737,27.84928999041276,41680.0,3.3333333333333335
527.5994724,3.168142219703945,7.544036184251347,42357.0,3.326388888888889
527.7994722,,286.71511503195245,18696.0,2.8350515463917527
527.999472,,296.23405079282077,41338.0,3.397163120567376
528.1994718,2.654357170769832,6.071422845482485,40944.0,3.4532374100719423
528.3994716,2.3542387754107152,1.7919837338486004,41026.0,3.460431654676259
528.5994714,2.5498689574839837,3.8823667153504866,41208.0,3.4782608695652173
528.7994712,2.599421441004143,6.122265963454751,40791.0,3.4782608695652173
528.999471,5.801366937206322,19.365938461607495,42138.0,3.287671232876712
529.1994708,,285.4180441693697,18548.0,2.8645833333333335
529.3994706,,283.10571558126,41658.0,3.326388888888889
529.5994704,3.5961515898157925,18.059088356681862,42615.0,3.326388888888889
529.7994702,3.3508295263284444,24.47041532751225,41590.0,3.3496503496503496
529.99947,,298.715335201881,18376.0,2.924731182795699
530.1994698,3.0842122793382925,10.109700497172698,18014.0,2.924731182795699
530.3994696,,1.9052723319436229,18329.0,2.893617021276596
530.5994694,,289.8170657874446,41416.0,3.4285714285714284
530.7994692,,290.15642906864326,18171.0,2.924731182795699
530.999469,2.460503186112942,0.6937811988197318,18204.0,2.893617021276596
531.1994688,,3.2229574262402907,17922.0,2.913978494623656
531.3994686,,290.45688502114143,41343.0,3.4285714285714284
531.5994684,2.490579675227678,3.1619410040100884,41506.0,3.4285714285714284
531.7994682,2.5522565320665085,5.020805239442066,41258.0,3.4214285714285713
531.999468,2.399602722802258,0.11098917134941272,41281.0,3.4285714285714284
532.1994678,,290.56843882214685,18142.0,2.935483870967742
532.3994676,2.565475862828205,0.9721643744908619,18167.0,2.924731182795699
532.5994674,,286.72013598651245,41601.0,3.4285714285714284
532.7994672,2.4738342594829668,2.465469113116363,41390.0,3.4214285714285713
532.999467,,291.04724943857343,17902.0,2.9456521739130435
533.1994668,,4.696544675233273,18054.0,2.967391304347826
533.3994666,,290.8674059588246,41250.0,3.446043165467626
533.5994664,2.357890909090909,1.5472132731530368,41250.0,3.4532374100719423
533.7994662,2.4645240561832944,3.706561205026687,41507.0,3.4214285714285713
533.999466,,294.17510500477823,18269.0,2.9782608695652173
534.1994658,,297.6278665459201,41229.0,3.4532374100719423
534.3994656,4.407009178686375,10.747882841146973,41945.0,3.3426573426573425
534.5994654,2.8517136311028177,1.7354784046273506,42337.0,3.3333333333333335
534.7994652,5.393815090813792,17.63877009652905,43881.0,3.1578947368421053
534.999465,,242.4650929731049,24615.0,2.3095238095238093
535.1994648,,229.56618773913652,45182.0,2.891566265060241
535.3994646,,282.0736771008156,22351.0,2.23728813559322
535.5994644,5.5293489386320145,9.683659700042348,22471.0,2.3162393162393164
535.7994642,5.614819696827041,27.0302019944852,21242.0,2.5045045045045047
535.999464,,266.1183695837518,46445.0,2.9146341463414633
536.1994638,4.187928669410151,10.485012252154062,46656.0,2.95679012345679
536.3994636,7.762656256489056,18.024048639322274,48158.0,2.933734939759036
536.5994634,4.533648624185373,27.463275717933104,44192.0,2.962962962962963
536.7994632,4.052640164049028,18.396369854215813,42914.0,3.096774193548387
536.999463,5.357333512773927,22.025149930438356,44583.0,3.050955414012739
537.1994628,,308.12104627478567,21262.0,2.458715596330275
537.3994626,,11.39286500448342,21835.0,2.252173913043478
537.5994624,,278.9451338122359,42881.0,3.037974683544304
537.7994622,3.732821010221592,23.188430253887553,40209.0,3.1578947368421053
537.999462,,385.5814277384652,16657.0,2.23
538.1994618,2.823796823857437,2.488003963708949,16498.0,2.2525252525252526
538.3994616,,330.13313351015563,41346.0,2.8855421686746987
538.5994614,8.093148475704922,31.231234050270228,38444.0,3.0125786163522013
538.7994612,6.523666898432904,44.10360118981328,37394.0,2.9751552795031055
538.999461,5.368516383994731,16.44568999143101,36438.0,3.076923076923077
539.1994608,,507.11888827390374,14791.0,1.4869565217391305
539.3994606,,523.5128542304784,38072.0,2.9751552795031055
539.5994604,7.882433543436558,34.16237309389711,40139.0,3.0316455696202533
539.7994602,,464.5146895612745,14591.0,2.3846153846153846
539.99946,,461.8396871621265,38678.0,3.3496503496503496
540.1994598,,446.4192585667971,16687.0,2.176470588235294
540.3994596,,88.90277174512515,15245.0,2.2061855670103094
540.5994594,,2.817059008598846,15583.0,2.4456521739130435
540.7994592,,4.9748188388819665,15618.0,2.4347826086956523
540.999459,,393.0645700270455,39286.0,3.2653061224489797
541.1994588,2.8378302345208564,4.8529505033887546,39101.0,3.3566433566433567
541.3994586,6.8474253173109405,32.81089117116341,41442.0,3.258503401360544
541.5994584,5.067355420971381,10.128319433530182,42105.0,3.280821917808219
541.7994582,9.75650532253662,23.0519517036432,43964.0,2.95679012345679
541.999458,3.4924834917810146,3.2875694851209922,42706.0,3.0125786163522013
542.1994578,6.520328739526579,7.71643619939812,43682.0,3.116883116883117
542.3994576,11.39352827537759,50.28611781250211,45552.0,3.096774193548387
542.5994574,18.091832988774467,65.89826244276016,51757.0,2.443877551020408
542.7994572,11.877799616052656,100.52798485616437,43756.0,3.326388888888889
542.999457,4.297744253557322,16.859022213848696,42026.0,3.303448275862069
543.1994568,9.344264619019492,52.00533822386703,42325.0,2.973684210526316
543.3994566,14.24914849741653,76.37799360113071,43159.0,2.903030303030303
543.5994564,11.270363424400628,98.29942906431015,39458.0,2.99375
543.7994562,6.9490607825445,21.43159001341913,36573.0,3.096774193548387
543.999456,5.894692807541066,6.134103638917211,35857.0,3.096774193548387
544.1994558,3.2980581440767813,4.0554688133917525,35842.0,3.096774193548387
544.3994556,3.1168981481481484,4.878211646373602,35424.0,3.1372549019607843
544.5994554,6.4416992241237,3.494687747610226,36346.0,3.1578947368421053
544.7994552,2.869065384402808,3.5878589772098506,36186.0,3.1788079470198674
544.999455,2.454186566546117,0.6971200478328476,36223.0,3.1788079470198674
545.1994548,2.4349006677565046,1.6638761851305688,36091.0,3.1788079470198674
545.3994546,2.5205009815034973,1.0164719788440926,36169.0,3.172185430463576
545.5994544,2.5497334221926025,1.607643627375203,36012.0,3.2
545.7994542,2.4602870547736044,0.5348769881553341,36021.0,3.2
545.999454,2.7424397532025564,1.2017347770476556,36143.0,3.2
546.1994538,7.6100645928488415,15.701831106917108,37001.0,3.076923076923077
546.3994536,4.893303159835722,14.701993703227423,35793.0,3.221476510067114
546.5994534,3.331168831168831,2.8986234009855405,36036.0,3.1788079470198674
546.7994532,3.0056808688387635,1.5081889079854471,35910.0,3.1933333333333334
546.999453,2.5713609796827166,0.7302678999178482,35930.0,3.2
547.1994528,3.376466699719055,4.274990365641704,36306.0,3.151315789473684
547.3994526,2.8407898025493625,3.0380283896518074,36009.0,3.1933333333333334
547.5994524,2.7125173082248684,1.1311911653712372,36110.0,3.2
547.7994522,2.555820729845983,0.6914745803475327,36035.0,3.1933333333333334
547.999452,,262.47357790618156,15484.0,2.0096153846153846
548.1994518,,262.30889262673617,36117.0,3.1788079470198674
548.3994516,15.411854905608205,57.060615440352606,39781.0,2.8176470588235296
548.5994514,6.042542244367418,42.88651878441375,36928.0,3.1788079470198674
548.7994512,3.768837632452103,4.972133516426799,37372.0,3.130718954248366
548.999451,6.555375199574241,7.580985862344238,37580.0,3.037974683544304
549.1994508,12.552973483729994,80.20270502345842,33866.0,3.1103896103896105
549.3994506,16.326599606506498,48.327639339548156,36087.0,2.823529411764706
549.5994504,14.152962712204419,33.53136946867144,39879.0,2.6174863387978142
549.7994502,6.396331868251126,43.404721159570286,36858.0,2.834319526627219
549.99945,3.834604696779818,4.241381213128772,36706.0,2.874251497005988
550.1994498,5.345275239581012,12.812847056320601,35896.0,2.99375
550.3994496,5.673987530191541,5.680831794723933,35606.0,2.99375
550.5994494,,187.7955268628478,17883.0,2.5806451612903225
550.7994492,,194.71585726765719,37547.0,2.891566265060241
550.999449,10.247538174284472,20.98017486437187,39097.0,2.9447852760736195
551.1994488,4.498289680657162,14.195838838745647,40051.0,2.981366459627329
551.3994486,3.0225338131281796,2.235199708436747,40295.0,3.018867924528302
551.5994484,2.3735751808900782,0.9794102119116512,40356.0,3.037974683544304
551.7994482,2.29030495678951,0.5572551354368489,40268.0,3.037974683544304
551.9994479999999,6.477576289363362,24.846849564829395,41028.0,2.95679012345679
552.1994477999999,3.57231062085123,7.283495790765401,40976.0,3.0573248407643314
552.3994475999999,2.621501163217828,2.2138314508435295,40835.0,3.076923076923077
552.5994473999999,2.418274785515868,3.5712888787499377,40679.0,3.096774193548387
552.7994471999999,2.2937746062992126,0.6748196364662329,40640.0,3.116883116883117
552.9994469999999,2.28304805874119,1.1250707155950805,40721.0,3.1103896103896105
553.1994467999999,5.790022831610734,11.971522175581667,40733.0,2.909090909090909
553.3994465999999,3.3788754859934205,6.6080818600666404,40124.0,3.0125786163522013
553.5994463999999,8.011550078530869,26.545332385909788,41385.0,2.8682634730538923
553.7994461999999,4.3889252710470785,12.894823152367241,41229.0,2.903030303030303
553.9994459999999,7.820494061989416,16.070424350833342,41007.0,2.742857142857143
554.1994457999999,7.327384523095381,7.432723244229557,40008.0,2.807017543859649
554.3994455999999,7.008492909222017,18.406664004177344,37443.0,2.742857142857143
554.5994453999999,7.240342504211117,35.84042692740668,35620.0,3.096774193548387
554.7994451999999,16.20729786919935,66.42764315198228,40642.0,2.608695652173913
554.9994449999999,10.276827816146701,31.038912002077765,41990.0,2.5668449197860963
555.1994447999999,12.81309318854015,52.19686972107103,45306.0,2.259433962264151
555.3994445999999,9.508317828608952,123.37659597517954,36548.0,3.2
555.5994443999999,8.928255638256198,26.2198177045098,35738.0,3.116883116883117
555.7994441999999,6.757074420677362,3.677907748737069,35904.0,3.130718954248366
555.9994439999999,3.212685514361492,7.697265085578276,35442.0,3.221476510067114
556.1994437999999,2.50976673083456,3.4864944279203236,35324.0,3.2432432432432434
556.3994435999999,2.3877678622179275,0.8165357244183814,35186.0,3.2364864864864864
556.5994433999999,2.5160754673766785,3.6301678746229107,34929.0,3.258503401360544
556.7994431999999,2.435200776277862,0.9516164134067289,35039.0,3.258503401360544
556.9994429999999,2.4207004555808656,0.84754321577932,35120.0,3.258503401360544
557.1994427999999,2.652407948233408,2.3230399479322212,34926.0,3.2653061224489797
557.3994425999999,2.329100529100529,1.1129240365221735,34965.0,3.2653061224489797
557.5994423999999,2.5450084167879257,2.0743468482084024,35049.0,3.2653061224489797
557.7994421999999,2.949781162962542,1.660085380248051,35186.0,3.2432432432432434
557.9994419999999,12.78556519828628,28.16331534318272,36412.0,2.891566265060241
558.1994417999999,11.893341020466993,30.234926015148538,38159.0,2.5806451612903225
558.3994415999999,18.312101464508444,70.49506866544685,42813.0,2.2641509433962264
558.5994413999999,8.522661751500543,17.816620123517847,42318.0,2.259433962264151
558.7994411999999,,277.0230618287039,22969.0,0.9090909090909091
558.9994409999999,,270.40130217596965,42891.0,2.259433962264151
559.1994407999999,3.159320767056735,3.3388603074649894,42813.0,2.259433962264151
559.3994405999999,8.814431056308313,32.59250253471115,42658.0,2.259433962264151
559.5994403999999,17.20919515125041,62.162668468686725,45785.0,2.259433962264151
559.7994401999999,13.561690915339673,60.642327720161965,43645.0,2.388059701492537
559.9994399999999,9.108481479443007,110.73804521273634,36338.0,2.8511904761904763
560.1994397999999,3.2441206901373003,10.995117116055635,35761.0,2.926829268292683
560.3994395999999,2.571697107426423,2.464392879797838,35643.0,2.9447852760736195
560.5994393999999,2.345799381848834,1.0119031469879842,35590.0,2.938650306748466
560.7994391999999,2.3544286035024697,0.46162271366750807,35632.0,2.962962962962963
560.9994389999999,2.3984989778487216,0.4185882315271824,35709.0,2.95679012345679
561.1994387999999,2.3786157169710744,0.8450737663664334,35643.0,2.962962962962963
561.3994385999999,2.468998902366947,2.0266034504922024,35531.0,2.962962962962963
561.5994383999999,2.4068444269618725,0.95034071519953,35591.0,2.95679012345679
561.7994381999999,2.3791256799797065,1.3994107991824216,35479.0,2.95679012345679
561.9994379999999,2.349436392914654,1.1422902738494884,35397.0,2.981366459627329
562.1994377999999,2.3305987821380243,1.1105781694123673,35472.0,2.981366459627329
562.3994375999999,2.3114477166507124,0.6652014892274428,35518.0,2.9751552795031055
562.5994373999999,2.5224895104895104,2.2653400386396387,35750.0,2.981366459627329
562.7994371999999,,262.0614815298394,14974.0,1.719298245614035
562.999437,,266.0785584247974,35403.0,2.9751552795031055
563.1994368,2.3168864913717626,1.1121314990236906,35407.0,2.981366459627329
563.3994366,2.325657523422508,0.09896836501695044,35436.0,2.9751552795031055
563.5994364,2.569706484258922,2.2785894478699475,35671.0,2.981366459627329
563.7994362,2.704268810507841,3.899767829426986,35326.0,3.0
563.999436,2.3144684343077055,1.0153203432213862,35339.0,3.0
564.1994358,2.4050443427667627,0.9871014174848962,35406.0,3.0
564.3994356,5.7746583645580785,12.865199622880755,36296.0,2.8855421686746987
564.5994354,4.782723974323193,7.873765271754231,35830.0,2.9447852760736195
564.7994352,6.746118054428393,17.134954303713126,36966.0,2.857142857142857
564.999435,5.658376928236083,7.4729356232128845,37275.0,2.8682634730538923
565.1994348,15.582443136399972,64.3384291234593,41283.0,2.909090909090909
565.3994346,6.018299666171203,16.57142500373804,41039.0,2.909090909090909
565.5994344,6.8859900611620795,28.06646197175104,41856.0,2.903030303030303
565.7994342,24.468802384056623,153.8538399973484,48321.0,2.5614973262032086
565.999434,10.366282751523787,52.00182782837475,50532.0,2.6983240223463687
566.1994338,11.756425256425256,31.469110390841553,51282.0,2.661111111111111
566.3994336,14.789074438900448,56.801111152118445,54313.0,2.259433962264151
566.5994334,14.254939789687924,102.41300625396835,47168.0,2.259433962264151
566.7994332,,380.22683046325767,22635.0,1.0670731707317074
566.999433,3.374435206940177,2.5448560774702336,22132.0,1.0609756097560976
567.1994328,,393.7702953434978,46744.0,2.2641509433962264
567.3994326,31.032096902465383,116.90300903383269,49039.0,2.823529411764706
567.5994324,6.306015953656238,104.73652995601726,43501.0,2.981366459627329
567.7994322,4.265166002350068,20.757204621432987,43403.0,2.9751552795031055
567.999432,2.9558615486183157,12.47160905937534,42412.0,3.0316455696202533
568.1994318,4.208204912673952,12.871078216228192,42828.0,2.938650306748466
568.3994316,3.867966248157373,25.248121753616427,39346.0,2.99375
568.5994314,12.128781629992284,30.620951640054017,37583.0,2.7906976744186047
568.7994312,,376.75482402185975,13332.0,1.5046728971962617
568.999431,,395.34464840808994,34562.0,3.1103896103896105
569.1994308,,389.22950146125453,13136.0,1.5333333333333334
569.3994306,,19.408373714938897,13706.0,1.5
569.5994304,,389.6915792175529,34310.0,3.0903225806451613
569.7994302,6.595166247555183,25.480995975883797,35790.0,3.0903225806451613
569.99943,3.4240389602904733,20.378769590789066,34702.0,3.0705128205128207
570.1994298,,383.7911250668454,12519.0,1.5384615384615385
570.3994296,,398.7725619345614,33392.0,3.214765100671141
570.5994294,2.5969183078045224,7.267674598015941,32904.0,3.221476510067114
570.7994292,,395.88619394365185,11522.0,1.62
570.999429,10.54398221657669,23.489008727675802,12596.0,1.5192307692307692
571.1994288,,384.23530599908224,33325.0,3.151315789473684
571.3994286,2.8961609209042902,4.939697127908807,33706.0,3.116883116883117
571.5994284,,383.4331872815612,12361.0,1.5480769230769231
571.7994282,,396.06587669352047,32829.0,3.214765100671141
571.999428,2.4374749930750053,5.7110579562316826,32491.0,3.2432432432432434
572.1994278,2.314570146869047,1.080132577700382,32546.0,3.214765100671141
572.3994276,2.5203401445302767,6.3302694800619905,32104.0,3.2653061224489797
572.5994274,2.2906192710437185,1.2154667087464377,32183.0,3.2364864864864864
572.7994272,,398.0863088009621,11395.0,1.5940594059405941
572.999427,,394.1499033538895,32422.0,3.2432432432432434
573.1994268,2.2619040262027625,0.7879961479986994,32363.0,3.2432432432432434
573.3994266,,392.85454401840514,11035.0,1.59
573.5994264,,395.776576389862,32120.0,3.2653061224489797
573.7994262,2.2733559702189963,2.861364322606386,32101.0,3.2653061224489797
573.999426,,394.96004822008985,11082.0,1.6
574.1994258,,395.25804227265303,32126.0,3.2653061224489797
574.3994256,2.431316042267051,3.5264316199758503,32271.0,3.2432432432432434
574.5994254,,395.79540573652076,11205.0,1.6
574.7994252,2.560233504333982,1.816093591046886,11306.0,1.5841584158415842
574.999425,10.13668950135415,14.847725253578794,12554.0,1.5238095238095237
575.1994248,,5.58747063003655,11750.0,1.5643564356435644
575.3994246,,5.276528072586766,11697.0,1.5588235294117647
575.5994244,3.365256873791306,3.8751843685447955,11893.0,1.5145631067961165
575.7994242,,366.1930438678533,34994.0,2.926829268292683
575.999424,,25.209937569912206,36154.0,3.031055900621118
576.1994238,,12.820269948198284,34051.0,3.1103896103896105
576.3994236,2.894646503506851,4.633898997399067,33791.0,3.116883116883117
576.5994234,4.856561837658246,18.396710749337437,34914.0,3.037974683544304
576.7994232,2.7329081411791867,3.6962152326245397,34651.0,3.096774193548387
576.999423,4.816212359069502,10.39145827224901,35035.0,3.0316455696202533
577.1994228,7.4806990161375735,28.86993977588106,35879.0,2.99375
577.3994226,,363.1098033940904,14481.0,1.4732142857142858
577.5994224,,389.3301278556524,35327.0,3.076923076923077
577.7994222,2.7031889495225103,3.066219771245594,35184.0,3.0705128205128207
577.999422,,385.9326680640603,14180.0,1.5321100917431192
578.1994218,,375.07656500511695,34806.0,3.0903225806451613
578.3994216,,379.13235110185775,13457.0,1.560747663551402
578.5994214,3.0554639484335184,8.849258258081962,13342.0,1.5514018691588785
578.7994212,,369.62882858054115,35735.0,2.99375
578.999421,2.9165762576371836,7.742834925934793,35026.0,3.1103896103896105
579.1994208,2.761314036296807,3.2516106870107078,34824.0,3.096774193548387
579.3994206,,375.2756870589362,13136.0,1.5192307692307692
579.5994204,,401.506911290818,33829.0,3.2432432432432434
579.7994202,3.038412755934046,8.851992021685852,33114.0,3.287671232876712
579.99942,2.5135225885225885,4.973404097593749,32760.0,3.310344827586207
580.1994198,2.4716806515301086,4.843845447511021,32416.0,3.326388888888889
580.3994196,,385.23169416352545,11493.0,1.7040816326530612
580.5994194,,387.19844919633806,32247.0,3.326388888888889
580.7994192,2.3507961440142906,2.645783774734937,32469.0,3.3333333333333335
580.999419,2.3770731555527895,3.152722338857876,32137.0,3.3333333333333335
581.1994188,2.2930041924785685,2.5138901619007608,31962.0,3.3333333333333335
581.3994186,2.375523732099306,0.7859200400852888,31982.0,3.3333333333333335
581.5994184,2.2084689534301454,0.5164854883608506,31952.0,3.3496503496503496
581.7994182,2.2486346471928345,0.8726644852982101,32043.0,3.3496503496503496
581.999418,,388.0775267426449,11150.0,1.7291666666666667
582.1994178,,388.766822206168,31959.0,3.3496503496503496
582.3994176,2.2798668048880093,1.5830727932875102,31833.0,3.3566433566433567
582.5994174,2.269306806414159,0.46404163294211453,31867.0,3.3566433566433567
582.7994172,2.243543938824119,1.3132445300298352,31908.0,3.3496503496503496
582.999417,2.4831471164918613,2.7858011584530646,32131.0,3.3333333333333335
583.1994168,2.256692815340555,0.7200386411008944,32124.0,3.3566433566433567
583.3994166,2.2903518373729477,1.81387558315838,31975.0,3.3496503496503496
583.5994164,2.3015997984505887,2.531493041916169,31754.0,3.380281690140845
583.7994162,2.206452018614011,0.9516232728045937,31804.0,3.3566433566433567
583.999416,,389.29819861824166,10774.0,1.7083333333333333
584.1994158,,388.1955486399695,31870.0,3.3566433566433567
584.3994156,,387.6889702223631,10861.0,1.7291666666666667
584.5994154,,3.296223608534799,10701.0,1.7263157894736842
584.7994152,,0.34803077463254545,11143.0,1.7010309278350515
584.999415,,388.21737555770176,32040.0,3.3496503496503496
585.1994148,,386.03140990547973,10811.0,1.7291666666666667
585.3994146,,2.36161196958157,10453.0,1.7157894736842105
585.5994144,,392.40622957273496,31727.0,3.3496503496503496
585.7994142,2.297410270915834,1.522195310299645,31818.0,3.3496503496503496
585.999414,2.5173693401521766,2.8226845927289426,32068.0,3.3496503496503496
586.1994138,,386.9142682053658,10937.0,1.7291666666666667
586.3994136,,391.2666129336125,31661.0,3.3496503496503496
586.5994134,2.2187924123346905,0.4112370049127904,31683.0,3.3496503496503496
586.7994132,,390.93828624869735,10632.0,1.71875
586.999413,,4.011640898691793,10578.0,1.7263157894736842
587.1994128,,389.7062800657063,31910.0,3.3496503496503496
587.3994126,2.349562773266708,1.3221113375151226,32020.0,3.3496503496503496
587.5994124,2.4326346360250017,4.470469352199909,31678.0,3.3496503496503496
587.7994122,2.2313538742943644,0.18853685306870355,31709.0,3.3496503496503496
587.999412,,391.12724370274907,10707.0,1.71875
588.1994118,,388.641172970751,31771.0,3.3566433566433567
588.3994116,2.2702142363510713,0.7006026095190435,31834.0,3.3496503496503496
588.5994114,2.356277480783222,2.651185656865967,31613.0,3.3496503496503496
588.7994112,2.311379321211357,1.261833846072226,31733.0,3.3496503496503496
588.999411,2.2241704967575395,0.43087099797966494,31766.0,3.3566433566433567
589.1994108,,391.11241941931576,10609.0,1.7263157894736842
589.3994106,,391.401489631365,31712.0,3.3566433566433567
589.5994104,2.219934310257706,0.3373304062452136,31664.0,3.3496503496503496
589.7994102,2.3553189484594363,1.7235984511455378,31839.0,3.3566433566433567
589.99941,,14.048526276986163,33723.0,3.312925170068027
590.1994098,,13.241673502029188,31714.0,3.380281690140845
590.3994096,2.271764222243304,0.869516806374775,31623.0,3.3566433566433567
590.5994094,,392.5302420283886,10490.0,1.7263157894736842
590.7994092,,367.732913673093,33458.0,3.1933333333333334
590.999409,15.570614820955793,80.43325401557124,37393.0,2.737142857142857
591.1994088,,284.6396180019708,18030.0,2.0555555555555554
591.3994086,,327.50502657656875,39729.0,3.1933333333333334
591.5994084,8.024312312312313,20.13814146862079,41625.0,3.130718954248366
591.7994082,12.85320916521506,47.670876813406615,44778.0,2.7528735632183907
591.999408,9.971584152218815,45.74249443989531,47931.0,2.2641509433962264
592.1994078,15.000483996548894,45.86208339860255,47521.0,2.259433962264151
592.3994076,5.286436354099611,20.275955673490557,41943.0,2.259433962264151
592.5994074,5.547225384881936,4.133907987059015,40402.0,2.259433962264151
592.7994072,,411.94192576565075,22156.0,1.103658536585366
592.999407,9.008144548627746,180.79665955006504,14611.0,1.456896551724138
593.1994068,11.30013881785636,60.71533242589987,13687.0,1.5137614678899083
593.3994066,,394.4771759886184,36416.0,3.0705128205128207
593.5994064,4.639625071943432,7.184095507064704,36487.0,3.130718954248366
593.7994062,5.351859245654662,21.251680431558103,37569.0,3.1103896103896105
593.999406,11.597119320242474,48.752720254940655,38602.0,2.903030303030303
594.1994058,3.447486138269092,24.700378138516495,37333.0,2.9207317073170733
594.3994056,4.376792591985577,25.455492751426597,36609.0,2.95679012345679
594.5994054,2.594376849720487,1.8769508860439026,36492.0,2.95679012345679
594.7994052,4.760815972692547,18.293821226838645,36913.0,2.938650306748466
594.999405,3.378937997185606,31.871170061413984,34821.0,3.1372549019607843
595.1994048,5.993675889328063,31.985971938259205,34155.0,3.2364864864864864
595.3994046,5.983352094318384,28.093678132600793,33758.0,3.280821917808219
595.5994044,,438.0738390142766,12104.0,1.6
595.7994042,,437.29948337887583,33034.0,3.258503401360544
595.999404,2.4395755191656754,5.508863326237301,32793.0,3.280821917808219
596.1994037999999,4.319894230197873,13.74349101494929,33658.0,3.1933333333333334
596.3994035999999,6.246906524161975,21.187378020011206,34993.0,3.037974683544304
596.5994033999999,9.380337746330946,44.184946729861295,36181.0,3.0
596.7994031999999,,441.5150638511552,13805.0,1.85
596.9994029999999,3.7051366600718105,5.750477661808247,13647.0,1.89
597.1994027999999,,15.25073924767535,13277.0,1.891089108910891
597.3994025999999,,440.74163134018187,34741.0,3.3333333333333335
597.5994023999999,2.39333525678015,3.0405646746602093,34660.0,3.3496503496503496
597.7994021999999,2.359821041997402,1.8546858568941973,34645.0,3.3566433566433567
597.9994019999999,2.3426368721560444,1.4003765948884666,34503.0,3.326388888888889
598.1994017999999,3.953758221558434,5.80934173612162,34817.0,3.310344827586207
598.3994015999999,3.1374030508571593,5.126483490569006,34941.0,3.258503401360544
598.5994013999999,3.197910051382715,7.4516544999133,34642.0,3.310344827586207
598.7994011999999,2.668019010084618,4.277505115725545,34508.0,3.3496503496503496
598.9994009999999,2.3905936418370612,0.20668384737236703,34381.0,3.3496503496503496
599.1994007999999,,448.04252224191026,12359.0,2.0105263157894737
599.3994005999999,2.7160921391752577,1.9130268683700027,12416.0,2.0
599.5994003999999,,448.5811402445612,34411.0,3.3496503496503496
599.7994001999999,2.41632,2.0317198396533054,34375.0,3.3566433566433567
599.9993999999999,2.315717645692384,0.5640079429727078,34439.0,3.380281690140845
600.1993997999999,2.3387054545454546,0.9241319076874416,34375.0,3.3732394366197185
600.3993995999999,2.617491883116883,2.5719585347817056,34496.0,3.3496503496503496
600.5993993999999,2.5098637380516573,3.6698078796043454,34419.0,3.380281690140845
600.7993991999999,2.374996353878015,1.1716063512441293,34283.0,3.3732394366197185
600.9993989999999,2.2671982307065535,1.6045345652554261,34364.0,3.380281690140845
601.1993987999999,5.4646718919846675,12.38132931603235,34958.0,3.287671232876712
601.3993985999999,2.8417969860676715,3.922602440336782,35170.0,3.258503401360544
601.5993983999999,3.6100104275286755,2.434665630502201,35483.0,3.303448275862069
601.7993981999999,2.79072553045859,5.945551103219351,35064.0,3.3333333333333335
601.9993979999999,,433.2250901052841,13155.0,2.0104166666666665
602.1993977999999,,436.1091191312199,34986.0,3.3496503496503496
602.3993975999999,,437.25818830519495,12863.0,2.0
602.5993973999999,2.5944711166176244,2.1335796225576824,12914.0,2.031578947368421
602.7993971999999,,3.4282531447574063,12582.0,2.0531914893617023
602.9993969999999,,439.1238467123695,34741.0,3.380281690140845
603.1993967999999,2.646687153565582,1.6934544901323165,34819.0,3.397163120567376
603.3993965999999,2.571498672208752,2.085260033383621,34644.0,3.3732394366197185
603.5993963999999,2.323827922265152,0.4793062425701807,34682.0,3.3732394366197185
603.7993961999999,2.487131613718619,2.0083714611312318,34814.0,3.3732394366197185
603.9993959999999,2.4912094225797183,0.9887078705489374,34810.0,3.380281690140845
604.1993957999999,4.723399394597064,14.031354285933046,35018.0,3.280821917808219
604.3993955999999,,428.8281401835105,13777.0,1.9207920792079207
604.5993953999999,,434.94387553132475,35258.0,3.326388888888889
604.7993951999999,6.63569635450775,16.916084730606403,36648.0,3.1788079470198674
604.9993949999999,8.910342867477974,14.741210301089955,38703.0,3.0705128205128207
605.1993947999999,7.7555369722771275,19.96629187822012,39462.0,3.116883116883117
605.3993945999999,6.374839634744547,19.917733232447716,39753.0,3.2364864864864864
605.5993943999999,6.438251255261957,32.070974285660185,39434.0,3.2432432432432434
605.7993941999999,6.474451097804391,16.62591188887097,40080.0,3.280821917808219
605.9993939999999,8.841147216455024,29.839599716784075,41422.0,3.050955414012739
606.1993937999999,7.02278968304889,60.90627801859613,38965.0,3.2364864864864864
606.3993935999999,4.879305173706573,9.995523846946966,40010.0,3.2
606.5993933999999,4.0972766686570266,8.730831941495667,38519.0,3.238095238095238
606.7993931999999,5.223652516252687,4.542796768004337,38609.0,3.3732394366197185
606.9993929999999,4.803009087664388,31.566623601629757,36423.0,3.574626865671642
607.1993927999999,4.101276908299904,11.155514522090941,35398.0,3.66412213740458
607.3993925999999,3.471387275125593,1.8623104968083932,35631.0,3.6564885496183206
607.5993923999999,2.9382842218815646,3.0591497030800463,35226.0,3.6923076923076925
607.7993921999999,2.9758375460543225,1.30983053670328,35013.0,3.6923076923076925
607.999392,2.990657419613687,2.008666864731744,34894.0,3.6923076923076925
608.1993918,2.5603029436981997,1.8630848583934079,34990.0,3.6923076923076925
608.3993916,2.8801957381433327,1.50261934376741,35149.0,3.6923076923076925
608.5993914,2.8420374874803263,1.8490813713066605,34945.0,3.6923076923076925
608.7993912,2.571538549270073,1.495590872506056,35072.0,3.6564885496183206
608.999391,3.132944870308036,3.122061908249083,35353.0,3.6363636363636362
609.1993908,6.290387256248284,13.378825932162089,36410.0,3.5481481481481483
609.3993906,3.894751535455053,6.386979799823415,35820.0,3.582089552238806
609.5993904,2.9266137402867,1.1525701645086708,35647.0,3.582089552238806
609.7993902,2.818939136348181,3.3754199475447875,35292.0,3.628787878787879
609.99939,2.846694675469433,2.8015049401941376,34989.0,3.6564885496183206
610.1993898,2.423965502470229,0.4749629342426134,35017.0,3.66412213740458
610.3993896,2.474541983645326,0.8076103376805732,35097.0,3.6363636363636362
610.5993894,2.442476868327402,1.3786409994412776,35125.0,3.6564885496183206
610.7993892,7.084005979073243,12.770271090140675,36795.0,3.5294117647058822
610.999389,3.4563808163489536,1.4800481816147797,36406.0,3.5294117647058822
611.1993888,3.487889751166837,2.1539636114641856,36209.0,3.471014492753623
611.3993886,3.375076974752281,4.432375144288602,35726.0,3.5220588235294117
611.5993884,4.043994452149792,4.92017566289584,36050.0,3.4532374100719423
611.7993882,5.864312567132116,12.963081668536127,37240.0,3.3566433566433567
611.999388,9.811291609813866,27.646327703351616,38843.0,3.018867924528302
612.1993878,7.791405550581916,37.63276284873904,35744.0,3.151315789473684
612.3993876,5.735804049336746,11.714877750804666,34376.0,3.1788079470198674
612.5993874,6.192132355161067,14.439875137504979,33123.0,3.221476510067114
612.7993872,5.795851726431638,13.20750185777815,33074.0,3.3566433566433567
612.999387,4.528325587237784,12.019970163860533,31844.0,3.4357142857142855
613.1993868,4.642898775986011,8.89000519143033,30882.0,3.582089552238806
613.3993866,5.834201331663261,7.997221817420744,30338.0,3.6363636363636362
613.5993864,4.556739370791035,4.653059572288818,29847.0,3.66412213740458
613.7993862,2.721836679692764,1.8273083682102182,29684.0,3.6923076923076925
613.999386,9.087728809235283,20.322060506550827,31358.0,3.510948905109489
614.1993858,5.6092552376085845,3.0082340375328567,31312.0,3.4782608695652173
614.3993856,5.899107711918419,4.790671826455667,31380.0,3.5036496350364965
614.5993854,3.334056048152223,6.613527155077769,30902.0,3.5555555555555554
614.7993852,3.2655846912451425,3.261333644109776,30623.0,3.582089552238806
614.999385,2.6901892723819505,0.899203679561787,30538.0,3.582089552238806
615.1993848,2.575652401689532,0.7727744994342832,30541.0,3.582089552238806
615.3993846,2.6675791943684004,1.5299561192569031,30684.0,3.562962962962963
615.5993844,2.4942103885908673,2.0485378124877074,30572.0,3.574626865671642
615.7993842,2.7701991979488527,1.7832578269393384,30422.0,3.582089552238806
615.999384,4.399538180302107,11.356217114071942,31181.0,3.5036496350364965
616.1993838,3.3551271038147052,3.1134704506831774,31431.0,3.4782608695652173
616.3993836,,269.6495869600124,11162.0,2.022222222222222
616.5993834,,279.05591726672657,30683.0,3.5555555555555554
616.7993832,2.566815471341523,1.423900400315901,30689.0,3.5294117647058822
616.999383,2.6256494036922073,1.1298626934632672,30605.0,3.5555555555555554
617.1993828,6.820644193820488,15.871662519834983,32009.0,3.4285714285714284
617.3993826,4.111874169251219,3.359942151962584,31598.0,3.4285714285714284
617.5993824,5.3773687060097455,4.939325875268204,31399.0,3.3496503496503496
617.7993822,13.125189038775634,44.715590623436896,33062.0,3.1372549019607843
617.999382,8.344700894959962,40.87077366639215,31845.0,3.221476510067114
618.1993818,5.425698792847459,17.67221003000942,30982.0,3.3566433566433567
618.3993816,5.001392802772649,0.8568676387506255,30873.0,3.4214285714285713
618.5993814,4.659083458991674,9.503799539357555,30506.0,3.5294117647058822
618.7993812,4.9429255301217,14.899093028225039,29663.0,3.66412213740458
618.999381,9.577513054830288,18.718543705863272,30640.0,3.6090225563909772
619.1993808,9.258991670873296,26.711905823393767,31696.0,3.870967741935484
619.3993806,5.229305235429701,27.522186098759946,30370.0,3.582089552238806
619.5993804,5.09875138084558,7.672950673994756,29873.0,3.582089552238806
619.7993802,4.763997960224375,7.127827542505513,29415.0,3.6923076923076925
619.99938,4.064303295501162,3.0383144097483674,29252.0,3.7
620.1993798,3.177833091336514,4.231215797539767,28926.0,3.6923076923076925
620.3993796,2.454454557992001,0.2281073585435036,29004.0,3.6923076923076925
620.5993794,2.5982774003156957,2.6198380753073254,29142.0,3.6923076923076925
620.7993792,2.5932602967688254,3.4833116637357886,28844.0,3.6923076923076925
620.999379,2.326053149946435,1.2458202313473508,28937.0,3.6846153846153844
621.1993788,2.9426947829659045,4.416073800961385,29212.0,3.66412213740458
621.3993786,7.2708735280420465,13.943859885267363,30062.0,3.4782608695652173
621.5993784,5.8888777387523,1.2876794041093396,29895.0,3.5036496350364965
621.7993782,3.8242704674412322,3.378465767972301,29608.0,3.5555555555555554
621.999378,3.048344415795902,2.9347452999007757,29476.0,3.5555555555555554
622.1993778,3.7654126782247808,5.4000959142613425,29878.0,3.582089552238806
622.3993776,2.7209254987108156,6.297728755353206,29476.0,3.574626865671642
622.5993774,2.6192002699510715,2.555026243563807,29635.0,3.582089552238806
622.7993772,2.677850742184828,4.057429628896951,29238.0,3.6090225563909772
622.999377,2.3744984699081946,1.3251939618355326,29410.0,3.6090225563909772
623.1993768,2.6105660631806074,3.7639727019692613,29661.0,3.58955223880597
623.3993766,2.3983602114107603,2.358094758407165,29516.0,3.582089552238806
623.5993764,2.3769340876559197,2.3336214355779075,29342.0,3.6090225563909772
623.7993762,2.341504216312178,0.9158191324129693,29291.0,3.6090225563909772
623.999376,3.12833609579542,4.155695400201396,29563.0,3.582089552238806
624.1993758,7.484978822602358,12.37620364164617,30457.0,3.4782608695652173
624.3993756,4.233944043918249,2.624053731568095,30238.0,3.4782608695652173
624.5993754,3.2209478610506888,1.9284763953429127,30342.0,3.4782608695652173
624.7993752,4.091941770212199,5.376241892469203,30019.0,3.4782608695652173
624.999375,2.8526803573809842,2.317336859208738,29996.0,3.5294117647058822
625.1993748,2.4041690405174436,2.630605433480036,29839.0,3.5555555555555554
625.3993746,9.88464224493683,22.857012100117778,31502.0,3.380281690140845
625.5993744,7.691023226616447,8.716285775176365,31860.0,3.310344827586207
625.7993742,8.611392667674343,33.46714722952219,33741.0,2.874251497005988
625.999374,4.733808111990708,18.295999197938944,32717.0,3.2
626.1993738,13.149829448550312,35.67117026872507,35180.0,2.7848837209302326
626.3993736,13.281563009550432,41.38400296179598,34344.0,3.397163120567376
626.5993734,6.75744412968209,21.286056573495426,31770.0,3.4285714285714284
626.7993732,4.234057598354333,13.898415586005491,31112.0,3.4782608695652173
626.999373,4.234965484026328,1.7622699823516703,31145.0,3.4532374100719423
627.1993728,10.622030237580994,18.04707680243902,31484.0,3.303448275862069
627.3993726,7.994317640709819,3.675436753459795,31501.0,3.310344827586207
627.5993724,4.476714894716445,14.75943807315048,30964.0,3.4285714285714284
627.7993722,11.88683909644325,28.795972631743194,32361.0,3.4782608695652173
627.999372,8.828556024800072,10.68693105613639,33387.0,3.471014492753623
628.1993718,16.863739225507896,114.29939459998663,39329.0,3.404255319148936
628.3993716,5.209409190371991,56.616901302931346,36560.0,3.3333333333333335
628.5993714,4.938405220436097,20.906892814906996,37698.0,3.287671232876712
628.7993712,3.644901585186419,24.957482999591583,36021.0,3.3333333333333335
628.999371,12.097691398015321,70.62858087693924,38898.0,3.0903225806451613
629.1993708,4.266316540893331,6.153109845975193,39224.0,3.116883116883117
629.3993706,6.720288786638534,23.9433736758977,39337.0,3.1788079470198674
629.5993704,3.454445978688482,7.57014432326651,38383.0,3.1578947368421053
629.7993702,2.6564043892038067,4.488871698085956,38458.0,3.172185430463576
629.99937,3.9446296296296297,7.6752277939018505,37800.0,3.2364864864864864
630.1993698,4.030791508428732,17.842338134898437,36601.0,3.380281690140845
630.3993696,3.1733508350555772,8.284075779416593,35806.0,3.4782608695652173
630.5993694,,307.8268375604725,13928.0,2.651685393258427
630.7993692,,303.05740712011715,36071.0,3.582089552238806
630.999369,2.7994494035204807,3.9226576238354443,35961.0,3.574626865671642
631.1993688,,313.60078509506343,13946.0,2.735632183908046
631.3993686,3.2789256198347108,5.426108102877861,14036.0,2.735632183908046
631.5993684,,313.7326512696995,36234.0,3.574626865671642
631.7993682,5.970169418249615,10.794553260851362,37009.0,3.380281690140845
631.999368,5.333562295255205,16.694552006717814,37852.0,3.446043165467626
632.1993678,2.8137923740017983,0.8926954003053166,37818.0,3.446043165467626
632.3993676,2.4427608092026976,1.130399043217567,37815.0,3.4532374100719423
632.5993674,2.468952782906885,2.000998498029203,37910.0,3.446043165467626
632.7993672,2.698004725649777,4.961072828944881,38090.0,3.471014492753623
632.999367,2.646113592515263,4.675298762486239,37837.0,3.4782608695652173
633.1993668,2.353618377723333,1.758755364401965,37959.0,3.4782608695652173
633.3993666,,289.2334029057242,15499.0,2.769230769230769
633.5993664,,284.7814024693349,38187.0,3.4782608695652173
633.7993662,2.4053389165140016,1.8243973363212616,38210.0,3.471014492753623
633.999366,2.338518751309449,0.8824977705704015,38184.0,3.471014492753623
634.1993658,2.3593081546416106,1.5340619818642762,38101.0,3.4782608695652173
634.3993656,2.419291235080709,1.1021573718361488,38038.0,3.4782608695652173
634.5993654,2.346733140907898,1.2818535041272934,38110.0,3.471014492753623
634.7993652,2.3699308393586924,0.6743060058082001,38172.0,3.4782608695652173
634.999365,2.4036668494867977,1.6071115483350027,38289.0,3.4782608695652173
635.1993648,,290.57325119696037,15786.0,2.8131868131868134
635.3993646,,290.2656586500431,38307.0,3.4782608695652173
635.5993644,2.5257837525599958,3.182103997194498,38086.0,3.4782608695652173
635.7993642,2.3061085320114354,1.4393861930872784,38127.0,3.471014492753623
635.999364,8.796788874841972,23.640041362200623,39550.0,3.221476510067114
636.1993638,3.6932389692539016,8.586152858189287,38574.0,3.258503401360544
636.3993636,6.788309558129131,39.7801743740926,40238.0,3.1933333333333334
636.5993634,7.290281420571348,35.688075567611975,42321.0,3.037974683544304
636.7993632,6.527285974499089,46.0149801956611,41175.0,2.8855421686746987
636.999363,6.010822725246421,17.61351551587356,40378.0,3.096774193548387
637.1993628,5.534385369436916,34.0548300264232,39479.0,2.903030303030303
637.3993626,7.764298600614365,20.531666563433184,41018.0,2.737142857142857
637.5993624,4.588645634700331,14.53236626382597,41429.0,2.801169590643275
637.7993622,7.151251591005516,24.208918906897186,42426.0,2.6759776536312847
637.999362,6.68109186205617,32.144731178549236,43119.0,2.7745664739884393
638.1993618,4.995116747659121,33.498200183388015,42185.0,2.691011235955056
638.3993616,4.843071342200726,19.194350950473982,41350.0,2.8511904761904763
638.5993614,3.6402929350947733,7.048059044958872,41784.0,2.7528735632183907
638.7993612,3.1465325188645346,2.053506451771867,41745.0,2.76878612716763
638.999361,3.01026859995246,6.718115272930914,42070.0,2.7528735632183907
639.1993608,2.9411272788091654,4.25939580021964,41853.0,2.7630057803468207
639.3993606,3.248803033894288,5.119747911023679,42190.0,2.76878612716763
639.5993604,5.719288256227758,10.128716858323306,42150.0,2.711864406779661
639.7993602,5.094582709358435,7.762144493633212,42069.0,2.711864406779661
639.99936,6.8402025435704195,11.34076402868687,42460.0,2.7062146892655368
640.1993598,4.879714964370546,7.187388610508669,42100.0,2.823529411764706
640.3993595999999,4.34500561703755,10.017446725221243,41837.0,2.8682634730538923
640.5993593999999,2.671460256135079,2.3974999764116514,41931.0,2.8682634730538923
640.7993591999999,3.713031445340459,6.8605726255927335,41914.0,2.874251497005988
640.9993589999999,7.447398334377247,11.685329149212249,43107.0,2.727272727272727
641.1993587999999,3.6232418343625987,7.269811430304978,42587.0,2.76878612716763
641.3993585999999,5.571217209553557,8.22967548284017,42581.0,2.8402366863905324
641.5993583999999,3.495184722974405,4.5852511192624625,42469.0,2.8855421686746987
641.7993581999999,3.713953214999412,5.756266184680945,42535.0,2.834319526627219
641.9993579999999,4.127044698327012,14.481651069351557,42977.0,2.8682634730538923
642.1993577999999,3.4015764806135493,15.526527544249493,42246.0,2.891566265060241
642.3993575999999,,290.22418280654335,20547.0,1.9316239316239316
642.5993573999999,,2.753293671463895,20323.0,1.9401709401709402
642.7993571999999,,280.92938935657054,42431.0,2.962962962962963
642.9993569999999,3.2030638620787784,7.330011822000988,42169.0,2.926829268292683
643.1993567999999,2.838548924210576,4.787176393637051,42341.0,2.938650306748466
643.3993565999999,2.9263157894736844,2.597076978428618,42180.0,2.962962962962963
643.5993563999999,2.8317108728367195,5.031520560614624,42528.0,2.938650306748466
643.7993561999999,3.10619364862638,4.253641510323801,42479.0,2.926829268292683
643.9993559999999,4.479368732533289,11.430817870715277,42581.0,2.8855421686746987
644.1993557999999,4.170542452830189,9.717201420079931,42400.0,2.8855421686746987
644.3993555999999,2.7929006710454556,3.043887375043976,42173.0,2.903030303030303
644.5993553999999,3.646265094406503,4.122889770724453,42317.0,2.891566265060241
644.7993551999999,5.380558696061805,9.696232954957456,42456.0,2.823529411764706
644.9993549999999,4.448942438977651,18.258239850931307,41747.0,2.801169590643275
645.1993547999999,3.29850209706411,1.5543311603073497,41725.0,2.8176470588235296
645.3993545999999,3.3454681792893255,4.126369309577906,41341.0,2.834319526627219
645.5993543999999,2.5205131308241557,1.9857558249502933,41315.0,2.8511904761904763
645.7993541999999,2.685719817051037,4.663891402806372,41323.0,2.8511904761904763
645.9993539999999,2.778063410454156,5.741303308339048,40845.0,2.8682634730538923
646.1993537999999,2.828215626066189,3.747690889629857,41034.0,2.857142857142857
646.3993535999999,2.9761106351731734,5.6877073117286745,40855.0,2.801169590643275
646.5993533999999,3.280116358658453,1.3245136992772382,40908.0,2.857142857142857
646.7993531999999,2.902210926318906,6.514415186722547,40526.0,2.8176470588235296
646.9993529999999,3.993828515672643,7.965113821369522,40995.0,2.8176470588235296
647.1993527999999,2.475322149282762,1.569520221102109,41130.0,2.8176470588235296
647.3993525999999,2.9564721858480043,5.070567775217457,41238.0,2.8176470588235296
647.5993523999999,3.722276790099204,10.007634229376668,40724.0,2.857142857142857
647.7993521999999,5.417005626324379,15.137664987391888,41057.0,2.7745664739884393
647.9993519999999,5.214314530482451,21.7520660555716,42139.0,2.7906976744186047
648.1993517999999,3.1394763104120136,3.615373568731871,42086.0,2.7848837209302326
648.3993515999999,3.4391115951980678,1.3472702729520458,42233.0,2.7528735632183907
648.5993513999999,3.033906774216575,2.1161227648769985,42027.0,2.76878612716763
648.7993511999999,2.6436855670103094,1.8683922536501913,41904.0,2.7745664739884393
648.9993509999999,2.483085897343948,1.8274354018674959,41829.0,2.7906976744186047
649.1993507999999,3.1340093566695955,3.151768653229847,42109.0,2.76878612716763
649.3993505999999,3.3296038415366147,9.789620077292257,41650.0,2.7848837209302326
649.5993503999999,4.211074746113491,7.466134285716656,41554.0,2.7848837209302326
649.7993501999999,4.560561775487962,13.44284444300861,40372.0,2.8682634730538923
649.9993499999999,3.863945747217806,1.907905874203678,40256.0,2.909090909090909
650.1993497999999,5.582151073619632,20.35460668020451,41728.0,2.8511904761904763
650.3993495999999,4.19107168823615,11.737070832701184,41262.0,2.8511904761904763
650.5993493999999,4.364916313483227,4.323701801633276,41763.0,2.807017543859649
650.7993491999999,4.666738284513834,10.705870286488754,41889.0,2.8511904761904763
650.9993489999999,3.5836328189227915,8.936716716904227,42573.0,2.801169590643275
651.1993487999999,4.653786276924507,9.278449910715276,43037.0,2.7848837209302326
651.3993485999999,3.259267190102308,12.511322678996093,42030.0,2.823529411764706
651.5993483999999,4.07820155634547,7.188437428720269,41636.0,2.7906976744186047
651.7993481999999,3.34101360064232,10.344966164437519,41101.0,2.7848837209302326
651.9993479999999,3.4682252141982866,3.8417243101767586,40850.0,2.7906976744186047
652.1993477999999,2.7579766920442506,3.067783015229943,40587.0,2.801169590643275
652.3993475999999,3.129175726428148,1.9541438591949605,40472.0,2.801169590643275
652.5993473999999,2.5229752802316088,0.3055182729111619,40413.0,2.801169590643275
652.7993471999999,,283.608471373557,19228.0,1.7804878048780488
652.999347,,274.61436104020146,40934.0,2.7848837209302326
653.1993468,4.532540767503174,5.297164559664921,40964.0,2.801169590643275
653.3993466,3.9088098171365075,5.481113313527052,41397.0,2.76878612716763
653.5993464,2.7576835029954703,2.989448702342804,41062.0,2.7848837209302326
653.7993462,3.5480002889407913,4.091426960580921,41531.0,2.7586206896551726
653.999346,5.21776525361431,10.822304509665356,40810.0,2.8682634730538923
654.1993458,5.214226467261531,17.804498290103563,39785.0,2.9207317073170733
654.3993456,5.252033764312856,12.138226571197013,39213.0,2.8855421686746987
654.5993454,4.911598598546253,12.184074868162158,38246.0,2.926829268292683
654.7993452,6.849683830171635,13.860893521945133,38745.0,2.8511904761904763
654.999345,3.934510324714215,5.921565354481187,38403.0,2.828402366863905
655.1993448,6.910802523883131,18.811148224517012,39463.0,2.7062146892655368
655.3993446,6.876099956244834,16.14589297982409,41138.0,2.6815642458100557
655.5993444,6.232754155483354,11.880180835054688,42474.0,2.6759776536312847
655.7993442,4.618599562363238,13.659393756634081,41130.0,2.7848837209302326
655.999344,5.613882811185112,1.100961171078027,41591.0,2.8855421686746987
656.1993438,4.734483772918914,18.169746188803718,40796.0,2.8682634730538923
656.3993436,4.522293606679661,6.256556083917223,41559.0,2.8682634730538923
656.5993434,5.62816485817628,21.415229890610316,42024.0,2.823529411764706
656.7993432,4.554041759010848,10.435902496757254,42865.0,2.721590909090909
656.999343,3.894355702510129,12.587663143449983,42946.0,2.7528735632183907
657.1993428,5.828140703517588,32.89257836859746,42785.0,2.691011235955056
657.3993426,4.312890031553114,12.41263247780034,42785.0,2.721590909090909
657.5993424,4.181822452958726,12.872664161863929,42569.0,2.7586206896551726
657.7993422,2.9124703087885986,4.307318014715738,42100.0,2.801169590643275
657.999342,2.6208672536966273,0.5641082490389936,42133.0,2.7848837209302326
658.1993418,,255.68557014572065,21341.0,1.7716535433070866
658.3993416,,236.51637971954574,43759.0,2.737142857142857
658.5993414,2.7665019373100392,6.46684146621713,43101.0,2.7528735632183907
658.7993412,3.1009538200018887,8.496346722705336,42356.0,2.801169590643275
658.999341,2.954603701945895,4.338959343357202,42140.0,2.801169590643275
659.1993408,2.5808608341859194,2.760269239288991,42029.0,2.8176470588235296
659.3993406,2.613989451829225,3.6438529405630353,41903.0,2.8117647058823527
659.5993404,3.5925470538163244,8.16766204763903,42292.0,2.7630057803468207
659.7993402,3.0805717998700457,10.266165105699853,41553.0,2.7906976744186047
659.99934,2.9435987745157166,5.767024078045146,41453.0,2.76878612716763
660.1993398,5.385965734642698,18.21213048034568,42667.0,2.76878612716763
660.3993396,3.8630014368831413,8.16282732282106,42453.0,2.823529411764706
660.5993394,3.695843935538592,18.52509545796136,41265.0,2.903030303030303
660.7993392,5.102690646799222,12.295230335257674,42146.0,2.807017543859649
660.999339,3.3474818091025824,3.041266906474298,42054.0,2.801169590643275
661.1993388,3.6770308788598576,8.939282722640934,42100.0,2.8682634730538923
661.3993386,3.8740830425183392,15.225397548210534,42123.0,2.823529411764706
661.5993384,6.563552218365564,30.38881753747827,42351.0,2.76878612716763
661.7993382,7.030086295844668,30.635549220962254,42644.0,2.727272727272727
661.999338,3.118848675645608,4.631582382401993,42247.0,2.7528735632183907
662.1993378,3.4334375437450424,6.362543476153832,42862.0,2.7586206896551726
662.3993376,3.6842506734046863,8.11974305080116,41951.0,2.891566265060241
662.5993374,4.020289713700434,11.755288486028157,41006.0,2.8402366863905324
662.7993372,3.480187913520427,8.439580148665652,40657.0,2.926829268292683
662.999337,3.694527917797596,6.612572382076709,41264.0,2.909090909090909
663.1993368,4.764563106796117,11.50388674856073,42024.0,2.8682634730538923
663.3993366,3.167276667469299,8.413662645696217,41530.0,2.874251497005988
663.5993364,4.598108299834476,12.062172376542117,42290.0,2.7528735632183907
663.7993362,2.7453319133830316,2.9038032138198546,42255.0,2.737142857142857
663.999336,3.591735073317898,3.5583889923484255,42759.0,2.7062146892655368
664.1993358,4.409952331124288,13.400553509133069,43005.0,2.7528735632183907
664.3993356,4.7240878604190195,12.470357502036094,43387.0,2.691011235955056
664.5993354,3.8802664959575126,15.42477950651599,42177.0,2.7745664739884393
664.7993352,2.6382657824806683,4.466602940443308,41771.0,2.7848837209302326
664.999335,2.434927804338947,4.242154324753723,41623.0,2.7906976744186047
665.1993348,2.377449794338253,2.840962341364443,41330.0,2.807017543859649
665.3993346,2.3028774199777917,1.3796130521399121,41426.0,2.8176470588235296
665.5993344,2.3473585224121716,1.6849440159714897,41473.0,2.8176470588235296
665.7993342,3.6704463901248743,5.044979516173751,41802.0,2.801169590643275
665.999334,3.9259340285373976,4.759996252800277,41139.0,2.891566265060241
666.1993338,4.1728978868036055,3.349231805791391,40602.0,2.938650306748466
666.3993336,4.186165497327829,19.727969806568254,39481.0,2.95679012345679
666.5993334,4.75437233775996,11.741533182675532,39910.0,2.926829268292683
666.7993332,3.976875578110547,3.5159281010822747,40001.0,2.938650306748466
666.999333,3.6533741573866023,7.3775430288983435,40499.0,2.874251497005988
667.1993328,3.9813476104709977,1.544771125533855,40531.0,2.857142857142857
667.3993326,2.7636037025024325,4.959478865489114,40081.0,2.891566265060241
667.5993324,3.0566560814557184,2.346642623347187,39678.0,2.926829268292683
667.7993322,3.6043751396717405,7.9024080696004635,40273.0,2.903030303030303
667.999332,3.8133599252732826,9.051788820740889,39611.0,2.938650306748466
668.1993318,5.313182324545117,8.661994645067747,40395.0,2.874251497005988
668.3993316,7.271820448877805,21.02975437723486,42506.0,2.7528735632183907
668.5993314,4.031167794062383,11.224719223076429,42576.0,2.7906976744186047
668.7993312,4.1572884145308455,15.72403047320949,41319.0,2.8402366863905324
668.999331,3.597609274861381,3.870848692322051,41661.0,2.823529411764706
669.1993308,4.170120791443322,10.870177786942767,40483.0,2.9207317073170733
669.3993306,4.12598405764912,7.048378601520444,40521.0,2.8855421686746987
669.5993304,4.332396275193895,6.463613550387486,39841.0,2.8855421686746987
669.7993302,5.13891980021221,8.444075127232795,38641.0,2.8682634730538923
669.99933,3.823788432816604,1.119934035404439,38834.0,2.9207317073170733
670.1993298,3.638258548105555,6.54334146503795,38956.0,2.938650306748466
670.3993296,3.813914041909136,10.529607713915382,38321.0,2.903030303030303
670.5993294,8.78231493083708,17.185219299654772,40701.0,2.8511904761904763
670.7993292,2.9504021120046935,2.2935040020165567,40909.0,2.8511904761904763
670.999329,5.087644842878261,10.331532232918937,41942.0,2.7528735632183907
671.1993288,3.2910539659543643,7.333798490791996,41415.0,2.807017543859649
671.3993286,2.9798631852779653,1.4567484473214183,41516.0,2.807017543859649
671.5993284,3.811454136490595,7.836016631754144,40457.0,2.8511904761904763
671.7993282,3.5268111018847033,6.154133449727231,39741.0,2.903030303030303
671.999328,4.666155380013805,5.266952443977479,39117.0,2.981366459627329
672.1993278,4.724857346647646,6.345738755675305,39256.0,2.9447852760736195
672.3993276,11.429067285818148,33.864826103723715,42639.0,2.691011235955056
672.5993274,5.260061919504644,27.455140151680194,40375.0,2.874251497005988
672.7993272,8.20958125997559,26.39086324456942,42604.0,2.711864406779661
672.999327,4.401023182928515,8.589852431397048,43394.0,2.6464088397790055
673.1993268,2.7874298697083506,2.451315758192126,43134.0,2.6759776536312847
673.3993266,5.196804580716661,8.931434166678198,43312.0,2.6174863387978142
673.5993264,3.3376313718227695,8.050271172989152,43198.0,2.6464088397790055
673.7993262,6.2720017518674425,24.439548024990064,41099.0,2.7848837209302326
673.999326,4.95257096676432,15.050718334067543,39596.0,2.9447852760736195
674.1993258,2.441419579889285,0.6231747886037452,39561.0,2.9207317073170733
674.3993256,3.548653010552452,5.9967274825729415,40275.0,2.8855421686746987
674.5993254,4.486774605240109,5.4251559356629375,39961.0,2.926829268292683
674.7993252,3.3191640638886772,5.982050615709147,39381.0,2.981366459627329
674.999325,12.507495046042662,35.66278172099521,42895.0,2.711864406779661
675.1993248,5.106253881802112,13.062766983302161,41862.0,2.7745664739884393
675.3993246,4.253916340798673,10.116037123376469,42195.0,2.7586206896551726
675.5993244,5.007083714493468,2.5517229950554934,42633.0,2.721590909090909
675.7993242,3.0109596806575807,3.133700521350065,42337.0,2.737142857142857
675.999324,2.598039677677772,1.4516017805316066,42442.0,2.742857142857143
676.1993238,2.848445504119355,0.9173837735883471,42361.0,2.7528735632183907
676.3993236,4.041469477508485,6.537394747348704,41838.0,2.76878612716763
676.5993234,2.7786162921214146,3.7593769070720358,41873.0,2.7848837209302326
676.7993232,2.480063336692097,2.9981319327699585,41682.0,2.807017543859649
676.999323,2.6385171659899576,1.7069925817555103,41623.0,2.807017543859649
677.1993228,3.3534573450650345,6.2149991758241,41824.0,2.8176470588235296
677.3993226,2.8608179577380524,1.9152384974634427,41787.0,2.7953216374269005
677.5993224,2.7779392841824335,4.102318489927556,41966.0,2.823529411764706
677.7993222,2.8759807826947683,6.867537612021175,41421.0,2.8402366863905324
677.999322,2.4658341416100873,2.2961457733700934,41240.0,2.8511904761904763
678.1993218,2.5965575249286883,2.116289021304268,41017.0,2.874251497005988
678.3993216,5.377018409955775,30.83635021119435,38892.0,2.9207317073170733
678.5993214,4.958903063173173,8.593028679381195,39273.0,2.909090909090909
678.7993212,5.461213900099586,11.087668146854247,38158.0,2.891566265060241
678.999321,4.546730471047425,6.213048483839375,37406.0,2.9447852760736195
679.1993208,13.526079613992762,33.25885020028573,41450.0,2.8176470588235296
679.3993206,3.8674270620722777,5.244221782671639,41645.0,2.7848837209302326
679.5993204,3.0211447584145046,1.2212399274522263,41476.0,2.7906976744186047
679.7993202,4.782130413140866,12.42429068386352,40180.0,2.874251497005988
679.99932,4.4724081780351,10.367209797513201,38689.0,2.95679012345679
680.1993198,3.9867517173699705,5.3452442689260895,38722.0,2.891566265060241
680.3993196,4.500497131931167,6.799919004522455,39225.0,2.8176470588235296
680.5993194,5.192249917254372,4.838511461664572,39277.0,2.76878612716763
680.7993192,8.647813739149074,42.64424702264121,37324.0,2.95679012345679
680.999319,3.8425123844340248,5.852742395086522,37749.0,2.962962962962963
681.1993188,4.276026539476138,3.8510028530801996,37529.0,3.0445859872611467
681.3993186,3.5986248388483024,6.306492407603405,37232.0,3.1103896103896105
681.5993184,9.830597933998542,19.945211415841126,39787.0,2.962962962962963
681.7993182,5.5106806751979285,11.773518594836476,40166.0,2.99375
681.999318,7.927986828604834,11.90803602746054,41909.0,2.891566265060241
682.1993178,4.206181524056962,25.35982853205857,40799.0,2.903030303030303
682.3993176,2.7117185398890005,4.12290326130986,40901.0,2.926829268292683
682.5993174,2.6904791321752453,3.207799210190892,40469.0,2.95679012345679
682.7993172,2.53388100450107,1.976760526877597,40657.0,2.95679012345679
682.999317,4.469221835075493,8.155143610886233,41328.0,2.9207317073170733
683.1993168,3.0004103405826834,4.137895339627882,41429.0,2.9447852760736195
683.3993166,2.4705004812319538,1.113989842095098,41560.0,2.9447852760736195
683.5993164,2.3014688177221285,1.4743972433538959,41530.0,2.938650306748466
683.7993162,2.272551996722339,0.6492711888242445,41493.0,2.938650306748466
683.999316,2.254111980734497,0.03857444945224668,41525.0,2.9447852760736195
684.1993158,3.890378452430462,11.419008131446482,40877.0,2.9207317073170733
684.3993155999999,6.288778715884548,20.14672212365055,40744.0,2.8176470588235296
684.5993153999999,3.555726097935337,6.802852161198707,40394.0,2.8176470588235296
684.7993151999999,2.8733956386292836,4.174733240571282,40125.0,2.874251497005988
684.9993149999999,11.052231379653492,46.413212979716796,39191.0,2.7586206896551726
685.1993147999999,,300.6920951788898,16440.0,1.73109243697479
685.3993145999999,,55.63727032619671,17481.0,1.8547008547008548
685.5993143999999,,283.52961371344577,39452.0,2.9207317073170733
685.7993141999999,5.587603327335785,14.889915893668775,38349.0,3.1933333333333334
685.9993139999999,,291.0250857214723,16014.0,2.1142857142857143
686.1993137999999,,310.86759392015733,37584.0,3.1578947368421053
686.3993135999999,3.6650331125827815,9.61515973507063,37750.0,3.258503401360544
686.5993133999999,,323.0827424865801,17221.0,1.9807692307692308
686.7993131999999,3.5691075916077377,5.567996364129269,17111.0,2.0594059405940595
686.9993129999999,5.2942338560316085,30.041339037719176,16198.0,2.0606060606060606
687.1993127999999,,316.4131087520492,37159.0,3.280821917808219
687.3993125999999,,349.82854703245613,21996.0,1.6376811594202898
687.5993123999999,21.51127614263092,205.34675636339668,18313.0,1.991304347826087
687.7993121999999,,297.66784733235477,43740.0,2.903030303030303
687.9993119999999,,326.30937019790895,18125.0,2.0089285714285716
688.1993117999999,3.841499197254055,10.21727132423985,18063.0,2.027027027027027
688.3993115999999,,28.17241704300517,18100.0,2.018018018018018
688.5993113999999,,369.02204049428855,40419.0,3.096774193548387
688.7993111999999,,365.32735049846167,17841.0,2.1121495327102804
688.9993109999999,,350.7245535305471,41687.0,3.037974683544304
689.1993107999999,7.19698752104814,28.565460329452886,43353.0,2.8855421686746987
689.3993105999999,11.434854560499014,75.22546932038462,47133.0,2.6927374301675977
689.5993103999999,5.983606213266163,16.788736375285126,47640.0,2.395
689.7993101999999,,336.169988896648,24471.0,1.6137931034482758
689.9993099999999,,378.26579416585844,45864.0,2.5343915343915344
690.1993097999999,,266.5256768368103,18732.0,2.099099099099099
690.3993095999999,,342.179961683263,41612.0,3.037974683544304
690.5993093999999,,348.3101976981212,17761.0,2.175925925925926
690.7993091999999,3.545328911000553,12.72742492337124,18090.0,2.1944444444444446
690.9993089999999,2.864218758666593,2.66888439805874,18029.0,2.185185185185185
691.1993087999999,,357.35462604113764,41181.0,3.0903225806451613
691.3993085999999,2.3465296004666083,0.7687195152271795,41148.0,3.0903225806451613
691.5993083999999,,356.731032037373,17976.0,2.175925925925926
691.7993081999999,,12.108290197577407,17652.0,2.1944444444444446
691.9993079999999,,4.008031286853835,17939.0,2.2037037037037037
692.1993077999999,,353.0589158862908,41409.0,3.0636942675159236
692.3993075999999,,354.50981378968027,17829.0,2.1192660550458715
692.5993073999999,4.4239886907351025,17.576294379585242,18392.0,2.128440366972477
692.7993071999999,,4.14202906053689,18621.0,2.1
692.9993069999999,,362.2996247156652,41618.0,3.0573248407643314
693.1993067999999,,363.46661874856585,18644.0,2.1
693.3993065999999,2.6322049405306496,1.172097658473702,18581.0,2.1
693.5993063999999,7.043664154775266,6.578936175917281,18711.0,2.0267857142857144
693.7993061999999,,11.530199163209305,17827.0,2.009009009009009
693.9993059999999,,6.687453815794572,17567.0,2.018181818181818
694.1993057999999,,382.890182660888,39532.0,3.0833333333333335
694.3993055999999,,466.4089252848115,17395.0,1.5396825396825398
694.5993053999999,,97.04796640313963,14538.0,1.495798319327731
694.7993051999999,,94.9789924628581,14220.0,1.4615384615384615
694.9993049999999,,587.3188859385297,35184.0,2.962962962962963
695.1993047999999,,533.5791497133401,12638.0,1.4727272727272727
695.3993045999999,4.345767457180501,7.569284768764331,12144.0,1.4953271028037383
695.5993043999999,,565.9596905316677,34746.0,2.9207317073170733
695.7993041999999,,593.712446424984,17760.0,1.2517985611510791
695.9993039999999,,60.80114860944276,22194.0,1.2303030303030302
696.1993037999999,13.796024894599478,28.3871799488599,24905.0,1.2606060606060605
696.3993035999999,18.63977074284691,86.37065484752489,22333.0,1.103030303030303
696.5993033999999,,11.857713723042618,20992.0,0.9695121951219512
696.7993031999999,4.463891043039938,6.19530136666819,20632.0,0.9329268292682927
696.9993029999999,,35.916633709904005,20740.0,0.9454545454545454
697.1993027999999,5.821566661893169,21.178288846431112,20949.0,0.9393939393939394
697.3993025999999,,2.8188141880609,20878.0,0.9573170731707317
697.5993023999999,14.144466186226316,47.21115758674214,20953.0,1.1280487804878048
697.7993021999999,31.092999822180072,178.96378305695617,16871.0,1.6147540983606556
697.999302,,35.23467594883298,14036.0,1.9903846153846154
698.1993018,7.507909267273542,13.157722563004343,13402.0,1.9514563106796117
698.3993016,,51.76480959370592,11947.0,1.6320754716981132
698.5993014,7.018500572636772,6.990631076911473,11351.0,1.625
698.7993012,4.216301222142343,6.018063439968811,11128.0,1.6407766990291262
698.999301,,58.54525158481752,12112.0,1.5233644859813085
699.1993008,21.76117515805132,9.967305456341581,13445.0,1.7333333333333334
699.3993006,,513.5403437475313,39150.0,2.9447852760736195
699.5993004,13.251136890951276,20.244653660149886,43100.0,3.0
699.7993002,8.431247020363687,7.696681859751715,44049.0,3.1103896103896105
699.9993,7.205463156735323,5.354236960283448,45395.0,3.228187919463087
700.1992998,2.708743638887053,1.2761330986771582,45393.0,3.280821917808219
700.3992996,2.508921661839167,2.9460028463868593,45227.0,3.303448275862069
700.5992994,,1093.6136561428605,11537.0,3.2950819672131146
700.7992992,,1094.3782171632022,45086.0,3.3333333333333335
700.999299,2.4081469471159185,1.8035030938060461,45023.0,3.3496503496503496
701.1992988,2.4396312340331,1.2332645469140249,45015.0,3.3566433566433567
701.3992986,6.815733908502668,8.99921722869747,44045.0,3.1788079470198674
701.5992984,5.718156050185669,10.601854522757327,45511.0,3.130718954248366
701.7992982,4.658678005411674,11.904845765661037,46566.0,3.0903225806451613
701.999298,3.082963288634865,13.294000694067044,45490.0,3.1578947368421053
702.1992978,10.42061191626409,56.41426043818392,46575.0,3.0125786163522013
702.3992976,7.207428978463086,26.477499259696515,47732.0,2.903030303030303
702.5992974,4.041432732491874,8.602621244479861,47378.0,2.9751552795031055
702.7992972,5.882286533075704,24.417219909801815,46061.0,2.8855421686746987
702.999297,5.669956844085426,14.107825001799238,45185.0,2.962962962962963
703.1992968,10.7445516109173,34.69207503777302,48730.0,2.9207317073170733
703.3992966,9.336521500529184,33.36743157588993,51022.0,2.8682634730538923
703.5992964,8.363220943392198,56.260965412029286,46831.0,2.95679012345679
703.7992962,4.153028440821959,12.837824776875337,46377.0,3.0125786163522013
703.999296,3.2119419159081057,0.9012903106537127,46140.0,3.018867924528302
704.1992958,4.091353416866613,15.224809977576571,45012.0,3.018867924528302
704.3992956,3.1056543668701884,7.33113134972172,45204.0,3.0316455696202533
704.5992954,17.6305421559395,61.210474457436824,52033.0,2.608695652173913
704.7992952,6.121641480051762,50.488131249820576,45593.0,2.962962962962963
704.999295,3.6162649404590947,9.137298088025986,45263.0,2.938650306748466
705.1992948,4.11691059777817,6.920164676032386,45368.0,2.903030303030303
705.3992946,4.0030971072158295,8.777549980059762,46495.0,2.834319526627219
705.5992944,,69.28086199976681,56541.0,3.3513513513513513
705.7992942,,69.3996321289748,49693.0,2.7848837209302326
705.999294,,1024.1544245983764,7358.0,5.5675675675675675
706.1992938,,989.7862780446345,50665.0,2.575268817204301
706.3992936,6.376099210822999,31.051840429965953,48785.0,2.834319526627219
706.5992934,5.997075785882544,7.187587923066733,49244.0,2.8176470588235296
706.7992932,4.93541966161672,28.54132723162428,45215.0,2.891566265060241
706.999293,3.161430287926661,6.211441690694324,44942.0,2.9207317073170733
707.1992928,2.6192719676430065,2.4827846020095503,44998.0,2.9207317073170733
707.3992926,2.718652037617555,3.3321931341727264,44660.0,2.962962962962963
707.5992924,2.4086968180193065,2.0864759958431884,44752.0,2.9447852760736195
707.7992922,2.333564292259896,0.8426643180941207,44741.0,2.938650306748466
707.999292,2.3763939691319473,1.1030220643562927,44836.0,2.938650306748466
708.1992918,2.35160865978462,0.5004462281171457,44851.0,2.938650306748466
708.3992916,2.5496638618049063,1.5444843331950089,44922.0,2.938650306748466
708.5992914,3.1808309410953113,3.9844319959205,44937.0,2.891566265060241
708.7992912,3.2549532378883916,2.931190116154668,45122.0,2.8682634730538923
708.999291,4.942771746296866,6.859319615567827,45502.0,2.8176470588235296
709.1992908,4.055571400364187,13.015634385938927,45581.0,2.7848837209302326
709.3992906,5.507167341851044,20.551828266981545,44926.0,2.7528735632183907
709.5992904,3.801222968600058,0.7402180989162088,44809.0,2.76878612716763
709.7992902,,315.36402527833604,21945.0,1.943089430894309
709.99929,,329.78553156414984,43928.0,2.8402366863905324
710.1992898,4.986765179763385,8.121737842445247,43446.0,2.8855421686746987
710.3992896,5.210910401369431,5.514892089163096,44398.0,2.874251497005988
710.5992894,6.130629370629371,11.389713322283916,46475.0,2.8402366863905324
710.7992892,4.143260133668952,4.916918511753185,46084.0,2.857142857142857
710.999289,2.7903141017216453,2.3774735125527173,45654.0,2.874251497005988
711.1992888,,258.9614411854228,24341.0,2.2416666666666667
711.3992886,,275.56453311562285,45990.0,2.8855421686746987
711.5992884,8.694483355306525,32.51749491649069,48544.0,2.696629213483146
711.7992882,6.978913299333072,21.38478092051478,50980.0,2.5806451612903225
711.999288,,64.9887332054128,57698.0,3.1155778894472363
712.1992878,3.466397259070544,9.79084684299811,56915.0,3.163265306122449
712.3992876,2.660950333110085,2.479092897113421,56738.0,3.1794871794871793
712.5992874,,81.99411691807708,50470.0,2.691011235955056
712.7992872,9.46064902646031,43.50137180039411,50075.0,2.507853403141361
712.999287,10.858221409838672,31.43069702551564,50332.0,2.259433962264151
713.1992868,7.824878016175389,17.344941060153378,44883.0,2.2641509433962264
713.3992866,,369.78307553726864,22081.0,1.0670731707317074
713.5992864,,332.34137981681556,44374.0,2.2641509433962264
713.7992862,26.652080806549424,13.63059458279241,52768.0,2.407035175879397
713.999286,9.946243824162831,66.39699552315699,47362.0,2.742857142857143
714.1992858,4.308869625370198,23.086717394496517,46259.0,2.823529411764706
714.3992856,4.36048981361075,19.76440862399715,46140.0,2.8682634730538923
714.5992854,5.349150529777129,56.87319442229139,43792.0,3.0316455696202533
714.7992852,2.8465387630862886,5.45471812821851,43366.0,3.096774193548387
714.999285,2.372539961193754,1.01012696210468,43292.0,3.0903225806451613
715.1992848,2.442235332373299,1.4510513151957722,43054.0,3.0903225806451613
715.3992846,9.028820187093569,27.602623103468726,46287.0,2.95679012345679
715.5992844,4.320139074618882,7.337682399227011,44868.0,2.99375
715.7992842,3.139261707496818,7.417388639304837,44779.0,3.0705128205128207
715.999284,3.719666481378544,7.4569178537660425,44975.0,3.0316455696202533
716.1992838,2.853175309081206,6.058433729466296,44972.0,2.9751552795031055
716.3992836,2.7842204469975766,2.169769524871692,44564.0,2.99375
716.5992834,3.380956602686289,5.369449231626486,45118.0,2.95679012345679
716.7992832,3.764135987317245,9.020786052745178,45416.0,2.95679012345679
716.999283,2.826445185659694,4.611471201145786,45271.0,2.99375
717.1992828,4.409656980554948,7.285579957488442,45770.0,2.9146341463414633
717.3992826,2.7863568544848167,2.8565022004632197,45576.0,2.9207317073170733
717.5992824,8.33216119428744,45.81097928636846,46354.0,2.76878612716763
717.7992822,,306.4728300654953,24403.0,2.0625
717.999282,,295.01989323948175,45567.0,2.807017543859649
718.1992818,2.47973597359736,3.2473380746064198,45450.0,2.8176470588235296
718.3992816,2.4081051865251824,1.32406738362888,45329.0,2.834319526627219
718.5992814,2.904050844475721,4.503325819805435,45472.0,2.823529411764706
718.7992812,3.900287229341582,3.34658891868205,45260.0,2.8402366863905324
718.999281,3.4145091573459294,9.392964022278989,44882.0,2.909090909090909
719.1992808,2.778022521408824,3.7234411157358323,44491.0,2.9447852760736195
719.3992806,3.275633144824195,4.277451934382129,44737.0,2.938650306748466
719.5992804,,195.25688581355362,26292.0,3.5
719.7992802,4.631704803133375,60.268634335912246,24255.0,2.282051282051282
719.99928,,267.90055898575224,45508.0,2.95679012345679
720.1992798,,1000.3825985987647,7281.0,5.405405405405405
720.3992796,,1069.2516739101732,24629.0,2.1451612903225805
720.5992794,,261.1167893000605,45389.0,2.8855421686746987
720.7992792,3.0917146654851573,4.974338964771638,45140.0,2.9207317073170733
720.999279,2.704856199905705,4.049773120993364,44541.0,2.962962962962963
721.1992788,2.429470691755787,0.8615833818537652,44322.0,2.962962962962963
721.3992786,4.628824674888645,22.2186674847278,44677.0,2.8855421686746987
721.5992784,,289.18230526649944,21121.0,2.0695652173913044
721.7992782,,4.820382498323216,20955.0,1.9743589743589745
721.999278,,334.7853758717703,41888.0,2.7848837209302326
722.1992778,,226.10401665319995,17660.0,1.4274193548387097
722.3992776,,347.0616677663995,36881.0,2.823529411764706
722.5992774,6.179250213163902,7.317194283012696,36357.0,2.7586206896551726
722.7992772,8.811777716339508,12.194280040828604,36170.0,2.834319526627219
722.999277,25.75870807334624,125.8367185156514,41829.0,2.443877551020408
723.1992768,12.432438083732169,41.58946072076785,43042.0,2.938650306748466
723.3992766,5.7255689424364125,8.683911072546643,43326.0,3.037974683544304
723.5992764,9.17369496141625,61.864573490567246,44060.0,3.076923076923077
723.7992762,8.593993003720952,44.79806835456016,44881.0,2.9751552795031055
723.999276,5.101281894762544,20.862858932825326,40955.0,3.1372549019607843
724.1992758,7.069095893000615,13.043097587306603,42318.0,3.096774193548387
724.3992756,8.367487479131887,21.013238030010843,43128.0,3.050955414012739
724.5992754,6.171823899371069,12.169146748443504,43725.0,3.037974683544304
724.7992752,2.9316300578034684,4.275924279303801,43250.0,3.096774193548387
724.999275,2.730658359680119,2.7185926573129557,43016.0,3.1103896103896105
725.1992748,2.6862355744521795,3.8370387833518502,42806.0,3.116883116883117
725.3992746,2.4039623436841366,1.0044414878300711,42702.0,3.1372549019607843
725.5992744,2.346277406495486,1.1846879992487707,42645.0,3.130718954248366
725.7992742,2.359664338287,0.4203651293011757,42662.0,3.1578947368421053
725.999274,2.4731487112316977,2.1691575824109184,42754.0,3.130718954248366
726.1992738,2.306650447963695,0.34488798085531147,42749.0,3.1578947368421053
726.3992736,2.565768733090225,5.074623568928886,42505.0,3.151315789473684
726.5992734,2.3533154248550825,0.7886178744120307,42438.0,3.1578947368421053
726.7992732,8.99236497756478,14.81360128720516,42567.0,3.0316455696202533
726.999273,,274.4135029546142,18015.0,2.0841121495327104
727.1992728,,308.64019734648366,40175.0,3.116883116883117
727.3992726,,307.7475677664135,17749.0,2.0943396226415096
727.5992724,,283.8126908280601,41827.0,2.99375
727.7992722,3.1634738494987316,10.506899951841403,41395.0,3.037974683544304
727.999272,,302.17367638510956,18977.0,2.0825688073394497
728.1992718,,303.5200647538479,41222.0,3.0573248407643314
728.3992716,2.3915777160403566,2.393283317533902,41034.0,3.0573248407643314
728.5992713999999,2.438470699754515,1.5704862384020093,41143.0,3.050955414012739
728.7992711999999,,302.9069754656352,19085.0,2.0636363636363635
728.9992709999999,,304.8898073427785,40979.0,3.0636942675159236
729.1992707999999,2.2816087751371117,0.5785559019513485,41025.0,3.0705128205128207
729.3992705999999,2.2571282475833354,1.1196089210607185,41069.0,3.076923076923077
729.5992703999999,2.303934904056352,0.8369077789726621,41170.0,3.0573248407643314
729.7992701999999,2.3601585680237367,0.8578820488152644,41118.0,3.0705128205128207
729.9992699999999,2.336088557286714,2.1888268539090783,41013.0,3.076923076923077
730.1992697999999,2.2677378456136927,1.3688895913667511,41014.0,3.0705128205128207
730.3992695999999,2.285547017929016,0.5394331399373298,40995.0,3.0705128205128207
730.5992693999999,2.3424634062760075,2.1017912035026542,40854.0,3.0705128205128207
730.7992691999999,2.2779150862596356,0.34596356739002915,40865.0,3.076923076923077
730.9992689999999,2.2464966127809434,0.5262929933531991,40889.0,3.0705128205128207
731.1992687999999,2.300495738601675,0.7406453261162687,40949.0,3.076923076923077
731.3992685999999,2.2900090360710186,0.6446795537512688,40947.0,3.076923076923077
731.5992683999999,2.3422306495527034,1.9766873920269217,41136.0,3.0705128205128207
731.7992681999999,2.282802454704851,0.5321664064314958,41064.0,3.076923076923077
731.9992679999999,2.3064598852118694,1.3907704774893805,40945.0,3.076923076923077
732.1992677999999,,301.9875746767475,18624.0,2.1018518518518516
732.3992675999999,,304.13003174002074,40864.0,3.076923076923077
732.5992673999999,2.2531806927659157,0.10951903077454565,40793.0,3.0705128205128207
732.7992671999999,,302.08775146088067,18832.0,2.091743119266055
732.9992669999999,,301.76283752047453,40909.0,3.0705128205128207
733.1992667999999,2.3763057697940058,1.9342317630654582,40972.0,3.0705128205128207
733.3992665999999,2.3285983227793943,1.0575058819216967,40901.0,3.076923076923077
733.5992663999999,2.2919481155163974,0.45749083279480157,40860.0,3.096774193548387
733.7992661999999,2.2868742204504877,2.3967625105794634,40889.0,3.076923076923077
733.9992659999999,2.339408191260043,0.7705360468586514,40824.0,3.0903225806451613
734.1992657999999,2.2531896657279296,0.3168783081995842,40835.0,3.096774193548387
734.3992655999999,2.2753289393085536,0.8986433847156489,40813.0,3.0903225806451613
734.5992653999999,,304.88950033473316,18444.0,2.1121495327102804
734.7992651999999,,304.57923385999123,40763.0,3.0903225806451613
734.9992649999999,2.2902324213003826,0.42814739003784336,40788.0,3.096774193548387
735.1992647999999,,307.79700666253655,18506.0,2.121495327102804
735.3992645999999,,306.4949831720109,40812.0,3.0903225806451613
735.5992643999999,2.3921900694597844,1.6545755197053802,40743.0,3.0903225806451613
735.7992641999999,2.2767833026396564,0.06593323642634691,40725.0,3.096774193548387
735.9992639999999,2.2846496298300414,0.6029198140876855,40657.0,3.096774193548387
736.1992637999999,2.2663900211167314,0.5269768713437601,40726.0,3.096774193548387
736.3992635999999,2.2983773964700394,0.7673121155929058,40737.0,3.0903225806451613
736.5992633999999,2.2758476761030226,0.18979761746908114,40729.0,3.1103896103896105
736.7992631999999,2.3506388206388205,1.9022717048342441,40700.0,3.1103896103896105
736.9992629999999,2.3039056742815034,0.4871692084641065,40710.0,3.0903225806451613
737.1992627999999,2.3674885575077513,2.1442586749799535,40638.0,3.096774193548387
737.3992625999999,2.272458701592851,0.7244967381985142,40619.0,3.1103896103896105
737.5992623999999,2.2619434594168637,0.7916066445337324,40608.0,3.1103896103896105
737.7992621999999,,305.07822021166,18301.0,2.1320754716981134
737.9992619999999,,303.8864787701063,40682.0,3.096774193548387
738.1992617999999,2.3422163329407146,0.5583308179376741,40752.0,3.0903225806451613
738.3992615999999,4.033386209289644,19.152905951438225,40346.0,3.037974683544304
738.5992613999999,,312.12777488129774,18527.0,2.0458715596330275
738.7992611999999,3.63848164564155,17.57975451060248,17598.0,2.0934579439252334
738.9992609999999,,2.694473551523276,17351.0,2.0943396226415096
739.1992607999999,,3.7092054222598136,17506.0,2.0943396226415096
739.3992605999999,,302.0052235306989,39491.0,3.1578947368421053
739.5992603999999,2.31430749682338,2.9052451342804684,39350.0,3.130718954248366
739.7992601999999,,304.0634660025125,17442.0,2.0943396226415096
739.9992599999999,,303.88032190203097,39318.0,3.1578947368421053
740.1992597999999,2.350100093758711,2.544850291468203,39463.0,3.1578947368421053
740.3992595999999,6.292371746487789,19.072820960825137,41071.0,3.0
740.5992593999999,7.766139079876332,42.61618026249006,43342.0,2.99375
740.7992591999999,,316.145493259908,21905.0,2.369369369369369
740.9992589999999,,347.72630469928214,40833.0,3.1032258064516127
741.1992587999999,4.935098400828639,10.9962738911531,39583.0,3.1578947368421053
741.3992585999999,11.692508540751586,77.9452928230538,40980.0,3.116883116883117
741.5992583999999,10.81864349667854,53.78081828060751,41548.0,2.8176470588235296
741.7992581999999,,524.6129078466523,14462.0,1.8425925925925926
741.9992579999999,,21.175114898065093,15085.0,1.6228070175438596
742.1992577999999,10.154746879820502,22.37295212428185,14262.0,1.5172413793103448
742.3992575999999,,23.84269223867904,13086.0,1.4955752212389382
742.5992573999999,,80.41000232344143,13139.0,1.4601769911504425
742.7992571999999,25.794099899430105,49.85036420714012,14915.0,1.2682926829268293
742.999257,17.842039313963504,60.094675334755166,12769.0,1.6730769230769231
743.1992568,20.300698293859334,49.285920139942,13891.0,1.75
743.3992566,,33.21880159915695,14390.0,1.490909090909091
743.5992564,,19.950435452589254,13164.0,1.4054054054054055
743.7992562,,553.5255025800047,35161.0,3.096774193548387
743.999256,,552.7588546479011,13563.0,1.3716814159292035
744.1992558,24.97127863672272,66.18460550537311,17722.0,1.3692307692307693
744.3992556,,49.693472062188675,20768.0,1.2567567567567568
744.5992554,20.771791426466127,61.846502286955726,23071.0,1.018181818181818
744.7992552,,48.74657409822051,21905.0,1.0548780487804879
744.999255,,495.3049227245636,46466.0,2.2546296296296298
745.1992548,,43.08591450772114,47226.0,2.2877358490566038
745.3992546,12.106645737633018,118.1379891731744,43321.0,2.801169590643275
745.5992544,,409.80617202253455,16931.0,1.8053097345132743
745.7992542,9.850816528157145,39.826172157416416,17207.0,1.8495575221238938
745.999254,,18.41626225157863,17296.0,1.9363636363636363
746.1992538,,1.6401136229980111,17025.0,1.962962962962963
746.3992536,2.726695662395674,1.5659517879392106,17014.0,1.962962962962963
746.5992534,2.688210018247101,1.094067651300639,16989.0,1.9722222222222223
746.7992532,,426.6465208141128,40573.0,3.161290322580645
746.999253,,427.5656499111962,16897.0,1.962962962962963
747.1992528,2.646371135244199,0.6329605161886911,16851.0,1.9813084112149533
747.3992526,2.6761037886399905,1.2882579143855055,16919.0,1.962962962962963
747.5992524,,428.92772987993794,40464.0,3.1818181818181817
747.7992522,2.4747272817019597,2.0644692024249545,40518.0,3.161290322580645
747.999252,,428.32610602028774,16834.0,1.9906542056074767
748.1992518,2.6375365868227703,2.1223073729338915,16741.0,1.9906542056074767
748.3992516,,3.281460864417034,16937.0,1.9722222222222223
748.5992514,,428.8991200190419,40335.0,3.1548387096774193
748.7992512,2.409378175419465,1.2337507276040158,40349.0,3.175324675324675
748.999251,2.3677798729654627,0.47231599558964793,40304.0,3.1818181818181817
749.1992508,,434.07241192183784,17083.0,1.9906542056074767
749.3992506,,2.9514897411591554,16858.0,2.0
749.5992504,3.4118564742589705,7.526906889876864,16666.0,2.0
749.7992502,2.670124108159962,0.5706108089728845,16679.0,1.9813084112149533
749.99925,,3.2138504057832176,16898.0,1.9813084112149533
750.1992498,,3.5683542051578123,16696.0,2.0
750.3992496,,431.37188943492237,40298.0,3.1818181818181817
750.5992494,,427.23885534045183,16620.0,2.009433962264151
750.7992492,4.476176366006874,7.035687095742935,16874.0,1.9351851851851851
750.999249,,7.001263014303379,16863.0,1.9444444444444444
751.1992488,9.081004764986176,13.342755989386113,16999.0,1.7826086956521738
751.3992486,,0.5841809062057418,16570.0,1.823008849557522
751.5992484,,53.54023867799489,16504.0,1.7391304347826086
751.7992482,8.830889917695472,22.934249163210687,15552.0,1.6521739130434783
751.999248,,54.992899177087416,15177.0,1.631578947368421
752.1992478,9.574461178914568,23.391345355147074,15404.0,1.4462809917355373
752.3992476,12.129986943275787,15.568801112575953,13786.0,1.434782608695652
752.5992474,,47.60232944447081,12270.0,1.509090909090909
752.7992472,7.514382549752325,31.01012208814798,11507.0,1.6285714285714286
752.999247,15.024799101356606,18.920399502917576,11573.0,1.5384615384615385
753.1992468,8.167680988282314,15.151578310656735,11009.0,1.5436893203883495
753.3992466,,14.493095810650937,12236.0,1.5333333333333334
753.5992464,,73.6955758254727,15769.0,1.798165137614679
753.7992462,,511.8178885989165,39615.0,3.05625
753.999246,,524.3738027614269,17969.0,1.794871794871795
754.1992458,,513.6088072523403,39997.0,3.107594936708861
754.3992456,,482.2834420037589,17089.0,2.0093457943925235
754.5992454,,488.6047136148835,40506.0,3.2091503267973858
754.7992452,4.404528357548492,5.572967621813146,40677.0,3.2026143790849675
754.999245,3.4281474461292896,9.31791086380738,40096.0,3.3401360544217686
755.1992448,2.5696012415830185,2.786516544058358,39949.0,3.386206896551724
755.3992446,2.661777910805148,0.7135386705335958,40092.0,3.386206896551724
755.5992444,4.404204573395623,7.489747501903843,40670.0,3.223684210526316
755.7992442,3.7756547604043256,8.506568685696763,39671.0,3.3401360544217686
755.999244,2.775129559622462,2.1261528233173137,39943.0,3.3175675675675675
756.1992438,2.6632913930522832,1.5210191126598238,39898.0,3.3401360544217686
756.3992436,,500.39517820498077,16599.0,2.0288461538461537
756.5992434,5.075281676842701,16.00473986287731,15887.0,2.0495049504950495
756.7992432,3.4312253706136238,4.890230113038195,15987.0,2.08
756.999243,,508.99213690212275,39737.0,3.3401360544217686
757.1992428,2.4850025290844715,1.1952437931245115,39540.0,3.3175675675675675
757.3992426,2.572211606155084,0.9149408954871094,39772.0,3.3175675675675675
757.5992424,2.4197571216654516,0.3356665293643284,39773.0,3.3175675675675675
757.7992422,,502.5212718125946,16197.0,2.0784313725490198
757.999242,3.6725647117669125,2.69047129109544,15994.0,2.09
758.1992418,,503.474747721446,39758.0,3.3401360544217686
758.3992416,2.461569426623393,0.24387304267076237,39747.0,3.3175675675675675
758.5992414,2.480784708249497,0.3530266209560894,39760.0,3.3401360544217686
758.7992412,,506.2913098691066,16141.0,2.0792079207920793
758.999241,,502.6756542641121,39323.0,3.3175675675675675
759.1992408,,514.676991480217,15975.0,2.0098039215686274
759.3992406,,516.3908091014089,39254.0,3.3175675675675675
759.5992404,2.7328271413697656,0.7845433123352147,39379.0,3.3175675675675675
759.7992402,2.5261436251141087,0.5374027952379036,39436.0,3.3175675675675675
759.99924,2.5499139850232746,1.0349947687023342,39528.0,3.3175675675675675
760.1992398,2.5644855081635236,1.6165475810772252,39505.0,3.3175675675675675
760.3992396,2.8445459157787925,1.5489525727150735,39420.0,3.295302013422819
760.5992394,2.670197972238376,1.6532213361348596,39551.0,3.3175675675675675
760.7992392,2.4505580724355243,0.28068202568030826,39511.0,3.3175675675675675
760.999239,2.6616850934044987,1.2826957691064607,39345.0,3.3175675675675675
761.1992388,,512.2366907184858,15732.0,2.07
761.3992386,2.7145127455342952,0.27963375349756886,15731.0,2.0495049504950495
761.5992384,3.1755191944619257,2.8826103345706238,15890.0,2.0294117647058822
761.7992382,,511.9851296413212,39421.0,3.3401360544217686
761.999238,,510.85381841355525,15933.0,2.0495049504950495
762.1992378,,510.2279370484309,39412.0,3.3401360544217686
762.3992376,2.6940549635445876,0.9947220117221225,39226.0,3.3401360544217686
762.5992374,,511.1834410815035,15817.0,2.0495049504950495
762.7992372,,510.3859022881209,39408.0,3.3401360544217686
762.999237,2.4152202598457166,0.22652829136687072,39408.0,3.3401360544217686
763.1992368,2.4528899245225673,0.5488423989865744,39482.0,3.3401360544217686
763.3992366,2.581264481959616,0.7555115334792151,39273.0,3.3175675675675675
763.5992364,2.5288478698722687,1.0909145132672027,39223.0,3.3401360544217686
763.7992362,2.435831726377753,1.4331299023929034,39412.0,3.3401360544217686
763.999236,3.212908293844867,4.343133620947906,39463.0,3.2733333333333334
764.1992358,4.19417400511324,4.092011330382533,38723.0,3.2026143790849675
764.3992356,3.226827566603788,5.146732987898989,38699.0,3.251655629139073
764.5992354,,536.5880135760185,15876.0,1.9158878504672898
764.7992352,,11.473327023626286,16441.0,2.0283018867924527
764.999235,,523.2716466431253,39465.0,3.295302013422819
765.1992348,2.705000756925872,1.4039974905167143,39634.0,3.2733333333333334
765.3992346,2.5184624697336564,1.1967722890397006,39648.0,3.295302013422819
765.5992344,,507.72046397249807,16313.0,2.0980392156862746
765.7992342,,509.60119935162015,39541.0,3.3175675675675675
765.999234,2.6200958636605716,2.421877186679152,39431.0,3.3401360544217686
766.1992338,,511.0978862517546,16169.0,2.088235294117647
766.3992336,,2.317960451748057,15872.0,2.108910891089109
766.5992334,,3.952834339635608,16052.0,2.108910891089109
766.7992332,,510.8092918534105,39370.0,3.3401360544217686
766.999233,,512.5346197078773,15874.0,2.12
767.1992328,2.8057096042349383,0.797546148030566,15868.0,2.12
767.3992326,2.836801408185076,1.2107802365167066,15907.0,2.13
767.5992324,,3.570104915552151,16072.0,2.128712871287129
767.7992322,,499.8777732819013,40080.0,3.2026143790849675
767.999232,,514.7876142534966,15897.0,2.0384615384615383
768.1992318,,520.9587174693884,39361.0,3.2733333333333334
768.3992316,,518.6632170129516,16771.0,1.9906542056074767
768.5992314,,507.9651846646098,40149.0,3.188311688311688
768.7992312,7.261307487647282,10.59222909334093,42096.0,3.141025641025641
768.999231,,482.35941749086305,18606.0,2.054054054054054
769.1992308,,477.6416935846351,40629.0,3.1948051948051948
769.3992306,,490.43212831153136,16599.0,2.1844660194174756
769.5992304,,506.8558446345265,41945.0,3.2026143790849675
769.7992302,4.830761447002277,10.793006877103306,43483.0,3.1346153846153846
769.99923,,434.5044722392845,20922.0,2.25
770.1992298,,411.21306155985656,46205.0,3.075
770.3992296,,430.5268763893195,20374.0,2.0982142857142856
770.5992294,,434.61519407291115,43236.0,3.075
770.7992292,4.532835187629644,8.134306396321836,42424.0,3.1948051948051948
770.999229,3.7119399483931503,6.136800480708071,42630.0,3.215686274509804
771.1992288,2.576327200281261,2.9761739399787643,42665.0,3.236842105263158
771.3992286,,450.2634049018803,19891.0,2.1517857142857144
771.5992284,8.900355525252033,23.91736297752099,20533.0,2.2232142857142856
771.7992282,,401.4792544699665,46386.0,3.0
771.999228,,439.27250992425974,21333.0,2.0677966101694913
772.1992278,,441.1951891341869,45216.0,3.0559006211180124
772.3992276,4.138697181530789,12.603567427854099,44918.0,3.1538461538461537
772.5992274,,425.4052180389031,20348.0,2.3457943925233646
772.7992271999999,,434.9435709831847,44228.0,3.215686274509804
772.9992269999999,2.55452961278204,2.5605915230927385,44187.0,3.2091503267973858
773.1992267999999,2.5248890406282007,2.0510104893442165,43935.0,3.236842105263158
773.3992265999999,,386.8240326248245,21380.0,2.4454545454545453
773.5992263999999,,386.4957321862711,45030.0,3.1948051948051948
773.7992261999999,3.110955468697047,4.882430241683421,44261.0,3.251655629139073
773.9992259999999,2.5412145053355037,0.594583625247408,44232.0,3.2582781456953644
774.1992257999999,,413.58647520502404,20239.0,2.5242718446601944
774.3992255999999,3.470033570300158,1.2354212688367017,20256.0,2.480769230769231
774.5992253999999,3.536328203078153,3.570496923561945,20012.0,2.5242718446601944
774.7992251999999,2.819952922321831,2.337428416993587,19967.0,2.5145631067961167
774.9992249999999,,419.09156451507585,44115.0,3.2733333333333334
775.1992247999999,2.71786699217867,1.9769621458700333,44238.0,3.251655629139073
775.3992245999999,2.4611817400352893,1.2180832979869889,44206.0,3.251655629139073
775.5992243999999,2.8539067777527585,3.1987841304974416,44410.0,3.2091503267973858
775.7992241999999,2.757408745934225,1.8026451397436958,44272.0,3.251655629139073
775.9992239999999,2.5704393234192304,1.6916126595070249,44045.0,3.251655629139073
776.1992237999999,2.5859160053661974,2.291845559535273,43979.0,3.2733333333333334
776.3992235999999,2.445695439554191,0.7968018006568579,43965.0,3.295302013422819
776.5992233999999,,418.8469480592644,20078.0,2.504854368932039
776.7992231999999,2.8094153754764615,1.336144425139058,20201.0,2.480769230769231
776.9992229999999,,4.827807906188989,20058.0,2.4711538461538463
777.1992227999999,2.8797727046156916,2.85785976040279,20062.0,2.504854368932039
777.3992225999999,,416.7308940779416,44182.0,3.251655629139073
777.5992223999999,,417.7247470133587,20510.0,2.443396226415094
777.7992221999999,,404.64008591436817,43352.0,2.981707317073171
777.9992219999999,,432.0484158986211,20371.0,2.0598290598290596
778.1992217999999,,417.33094300203834,46220.0,2.876470588235294
778.3992215999999,7.440411241767557,9.564399631774855,46007.0,3.0372670807453415
778.5992213999999,18.15083632611758,64.47313032752187,50399.0,2.6988636363636362
778.7992211999999,12.911219178908024,109.2605955886482,49763.0,2.7906976744186047
778.9992209999999,8.68538486390437,72.3526373105697,49524.0,2.7062146892655368
779.1992207999999,4.465560097783438,26.781044814769132,48679.0,2.7528735632183907
779.3992205999999,4.707726396126544,26.862532480214032,48742.0,2.7586206896551726
779.5992203999999,3.297447776964968,4.254484395258187,49212.0,2.711864406779661
779.7992201999999,3.087322214263788,7.978216406927379,48865.0,2.7062146892655368
779.9992199999999,3.1520037892829196,10.368460545945219,48558.0,2.742857142857143
780.1992197999999,,360.19616941732005,26094.0,1.9545454545454546
780.3992195999999,,334.15954045649767,50010.0,2.575268817204301
780.5992193999999,2.9290475996910694,8.678785071726168,49202.0,2.631868131868132
780.7992191999999,3.382485237374491,24.52499618859636,46909.0,2.7745664739884393
780.9992189999999,2.973393182409576,5.892499812853376,46116.0,2.823529411764706
781.1992187999999,3.2764279298030368,9.017335494256406,45643.0,2.834319526627219
781.3992185999999,,389.9867830043259,21507.0,1.9243697478991597
781.5992183999999,4.537271132304647,10.853631671693439,22229.0,1.8780487804878048
781.7992181999999,,394.78047912565063,45482.0,2.823529411764706
781.9992179999999,,390.2591033653556,22107.0,1.8934426229508197
782.1992177999999,,377.48417504169504,51095.0,2.696629213483146
782.3992175999999,12.228462585034013,42.68383423152215,55125.0,2.5531914893617023
782.5992173999999,10.25483417015584,41.70948518855779,57559.0,2.325242718446602
782.7992171999999,10.13239149934451,35.4161594382397,57972.0,2.2641509433962264
782.9992169999999,11.413229080836592,43.760595109954025,57041.0,2.4870466321243523
783.1992167999999,9.266858577815889,71.24006796063846,48981.0,2.7906976744186047
783.3992165999999,3.101504068381688,5.681602556837375,48668.0,2.807017543859649
783.5992163999999,3.042990384813358,2.7475735354203557,48569.0,2.801169590643275
783.7992161999999,3.048450458315146,9.479203262791312,48111.0,2.857142857142857
783.9992159999999,2.496544137487287,1.1956871389634887,48179.0,2.857142857142857
784.1992157999999,2.3981416186169993,0.3785529482999548,48214.0,2.857142857142857
784.3992155999999,2.417587877282325,2.040451978929727,48306.0,2.857142857142857
784.5992153999999,4.87841774313438,7.859735631385955,49777.0,2.801169590643275
784.7992151999999,3.431417717426447,5.708683727364042,49488.0,2.8402366863905324
784.9992149999999,3.3240216712654327,2.8462732271705486,49651.0,2.8402366863905324
785.1992147999999,2.9565628533251105,5.864839833016516,48645.0,2.8511904761904763
785.3992145999999,2.9988460983701137,3.8491755092934445,48531.0,2.8511904761904763
785.5992143999999,2.5157410095814843,1.8621531407652265,48218.0,2.857142857142857
785.7992141999999,4.5413744740532955,9.707106509612203,49197.0,2.7906976744186047
785.9992139999999,2.944015246214062,4.238976092475887,48799.0,2.8176470588235296
786.1992137999999,2.3663718987963644,1.969187222594798,48852.0,2.823529411764706
786.3992135999999,2.4164059144732803,0.14676109793731743,48897.0,2.823529411764706
786.5992133999999,2.444540035641861,2.0609302055557213,48819.0,2.823529411764706
786.7992131999999,2.417744613681556,0.8653662939024206,48781.0,2.8402366863905324
786.9992129999999,,338.9719514174453,24992.0,2.237704918032787
787.1992127999999,,340.209926891121,48768.0,2.8402366863905324
787.3992125999999,2.6348984745519126,0.8117800655720039,48707.0,2.8402366863905324
787.5992123999999,4.5658526740665994,12.73355078869543,49550.0,2.857142857142857
787.7992121999999,4.4280581252233295,13.526754080042725,50374.0,2.874251497005988
787.9992119999999,3.4751892692560897,8.86624055193532,48608.0,2.9207317073170733
788.1992118,,332.0108500662311,24128.0,2.4956521739130433
788.3992116,,334.7198779168822,47019.0,2.962962962962963
788.5992114,2.5657866678039833,0.51433102018374,46894.0,2.962962962962963
788.7992112,2.9724998936577482,3.7681743801952314,47018.0,2.981366459627329
788.999211,2.7989138505271645,4.936758957956884,47139.0,2.9751552795031055
789.1992108,2.520915867944622,1.6680694356391224,46950.0,2.981366459627329
789.3992106,2.415566720599506,0.6458615616755079,46972.0,2.99375
789.5992104,3.8096039021108403,7.366012681298218,47564.0,2.9447852760736195
789.7992102,6.708149493900857,50.62706514975827,46236.0,2.8682634730538923
789.99921,3.242782585717117,13.502007082346125,45411.0,2.938650306748466
790.1992098,2.811972202674173,3.894801431649446,45472.0,2.95679012345679
790.3992096,2.4979489215297077,1.650903223723261,45342.0,2.962962962962963
790.5992094,2.728310552697242,4.00093566676535,45287.0,2.981366459627329
790.7992092,2.7876326881910267,0.6505934249331748,45313.0,2.99375
790.999209,2.440905280804694,0.39939264379006956,45334.0,2.99375
791.1992088,2.3636925249316034,0.9429951547788352,45324.0,3.0
791.3992086,2.474510927035601,2.0570407023121824,45392.0,2.99375
791.5992084,10.672510676556529,69.95241197781107,48939.0,2.7586206896551726
791.7992082,3.9579097775056136,14.585911575245282,48990.0,2.7586206896551726
791.999208,4.046736388052413,6.166015759967976,49148.0,2.807017543859649
792.1992078,3.3980554819510407,4.964460037560271,49061.0,2.8855421686746987
792.3992076,3.6743689032776827,20.5619001842815,47259.0,2.938650306748466
792.5992074,3.6055721699357903,21.989323347868776,45476.0,2.962962962962963
792.7992072,4.347425683200548,15.833346841308588,46692.0,2.909090909090909
792.999207,,360.65048568938846,25260.0,2.1951219512195124
793.1992068,,327.5421257358332,48052.0,2.823529411764706
793.3992066,3.944526366071985,1.179531485491527,48149.0,2.807017543859649
793.5992064,3.7283525777897553,13.597412104240403,48239.0,2.7906976744186047
793.7992062,4.935273873201476,27.78993945581839,48234.0,2.8511904761904763
793.999206,3.6358842285994606,14.160740067821664,48924.0,2.834319526627219
794.1992058,3.1307640490722406,8.239364697913096,48989.0,2.857142857142857
794.3992056,2.402358867252288,1.892990441071534,48837.0,2.857142857142857
794.5992054,2.384571170505399,3.1494429315621986,48714.0,2.8682634730538923
794.7992052,2.3963720968538955,1.3956028352979954,48568.0,2.874251497005988
794.999205,2.4309685685354716,3.4437677125211894,48391.0,2.874251497005988
795.1992048,2.366827211278087,0.636714364875036,48377.0,2.8682634730538923
795.3992046,2.4419196096269955,2.9660331831856204,48364.0,2.874251497005988
795.5992044,2.353180587980084,1.3322315744044977,48403.0,2.874251497005988
795.7992042,2.540379090101077,4.518473577448198,48379.0,2.891566265060241
795.999204,2.488249678783106,4.5080834099896,48254.0,2.8855421686746987
796.1992038,2.610800090895945,5.306281376899393,48407.0,2.8682634730538923
796.3992036,2.4270680422602187,2.457295808165672,48367.0,2.8682634730538923
796.5992034,2.447064425306393,3.6155764930362224,48304.0,2.891566265060241
796.7992032,,12.488323558542264,50255.0,2.853801169590643
796.999203,,13.72858511218554,48294.0,2.8855421686746987
797.1992028,2.446646879345773,4.031118340629265,48179.0,2.909090909090909
797.3992026,2.4315743512974053,3.9694229712404256,48096.0,2.909090909090909
797.5992024,3.1633758554386255,5.716737394704171,48367.0,2.8682634730538923
797.7992022,12.700120560140963,34.54973944599454,53915.0,2.801169590643275
797.999202,11.312008527592353,43.564840908143346,57226.0,2.507853403141361
798.1992018,4.780444459781221,12.457983710615128,57958.0,2.3645320197044337
798.3992016,7.773328265957234,84.9170805433607,49993.0,2.7848837209302326
798.5992014,3.6991026360067303,6.650346512842036,49924.0,2.801169590643275
798.7992012,4.311760175125669,15.223151589313678,49336.0,2.8855421686746987
798.999201,2.79503344820596,7.452082591029212,49330.0,2.909090909090909
799.1992008,2.4521466180639937,4.294717108792605,49380.0,2.909090909090909
799.3992006,2.3913696517009013,0.8093930855044487,49268.0,2.903030303030303
799.5992004,2.384556187853136,2.900055226545727,49379.0,2.903030303030303
799.7992002,14.977624990064383,62.77077856896467,50324.0,2.5343915343915344
799.9992,8.51229466588154,57.748050339164216,49249.0,2.5591397849462365
800.1991998,9.123909467591147,59.26174612768225,48027.0,2.5364583333333335
800.3991996,10.290309944670225,145.62732784222214,40846.0,2.608695652173913
800.5991994,3.958209328498187,19.63409206182956,39985.0,2.747191011235955
800.7991992,5.550083365396947,21.18742855643388,38985.0,2.7657142857142856
800.999199,12.205894267773951,51.71572757189359,39496.0,2.631868131868132
801.1991988,13.164568367222696,43.17152549303211,41065.0,2.376237623762376
801.3991986,7.069453604586272,32.888710263159105,39422.0,2.4242424242424243
801.5991984,8.439261370677903,28.761997270857904,40345.0,2.376237623762376
801.7991982,10.024219550601115,43.19888257834348,40009.0,2.661111111111111
801.999198,6.899585397916877,17.55856608803261,39556.0,2.834319526627219
802.1991978,,227.04073350379898,23773.0,3.0234375
802.3991976,,204.53665965491493,42394.0,3.037974683544304
802.5991974,13.85751503955284,94.0076944828861,42222.0,2.99375
802.7991972,,435.5001945255802,21686.0,1.9924812030075187
802.999197,7.6823071013061135,28.05983108355956,18222.0,1.8034188034188035
803.1991968,4.9766182907164245,19.317727087706174,17364.0,1.8571428571428572
803.3991966,,387.04906715950153,40429.0,2.962962962962963
803.5991964,,371.8640373707124,17611.0,1.8495575221238938
803.7991962,,376.9002570097511,40520.0,3.0125786163522013
803.999196,,370.7571641270702,17405.0,1.9636363636363636
804.1991958,,362.551023563021,41258.0,3.037974683544304
804.3991956,2.9722174834888992,3.9102314626096732,41033.0,3.0316455696202533
804.5991954,5.165699747967093,18.627125242918112,42058.0,3.0125786163522013
804.7991952,3.8002225519287833,33.055133294096635,40440.0,3.050955414012739
804.999195,3.853406280446676,13.594367311871586,40029.0,3.0316455696202533
805.1991948,2.8762500935232063,2.674315539940785,40097.0,3.0573248407643314
805.3991946,,13.673788845466804,42058.0,3.04375
805.5991944,,391.1633361858057,17730.0,2.009259259259259
805.7991942,,376.38155737346483,40181.0,3.0903225806451613
805.999194,2.3963720283885057,1.5976011937824122,40298.0,3.096774193548387
806.1991938,2.3603831645820925,0.8573026231501898,40296.0,3.096774193548387
806.3991936,2.3869542555039835,1.6525329229001537,40289.0,3.116883116883117
806.5991934,2.347536419231343,1.0332866630150095,40226.0,3.1103896103896105
806.7991932,,374.88854992007583,17849.0,2.0185185185185186
806.999193,,378.52136969335095,40064.0,3.1103896103896105
807.1991928,2.5421449737294255,4.17183538083297,40159.0,3.116883116883117
807.3991926,2.3759748835123213,0.8613324586682451,40133.0,3.116883116883117
807.5991924,2.332102031647781,0.4197398071106554,40066.0,3.1103896103896105
807.7991922,2.3358003700555083,0.6683946462970148,39994.0,3.1372549019607843
807.999192,2.373804469971282,2.121974248882511,40045.0,3.1372549019607843
808.1991918,2.386097970013266,1.144900043098627,39951.0,3.1372549019607843
808.3991916,2.3779450752838778,1.1117899485156513,39982.0,3.130718954248366
808.5991914,2.3849420463629096,1.7237236748032607,40032.0,3.130718954248366
808.7991912,2.342388454720232,0.7257347966849024,40051.0,3.1372549019607843
808.999191,2.3335495621366733,0.7703057828448585,40081.0,3.130718954248366
809.1991908,,375.2945195525984,18783.0,2.027027027027027
809.3991906,,18.862154718135745,19894.0,1.9831932773109244
809.5991904,,40.39366595625619,19459.0,1.8709677419354838
809.7991902,,370.29873442578014,41822.0,2.926829268292683
809.99919,,58.028243071409264,48500.0,3.5838150289017343
810.1991898,,62.37839359534676,42469.0,2.857142857142857
810.3991896,,561.4230819083493,16196.0,1.432
810.5991894,10.330803682508087,24.984825939165155,16076.0,1.6608695652173913
810.7991892,,37.70594669830548,15512.0,1.603448275862069
810.999189,,11.540826451465186,14514.0,1.6339285714285714
811.1991888,6.142727145457091,3.7313964157856887,14286.0,1.7064220183486238
811.3991886,7.944040252940776,16.57226698640314,14707.0,1.7
811.5991884,7.436017650303365,13.994086696983581,14504.0,1.5701754385964912
811.7991882,,39.80380457383034,14252.0,1.5964912280701755
811.999188,7.981844174410293,28.437497146916034,13990.0,1.6788990825688073
812.1991878,,8.800221282111352,13865.0,1.6728971962616823
812.3991876,,4.21767634149979,14049.0,1.6272727272727272
812.5991874,7.971408148677627,7.624358547510986,13990.0,1.6666666666666667
812.7991872,,73.16233519691005,14455.0,1.5217391304347827
812.999187,9.602425967337535,34.92035731492801,14757.0,1.3916666666666666
813.1991868,10.589539549751752,28.250938372068564,14703.0,1.3114754098360655
813.3991866,6.522934431049691,21.763362328946954,13604.0,1.412280701754386
813.5991864,,62.305258909255095,13337.0,1.4521739130434783
813.7991862,,14.775124483072055,12938.0,1.5178571428571428
813.999186,4.3857165206508135,3.5356774855250563,12784.0,1.5405405405405406
814.1991858,12.693029286150091,22.93314992133863,13112.0,1.5263157894736843
814.3991856,,3.8217127965011,14154.0,1.5739130434782609
814.5991854,,21.04238050833387,13850.0,1.5982142857142858
814.7991852,2.9619334017896435,3.8609619890023184,13634.0,1.6126126126126126
814.999185,,6.284110343407196,14258.0,1.6017699115044248
815.1991848,,6.035820306931521,13970.0,1.6605504587155964
815.3991846,4.644042788638878,6.1396221637929465,13555.0,1.6666666666666667
815.5991844,10.701404185022026,21.39895173603416,14528.0,1.5263157894736843
815.7991842,14.207898234288969,29.927206763128446,15801.0,1.5169491525423728
815.999184,11.023309880697461,22.64403988573247,16345.0,1.5
816.1991838,9.149588889656602,37.31322511334561,14473.0,1.7722772277227723
816.3991836,,25.665406018181315,14398.0,1.5833333333333333
816.5991834,,45.28103706760113,13375.0,1.5925925925925926
816.7991832,,18.347744676023996,12690.0,1.6018518518518519
816.9991829999999,11.07456638028854,13.325813819207722,12338.0,1.619047619047619
817.1991827999999,,24.431907779909828,12097.0,1.5825242718446602
817.3991825999999,7.9044412241070665,10.521408501114225,11731.0,1.607843137254902
817.5991823999999,,18.897644043259977,11877.0,1.561904761904762
817.7991821999999,5.148885077186964,8.377331772908306,11660.0,1.6116504854368932
817.9991819999999,,6.062638956888402,11132.0,1.6435643564356435
818.1991817999999,3.0262512489781086,2.9157249035153936,11009.0,1.6435643564356435
818.3991815999999,3.6047318900155294,3.3542499737055476,10947.0,1.65
818.5991813999999,2.9354479688369506,1.8211048971172548,10782.0,1.65
818.7991811999999,2.8919616519174043,3.2404269615229264,10848.0,1.66
818.9991809999999,,3.044259123114626,10989.0,1.6435643564356435
819.1991807999999,,2.740470421051804,10792.0,1.65
819.3991805999999,2.8138387036692123,1.0110454579933608,10738.0,1.65
819.5991803999999,,3.6199984770038975,10905.0,1.6336633663366336
819.7991801999999,2.8059210526315788,2.492214112801271,10944.0,1.6237623762376239
819.9991799999999,,2.571898943668109,10729.0,1.64
820.1991797999999,2.798313817330211,1.910991016863607,10675.0,1.64
820.3991795999999,,2.8416484690125237,10834.0,1.64
820.5991793999999,3.132261937748222,0.5532427305077209,10827.0,1.65
820.7991791999999,,5.035200246523515,10879.0,1.66
820.9991789999999,13.653471171625483,14.242836213314144,11898.0,1.6732673267326732
821.1991787999999,5.6460077686663785,16.56370301921267,11585.0,1.68
821.3991785999999,26.35134947616735,42.19041013878146,14413.0,1.4369747899159664
821.5991783999999,5.817887681996765,26.411001988116084,12981.0,1.5596330275229358
821.7991781999999,,9.622875366050371,12753.0,1.5648148148148149
821.9991779999999,,0.6884789893554003,12313.0,1.560747663551402
822.1991777999999,,42.7778580811601,14649.0,1.4956521739130435
822.3991775999999,,34.78658885701378,13926.0,1.5225225225225225
822.5991773999999,8.080772409647606,15.051636334612871,13309.0,1.537037037037037
822.7991771999999,,19.017852712964658,12544.0,1.537037037037037
822.9991769999999,,13.582231240932801,12025.0,1.5327102803738317
823.1991767999999,,9.312950218694462,11832.0,1.5327102803738317
823.3991765999999,,34.04670182301229,13267.0,1.4778761061946903
823.5991763999999,,8.463074186308122,14183.0,1.3983050847457628
823.7991761999999,,18.51025681426762,12784.0,1.4774774774774775
823.9991759999999,,45.58261701026292,13965.0,1.5625
824.1991757999999,,15.712079773206819,12948.0,1.6666666666666667
824.3991755999999,,5.962867374417606,13234.0,1.6635514018691588
824.5991753999999,2.9797654633249024,3.747951213415454,13047.0,1.679245283018868
824.7991751999999,3.045051299853429,2.388906751563228,12963.0,1.6952380952380952
824.9991749999999,,3.3333082146769777,12750.0,1.7211538461538463
825.1991747999999,2.9939365304354673,1.7949965289974334,12699.0,1.7378640776699028
825.3991745999999,,5.6768386872616015,12788.0,1.7115384615384615
825.5991743999999,3.2254735869397813,2.417941286755379,12986.0,1.7115384615384615
825.7991741999999,,3.8801598641572723,12567.0,1.7281553398058251
825.9991739999999,3.0171598107609654,3.1209716817636353,12471.0,1.7281553398058251
826.1991737999999,,2.9192458414988067,12628.0,1.7115384615384615
826.3991735999999,,2.6854027062091124,12471.0,1.7281553398058251
826.5991733999999,2.7606097071801043,0.20609983394058753,12465.0,1.7281553398058251
826.7991731999999,,2.5335833338320692,12704.0,1.7019230769230769
826.9991729999999,,3.537630431215594,12641.0,1.7281553398058251
827.1991727999999,2.9119718309859155,2.2025742324258157,12496.0,1.7281553398058251
827.3991725999999,,5.366026777132857,12616.0,1.7211538461538463
827.5991723999999,2.81194743130227,1.378034359739128,12555.0,1.7115384615384615
827.7991721999999,,3.3830441947257164,12414.0,1.7281553398058251
827.9991719999999,2.854452885081623,0.5795866617086349,12374.0,1.7378640776699028
828.1991717999999,2.858589104933312,1.1446717627812617,12446.0,1.7378640776699028
828.3991715999999,2.9045258795807265,1.7211785003349875,12307.0,1.7549019607843137
828.5991713999999,2.737102130072082,0.8519277400940605,12347.0,1.7378640776699028
828.7991711999999,11.364776567780698,18.97063329648862,13315.0,1.644859813084112
828.9991709999999,,8.333153625019243,13652.0,1.6296296296296295
829.1991707999999,,8.85771702613942,12817.0,1.6857142857142857
829.3991705999999,3.2746118073618664,1.3193848667529808,12687.0,1.6923076923076923
829.5991703999999,,7.969263971019662,12612.0,1.6857142857142857
829.7991701999999,3.6658834586466167,5.264348675194943,12768.0,1.6761904761904762
829.9991699999999,,0.760072071369192,12454.0,1.7019230769230769
830.1991697999999,,4.70924643831687,12571.0,1.6857142857142857
830.3991695999999,2.7917968437074423,0.7278544536546273,12483.0,1.6857142857142857
830.5991693999999,2.8400958466453674,2.001902220619982,12520.0,1.7115384615384615
830.7991691999999,3.173614438588085,4.9429217621762405,12522.0,1.7115384615384615
830.9991689999999,,2.257344830008689,12165.0,1.7281553398058251
831.1991687999999,,3.923541474186444,12312.0,1.7115384615384615
831.3991685999999,2.914998385534388,1.4465612819797893,12388.0,1.7281553398058251
831.5991683999999,,3.7603014678959643,12402.0,1.7549019607843137
831.7991681999999,2.9508290451686676,0.7967182456519596,12243.0,1.7549019607843137
831.9991679999999,3.049545078577337,1.4739906763885577,12090.0,1.7450980392156863
832.1991677999999,2.7667023642804183,1.5861857894589508,12139.0,1.7450980392156863
832.3991675999999,,2.9044284531242104,12353.0,1.7378640776699028
832.5991673999999,3.042037705575612,1.042145676687166,12465.0,1.7378640776699028
832.7991671999999,,2.7637605776805043,12171.0,1.7549019607843137
832.9991669999999,2.8453675688936135,0.5161356725721218,12229.0,1.7549019607843137
833.1991668,3.029842296805499,1.84908517325904,12365.0,1.7549019607843137
833.3991666,,3.109843620015108,12426.0,1.7378640776699028
833.5991664,,2.973680654531309,12316.0,1.7647058823529411
833.7991662,,3.5603840523280867,12433.0,1.7475728155339805
833.999166,,2.6959196441599147,12166.0,1.7549019607843137
834.1991658,,4.298649392563703,12354.0,1.7378640776699028
834.3991656,2.8340401239602024,2.097284181373566,12262.0,1.7378640776699028
834.5991654,,2.825098012382153,12126.0,1.7647058823529411
834.7991652,,578.69619141199,35004.0,3.2567567567567566
834.999165,,578.041539097835,12260.0,1.7722772277227723
835.1991648,,3.8386690183918586,12396.0,1.7647058823529411
835.3991646,,3.3042032612289742,12080.0,1.7549019607843137
835.5991644,,3.43520630873407,12268.0,1.7647058823529411
835.7991642,2.77450581631823,0.8994864661911567,12293.0,1.7475728155339805
835.999164,,28.083454778495597,13945.0,1.5803571428571428
836.1991638,12.534747572146841,35.50092467733006,14519.0,1.5575221238938053
836.3991636,8.785851709338464,17.36192409755465,13514.0,1.5636363636363637
836.5991634,14.574192609834158,17.17932091402749,13748.0,1.456140350877193
836.7991632,16.027906659388645,15.588516792153563,14656.0,1.4
836.999163,,26.914386464425416,15346.0,1.6283185840707965
837.1991628,,16.65515213831699,15395.0,1.495798319327731
837.3991626,,13.652059959914094,14663.0,1.5217391304347827
837.5991624,6.31729055258467,4.810989030802303,14586.0,1.5714285714285714
837.7991622,,1.2559780721672904,14392.0,1.6330275229357798
837.999162,4.755465930800255,6.94761199608365,14133.0,1.6330275229357798
838.1991618,5.7037634803022526,6.973207727994752,13631.0,1.679245283018868
838.3991616,5.783288291578409,3.8459732110296416,13691.0,1.7475728155339805
838.5991614,9.570426829268293,14.672961660420421,13120.0,1.6355140186915889
838.7991612,19.919329012581013,48.88448860440164,13115.0,1.650943396226415
838.999161,12.300086186633237,47.02263878264182,12763.0,1.6226415094339623
839.1991608,10.991002780958613,10.356748854438273,12226.0,1.6346153846153846
839.3991606,,17.180229228055527,12150.0,1.625
839.5991604,,21.683535185943708,12554.0,1.5514018691588785
839.7991602,12.451507321274763,21.976256167959036,11610.0,1.6057692307692308
839.99916,20.657218146855637,36.86622366168218,14041.0,1.4608695652173913
840.1991598,8.371187830885095,18.86822985469162,13411.0,1.490909090909091
840.3991596,,9.100442662033249,14317.0,1.6396396396396395
840.5991594,18.265932758107706,11.881748167310382,16805.0,1.7033898305084745
840.7991592,,615.675668629238,37253.0,2.962962962962963
840.999159,5.5110991813179435,14.66887221041212,37255.0,3.0443037974683542
841.1991588,5.254094998495994,15.612675402029794,36569.0,2.987577639751553
841.3991586,,619.239244989016,13624.0,1.5
841.5991584,,12.467753505370958,12375.0,1.5566037735849056
841.7991582,,634.8101381423392,34099.0,3.26
841.999158,6.070711049832578,22.81921557004354,35539.0,3.070063694267516
842.1991578,,590.0942804750174,12554.0,1.5514018691588785
842.3991576,5.97099173553719,6.736595652261264,12100.0,1.5377358490566038
842.5991574,,626.2290060893546,34205.0,3.1578947368421053
842.7991572,,625.2672140558689,12135.0,1.5377358490566038
842.999157,3.194180375299661,0.36440817762486344,12097.0,1.528301886792453
843.1991568,,624.5845346821204,34190.0,3.164473684210526
843.3991566,,624.0786786291424,12136.0,1.5377358490566038
843.5991564,,4.0808486403474395,11939.0,1.542857142857143
843.7991562,,628.7058504740405,34085.0,3.185430463576159
843.999156,,624.8805275517852,11771.0,1.542857142857143
844.1991558,3.381798189968705,6.062485192199999,11823.0,1.542857142857143
844.3991556,2.9656453110492107,1.2771458450682478,11847.0,1.528301886792453
844.5991554,,610.3202413969765,34404.0,3.164473684210526
844.7991552,,617.9830293139426,12127.0,1.5471698113207548
844.999155,,627.034557273712,34035.0,3.1788079470198674
845.1991548,2.4231300920615313,1.2579836442589871,33999.0,3.1788079470198674
845.3991546,,621.948913032523,11916.0,1.5523809523809524
845.5991544,,625.6007205237137,33913.0,3.1788079470198674
845.7991542,,625.2789518038268,12043.0,1.528301886792453
845.999154,,5.963497441939534,11868.0,1.561904761904762
846.1991538,2.917232135377398,1.9682577151920808,11937.0,1.5769230769230769
846.3991536,,625.2962247405857,34122.0,3.185430463576159
846.5991534,,625.004323815495,11774.0,1.5769230769230769
846.7991532,,629.2849515864565,33917.0,3.2
846.999153,2.635312897218363,1.4454231646497673,33829.0,3.2066666666666666
847.1991528,2.5408608490566036,1.84804641903884,33920.0,3.2066666666666666
847.3991526,2.4917626948807876,0.758475715611328,33931.0,3.2
847.5991524,,629.7514106066247,11631.0,1.5825242718446602
847.7991522,2.833276039876246,0.28891681006016257,11636.0,1.5825242718446602
847.999152,,631.5856841697948,33867.0,3.2066666666666666
848.1991518,2.415499201986168,1.4636185504348584,33834.0,3.2066666666666666
848.3991516,5.961847674781966,25.481877829517362,35201.0,3.1032258064516127
848.5991514,,576.6363170127448,16116.0,1.7297297297297298
848.7991512,,490.487436887911,39551.0,2.92814371257485
848.999151,7.626496368645129,6.140052487630513,39930.0,2.9575757575757575
849.1991508,3.6085976251315195,6.184467842111502,39918.0,2.9515151515151516
849.3991506,5.969409571843649,68.82417522019786,36482.0,2.981366459627329
849.5991504,7.96123885247663,36.68188539489747,37228.0,2.915151515151515
849.7991502,,592.7395930961761,13716.0,1.5535714285714286
849.99915,,591.5157495058952,36952.0,2.915151515151515
850.1991498,,616.3197067030278,17634.0,1.3953488372093024
850.3991496,,563.5176049349461,40913.0,2.6373626373626373
850.5991494,,496.8659309065432,15487.0,1.3548387096774193
850.7991492,15.381710260256996,78.78455487955645,15331.0,1.3306451612903225
850.999149,,594.9755030657246,37538.0,2.8430232558139537
851.1991488,8.077513152097858,36.912595381482795,38587.0,2.817142857142857
851.3991486,,578.6176519049759,15058.0,1.3916666666666666
851.5991484,,633.5613550712724,37155.0,3.0
851.7991482,,514.8563906510669,22994.0,1.5314685314685315
851.999148,,73.24587022452062,20042.0,2.169642857142857
852.1991478,,431.79558204539586,47533.0,2.92814371257485
852.3991476,12.284808074257224,60.606069321848395,49342.0,2.8176470588235296
852.5991474,19.46808748047311,78.61896624394147,53772.0,2.3596059113300494
852.7991472,5.5069682932673105,41.26372714724841,50084.0,2.7528735632183907
852.999147,7.92601528721433,12.744778817485422,51808.0,2.7906976744186047
853.1991468,8.22421771287692,17.9979941563992,52730.0,2.8682634730538923
853.3991466,14.741346837242359,55.631125685251796,56280.0,2.259433962264151
853.5991464,4.728037112206437,22.240449151170484,55184.0,2.3300970873786406
853.7991462,8.059073750115092,33.484911041307605,54305.0,2.737142857142857
853.999146,7.539445015416239,37.28507529835202,48650.0,2.857142857142857
854.1991458,8.500699243172097,57.006901295789774,48624.0,2.8402366863905324
854.3991456,6.245772380913573,32.55484679988559,49082.0,2.8682634730538923
854.5991454,4.243429441039773,10.036793643510517,48626.0,2.938650306748466
854.7991452,4.665987656810939,2.1689220725775433,49582.0,3.018867924528302
854.999145,3.4802713693280185,9.372974188076263,49674.0,3.050955414012739
855.1991448,9.809022983070085,35.544804671409764,52865.0,2.99375
855.3991446,3.097372196632183,3.2494375267969136,52972.0,3.018867924528302
855.5991444,6.650092115302305,21.646233296989227,53737.0,2.8511904761904763
855.7991442,10.638672867247646,19.662467415778902,51178.0,2.6759776536312847
855.999144,5.132436721738423,42.00816438500423,49148.0,2.7528735632183907
856.1991438,4.127003440463204,21.818771855100458,47668.0,2.857142857142857
856.3991436,3.4587545448813604,11.524227264826493,47581.0,2.8855421686746987
856.5991434,2.449494308323812,3.0280864105795873,47262.0,2.903030303030303
856.7991432,2.4500711600144442,1.705240713386217,47077.0,2.9207317073170733
856.999143,2.4904659437117838,5.213562509918578,46937.0,2.938650306748466
857.1991428,2.417331885816463,2.0213206606261815,46977.0,2.962962962962963
857.3991426,2.3436052839369172,0.8674672154929628,46859.0,2.95679012345679
857.5991424,2.3382001366120218,0.3851378412284094,46848.0,2.938650306748466
857.7991422,2.3168815643412177,0.33665351852013925,46844.0,2.95679012345679
857.999142,2.282348421793969,0.5222778785241909,46857.0,2.938650306748466
858.1991418,2.958141995556026,2.8251102346783097,47255.0,2.9207317073170733
858.3991416,2.6818922637316116,6.7226984714345495,47245.0,2.909090909090909
858.5991414,2.670169679399727,1.7210464113752018,46912.0,2.926829268292683
858.7991412,2.447350398082356,1.3059790303354664,46724.0,2.926829268292683
858.999141,2.344954010420017,1.1781703565975716,46641.0,2.926829268292683
859.1991408,2.2973147153598283,1.2427625075623925,46550.0,2.9447852760736195
859.3991406,2.2982429762007044,0.7687808242196003,46556.0,2.938650306748466
859.5991404,2.294705402037045,0.27404679184270514,46538.0,2.938650306748466
859.7991402,2.295547864221682,0.6251279084001339,46517.0,2.938650306748466
859.99914,2.3386147966851305,0.7281726536157387,46578.0,2.9447852760736195
860.1991398,2.290896984277,0.3668870252748791,46556.0,2.938650306748466
860.3991396,2.2764147295148884,0.24320065904081653,46546.0,2.938650306748466
860.5991394,2.278507122751982,0.18675464419161378,46541.0,2.9447852760736195
860.7991392,3.1526220997987076,5.799004334489583,47195.0,2.926829268292683
860.9991389999999,3.3966364758298995,15.234861246510643,47807.0,2.8855421686746987
861.1991387999999,2.6925262559720498,5.13069075716181,47513.0,2.8855421686746987
861.3991385999999,3.8162054923253628,5.3611854224002995,47885.0,2.8682634730538923
861.5991383999999,3.0750808110490744,3.7590646437438933,47642.0,2.874251497005988
861.7991381999999,3.1160948768185417,2.814542298869596,47978.0,2.8682634730538923
861.9991379999999,3.4251034136965695,7.88862818183127,47866.0,2.874251497005988
862.1991377999999,2.6642187630764083,1.6244610785174773,47796.0,2.8511904761904763
862.3991375999999,3.259934578453097,5.987714937049217,47385.0,2.903030303030303
862.5991373999999,,268.6372802635989,25726.0,2.341666666666667
862.7991371999999,,224.8275215054891,49426.0,2.6759776536312847
862.9991369999999,4.162504175590969,10.416603386727378,50891.0,2.6174863387978142
863.1991367999999,3.674013783269962,3.984898642222203,50496.0,2.631868131868132
863.3991365999999,,268.3142174913983,26701.0,2.15625
863.5991363999999,,283.34520084182174,48794.0,2.737142857142857
863.7991361999999,2.746865364850976,0.939482136099539,48650.0,2.742857142857143
863.9991359999999,3.857018766539402,10.759606351987129,49503.0,2.661111111111111
864.1991357999999,3.104212259530211,12.381506457639981,47979.0,2.737142857142857
864.3991355999999,2.6293876026885736,1.8306557013539722,48204.0,2.737142857142857
864.5991353999999,2.3488724614809584,1.4739390690249392,48158.0,2.737142857142857
864.7991351999999,2.4272365100223183,2.0851398384581405,47943.0,2.7528735632183907
864.9991349999999,2.602279332392261,2.709889691202768,48172.0,2.7586206896551726
865.1991347999999,2.6435102843631646,3.949468968699277,47791.0,2.76878612716763
865.3991345999999,2.4291330350048095,1.5975059664063218,47822.0,2.7745664739884393
865.5991343999999,2.591502111987349,2.1100389274209244,48059.0,2.76878612716763
865.7991341999999,2.5101043841336117,2.4948314147495974,47900.0,2.76878612716763
865.9991339999999,2.4547835561329254,2.3106500232261475,47726.0,2.7745664739884393
866.1991337999999,2.391503994296857,2.119062230331646,47693.0,2.7848837209302326
866.3991335999999,2.5979923518164436,3.1105289949357107,48116.0,2.737142857142857
866.5991333999999,5.387639769103459,12.978349487362848,49546.0,2.7062146892655368
866.7991331999999,4.9010362900023825,13.685513858673716,50372.0,2.737142857142857
866.9991329999999,2.968431975096779,7.448213533397336,50114.0,2.7528735632183907
867.1991327999999,2.631742195367573,2.6071299119480833,49650.0,2.76878612716763
867.3991325999999,2.9346765598097893,5.4220983510789615,48788.0,2.801169590643275
867.5991323999999,3.1183095659415008,5.315426135763654,48035.0,2.8176470588235296
867.7991321999999,3.1975580337304526,6.487720840853896,47257.0,2.874251497005988
867.9991319999999,2.9257355101355604,1.7574069647543156,47654.0,2.857142857142857
868.1991317999999,2.450923921041014,1.115676159640686,47569.0,2.874251497005988
868.3991315999999,5.40456693554958,16.151022237844064,49092.0,2.76878612716763
868.5991313999999,4.157786222509703,6.967230603325854,49472.0,2.721590909090909
868.7991311999999,8.17681864956859,37.957998351569465,50532.0,2.661111111111111
868.9991309999999,,233.00699354886808,26158.0,2.1666666666666665
869.1991307999999,,258.25458030465217,48747.0,2.7848837209302326
869.3991305999999,3.930802401966711,11.32972059169542,49626.0,2.807017543859649
869.5991303999999,3.063105195928963,6.423675566214703,48538.0,2.7906976744186047
869.7991301999999,3.3957187300409997,9.713772108412448,48537.0,2.7586206896551726
869.9991299999999,3.436689930209372,14.667178832153349,47141.0,2.8511904761904763
870.1991297999999,3.0359553478712358,12.883260472490287,46224.0,2.8855421686746987
870.3991295999999,2.530328264013674,4.621865291899887,45634.0,2.9146341463414633
870.5991293999999,2.9851722922358332,8.963081609025933,45388.0,2.95679012345679
870.7991291999999,2.3697529092233975,1.6310821415828984,45287.0,2.99375
870.9991289999999,2.3058259928913616,0.7971715436870431,45297.0,3.0
871.1991287999999,2.24326478206008,0.6925032306053337,45173.0,3.0
871.3991285999999,2.3180135239995567,0.9746533914249451,45105.0,3.0125786163522013
871.5991283999999,2.256655592469546,1.7511968289041737,45150.0,3.0125786163522013
871.7991281999999,2.3587168141592922,1.9732108766368406,45200.0,3.0125786163522013
871.9991279999999,2.4159868406428524,2.116459436217121,44987.0,3.037974683544304
872.1991277999999,3.3079714926752013,7.637000598460535,45462.0,2.95679012345679
872.3991275999999,2.476578993666432,2.7049667203150354,45472.0,2.962962962962963
872.5991273999999,2.544958224658503,4.1964464073930925,45242.0,2.99375
872.7991271999999,2.296869472939512,1.3763708170245912,45232.0,3.0
872.9991269999999,2.2734551245189545,0.6419065304523669,45214.0,3.018867924528302
873.1991267999999,2.2413884589873976,0.3225266343781259,45230.0,3.018867924528302
873.3991265999999,2.2028517026081564,0.25073740176682363,45166.0,3.0125786163522013
873.5991263999999,2.2203434844192635,0.14983752774201453,45184.0,3.0125786163522013
873.7991261999999,2.224044441493482,0.5437287229738473,45183.0,3.006289308176101
873.9991259999999,2.394023719605115,2.685669008745068,45279.0,3.0
874.1991257999999,2.300048666106269,1.866175100108002,45206.0,3.018867924528302
874.3991255999999,2.2225445687077845,0.1952794958426593,45155.0,3.0125786163522013
874.5991253999999,2.291615687495829,2.1498265847703197,44953.0,3.018867924528302
874.7991251999999,5.077738364887388,14.432125415695449,46798.0,2.909090909090909
874.9991249999999,3.8672685650713507,13.976725866707145,46741.0,2.95679012345679
875.1991247999999,3.0753086685772155,5.7076127791996685,46409.0,2.95679012345679
875.3991245999999,2.4862333729858332,3.2460260721000593,46235.0,2.95679012345679
875.5991243999999,3.118202490525176,10.999509567778842,46175.0,2.9207317073170733
875.7991241999999,2.4811413578222368,4.316129975120717,45735.0,2.962962962962963
875.9991239999999,2.2533450125917005,1.7775374158475183,45665.0,2.9751552795031055
876.1991237999999,2.631064778389719,3.081138901881346,45756.0,2.962962962962963
876.3991235999999,2.8707785861657076,8.872761235215401,46045.0,2.926829268292683
876.5991233999999,2.7381878578609204,7.834732330543354,45758.0,2.8855421686746987
876.7991231999999,6.5086131386861314,21.593025750651186,47950.0,2.8855421686746987
876.9991229999999,3.043682509990647,7.36978147573649,47044.0,2.938650306748466
877.1991227999999,2.691894884790664,2.6944640412806744,46958.0,2.938650306748466
877.3991225999999,2.2723843219164945,0.535735270403112,46919.0,2.95679012345679
877.5991223999999,2.2044834640300035,0.5550462720805353,46928.0,2.938650306748466
877.7991221999999,2.218191904751744,0.8223732183934199,46867.0,2.95679012345679
877.9991219999999,2.212186349415796,1.6191217354868144,46987.0,2.95679012345679
878.1991218,,986.030935479555,8644.0,4.355555555555555
878.3991216,,985.9334378668154,46883.0,2.95679012345679
878.5991214,2.2193925432983534,0.8499763447160563,46884.0,2.95679012345679
878.7991212,2.2214390978407126,1.3903351587120993,46821.0,2.95679012345679
878.999121,2.1970065761380133,1.123755547072128,46836.0,2.95679012345679
879.1991208,2.2051649621293166,1.3623544676951505,46738.0,2.95679012345679
879.3991206,2.2004574311181413,0.3579724620520494,46783.0,2.95679012345679
879.5991204,2.2207004123843506,0.5661860775017721,46801.0,2.95679012345679
879.7991202,2.1832278210283174,0.4481968990542204,46756.0,2.95679012345679
879.99912,2.1981515553463695,0.905505146446191,46742.0,2.950617283950617
880.1991198,2.218473190979503,0.2876705825316619,46738.0,2.9751552795031055
880.3991196,2.188593870058909,0.8778116887718262,46852.0,2.9751552795031055
880.5991194,2.2140479644960314,0.7144625410588228,46868.0,2.95679012345679
880.7991192,2.289502431083599,0.5430821864909412,46687.0,2.9751552795031055
880.999119,2.2017598454769827,0.503040655209153,46595.0,2.9751552795031055
881.1991188,2.2064126970546085,1.2695538373754467,46751.0,2.9751552795031055
881.3991186,2.196907811731497,0.8766847670899923,46763.0,2.981366459627329
881.5991184,2.2211392540344126,0.6365929048142517,46785.0,2.9751552795031055
881.7991182,2.194922142368241,0.26363601465549275,46752.0,2.9751552795031055
881.999118,2.187695137077114,0.6066662381009306,46762.0,2.9751552795031055
882.1991178,2.2236336464560207,0.7724365471250502,46840.0,2.962962962962963
882.3991176,2.223873575262494,1.0918122244694806,46763.0,2.9751552795031055
882.5991174,2.2259441144303147,1.0655955672504176,46631.0,2.968944099378882
882.7991172,2.2164520682722335,0.13102678808109156,46754.0,2.981366459627329
882.999117,5.066260987153482,24.938465681287205,47328.0,2.8682634730538923
883.1991168,,235.0543760781979,24985.0,2.364406779661017
883.3991166,,233.09038135357798,46902.0,2.8682634730538923
883.5991164,4.157554243945473,8.141963785759945,47609.0,2.801169590643275
883.7991162,5.131967466282302,12.669795295866122,48565.0,2.8511904761904763
883.999116,2.733082080539708,2.859599977739253,48026.0,2.8682634730538923
884.1991158,2.4357175664954696,2.6740880282911754,47898.0,2.891566265060241
884.3991156,2.443612638798854,1.230009362333957,47821.0,2.8855421686746987
884.5991154,3.83288842544317,12.307875828805713,47950.0,2.8176470588235296
884.7991152,3.8768280861465843,10.704441370294933,47454.0,2.8511904761904763
884.999115,5.479402122336295,38.58497623983308,46364.0,2.8511904761904763
885.1991148,,225.28446931011968,24864.0,2.1031746031746033
885.3991146,,253.93276912925404,45763.0,2.4456521739130435
885.5991144,3.5706312815524988,45.11031228080946,43182.0,2.273224043715847
885.7991142,12.352601156069364,148.14441388916597,37887.0,1.8125
885.999114,6.34239101647333,80.55971588840507,37758.0,2.711864406779661
886.1991138,5.55062601345065,18.85349671335757,37619.0,2.7062146892655368
886.3991136,3.7945149517947603,12.602340202984808,36718.0,2.6815642458100557
886.5991134,6.0232212771702445,14.205026205974395,37035.0,2.608695652173913
886.7991132,3.1643820287584625,12.262812119980342,35746.0,2.6519337016574585
886.999113,4.116604265940549,13.263137448914371,35256.0,2.7528735632183907
887.1991128,3.8644077801717778,15.221047299475572,33881.0,2.8855421686746987
887.3991126,7.527912174970998,17.9600698807762,35343.0,2.7365269461077846
887.5991124,4.087999088682577,13.221948808652442,35114.0,2.896969696969697
887.7991122,12.658982449735312,40.686811965517656,38347.0,2.691011235955056
887.999112,5.811131842430295,14.718003279555486,38053.0,2.834319526627219
888.1991118,4.279556583974601,19.172246328696584,37166.0,2.9207317073170733
888.3991116,7.18807762184365,29.245799682066124,37979.0,2.909090909090909
888.5991114,5.343372378962955,25.75931061166544,37819.0,2.874251497005988
888.7991112,3.962623681635316,12.894349055884254,36788.0,2.9207317073170733
888.999111,4.818109187749667,14.368418471325358,37550.0,2.9207317073170733
889.1991108,11.550636247270537,43.585687847911494,39843.0,2.7586206896551726
889.3991106,6.031090569278174,23.515588917017215,39594.0,2.926829268292683
889.5991104,4.793966245806336,21.13634015528394,39047.0,2.981366459627329
889.7991102,5.103077576939423,20.53893440889613,39999.0,3.018867924528302
889.99911,3.3395497569710924,8.601739183025005,39090.0,3.0903225806451613
890.1991098,2.630781909961883,2.767118462998715,38828.0,3.1372549019607843
890.3991096,2.497596957002236,1.822820867505124,38909.0,3.151315789473684
890.5991094,2.2846587092440447,1.9668704529949077,38706.0,3.172185430463576
890.7991092,5.222532635749479,16.51819224332373,39374.0,3.050955414012739
890.999109,3.0228679592776384,8.187218748777669,39094.0,3.096774193548387
891.1991088,2.3176913811220174,1.0455484428978952,39019.0,3.116883116883117
891.3991086,2.298813763418821,0.8279397423514573,39031.0,3.1103896103896105
891.5991084,3.106026129419886,3.148643211726426,39113.0,3.050955414012739
891.7991082,2.396482218513288,2.0352261972530314,38945.0,3.0903225806451613
891.999108,2.6335663976145187,2.2483183277723473,38902.0,3.096774193548387
892.1991078,4.460454407448639,10.799702320384581,39524.0,3.076923076923077
892.3991076,2.9458714894268296,4.905307531296733,39203.0,3.0705128205128207
892.5991074,2.519271126580335,1.2824217962893687,39074.0,3.0903225806451613
892.7991072,5.340071073921919,18.902016724820463,39677.0,3.0316455696202533
892.999107,6.477124183006536,22.029338935769367,40698.0,2.932515337423313
893.1991068,3.434810422458972,3.2403070826438216,40643.0,2.95679012345679
893.3991066,2.5405210918114145,4.007603906014426,40300.0,3.018867924528302
893.5991064,4.203725432678205,14.648965632750155,40908.0,2.95679012345679
893.7991062,3.786183340148654,7.892373342429908,41573.0,2.8682634730538923
893.999106,4.670225585655066,13.126730605581596,41492.0,2.8855421686746987
894.1991058,7.851684596287977,34.86288271716894,42295.0,2.801169590643275
894.3991056,8.728974890356161,62.92712954125027,41498.0,3.0316455696202533
894.5991054,6.429009462211043,35.82767265122631,41745.0,3.0903225806451613
894.7991052,,284.11585999830504,20808.0,2.1946902654867255
894.999105,,250.91442310017356,46846.0,2.938650306748466
895.1991048,5.750455332448902,12.848616079739935,44473.0,3.0705128205128207
895.3991046,2.8949876335912506,7.739165739308922,44071.0,3.1103896103896105
895.5991044,4.273086262850918,13.896515208288742,44063.0,3.037974683544304
895.7991042,5.244779798167698,19.10525650720066,43006.0,3.1103896103896105
895.999104,2.6005495529061102,3.0983406602560346,42944.0,3.130718954248366
896.1991038,2.344868568232662,0.6287479970211449,42912.0,3.1578947368421053
896.3991036,2.3382397536681516,0.20089869423005427,42869.0,3.1578947368421053
896.5991034,2.364806367529324,1.9696594321845302,42968.0,3.151315789473684
896.7991032,3.61547338440385,41.54993892909858,40728.0,3.1103896103896105
896.999103,3.151740320688307,7.205672124718471,40912.0,3.151315789473684
897.1991028,2.5574081736971497,5.924972685552869,41083.0,3.151315789473684
897.3991026,4.023048022734936,11.640151577519793,41522.0,3.0903225806451613
897.5991024,3.1823959938366717,7.287966555278413,41536.0,3.1788079470198674
897.7991022,2.5491103892955835,3.7556530561606123,41254.0,3.1933333333333334
897.999102,4.0022396146899455,9.082091038665299,41525.0,3.1103896103896105
898.1991018,,272.63611277636295,17886.0,2.2941176470588234
898.3991016,,286.5814167230918,40703.0,3.1933333333333334
898.5991014,2.5132315584383553,2.080228144039471,40547.0,3.1933333333333334
898.7991012,2.445488675680318,3.172961974786829,40753.0,3.2
898.999101,2.402320987654321,3.1335669891647315,40500.0,3.214765100671141
899.1991008,2.27925682844383,0.30110987505361764,40529.0,3.221476510067114
899.3991006,2.2678909923438617,0.9773645985603759,40621.0,3.221476510067114
899.5991004,2.246676841276093,0.9693199597143085,40624.0,3.221476510067114
899.7991002,2.2776166363502286,0.7075695312653694,40682.0,3.214765100671141
899.9991,2.241657842243948,0.6509793736073063,40607.0,3.214765100671141
900.1990998,2.2842209072978306,0.7546715432587818,40560.0,3.221476510067114
900.3990996,2.291719147464869,1.1171221525028225,40491.0,3.214765100671141
900.5990994,2.2584380632576972,0.9795170135093012,40501.0,3.214765100671141
900.7990992,2.2433006495591394,1.4072409924610785,40489.0,3.221476510067114
900.999099,2.2512626262626263,1.9140059768768953,40392.0,3.2432432432432434
901.1990988,2.244262335668837,0.45551113211196353,40391.0,3.2364864864864864
901.3990986,2.2715954655710116,0.01635370461662524,40402.0,3.2364864864864864
901.5990984,2.270610073010766,0.9009902453211807,40405.0,3.2432432432432434
901.7990982,2.3111414053786095,0.7577841709641584,40345.0,3.2364864864864864
901.999098,2.2319740683921414,1.2378443746917989,40414.0,3.2364864864864864
902.1990978,2.2551086042254216,1.5339124627098684,40422.0,3.2432432432432434
902.3990976,2.253387734915925,0.31532316605229044,40440.0,3.2432432432432434
902.5990974,2.281539452176928,0.9377867213770202,40378.0,3.2364864864864864
902.7990972,2.2272333473600834,0.38840374624476964,40399.0,3.2364864864864864
902.999097,2.2658966685628075,0.9921690493344838,40433.0,3.2364864864864864
903.1990968,,294.1884114117051,18088.0,2.3564356435643563
903.3990966,,295.33889398698443,40340.0,3.2364864864864864
903.5990964,2.264110254567087,1.0747016177882203,40343.0,3.2364864864864864
903.7990962,2.2623149961573743,0.626105178404929,40337.0,3.2364864864864864
903.999096,5.6340625,13.552725350320825,41600.0,3.1103896103896105
904.1990958,3.357950634280657,13.594545829818259,40676.0,3.172185430463576
904.3990956,11.386840088363915,76.01258377964248,44362.0,3.037974683544304
904.5990954,3.355558161350844,29.590111046802715,42640.0,3.076923076923077
904.7990952,3.206748112163917,16.0448949614286,41582.0,3.116883116883117
904.999095,7.085120627957982,39.057270770412224,43315.0,3.018867924528302
905.1990947999999,,287.3924841800113,18863.0,2.3653846153846154
905.3990945999999,,311.03863262622457,41358.0,3.1578947368421053
905.5990943999999,3.8708331368758544,12.576889281404783,42418.0,3.116883116883117
905.7990941999999,4.665783239909,10.88729247380297,42637.0,3.0903225806451613
905.9990939999999,3.6601172669618283,21.117491843620627,41785.0,3.1578947368421053
906.1990937999999,,291.91340685820603,18819.0,2.378640776699029
906.3990935999999,,4.5878542076372,18955.0,2.375
906.5990933999999,,2.89776889296551,18600.0,2.4019607843137254
906.7990931999999,,293.9212972877332,41442.0,3.2
906.9990929999999,5.445568786181578,9.752907874819613,42494.0,3.0705128205128207
907.1990927999999,3.942039672590517,13.719284013553247,40683.0,3.2
907.3990925999999,2.948435532067271,1.0480824748165465,40493.0,3.1933333333333334
907.5990923999999,5.671302335885002,18.529102053151018,40627.0,3.1933333333333334
907.7990921999999,3.4468809722154163,8.64076881349406,40814.0,3.151315789473684
907.9990919999999,2.7400019749185347,4.615925354085525,40508.0,3.1933333333333334
908.1990917999999,2.498718959400867,1.50449625474827,40592.0,3.1788079470198674
908.3990915999999,7.471690561951173,18.088124520176766,42477.0,3.0
908.5990913999999,3.2832624215764046,11.168472850617617,41601.0,3.116883116883117
908.7990911999999,2.7735634958957025,5.109851184251725,41420.0,3.1578947368421053
908.9990909999999,2.403559894125932,2.891196792249077,41181.0,3.172185430463576
909.1990907999999,,286.7754074477464,18880.0,2.3653846153846154
909.3990905999999,,270.01859843295165,43944.0,2.8682634730538923
909.5990903999999,4.464808565393673,22.717074552546638,41189.0,3.0903225806451613
909.7990901999999,3.186214549938348,6.937542550665201,40550.0,3.1372549019607843
909.9990899999999,2.8854156394832855,4.25962075501747,40564.0,3.1788079470198674
910.1990897999999,3.0608005487237273,5.679681130489622,40822.0,3.1788079470198674
910.3990895999999,6.136271281440482,30.673856004095914,42819.0,3.1578947368421053
910.5990893999999,3.9090739139578905,12.783076224145777,42793.0,3.076923076923077
910.7990891999999,,288.8825835068963,19090.0,2.4757281553398056
910.9990889999999,2.8311826810280474,5.61939895413369,18754.0,2.4466019417475726
911.1990887999999,2.5034994924400276,0.4617995594384237,18717.0,2.4466019417475726
911.3990885999999,,296.5183091846614,41684.0,3.1933333333333334
911.5990883999999,2.333685220729367,0.667674586146581,41680.0,3.2
911.7990881999999,2.3310488605592963,1.947855725687992,41731.0,3.2
911.9990879999999,,298.7420571849589,18711.0,2.480392156862745
912.1990877999999,,299.7967259489976,41666.0,3.1933333333333334
912.3990875999999,,296.97213079482117,18551.0,2.480392156862745
912.5990873999999,,2.7906419537752587,18819.0,2.480392156862745
912.7990871999999,,2.4361354426505346,18531.0,2.504950495049505
912.9990869999999,,296.98470468866986,41634.0,3.221476510067114
913.1990867999999,2.3404326923076924,1.5582540803057934,41600.0,3.221476510067114
913.3990865999999,2.3177278401997503,0.7964666833609668,41652.0,3.214765100671141
913.5990863999999,2.359633071700294,0.903538913969969,41534.0,3.214765100671141
913.7990861999999,,296.6816602617198,18827.0,2.4901960784313726
913.9990859999999,,3.9488191365965255,18502.0,2.504950495049505
914.1990857999999,,297.10075502473836,41555.0,3.221476510067114
914.3990855999999,,298.0345282920164,18514.0,2.504950495049505
914.5990853999999,,297.66161956925527,41574.0,3.214765100671141
914.7990851999999,2.2686114520904037,1.4026016004060953,41547.0,3.221476510067114
914.9990849999999,2.818490021639817,6.510497630992217,41590.0,3.2
915.1990847999999,4.488633086609632,19.558497712406194,41612.0,3.1103896103896105
915.3990845999999,2.9835679056898834,7.747171010122236,41565.0,3.1578947368421053
915.5990843999999,2.4263785142746634,1.495919478818609,41367.0,3.151315789473684
915.7990841999999,2.446518011943749,0.3087474192472255,41528.0,3.1578947368421053
915.9990839999999,6.932236051599447,41.936284648305715,44109.0,3.0903225806451613
916.1990837999999,3.0216137663775604,16.116812480280526,43352.0,3.0903225806451613
916.3990835999999,3.0288250430841144,20.66347979919482,42359.0,3.0705128205128207
916.5990833999999,2.8489678166899193,5.556042235560012,42289.0,3.116883116883117
916.7990831999999,2.5247328099877047,2.7118998292936034,42292.0,3.130718954248366
916.9990829999999,2.4394975542574917,2.1930229755145487,42114.0,3.130718954248366
917.1990827999999,,291.5067608128666,19734.0,2.339622641509434
917.3990825999999,,289.0885384589503,42048.0,3.1578947368421053
917.5990823999999,,287.5565727202852,19387.0,2.361904761904762
917.7990821999999,,289.89520571138047,42040.0,3.1578947368421053
917.9990819999999,2.373706446406532,1.2029450532131265,42132.0,3.1578947368421053
918.1990817999999,,289.56448182371463,19298.0,2.3846153846153846
918.3990815999999,,289.9421167142802,41992.0,3.1578947368421053
918.5990813999999,,287.90124003264697,19548.0,2.3714285714285714
918.7990811999999,,288.82106528128725,42017.0,3.1578947368421053
918.9990809999999,2.288569525078519,0.3152220747663611,42028.0,3.1578947368421053
919.1990807999999,2.2778928818080066,0.7268804648138161,41991.0,3.151315789473684
919.3990805999999,,290.2758688997821,19258.0,2.3846153846153846
919.5990803999999,2.4734056354107206,0.05448581945666326,19271.0,2.394230769230769
919.7990801999999,,290.7051525905652,41964.0,3.1447368421052633
919.9990799999999,2.313462683013927,1.13915776999953,42005.0,3.172185430463576
920.1990797999999,2.316646432907234,1.2295760171976753,42009.0,3.172185430463576
920.3990795999999,2.3429613212268534,2.2121211818850837,41961.0,3.172185430463576
920.5990793999999,2.300475624256837,2.202518859361112,42050.0,3.172185430463576
920.7990791999999,2.258645721766036,0.8909347714538194,42015.0,3.172185430463576
920.9990789999999,3.9327419663351186,19.082852660347434,41824.0,3.096774193548387
921.1990787999999,2.776889744824266,5.012019279706413,41540.0,3.151315789473684
921.3990785999999,2.4068414445731943,3.405167483124843,41424.0,3.151315789473684
921.5990783999999,2.312468438138752,0.3134867343677325,41585.0,3.151315789473684
921.7990781999999,2.2631883220118514,0.35517553589784523,41514.0,3.1578947368421053
921.9990779999999,2.296632778138294,1.8721349968690195,41607.0,3.151315789473684
922.1990777999999,2.2967644084934276,1.441477998272112,41538.0,3.151315789473684
922.3990775999999,2.310724525937884,0.7392869051619715,41503.0,3.1578947368421053
922.5990773999999,2.3137477095187577,1.1917618921650213,41476.0,3.1578947368421053
922.7990771999999,,300.59403581303724,19783.0,2.259259259259259
922.9990769999999,,1101.3948165208049,10282.0,3.7735849056603774
923.1990768,,1009.0365214400135,41221.0,3.165562913907285
923.3990766,3.4376186699353473,6.8659166306766855,41607.0,3.1788079470198674
923.5990764,5.731764266367796,28.256369801519337,42828.0,3.1103896103896105
923.7990762,4.077651603295015,21.952623744748745,42974.0,3.116883116883117
923.999076,,348.75978824368116,19692.0,2.311926605504587
924.1990758,,13.083460650750858,18940.0,2.339622641509434
924.3990756,9.7395858590757,52.35544086735895,20621.0,2.3577981651376145
924.5990754,4.879568148410969,28.886360656038228,19729.0,2.4245283018867925
924.7990752,,330.12208823878757,43387.0,3.151315789473684
924.999075,,322.4865171060264,19761.0,2.4615384615384617
925.1990748,2.502884031572556,1.3581226611256023,19764.0,2.4615384615384617
925.3990746,,3.620553965808732,19555.0,2.4757281553398056
925.5990744,,4.313324586288049,19734.0,2.4711538461538463
925.7990742,,324.6170759992393,43193.0,3.2
925.999074,,318.2183579104589,19477.0,2.4615384615384617
926.1990738,2.649787517280221,2.8459043011098246,19531.0,2.495145631067961
926.3990736,,323.3809305975351,43116.0,3.2
926.5990734,,326.2106511991741,19586.0,2.495145631067961
926.7990732,2.4720626366363314,1.019729803738723,19669.0,2.495145631067961
926.999073,,2.4666644305547405,19358.0,2.5098039215686274
927.1990728,,3.6139224225794573,19625.0,2.504854368932039
927.3990726,2.6071300517338525,3.5639435668446926,19523.0,2.495145631067961
927.5990724,3.020681945220794,2.5032535691159383,19679.0,2.451923076923077
927.7990722,,346.9037470237107,42362.0,3.116883116883117
927.999072,3.266920625793622,7.668758700340183,41739.0,3.130718954248366
928.1990718,3.018269644650629,4.156769740350867,41818.0,3.1578947368421053
928.3990716,,329.04531507067475,19109.0,2.2857142857142856
928.5990714,,330.2714748895294,41711.0,3.1788079470198674
928.7990712,2.345193418013857,0.5792458124739571,41568.0,3.1788079470198674
928.999071,2.432868760045098,1.621955220579751,41687.0,3.172185430463576
929.1990708,,326.29865969395024,18541.0,2.3398058252427183
929.3990706,,326.91587257569614,41603.0,3.172185430463576
929.5990704,2.316090297790586,0.39933140953875623,41640.0,3.1788079470198674
929.7990702,,329.132941926559,18671.0,2.3398058252427183
929.99907,,328.8244599040072,41621.0,3.172185430463576
930.1990698,,1048.5270620420308,10808.0,3.5714285714285716
930.3990696,,1190.4216847873163,18495.0,2.3398058252427183
930.5990694,,326.8439719421234,41619.0,3.172185430463576
930.7990692,,326.3516580598614,18723.0,2.349514563106796
930.999069,2.5439355114243005,1.485622041185893,18732.0,2.3592233009708736
931.1990688,,5.4228322187019105,18711.0,2.3592233009708736
931.3990686,2.6223644578313254,3.451191077803806,18592.0,2.349514563106796
931.5990684,2.577917879081798,1.5933224239733865,18558.0,2.372549019607843
931.7990682,,328.7868443758151,41636.0,3.1788079470198674
931.999068,,329.0437280978979,18801.0,2.3592233009708736
932.1990678,,330.27191585452573,41565.0,3.1933333333333334
932.3990676,,327.86432664410773,18645.0,2.3592233009708736
932.5990674,,326.77208744123647,41532.0,3.2
932.7990672,,326.8204011440974,18378.0,2.372549019607843
932.999067,,328.33477802291793,41481.0,3.1933333333333334
933.1990668,,338.9925148242655,19189.0,2.3846153846153846
933.3990666,,18.746574797673237,18790.0,2.2264150943396226
933.5990664,3.8153795160755717,8.96394373806293,18102.0,2.29126213592233
933.7990662,,314.6584841860485,42085.0,3.116883116883117
933.999066,,317.1889316418284,18763.0,2.342857142857143
934.1990658,3.0650061731708624,2.310318409037606,18629.0,2.3365384615384617
934.3990656,,2.2470523117673094,18979.0,2.323809523809524
934.5990654,,7.066379522179384,18606.0,2.2884615384615383
934.7990652,,5.186622149429056,18780.0,2.276190476190476
934.999065,,4.540571191678204,18515.0,2.2884615384615383
935.1990648,,328.8095154858169,41296.0,3.164473684210526
935.3990646,2.8386058981233244,8.50613064546306,41030.0,3.1788079470198674
935.5990644,2.3877136281279077,2.436508495723831,40842.0,3.1788079470198674
935.7990642,,329.043874158635,18153.0,2.320388349514563
935.999064,2.5054191550541915,1.1585937575958403,18084.0,2.320388349514563
936.1990638,2.5116588940706195,1.11199647950323,18012.0,2.343137254901961
936.3990636,,3.741684701455691,18203.0,2.320388349514563
936.5990634,2.488688280948973,1.062133141101227,18167.0,2.3300970873786406
936.7990632,2.4821812172955107,0.6513775048057864,18155.0,2.3300970873786406
936.999063,,2.698937791347225,17941.0,2.3529411764705883
937.1990628,,3.974778476787622,18176.0,2.3398058252427183
937.3990626,,3.4894756942602165,17982.0,2.3529411764705883
937.5990624,2.4748233461303064,0.3421298558471624,17973.0,2.3627450980392157
937.7990622,,329.96979236733483,40694.0,3.2
937.999062,,326.2621694009967,17802.0,2.3333333333333335
938.1990618,2.5072635135135135,1.6490910814525308,17760.0,2.343137254901961
938.3990616,,4.02296780407647,17970.0,2.320388349514563
938.5990614,,5.580822755432726,17897.0,2.3627450980392157
938.7990612,,3.3768510282344875,18082.0,2.343137254901961
938.999061,2.7114004339843096,2.78188206533422,17973.0,2.3529411764705883
939.1990608,,3.3224341821076266,17730.0,2.366336633663366
939.3990606,,4.5231968142411745,17903.0,2.343137254901961
939.5990604,,3.5907870881508055,17745.0,2.366336633663366
939.7990602,,332.4050823343382,40351.0,3.214765100671141
939.99906,,329.8265761191439,17640.0,2.366336633663366
940.1990598,,331.78166085171046,40293.0,3.214765100671141
940.3990596,2.321866222564689,0.6015374338106243,40231.0,3.221476510067114
940.5990594,,330.82243522741754,17844.0,2.343137254901961
940.7990592,,2.878721629085497,17658.0,2.366336633663366
940.999059,,330.01498354953554,40460.0,3.221476510067114
941.1990588,,330.0738583120744,17950.0,2.3529411764705883
941.3990586,,329.1030258623736,40412.0,3.221476510067114
941.5990584,,330.79128138034156,17951.0,2.3529411764705883
941.7990582,2.7239664804469275,2.358483364602194,17900.0,2.3529411764705883
941.999058,12.283822797411647,23.997868520285273,20090.0,2.0973451327433628
942.1990578,,12.336914696478708,18607.0,2.2336448598130842
942.3990576,4.941793682350342,36.59827187419423,18108.0,2.0
942.5990574,5.649193128578865,8.77901866856926,19210.0,2.079646017699115
942.7990572,,10.410305671990983,18774.0,2.1363636363636362
942.999057,4.176696542893726,14.631329671811269,19525.0,2.126126126126126
943.1990568,,20.13253756978819,20767.0,2.0344827586206895
943.3990566,,27.719748348173496,20321.0,1.8181818181818181
943.5990564,6.021616692592394,21.866062268386386,18643.0,2.0
943.7990562,,21.801466522343254,18951.0,1.9736842105263157
943.999056,7.256687352878236,23.80793592683316,18692.0,2.1192660550458715
944.1990558,,335.85830833001535,41125.0,3.1103896103896105
944.3990556,,354.05683725402474,18404.0,2.2596153846153846
944.5990554,6.075947376696892,13.576959191149244,19079.0,2.30188679245283
944.7990552,,355.2856667324835,41188.0,3.076923076923077
944.999055,,342.8761074160044,17967.0,2.102803738317757
945.1990548,3.327840367692394,4.411216828176399,17841.0,2.1826923076923075
945.3990546,,5.8290269341738465,17887.0,2.1619047619047618
945.5990544,2.55050703120623,0.5046788476191387,17849.0,2.1923076923076925
945.7990542,,2.578278644064973,17567.0,2.2135922330097086
945.999054,2.6826057221019037,2.6036948652855605,17546.0,2.2135922330097086
946.1990538,,2.563968871667802,17818.0,2.201923076923077
946.3990536,,347.0872516270231,40407.0,3.2
946.5990534,,350.1530163032794,17821.0,2.233009708737864
946.7990532,,4.815283869888654,17411.0,2.2450980392156863
946.999053,,349.48170068866165,40245.0,3.2
947.1990528,,349.1482911692211,17568.0,2.2427184466019416
947.3990526,2.5256862968447433,0.6110648018220114,17558.0,2.2427184466019416
947.5990524,2.4766860002274536,0.9350039577242583,17586.0,2.2427184466019416
947.7990522,,2.4192585034265837,17338.0,2.2549019607843137
947.999052,,2.989421012784194,17604.0,2.2524271844660193
948.1990518,2.509645937358148,0.3909840934288662,17624.0,2.2427184466019416
948.3990516,,346.3448171877166,40379.0,3.214765100671141
948.5990514,,347.22912348919095,17580.0,2.2549019607843137
948.7990512,,348.36811229576017,40335.0,3.221476510067114
948.999051,,347.4947540027736,17271.0,2.277227722772277
949.1990508,,3.597226536833193,17573.0,2.264705882352941
949.3990505999999,,1.8138590959507566,17307.0,2.287128712871287
949.5990503999999,2.506626540887783,1.3811604649431282,17279.0,2.287128712871287
949.7990501999999,,2.4982233218806744,17550.0,2.2745098039215685
949.9990499999999,,2.9286868172438356,17341.0,2.287128712871287
950.1990497999999,9.97476075297087,19.601139533700714,19018.0,2.1944444444444446
950.3990495999999,8.462000924926777,16.834481235829053,19461.0,1.9043478260869566
950.5990493999999,,341.23369732850875,41377.0,2.909090909090909
950.7990491999999,,364.1632270569781,19171.0,1.6504065040650406
950.9990489999999,,352.60893481768716,41863.0,2.6815642458100557
951.1990487999999,3.2225896108874834,1.5726224470615024,41736.0,2.6759776536312847
951.3990485999999,4.356767926276038,12.08804955578991,42103.0,2.6464088397790055
951.5990483999999,8.290986449613838,28.930069915481496,43246.0,2.5
951.7990481999999,3.8966519092418372,10.9533772176001,43368.0,2.443877551020408
951.9990479999999,6.399809311933895,21.910489102554916,44051.0,2.371287128712871
952.1990477999999,,334.04650291860304,23664.0,1.2516556291390728
952.3990475999999,,339.1916338867214,44267.0,2.3596059113300494
952.5990473999999,4.520991630565447,12.485570585029205,44089.0,2.4020100502512562
952.7990471999999,4.29566812852412,14.956503827241825,44692.0,2.395
952.9990469999999,4.344929966909931,20.83291418679745,44122.0,2.419191919191919
953.1990467999999,,345.7486083117908,24067.0,1.3741496598639455
953.3990465999999,,328.0260756933682,44954.0,2.431472081218274
953.5990463999999,4.370407548685003,11.42609399674062,44829.0,2.407035175879397
953.7990461999999,,334.3437748101057,24069.0,1.3581081081081081
953.9990459999999,,334.37700544818887,44637.0,2.419191919191919
954.1990457999999,4.215391338347248,14.891685855197114,43479.0,2.4489795918367347
954.3990455999999,4.396411933345279,17.91250260091358,44648.0,2.436548223350254
954.5990453999999,3.2043259420487007,7.422492697185182,44106.0,2.443877551020408
954.7990451999999,3.603558014528934,7.287621865390406,44463.0,2.436548223350254
954.9990449999999,2.9009308962424405,2.2040097023659717,44151.0,2.4489795918367347
955.1990447999999,,325.6409907712288,23604.0,1.26
955.3990445999999,,323.55745235244234,44423.0,2.431472081218274
955.5990443999999,,333.4186762293121,23601.0,1.3175675675675675
955.7990441999999,,335.7564215460901,43990.0,2.4690721649484537
955.9990439999999,3.0583391454991338,5.955050173527159,44447.0,2.4690721649484537
956.1990437999999,3.048562139390054,13.099748052539692,43676.0,2.4564102564102566
956.3990435999999,3.9197179586006756,11.050235473290334,44107.0,2.481865284974093
956.5990433999999,,13.521151630691264,46029.0,2.472081218274112
956.7990431999999,,22.125104831931065,44402.0,2.4564102564102566
956.9990429999999,,19.279799499226094,46097.0,2.4472361809045227
957.1990427999999,,19.948850653008638,44564.0,2.4690721649484537
957.3990425999999,4.746943682097576,21.0581173026156,44089.0,2.4242424242424243
957.5990423999999,6.292520376457873,21.259756835638868,44414.0,2.4690721649484537
957.7990421999999,,335.52002525880766,23427.0,1.3724137931034484
957.9990419999999,,331.23231229535696,44229.0,2.4947916666666665
958.1990417999999,3.0017970882620566,4.4493324145809865,43960.0,2.4947916666666665
958.3990415999999,2.809270062933529,5.771081944932973,43538.0,2.5210526315789474
958.5990413999999,2.510229914156176,1.9324236333413227,43451.0,2.5210526315789474
958.7990411999999,2.393079664329233,0.6579235020747174,43495.0,2.5396825396825395
958.9990409999999,2.3738154384027967,1.3563372962711844,43476.0,2.5343915343915344
959.1990407999999,,340.8808964874515,22159.0,1.3687943262411348
959.3990405999999,,369.74883123479697,40830.0,2.513089005235602
959.5990403999999,6.145482188261815,35.38266752492197,38149.0,2.5210526315789474
959.7990401999999,,369.93063262377245,17250.0,1.2835820895522387
959.9990399999999,5.742655768775172,13.30320449702002,16884.0,1.2781954887218046
960.1990397999999,,342.2674846359183,39547.0,2.5668449197860963
960.3990395999999,,384.16208964962175,19528.0,1.3970588235294117
960.5990393999999,,354.5514146986139,40834.0,2.547872340425532
960.7990391999999,,381.03963321484497,21292.0,1.3862068965517242
960.9990389999999,,363.1727396009641,42178.0,2.6032608695652173
961.1990387999999,3.8613416824425997,16.239196165026943,41202.0,2.721590909090909
961.3990385999999,,365.87706452769436,20592.0,1.5149253731343284
961.5990383999999,2.981608295832518,4.25500854322576,20444.0,1.5413533834586466
961.7990381999999,6.131285714285714,16.116359121437636,21000.0,1.5588235294117647
961.9990379999999,,10.24450224297132,21435.0,1.583941605839416
962.1990377999999,,8.452327371045213,20592.0,1.628787878787879
962.3990375999999,,17.767727809560146,19986.0,1.5757575757575757
962.5990373999999,3.48892905558066,5.4650758302869775,19917.0,1.5454545454545454
962.7990371999999,,1.9799468159906564,19355.0,1.5891472868217054
962.9990369999999,3.786521535336701,5.146246936571701,19201.0,1.6328125
963.1990367999999,5.2414483821263484,6.466504018917285,19470.0,1.6356589147286822
963.3990365999999,,366.21870213762406,40366.0,2.742857142857143
963.5990363999999,4.2759060553763035,8.269846250474801,39981.0,2.737142857142857
963.7990361999999,3.282358858292468,6.851513984878403,39765.0,2.691011235955056
963.9990359999999,,380.9621612279673,19866.0,1.5151515151515151
964.1990357999999,,353.263088764955,41440.0,2.6464088397790055
964.3990355999999,4.8096932075922165,12.033853530108107,41885.0,2.711864406779661
964.5990353999999,,345.8180588587239,19666.0,1.6124031007751938
964.7990351999999,4.919934396898762,6.742942358397687,20121.0,1.671875
964.9990349999999,,351.7677754199812,41811.0,2.742857142857143
965.1990347999999,3.469710165965065,7.729479005551427,41334.0,2.7586206896551726
965.3990345999999,2.736622908497528,6.906241175106174,41059.0,2.7528735632183907
965.5990343999999,,346.69408032062665,19262.0,1.65625
965.7990341999999,,6.035931147907181,18912.0,1.72
965.9990339999999,4.003930492345884,5.983662885721368,19336.0,1.7063492063492063
966.1990337999999,,1.894659078124204,19625.0,1.6771653543307086
966.3990335999999,,4.755523542397134,19099.0,1.68
966.5990333999999,,6.431754411670093,18902.0,1.688
966.7990331999999,,12.698922490029878,19234.0,1.6377952755905512
966.9990329999999,,58.52056929809437,18428.0,1.3863636363636365
967.1990327999999,,15.09496333932078,16286.0,1.4545454545454546
967.3990325999999,,18.776819666090482,15440.0,1.3916666666666666
967.5990323999999,,15.191155138777356,15185.0,1.4406779661016949
967.7990321999999,8.744772844605059,9.026724035835914,15496.0,1.3983050847457628
967.9990319999999,10.533782932055969,9.435839192375397,15866.0,1.4322033898305084
968.1990318,,9.980240706979842,16241.0,1.4824561403508771
968.3990316,,12.895616357935797,15942.0,1.6203703703703705
968.5990314,9.55293104508827,18.601562697971826,16257.0,1.5
968.7990312,,9.802374720529597,16665.0,1.5166666666666666
968.999031,,15.374815160679493,15377.0,1.5925925925925926
969.1990308,4.771495570609693,4.728564831662722,15352.0,1.5363636363636364
969.3990306,,13.609525554081975,15127.0,1.6261682242990654
969.5990304,,10.57152746942906,15201.0,1.5740740740740742
969.7990302,5.283443448681886,3.6734534313637894,15287.0,1.5727272727272728
969.99903,3.225681712114141,3.192869603340814,14999.0,1.5871559633027523
970.1990298,10.403903903903904,14.927258333701255,15984.0,1.6120689655172413
970.3990296,7.135592162735555,15.00105217068433,16026.0,1.5391304347826087
970.5990294,,11.306352902235503,15946.0,1.5585585585585586
970.7990292,,3.459322900319098,15696.0,1.5925925925925926
970.999029,,5.077634000838913,15469.0,1.5727272727272728
971.1990288,3.614721141374838,4.017076412367125,15420.0,1.5963302752293578
971.3990286,5.0737397495391265,4.2978821840530905,15731.0,1.5357142857142858
971.5990284,,7.485847106082848,15793.0,1.5963302752293578
971.7990282,6.925231910946197,7.974192208650546,16170.0,1.5765765765765767
971.999028,,13.912356299248518,17163.0,1.4112903225806452
972.1990278,,5.7875197847665705,16937.0,1.4603174603174602
972.3990276,9.805115032387759,6.345882794756001,17908.0,1.4615384615384615
972.5990274,,300.28486693480187,45662.0,2.554973821989529
972.7990272,,27.451588621207577,44637.0,2.513089005235602
972.999027,,16.233050836619665,47947.0,2.4545454545454546
973.1990268,,319.7045563541853,24162.0,1.5352112676056338
973.3990266,4.723380992430614,13.411649378817392,23780.0,1.5467625899280575
973.5990264,,349.2346677084883,43971.0,2.6032608695652173
973.7990262,,306.45972104042545,21789.0,1.5746268656716418
973.999026,,7.1898461791769135,21026.0,1.5454545454545454
974.1990258,,16.14199872006558,20163.0,1.5891472868217054
974.3990256,,4.762616389199102,19692.0,1.6220472440944882
974.5990254,3.0122174709835066,7.706318316212156,19644.0,1.6507936507936507
974.7990252,,20.0090684902814,21488.0,1.5037037037037038
974.999025,,6.755077798374917,20968.0,1.5639097744360901
975.1990248,,6.80029770108062,20750.0,1.5681818181818181
975.3990246,,3.1380248927145575,20630.0,1.5954198473282444
975.5990244,2.5894514159334583,3.49124504554285,20799.0,1.5833333333333333
975.7990242,2.5105301379811182,1.3715452132479329,20655.0,1.5954198473282444
975.999024,2.7278141169579224,2.192265779277526,20486.0,1.6076923076923078
976.1990238,2.5559258896186647,1.7662070336576592,20402.0,1.6076923076923078
976.3990236,2.478107032286599,1.261644154622192,20349.0,1.6076923076923078
976.5990234,2.449642593049051,0.7723972839055827,20285.0,1.62015503875969
976.7990232,2.4437533935534823,0.5774495433872033,20259.0,1.62015503875969
976.999023,,3.0923926058214373,20406.0,1.6076923076923078
977.1990228,,2.6349235480612956,20199.0,1.62015503875969
977.3990226,,14.734895483246294,21006.0,1.4962962962962962
977.5990224,,31.660892233590946,20956.0,1.3928571428571428
977.7990222,3.9041969013532065,11.093813518299743,20396.0,1.434782608695652
977.999022,,20.60100861449615,19447.0,1.4370370370370371
978.1990218,,321.97513066297296,41010.0,2.631868131868132
978.3990216,,348.0573774479142,20439.0,1.4264705882352942
978.5990214,,331.227812065784,42169.0,2.6032608695652173
978.7990212,,326.47469154744374,20504.0,1.4191176470588236
978.999021,,312.5469806978725,43117.0,2.6032608695652173
979.1990208,4.7733197786061226,16.612603045892072,44265.0,2.5531914893617023
979.3990206,,326.9417135096691,23925.0,1.36986301369863
979.5990204,,21.77125518318991,24575.0,1.364864864864865
979.7990202,,331.7651572552255,45051.0,2.395
979.99902,3.2190349121636648,2.1639356328671644,44970.0,2.388059701492537
980.1990198,,1.9374957601617542,47597.0,2.2546296296296298
980.3990196,,346.6520253620811,25601.0,1.1890243902439024
980.5990194,,29.44970115906702,21996.0,1.0303030303030303
980.7990192,,69.789193390747,19835.0,1.2620689655172415
980.999019,12.091224018475751,35.0272879797096,16454.0,1.2537313432835822
981.1990188,13.614283080326961,12.90042936159485,16271.0,1.2366412213740459
981.3990186,15.713707311348433,28.82891953440669,17042.0,1.1492537313432836
981.5990184,10.472717883986459,28.154636822179143,17429.0,1.3206106870229009
981.7990182,25.91794060797751,132.2434004148144,17073.0,1.623931623931624
981.999018,16.371224703204774,84.84946564380772,16257.0,1.312
982.1990178,,72.26252003572425,15608.0,1.2403100775193798
982.3990176,,30.491899666065862,16092.0,1.181159420289855
982.5990174,,29.670840162935527,17316.0,1.3125
982.7990172,,24.483815972570177,18677.0,1.2198581560283688
982.999017,,387.0098031834285,38968.0,2.5343915343915344
983.1990168,,382.13737678063274,19074.0,1.2112676056338028
983.3990166,,353.72715231104837,40410.0,2.556149732620321
983.5990164,5.584582184390361,21.834162167317743,41705.0,2.4947916666666665
983.7990162,,339.2067808775647,20271.0,1.1986301369863013
983.999016,8.059772863120143,27.58649408184394,20076.0,1.2907801418439717
984.1990158,,343.8296589240982,41671.0,2.5210526315789474
984.3990156,3.5955376449773935,17.400000481610025,40696.0,2.4947916666666665
984.5990154,3.705815029464764,6.0897414385955475,41066.0,2.507853403141361
984.7990152,3.2251403465950697,5.671942872071999,40970.0,2.547872340425532
984.999015,4.668370966558212,15.452181745329046,40877.0,2.4947916666666665
985.1990148,,378.22418887733505,21395.0,1.2551724137931035
985.3990146,4.2726604965476715,11.410567557455622,20421.0,1.2587412587412588
985.5990144,,10.642426955689427,20089.0,1.3142857142857143
985.7990142,3.098736097067745,7.0486790058764734,19780.0,1.2949640287769784
985.999014,,383.18872527123665,38908.0,2.575268817204301
986.1990138,2.86786606956884,9.386899135630774,38408.0,2.6032608695652173
986.3990136,,344.5521568277091,16120.0,1.0921985815602837
986.5990134,,30.080537007615135,18097.0,1.0463576158940397
986.7990132,,30.421341909625195,16057.0,1.1376811594202898
986.999013,,380.1105104992604,36972.0,2.5614973262032086
987.1990128,,374.7132938355867,16471.0,1.0833333333333333
987.3990126,,23.421328759354985,14552.0,1.2061068702290076
987.5990124,12.780762624527654,6.005413992982566,14555.0,1.2248062015503876
987.7990122,13.508286917538378,26.88473327630423,14722.0,1.2125984251968505
987.999012,,27.676586583161722,15847.0,1.2698412698412698
988.1990118,,16.731843880857678,16545.0,1.2913385826771653
988.3990116,19.139991205892052,60.80134431035031,18194.0,1.4645669291338583
988.5990114,7.582981255578697,26.57735378770785,16805.0,1.459016393442623
988.7990112,,21.35063672786049,16185.0,1.4789915966386555
988.999011,5.239519829049086,15.294331057611492,15911.0,1.4705882352941178
989.1990108,,97.10048644245035,12841.0,1.3553719008264462
989.3990106,23.7251968503937,39.21717983889384,16510.0,1.4296875
989.5990104,14.844553389931843,58.57071593513995,16726.0,1.4793388429752066
989.7990102,12.102143294549908,21.561405341066823,16330.0,1.4915254237288136
989.99901,9.141387052513409,3.329631341558262,16034.0,1.4833333333333334
990.1990098,,380.15282558925895,37073.0,2.99375
990.3990096,7.655350886505999,8.513823181083293,37676.0,2.8682634730538923
990.5990094,5.8296849264119865,3.96340567789565,37642.0,2.962962962962963
990.7990092,3.715211337505859,9.95096357296897,36269.0,2.99375
990.999009,4.846788671257469,18.57262504335494,37321.0,2.962962962962963
991.1990088,5.509080888142354,8.877540996366655,38102.0,2.909090909090909
991.3990086,5.495738303140883,6.022568823259317,38365.0,2.8682634730538923
991.5990084,5.5274074074074075,12.3733384783774,37125.0,2.981366459627329
991.7990082,4.6182677511541,8.52891784239978,36392.0,3.018867924528302
991.999008,6.300019261990589,6.947678307788822,36341.0,3.018867924528302
992.1990078,7.090207877461707,5.105171899568198,36560.0,3.0316455696202533
992.3990076,4.59347556704919,10.837163487447626,37122.0,2.9751552795031055
992.5990074,,389.57727661991714,16032.0,1.5350877192982457
992.7990072,9.011365138099643,30.721815737458215,15134.0,1.4915254237288136
992.999007,,16.119117520298,15136.0,1.462809917355372
993.1990068,,26.839458125056392,15743.0,1.6017699115044248
993.3990066,,19.814778865693736,15580.0,1.4552845528455285
993.5990063999999,7.154420921544209,11.11468696589314,15257.0,1.4065040650406504
993.7990061999999,4.610358879978967,5.958836247125761,15214.0,1.3951612903225807
993.9990059999999,7.001829306755819,17.725228441820096,15853.0,1.3410852713178294
994.1990057999999,,3.296754103636018,15477.0,1.376
994.3990055999999,4.706334957681457,6.647500547886381,15596.0,1.2900763358778626
994.5990053999999,7.842542556065928,16.08446003440712,14804.0,1.3387096774193548
994.7990051999999,,10.81855526446307,14646.0,1.3916666666666666
994.9990049999999,5.691075202836299,4.717857115749989,14667.0,1.4285714285714286
995.1990047999999,,15.29007122220376,13961.0,1.4396551724137931
995.3990045999999,,18.47167209687175,13509.0,1.3879310344827587
995.5990043999999,,27.535780299280685,14407.0,1.375
995.7990041999999,7.825370556914664,17.35817544179801,13898.0,1.3032786885245902
995.9990039999999,,29.969978034609433,14642.0,1.368
996.1990037999999,,374.64122533653244,37510.0,2.874251497005988
996.3990035999999,,373.75636690992957,16413.0,1.6283185840707965
996.5990033999999,8.946487054316258,12.146869145635597,16183.0,1.605263157894737
996.7990031999999,8.361849337213062,5.890117571083947,15465.0,1.6216216216216217
996.9990029999999,,1.165675180300795,15470.0,1.584070796460177
997.1990027999999,,363.75287738933724,38250.0,2.807017543859649
997.3990025999999,,355.2282103991388,15309.0,1.5565217391304347
997.5990023999999,7.062930055447926,13.564551440708648,14969.0,1.543103448275862
997.7990021999999,,358.8522589171713,36449.0,2.823529411764706
997.9990019999999,5.966314800486349,11.067302183039734,36188.0,2.7848837209302326
998.1990017999999,,359.4139206212409,14770.0,1.5
998.3990015999999,,381.2714436906432,35066.0,2.938650306748466
998.5990013999999,,343.7431264376139,13510.0,1.4608695652173913
998.7990011999999,,365.4977307151908,34415.0,2.926829268292683
998.9990009999999,4.485960684108133,3.573311313115921,34439.0,2.874251497005988
999.1990007999999,9.044448845631507,15.41684965834698,35344.0,2.721590909090909
999.3990005999999,,345.58392062156855,15205.0,1.3206106870229009
999.5990003999999,,328.3593775615221,37676.0,2.6032608695652173
999.7990001999999,,328.5349371576391,16807.0,1.453125
999.9989999999999,5.17402361489555,11.52676977570742,16515.0,1.4881889763779528
1000.1989997999999,,17.50776060762719,16299.0,1.5564516129032258
1000.3989995999999,7.099946329536645,18.887001440134433,16769.0,1.6422764227642277
1000.5989993999999,,53.331792936253855,19028.0,1.8225806451612903
1000.7989991999999,8.092517851598883,21.238271455758397,19326.0,2.0
1000.9989989999999,,77.04540445024614,16682.0,1.9821428571428572
1001.1989987999999,,8.560115935041168,17117.0,1.990990990990991
1001.3989985999999,,303.8041131075116,39535.0,3.0316455696202533
1001.5989983999999,2.6290595698435566,2.6259653611334053,39567.0,3.037974683544304
1001.7989981999999,,308.50614784074116,17122.0,2.0458715596330275
1001.9989979999999,3.327789046653144,4.543287138196629,17255.0,1.926605504587156
1002.1989977999999,,313.5858986082725,39279.0,3.0705128205128207
1002.3989975999999,,306.65698570774197,17291.0,2.073394495412844
1002.5989973999999,2.844466086159487,7.662702879312529,17456.0,2.073394495412844
1002.7989971999999,,16.04476593839719,18139.0,2.080357142857143
1002.9989969999999,6.279321845469705,21.838480209349243,17990.0,1.8793103448275863
1003.1989967999999,,312.23096182540525,39902.0,2.909090909090909
1003.3989965999999,2.9870396317053642,1.3239252991708579,39968.0,2.903030303030303
1003.5989963999999,,296.1834662252745,17235.0,1.8793103448275863
1003.7989961999999,,294.94964160265044,39941.0,2.823529411764706
1003.9989959999999,5.065571616294349,28.21505860060827,38050.0,2.857142857142857
1004.1989957999999,5.565109606974736,29.557651880663204,35901.0,2.9447852760736195
1004.3989955999999,,331.97930025876144,14482.0,1.5263157894736843
1004.5989953999999,,353.96479034608336,34513.0,2.95679012345679
1004.7989951999999,10.024195812047381,15.541228857148319,35626.0,2.857142857142857
1004.9989949999999,12.574201493935906,36.35530354719642,37351.0,3.018867924528302
1005.1989947999999,4.289685243221148,12.235104068421803,36695.0,3.0705128205128207
1005.3989945999999,4.035101253616201,9.242125266079078,36295.0,3.0903225806451613
1005.5989943999999,3.640959892973606,4.984133522702407,35879.0,3.1578947368421053
1005.7989941999999,4.938132945485886,9.083645740890256,37128.0,3.076923076923077
1005.9989939999999,3.6630614962363106,10.936974523999496,36799.0,3.0903225806451613
1006.1989937999999,4.072791232580165,3.3524540029673973,36955.0,3.1578947368421053
1006.3989935999999,5.437619098030913,15.098224807057393,37784.0,3.1933333333333334
1006.5989933999999,3.364318846019787,8.051078772776737,37297.0,3.2364864864864864
1006.7989931999999,3.082845188284519,6.37327147023055,37045.0,3.214765100671141
1006.9989929999999,2.5343546763177227,5.719580314180424,36749.0,3.2653061224489797
1007.1989927999999,9.800491287326322,26.069539147133565,39081.0,3.116883116883117
1007.3989925999999,,208.56557556068645,22666.0,3.146551724137931
1007.5989923999999,,133.73377588708857,44647.0,2.407035175879397
1007.7989921999999,7.11114985615901,105.36607839885411,34413.0,3.1103896103896105
1007.9989919999999,5.012006706988442,17.49692074290606,33398.0,3.1788079470198674
1008.1989917999999,13.776139071919248,54.50936020855906,35665.0,2.7848837209302326
1008.3989915999999,8.092423030195276,27.6928224851742,33747.0,2.909090909090909
1008.5989913999999,,284.2406108518525,14888.0,1.2926829268292683
1008.7989911999999,,238.34775700540231,38176.0,2.507853403141361
1008.9989909999999,10.5395101171459,30.156908659923655,37560.0,2.807017543859649
1009.1989907999999,11.097051493853778,40.78900294494041,35713.0,2.962962962962963
1009.3989905999999,12.110932058013203,41.28986750115851,38474.0,2.7586206896551726
1009.5989903999999,18.975663619098096,77.64154667176844,45282.0,2.6032608695652173
1009.7989901999999,9.4354742819656,21.858352815860485,48779.0,2.6408839779005526
1009.9989899999999,,964.9616554525992,5766.0,7.0
1010.1989897999999,,991.7491903902378,49661.0,2.7906976744186047
1010.3989895999999,,315.1384896969771,26863.0,2.2992125984251968
1010.5989893999999,,205.53003694492784,51981.0,2.608695652173913
1010.7989891999999,4.723638078445041,23.939873039044922,48773.0,2.6519337016574585
1010.9989889999999,5.592754502290363,30.603466667843374,47809.0,2.7528735632183907
1011.1989887999999,,352.41002067489006,20004.0,2.269230769230769
1011.3989885999999,,19.841499134412004,19617.0,2.230769230769231
1011.5989883999999,,28.906458446771055,18880.0,2.31
1011.7989881999999,4.465835929387331,7.978258300586126,19260.0,2.2135922330097086
1011.9989879999999,5.936303204683004,15.53334440075919,20158.0,2.2
1012.1989877999999,,399.14595987334866,44746.0,2.95679012345679
1012.3989875999999,,349.0486100055623,20999.0,2.099099099099099
1012.5989873999999,,379.0482500794557,43406.0,3.037974683544304
1012.7989871999999,,366.06089775385317,20528.0,2.118181818181818
1012.9989869999999,2.6006576364350216,2.157063799122986,20376.0,2.146788990825688
1013.1989868,,3.1396731460577305,20136.0,2.1574074074074074
1013.3989866,,368.4234271863699,43306.0,3.076923076923077
1013.5989864,,376.24887190973686,20237.0,2.1869158878504673
1013.7989862,2.425560338429568,1.0657755302014302,20211.0,2.196261682242991
1013.998986,3.9625265597836585,6.947995261152344,20708.0,2.09009009009009
1014.1989858,3.4457580309123506,9.509749168318827,20639.0,2.081081081081081
1014.3989856,9.873610596517228,33.40318556696849,21592.0,1.7933884297520661
1014.5989854,4.870048513965428,22.046400596196413,21231.0,1.8099173553719008
1014.7989852,3.723092998955068,11.224267977088994,20097.0,1.8793103448275863
1014.998985,3.2411725516322454,6.590879812342095,19513.0,1.9553571428571428
1015.1989848,2.7806703039750587,4.832452740056266,19245.0,1.954954954954955
1015.3989846,,400.83379922129353,42367.0,3.018867924528302
1015.5989844,,402.1633692896953,19385.0,1.9553571428571428
1015.7989842,,3.4742171493136853,18956.0,1.981818181818182
1015.998984,,403.87502392131995,42055.0,3.037974683544304
1016.1989838,,403.6610047289201,18967.0,1.990909090909091
1016.3989836,2.5278697136853165,1.8970943311204151,19035.0,1.990909090909091
1016.5989834,2.5239420350729813,1.5636497726346703,19046.0,2.0
1016.7989832,2.6528162029545337,2.407886260833015,19157.0,2.0
1016.998983,2.5282021766429468,1.4639190988246586,19112.0,2.0
1017.1989828,2.5775019804594668,2.7046134894593665,18935.0,2.0091743119266057
1017.3989826,2.6120945516217935,2.1200585435356705,18868.0,2.0091743119266057
1017.5989824,2.5023631246349107,0.7192789866869295,18831.0,2.0091743119266057
1017.7989822,3.0378065927198876,3.632396019392143,19203.0,1.981981981981982
1017.998982,,2.970575201593017,19697.0,1.9210526315789473
1018.1989818,,400.6062460069398,42628.0,2.981366459627329
1018.3989816,,409.50249562178686,19529.0,1.9380530973451326
1018.5989814,4.249776852127343,8.880542534576973,20166.0,1.8632478632478633
1018.7989812,4.164635335413417,12.601007257688188,20512.0,1.847457627118644
1018.998981,3.0744977123532924,10.31118735479861,20108.0,1.8793103448275863
1019.1989808,2.6498400639744104,2.3689158811098774,20008.0,1.8869565217391304
1019.3989806,,2.8079213834131616,20225.0,1.8793103448275863
1019.5989804,,2.061985090646811,19779.0,1.912280701754386
1019.7989802,2.460863389641353,0.8796096511681761,19713.0,1.8956521739130434
1019.99898,2.485859097820578,0.4138399751424832,19730.0,1.8956521739130434
1020.1989798,2.487839481151196,0.8691570129830902,19736.0,1.9210526315789473
1020.3989796,2.4697254225244887,0.7505653922709968,19703.0,1.912280701754386
1020.5989794,2.56002032004064,0.34407170447956303,19685.0,1.9035087719298245
1020.7989792,2.776846409404549,4.100400520091067,19565.0,1.912280701754386
1020.998979,2.5160230073952343,1.0347807552460528,19472.0,1.9292035398230087
1021.1989788,,3.428563914012076,19632.0,1.912280701754386
1021.3989786,,3.0164867630703687,19430.0,1.912280701754386
1021.5989784,,390.4158573739365,42838.0,2.962962962962963
1021.7989782,,414.91008637956935,20344.0,1.9304347826086956
1021.998978,,396.94467390496,44196.0,2.903030303030303
1022.1989778,,392.077147026389,21054.0,1.8571428571428572
1022.3989776,3.4782672901796703,9.032911171507216,20315.0,1.9130434782608696
1022.5989774,,7.979806961283627,19936.0,1.9043478260869566
1022.7989772,,17.623850909640858,20820.0,1.8559322033898304
1022.998977,3.395910693301998,6.1484425264935885,21275.0,1.85
1023.1989768,,7.703324413748496,21341.0,1.8583333333333334
1023.3989766,,14.651653094488838,22858.0,1.853658536585366
1023.5989764,4.6015308815766325,19.853229858588005,22732.0,1.8412698412698412
1023.7989762,4.7189678888203765,29.137681788983727,21083.0,2.0982142857142856
1023.998976,6.951309993044284,26.33091951043851,21565.0,1.9083333333333334
1024.1989758,,364.86586223819853,45096.0,2.926829268292683
1024.3989755999999,,415.034498997066,21680.0,1.8916666666666666
1024.5989754,5.584742130577647,28.038966740203104,20999.0,1.7704918032786885
1024.7989751999999,4.2947841175870165,17.145888682346545,19594.0,1.8275862068965518
1024.998975,3.8984123578631196,12.890595790439859,18644.0,1.9196428571428572
1025.1989747999999,,444.4765029510456,42004.0,3.0251572327044025
1025.3989746,,440.6826400145645,18317.0,1.945945945945946
1025.5989743999999,2.720626343937807,2.241604220095436,18137.0,1.9636363636363636
1025.7989742,2.6983814523184604,3.190372344558551,18288.0,1.9636363636363636
1025.9989739999999,2.520240043644299,1.1089331944499516,18330.0,1.954954954954955
1026.1989738,2.59553444699203,1.3524101734688785,18318.0,1.954954954954955
1026.3989735999999,2.5700224202985726,1.701596289729598,18287.0,1.945945945945946
1026.5989734,2.583574509910992,0.936427252554073,18313.0,1.945945945945946
1026.7989731999999,2.986102098204629,4.574975883354713,18492.0,1.9285714285714286
1026.998973,2.75174672489083,4.5996316636726835,18320.0,1.936936936936937
1027.1989727999999,2.6031085814360773,0.8257228161444958,18272.0,1.945945945945946
1027.3989726,,447.0835173769803,41529.0,3.037974683544304
1027.5989723999999,,445.84069007043485,18223.0,1.945945945945946
1027.7989722,,3.159402957984438,17987.0,1.9636363636363636
1027.9989719999999,2.5235943775100402,0.48130072227088827,17928.0,1.9545454545454546
1028.1989718,2.588646578991177,0.9463829267098459,18021.0,1.9636363636363636
1028.3989715999999,2.5553819541320237,0.6758382029217911,17921.0,1.9454545454545455
1028.5989714,,2.490949735534393,18195.0,1.945945945945946
1028.7989711999999,,4.442736465329879,18127.0,1.945945945945946
1028.998971,2.829049123189195,2.533236934703919,18362.0,1.9196428571428572
1029.1989707999999,3.1638061161737574,5.2109508363702615,17887.0,1.981651376146789
1029.3989706,2.4974789915966387,0.5272080164400939,17850.0,1.963302752293578
1029.5989703999999,,2.946717581166292,18034.0,1.9636363636363636
1029.7989702,,2.9923940743529265,17840.0,1.981651376146789
1029.9989699999999,2.525932155873283,0.2618973832564261,17835.0,1.9636363636363636
1030.1989698,2.5460143304970893,0.36632518813264614,17864.0,1.981651376146789
1030.3989695999999,2.5063284050179213,0.14121119030334978,17856.0,1.9636363636363636
1030.5989694,8.87318300888592,18.17157613761576,19469.0,1.9043478260869566
1030.7989691999999,6.248162305204351,24.042309286682553,20406.0,1.7603305785123966
1030.998969,,16.830662518366832,19319.0,1.8448275862068966
1031.1989687999999,,3.7748673379534403,18887.0,1.868421052631579
1031.3989686,,4.653043783788041,19100.0,1.8608695652173912
1031.5989683999999,,3.8315595051766183,18800.0,1.8849557522123894
1031.7989682,2.568510320550429,1.7332918607650334,18749.0,1.8849557522123894
1031.9989679999999,,3.640397475523069,18917.0,1.8771929824561404
1032.1989678,,3.1209158082607553,18682.0,1.8849557522123894
1032.3989675999999,2.657345620167355,1.8446487514235264,18882.0,1.8771929824561404
1032.5989674,2.902481798373811,4.9411671221860844,18817.0,1.8849557522123894
1032.7989671999999,,3.6813928249139596,18933.0,1.868421052631579
1032.998967,,3.690189490769908,18786.0,1.868421052631579
1033.1989667999999,2.663355231533408,3.171535616868075,18723.0,1.8849557522123894
1033.3989666,2.649559026670917,1.492834055196308,18822.0,1.8771929824561404
1033.5989663999999,2.677148177706837,2.24755473403942,18795.0,1.868421052631579
1033.7989662,2.6369140101794803,1.805205401360773,18665.0,1.8938053097345133
1033.9989659999999,2.5905532918721854,0.2830476855125714,18652.0,1.8849557522123894
1034.1989658,2.6019036351903635,0.9312184950854433,18596.0,1.8849557522123894
1034.3989655999999,,3.609024599942856,18734.0,1.8849557522123894
1034.5989654,,3.0533125856984107,18592.0,1.9017857142857142
1034.7989651999999,2.5996656239887823,1.0031771891427852,18542.0,1.8849557522123894
1034.998965,2.508041014570966,0.41888957247234226,18530.0,1.9017857142857142
1035.1989647999999,,452.65245253459324,42301.0,3.0062111801242235
1035.3989646,,452.7469983494124,18530.0,1.8849557522123894
1035.5989643999999,,3.152255209001994,18715.0,1.8938053097345133
1035.7989642,,2.1037195886458746,18447.0,1.9017857142857142
1035.998964,2.5513741158684735,1.5157587054384585,18521.0,1.9017857142857142
1036.1989638,2.5072801082543976,0.7145547158005724,18475.0,1.9017857142857142
1036.3989636,2.478923476005188,0.4755506553433834,18504.0,1.9017857142857142
1036.5989634,2.500892615634298,0.3834659310196672,18485.0,1.9017857142857142
1036.7989632,,2.540078152327583,18717.0,1.8938053097345133
1036.998963,,2.277583573414394,18434.0,1.9017857142857142
1037.1989628,2.489888858769314,0.24394583633684724,18445.0,1.9017857142857142
1037.3989626,2.586976542607942,1.1241354259648344,18459.0,1.9017857142857142
1037.5989624,,453.8236240193667,42128.0,3.025
1037.7989622,,452.97037773615386,18443.0,1.9017857142857142
1037.998962,2.495713510580575,0.08898662663786916,18430.0,1.9017857142857142
1038.1989618,2.4771185060528746,0.46310242396350976,18421.0,1.9017857142857142
1038.3989616,,3.1043245944259956,18620.0,1.8849557522123894
1038.5989614,,3.546909922623725,18477.0,1.8849557522123894
1038.7989612,,3.418146265674176,18618.0,1.8938053097345133
1038.998961,,453.22333691565115,42082.0,3.05625
1039.1989608,,453.96121662197606,18364.0,1.9017857142857142
1039.3989606,2.493274519414039,0.6422042688465215,18363.0,1.9017857142857142
1039.5989604,2.4820504439723265,0.20164282841747008,18357.0,1.9017857142857142
1039.7989602,2.504229195088677,0.42807364986975704,18325.0,1.9017857142857142
1039.99896,,452.89272570262415,41993.0,3.025
1040.1989598,,454.3403193638264,18402.0,1.9107142857142858
1040.3989596,,3.2236713912678447,18549.0,1.8938053097345133
1040.5989594,,454.31067422697873,41946.0,3.0440251572327046
1040.7989592,,454.635081909872,18314.0,1.9017857142857142
1040.998959,2.514800655379574,0.5023330848035569,18310.0,1.9017857142857142
1041.1989588,2.4930077570195563,0.05290601931302106,18306.0,1.9017857142857142
1041.3989586,,3.0309630114328012,18482.0,1.8849557522123894
1041.5989584,,2.676456093970575,18268.0,1.9107142857142858
1041.7989582,2.4966619240450916,0.5667562970856755,18274.0,1.9107142857142858
1041.998958,2.502736726874658,0.6853655250406144,18270.0,1.9017857142857142
1042.1989578,,2.6151150165712025,18507.0,1.9017857142857142
1042.3989576,,2.847425408426893,18328.0,1.9017857142857142
1042.5989574,2.5464283762365416,0.8689681355552925,18297.0,1.9017857142857142
1042.7989572,2.541505212028598,0.831130657612197,18323.0,1.9107142857142858
1042.998957,2.5076031068810853,0.575079121882763,18282.0,1.9189189189189189
1043.1989568,,455.5556021482346,41877.0,3.0754716981132075
1043.3989566,,454.7889496034883,18206.0,1.9017857142857142
1043.5989564,,455.0472703506342,41889.0,3.0754716981132075
1043.7989562,,456.5110362973186,18205.0,1.9189189189189189
1043.998956,2.4940453323088745,0.24697916141283108,18221.0,1.9017857142857142
1044.1989558,2.515806805708013,0.0911667433069146,18220.0,1.9017857142857142
1044.3989556,2.5295054945054947,0.2694726669168912,18200.0,1.9189189189189189
1044.5989554,2.511193003685166,0.23806965548983222,18181.0,1.9189189189189189
1044.7989552,2.5169249368062423,0.764295340230976,18198.0,1.927927927927928
1044.998955,,456.2986627754811,41862.0,3.069182389937107
1045.1989548,,456.24757589893807,18199.0,1.9189189189189189
1045.3989546,,3.159070118854539,18358.0,1.9107142857142858
1045.5989544,,2.1157087299794712,18104.0,1.9189189189189189
1045.7989542,2.551178488436428,0.549582952229321,18074.0,1.927927927927928
1045.998954,2.519348945357914,0.35072747277367633,18063.0,1.9189189189189189
1046.1989538,2.536530059178143,0.3778908020506552,18081.0,1.9189189189189189
1046.3989536,,456.118848684749,41728.0,3.050314465408805
1046.5989534,,456.12037056865597,18061.0,1.9189189189189189
1046.7989532,2.4538001329492576,0.589617863343402,18052.0,1.9189189189189189
1046.998953,2.499473188044141,0.5089433787817028,18033.0,1.9189189189189189
1047.1989528,,455.7567693167599,41709.0,3.088607594936709
1047.3989526,,456.3903859223769,18056.0,1.9189189189189189
1047.5989524,2.529124597803173,0.9735078775522602,18026.0,1.9363636363636363
1047.7989522,2.4963584811252573,0.3205344268482087,17987.0,1.9363636363636363
1047.998952,2.498723215277007,0.4191862192271509,18014.0,1.9363636363636363
1048.1989518,2.552070054868924,0.2434329641963325,18043.0,1.9454545454545455
1048.3989516,,457.42954208821857,41718.0,3.0632911392405062
1048.5989514,,457.3858525985024,18007.0,1.927927927927928
1048.7989512,,2.6722368191972286,18240.0,1.9196428571428572
1048.998951,,2.7592437558266303,18013.0,1.9454545454545455
1049.1989508,2.4612478471026167,0.39111538274172913,17999.0,1.9363636363636363
1049.3989506,2.4755562954331056,0.4988901717074706,18021.0,1.9454545454545455
1049.5989504,2.5141472652333743,0.6570292782107077,17954.0,1.9363636363636363
1049.7989502,2.5079001730779966,0.7650043397424267,17911.0,1.9454545454545455
1049.99895,2.5196696612912226,0.6010841470778588,17921.0,1.9363636363636363
1050.1989498,2.508045591686222,0.24937253455786704,17898.0,1.9363636363636363
1050.3989496,,456.5734569341054,41643.0,3.0632911392405062
1050.5989494,,458.3833637239852,17981.0,1.9363636363636363
1050.7989492,,2.754058674158368,18171.0,1.927927927927928
1050.998949,,457.1828918486171,41580.0,3.088607594936709
1051.1989488,,458.8663846752645,17978.0,1.9454545454545455
1051.3989486,,459.8388964413443,41538.0,3.069620253164557
1051.5989484,,458.72768380035683,17882.0,1.9363636363636363
1051.7989482,2.4933704735376043,0.6723793865915034,17950.0,1.9363636363636363
1051.998948,2.52529945147207,1.370717577409421,17866.0,1.9454545454545455
1052.1989478,2.507042253521127,1.105841346403463,17892.0,1.9363636363636363
1052.3989476,2.4880885806956714,0.7357368717826522,17882.0,1.9454545454545455
1052.5989474,,2.7679546835785156,18090.0,1.9189189189189189
1052.7989472,2.5052386495925494,0.7641631680122888,18039.0,1.9189189189189189
1052.998947,,2.7197484485969188,17801.0,1.9363636363636363
1053.1989468,2.5237320466786355,0.8515602238287558,17824.0,1.9363636363636363
1053.3989466,2.4777005826983416,0.3508456023951326,17848.0,1.9454545454545455
1053.5989464,2.4827934088106716,0.5533253041555934,17842.0,1.9363636363636363
1053.7989462,9.67055678371292,23.703482912432925,19451.0,1.7983193277310925
1053.998946,3.1932103939647947,7.687495502986083,19088.0,1.8859649122807018
1054.1989458,2.9699662722843834,4.317597646753182,18679.0,1.9107142857142858
1054.3989456,2.631768953068592,1.7606734402167052,18559.0,1.9107142857142858
1054.5989454,13.746820311752893,37.71841915913603,20914.0,1.7560975609756098
1054.7989452,3.731274405395811,13.660652764429777,19719.0,1.7899159663865547
1054.998945,3.9557069846678026,9.030272940318818,19958.0,1.8083333333333333
1055.1989448,2.7698529040084923,2.812217688537354,19783.0,1.847457627118644
1055.3989446,3.2782901554404145,6.624918210752476,19300.0,1.8793103448275863
1055.5989444,3.297878912685338,8.415232132656577,19424.0,1.9051724137931034
1055.7989442,2.6167764010575976,1.6163154260589665,19289.0,1.9217391304347826
1055.998944,,8.137633282820113,19451.0,1.9051724137931034
1056.1989438,,2.2619160476300944,19087.0,1.9298245614035088
1056.3989436,2.5631413612565446,1.6068859639119297,19100.0,1.9385964912280702
1056.5989434,,422.86448128304113,43002.0,3.0185185185185186
1056.7989432,,421.9102103080117,19224.0,1.9217391304347826
1056.998943,,3.4731509263333398,19101.0,1.9385964912280702
1057.1989428,2.59213217938631,1.5451882858077888,19065.0,1.9385964912280702
1057.3989426,2.493507858907638,0.2352175497639244,19023.0,1.9385964912280702
1057.5989424,2.5350553505535056,0.639827176808659,18970.0,1.9557522123893805
1057.7989422,2.591320934668574,1.5680370578691587,18873.0,1.9557522123893805
1057.998942,2.4907735420081427,0.4036415891068635,18913.0,1.9298245614035088
1058.1989418,2.5099485329230116,0.6016353573658776,18847.0,1.9469026548672566
1058.3989416,,427.38849641578435,42827.0,2.909090909090909
1058.5989414,,425.2053828057629,19590.0,1.773109243697479
1058.7989412,3.0502394835485216,5.918554917348365,19208.0,1.8034188034188035
1058.998941,3.303887105812828,5.823523551702107,19629.0,1.773109243697479
1059.1989408,3.0417364016736403,5.405022111183584,19120.0,1.771186440677966
1059.3989406,,442.394561304842,41685.0,2.909090909090909
1059.5989404,,436.8602569986582,19121.0,1.7394957983193278
1059.7989401999998,3.495895600926121,11.636427277564119,19004.0,1.7083333333333333
1059.99894,,419.8949263554469,42233.0,2.857142857142857
1060.1989397999998,,422.6094511579675,19073.0,1.7083333333333333
1060.3989396,3.1652848639455784,6.332357752672536,18816.0,1.7542372881355932
1060.5989393999998,,390.7068775459354,42314.0,2.891566265060241
1060.7989392,,487.57489122812314,18946.0,1.6694915254237288
1060.9989389999998,,39.417710525605,19438.0,1.4
1061.1989388,,45.629186356862284,17554.0,1.4180327868852458
1061.3989385999998,6.327770242377779,43.000076017945396,16957.0,1.5344827586206897
1061.5989384,5.3978547738338865,33.02603375881292,14171.0,1.6213592233009708
1061.7989381999998,,8.520760926835942,13726.0,1.5904761904761904
1061.998938,,1.66561167208594,13280.0,1.5922330097087378
1062.1989377999998,3.367327815086678,5.953123365090048,12806.0,1.5980392156862746
1062.3989376,,633.5817907842301,35485.0,3.3333333333333335
1062.5989373999998,,614.0002697786814,11899.0,1.6734693877551021
1062.7989372,,4.2688439372974845,11906.0,1.6464646464646464
1062.9989369999998,,2.0271229559371347,11673.0,1.663265306122449
1063.1989368,,2.894705314610734,11950.0,1.6565656565656566
1063.3989365999998,,3.5378226780894773,11866.0,1.6734693877551021
1063.5989364,6.919731396892325,15.478145453121975,12807.0,1.5980392156862746
1063.7989361999998,11.172596085155023,25.568957895395478,13998.0,1.4107142857142858
1063.998936,6.548417266187051,29.810334828195643,13900.0,1.3839285714285714
1064.1989357999998,3.8989557508827284,10.805230324301116,13311.0,1.4181818181818182
1064.3989356,6.948496951860416,12.648659940940274,14271.0,1.4464285714285714
1064.5989353999998,3.7191461460002913,9.621167356176116,13726.0,1.5462962962962963
1064.7989352,4.1444748442012465,12.771932913194478,13158.0,1.625
1064.9989349999998,,12.56604855095381,12762.0,1.6504854368932038
1065.1989348,,1.3863760870781614,12427.0,1.6372549019607843
1065.3989345999998,2.5932162423461165,1.6391328817318866,12412.0,1.6633663366336633
1065.5989344,2.621506242448651,0.43458805007254986,12415.0,1.67
1065.7989341999998,2.7192042224928947,1.6273624961332325,12315.0,1.6633663366336633
1065.998934,2.6539957853785054,1.2680169640992334,12338.0,1.68
1066.1989337999998,2.8323510150622133,1.9718985676963487,12216.0,1.68
1066.3989336,2.56111977670142,0.5052674932020882,12181.0,1.67
1066.5989333999999,,634.3986397014025,35540.0,3.324324324324324
1066.7989332,,627.2036894344656,13077.0,1.619047619047619
1066.9989329999999,,614.9239255958223,36421.0,3.236842105263158
1067.1989328,,619.1720539188217,12485.0,1.6764705882352942
1067.3989325999999,2.7133204633204633,1.9312966472805644,12432.0,1.6764705882352942
1067.5989324,2.6909895414320193,2.39522909728634,12430.0,1.6764705882352942
1067.7989321999999,2.986508063228485,3.3997151146813644,12526.0,1.6862745098039216
1067.998932,2.8493927125506073,3.0944279064059557,12350.0,1.6764705882352942
1068.1989317999999,2.4823119889905287,0.269698754673628,12353.0,1.6764705882352942
1068.3989316,,629.1486256638343,35544.0,3.302013422818792
1068.5989313999999,,629.1832832740373,12310.0,1.6764705882352942
1068.7989312,,3.795621970583117,12580.0,1.6699029126213591
1068.9989309999999,,5.021737723320554,12222.0,1.693069306930693
1069.1989308,,631.6788165850322,35403.0,3.302013422818792
1069.3989305999999,2.2960745552103927,0.09399415184466567,35410.0,3.324324324324324
1069.5989304,,630.4731959503099,12224.0,1.693069306930693
1069.7989301999999,2.831048746857004,1.5658954142908916,12329.0,1.693069306930693
1069.99893,,628.3826291128653,35610.0,3.324324324324324
1070.1989297999999,,626.7107701859574,12357.0,1.7128712871287128
1070.3989296,2.5053032143146305,0.22007773285060345,12351.0,1.702970297029703
1070.5989293999999,,5.055976169304768,12367.0,1.702970297029703
1070.7989292,,3.158408914296718,12172.0,1.693069306930693
1070.9989289999999,2.53594556930896,0.3989626489934742,12199.0,1.71
1071.1989288,2.619576762807419,1.6444544233513625,12239.0,1.702970297029703
1071.3989285999999,2.7518009168303865,2.0703801988514523,12216.0,1.73
1071.5989284,,629.0603068278772,35326.0,3.324324324324324
1071.7989281999999,,631.1734321605157,12116.0,1.72
1071.998928,2.683142173446654,0.6984040069537625,12119.0,1.71
1072.1989277999999,15.461269656377402,31.534619682531513,13736.0,1.5555555555555556
1072.3989276,3.652389913436206,8.365734396276439,13285.0,1.5412844036697249
1072.5989273999999,,611.4911127130147,36895.0,3.167741935483871
1072.7989272,,605.4000028498506,13867.0,1.6261682242990654
1072.9989269999999,6.14649332877181,7.468925012381086,14615.0,1.6261682242990654
1073.1989268,4.3064768780222025,4.0644905329268175,14683.0,1.6074766355140186
1073.3989265999999,3.899197592778335,17.029797121468675,13958.0,1.679245283018868
1073.5989264,4.696813529796037,13.278081792381723,13777.0,1.7523809523809524
1073.7989261999999,10.149189768313915,23.40841101300316,14934.0,1.7
1073.998926,,582.123062407732,37950.0,3.188311688311688
1074.1989257999999,7.2667758199490615,13.823043524829998,38478.0,3.0754716981132075
1074.3989256,3.00605738575983,13.074661139415339,37640.0,3.167741935483871
1074.5989253999999,,571.0360744093765,14670.0,1.7037037037037037
1074.7989252,7.456721180694057,22.484326412578984,15042.0,1.5982142857142858
1074.9989249999999,,556.983476725202,38892.0,2.950920245398773
1075.1989248,,565.2051525472003,15708.0,1.7477477477477477
1075.3989245999999,,559.798026412925,38876.0,3.1019108280254777
1075.5989244,,555.4034360129106,15591.0,1.81651376146789
1075.7989241999999,,561.190261371755,38513.0,3.2885906040268456
1075.998924,2.703776564077343,3.207255578470146,38633.0,3.26
1076.1989237999999,3.31805232482162,8.675247833120991,38261.0,3.326530612244898
1076.3989236,,547.3516870201385,15088.0,2.099009900990099
1076.5989233999999,,539.57127208584,38868.0,3.26
1076.7989232,,560.6197082202086,14160.0,2.11
1076.9989229999999,3.1539523394362106,11.139145531550197,13764.0,2.06
1077.1989228,,578.9454972335977,37694.0,3.26
1077.3989225999999,,575.9013715424413,13509.0,2.0606060606060606
1077.5989224,3.835634200289833,16.32021958161107,13111.0,2.02
1077.7989221999999,6.375942549371634,20.988483179932945,13925.0,2.00990099009901
1077.998922,3.0785562632696393,4.851425088601318,13659.0,2.0606060606060606
1078.1989217999999,4.160021346344439,15.450129748641054,13117.0,2.01
1078.3989216,4.872533690715509,10.857545622839876,13431.0,2.0202020202020203
1078.5989213999999,3.3119447911313413,8.321235794546615,13621.0,2.0714285714285716
1078.7989212,2.539955849889625,1.8451869367171232,13590.0,2.0816326530612246
1078.9989209999999,,578.6556657585418,37025.0,3.3793103448275863
1079.1989208,,549.1731825286009,15148.0,2.0588235294117645
1079.3989205999999,4.467508550381479,16.870970139917787,15204.0,2.019607843137255
1079.5989204,3.781639986932375,9.647292990181185,15305.0,2.0693069306930694
1079.7989201999999,,542.2609332114372,38574.0,3.310810810810811
1079.99892,2.9174472601830965,10.17849283108123,37685.0,3.3793103448275863
1080.1989197999999,,553.1331920062703,14145.0,2.1979166666666665
1080.3989196,2.8240108169655564,2.312900120158702,14052.0,2.221052631578947
1080.5989193999999,,555.6080236649916,37741.0,3.4265734265734267
1080.7989192,2.606199496622069,2.474641392358205,37745.0,3.4195804195804196
1080.998919,2.420734789433079,2.0930773692159046,37589.0,3.443661971830986
1081.1989188,2.3364314247669773,0.7373418746620167,37550.0,3.4507042253521125
1081.3989186,2.2850365158057464,1.159018401274256,37518.0,3.4507042253521125
1081.5989184,2.2938499614125663,1.9196474464487978,37577.0,3.4265734265734267
1081.7989182,,548.739752645206,14164.0,2.221052631578947
1081.998918,2.8047241886871803,1.7925703780716236,14267.0,2.231578947368421
1082.1989178,,549.5911067202612,37786.0,3.4507042253521125
1082.3989176,,547.9660166106917,14183.0,2.24468085106383
1082.5989174,2.549957362137578,1.4849374545412617,14072.0,2.24468085106383
1082.7989172,,549.0090087772447,37540.0,3.4507042253521125
1082.998917,2.2809838160136287,0.15695234328289004,37568.0,3.4507042253521125
1083.1989168,5.981933809214795,19.29350949782001,38525.0,3.23841059602649
1083.3989166,2.9428429293326004,7.009094332841666,38193.0,3.310810810810811
1083.5989164,,538.3510124761148,14957.0,2.09
1083.7989162,,534.1777824770855,38365.0,3.26
1083.998916,2.5852714192282535,4.0745097161028525,38225.0,3.310810810810811
1084.1989158,2.412206572769953,1.2990777093604615,38340.0,3.2818791946308723
1084.3989156,9.248355422269517,23.740384446830966,41348.0,3.175324675324675
1084.5989154,3.2590941911709783,12.036300677397437,40163.0,3.2818791946308723
1084.7989152,,501.011430415663,16221.0,2.15
1084.998915,2.5719650332430435,1.9395460827600635,16244.0,2.1818181818181817
1085.1989148,,508.0207020592147,39842.0,3.3493150684931505
1085.3989146,2.329502684799518,0.42111267052554197,39854.0,3.3493150684931505
1085.5989144,,503.9255082689935,16102.0,2.204081632653061
1085.7989142,,505.8436192053573,39860.0,3.372413793103448
1085.998914,,504.4395622601695,16052.0,2.204081632653061
1086.1989138,2.6806100217864923,3.3151221203246717,16065.0,2.2268041237113403
1086.3989136,2.5400099713324193,0.8255745191980919,16046.0,2.2604166666666665
1086.5989134,2.5522247950434944,2.096420101337811,15979.0,2.2604166666666665
1086.7989132,,505.63350975822226,39891.0,3.3958333333333335
1086.998913,,502.9310755915429,15967.0,2.2604166666666665
1087.1989128,2.4103930295242275,0.39944275651226796,15953.0,2.2604166666666665
1087.3989126,2.581829573934837,1.8851878461235843,15960.0,2.2708333333333335
1087.5989124,3.2018206589051275,5.07736520405545,16148.0,2.2708333333333335
1087.7989122,,500.9138725232904,40340.0,3.372413793103448
1087.998912,,474.40927151978286,16152.0,2.5851063829787235
1088.1989118,4.623657927590512,6.137852530461691,16020.0,2.536842105263158
1088.3989116,3.7526987847757693,13.074607908533636,16211.0,2.4895833333333335
1088.5989114,4.739648568127926,16.480659442373756,16447.0,2.6526315789473682
1088.7989112,3.5738678090575275,6.8751394512955795,16340.0,2.6451612903225805
1088.998911,,5.694547836873644,16261.0,2.7204301075268815
1089.1989108,4.232201806290875,22.28010842854729,16055.0,2.7472527472527473
1089.3989106,,6.906305148862062,15931.0,2.7472527472527473
1089.5989104,3.085850147795913,6.187042652134078,15562.0,2.7666666666666666
1089.7989102,6.809550353028614,29.654952126535427,16146.0,2.557894736842105
1089.99891,4.078013310327829,10.273652894235493,16228.0,2.7096774193548385
1090.1989098,5.646437994722955,5.510383833730173,15918.0,2.5824175824175826
1090.3989096,,480.11469967200406,39499.0,3.5661764705882355
1090.5989094,2.5208396714329178,2.8322300877493105,39444.0,3.5925925925925926
1090.7989092,,474.46586005259525,15664.0,2.6931818181818183
1090.998909,,2.9404469381208225,15428.0,2.7126436781609193
1091.1989088,2.6145705620442667,1.88314406295002,15497.0,2.7126436781609193
1091.3989086,2.7021331277306606,2.2043979587096767,15564.0,2.7011494252873565
1091.5989084,2.4796206100999743,0.18706219198870255,15604.0,2.7126436781609193
1091.7989082,2.633913099287594,2.2620106101762376,15581.0,2.7241379310344827
1091.998908,17.08791717276881,46.63022611565987,17289.0,2.0185185185185186
1092.1989078,13.27068616176551,58.528822218681185,18261.0,2.123809523809524
1092.3989076,,452.2875941528122,41633.0,3.1103896103896105
1092.5989074,7.933856713050019,29.703950871658726,42544.0,3.0903225806451613
1092.7989072,8.71825353466926,53.226024470661365,45761.0,2.926829268292683
1092.998907,,393.765247444304,18442.0,2.130841121495327
1093.1989068,,426.8201994247644,41967.0,3.1103896103896105
1093.3989066,4.877409958851542,20.588507507090732,43258.0,2.981366459627329
1093.5989064,,405.36043465030787,17886.0,2.3069306930693068
1093.7989062,,5.210016726323241,17578.0,2.31
1093.998906,5.558514365802383,35.42287074854167,17124.0,2.21
1094.1989058,4.075067496184999,15.778447448149267,17038.0,2.306122448979592
1094.3989056,,432.5981484707259,40241.0,3.310344827586207
1094.5989054,2.525116545758233,4.477742494538725,40113.0,3.326388888888889
1094.7989052,,406.68462740774294,16973.0,2.4583333333333335
1094.998905,,409.1302385813442,39900.0,3.3566433566433567
1095.1989048,2.373539682938472,1.0579330611057487,39803.0,3.3496503496503496
1095.3989046,2.3856610613231295,0.7245097012108239,39724.0,3.380281690140845
1095.5989044,2.4003318500641075,2.7786443970901544,39777.0,3.380281690140845
1095.7989042,2.4888420841482373,0.45526224346070987,39882.0,3.380281690140845
1095.998904,2.4200869630783926,0.8714024793449172,39787.0,3.380281690140845
1096.1989038,2.359890592456902,0.4763116686305298,39851.0,3.380281690140845
1096.3989036,2.292104337337287,0.4319088015237771,39794.0,3.3732394366197185
1096.5989034,2.298903910306253,0.8710740766338855,39869.0,3.3732394366197185
1096.7989032,2.371639430680021,1.3602866637220454,39837.0,3.380281690140845
1096.998903,2.4166791923443056,0.5547376291307322,39918.0,3.4113475177304964
1097.1989028,2.4245280647512755,0.9518429475103402,39783.0,3.404255319148936
1097.3989026,2.371785544042751,0.8358390699451407,39859.0,3.380281690140845
1097.5989024,2.3131836354949837,0.5324862816166075,39769.0,3.404255319148936
1097.7989022,,404.9126233442231,16757.0,2.5531914893617023
1097.998902,,404.8853474889667,39783.0,3.397163120567376
1098.1989018,2.3169239291919523,0.7384936873437499,39713.0,3.404255319148936
1098.3989016,2.3892839132627333,0.9310462623321076,39660.0,3.4285714285714284
1098.5989014,2.2766177695861844,1.0019553021443528,39607.0,3.4285714285714284
1098.7989012,2.3698512730022685,0.543672269489783,39670.0,3.4285714285714284
1098.998901,2.275470081161466,0.3106533719977554,39674.0,3.4285714285714284
1099.1989008,2.3674790170896958,1.0067401315916782,39556.0,3.4285714285714284
1099.3989006,2.290965590419888,0.2566996902899011,39582.0,3.4285714285714284
1099.5989004,2.292582486989035,0.3403240059652985,39582.0,3.4357142857142855
1099.7989002,2.288472229241421,0.3676291356489388,39574.0,3.4532374100719423
1099.9989,2.292789604085554,0.20296641572626647,39554.0,3.4532374100719423
1100.1988998,2.299424329647023,1.0894166964166418,39606.0,3.4532374100719423
1100.3988996,2.2765333468170095,0.512514716010869,39554.0,3.4532374100719423
1100.5988994,2.2874339326808792,0.3564326686510557,39543.0,3.4532374100719423
1100.7988992,2.2914193336532875,0.4419578958319147,39589.0,3.4285714285714284
1100.998899,2.321136570101948,0.8990287675188579,39628.0,3.4285714285714284
1101.1988988,2.282312495260244,0.3458171207674652,39559.0,3.4532374100719423
1101.3988986,2.4867423765517587,1.3254053512877348,39713.0,3.4285714285714284
1101.5988984,2.3062785589861403,0.5895089765070867,39611.0,3.4285714285714284
1101.7988982,2.322425895066404,0.5080316562912427,39606.0,3.4214285714285713
1101.998898,2.2651281532783987,0.3289750723195659,39562.0,3.4532374100719423
1102.1988978,2.3138985107835452,0.7231133422320071,39551.0,3.4532374100719423
1102.3988976,2.2804576219820185,0.21195743351528587,39596.0,3.4532374100719423
1102.5988974,,410.0349712515405,16451.0,2.608695652173913
1102.7988972,2.547280893420733,1.7035879951372617,16476.0,2.608695652173913
1102.998897,,408.2021915506906,39572.0,3.4532374100719423
1103.1988968,7.341009955619527,34.421908109803155,41685.0,3.221476510067114
1103.3988966,,394.4815112524348,18437.0,2.160377358490566
1103.5988964,3.8243007944281207,9.808943353758817,18378.0,2.201923076923077
1103.7988962,,413.08501018631034,41592.0,3.1372549019607843
1103.9988959999998,,373.0675121287391,18507.0,2.2095238095238097
1104.1988958,3.477832786338099,14.915097186870355,17977.0,2.2427184466019416
1104.3988955999998,,393.7077494147342,40446.0,3.1788079470198674
1104.5988954,3.4651116723617097,5.7665021603819895,40386.0,3.2
1104.7988951999998,2.5749833862512,1.9868717673598606,40629.0,3.2
1104.998895,5.42735721853029,11.522128680010148,41532.0,3.0903225806451613
1105.1988947999998,4.492407345892849,11.434778587695678,42146.0,3.1103896103896105
1105.3988946,3.986388681359731,2.2522017060998505,42832.0,3.151315789473684
1105.5988943999998,3.969545825140281,13.09410851668869,41702.0,3.1933333333333334
1105.7988942,2.8931658072481663,4.154946272554866,41307.0,3.2
1105.9988939999998,3.1023711589644325,7.042762056690041,41330.0,3.1933333333333334
1106.1988938,,377.31911844820877,18338.0,2.323529411764706
1106.3988935999998,,381.5934798735506,41251.0,3.214765100671141
1106.5988934,6.905689497930454,16.387943291019294,42763.0,3.0705128205128207
1106.7988931999998,,365.3642031885957,19249.0,2.2149532710280373
1106.998893,,373.65185336531374,41458.0,3.130718954248366
1107.1988927999998,3.347865532207047,9.428020746120376,40783.0,3.2432432432432434
1107.3988926,2.666503511906219,4.163744667661032,40861.0,3.2653061224489797
1107.5988923999998,,349.71793439597025,19230.0,2.2336448598130842
1107.7988922,10.401926840283005,54.925964500588826,19929.0,2.0625
1107.9988919999998,,334.96145784386226,41822.0,3.018867924528302
1108.1988918,3.6790500134247845,10.768157575113378,40969.0,3.096774193548387
1108.3988915999998,2.85445905352834,6.369731270988053,40614.0,3.1578947368421053
1108.5988914,3.799975597852611,7.196015817054282,40980.0,3.151315789473684
1108.7988911999998,3.0024893579945733,8.732717152433992,40171.0,3.221476510067114
1108.998891,2.89860131204357,1.964438884506535,40395.0,3.221476510067114
1109.1988907999998,2.9172481056343313,9.016914361332105,39987.0,3.287671232876712
1109.3988906,,327.9919737475733,17980.0,2.4343434343434343
1109.5988903999998,,326.3745418039834,39336.0,3.3333333333333335
1109.7988902,2.56959563559215,2.469300701664137,39593.0,3.280821917808219
1109.9988899999998,3.4009415064102564,3.858155969423803,39936.0,3.2364864864864864
1110.1988898,2.879500275399329,3.141900625046772,39942.0,3.2432432432432434
1110.3988895999998,2.8394527537391827,3.250103074124844,39982.0,3.2432432432432434
1110.5988894,3.1098470484136014,4.632008698720473,39555.0,3.287671232876712
1110.7988891999998,2.4531281432307384,2.5538839993074034,39768.0,3.2653061224489797
1110.998889,2.6373116743125014,1.794139675471828,39891.0,3.2653061224489797
1111.1988887999998,2.427504338422072,1.3392048117235553,39761.0,3.2653061224489797
1111.3988886,2.625012637751491,2.316954947285039,39564.0,3.287671232876712
1111.5988883999999,2.3496372690275775,0.18755849286796697,39561.0,3.287671232876712
1111.7988882,2.379551537801121,0.49705597483715686,39602.0,3.287671232876712
1111.9988879999999,2.382796133168429,0.3664019173636973,39619.0,3.303448275862069
1112.1988878,2.6110873341557364,2.0983285543153527,39721.0,3.287671232876712
1112.3988875999999,2.3414031371362283,0.4573440316933994,39654.0,3.280821917808219
1112.5988874,2.4379475242264,1.5998302223626621,39523.0,3.3333333333333335
1112.7988871999999,2.4939972645762625,1.08151318121476,39482.0,3.3333333333333335
1112.998887,2.326421065957716,0.2486531336877898,39495.0,3.3333333333333335
1113.1988867999999,,342.33025085316797,17148.0,2.4123711340206184
1113.3988866,,340.5788120416424,39577.0,3.303448275862069
1113.5988863999999,2.5820282995115567,1.6036994049200635,39718.0,3.317241379310345
1113.7988862,2.3656850127438362,1.4295356619022646,39627.0,3.310344827586207
1113.9988859999999,2.3856806501430414,1.022163790625838,39499.0,3.3333333333333335
1114.1988858,2.3467660178426604,0.9471987828238703,39456.0,3.326388888888889
1114.3988855999999,2.356992252000508,0.8223067405474395,39365.0,3.326388888888889
1114.5988854,2.314757429514859,0.6315629949899473,39370.0,3.3333333333333335
1114.7988851999999,2.3292599447303703,0.5192512480917212,39443.0,3.3333333333333335
1114.998885,2.3043621524345426,0.8831949680157747,39453.0,3.326388888888889
1115.1988847999999,2.2948448385053832,0.2871547206188035,39475.0,3.3333333333333335
1115.3988846,2.3376685812605955,1.4679735227014374,39521.0,3.3333333333333335
1115.5988843999999,2.4598392559268056,1.6737762621774377,39566.0,3.3333333333333335
1115.7988842,2.3929748086573066,0.9808685325583842,39458.0,3.3333333333333335
1115.9988839999999,2.377617237008872,0.7064064450114639,39450.0,3.3333333333333335
1116.1988838,8.4503164707562,34.90671426614961,42026.0,3.130718954248366
1116.3988835999999,3.5706359880872323,8.759845227468103,41636.0,3.116883116883117
1116.5988834,2.9633486546011683,7.8485355779727115,41772.0,3.076923076923077
1116.7988831999999,,344.9375046556213,19545.0,2.09009009009009
1116.998883,,337.9851484741032,41374.0,3.0705128205128207
1117.1988827999999,4.254336931380108,13.061472996708657,41504.0,3.076923076923077
1117.3988826,3.274914171848366,3.0152644182597017,41653.0,3.0705128205128207
1117.5988823999999,3.797411219640341,12.647841764805078,41873.0,3.096774193548387
1117.7988822,3.1334603235840186,5.061338650665735,41473.0,3.050955414012739
1117.9988819999999,,310.95479873450483,19586.0,2.118181818181818
1118.1988818,,330.9900864588326,41650.0,3.130718954248366
1118.3988815999999,3.4376118232396267,7.074558491992757,40801.0,3.1788079470198674
1118.5988814,2.795539033457249,4.44964452265609,40619.0,3.1866666666666665
1118.7988811999999,3.3834149926506614,6.458063988529964,40820.0,3.2
1118.998881,3.961910769305417,10.069835307841444,41219.0,3.221476510067114
1119.1988807999999,3.3987329434697857,3.3310237597485135,41040.0,3.258503401360544
1119.3988806,2.9433850992726556,5.23685023094848,40696.0,3.2653061224489797
1119.5988803999999,2.736761000905022,2.57132388333812,40883.0,3.2364864864864864
1119.7988802,2.971304005123405,1.550987155101446,40598.0,3.2432432432432434
1119.9988799999999,3.0302711690344033,6.618349876007968,40897.0,3.151315789473684
1120.1988798,3.256913535206129,6.3882162516633185,41115.0,3.1788079470198674
1120.3988795999999,2.733667974365847,4.80808303757766,41039.0,3.1788079470198674
1120.5988794,3.4652472929470295,11.389756649536277,41004.0,3.2
1120.7988791999999,,317.7931910259113,19478.0,2.292452830188679
1120.998879,,304.4573644055937,41167.0,3.1788079470198674
1121.1988787999999,2.5392524730763606,2.291073389908463,41042.0,3.2
1121.3988786,2.3132933020894355,0.42437799302881113,40968.0,3.2
1121.5988783999999,,303.45247592405303,18598.0,2.405940594059406
1121.7988782,2.478773204196933,0.23492437509586298,18585.0,2.405940594059406
1121.9988779999999,2.6348652421346506,1.2596556161048518,18626.0,2.405940594059406
1122.1988778,,306.74945414608993,40720.0,3.2364864864864864
1122.3988775999999,2.48068531985702,1.8666025714145877,40565.0,3.258503401360544
1122.5988774,3.6950813294755527,6.217359014051672,41129.0,3.172185430463576
1122.7988771999999,2.984054336976897,4.109964165041665,41077.0,3.1788079470198674
1122.998877,2.5014808468975644,2.242669397858983,40855.0,3.1933333333333334
1123.1988767999999,5.686388842611324,13.607502154013401,42017.0,3.0903225806451613
1123.3988766,,297.2988089212216,18978.0,2.298076923076923
1123.5988763999999,,302.22331935004024,41407.0,3.116883116883117
1123.7988762,3.600416756484875,6.714011898886385,41751.0,3.1103896103896105
1123.9988759999999,5.358940556088207,25.59828944555131,41720.0,3.050955414012739
1124.1988758,4.581793275217933,13.281839698191321,40150.0,3.076923076923077
1124.3988755999999,3.565666960697834,3.2900142639644074,40812.0,3.037974683544304
1124.5988754,3.5134573520680785,8.397253828030411,40424.0,3.0705128205128207
1124.7988751999999,2.6985109503567255,2.7568771832894194,40227.0,3.1103896103896105
1124.998875,3.037994907384293,1.6776279014946727,40058.0,3.116883116883117
1125.1988747999999,2.665317105064628,3.3767968043633942,39766.0,3.151315789473684
1125.3988746,2.5725965745718216,1.7550583567243867,39995.0,3.1372549019607843
1125.5988743999999,2.71995770286261,3.393449056911475,39719.0,3.151315789473684
1125.7988742,2.7227429324146315,2.603062529715434,39476.0,3.172185430463576
1125.998874,2.5463397406790778,1.4071270387685557,39642.0,3.1788079470198674
1126.1988738,2.4112511387792286,2.3385971532358125,39516.0,3.2
1126.3988736,2.314211742010813,0.8101914095286551,39397.0,3.1933333333333334
1126.5988734,2.45575466935891,1.6783558987619176,39620.0,3.172185430463576
1126.7988732,4.0818765874794565,4.929743046493983,40158.0,3.130718954248366
1126.998873,4.399243256438423,9.893164789304272,40965.0,3.050955414012739
1127.1988728,,193.28578586346242,20632.0,3.607476635514019
1127.3988726,,199.3080750426346,40575.0,3.076923076923077
1127.5988724,3.1704397148880634,8.953727324010877,39844.0,3.1372549019607843
1127.7988722,2.7724025157232703,4.362638593522127,39750.0,3.1788079470198674
1127.998872,2.651825557809331,4.113226463199705,39440.0,3.214765100671141
1128.1988718,2.709815622370132,2.5917535770775024,39213.0,3.2364864864864864
1128.3988716,2.2937933850551246,0.3028985805738955,39184.0,3.2432432432432434
1128.5988714,2.3885773994597073,0.49901082244803924,39238.0,3.2364864864864864
1128.7988712,2.4646140525122875,1.2453293855587515,39267.0,3.2432432432432434
1128.998871,2.464845247527283,1.483622503111715,39127.0,3.258503401360544
1129.1988708,2.417410657184518,1.0533240140925428,39091.0,3.287671232876712
1129.3988706,2.3426870096347976,0.9813919067260534,39129.0,3.280821917808219
1129.5988704,2.327175634932802,0.6677102827717453,39138.0,3.2653061224489797
1129.7988702,2.33812637278439,0.7206151462925117,39154.0,3.2653061224489797
1129.99887,2.2962735619836825,1.3823116548901004,39099.0,3.258503401360544
1130.1988698,2.3632147981143676,0.7208477902919858,39032.0,3.287671232876712
1130.3988696,3.0887689422735796,5.5198577000574645,39462.0,3.2432432432432434
1130.5988694,6.813974349649672,16.811197620850177,41247.0,3.0903225806451613
1130.7988692,4.560332699854382,23.85344719064982,40517.0,3.0125786163522013
1130.998869,4.810901628831602,19.08889159465198,38985.0,3.050955414012739
1131.1988688,4.274481938917885,10.679451159062088,38702.0,3.0705128205128207
1131.3988686,3.9173772035361196,16.17203821143836,38234.0,3.116883116883117
1131.5988684,4.716007017905981,11.405169884177955,38758.0,3.0705128205128207
1131.7988682,6.321063285744726,11.687110189815495,37544.0,3.1578947368421053
1131.998868,4.525887237176912,6.285682624299492,37335.0,3.2066666666666666
1132.1988678,6.964154534974128,3.4211132248523786,37299.0,3.2432432432432434
1132.3988676,5.237172459160179,6.899473621509321,36484.0,3.287671232876712
1132.5988674,6.585384863470222,9.667166366733483,37208.0,3.116883116883117
1132.7988672,6.98979701428418,7.496533019801871,37244.0,3.1372549019607843
1132.998867,5.054842096761166,6.828832123678083,37143.0,3.1933333333333334
1133.1988668,2.820202996616723,0.8297580532963107,37242.0,3.1933333333333334
1133.3988666,3.242979142716374,8.684439745043226,36534.0,3.280821917808219
1133.5988664,2.643055364747905,1.302525100990378,36395.0,3.287671232876712
1133.7988662,2.547265176766297,2.0996393162079694,36602.0,3.258503401360544
1133.998866,2.4726422575264553,2.0738905195807975,36571.0,3.287671232876712
1134.1988658,2.730065413596092,3.4463310227885238,36231.0,3.303448275862069
1134.3988656,2.362356059978461,0.3502250410895721,36213.0,3.3333333333333335
1134.5988654,2.598557758218859,2.430148823960507,36471.0,3.287671232876712
1134.7988652,2.409584136601487,1.6788334263177678,36310.0,3.310344827586207
1134.998865,2.464225554358932,1.3691250937235184,36213.0,3.326388888888889
1135.1988648,2.356951094627882,1.201616794060663,36131.0,3.3333333333333335
1135.3988646,2.343970356441667,0.5665580846354656,36163.0,3.3333333333333335
1135.5988644,2.4035044218530457,1.5663586876719513,36297.0,3.303448275862069
1135.7988642,2.361589879571318,1.1855934210028192,36204.0,3.326388888888889
1135.998864,2.3033859920459565,0.07847709656633095,36208.0,3.3333333333333335
1136.1988638,2.482537657077866,1.6778121299240407,36049.0,3.3566433566433567
1136.3988636,2.332621655344517,0.11319068473681154,36065.0,3.3566433566433567
1136.5988634,2.3652205230496453,0.5404406655230792,36096.0,3.3333333333333335
1136.7988632,,183.5202273734129,17243.0,3.6082474226804124
1136.998863,,183.76947527430772,36110.0,3.326388888888889
1137.1988628,2.390909595735229,0.7545723328948903,36016.0,3.3566433566433567
1137.3988626,10.013363948298547,30.946941085917285,38761.0,3.076923076923077
1137.5988624,3.454680767724246,6.196095887291701,38295.0,3.096774193548387
1137.7988622,3.827460350803487,11.73648067858988,38084.0,3.0705128205128207
1137.998862,4.350416061286488,13.048186159577067,37855.0,3.076923076923077
1138.1988618,6.706976025545283,19.108417660210957,38833.0,2.8855421686746987
1138.3988616,6.459253300787751,29.742402552916094,36052.0,3.018867924528302
1138.5988614,4.23109359497299,2.446412405175099,36284.0,2.962962962962963
1138.7988612,5.357879234167894,7.740895631476553,36666.0,2.9447852760736195
1138.998861,6.900459048079246,21.57456810954417,37251.0,2.926829268292683
1139.1988608,5.732371794871795,9.839663487366995,37440.0,2.874251497005988
1139.3988606,4.446598471099379,11.405670541236638,36366.0,2.962962962962963
1139.5988604,4.098070150725454,8.903352268275782,35495.0,3.037974683544304
1139.7988602,2.7061506643624105,2.4194629513439048,35297.0,3.037974683544304
1139.99886,3.315952736809453,2.430457195542768,35461.0,3.018867924528302
1140.1988598,3.7993758610025585,1.7141896175816902,35569.0,3.018867924528302
1140.3988596,3.746753431275042,3.767082971280235,35191.0,3.037974683544304
1140.5988594,4.999443919257076,8.022206053987304,35966.0,3.0
1140.7988592,4.32123473541384,4.793026504784238,35376.0,3.0
1140.998859,,193.9525715013841,16911.0,2.8684210526315788
1141.1988588,5.79047446577327,8.685706919527892,16566.0,2.963636363636364
1141.3988586,,195.94257179343205,34381.0,3.037974683544304
1141.5988584,7.977988132240746,9.344510928703667,35390.0,2.909090909090909
1141.7988582,,180.8858799412166,16853.0,2.8189655172413794
1141.998858,,189.11874472896028,34714.0,2.962962962962963
1142.1988578,10.182078559738134,25.15108197461859,36660.0,2.857142857142857
1142.3988576,5.642235646198182,12.821000503446166,36088.0,2.962962962962963
1142.5988574,2.7754197110826038,3.990603329446647,35858.0,2.99375
1142.7988572,2.4629330511306673,0.5569525439915859,35908.0,3.0
1142.998857,2.451193604293621,1.671756325351657,35774.0,3.018867924528302
1143.1988568,2.4787242947626886,1.033099771072379,35839.0,3.0
1143.3988566,,200.4327767067053,18840.0,2.788135593220339
1143.5988564,,198.2296544554996,36330.0,3.018867924528302
1143.7988562,2.4525436807584193,0.6548547199915488,36286.0,3.018867924528302
1143.998856,,184.18711473997163,17788.0,2.9285714285714284
1144.1988558,,185.01392573364095,36268.0,3.018867924528302
1144.3988556,2.5334255289724794,1.2577520565302749,36155.0,3.037974683544304
1144.5988554,2.3542621954588143,0.967445615243953,36202.0,3.0316455696202533
1144.7988552,2.348860997456596,0.23134301109550306,36172.0,3.0316455696202533
1144.998855,2.457749199690915,0.40267490807074663,36236.0,3.0316455696202533
1145.1988548,2.41058833291843,0.46897290383421736,36153.0,3.037974683544304
1145.3988546,2.479597494040029,0.9028759416054595,36074.0,3.0316455696202533
1145.5988544,2.3500207785011775,0.7499487682959971,36095.0,3.0316455696202533
1145.7988542,2.355190953938252,1.0836975665631108,36082.0,3.0443037974683542
1145.998854,2.3703447703834777,1.5809114843931644,36169.0,3.037974683544304
1146.1988538,2.4125144843568944,0.7084471287559564,36246.0,3.037974683544304
1146.3988536,2.3563707737815496,0.7721000891560303,36173.0,3.037974683544304
1146.5988534,2.35903607791058,0.4417213686261079,36144.0,3.037974683544304
1146.7988532,2.488238557558946,0.8875912044812578,36050.0,3.050955414012739
1146.998853,2.3313921242373823,0.31050797096218596,36060.0,3.0573248407643314
1147.1988528,2.358330788238887,0.45847578589353866,36017.0,3.0316455696202533
1147.3988526,2.453024773280248,1.608458936114007,36168.0,3.0573248407643314
1147.5988524,10.628837872958442,31.235051709683436,39247.0,2.823529411764706
1147.7988522,4.58297459050819,11.380728419022397,38096.0,2.909090909090909
1147.998852,5.1834253280566545,7.284401480404411,38408.0,2.874251497005988
1148.1988517999998,6.171835950858917,17.84966355900495,38013.0,2.8855421686746987
1148.3988516,10.510002463661,25.270399163969813,40590.0,2.823529411764706
1148.5988513999998,10.931660817604097,34.16562377095746,42172.0,2.5668449197860963
1148.7988512,6.0584251968503935,48.69230703683267,38100.0,2.926829268292683
1148.9988509999998,6.673205167554898,23.803037248408522,35839.0,2.962962962962963
1149.1988508,4.524678263329091,4.628838288161147,35355.0,3.018867924528302
1149.3988505999998,3.208850112622245,4.83359373203116,35073.0,3.0573248407643314
1149.5988504,2.6337593275581095,2.2567759812560575,34977.0,3.0573248407643314
1149.7988501999998,2.488137824456973,1.6851879733886224,34943.0,3.0573248407643314
1149.99885,2.3470831550420765,0.9693914472259703,35055.0,3.0573248407643314
1150.1988497999998,13.177694880370465,30.40712803850024,38870.0,2.909090909090909
1150.3988496,7.821072755668049,17.241896315673436,37138.0,2.926829268292683
1150.5988493999998,9.522824729957119,38.40816079639018,36846.0,2.721590909090909
1150.7988492,8.514954032351914,44.55419825999186,34372.0,2.8802395209580838
1150.9988489999998,6.902853673345477,9.797566535368775,34587.0,2.909090909090909
1151.1988488,6.740893551809501,6.620501439948489,33932.0,2.874251497005988
1151.3988485999998,,183.81043874336018,16440.0,2.4237288135593222
1151.5988484,,194.55778636955102,33265.0,2.962962962962963
1151.7988481999998,9.310266769821485,10.781528429048565,34899.0,2.950920245398773
1151.998848,26.092712289820305,107.71652509991019,45021.0,2.383084577114428
1152.1988477999998,10.39570434743454,52.07627872718975,44417.0,2.6519337016574585
1152.3988476,10.312848569671523,57.300035877905,47157.0,2.691011235955056
1152.5988473999998,4.96332969707141,27.500334267793576,47668.0,2.7062146892655368
1152.7988472,6.507495098142565,19.332080713627004,47431.0,2.5614973262032086
1152.9988469999998,5.356574666806591,20.324835588461045,47645.0,2.6174863387978142
1153.1988468,4.509408462418131,7.385168177304607,48095.0,2.6666666666666665
1153.3988465999998,6.092929493545184,31.788875301295008,50350.0,2.691011235955056
1153.5988464,3.9841199730775703,27.80589777821641,47544.0,2.742857142857143
1153.7988461999998,4.13216865238595,15.978314421420592,48597.0,2.691011235955056
1153.998846,2.6290674706310426,10.525079143047416,48095.0,2.721590909090909
1154.1988457999998,7.3959344289034785,52.25659873886259,49046.0,2.691011235955056
1154.3988456,,291.09970573878235,27351.0,2.265625
1154.5988453999998,10.083079583474305,116.04985598370213,26601.0,2.4065040650406506
1154.7988452,14.018247094529572,113.5178143744636,27018.0,2.1384615384615384
1154.9988449999998,,280.14242952838293,49406.0,2.625
1155.1988448,,376.6792708238363,20995.0,1.6746031746031746
1155.3988445999998,4.671141643505165,29.834664193580874,19069.0,1.728813559322034
1155.5988444,4.378928116166935,27.78301066264219,18043.0,1.6610169491525424
1155.7988441999998,10.650963474259418,69.76398563850861,17385.0,1.4672131147540983
1155.998844,,490.21394286891336,38768.0,3.069182389937107
1156.1988437999998,3.9889229982092607,15.791259051514434,39090.0,3.0625
1156.3988436,,534.9951804200417,15820.0,1.4956521739130435
1156.5988433999999,,561.52833015103,38014.0,3.1146496815286624
1156.7988432,,558.9362977571949,14090.0,1.5648148148148149
1156.9988429999999,,566.6072974163541,37475.0,3.128205128205128
1157.1988428,,590.1057031034678,14435.0,1.5545454545454545
1157.3988425999999,3.909577196453433,12.416632129852502,13647.0,1.5981308411214954
1157.5988424,2.896587155963303,3.6906880390217376,13625.0,1.6074766355140186
1157.7988421999999,,598.3690813116251,36559.0,3.1818181818181817
1157.998842,,597.5860413606028,13338.0,1.6132075471698113
1158.1988417999999,,599.3999967401951,36447.0,3.2026143790849675
1158.3988416,,600.0173223424454,13406.0,1.6132075471698113
1158.5988413999999,,571.534229779373,38010.0,3.06875
1158.7988412,,595.7726772565778,14471.0,1.5315315315315314
1158.9988409999999,,11.365076770698217,14211.0,1.5454545454545454
1159.1988408,,598.3685206843488,37288.0,3.088050314465409
1159.3988405999999,2.408745808182428,1.7643582950634467,37275.0,3.107594936708861
1159.5988404,,595.8866858762087,14169.0,1.5089285714285714
1159.7988401999999,,584.2182192685765,37679.0,3.1139240506329116
1159.99884,,587.1496971999035,14013.0,1.5545454545454545
1160.1988397999999,3.3800999477884686,8.086768223813142,13407.0,1.5740740740740742
1160.3988396,4.218758956721124,8.182770060939443,13956.0,1.5405405405405406
1160.5988393999999,,606.7866713480788,36914.0,3.127388535031847
1160.7988392,,596.0603755603585,14355.0,1.5545454545454545
1160.9988389999999,,589.2166528306999,37433.0,3.1474358974358974
1161.1988388,,590.892388592964,13985.0,1.5833333333333333
1161.3988385999999,,605.5433808403243,36557.0,3.1818181818181817
1161.5988384,2.333598333241954,1.0412709398188225,36478.0,3.188311688311688
1161.7988381999999,,604.8545962260415,13283.0,1.6132075471698113
1161.998838,,1.0491848396962478,12868.0,1.619047619047619
1162.1988377999999,,612.1361052518549,36105.0,3.2302631578947367
1162.3988376,,610.5430199548466,12771.0,1.6346153846153846
1162.5988373999999,,611.0280913930545,36030.0,3.2302631578947367
1162.7988372,2.3880130545414318,1.479402103102716,36156.0,3.251655629139073
1162.9988369999999,,609.3232950342242,12502.0,1.6407766990291262
1163.1988368,2.5820059233170576,1.025371939016737,12493.0,1.6407766990291262
1163.3988365999999,2.6050312449927895,0.8878402333761318,12482.0,1.6407766990291262
1163.5988364,16.234367509074723,37.89030745687661,14601.0,1.5405405405405406
1163.7988361999999,,586.5877410457005,36964.0,3.0949367088607596
1163.998836,3.0209284831551235,4.975098723340781,37222.0,3.0949367088607596
1164.1988357999999,,573.6984358625514,16238.0,1.4
1164.3988356,6.145255003227889,38.12771214885502,15490.0,1.5221238938053097
1164.5988353999999,,556.1247964613134,38840.0,2.981818181818182
1164.7988352,,572.6246475345216,15739.0,1.435897435897436
1164.9988349999999,,583.3250113681422,38463.0,3.075
1165.1988348,4.143957282387034,32.766928563863324,37268.0,3.161290322580645
1165.3988345999999,9.00208435192095,8.811779498909667,38861.0,3.0569620253164556
1165.5988344,,518.4008682024644,15562.0,1.8679245283018868
1165.7988341999999,,521.6449540855808,38989.0,3.196078431372549
1165.998834,3.855852918307457,18.178726172897974,39869.0,3.1146496815286624
1166.1988337999999,,527.2625798506219,15941.0,1.8518518518518519
1166.3988336,,535.2502162234478,39342.0,3.1354838709677417
1166.5988333999999,,526.2752658064012,16187.0,1.897196261682243
1166.7988332,,531.7483388804721,39369.0,3.176470588235294
1166.9988329999999,2.920019120939945,3.430299918625164,39747.0,3.1548387096774193
1167.1988328,,528.1070838283106,16491.0,1.8035714285714286
1167.3988325999999,,14.074917189534691,15967.0,1.7410714285714286
1167.5988324,,557.940859954283,38475.0,2.962962962962963
1167.7988321999999,4.311049379510878,16.936370379653056,38518.0,3.0314465408805034
1167.998832,,541.6463257567576,15599.0,1.592920353982301
1168.1988317999999,,548.2904499163418,37741.0,3.1146496815286624
1168.3988316,,561.6269248693421,15670.0,1.690909090909091
1168.5988313999999,6.2419235966097535,18.13307412021579,16282.0,1.7454545454545454
1168.7988312,,547.4060079543501,40308.0,3.2266666666666666
1168.9988309999999,,484.16054511912796,17136.0,2.116504854368932
1169.1988308,,24.844234301043237,16202.0,1.9805825242718447
1169.3988305999999,,495.00358539731553,39957.0,3.1493506493506493
1169.5988304,3.2649662300450264,14.136282712966548,39088.0,3.198675496688742
1169.7988301999999,3.1579632465543646,7.159430588972435,39180.0,3.2066666666666666
1169.99883,,504.3723344099645,15565.0,2.142857142857143
1170.1988297999999,2.9656481057384023,3.84086437960052,15283.0,2.154639175257732
1170.3988296,3.3146984517717173,7.330867056581225,15437.0,2.1752577319587627
1170.5988293999999,,509.4440693014528,38756.0,3.4195804195804196
1170.7988292,,510.07082332546787,15169.0,2.1875
1170.998829,,18.103380361436678,16346.0,2.0096153846153846
1171.1988288,,11.015714710373606,16053.0,1.9433962264150944
1171.3988286,,17.05123880800284,15764.0,2.099009900990099
1171.5988284,,9.405971099221398,15719.0,2.099009900990099
1171.7988282,,503.04603983429325,39192.0,3.185430463576159
1171.998828,,512.4634238442719,15395.0,2.11
1172.1988278,9.57646850254107,30.282097305147992,16922.0,2.145631067961165
1172.3988276,4.166477645794783,8.459856647377022,16753.0,2.28
1172.5988274,,488.278074750135,40439.0,3.2
1172.7988272,,461.35641504215,18429.0,2.102803738317757
1172.998827,,11.260283216833209,17893.0,2.2135922330097086
1173.1988268,,455.1323631981083,41079.0,3.221476510067114
1173.3988266,,446.4862518554913,17579.0,2.29
1173.5988264,2.508017741385193,0.32196058940183847,17586.0,2.28
1173.7988262,2.484489468864469,0.7652020046567686,17472.0,2.27
1173.998826,,451.16841581583924,40863.0,3.2432432432432434
1174.1988258,,448.21125675944256,17455.0,2.303030303030303
1174.3988256,,448.13181874166594,41812.0,3.0125786163522013
1174.5988254,3.8844536788071378,15.537279356305968,40910.0,3.1933333333333334
1174.7988252,,423.1906233185015,17515.0,2.233009708737864
1174.998825,11.694612739479286,57.81260789122559,18321.0,2.1792452830188678
1175.1988248,,421.7038097662154,41097.0,3.116883116883117
1175.3988246,3.3346271003242607,6.536949593869521,40708.0,3.2
1175.5988244,3.1829253137815336,2.163819493871336,40235.0,3.1578947368421053
1175.7988242,,402.63247242787486,17370.0,2.237623762376238
1175.998824,,404.7212681745719,40317.0,3.2432432432432434
1176.1988238,11.208469647400944,25.422266212213913,44016.0,3.130718954248366
1176.3988236,,340.4413391027679,21947.0,2.447619047619048
1176.5988234,,315.67279473051366,45330.0,2.8855421686746987
1176.7988232,,399.2018777633814,21362.0,2.0
1176.998823,,346.1045720881912,42863.0,2.9691358024691357
1177.1988228,,424.6360206050001,17375.0,1.9259259259259258
1177.3988226,,462.7631039535257,40147.0,3.1233766233766236
1177.5988224,4.343700605500572,6.7491247369174365,41123.0,3.076923076923077
1177.7988222,4.087857871968113,14.901997757803699,41146.0,3.076923076923077
1177.998822,3.8576509034986546,7.62815924260939,41616.0,3.037974683544304
1178.1988218,4.03511069081739,16.106875335871667,41241.0,3.096774193548387
1178.3988216,3.854592874404805,7.4156707167965,41793.0,3.1103896103896105
1178.5988214,,390.6134473791324,18468.0,2.2596153846153846
1178.7988212,,4.365500154332694,18704.0,2.0833333333333335
1178.998821,,394.34612096252795,40974.0,3.130718954248366
1179.1988208,3.2049346299027572,8.846320385701318,40003.0,3.214765100671141
1179.3988206,2.8204973016593535,4.890246366771044,39654.0,3.2432432432432434
1179.5988204,3.1205961043182557,3.585709596098112,39993.0,3.2432432432432434
1179.7988202,,408.34032972704574,17804.0,2.2233009708737863
1179.99882,,400.0594877803577,41203.0,3.116883116883117
1180.1988198,3.4190935294702314,15.614230070788077,40244.0,3.287671232876712
1180.3988196,3.4613462056798414,4.551314440318436,40811.0,3.2653061224489797
1180.5988194,3.5387764384807823,14.166413854241776,39573.0,3.380281690140845
1180.7988192,2.678988376548729,5.518848556307822,39145.0,3.4285714285714284
1180.998819,2.759681819340693,3.654089917579917,39223.0,3.4532374100719423
1181.1988188,2.5766116634211333,2.350398797898414,39028.0,3.4782608695652173
1181.3988186,2.398374607068926,1.7241379337800158,39129.0,3.4782608695652173
1181.5988184,2.603114724848979,1.8702908010633454,39233.0,3.4532374100719423
1181.7988182,,403.29463035568807,17803.0,2.4285714285714284
1181.998818,,395.19338994973725,39946.0,3.3732394366197185
1182.1988178,2.591721471961444,1.5395879373552328,39838.0,3.404255319148936
1182.3988176,2.401405984188932,0.9200549679835424,39972.0,3.404255319148936
1182.5988174,2.380942873543138,0.8890571232511418,40069.0,3.380281690140845
1182.7988172,2.421435535888397,2.148766842734749,39999.0,3.404255319148936
1182.998817,2.524198396793587,1.350279372367846,39920.0,3.4285714285714284
1183.1988168,2.380984507746127,0.8094015071773661,40020.0,3.397163120567376
1183.3988166,2.5551866183997003,1.0514408374165962,40055.0,3.404255319148936
1183.5988164,2.5418925702811244,2.155394668759838,39840.0,3.4285714285714284
1183.7988162,2.279067432930961,0.16632371757916506,39847.0,3.4285714285714284
1183.998816,2.847432701894317,2.289121179395921,40120.0,3.404255319148936
1184.1988158,2.502041736603452,2.724607325782604,39917.0,3.4285714285714284
1184.3988156,2.3519137493403033,1.1402608170345183,39791.0,3.4285714285714284
1184.5988154,4.1307124574439005,7.2941335468989905,40241.0,3.3636363636363638
1184.7988152,3.45558493707458,6.887307528723425,40842.0,3.3566433566433567
1184.998815,3.14064535155194,0.7850552767086868,40691.0,3.3402777777777777
1185.1988148,2.967688667619658,2.5406666954129387,40574.0,3.3333333333333335
1185.3988146,,382.44937156522997,18898.0,2.3300970873786406
1185.5988144,,394.5366402915661,42924.0,3.0125786163522013
1185.7988142,3.673417047736566,31.798797855768107,41331.0,3.0903225806451613
1185.998814,4.285449378672575,12.03931315907519,41524.0,3.116883116883117
1186.1988138,,310.01757096595105,18756.0,2.4174757281553396
1186.3988136,,334.2922810030811,41307.0,3.287671232876712
1186.5988134,3.533050636068845,11.970808764976562,40090.0,3.3333333333333335
1186.7988132,3.2670171555063643,2.0458790938298637,39754.0,3.3496503496503496
1186.998813,3.012692656391659,3.605234929494017,39708.0,3.3426573426573425
1187.1988128,2.7244833108777997,3.660074126088924,39337.0,3.4285714285714284
1187.3988126,2.8412738983743995,4.47200855959532,39124.0,3.4782608695652173
1187.5988124,2.9888849503747217,5.583698461478733,39496.0,3.4285714285714284
1187.7988122,2.514876642020479,3.340202662851,39357.0,3.4532374100719423
1187.998812,2.75284242655475,2.878157753289061,39315.0,3.4782608695652173
1188.1988118,2.3487044916053095,0.6243692675851285,39251.0,3.4782608695652173
1188.3988116,2.362029443227548,0.46507854260533343,39262.0,3.4782608695652173
1188.5988114,2.3396977741474374,0.49532750723984703,39176.0,3.4782608695652173
1188.7988112,2.357545749215181,1.2883061478702786,39181.0,3.471014492753623
1188.998811,2.2895066302153864,0.5437761645839819,39139.0,3.471014492753623
1189.1988108,2.37041477475639,0.5281657238273985,39202.0,3.4782608695652173
1189.3988106,3.3280932171467317,6.821773952313912,39821.0,3.404255319148936
1189.5988104,11.199429527828197,35.61948220643405,42421.0,3.0903225806451613
1189.7988102,8.336942768152618,64.23761419361811,41096.0,2.95679012345679
1189.99881,4.714093155608806,11.447894640715836,40062.0,3.050955414012739
1190.1988098,3.9236079956133794,4.871834779332817,40122.0,3.1103896103896105
1190.3988096,4.239703089073278,13.898043488541449,40012.0,3.1788079470198674
1190.5988094,3.628739845452744,6.324473431550214,40376.0,3.151315789473684
1190.7988092,4.155425594402023,9.017905505529699,39157.0,3.214765100671141
1190.998809,3.0409082670947365,6.809518260517211,38623.0,3.280821917808219
1191.1988088,3.6160152476436647,6.610414336398596,38301.0,3.287671232876712
1191.3988086,2.467676452217364,0.8505512304827634,38424.0,3.287671232876712
1191.5988084,2.797761390571504,5.58685404587057,37970.0,3.3333333333333335
1191.7988082,2.369611474505477,2.1233706934428414,38067.0,3.3333333333333335
1191.998808,3.0664927611842963,2.7707816249302204,38335.0,3.287671232876712
1192.1988078,2.962568681318681,4.540150568305274,37856.0,3.3566433566433567
1192.3988075999998,2.5849737792183833,1.0324744133898023,37947.0,3.3566433566433567
1192.5988074,2.72986630171597,1.174894997235517,37996.0,3.3566433566433567
1192.7988071999998,2.537070667193052,1.5461298530283645,37995.0,3.3496503496503496
1192.998807,2.714414438290091,2.4807238596943995,37733.0,3.380281690140845
1193.1988067999998,2.9515271195365984,2.4106622142946725,37980.0,3.3496503496503496
1193.3988066,2.6165280059350327,2.249311102578998,37742.0,3.3732394366197185
1193.5988063999998,2.390801541938057,1.46938269680362,37615.0,3.380281690140845
1193.7988062,2.3149024403211227,0.13751124562163677,37618.0,3.3732394366197185
1193.9988059999998,2.3654258842230758,1.0731231676063864,37745.0,3.380281690140845
1194.1988058,2.408337306001377,1.3005071914453725,37758.0,3.3661971830985915
1194.3988055999998,2.3903829832378527,0.2922755009899847,37704.0,3.3732394366197185
1194.5988054,2.426094552384986,0.9038726413674941,37778.0,3.380281690140845
1194.7988051999998,2.635923234581703,2.1066734165144467,37569.0,3.3732394366197185
1194.998805,2.5224560010586212,1.857156147158128,37785.0,3.3732394366197185
1195.1988047999998,5.291988342962319,12.218752724533108,39118.0,3.2653061224489797
1195.3988046,10.526707034903756,39.13063563219594,40626.0,3.050955414012739
1195.5988043999998,4.1991302357518885,10.883333529933788,39321.0,3.151315789473684
1195.7988042,2.8492943289710033,4.2016775270255655,38970.0,3.172185430463576
1195.9988039999998,2.715633457919835,2.7811391188391266,38795.0,3.221476510067114
1196.1988038,3.4134620401774067,4.291799659453899,38330.0,3.25
1196.3988035999998,3.0684620206874933,4.917283064086346,38284.0,3.2653061224489797
1196.5988034,2.4031140967557154,0.885600205182942,38406.0,3.2432432432432434
1196.7988031999998,,291.22743181625333,16589.0,2.13265306122449
1196.998803,,293.8787731304347,38293.0,3.214765100671141
1197.1988027999998,,297.8730050618861,16463.0,2.121212121212121
1197.3988026,,301.4850030435286,37007.0,3.310344827586207
1197.5988023999998,4.375037900713911,4.54986931317517,36279.0,3.3333333333333335
1197.7988022,2.779093031010337,2.0656685226980347,35988.0,3.326388888888889
1197.9988019999998,,319.47050582744885,14587.0,2.0638297872340425
1198.1988018,,324.61370923611435,35430.0,3.397163120567376
1198.3988015999998,2.7144957033016737,1.6395694249558403,35376.0,3.404255319148936
1198.5988014,2.52468820861678,0.6968159556066031,35280.0,3.397163120567376
1198.7988011999998,2.413237467318404,1.6915736460823048,35188.0,3.397163120567376
1198.998801,2.549382716049383,0.4551492480533137,35154.0,3.4285714285714284
1199.1988007999998,,320.44434817448,17947.0,2.0673076923076925
1199.3988006,,295.5210759258492,38571.0,3.280821917808219
1199.5988003999998,5.2954557124518615,13.031289059437093,38950.0,3.258503401360544
1199.7988002,2.7498902007388843,2.3545480564524723,38707.0,3.287671232876712
1199.9987999999998,2.586185438705663,1.3562681149283662,38568.0,3.310344827586207
1200.1987998,2.8461898813241726,1.5974304313107424,38424.0,3.3333333333333335
1200.3987995999998,2.3360564039857428,0.9327782032161601,38437.0,3.326388888888889
1200.5987994,2.3280908238725133,0.5283065304079072,38404.0,3.3333333333333335
1200.7987991999998,2.3514868287079342,0.5652671073932383,38303.0,3.3496503496503496
1200.998799,2.3599550643989864,1.0154463125763677,38277.0,3.3566433566433567
1201.1987987999998,2.858161175769201,2.8227568126746547,38579.0,3.3402777777777777
1201.3987986,2.7303408883440703,2.4676111584320344,38341.0,3.3566433566433567
1201.5987983999999,2.441087059070182,1.406958947807698,38158.0,3.3566433566433567
1201.7987982,2.343703393600042,0.47657773961755734,38219.0,3.3566433566433567
1201.9987979999999,2.356817706153202,0.24391404076589282,38224.0,3.3566433566433567
1202.1987978,2.486293330551136,1.111499735627225,38339.0,3.3566433566433567
1202.3987975999999,2.4275786393562546,2.5948589016577137,38276.0,3.3496503496503496
1202.5987974,2.304955061184917,0.8536823000891374,38163.0,3.3496503496503496
1202.7987971999999,2.3349043018354148,0.11680990821725855,38193.0,3.3566433566433567
1202.998797,2.3322501179307094,0.4733675534394846,38158.0,3.380281690140845
1203.1987967999999,2.340916843790181,0.38760360516276643,38109.0,3.387323943661972
1203.3987966,2.3074092569716402,0.44821022475307826,38047.0,3.380281690140845
1203.5987963999999,2.3263609335122477,0.24088613210230625,38007.0,3.3732394366197185
1203.7987962,2.3086790464901883,0.3471560440078775,37965.0,3.3732394366197185
1203.9987959999999,2.3241362953593168,0.13971815930931608,37947.0,3.3732394366197185
1204.1987958,2.309504317743682,0.7718250893714127,37867.0,3.397163120567376
1204.3987955999999,2.3411665078861015,0.8733403025996915,37788.0,3.4285714285714284
1204.5987954,2.3082150128235637,0.33891301017193637,37821.0,3.404255319148936
1204.7987951999999,,278.9717419629216,16937.0,2.3020833333333335
1204.998795,,255.75334008684675,39494.0,3.214765100671141
1205.1987947999999,3.7452483992610026,5.644425283330772,39513.0,3.2
1205.3987946,7.150593743142084,13.375374291197929,41011.0,3.0705128205128207
1205.5987943999999,9.791472453579889,85.42480538939178,39261.0,2.938650306748466
1205.7987942,5.900682663406185,25.638357225262602,39258.0,2.909090909090909
1205.9987939999999,6.456248881617628,11.536248961432392,39119.0,2.7906976744186047
1206.1987938,5.964950025872164,31.779935053719903,36719.0,3.037974683544304
1206.3987935999999,7.832408198121264,32.23963053201963,37472.0,2.909090909090909
1206.5987934,5.614469517587653,22.142547205403513,35053.0,3.076923076923077
1206.7987931999999,3.7097379875394725,3.567247053472644,35151.0,3.0573248407643314
1206.998793,5.544966675322427,7.142090079595734,34659.0,3.0573248407643314
1207.1987927999999,,172.70218578860596,15512.0,2.822429906542056
1207.3987926,,188.3506541535578,33159.0,3.2066666666666666
1207.5987923999999,2.5313471580790243,1.2058545573386095,33129.0,3.228187919463087
1207.7987922,2.446742690767924,1.6561623289426377,32972.0,3.2432432432432434
1207.9987919999999,2.582062509436811,2.3979980044613267,33115.0,3.221476510067114
1208.1987918,2.4478032806767533,2.388101557242526,32981.0,3.2364864864864864
1208.3987915999999,2.532374535456386,1.2542130524883468,33097.0,3.2432432432432434
1208.5987914,2.5582646763749124,2.0050294129462034,32893.0,3.272108843537415
1208.7987911999999,2.3376797465269314,0.5557832495665929,32824.0,3.2653061224489797
1208.998791,2.334033805390589,1.135161620467731,32835.0,3.2653061224489797
1209.1987907999999,2.3087835982548737,0.9556694926432523,32777.0,3.2653061224489797
1209.3987906,2.404595039307697,0.7031931676670032,32818.0,3.280821917808219
1209.5987903999999,2.4616488987995235,0.8377343853639643,32737.0,3.287671232876712
1209.7987902,2.35387007285919,1.4970800632934147,32803.0,3.287671232876712
1209.9987899999999,14.28353211389988,45.35278808837309,36137.0,2.987577639751553
1210.1987898,4.013462192495182,12.47830685032049,35284.0,3.0573248407643314
1210.3987895999999,3.252181400688863,4.984228323804686,34840.0,3.096774193548387
1210.5987894,4.715023812960023,9.210056749583616,34645.0,3.096774193548387
1210.7987891999999,2.867131048037459,3.0159284772178476,34598.0,3.116883116883117
1210.998789,2.4430174707856067,0.8587139150928711,34572.0,3.116883116883117
1211.1987887999999,2.41302644181929,1.4954739586863772,34453.0,3.1372549019607843
1211.3987886,2.4047570585327556,0.8204649845211833,34391.0,3.1372549019607843
1211.5987883999999,2.394661942379182,0.19406019361176516,34432.0,3.1578947368421053
1211.7987882,2.454267047774602,1.4678412844383752,34286.0,3.1578947368421053
1211.9987879999999,2.352553445912445,0.4910795735567252,34287.0,3.151315789473684
1212.1987878,,181.71523991066388,16232.0,2.9903846153846154
1212.3987875999999,,167.5494913688663,35504.0,3.0
1212.5987874,11.981953548595937,46.109714435313,37071.0,2.721590909090909
1212.7987871999999,6.575090505663903,34.38591466161074,34252.0,2.874251497005988
1212.998787,4.033850451735616,7.13669128331994,33648.0,2.897590361445783
1213.1987867999999,3.1111347022960962,10.094807405715407,32969.0,2.9691358024691357
1213.3987866,2.4184237024379827,2.5298143910272537,32773.0,2.962962962962963
1213.5987863999999,5.929124879389492,18.996575491461744,34201.0,2.823529411764706
1213.7987862,,193.14337225386262,16846.0,2.319672131147541
1213.9987859999999,,197.49446594520214,33832.0,2.891566265060241
1214.1987858,4.622412625504225,2.4636420462495408,33963.0,2.891566265060241
1214.3987855999999,4.1591131398761005,2.817852456660256,33737.0,2.909090909090909
1214.5987854,3.2715034759043244,2.067128034720447,33948.0,2.926829268292683
1214.7987851999999,,196.9116912150118,16322.0,2.3983050847457625
1214.998785,,194.20609118291694,34265.0,2.915151515151515
1215.1987847999999,,190.32817684981347,16869.0,2.4482758620689653
1215.3987846,,184.30525602504886,35093.0,2.891566265060241
1215.5987843999999,4.662142469354516,2.400472731678503,34997.0,2.891566265060241
1215.7987842,2.904749568221071,3.186578394948431,34740.0,2.915151515151515
1215.998784,4.279048939735367,2.1513054295357383,34614.0,2.926829268292683
1216.1987838,4.126076810049267,1.958709623420488,34709.0,2.932926829268293
1216.3987836,3.055741778882275,4.082065825369831,34606.0,2.9447852760736195
1216.5987834,3.3876951437294776,1.605624300923803,34718.0,2.926829268292683
1216.7987832,4.315837439125111,4.371719548762194,35113.0,2.874251497005988
1216.998783,2.7609444171175603,6.278265958625272,34561.0,2.926829268292683
1217.1987828,2.473457180652211,1.981433224026213,34774.0,2.915151515151515
1217.3987826,2.465343397096105,1.3066574432580214,34712.0,2.926829268292683
1217.5987824,2.715488853271164,4.121448674222064,34315.0,2.938650306748466
1217.7987822,2.42055202194083,0.8234934924682384,34274.0,2.9447852760736195
1217.998782,2.392253295695952,0.9256313388985602,34363.0,2.9447852760736195
1218.1987818,2.417305171158048,1.1180814881586036,34325.0,2.9447852760736195
1218.3987816,2.3901771148916335,0.36197752185553506,34328.0,2.950920245398773
1218.5987814,2.358056415347778,0.7433617370154392,34246.0,2.9447852760736195
1218.7987812,2.3658757524399507,1.1472456119427632,34222.0,2.950920245398773
1218.998781,7.604623711637013,8.713088157118976,34734.0,2.874251497005988
1219.1987808,4.047603345424023,15.23683325992981,33359.0,2.962962962962963
1219.3987806,2.7392398920197762,4.1997857164651595,32969.0,2.9691358024691357
1219.5987804,2.453286463226158,1.3595990247080088,32999.0,2.962962962962963
1219.7987802,2.4893700906802536,1.103295881033264,32973.0,2.962962962962963
1219.99878,2.3727333781061115,2.5123122868159222,32758.0,2.9751552795031055
1220.1987798,2.6740733995082415,2.094930858191962,32943.0,2.962962962962963
1220.3987796,2.4269786816956627,3.538852438982046,32648.0,2.981366459627329
1220.5987794,2.432103298451747,0.8320110818611306,32682.0,3.0
1220.7987792,2.3017938043345167,0.4699903406662923,32668.0,2.981366459627329
1220.998779,2.3002478352660405,1.194303912848487,32683.0,3.0
1221.1987788,2.505228817951767,1.9915406613792206,32799.0,2.981366459627329
1221.3987786,2.4240151816595756,1.6749157457145774,32671.0,2.981366459627329
1221.5987784,2.374615573871325,1.449203275231205,32516.0,3.0
1221.7987782,2.328154802190365,0.45198587944510515,32506.0,3.0
1221.998778,2.5015090853095163,1.0507043949826933,32470.0,3.0
1222.1987778,2.310047434238896,0.8451774995729933,32466.0,3.0
1222.3987776,2.2904923076923076,0.6161171638313847,32500.0,3.0
1222.5987774,2.3580235525628015,1.4024909030178974,32523.0,3.00625
1222.7987772,2.40666728059674,0.8557160113670921,32577.0,2.981366459627329
1222.998777,2.373755323386133,0.695847565080481,32639.0,2.99375
1223.1987768,2.431037135033689,2.396482347824611,32503.0,3.00625
1223.3987766,2.3836310811646166,1.4559281037546543,32354.0,3.0125786163522013
1223.5987764,2.379789969331805,0.8935114306124157,32281.0,3.018867924528302
1223.7987762,2.301221586516159,0.5600341284196052,32335.0,3.018867924528302
1223.998776,2.343814735800637,0.4745467631583148,32343.0,3.018867924528302
1224.1987758,2.365616684200755,0.34900760953288396,32318.0,3.018867924528302
1224.3987756,2.468752893250625,1.2225944305185836,32403.0,3.0
1224.5987754,2.306228961427998,0.8851786703450129,32381.0,3.0251572327044025
1224.7987752,2.3728703100269994,1.5576057861692723,32223.0,3.037974683544304
1224.998775,2.3230769230769233,0.5033673793803674,32240.0,3.018867924528302
1225.1987748,2.2971907496507837,0.7638469241652519,32215.0,3.018867924528302
1225.3987746,2.2991222356626655,0.7175382294526784,32241.0,3.0251572327044025
1225.5987744,2.3485041078902498,0.5712634443903937,32255.0,3.018867924528302
1225.7987742,2.453365399438843,2.2978479789309985,32433.0,3.0125786163522013
1225.998774,9.421585851487468,23.38810951396686,34152.0,2.8682634730538923
1226.1987738,8.75704370331157,17.312513224358415,34002.0,2.8682634730538923
1226.3987736,15.037412038677669,75.67853799725776,39506.0,2.3076923076923075
1226.5987734,7.327153239152856,14.533111157277176,41693.0,2.325242718446602
1226.7987732,6.789955755646977,54.126369317628345,38649.0,2.711864406779661
1226.998773,7.412058488943148,30.67888731923085,36041.0,2.926829268292683
1227.1987728,6.921427341103519,12.303445121278338,34834.0,3.018867924528302
1227.3987726,4.720717316747079,8.07619782028057,34406.0,2.981366459627329
1227.5987724,4.859035255937454,14.113688333050225,33895.0,3.037974683544304
1227.7987722,5.6618400141267875,12.193589186510442,33978.0,3.018867924528302
1227.998772,4.430428721800233,11.129591299225604,35151.0,2.962962962962963
1228.1987718,3.0364054636951834,4.618597925038416,34775.0,3.0
1228.3987716,2.8764998705147757,3.4141176694456465,34753.0,3.0
1228.5987714,2.7215947231707673,4.964465961374949,34263.0,3.018867924528302
1228.7987712,7.555093675124852,7.42283425721201,34641.0,2.962962962962963
1228.998771,4.697399805647987,12.776334913641517,33959.0,2.981366459627329
1229.1987708,3.6933565504825427,3.0092873155411537,33883.0,3.018867924528302
1229.3987706,7.323244689937931,17.805555195915026,35122.0,2.926829268292683
1229.5987704,5.5722590874390745,13.931576758044097,34058.0,2.938650306748466
1229.7987702,7.4767715948082945,12.10594284458597,33515.0,2.962962962962963
1229.99877,4.482325311861408,8.88624031345594,32787.0,3.0573248407643314
1230.1987698,3.1772362226530046,4.20107693129187,32499.0,3.0573248407643314
1230.3987696,3.2780118721742073,0.48150271414483964,32513.0,3.037974683544304
1230.5987694,2.5164614767502855,2.6026892139714892,32409.0,3.0573248407643314
1230.7987692,2.3614886831594264,1.5308820055635592,32297.0,3.076923076923077
1230.998769,2.338728718777184,0.5774718309684772,32188.0,3.076923076923077
1231.1987688,2.3546337817638268,1.7733592134815288,32112.0,3.076923076923077
1231.3987686,2.817071289755375,2.9457596710816967,32417.0,3.0833333333333335
1231.5987684,2.446151468315301,1.617305447644749,32350.0,3.0833333333333335
1231.7987682,2.40509994395666,2.2931909060503926,32118.0,3.076923076923077
1231.998768,2.3026922597532096,0.32482818571973127,32092.0,3.076923076923077
1232.1987678,2.399838348669485,1.4405673395316019,32168.0,3.096774193548387
1232.3987676,2.4520868425977915,2.241347753407673,32058.0,3.1032258064516127
1232.5987674,2.363710282712034,0.7542019284333142,31976.0,3.096774193548387
1232.7987672,2.371265118303641,1.9201380401432575,32163.0,3.096774193548387
1232.998767,2.3888699214749063,1.00958680109273,32219.0,3.0705128205128207
1233.1987668,2.4586014986164226,0.5967172973845245,32163.0,3.096774193548387
1233.3987666,2.400603909849334,1.4728833445439513,32124.0,3.076923076923077
1233.5987664,2.4760906958561377,1.8862395848420843,31975.0,3.0903225806451613
1233.7987662,2.360215390395091,0.9901879330577631,31942.0,3.096774193548387
1233.998766,2.40294740777667,1.5886962775952513,32096.0,3.096774193548387
1234.1987658,8.08267414403778,21.27967462585494,33880.0,2.962962962962963
1234.3987656,4.727787610619469,1.1172827067931348,33900.0,2.962962962962963
1234.5987654,5.082435597189695,8.298923107565995,34160.0,3.0
1234.7987652,5.80899980349774,14.552393392872276,35623.0,2.962962962962963
1234.998765,5.743017551818981,9.076072688297545,35267.0,2.962962962962963
1235.1987648,8.152605356602164,20.23442640378383,36329.0,2.9447852760736195
1235.3987646,7.618028445851874,6.889653369723115,36631.0,2.9447852760736195
1235.5987644,14.346807448848265,52.312834190363695,38073.0,2.513089005235602
1235.7987642,,244.76612354271228,23068.0,1.8363636363636364
1235.998764,,281.5255872496745,35177.0,2.903030303030303
1236.1987638,7.878045218204124,15.844938184236684,34234.0,2.95679012345679
1236.3987636,7.93742672919109,14.737648912517693,34120.0,2.891566265060241
1236.5987633999998,6.365662510196946,11.921062292522272,34324.0,2.857142857142857
1236.7987632,,187.73199255806108,15965.0,2.52991452991453
1236.9987629999998,7.501188354129531,8.306516211680416,16830.0,2.4789915966386555
1237.1987628,,192.16100488093977,34766.0,2.926829268292683
1237.3987625999998,10.18723210458637,32.38659067665488,37328.0,2.727272727272727
1237.5987624,12.46985469239209,32.335040679469316,37369.0,2.691011235955056
1237.7987621999998,14.073980912924466,34.3892036364589,40551.0,2.691011235955056
1237.998762,6.167233044560379,12.437144432681889,41786.0,2.6759776536312847
1238.1987617999998,,184.89106424158493,24119.0,2.4014598540145986
1238.3987616,,184.17588304467688,42059.0,2.6032608695652173
1238.5987613999998,7.912029354710543,26.204000421564714,42787.0,2.6519337016574585
1238.7987612,4.185451790111763,10.442821765651082,42232.0,2.6032608695652173
1238.9987609999998,8.058131843903872,37.74275526629994,40821.0,2.9207317073170733
1239.1987608,7.676851385390428,40.417599735724714,39700.0,2.99375
1239.3987605999998,9.065781119040967,45.59187874403109,39373.0,3.0903225806451613
1239.5987604,3.856808169293845,9.178157307258056,39269.0,3.1788079470198674
1239.7987601999998,4.493890331449519,22.188464211553434,39282.0,3.116883116883117
1239.99876,3.292247185234692,6.2672574071193505,38902.0,3.0705128205128207
1240.1987597999998,3.3661130083824897,4.060024260477866,38652.0,3.0573248407643314
1240.3987596,5.480079260237781,25.07969707782926,37850.0,3.3732394366197185
1240.5987593999998,7.950849432357005,54.32846445339462,36907.0,3.9344262295081966
1240.7987592,23.902496214156614,110.62684227433269,40942.0,2.9753086419753085
1240.9987589999998,7.633248132615331,9.436976642311873,40297.0,3.0705128205128207
1241.1987588,4.620541428191939,14.428459861927786,41409.0,2.9691358024691357
1241.3987585999998,3.5683996372282274,6.981717050648787,40797.0,3.0125786163522013
1241.5987584,3.5449004669451956,5.8852063847185185,40690.0,3.0316455696202533
1241.7987581999998,4.412151740094476,10.380924485793331,41492.0,2.9447852760736195
1241.998758,3.1596073751126483,8.607147030312735,41057.0,2.86144578313253
1242.1987577999998,3.7813378574890937,4.726441880577454,41260.0,2.8963414634146343
1242.3987576,3.156069504441101,9.545521759738865,41206.0,2.8855421686746987
1242.5987573999998,2.925236356602268,1.780017744737179,41357.0,2.8855421686746987
1242.7987572,2.7125593335270755,2.7615662604362097,41292.0,2.8682634730538923
1242.9987569999998,2.8760158164131675,2.3004310904681238,41223.0,2.8674698795180724
1243.1987568,3.1112490566956352,8.054238279074802,41079.0,2.856287425149701
1243.3987565999998,3.982759878419453,6.6482252117300895,41125.0,2.896969696969697
1243.5987564,4.420234781556336,12.153433620422273,41315.0,2.8176470588235296
1243.7987561999998,,14.91911165133123,43181.0,2.835294117647059
1243.998756,2.7898056438048964,2.4901723686288775,42808.0,2.8411764705882354
1244.1987557999998,3.3259524813721355,7.912141359492137,42678.0,2.8128654970760234
1244.3987556,,9.671074868079018,40707.0,2.8674698795180724
1244.5987553999998,3.002483586200113,4.164596815712607,40667.0,2.902439024390244
1244.7987552,3.1022404544020197,4.204867732497594,41197.0,2.8795180722891565
1244.9987549999998,3.180320288161994,5.421273055963512,41088.0,2.844311377245509
1245.1987548,4.172417158752623,8.830084968359168,40982.0,2.902439024390244
1245.3987545999998,3.49466577968315,1.3333832641838625,40587.0,2.8963414634146343
1245.5987544,,293.97827180130764,19376.0,1.7563025210084033
1245.7987541999998,,293.496260372578,40826.0,2.8502994011976046
1245.998754,3.3657126125466656,5.151809586758042,40983.0,2.8727272727272726
1246.1987537999998,,279.98202769882624,19867.0,1.88135593220339
1246.3987536,,272.9989993801253,41212.0,2.8273809523809526
1246.5987533999999,3.2148369860980557,8.42548891325697,40426.0,2.8666666666666667
1246.7987532,3.240624376620786,4.814589948287593,40104.0,2.950617283950617
1246.9987529999999,,260.8815155928086,18372.0,1.920353982300885
1247.1987528,,266.12046126231235,38706.0,2.9693251533742333
1247.3987525999999,10.303174682782487,47.51221995672758,39878.0,2.938650306748466
1247.5987524,5.756601924671474,16.080373845564644,39799.0,2.938650306748466
1247.7987521999999,4.301447067783702,11.898807123413574,39390.0,2.950920245398773
1247.998752,,319.25134392579196,19248.0,1.7768595041322315
1248.1987517999999,,53.31096403025071,17493.0,1.811965811965812
1248.3987516,,356.44414293699265,37607.0,3.018867924528302
1248.5987513999999,3.932577471457884,4.701028967592461,38014.0,2.99375
1248.7987512,5.566762298318111,15.068553678025074,37993.0,2.95679012345679
1248.9987509999999,4.768994546513475,2.7406719565070548,37774.0,3.0705128205128207
1249.1987508,,330.7029201169274,17712.0,1.990909090909091
1249.3987505999999,,319.3626075851992,38039.0,3.037974683544304
1249.5987504,3.5921167359080886,14.294953112835705,38994.0,2.9691358024691357
1249.7987501999999,3.838516470859249,5.875730316336876,39069.0,2.9691358024691357
1249.99875,3.093955288486021,0.5264648819756738,39274.0,2.9447852760736195
1250.1987497999999,6.102888590195532,33.13242799957662,39431.0,2.926829268292683
1250.3987496,,444.61348353577364,17379.0,1.6864406779661016
1250.5987493999999,,13.167028061376103,16613.0,1.6637931034482758
1250.7987492,,429.4193023084201,38547.0,2.987577639751553
1250.9987489999999,3.0071034143053432,4.973090025108563,38573.0,3.00625
1251.1987488,2.5981641356355314,1.072674013987305,38456.0,3.0251572327044025
1251.3987485999999,,449.0892617998051,16146.0,1.761061946902655
1251.5987484,,446.3226445655752,38550.0,3.018867924528302
1251.7987481999999,,403.09653079114196,15486.0,1.9345794392523366
1251.998748,,431.7890759838011,38009.0,3.116883116883117
1252.1987477999999,3.6820819826414306,13.080144910629231,38252.0,3.096774193548387
1252.3987476,3.1251431546069757,1.9474409220856141,38420.0,3.0903225806451613
1252.5987473999999,3.878713846638821,12.250040511294106,38067.0,3.0705128205128207
1252.7987472,5.2713916860315,9.67925271367352,38730.0,3.050955414012739
1252.9987469999999,3.5143162013160234,6.797318285690829,39361.0,3.0125786163522013
1253.1987468,3.715263742926435,8.46187173537361,39584.0,3.0316455696202533
1253.3987465999999,,392.73714308902447,17724.0,1.9639639639639639
1253.5987464,,390.06298066163913,39745.0,3.0253164556962027
1253.7987461999999,2.382065737152061,0.8654871424046158,39734.0,3.0316455696202533
1253.998746,2.3447597923073045,0.9098200079051323,39674.0,3.037974683544304
1254.1987457999999,,388.24794989194015,17434.0,1.9636363636363636
1254.3987456,,389.03585684412246,39650.0,3.0316455696202533
1254.5987453999999,2.9906650227713056,6.054418558757166,39743.0,3.0641025641025643
1254.7987452,2.3949042983978472,0.6972388158375666,39759.0,3.051282051282051
1254.9987449999999,2.412918079238982,1.1800009875747528,39526.0,3.0641025641025643
1255.1987448,,384.244208303946,17322.0,2.0
1255.3987445999999,,384.704874726012,39424.0,3.0705128205128207
1255.5987444,2.66333443280136,4.207627062281056,39413.0,3.0838709677419356
1255.7987441999999,2.500636585862701,2.5265934592923807,39272.0,3.0641025641025643
1255.998744,2.3264652014652016,1.8112334738614784,39312.0,3.0641025641025643
1256.1987437999999,,388.72280917245627,17050.0,2.0
1256.3987436,,380.018760814378,40603.0,2.993710691823899
1256.5987433999999,3.3663830961881103,8.254398230280174,39849.0,3.006289308176101
1256.7987432,,374.23924513877034,18634.0,1.9478260869565218
1256.9987429999999,,376.5105951714024,39658.0,2.981366459627329
1257.1987428,4.567081881751422,15.7595765202646,39899.0,2.9751552795031055
1257.3987425999999,3.3582882290454754,8.351006685465379,39538.0,2.950617283950617
1257.5987424,3.4474284665215453,19.24238320102831,38129.0,3.0903225806451613
1257.7987421999999,2.8401916130045546,3.2658992021086126,38202.0,3.0838709677419356
1257.998742,3.2101014881421888,2.0912777802818274,38034.0,3.0903225806451613
1258.1987417999999,3.4914221279566138,8.961380752924992,37247.0,3.096774193548387
1258.3987416,4.383146824861804,18.069936366869612,37085.0,3.151315789473684
1258.5987413999999,3.2743576525490408,9.583812978151764,36857.0,3.214765100671141
1258.7987412,4.089790217162133,5.942843808369831,37944.0,3.165562913907285
1258.9987409999999,3.743158546336179,5.512277261032613,38771.0,3.151315789473684
1259.1987408,3.2712081925565073,3.5967551736166534,38181.0,3.165562913907285
1259.3987405999999,2.503825251939007,4.011706475005595,37906.0,3.2
1259.5987404,,391.7784249469382,17090.0,2.0841121495327104
1259.7987401999999,,382.1371879820384,40424.0,3.0705128205128207
1259.99874,7.859878259202454,36.46792228243401,41728.0,3.0903225806451613
1260.1987397999999,5.427886407115705,3.6071294676105814,40249.0,3.037974683544304
1260.3987396,4.34817704829813,19.055709959893168,37165.0,3.130718954248366
1260.5987393999999,3.417092591596277,2.516836914356535,37174.0,3.172185430463576
1260.7987392,,361.8014460012206,15069.0,2.0485436893203883
1260.998739,,21.251861576706712,15987.0,2.1142857142857143
1261.1987388,,349.91427468674243,39005.0,3.130718954248366
1261.3987386,5.916570549788543,27.050930767247475,39015.0,3.0641025641025643
1261.5987384,4.407165525742911,23.340512544297113,38127.0,3.165562913907285
1261.7987382,5.084090848859089,22.887621333548278,37733.0,3.326388888888889
1261.998738,4.0656913217062405,5.706474941964184,38072.0,3.258503401360544
1262.1987378,12.13413999156976,39.8777464246539,40331.0,3.0125786163522013
1262.3987376,6.792283116244778,23.97983940273113,40690.0,2.834319526627219
1262.5987374,6.207814024059824,33.80658354675758,36908.0,3.050955414012739
1262.7987372,7.229694419231509,18.598660178712354,36357.0,3.096774193548387
1262.998737,7.960838713119565,18.764956674227395,37486.0,3.0316455696202533
1263.1987368,5.097161716171617,7.283605600976929,37875.0,2.99375
1263.3987366,3.4874782375786797,7.549785041913298,37335.0,2.950617283950617
1263.5987364,,337.1760875505597,15757.0,1.8508771929824561
1263.7987362,,342.0332521150081,36487.0,3.111111111111111
1263.998736,3.6740450325355987,4.607076607503561,36729.0,3.130718954248366
1264.1987358,3.00474349483151,3.6464403558078,36471.0,3.172185430463576
1264.3987356,5.043192157712305,6.639222009984096,36928.0,3.130718954248366
1264.5987354,3.4278902817957784,4.64059232623756,37332.0,3.1103896103896105
1264.7987352,2.4958315404475044,1.3050189792155718,37184.0,3.103896103896104
1264.998735,4.437618296529968,8.184030183489412,38040.0,3.0445859872611467
1265.1987348,3.905371667874688,10.661061280535298,37251.0,3.0903225806451613
1265.3987346,3.8690163659721835,12.817014679698069,35806.0,3.2
1265.5987344,3.9611495768765796,2.2253952611337975,36396.0,3.1933333333333334
1265.7987342,3.4974739721439136,11.16257146539291,35827.0,3.2432432432432434
1265.998734,6.856852248394004,13.141387138928497,37360.0,3.130718954248366
1266.1987338,3.949227915097943,4.3950272821275655,36654.0,3.1788079470198674
1266.3987336,4.427944948561657,4.845543581632496,36257.0,3.2
1266.5987334,5.588300251221599,11.011550823724955,36223.0,3.2432432432432434
1266.7987332,4.321040056219255,6.638779417992329,35575.0,3.287671232876712
1266.998733,6.5222803829567955,12.389057220704286,36871.0,3.214765100671141
1267.1987328,,204.9777016450697,16374.0,3.78
1267.3987326,,211.07719071407055,37423.0,3.1933333333333334
1267.5987324,3.379043036621224,2.9351006602567615,37410.0,3.2653061224489797
1267.7987322,2.496524971714886,2.07161379045485,37122.0,3.2653061224489797
1267.998732,5.018241095004581,18.76188811868937,37114.0,3.214765100671141
1268.1987318,3.6622402623585386,2.125101315386152,37201.0,3.221476510067114
1268.3987316,4.390538848786725,9.29797034630442,37543.0,3.130718954248366
1268.5987314,6.160738838301294,8.998725710930309,38547.0,3.0641025641025643
1268.7987312,4.662367750405437,9.088299266210234,38847.0,3.0903225806451613
1268.998731,4.978970684039088,6.405303439753067,38375.0,3.051282051282051
1269.1987308,,317.72283556048876,15709.0,2.0849056603773586
1269.3987306,,320.3136482733118,36283.0,3.1372549019607843
1269.5987304,3.6493613288745133,10.347197523126502,36482.0,3.130718954248366
1269.7987302,2.940703267540222,8.446237010015897,36174.0,3.2
1269.99873,2.3368751040337346,1.9966602867958032,36046.0,3.214765100671141
1270.1987298,2.464319352872735,1.4311729995002473,36098.0,3.1866666666666665
1270.3987296,2.539755691282621,2.5583696902849944,36020.0,3.1933333333333334
1270.5987294,,351.2262963743531,14718.0,2.0588235294117645
1270.7987292,,352.0635814567793,36069.0,3.1933333333333334
1270.998729,13.103302202293953,40.712571131487394,40367.0,2.902439024390244
1271.1987288,4.062357760582612,6.6798628811360485,39546.0,2.938650306748466
1271.3987286,3.375192543664987,10.546728878443954,38303.0,3.0125786163522013
1271.5987284,3.4961250289657304,3.8476348274721737,38839.0,2.99375
1271.7987282,11.227033380347908,28.427570880642147,42540.0,2.8452380952380953
1271.998728,3.740006264909279,12.745567218900305,41501.0,2.938650306748466
1272.1987278,2.716770035266934,3.885729216872977,41115.0,2.95679012345679
1272.3987276,4.621942016990823,3.3568148549645906,41081.0,2.903030303030303
1272.5987274,3.0073093638877912,10.533999717216078,40496.0,2.9751552795031055
1272.7987272,2.3340583829745163,0.5022439132434252,40457.0,2.9875
1272.998727,2.410541669756978,0.8655532655511613,40449.0,2.975
1273.1987268,2.4033330026783055,1.2503830940184786,40324.0,2.99375
1273.3987266,2.558020520209674,2.661078728369617,40253.0,2.9875
1273.5987264,2.557895782623814,2.5240683340485104,40262.0,2.99375
1273.7987262,2.3601174187770537,1.0383920000815416,40198.0,3.006289308176101
1273.998726,4.98424515235457,6.9863381581117086,40432.0,2.9751552795031055
1274.1987258,,203.54816784395672,20609.0,3.3508771929824563
1274.3987256,,216.5966663844304,39817.0,3.0125786163522013
1274.5987254,7.188536697580938,25.57788347156169,41297.0,2.8855421686746987
1274.7987252,4.568491233427488,18.112000039648464,39297.0,3.037974683544304
1274.998725,5.411493838911326,11.114042976614988,38873.0,3.0445859872611467
1275.1987248,6.7655973919319115,16.74352296045605,40183.0,2.9751552795031055
1275.3987246,,296.29695159756886,20436.0,1.6935483870967742
1275.5987244,,251.382602756232,43922.0,2.481865284974093
1275.7987242,5.8604726150444515,20.515383557899376,43418.0,2.5425531914893615
1275.998724,6.001227485658458,43.92017910139029,39919.0,2.8795180722891565
1276.1987238,4.572047894302229,12.69242613934208,38752.0,2.9447852760736195
1276.3987236,5.057783820530251,22.880207280827314,39717.0,2.8511904761904763
1276.5987234,5.833039774967796,31.64928744520899,38039.0,3.0316455696202533
1276.7987232,3.219767047971441,2.127591210611478,38377.0,3.006289308176101
1276.998723,6.623162245592005,29.724645303295105,38226.0,2.950617283950617
1277.1987228,5.307983877425727,23.293602696264035,37463.0,3.0445859872611467
1277.3987226,4.686055755776977,12.209920033509531,37736.0,3.0705128205128207
1277.5987224,4.344370169208273,10.350727972177793,38296.0,3.0253164556962027
1277.7987222,6.458556899175142,39.405779669446694,37461.0,3.1933333333333334
1277.998722,3.3668412625179798,10.043296569142875,36847.0,3.238095238095238
1278.1987218,,225.6168060929993,21263.0,2.935483870967742
1278.3987216,,235.35261783053213,37519.0,3.0125786163522013
1278.5987214,4.119901987476178,13.837510014036058,36730.0,3.1103896103896105
1278.7987212,2.7072160991391128,3.3641817938754475,36474.0,3.151315789473684
1278.998721,2.471767694703199,0.9936915238090651,36607.0,3.151315789473684
1279.1987208,2.6601044817157,2.1618464568150615,36370.0,3.1788079470198674
1279.3987206,2.4852617079889807,1.2224549322388243,36300.0,3.172185430463576
1279.5987204,2.3403160096894955,0.7786448576156376,36328.0,3.2
1279.7987202,2.403100561735874,1.3346118865997982,36316.0,3.2
1279.99872,2.477356147371326,1.3508008931969044,36235.0,3.1788079470198674
1280.1987198,2.3493256688038913,1.489185473506225,36184.0,3.2
1280.3987196,2.509799064134324,1.0793160472960852,36330.0,3.1933333333333334
1280.5987194,2.401096328127152,1.2044924138377577,36303.0,3.2
1280.7987191999998,2.4324047974354723,1.3846143809179747,36186.0,3.1933333333333334
1280.998719,2.3666251556662514,0.7968958462103961,36135.0,3.2
1281.1987187999998,2.417186378939235,0.707342116769115,36238.0,3.2
1281.3987186,2.3087083609088905,0.47016834742031177,36264.0,3.221476510067114
1281.5987183999998,2.330808219932786,0.370507429196564,36302.0,3.221476510067114
1281.7987182,2.5077530073943275,0.7415550065160019,36244.0,3.1933333333333334
1281.9987179999998,2.414509064700338,1.5750752470878553,36074.0,3.221476510067114
1282.1987178,2.3884890094679143,0.6402459757352196,36122.0,3.1933333333333334
1282.3987175999998,2.491633070083393,1.0791184624270806,36214.0,3.221476510067114
1282.5987174,2.348159171075838,0.5785736325170003,36288.0,3.221476510067114
1282.7987171999998,2.3189353192663082,0.23109717001282365,36255.0,3.214765100671141
1282.998717,2.502994673070023,0.6231593684300211,36231.0,3.221476510067114
1283.1987167999998,2.3766463752075264,1.1965426571087252,36140.0,3.214765100671141
1283.3987166,2.331674408316744,0.2387634730772714,36168.0,3.214765100671141
1283.5987163999998,2.388050210130502,0.13936225196832605,36168.0,3.221476510067114
1283.7987162,2.3312251436146707,1.0270291618518606,36208.0,3.214765100671141
1283.9987159999998,2.3204191369088654,0.3789104322759824,36265.0,3.221476510067114
1284.1987158,2.456743389240419,0.6483428021949931,36191.0,3.221476510067114
1284.3987155999998,3.5614087734613706,5.163796166608393,36656.0,3.2
1284.5987154,10.454563873974267,30.93276363256973,39484.0,2.9207317073170733
1284.7987151999998,4.659492259419651,7.900904121472374,38563.0,2.9207317073170733
1284.998715,6.724969876218644,23.711319025541176,36516.0,3.076923076923077
1285.1987147999998,2.9862848033422202,2.7256373157023175,36383.0,3.0705128205128207
1285.3987146,5.013389596689118,16.145500666775234,36969.0,3.00625
1285.5987143999998,4.176075231641543,14.344529169533978,36155.0,3.1103896103896105
1285.7987142,6.713158113385216,18.333793996415054,36107.0,3.1933333333333334
1285.9987139999998,4.637096774193548,10.886064384174666,34720.0,3.287671232876712
1286.1987138,5.684780423356407,5.050653752645784,34817.0,3.3732394366197185
1286.3987135999998,13.326102465188786,33.34051917657359,37847.0,3.0316455696202533
1286.5987134,12.405737212598803,40.42669572390541,41623.0,2.6759776536312847
1286.7987131999998,4.121844022453123,10.480051168552729,41865.0,2.6032608695652173
1286.998713,5.0094764385563755,9.487319444862411,42421.0,2.6759776536312847
1287.1987127999998,3.8204597273277185,5.901493535588567,42982.0,2.631868131868132
1287.3987126,3.8417509201882307,14.066761949589441,42926.0,2.6174863387978142
1287.5987123999998,5.205114630328699,2.3866928037648205,43444.0,2.670391061452514
1287.7987122,4.67556772794705,6.579707396827071,43815.0,2.6032608695652173
1287.9987119999998,4.412219875091845,8.342219265513162,43552.0,2.5614973262032086
1288.1987118,4.351902459533319,11.06718079122892,42813.0,2.6032608695652173
1288.3987115999998,4.1836000927858965,10.809701659743332,43110.0,2.5668449197860963
1288.5987114,4.243725846254132,13.129202921761655,42954.0,2.5891891891891894
1288.7987111999998,3.3003550677856683,2.077869642285708,43372.0,2.575268817204301
1288.998711,3.2368778068862274,4.036483237249571,42752.0,2.622950819672131
1289.1987107999998,3.590978240826111,5.635025885917109,43384.0,2.5891891891891894
1289.3987106,3.4386124950295884,7.838648609427066,42753.0,2.6174863387978142
1289.5987103999998,3.1824148547698035,6.348660693682093,41899.0,2.6174863387978142
1289.7987102,3.7277581355076124,9.847535630718424,41577.0,2.6464088397790055
1289.9987099999998,3.044424297370807,3.8671766611490597,41914.0,2.6464088397790055
1290.1987098,3.224931659288289,4.745536288408004,41337.0,2.6666666666666665
1290.3987095999998,3.548170186004886,4.764255499269864,41343.0,2.6666666666666665
1290.5987094,3.541962260508663,7.156339087527305,41442.0,2.6815642458100557
1290.7987091999998,2.9557846064926308,4.426567702860138,41524.0,2.691011235955056
1290.998709,3.0039001372270504,4.621969224595694,41537.0,2.721590909090909
1291.1987087999998,2.6624692430163557,2.242730536728242,41454.0,2.721590909090909
1291.3987086,2.7005551532705767,3.546284936249552,41430.0,2.7062146892655368
1291.5987083999999,2.589982527664531,2.0008913238842574,41208.0,2.721590909090909
1291.7987082,2.6208769792935445,3.4594174132601414,41050.0,2.7528735632183907
1291.9987079999999,2.70867874697381,3.1712126710343824,40893.0,2.76878612716763
1292.1987078,2.4486896889542002,1.0638172070811829,40830.0,2.76878612716763
1292.3987075999999,6.560179924242425,17.6464536593206,42240.0,2.691011235955056
1292.5987074,4.80635299737282,18.03931211570444,41870.0,2.6174863387978142
1292.7987071999999,3.6151056972224858,1.5567860055439084,42196.0,2.6032608695652173
1292.998707,3.9681106956583867,10.072492862334457,41989.0,2.661111111111111
1293.1987067999999,5.134087807632582,16.402148964701848,42502.0,2.575268817204301
1293.3987066,4.5312544496653855,9.651763964761251,42138.0,2.6174863387978142
1293.5987063999999,4.238600387468695,10.33168984417678,42326.0,2.575268817204301
1293.7987062,3.982817788642347,7.1113412959016875,42544.0,2.5837837837837836
1293.9987059999999,3.8694841222996104,8.65103038429395,42355.0,2.631868131868132
1294.1987058,4.178699171686747,11.390228621923871,42496.0,2.5891891891891894
1294.3987055999999,4.875158161113454,11.200735147428434,42678.0,2.6174863387978142
1294.5987054,2.9700508570352233,4.125774133965171,42472.0,2.631868131868132
1294.7987051999999,5.5310793540141745,19.787843226537262,43035.0,2.575268817204301
1294.998705,3.836825896681872,8.898729979388182,43187.0,2.5891891891891894
1295.1987047999999,4.437582616358619,15.239752982044488,43121.0,2.575268817204301
1295.3987046,8.308817479544727,31.61015431416613,43754.0,2.325242718446602
1295.5987043999999,3.3968120614881587,7.266167049328611,44041.0,2.3028846153846154
1295.7987042,3.3131409168081496,5.679759607142826,44175.0,2.259433962264151
1295.9987039999999,3.0504502027630767,4.7341606833625525,43647.0,2.259433962264151
1296.1987038,3.916999727495685,8.723126731824449,44036.0,2.259433962264151
1296.3987035999999,3.417690699864483,8.529310995205423,43537.0,2.2547169811320753
1296.5987034,5.2414588471727415,12.50193747649472,43788.0,2.371287128712871
1296.7987031999999,3.625335751509447,7.661151125491855,43559.0,2.383084577114428
1296.998703,4.581179890094918,4.879120916063988,44038.0,2.383084577114428
1297.1987027999999,4.236491115881789,5.562724408594488,43786.0,2.3317073170731706
1297.3987026,3.7459539443262737,6.946219004508089,43252.0,2.419191919191919
1297.5987023999999,5.01184249258429,8.788858318693466,44163.0,2.4512820512820515
1297.7987022,2.8897507307754275,6.1122983095570165,43447.0,2.419191919191919
1297.9987019999999,3.9030736078031074,4.9397590480794245,44085.0,2.443877551020408
1298.1987018,3.1325971913587316,5.805301733701448,43651.0,2.4690721649484537
1298.3987015999999,3.4317123761235306,6.288703339680892,43390.0,2.419191919191919
1298.5987014,3.9936976722789583,5.649157381712689,43476.0,2.4690721649484537
1298.7987011999999,3.110339330448645,7.772281068508343,43910.0,2.4564102564102566
1298.998701,3.9771346665756604,1.2770218390310037,43953.0,2.395
1299.1987007999999,3.340889698590965,6.305210328861542,43363.0,2.481865284974093
1299.3987006,4.765461756373938,7.228993686439871,44125.0,2.4690721649484537
1299.5987003999999,4.403308731119896,6.8393091106151065,43763.0,2.371287128712871
1299.7987002,4.815781760793597,7.862576266675708,44355.0,2.395
1299.9986999999999,3.187401861502401,7.774897019149638,43943.0,2.4285714285714284
1300.1986998,2.581188795263038,2.3487895041114504,43910.0,2.4564102564102566
1300.3986995999999,2.645083878045436,3.035147643717716,43754.0,2.4690721649484537
1300.5986994,2.741443733810146,4.36557122583186,43623.0,2.4870466321243523
1300.7986991999999,4.739118450972736,16.714914748440464,43537.0,2.371287128712871
1300.998699,4.079840546697039,2.677849661748163,43900.0,2.4564102564102566
1301.1986987999999,4.154535984419584,4.29475707802455,44158.0,2.371287128712871
1301.3986986,3.6793808478687766,9.90612924670365,43285.0,2.463917525773196
1301.5986983999999,6.191547651127279,17.48003524921596,44532.0,2.371287128712871
1301.7986982,4.207384042842879,12.969386982437033,44068.0,2.5
1301.9986979999999,2.624308763625606,3.18599914632758,43943.0,2.507853403141361
1302.1986978,2.607335687435927,3.3280832727221106,43895.0,2.5185185185185186
1302.3986975999999,2.5706573951232903,3.222811159013172,43718.0,2.5614973262032086
1302.5986974,2.794139951740779,6.050717646224765,43515.0,2.5698924731182795
1302.7986971999999,4.649873592277637,18.80161830636033,43510.0,2.4690721649484537
1302.998697,4.833367470016613,8.530456564805428,43941.0,2.5614973262032086
1303.1986967999999,3.1673263928612285,8.622011964703498,43705.0,2.5891891891891894
1303.3986966,2.315608368507983,2.058844249092074,43592.0,2.5891891891891894
1303.5986963999999,2.4472570945096157,1.0724103288132278,43731.0,2.5891891891891894
1303.7986962,4.427385797247245,8.032364029953795,43738.0,2.5945945945945947
1303.9986959999999,8.694328283460624,55.3664749966417,39935.0,2.834319526627219
1304.1986958,3.628543177323665,10.249747141027223,39442.0,2.938650306748466
1304.3986955999999,2.7370696231500786,3.0735247808843327,39326.0,2.95679012345679
1304.5986954,2.4760162705620505,2.7435230480564607,39089.0,2.95679012345679
1304.7986951999999,2.3340507853537296,0.656941825368405,39027.0,2.9751552795031055
1304.998695,2.312253065832008,0.5999077718281558,38978.0,2.99375
1305.1986947999999,2.271348906535091,0.9021956960588279,38913.0,2.99375
1305.3986946,2.258008858673259,0.690421909957495,38832.0,3.0
1305.5986943999999,2.2793761278680074,0.6012827015627404,38790.0,2.99375
1305.7986942,2.285879125105772,1.3148188379460721,38999.0,3.0
1305.998694,5.901657015366875,12.141532045478165,39891.0,2.8682634730538923
1306.1986938,,206.81510799774563,20722.0,2.958677685950413
1306.3986936,,202.8223103637434,39689.0,2.8682634730538923
1306.5986934,2.7202651563254006,4.262113892868317,39373.0,2.903030303030303
1306.7986932,2.404833913640176,0.7131815945273797,39347.0,2.903030303030303
1306.998693,2.6183541730202298,1.6211651868729635,39348.0,2.909090909090909
1307.1986928,2.419707009927133,0.30160183342118313,39387.0,2.903030303030303
1307.3986926,2.5187611068799187,0.6607580672633769,39390.0,2.903030303030303
1307.5986924,2.355562322371092,0.20373436006996543,39408.0,2.891566265060241
1307.7986922,2.2986548223350254,1.1100833165287483,39400.0,2.891566265060241
1307.998692,2.484712710979863,1.0101774430680754,39281.0,2.903030303030303
1308.1986918,2.9134483284994657,1.0864348723744912,39306.0,2.891566265060241
1308.3986916,4.801457703735683,3.566906426387648,39377.0,2.926829268292683
1308.5986914,3.6349929164136814,3.7101435722757055,39528.0,2.9447852760736195
1308.7986912,2.8219356154257893,2.760003450081847,39233.0,2.962962962962963
1308.998691,5.055007653893448,8.987044111475742,39849.0,2.874251497005988
1309.1986908,3.8298943003085015,4.070814765368709,39546.0,2.891566265060241
1309.3986906,4.056114305981303,3.706449348267806,39473.0,2.8855421686746987
1309.5986904,3.481968378042281,5.137483180933202,39403.0,2.891566265060241
1309.7986902,3.163499948786234,5.630364219327354,39052.0,2.9691358024691357
1309.99869,4.769493615600031,4.996300878699896,38923.0,2.909090909090909
1310.1986898,3.0958589945112993,4.1878216069340555,38807.0,2.909090909090909
1310.3986896,2.643298220123502,3.21601013329666,38542.0,2.909090909090909
1310.5986894,3.7013694406618534,5.533448587972421,38921.0,2.8855421686746987
1310.7986892,3.6256923076923075,6.081948000162578,39000.0,2.8511904761904763
1310.998689,3.518754698395417,8.530933440065308,38577.0,2.9207317073170733
1311.1986888,3.2096778400939088,2.142617158161966,38335.0,2.938650306748466
1311.3986886,2.3771279373368146,0.6176647970518673,38300.0,2.950920245398773
1311.5986884,2.329343821046855,0.2217284819393632,38267.0,2.95679012345679
1311.7986882,2.490889997374639,3.003291224702099,38090.0,2.95679012345679
1311.998688,2.320503389207083,0.2431323987027886,38062.0,2.962962962962963
1312.1986878,2.33168044077135,0.22796997089719898,38115.0,2.962962962962963
1312.3986876,2.405326609408242,0.1304743287739702,38073.0,2.95679012345679
1312.5986874,2.4301959136509272,0.2718897405705399,38078.0,2.962962962962963
1312.7986872,2.376341265052339,0.5976006692162682,38117.0,2.962962962962963
1312.998687,2.2983257229832574,0.3189792675081658,38106.0,2.962962962962963
1313.1986868,2.344293342452061,1.0473117570231976,38017.0,2.962962962962963
1313.3986866,2.477338833359776,2.0474214919360185,37818.0,3.0
1313.5986864,2.33517514871117,0.31562912169496277,37825.0,3.0
1313.7986862,2.318945224681954,0.3040989980085532,37809.0,2.99375
1313.998686,2.3193575744725963,0.7406122192673702,37732.0,3.0
1314.1986858,2.377140581441657,1.3208047238557468,37665.0,3.0
1314.3986856,2.401775037865703,0.860907695611585,37633.0,3.018867924528302
1314.5986854,2.312013599298786,0.17437292015366146,37649.0,3.018867924528302
1314.7986852,2.339029373524027,0.5239490508537538,37687.0,3.0125786163522013
1314.998685,2.359618095263424,0.8176848771008978,37601.0,3.018867924528302
1315.1986848,2.441061296251898,0.6561326667134608,37539.0,3.018867924528302
1315.3986846,2.353227608961737,0.15285955254456374,37582.0,3.0125786163522013
1315.5986844,2.4890838984177637,0.6415983852089406,37605.0,3.018867924528302
1315.7986842,2.524139763518002,0.19034006484510035,37635.0,3.018867924528302
1315.998684,2.3992243943901403,1.3439747155844517,37648.0,3.0125786163522013
1316.1986838,2.4602250165453343,0.8075051303731398,37775.0,3.018867924528302
1316.3986836,2.443348320550119,0.4900526997800443,37810.0,3.018867924528302
1316.5986834,2.458300280289809,0.2752643637048563,37818.0,3.0
1316.7986832,2.3061402811978713,0.4937615698913132,37767.0,3.018867924528302
1316.998683,2.324589990196858,0.13879096636188182,37743.0,3.018867924528302
1317.1986828,2.3405484170088755,0.9096266164958721,37745.0,3.018867924528302
1317.3986826,2.369968135953266,1.1273686538771341,37660.0,3.018867924528302
1317.5986824,,268.46460718887664,16659.0,1.837837837837838
1317.7986822,,269.19567003107755,37599.0,3.0316455696202533
1317.998682,2.5374126060735445,3.0835869212188185,37474.0,3.037974683544304
1318.1986818,3.0505278234576414,2.3877907192307104,37702.0,3.0316455696202533
1318.3986816,6.750172974912231,16.86086951055762,39023.0,2.903030303030303
1318.5986814,4.778731836195509,8.058795870274942,39364.0,2.9447852760736195
1318.7986812,6.1815103632259385,28.554866822497424,38984.0,3.0
1318.998681,4.975770467987963,22.947410975159766,38548.0,3.0
1319.1986808,9.251002345109312,34.77419420147004,39657.0,2.76878612716763
1319.3986806,6.268805808007207,16.728559145000307,37741.0,2.8511904761904763
1319.5986804,4.985700410101446,6.071296625307027,37064.0,2.8511904761904763
1319.7986802,4.23455796659082,10.703124438720153,36038.0,2.926829268292683
1319.99868,3.644306510423915,1.3127317035227104,35927.0,2.938650306748466
1320.1986798,3.6190529875986472,6.5605794775022135,35480.0,3.018867924528302
1320.3986796,5.04503776371896,2.7417769775951633,35881.0,3.0573248407643314
1320.5986794,5.421202731236461,6.443690563162018,36467.0,2.9447852760736195
1320.7986792,10.77888214792823,26.104046300793634,38735.0,2.7848837209302326
1320.998679,6.479416855999134,27.811067348188843,36972.0,2.938650306748466
1321.1986788,4.67038936686521,3.5504984974881557,36264.0,2.9207317073170733
1321.3986786,3.1632533482142855,6.4990051342121085,35840.0,2.99375
1321.5986784,2.6201776258650153,2.19616610741086,35693.0,2.99375
1321.7986782,2.4343485332884627,1.0355111615287305,35658.0,3.018867924528302
1321.998678,2.539950959668555,1.3982713058185723,35481.0,3.037974683544304
1322.1986778,2.587052062204192,0.32556819963894407,35496.0,3.037974683544304
1322.3986776,,183.81129604229756,16818.0,2.90990990990991
1322.5986774,,183.06610623438283,35552.0,3.018867924528302
1322.7986772,2.371129943502825,1.4094173794601768,35400.0,3.0316455696202533
1322.998677,2.333842109726109,0.2600488314846966,35379.0,3.0316455696202533
1323.1986768,2.303234577692177,0.8094685607188957,35306.0,3.0316455696202533
1323.3986766,2.380659776299023,0.9531817091324534,35315.0,3.037974683544304
1323.5986764,7.125082453825858,16.646508908039568,36384.0,3.018867924528302
1323.7986762,5.651875982925185,5.626410877742587,35608.0,3.018867924528302
1323.998676,8.154146065828506,7.069970534569506,35395.0,2.891566265060241
1324.1986758,7.111370147744509,20.27685161352932,35602.0,2.834319526627219
1324.3986756,8.381683414877099,16.90381161110263,34133.0,2.95679012345679
1324.5986754,,197.40729099151463,17350.0,3.061946902654867
1324.7986752,,196.18280729498915,35301.0,3.050955414012739
1324.9986749999998,2.911851264927274,3.9363619833665426,35338.0,3.096774193548387
1325.1986748,3.2957021361322067,3.407863545479733,35157.0,3.1103896103896105
1325.3986745999998,8.638347388018836,16.10998149374488,36524.0,3.0705128205128207
1325.5986744,18.622503312853873,88.97371987648506,41505.0,2.823529411764706
1325.7986741999998,,276.3829288623018,21089.0,2.3135593220338984
1325.998674,,168.29788119553447,47490.0,2.721590909090909
1326.1986737999998,,369.7064226588532,25382.0,2.268292682926829
1326.3986736,,237.10261063819556,49080.0,2.7191011235955056
1326.5986733999998,5.631421156255593,37.45731971793547,44696.0,2.975609756097561
1326.7986732,4.6173294342490045,34.771280237582815,43429.0,2.9457831325301207
1326.9986729999998,5.429358591953369,5.87722869669816,43919.0,2.865497076023392
1327.1986728,6.877915211028231,12.884363499372272,42364.0,2.8128654970760234
1327.3986725999998,5.545012860817376,29.79523667986099,41988.0,2.807017543859649
1327.5986724,,448.5959435098641,17441.0,1.6134453781512605
1327.7986721999998,,480.5950095208645,40094.0,2.909090909090909
1327.998672,4.468397177419355,11.989208524768785,39680.0,2.962962962962963
1328.1986717999998,3.236743549345249,15.443149537620855,38717.0,3.0443037974683542
1328.3986716,,552.8126254475188,16900.0,1.5384615384615385
1328.5986713999998,13.868275225121218,84.5734763332427,17324.0,1.403225806451613
1328.7986712,,74.28116250359658,13804.0,1.5514018691588785
1328.9986709999998,,592.051044215825,37390.0,3.0943396226415096
1329.1986708,,571.311588510432,14156.0,1.5794392523364487
1329.3986705999998,4.8446587753909105,19.220188694235187,13686.0,1.6538461538461537
1329.5986704,,48.908607235290106,14461.0,1.6728971962616823
1329.7986701999998,,560.3409419652797,37279.0,3.236842105263158
1329.99867,,572.7132786630245,13792.0,1.6761904761904762
1330.1986697999998,,4.1453986642382965,13364.0,1.7087378640776698
1330.3986696,2.681525282389508,1.5697178706468955,13191.0,1.6990291262135921
1330.5986693999998,,585.3178149421058,36440.0,3.28
1330.7986692,,585.6872146905631,13149.0,1.7254901960784315
1330.9986689999998,11.182264330993116,22.60838305592397,14671.0,1.6574074074074074
1331.1986688,,15.674317046165456,14614.0,1.6111111111111112
1331.3986685999998,,9.746722798892751,14322.0,1.5636363636363637
1331.5986684,,574.550288981541,37871.0,3.1538461538461537
1331.7986681999998,3.8857521537442015,13.686078922238854,37725.0,3.1818181818181817
1331.998668,5.56767024903068,2.7742058890903936,38429.0,3.215686274509804
1332.1986677999998,,536.3000912905485,15133.0,1.9622641509433962
1332.3986676,4.931581488378509,14.762739179697173,14499.0,2.11
1332.5986673999998,,37.60120093394567,15402.0,2.23
1332.7986672,4.9244662323421275,19.190911304201894,15503.0,2.108910891089109
1332.9986669999998,3.991795077046228,19.466660827646304,14991.0,2.09
1333.1986668,8.280461654894047,19.739926763744258,15856.0,1.9622641509433962
1333.3986665999998,5.069533575917962,14.1930191709467,15115.0,2.0980392156862746
1333.5986664,,4.564912758918846,15187.0,2.108910891089109
1333.7986661999998,,3.446077983514409,14738.0,2.1313131313131315
1333.998666,2.7284795401669633,2.142275841646756,14614.0,2.1313131313131315
1334.1986657999998,,553.2220789175338,38250.0,3.3698630136986303
1334.3986656,,550.6712413948283,14501.0,2.163265306122449
1334.5986653999998,2.5770132377275234,0.3165210837389455,14504.0,2.163265306122449
1334.7986652,,2.8773701058109986,14707.0,2.1414141414141414
1334.9986649999998,,3.4530547716027757,14613.0,2.173469387755102
1335.1986648,2.7351089588377726,2.381955718263705,14455.0,2.195876288659794
1335.3986645999998,2.6653575857792475,1.5678613298455186,14514.0,2.173469387755102
1335.5986644,,2.1963513998389614,14725.0,2.1515151515151514
1335.7986641999998,,14.92483354937136,15313.0,2.0707070707070705
1335.998664,17.299244721318704,69.85550018705014,18139.0,2.2427184466019416
1336.1986637999998,,469.5636579104844,39521.0,3.2582781456953644
1336.3986636,,546.9239834654933,14623.0,1.8823529411764706
1336.5986633999999,7.821026116929604,27.12272828468301,15086.0,1.8365384615384615
1336.7986632,,545.6565588515394,40572.0,2.897590361445783
1336.9986629999999,6.240452223177702,27.39320451415249,39538.0,3.2133333333333334
1337.1986628,3.50545492783722,13.810683265578426,38039.0,3.292517006802721
1337.3986625999999,,524.430525184401,14662.0,2.2395833333333335
1337.5986624,5.482056384742952,25.76945247689349,15075.0,2.3020833333333335
1337.7986621999999,8.599436090225565,41.17515646163381,15960.0,2.24
1337.998662,,496.6058450566079,39391.0,3.404255319148936
1338.1986617999999,2.970390861123918,4.414265258525505,39042.0,3.5036496350364965
1338.3986616,,464.74813252760686,15126.0,2.7045454545454546
1338.5986613999999,,467.8871755401922,38865.0,3.562962962962963
1338.7986612,2.327127385250129,0.5258789874285739,38780.0,3.562962962962963
1338.9986609999999,2.296598604423617,1.1136948017534116,38837.0,3.536764705882353
1339.1986608,2.4008430142901203,1.4447072854073248,38908.0,3.5294117647058822
1339.3986605999999,2.557442992569818,1.974208534696108,39030.0,3.562962962962963
1339.5986604,10.734113712374581,30.900905260662153,40664.0,3.076923076923077
1339.7986601999999,14.273323044046064,57.67787601565295,42115.0,2.711764705882353
1339.99866,5.4646151593538,23.810545437155724,40978.0,3.151315789473684
1340.1986597999999,3.812534597703916,2.759442873463126,41549.0,3.1788079470198674
1340.3986596,4.322173552740618,1.3617494442114626,42235.0,3.2432432432432434
1340.5986593999999,4.146640249353662,7.975778359710028,41387.0,3.310344827586207
1340.7986592,5.415745214644118,8.6677728547089,43048.0,3.287671232876712
1340.9986589999999,4.876465284039675,22.212559340651246,42142.0,3.151315789473684
1341.1986588,3.2305926034491184,8.750498273455287,40938.0,3.221476510067114
1341.3986585999999,4.17512104283054,15.932368006205502,40275.0,3.303448275862069
1341.5986584,,431.12573812193443,13949.0,2.7011494252873565
1341.7986581999999,,455.49829795543764,38758.0,3.582089552238806
1341.998658,8.574889166482965,19.056194693650816,40827.0,3.6846153846153844
1342.1986577999999,3.95432335853368,5.7992932109786866,41137.0,3.6923076923076925
1342.3986576,2.6481275401586992,1.6348458597877094,41336.0,3.6846153846153844
1342.5986573999999,2.6034723560007706,1.668918446747461,41528.0,3.6923076923076925
1342.7986572,2.5342824847887258,0.7606868452976583,41581.0,3.7
1342.9986569999999,6.927549706765841,23.504242680496105,41946.0,3.397163120567376
1343.1986568,3.9205265960021296,15.806872708441201,41322.0,3.582089552238806
1343.3986565999999,2.638113316353501,2.3777638819775553,41618.0,3.574626865671642
1343.5986564,2.997099225661065,2.474469936197861,41713.0,3.582089552238806
1343.7986561999999,2.403062698642011,1.1374690644975984,41532.0,3.582089552238806
1343.998656,2.4778648029883117,0.7540142503674759,41495.0,3.6090225563909772
1344.1986557999999,2.3172678175330312,0.7853420648778513,41476.0,3.582089552238806
1344.3986556,2.3379894995424113,0.5521906005956654,41522.0,3.574626865671642
1344.5986553999999,2.7301492107662044,1.3805931470238528,41686.0,3.582089552238806
1344.7986552,2.4287911929428168,1.4238039015898087,41603.0,3.582089552238806
1344.9986549999999,2.4440856068639736,1.7633560749000108,41492.0,3.6090225563909772
1345.1986548,2.2988868542791057,0.3112303147085899,41504.0,3.601503759398496
1345.3986545999999,2.335264980282774,0.74923497186148,41588.0,3.582089552238806
1345.5986544,2.31210559275495,0.4007630475972223,41518.0,3.6090225563909772
1345.7986541999999,2.4658826353054124,1.1438231811624824,41665.0,3.574626865671642
1345.998654,2.553310187956423,1.175069353213776,41765.0,3.582089552238806
1346.1986537999999,2.555203761003574,1.363969169921852,41691.0,3.5555555555555554
1346.3986536,4.560817107263721,16.7094097686435,40778.0,3.380281690140845
1346.5986533999999,,407.1705084402394,16598.0,2.4946236559139785
1346.7986532,4.0554186451884355,12.852158563681549,16637.0,2.6333333333333333
1346.9986529999999,,410.20443048810523,40169.0,3.471014492753623
1347.1986528,2.773903657403921,4.321879530484879,39837.0,3.4963503649635035
1347.3986525999999,2.725450850901702,5.4250409592410245,39370.0,3.5555555555555554
1347.5986524,2.756996256779812,2.701778802451468,39271.0,3.582089552238806
1347.7986521999999,2.3877499238810516,1.177476475014258,39412.0,3.582089552238806
1347.998652,2.3643803684090505,0.7125129069149326,39467.0,3.582089552238806
1348.1986517999999,2.332809011568906,2.8442988276125933,39416.0,3.582089552238806
1348.3986516,2.382393327569547,0.8253818548710438,39326.0,3.582089552238806
1348.5986513999999,,395.3905888877331,16281.0,2.872093023255814
1348.7986512,,395.4160358180913,39498.0,3.582089552238806
1348.9986509999999,2.4295383989007076,1.801545572442002,39298.0,3.6090225563909772
1349.1986508,,394.7170595596021,16201.0,2.895348837209302
1349.3986505999999,,395.03969670921015,39331.0,3.601503759398496
1349.5986504,2.672090966519267,2.831164877951491,39575.0,3.582089552238806
1349.7986501999999,2.3142336966141555,0.5643686390291486,39547.0,3.574626865671642
1349.99865,,391.4135868257079,16210.0,2.872093023255814
1350.1986497999999,,394.98068825835946,39229.0,3.6363636363636362
1350.3986496,2.2942211567887383,0.39322643761283754,39212.0,3.6090225563909772
1350.5986493999999,,394.0301663700298,16139.0,2.929411764705882
1350.7986492,2.4915611814345993,0.24437722236237772,16116.0,2.929411764705882
1350.998649,,392.71954738932493,39252.0,3.6090225563909772
1351.1986488,2.5719210199477858,1.6943970178316723,39453.0,3.6090225563909772
1351.3986486,2.420067161900885,1.5215979484938849,39308.0,3.601503759398496
1351.5986484,,392.9166405550714,16098.0,2.9411764705882355
1351.7986482,,393.51455796658774,39218.0,3.628787878787879
1351.998648,,394.4832308942597,16258.0,2.883720930232558
1352.1986478,,394.0339859461053,39241.0,3.6363636363636362
1352.3986476,2.3500038254571423,1.6545918358341853,39211.0,3.628787878787879
1352.5986474,2.2708025100760167,0.18085578334798422,39202.0,3.6363636363636362
1352.7986472,,393.2637961701894,16052.0,2.9761904761904763
1352.998647,,392.53267401682575,39292.0,3.6363636363636362
1353.1986468,,390.02346365884426,16500.0,2.9069767441860463
1353.3986466,,2.164744822680624,16116.0,2.9523809523809526
1353.5986464,2.8591936087879164,1.6693435773423506,16022.0,2.9761904761904763
1353.7986462,,392.6736374624,39208.0,3.6363636363636362
1353.998646,2.340900395357735,0.5347870547386708,39205.0,3.628787878787879
1354.1986458,2.6158416851554334,2.063348374218879,39213.0,3.6090225563909772
1354.3986456,11.06048899985867,52.36620497234425,42454.0,3.1372549019607843
1354.5986454,,288.6983325549971,19475.0,2.3980582524271843
1354.7986452,,403.0052850088244,42553.0,2.801169590643275
1354.998645,,272.7870830478638,19386.0,2.0272727272727273
1355.1986448,,43.79422025397751,19375.0,1.8938053097345133
1355.3986446,,326.9054363700443,40384.0,3.1103896103896105
1355.5986444,4.291108881329385,8.89457391038368,40861.0,3.0125786163522013
1355.7986442,3.185637985103881,5.626885042493144,40816.0,3.0125786163522013
1355.998644,3.657774428535544,10.917714438599875,39810.0,3.116883116883117
1356.1986438,3.7102329285287676,4.832777725772921,40184.0,3.0903225806451613
1356.3986436,2.6638874283282004,3.7415290448685794,39939.0,3.1103896103896105
1356.5986434,2.4163121277341206,0.9356853853234414,39958.0,3.1437908496732025
1356.7986432,2.3573236436536775,1.4965349987128342,39905.0,3.130718954248366
1356.998643,2.3588783637779844,0.9930653216676396,39799.0,3.130718954248366
1357.1986428,,315.4382680083156,18079.0,2.104761904761905
1357.3986426,,315.9440083359787,39861.0,3.1372549019607843
1357.5986424,2.5512575932526733,2.810426715750735,39838.0,3.130718954248366
1357.7986422,2.3274291878873026,0.2099173733397126,39859.0,3.1372549019607843
1357.998642,2.550108602313482,2.1086758199029023,39594.0,3.151315789473684
1358.1986418,2.288905717531238,1.1086956895705133,39615.0,3.1578947368421053
1358.3986416,2.2737649321725044,0.5214151531430027,39512.0,3.1578947368421053
1358.5986414,2.3613822676251734,1.7457220772175555,39645.0,3.1578947368421053
1358.7986412,2.353775489602261,0.39812519272769836,39624.0,3.151315789473684
1358.998641,2.370808977959969,1.0674757575508311,39519.0,3.1578947368421053
1359.1986408,2.3616870279312616,0.6762365526731263,39454.0,3.1578947368421053
1359.3986406,2.299314566102638,1.1352562790868679,39537.0,3.151315789473684
1359.5986404,2.285725134799889,0.15449922023546642,39503.0,3.1788079470198674
1359.7986402,2.321218870216643,0.2888513401594066,39512.0,3.1578947368421053
1359.99864,,316.76150504211216,17816.0,2.125
1360.1986398,,316.3960931139404,39523.0,3.1578947368421053
1360.3986396,,315.99473062270033,17827.0,2.125
1360.5986394,,317.33062214177806,39458.0,3.1578947368421053
1360.7986392,2.2935793808143967,0.9826363223532126,39342.0,3.151315789473684
1360.998639,2.373953088231573,1.1635192499965088,39521.0,3.1578947368421053
1361.1986388,2.422572445348246,1.2370533638191443,39340.0,3.1788079470198674
1361.3986386,2.309238578680203,0.4745834560711512,39400.0,3.1578947368421053
1361.5986384,2.5140179815119668,1.6032360786326967,39485.0,3.151315789473684
1361.7986382,2.273702088825796,0.5748692498142377,39448.0,3.172185430463576
1361.998638,2.294029737328706,0.596408108672206,39479.0,3.151315789473684
1362.1986378,2.4583005607286936,2.4574030680896763,39413.0,3.151315789473684
1362.3986376,2.2724411047928514,0.8917898279813963,39392.0,3.1788079470198674
1362.5986374,,318.062024173778,17633.0,2.145631067961165
1362.7986372,,319.0093682565768,39520.0,3.151315789473684
1362.998637,2.7833463781654757,2.765600370837451,39607.0,3.1103896103896105
1363.1986368,2.9309225541410964,3.715441112488625,39434.0,3.1103896103896105
1363.3986366,4.069674800821767,4.472779276008366,39914.0,3.151315789473684
1363.5986364,4.169328179830138,5.356972027987967,39326.0,3.172185430463576
1363.7986362,2.9511872680124065,3.442202393780294,39334.0,3.221476510067114
1363.998636,2.7861290815546838,2.3521675208397026,39262.0,3.25
1364.1986358,,317.10478367198965,17262.0,2.19
1364.3986356,,320.76787829675163,39104.0,3.2432432432432434
1364.5986354,3.986548991174338,9.380910438012565,39997.0,3.151315789473684
1364.7986352,3.8617894365842607,3.672704727429337,39722.0,3.1933333333333334
1364.998635,2.7823390954417757,4.173693354759353,39511.0,3.2432432432432434
1365.1986348,2.5919910955958616,2.9688353874364264,39531.0,3.2432432432432434
1365.3986346,2.716625904412514,2.1098382257685335,39252.0,3.2653061224489797
1365.5986344,2.3776313100347437,0.8960899817193388,39144.0,3.258503401360544
1365.7986342,2.293121557576534,0.7085284506682353,39035.0,3.258503401360544
1365.998634,2.2870360877588682,1.1986855976734556,39016.0,3.280821917808219
1366.1986338,2.2820808951852993,0.7603032386094742,38964.0,3.280821917808219
1366.3986336,2.288956282608137,0.9544068603564111,38909.0,3.280821917808219
1366.5986334,2.28571060828378,0.5899023767311065,38847.0,3.287671232876712
1366.7986332,2.5333058999022686,3.0626161638438445,38882.0,3.280821917808219
1366.998633,,313.1421538823189,17175.0,2.313131313131313
1367.1986328,,309.53206635085286,39115.0,3.2364864864864864
1367.3986326,2.3176031494452682,1.419359837423821,39118.0,3.2432432432432434
1367.5986324,2.6927909292882863,2.761477533295025,39159.0,3.221476510067114
1367.7986322,2.8211577254040803,3.9066547476032105,39163.0,3.2432432432432434
1367.998632,2.3572049054675523,1.2847584724673442,39140.0,3.2364864864864864
1368.1986318,2.3547093676575748,0.5363927396119021,39156.0,3.2432432432432434
1368.3986316,2.6689992281965527,2.0880664602408827,38870.0,3.2653061224489797
1368.5986314,2.3699909689072376,0.7302472810881863,38755.0,3.2653061224489797
1368.7986311999998,2.5846592807752615,1.8182120123094927,38903.0,3.2432432432432434
1368.998631,2.6175927351085115,1.86302554821781,38982.0,3.258503401360544
1369.1986307999998,2.4435276578243883,2.3809298462740296,38904.0,3.258503401360544
1369.3986306,6.423326566924793,18.25459074202145,39903.0,3.130718954248366
1369.5986303999998,7.275166503544914,25.066863762755254,41891.0,2.95679012345679
1369.7986302,5.202629309340109,19.326129990374724,42901.0,2.8511904761904763
1369.9986299999998,6.175154092842359,19.271165921124588,43967.0,2.6759776536312847
1370.1986298,3.675406624447583,5.327911199982627,43898.0,2.6759776536312847
1370.3986295999998,3.274283757561922,1.919604976649908,43805.0,2.6666666666666665
1370.5986294,2.7853065902578797,3.96255834807378,43625.0,2.6759776536312847
1370.7986291999998,3.7707042638483963,1.2361754988928746,43904.0,2.721590909090909
1370.998629,3.7480677869956747,13.91825852025099,42309.0,2.8176470588235296
1371.1986287999998,,323.5534058115464,19333.0,1.8376068376068375
1371.3986286,,320.85021783015145,43124.0,2.7848837209302326
1371.5986283999998,,321.34750799739356,21544.0,1.6640625
1371.7986282,,322.50329084366916,43010.0,2.801169590643275
1371.9986279999998,3.9930142481671047,3.587013641525557,43374.0,2.8176470588235296
1372.1986278,3.592516990466127,10.403597842026649,41641.0,2.8855421686746987
1372.3986275999998,3.527535121939545,2.687986964248715,41783.0,2.9207317073170733
1372.5986274,2.9222160851084267,1.5957484946003437,41641.0,2.9207317073170733
1372.7986271999998,,327.2194703240061,19500.0,1.8869565217391304
1372.998627,,328.6104374527372,41321.0,2.9207317073170733
1373.1986267999998,5.767793656326246,16.874367801736216,43035.0,2.8176470588235296
1373.3986266,4.150005730659026,7.109690802383253,43625.0,2.823529411764706
1373.5986263999998,2.989800156920663,1.8212903098127198,43334.0,2.857142857142857
1373.7986262,4.653333028215749,14.386140694263915,43699.0,2.737142857142857
1373.9986259999998,4.864530748693096,9.472517461192812,44571.0,2.737142857142857
1374.1986258,3.382274918686997,10.16869772994589,43351.0,2.7848837209302326
1374.3986255999998,2.620354249367412,2.4449422594740704,43077.0,2.7848837209302326
1374.5986254,3.129898001569207,1.8517814571459743,43334.0,2.823529411764706
1374.7986251999998,3.175815584354048,7.824585496112427,42209.0,2.8511904761904763
1374.998625,2.8279272623275102,2.7229494897088897,41959.0,2.8682634730538923
1375.1986247999998,,328.5297442354616,20004.0,1.8235294117647058
1375.3986246,,317.770718887949,43234.0,2.7848837209302326
1375.5986243999998,2.8216031165151696,6.448146160936573,42355.0,2.801169590643275
1375.7986242,2.782014797951053,3.1731800521239806,42168.0,2.8511904761904763
1375.9986239999998,2.6111787017820083,3.5515553420338706,41919.0,2.8682634730538923
1376.1986238,2.7533920323325636,3.7076759109541917,41568.0,2.903030303030303
1376.3986235999998,3.3611531513938386,6.429694839462002,40966.0,2.874251497005988
1376.5986234,2.8262810123426005,9.0440008982276,40105.0,2.938650306748466
1376.7986231999998,2.3849077361604243,2.182877229453912,39994.0,2.95679012345679
1376.998623,2.4791509481414415,2.333586671059054,39762.0,2.9751552795031055
1377.1986227999998,5.130099683929005,8.075791658518622,41130.0,2.962962962962963
1377.3986226,3.558996765316468,6.512618253901779,41426.0,3.0
1377.5986223999998,8.19553416659064,22.385404241806647,43844.0,2.834319526627219
1377.7986222,5.983104257458934,22.7396459741522,44745.0,2.691011235955056
1377.9986219999998,4.486076677882061,4.918493743895787,45176.0,2.6759776536312847
1378.1986218,3.9086553744153307,14.033453446526154,44042.0,2.737142857142857
1378.3986215999998,3.6514836258368013,2.1693595993090935,44216.0,2.727272727272727
1378.5986214,3.7636575768667644,11.918821669336882,43712.0,2.6759776536312847
1378.7986211999998,4.092733039161611,12.574042595998334,43512.0,2.737142857142857
1378.998621,3.5910643404412443,10.538872308780846,43332.0,2.737142857142857
1379.1986207999998,7.959196400730545,28.48310650606621,44898.0,2.4564102564102566
1379.3986206,3.7361625739338566,14.438514977086658,43451.0,2.547872340425532
1379.5986203999998,6.434042150578328,29.69491718904543,42277.0,2.9751552795031055
1379.7986202,4.289583908103634,22.854167039960824,39871.0,3.018867924528302
1379.9986199999998,,407.7954414886998,16316.0,1.6071428571428572
1380.1986198,,426.70096093085056,36159.0,2.8855421686746987
1380.3986195999998,3.7637024608501117,6.3608308327157275,35760.0,2.874251497005988
1380.5986194,9.26121142343658,43.96913081846044,35611.0,3.116883116883117
1380.7986191999998,3.5206453068592056,6.488558178446929,35456.0,3.172185430463576
1380.998619,,441.63781011891996,13164.0,1.6699029126213591
1381.1986187999998,,433.9076021953445,36111.0,3.0573248407643314
1381.3986186,7.053436753536058,10.163570832699895,37259.0,3.050955414012739
1381.5986183999999,4.034134539525588,13.055312166461157,38026.0,3.0
1381.7986182,4.372451880126695,12.520570603471857,36939.0,3.0573248407643314
1381.9986179999999,3.7468050039177543,8.280585228508778,37011.0,3.076923076923077
1382.1986178,8.333561835123264,33.95050812338714,39387.0,3.0125786163522013
1382.3986175999999,12.861034967701952,50.087972134479145,41953.0,2.823529411764706
1382.5986174,8.301864828467737,19.1281251009417,43811.0,2.742857142857143
1382.7986171999999,,343.9775909291285,16110.0,2.0
1382.998617,8.024574544976675,38.235274619742675,15219.0,2.163265306122449
1383.1986167999999,7.766920251836306,37.47755441603487,15248.0,2.247422680412371
1383.3986166,,338.19175558226857,40254.0,3.156862745098039
1383.5986163999999,8.097598741612801,28.532031457782683,40687.0,3.031055900621118
1383.7986162,5.945142826575371,34.42243061951107,37388.0,3.0903225806451613
1383.9986159999999,7.270040876575451,18.341963165576423,35228.0,3.326530612244898
1384.1986158,,577.9527079090134,12558.0,1.75
1384.3986155999999,,88.02623714904053,13043.0,1.4601769911504425
1384.5986154,12.287897099447514,23.66429489938502,11584.0,1.4766355140186915
1384.7986151999999,15.14005016722408,19.239817819379702,11960.0,1.4587155963302751
1384.998615,17.061800917357367,28.45976674538026,12427.0,1.6826923076923077
1385.1986147999999,7.011779389968016,7.488816099643997,12819.0,1.8775510204081634
1385.3986146,7.098865478119935,9.012093120467414,12957.0,1.811881188118812
1385.5986143999999,7.926550225001907,5.321618216511235,13111.0,1.95
1385.7986142,14.753261677820591,14.384269813393937,14793.0,1.9615384615384615
1385.9986139999999,9.610558642878035,24.256885503151967,13676.0,1.8
1386.1986138,7.000773574688636,6.604941272517963,12927.0,1.8155339805825244
1386.3986135999999,11.578051548062895,36.64326437853718,12338.0,1.8686868686868687
1386.5986134,,627.0156452257345,35004.0,3.4265734265734267
1386.7986131999999,,603.9603530319133,11455.0,1.9893617021276595
1386.998613,4.190920881971466,8.47083527455273,11565.0,2.097826086956522
1387.1986127999999,3.273300509631165,0.4204282031898059,11577.0,2.053763440860215
1387.3986126,3.5987578726382083,1.7551776643110728,11432.0,2.053763440860215
1387.5986123999999,3.336590949110759,2.6077981005836883,11358.0,2.0760869565217392
1387.7986122,,594.6936834150763,35417.0,3.310810810810811
1387.9986119999999,3.431443610320131,15.388640078987347,34767.0,3.482269503546099
1388.1986118,,587.4927004429157,12144.0,2.127659574468085
1388.3986115999999,12.41387143181646,8.61565898715585,13207.0,2.1237113402061856
1388.5986114,,10.448523430277133,13048.0,2.265957446808511
1388.7986111999999,,5.656059266734994,13210.0,2.294736842105263
1388.998611,7.449706314243759,8.688419646348416,13620.0,2.1717171717171717
1389.1986107999999,,564.021943075247,36451.0,3.4027777777777777
1389.3986106,,561.2632455681706,13418.0,2.2371134020618557
1389.5986103999999,3.3989373643642895,2.6112688692025268,13363.0,2.2371134020618557
1389.7986102,,561.8007016606981,36588.0,3.4265734265734267
1389.9986099999999,2.602797355624761,1.1713071334845893,36606.0,3.4265734265734267
1390.1986098,,559.606340588214,13203.0,2.263157894736842
1390.3986095999999,2.9713643178410796,1.367553027185048,13340.0,2.294736842105263
1390.5986094,3.4120494489127196,1.0668935471845582,13428.0,2.263157894736842
1390.7986091999999,,1.0588491094497874,13788.0,2.2604166666666665
1390.998609,,2.3973979843210476,13433.0,2.2526315789473683
1391.1986087999999,,559.4819452811967,36621.0,3.5
1391.3986086,,559.9392203823828,13360.0,2.3085106382978724
1391.5986083999999,,3.4038866926352855,13452.0,2.2736842105263158
1391.7986082,,2.9118867813757494,13286.0,2.297872340425532
1391.9986079999999,3.0781426953567386,1.8124560542276855,13245.0,2.3118279569892475
1392.1986078,5.222658313835006,8.396878037642225,13249.0,2.221052631578947
1392.3986075999999,4.643553794574824,3.3813197769822105,13124.0,2.223404255319149
1392.5986074,7.012161863344881,19.114929561296222,13567.0,2.3655913978494625
1392.7986071999999,,544.0698433472662,37477.0,3.482269503546099
1392.998607,2.6085188356164384,1.2818479786914674,37376.0,3.482269503546099
1393.1986067999999,2.721399839098954,3.9559333088126944,37290.0,3.507142857142857
1393.3986066,2.487169152223566,0.6676614835723382,37215.0,3.482269503546099
1393.5986063999999,,546.124446619556,13457.0,2.3763440860215055
1393.7986062,2.8752689767752466,1.0442181865463347,13477.0,2.351063829787234
1393.9986059999999,2.773970051404306,1.4251291615448267,13423.0,2.3655913978494625
1394.1986058,,551.202267847985,36824.0,3.5251798561151078
1394.3986055999999,2.431516137781394,0.643266837215854,36870.0,3.5
1394.5986054,2.4255866890683433,1.1740458342878417,36902.0,3.5251798561151078
1394.7986051999999,,547.2618694139122,13388.0,2.3763440860215055
1394.998605,,548.5153441543558,36858.0,3.5
1395.1986047999999,,549.4850920313099,13325.0,2.3655913978494625
1395.3986046,2.8333333333333335,0.6458465704053525,13326.0,2.3404255319148937
1395.5986043999999,2.879721223021583,0.2708951002059627,13344.0,2.3655913978494625
1395.7986042,2.896970605878824,1.2228780748300008,13336.0,2.3548387096774195
1395.998604,2.8808321398959826,0.7401975869900357,13267.0,2.3655913978494625
1396.1986038,3.0371857013026355,1.0455596866109163,13204.0,2.391304347826087
1396.3986036,,550.9546958729253,36696.0,3.5251798561151078
1396.5986034,,550.3248548617672,13159.0,2.3548387096774195
1396.7986032,,549.4816441092652,36740.0,3.5323741007194243
1396.998603,,549.2767076449951,13188.0,2.3655913978494625
1397.1986028,2.8,0.8793191279903105,13210.0,2.402173913043478
1397.3986026,3.037869643934822,1.7271617014143943,13256.0,2.3655913978494625
1397.5986024,2.794518473652332,0.7079177323165595,13208.0,2.3655913978494625
1397.7986022,2.7749395405078596,1.0847922579103269,13232.0,2.3548387096774195
1397.998602,2.817198608379973,0.48435612529046407,13222.0,2.3655913978494625
1398.1986018,2.8325747231072675,0.5836765570239804,13182.0,2.391304347826087
1398.3986016,2.9719690063810393,1.2122199777556577,13164.0,2.3548387096774195
1398.5986014,3.035065228866601,0.922487081465463,13261.0,2.3655913978494625
1398.7986012,2.7659751037344398,1.4258901639643486,13255.0,2.3655913978494625
1398.998601,3.1310687022900763,1.0952437736429195,13100.0,2.3655913978494625
1399.1986008,3.043207981580967,1.9046198880690013,13030.0,2.380434782608696
1399.3986006,2.8656956688386357,0.2862326876513096,13045.0,2.4065934065934065
1399.5986004,,551.5341339836134,36542.0,3.5323741007194243
1399.7986002,7.548407922939855,24.588055189512552,38723.0,3.4166666666666665
1399.9986,,557.532569565113,13386.0,2.0408163265306123
1400.1985998,,550.2426313508103,36531.0,3.174193548387097
1400.3985996,6.05607476635514,1.8007214268805678,37022.0,3.223684210526316
1400.5985994,4.483819701328949,8.491343077136348,36495.0,3.3175675675675675
1400.7985992,5.919927882065966,17.923110445035388,37716.0,3.2026143790849675
1400.998599,,564.392050776274,14692.0,1.97196261682243
1401.1985988,,579.6699784357345,37045.0,3.175324675324675
1401.3985986,4.947480001130678,25.70009628437528,35377.0,3.2818791946308723
1401.5985984,,579.5242224117163,12373.0,1.9801980198019802
1401.7985982,,582.916499952892,35279.0,3.310810810810811
1401.998598,,583.6520967689627,12155.0,1.9306930693069306
1402.1985978,,585.0606179624275,35277.0,3.310810810810811
1402.3985976,,580.8281880196984,12234.0,1.9603960396039604
1402.5985974,,590.0806815238301,34904.0,3.356164383561644
1402.7985972,2.7094876822095304,7.126956799268728,35193.0,3.3333333333333335
1402.998597,,579.7617251994719,12046.0,1.98
1403.1985968,,589.8704034105516,34813.0,3.3493150684931505
1403.3985966,,587.5024420073702,11924.0,2.01010101010101
1403.5985964,,581.641761131761,35047.0,3.3333333333333335
1403.7985962,2.5581321565573534,7.276730610427555,34671.0,3.3493150684931505
1403.998596,2.408969152337337,1.3354702240701077,34719.0,3.3493150684931505
1404.1985958,2.416134782358691,0.20119461030947408,34782.0,3.372413793103448
1404.3985956,,586.4451074381254,12113.0,2.01
1404.5985954,,583.3089456387075,34946.0,3.3493150684931505
1404.7985952,,583.5597359097357,12092.0,2.0202020202020203
1404.998595,,589.4144730361003,34696.0,3.3793103448275863
1405.1985948,2.415830417305301,3.2015749721381246,34579.0,3.372413793103448
1405.3985946,2.431979052770904,4.147173695574879,34754.0,3.3493150684931505
1405.5985944,,585.9222651371928,11902.0,2.0
1405.7985942,,585.190185972883,34938.0,3.3493150684931505
1405.998594,2.3673211257078792,0.9488214188725272,34787.0,3.372413793103448
1406.1985938,2.3769306131858,2.1734335561746216,34704.0,3.3793103448275863
1406.3985936,,583.8404464725999,11673.0,2.020408163265306
1406.5985934,2.918827029324267,1.7762291254526126,11765.0,2.0510204081632653
1406.7985932,3.487410371852593,2.981007276759523,11994.0,2.01010101010101
1406.998593,2.8082514074447524,2.0964313327407864,11901.0,2.0510204081632653
1407.1985928,3.2923976608187133,4.399225243062326,11628.0,2.0306122448979593
1407.3985926,2.6970059880239523,1.3368822713765962,11690.0,2.020408163265306
1407.5985924,2.888547271329746,1.9880668021003403,11709.0,2.020408163265306
1407.7985922,2.74823689353386,0.8990878805740757,11769.0,2.020408163265306
1407.998592,2.7427502338634238,0.21158791424001697,11759.0,2.020408163265306
1408.1985918,3.7095881218018625,4.808589884943313,11921.0,2.0306122448979593
1408.3985916,12.175096426752056,29.857095280347043,13741.0,1.8425925925925926
1408.5985914,,547.5306132708771,37883.0,3.0754716981132075
1408.7985912,10.74528279210634,57.96530755801257,41603.0,2.934131736526946
1408.998591,,494.37514729268963,17296.0,1.9473684210526316
1409.1985908,,511.62763159773203,41334.0,2.981707317073171
1409.3985906,,464.2823219702852,20516.0,2.025
1409.5985904,,457.29297325791623,43923.0,3.1139240506329116
1409.7985902,9.050029390634185,26.626792709792653,45933.0,2.8304093567251463
1409.99859,,435.3974024924707,21330.0,2.265486725663717
1410.1985898,,451.3978444741034,46217.0,3.05625
1410.3985896,6.093364113509158,18.667309378620832,45917.0,3.0
1410.5985894,6.327615232169114,30.35500512480367,46927.0,3.1538461538461537
1410.7985892,4.184363039912521,13.116075797614652,45725.0,3.2866666666666666
1410.998589,3.783541800893115,13.806940272120412,45011.0,3.324324324324324
1411.1985888,4.5325622896383475,13.129475113338287,44269.0,3.4405594405594404
1411.3985886,,404.50694406666474,18272.0,3.227272727272727
1411.5985884,4.3760723127410905,8.49304487176012,17369.0,3.302325581395349
1411.7985882,3.102838502918622,7.5850754685539865,17474.0,3.3411764705882354
1411.998588,,407.554021328835,46660.0,3.189542483660131
1412.1985878,3.568547312305642,14.14039561723943,45020.0,3.326530612244898
1412.3985876,7.654937716707333,22.952310934194795,46722.0,3.1437908496732025
1412.5985874,5.1923101515377565,31.036955613142144,46919.0,3.2666666666666666
1412.7985872,3.088186211828959,7.5256818611056495,46141.0,3.3401360544217686
1412.9985869999998,,370.1696612541233,21680.0,3.0
1413.1985868,,389.27605061454585,51040.0,3.188311688311688
1413.3985865999998,3.5803590784572634,4.943399071088996,50741.0,3.2733333333333334
1413.5985864,3.4567969859798655,23.004155630764625,48573.0,3.2666666666666666
1413.7985861999998,3.91810036231098,10.210764148515667,46093.0,3.2533333333333334
1413.998586,,376.5382060355756,22008.0,2.871287128712871
1414.1985857999998,,369.2621251618611,46361.0,3.310810810810811
1414.3985856,2.9200043511367344,4.756365138910363,45965.0,3.3401360544217686
1414.5985853999998,2.466721912072575,1.4889406936002467,45856.0,3.386206896551724
1414.7985852,8.743336092715232,28.45618452178399,48320.0,3.2666666666666666
1414.9985849999998,3.6487683308617567,9.104149527939018,48552.0,3.3401360544217686
1415.1985848,2.5237977193852257,1.3395561038550288,48408.0,3.363013698630137
1415.3985845999998,2.420022776684957,2.044904470718542,48295.0,3.363013698630137
1415.5985844,2.4842675860350165,2.182542691544216,48149.0,3.393103448275862
1415.7985841999998,2.4281531017008993,0.7788733396024095,48151.0,3.386206896551724
1415.998584,2.413174025974026,0.26490433182415607,48125.0,3.393103448275862
1416.1985837999998,2.4793271432735144,1.781383008806914,48034.0,3.363013698630137
1416.3985836,4.7721799680848855,10.904193326485416,48253.0,3.26
1416.5985833999998,4.111486558737355,20.37540125487394,46759.0,3.175324675324675
1416.7985832,4.58052623494042,14.279667769619401,45569.0,3.2818791946308723
1416.9985829999998,3.6327041852027815,9.342225764843308,46306.0,3.310810810810811
1417.1985828,3.394923334621827,5.094362665760946,46566.0,3.310810810810811
1417.3985825999998,2.8442067427408353,4.689838741036833,46183.0,3.363013698630137
1417.5985824,3.0461053089643166,1.1041148539805128,45960.0,3.363013698630137
1417.7985821999998,5.605331475970367,16.342124080866917,47379.0,3.1146496815286624
1417.998582,,379.428655791192,23088.0,2.596330275229358
1418.1985817999998,7.1874059207225285,4.583851402615736,23916.0,2.7403846153846154
1418.3985816,,403.47850027898266,46870.0,3.0316455696202533
1418.5985813999998,5.5236027870137026,19.84021790617383,47219.0,3.1788079470198674
1418.7985812,,312.90196534969687,23981.0,3.0098039215686274
1418.9985809999998,7.19718424811263,46.229624735046215,24505.0,2.990566037735849
1419.1985808,4.750630800153958,23.53242034970631,23383.0,3.0918367346938775
1419.3985805999998,,314.29699134699325,46460.0,3.287671232876712
1419.5985804,3.0585576647485504,10.706422009618745,45357.0,3.4285714285714284
1419.7985801999998,,298.4641292854558,24696.0,3.1584158415841586
1419.99858,,294.3929791254331,47813.0,3.280821917808219
1420.1985797999998,2.5725609756097563,2.6566617437149964,47560.0,3.3333333333333335
1420.3985796,2.604842087626707,1.8518952740353072,47748.0,3.326388888888889
1420.5985793999998,2.395420999664542,3.1388419869983903,47696.0,3.3194444444444446
1420.7985792,2.7797798009739574,4.418788069437261,47230.0,3.3496503496503496
1420.9985789999998,4.425107814208777,7.696629988938823,48463.0,3.303448275862069
1421.1985788,3.7417308197450043,4.617807824039033,49491.0,3.287671232876712
1421.3985785999998,3.283847240691489,16.288208790562187,48128.0,3.2432432432432434
1421.5985784,3.427005032658743,6.205416432206287,46695.0,3.2364864864864864
1421.7985781999998,,312.7951503986875,23008.0,3.04040404040404
1421.998578,,316.54917299756215,46480.0,3.310344827586207
1422.1985777999998,2.648742260899684,3.1584663538402546,46194.0,3.326388888888889
1422.3985776,3.052309273494208,2.7457289674106495,46703.0,3.326388888888889
1422.5985773999998,2.7673475518173625,5.892164293325096,46606.0,3.3566433566433567
1422.7985772,8.832295294000597,29.30540450518227,50255.0,3.280821917808219
1422.9985769999998,3.50097960362144,21.74571614274432,48489.0,3.3333333333333335
1423.1985768,3.9657650301112586,7.543803014185354,48985.0,3.214765100671141
1423.3985765999998,,319.2175526180043,23566.0,2.9705882352941178
1423.5985764,,319.62426543849324,48107.0,3.1372549019607843
1423.7985761999998,3.4701932387487897,12.867200642527749,47506.0,3.2
1423.998576,3.59481924161441,15.299317790675309,47522.0,3.214765100671141
1424.1985757999998,4.12653613830452,18.479654220592067,48010.0,3.221476510067114
1424.3985756,3.0387504011982456,9.82873981533875,46735.0,3.280821917808219
1424.5985753999998,,295.76222835459123,22828.0,3.0412371134020617
1424.7985752,,298.0594737296174,46753.0,3.3333333333333335
1424.9985749999998,2.858726829059463,3.4006615300888163,46718.0,3.303448275862069
1425.1985748,5.766527230971128,12.6064549022398,48768.0,3.2432432432432434
1425.3985745999998,2.9302122710090144,5.312620295663807,48146.0,3.258503401360544
1425.5985744,2.4397654695843367,4.732431011481442,47755.0,3.310344827586207
1425.7985741999998,,1075.200460349786,11674.0,3.2295081967213113
1425.998574,,1130.2030879072875,25291.0,4.822916666666667
1426.1985737999998,,214.05286215499012,47665.0,3.326388888888889
1426.3985736,2.3911476446411633,2.4551763158937536,47445.0,3.3496503496503496
1426.5985733999999,2.476927959377975,1.6394166687073617,47265.0,3.3496503496503496
1426.7985732,2.3569918836658776,0.6663048857381413,47312.0,3.326388888888889
1426.9985729999999,2.7097652047338774,3.9506125502259857,47403.0,3.3496503496503496
1427.1985728,,211.53030965351667,25040.0,4.852631578947369
1427.3985725999999,,213.16497279537387,47039.0,3.3496503496503496
1427.5985724,2.337895564576116,0.37337929480035553,47053.0,3.3566433566433567
1427.7985721999999,2.273543364036674,0.9696941172503114,47009.0,3.3496503496503496
1427.998572,2.3485795696180998,0.8335174590553488,47028.0,3.3566433566433567
1428.1985717999999,2.5621802899412054,2.860584473399102,47113.0,3.3496503496503496
1428.3985716,2.4986567164179103,2.083542941799384,46900.0,3.3732394366197185
1428.5985713999999,2.3011090454516316,1.0475732874160957,46797.0,3.380281690140845
1428.7985712,2.3126054728387415,0.269859067266182,46813.0,3.380281690140845
1428.9985709999999,2.7583182928124006,2.6396339250639467,47095.0,3.3566433566433567
1429.1985708,2.3669793221061606,1.8773012829291646,46910.0,3.3566433566433567
1429.3985705999999,,382.20077640332255,26658.0,2.4705882352941178
1429.5985704,,323.63040320607956,49096.0,2.8433734939759034
1429.7985701999999,11.0094176058003,61.688010629966506,50756.0,2.801169590643275
1429.99857,9.811293724382187,75.96597832995715,50258.0,2.691011235955056
1430.1985697999999,8.714110452606546,50.94311841382373,52982.0,2.7062146892655368
1430.3985696,3.778042681863116,6.877307816593087,51591.0,2.7528735632183907
1430.5985693999999,,1030.9630234960168,5858.0,7.103448275862069
1430.7985692,,1057.3246025792444,50170.0,2.76878612716763
1430.9985689999999,2.776627573001436,8.045906180853207,50136.0,2.7790697674418605
1431.1985688,2.4830493165532608,3.1957701482245433,49821.0,2.801169590643275
1431.3985685999999,,1057.9573358254859,6131.0,6.451612903225806
1431.5985684,,1035.8307389104152,52305.0,2.7528735632183907
1431.7985681999999,2.906055427886787,6.630381575644163,50913.0,2.7848837209302326
1431.998568,3.3708862270683273,13.622679633449426,50258.0,2.8682634730538923
1432.1985677999999,2.908534244083827,6.41542953232068,49483.0,2.896969696969697
1432.3985676,3.567324275438523,19.66825639054108,47546.0,3.037974683544304
1432.5985673999999,,1010.9204726076231,8954.0,4.511111111111111
1432.7985672,,1008.255319284594,48944.0,3.0125786163522013
1432.9985669999999,3.823952149265723,30.353931986690252,44806.0,3.1788079470198674
1433.1985668,3.2989924790691076,23.00405491151546,42282.0,3.326388888888889
1433.3985665999999,2.8276270303546904,9.379405507863837,42234.0,3.3732394366197185
1433.5985664,2.324885936502683,2.284934682627056,42301.0,3.404255319148936
1433.7985661999999,2.2683636535686404,1.1523002227686348,42271.0,3.397163120567376
1433.998566,4.62179047095977,16.855714007754763,43698.0,3.2653061224489797
1434.1985657999999,23.35324898615186,114.13675285648637,53509.0,2.575268817204301
1434.3985656,4.317268588770865,54.85274760806547,49425.0,2.828402366863905
1434.5985653999999,2.5514095000918573,7.437229183721625,48989.0,2.8682634730538923
1434.7985652,2.409679142188078,4.892796443960155,48682.0,2.8855421686746987
1434.9985649999999,2.357826622843057,3.2651241464756917,48680.0,2.909090909090909
1435.1985648,2.3680852815278235,3.663119447126078,48592.0,2.903030303030303
1435.3985645999999,2.363510726072607,3.184229797578054,48480.0,2.9207317073170733
1435.5985644,2.5176634098782333,3.949153630439807,48207.0,2.938650306748466
1435.7985641999999,2.294774025974026,0.7438827583914724,48125.0,2.938650306748466
1435.998564,2.413296835469288,3.035863750422772,48222.0,2.938650306748466
1436.1985637999999,2.313890446812488,1.8165001686355298,48141.0,2.95679012345679
1436.3985636,2.3482152149026954,1.0229161283632915,48045.0,2.95679012345679
1436.5985633999999,2.4280549227779056,3.633449887555359,47849.0,2.962962962962963
1436.7985632,,253.90464923314306,25284.0,2.6
1436.9985629999999,,255.0609789570532,47830.0,2.95679012345679
1437.1985628,2.3352618058021264,2.7677862725794977,47879.0,2.938650306748466
1437.3985625999999,2.4548514561685937,4.683100841259615,47831.0,2.962962962962963
1437.5985624,2.4085305874720078,2.583866821098086,47781.0,2.9751552795031055
1437.7985621999999,2.443896708690818,1.8088626741170843,47671.0,2.9751552795031055
1437.998562,3.092196075170464,6.585834065369929,48104.0,2.95679012345679
1438.1985617999999,2.838214263508052,7.6761844472746175,48249.0,2.9447852760736195
1438.3985616,2.6593883754109546,4.090183832115052,48363.0,2.9207317073170733
1438.5985613999999,2.3568084841957,3.1232737457510193,48278.0,2.9447852760736195
1438.7985612,2.3426864928762523,0.8238304297730044,48219.0,2.9447852760736195
1438.9985609999999,2.3111485012774975,0.5958312377003344,48141.0,2.9447852760736195
1439.1985608,2.3144039425256286,1.980091706983682,48091.0,2.962962962962963
1439.3985605999999,,257.07531243943646,25410.0,2.6578947368421053
1439.5985604,,256.42433446761726,47930.0,2.95679012345679
1439.7985601999999,2.2630646035784294,0.39163371510564143,47954.0,2.95679012345679
1439.99856,2.321260465697505,2.0111226827667315,48014.0,2.95679012345679
1440.1985597999999,2.329473749973969,0.9865892825533266,48019.0,2.95679012345679
1440.3985596,2.4853586050668164,2.3783614242488746,48117.0,2.981366459627329
1440.5985593999999,,1020.6337935720987,8872.0,4.488888888888889
1440.7985592,,1021.5893679746941,47989.0,2.9751552795031055
1440.998559,2.4786026383459117,2.8738303056683883,47833.0,2.981366459627329
1441.1985588,2.2786549279575063,0.8522400290210739,47819.0,2.95679012345679
1441.3985586,,208.41176380163068,26547.0,3.824561403508772
1441.5985584,,209.1207400840791,47801.0,2.9751552795031055
1441.7985582,,204.4072692103567,26657.0,3.849557522123894
1441.998558,,205.86465490918363,47838.0,2.99375
1442.1985578,,206.25387468775003,26464.0,3.8584070796460175
1442.3985576,,205.297136003916,47612.0,2.99375
1442.5985574,2.2880584174412992,0.5044220917302629,47657.0,2.99375
1442.7985572,,259.81695957591455,24987.0,2.7079646017699117
1442.998557,,258.9457149404658,47665.0,2.99375
1443.1985568,2.2909285534379986,0.12753426747987842,47644.0,2.99375
1443.3985566,2.306010240913288,0.4677831235917944,47652.0,2.99375
1443.5985564,2.277963394902183,0.5534406791770278,47589.0,3.0
1443.7985562,2.2994962216624684,0.7549124493521584,47640.0,3.0
1443.998556,2.4475419099642117,1.5149317029049427,47781.0,3.0
1444.1985558,2.383818647842346,1.622398688069349,47598.0,2.99375
1444.3985556,2.335732626173338,1.184804966900374,47514.0,2.99375
1444.5985554,2.3184804582210243,1.6210443940574717,47488.0,3.0125786163522013
1444.7985552,,51.08751179591314,40445.0,3.0833333333333335
1444.998555,,51.798146353438156,47481.0,3.0125786163522013
1445.1985548,,205.41615182362784,26304.0,3.9279279279279278
1445.3985546,,205.60579225981118,47508.0,3.0125786163522013
1445.5985544,,205.56929678126275,26245.0,3.9279279279279278
1445.7985542,,205.03574365031676,47349.0,3.0125786163522013
1445.998554,2.326661599527067,0.2472466312258671,47364.0,3.0125786163522013
1446.1985538,2.275916694829334,0.9798410357750752,47344.0,3.0125786163522013
1446.3985536,2.310834439318292,1.0593771468523403,47469.0,3.0125786163522013
1446.5985534,,206.0210725256359,26284.0,3.9279279279279278
1446.7985532,,206.667086232524,47523.0,3.0316455696202533
1446.998553,2.3020637898686678,0.5367724532210361,47437.0,3.0316455696202533
1447.1985528,2.324519940915805,0.5252061716701444,47390.0,3.0316455696202533
1447.3985526,2.2997868613754826,0.221555252854078,47387.0,3.0125786163522013
1447.5985524,2.3321560001691974,1.998389448781912,47282.0,3.018867924528302
1447.7985522,2.282092453308544,0.6244300163280381,47332.0,3.037974683544304
1447.998552,2.295977193538169,1.1322985063182986,47355.0,3.0125786163522013
1448.1985518,2.2743366570897416,1.2007366238874138,47336.0,3.0316455696202533
1448.3985516,,205.45317213531692,26237.0,3.9279279279279278
1448.5985514,,206.8038020462245,47360.0,3.0316455696202533
1448.7985512,2.336619065672522,0.5055601390556966,47478.0,3.037974683544304
1448.998551,2.53376022316617,3.2787611327660153,47319.0,3.0316455696202533
1449.1985508,2.308931216931217,0.6091879126147328,47250.0,3.037974683544304
1449.3985506,,1026.3626513499428,8917.0,4.511111111111111
1449.5985504,,1024.2057250528007,50840.0,2.8176470588235296
1449.7985502,3.7448114238048897,16.704854166855323,50351.0,2.8511904761904763
1449.99855,7.149905273129145,33.9567862499642,50672.0,2.696629213483146
1450.1985498,4.571651698555252,9.32600745371149,48659.0,2.6464088397790055
1450.3985496,3.614440329807476,5.509520110661822,48877.0,2.691011235955056
1450.5985494,3.429335487251135,19.754230161686827,45808.0,2.7906976744186047
1450.7985492,3.2120011770298107,23.738989185715674,44179.0,2.8682634730538923
1450.998549,3.70984268851423,14.00974465063104,44307.0,2.903030303030303
1451.1985488,4.387018964792317,7.627441654152913,45189.0,2.903030303030303
1451.3985486,3.2858652808667124,5.093415214570567,45413.0,2.938650306748466
1451.5985484,2.5400174134351348,4.57276656731763,44793.0,2.99375
1451.7985482,2.6038255033557047,5.761043303097215,44700.0,3.0125786163522013
1451.998548,2.358677168173275,1.330892539968411,44692.0,3.037974683544304
1452.1985478,2.259497919183783,1.2779267468155429,44694.0,3.0316455696202533
1452.3985476,2.328849462605859,1.5519741308730197,44753.0,3.0316455696202533
1452.5985474,2.361817937460801,1.9564219284721358,44644.0,3.050955414012739
1452.7985472,2.1757914088422563,0.5137902124369482,44604.0,3.050955414012739
1452.998547,2.2124946685523157,0.5846870753364707,44547.0,3.050955414012739
1453.1985468,2.523717632275726,3.379473207851392,44566.0,3.050955414012739
1453.3985466,2.308518526840887,1.69018357261552,44503.0,3.050955414012739
1453.5985464,2.3052707321460693,1.9878209686630688,44472.0,3.0705128205128207
1453.7985462,2.2560945413618456,0.8047518821586183,44425.0,3.0705128205128207
1453.998546,2.2903298587608862,3.1026193743906565,44322.0,3.0903225806451613
1454.1985458,2.356967277811605,1.227378382117643,44343.0,3.0903225806451613
1454.3985456,2.2897982189155677,3.440974450346436,44355.0,3.096774193548387
1454.5985454,2.2940217760373045,1.9739647721569704,44177.0,3.0903225806451613
1454.7985452,,263.2951317660001,25346.0,2.5
1454.998545,,232.4031903504188,46903.0,2.8511904761904763
1455.1985448,12.179248626617047,60.067046210848275,45144.0,2.507853403141361
1455.3985446,6.151830710686002,84.10877412614532,38892.0,2.801169590643275
1455.5985444,,214.84973130958983,17635.0,1.4488188976377954
1455.7985442,,245.99214203918694,36697.0,2.696629213483146
1455.998544,9.789238493283916,21.752711706444934,38043.0,2.5945945945945947
1456.1985438,13.507815115231105,44.42213450161587,38835.0,2.874251497005988
1456.3985436,8.718311249290597,41.746180440319435,40527.0,2.8855421686746987
1456.5985434,15.557685080796693,99.28149340223042,42576.0,2.857142857142857
1456.7985432,12.954139581398671,97.13653197151086,41997.0,3.076923076923077
1456.998543,5.509231985056398,21.213406256078787,41757.0,3.0573248407643314
1457.1985427999998,9.191017341586731,41.73930223478877,42326.0,2.9875
1457.3985426,,290.4735960800813,20501.0,1.8823529411764706
1457.5985423999998,4.324157743536171,21.744686570979844,19145.0,1.8448275862068966
1457.7985422,,292.223688065056,40082.0,3.0316455696202533
1457.9985419999998,5.8190715744384125,29.281281428194447,40154.0,3.096774193548387
1458.1985418,8.692859447519297,51.45307073785909,40291.0,3.2
1458.3985415999998,4.612744359013016,20.364635194130894,39798.0,3.2066666666666666
1458.5985414,,490.9090586495764,13975.0,2.0918367346938775
1458.7985411999998,4.985953617675031,16.378932997345874,13669.0,2.0510204081632653
1458.998541,15.07811837830202,57.53910097084055,14158.0,1.94
1459.1985407999998,8.686977786835133,1.8033577042768747,14721.0,2.0194174757281553
1459.3985406,15.707656092366326,23.701981716179258,17842.0,2.038095238095238
1459.5985403999998,11.620343923054502,66.62885358314816,17155.0,2.191919191919192
1459.7985402,27.52904155656978,79.94935857320655,20815.0,1.4615384615384615
1459.9985399999998,10.121615136765612,117.98252330379559,14587.0,1.97979797979798
1460.1985398,11.8539237314844,21.191660527413106,12692.0,1.9270833333333333
1460.3985395999998,6.678762786166586,26.48545234049839,12318.0,2.032608695652174
1460.5985394,12.047672282999281,12.293320163089822,12523.0,1.8383838383838385
1460.7985391999998,8.586292174527468,2.5415927749724707,11322.0,1.7835051546391754
1460.998539,9.339040468778611,21.128713596679415,10922.0,1.6372549019607843
1461.1985387999998,12.960303262628845,47.8302490296438,11739.0,1.6019417475728155
1461.3985386,8.920070577856198,30.19904583820545,11335.0,1.5728155339805825
1461.5985383999998,7.461975239690962,13.54172685776294,10743.0,1.5384615384615385
1461.7985382,3.5037345182944124,4.631356545711944,10577.0,1.5728155339805825
1461.9985379999998,3.6649621212121213,1.787691527089204,10560.0,1.5784313725490196
1462.1985378,4.078872437357631,3.132977150752459,10536.0,1.5728155339805825
1462.3985375999998,3.1667756703727927,7.850179077341091,10703.0,1.5728155339805825
1462.5985374,3.3413515537251968,1.98117152306318,10684.0,1.588235294117647
1462.7985371999998,41.69450481217013,65.86910142803545,16105.0,1.3358778625954197
1462.998537,13.381763953983809,32.468826939853315,14082.0,1.5575221238938053
1463.1985367999998,7.762367425647112,19.681697573017328,13483.0,1.6055045871559632
1463.3985366,3.405213092652236,3.347953147668297,13351.0,1.6296296296296295
1463.5985363999998,3.4934410435040393,2.1750540442473882,13493.0,1.6296296296296295
1463.7985362,3.7378347793285553,6.582470508710821,13255.0,1.6296296296296295
1463.9985359999998,3.0447513395215458,1.5882287421873524,13251.0,1.644859813084112
1464.1985358,4.397405485544848,6.213026309366816,13490.0,1.6296296296296295
1464.3985355999998,9.403111210829406,32.303291824953746,13371.0,1.4464285714285714
1464.5985354,3.9809715346534653,9.407076496360135,12928.0,1.5229357798165137
1464.7985351999998,7.82345971563981,4.349377745547039,13504.0,1.5
1464.998535,4.778091429467576,11.677477957247472,12753.0,1.5648148148148149
1465.1985347999998,4.483878691141261,11.16082455122159,12530.0,1.5794392523364487
1465.3985346,3.0134717489499963,1.4245445574436069,12619.0,1.5794392523364487
1465.5985343999998,3.3072123176661266,4.32613768417159,12340.0,1.588785046728972
1465.7985342,2.7999518149694826,1.2746778321265606,12452.0,1.5794392523364487
1465.9985339999998,,2.8932942273296964,12605.0,1.5740740740740742
1466.1985338,,1.8282174262076418,12364.0,1.588785046728972
1466.3985335999998,3.1935641150658216,3.4125298739443517,12306.0,1.5794392523364487
1466.5985334,3.5377498760944985,2.4727757572739715,12106.0,1.6037735849056605
1466.7985331999998,2.8106092001657688,1.5417358166435124,12065.0,1.5943396226415094
1466.998533,3.0697194719471947,2.7096775284084678,12120.0,1.5943396226415094
1467.1985327999998,2.816334991708126,0.8794589880370804,12060.0,1.6037735849056605
1467.3985326,3.5794251134644477,2.781376430700838,11898.0,1.6346153846153846
1467.5985323999998,2.9742990654205608,1.2336467650925294,11984.0,1.6346153846153846
1467.7985322,,6.409376695346927,11930.0,1.619047619047619
1467.9985319999998,,3.3277762656328944,11838.0,1.6346153846153846
1468.1985318,3.1975339920614814,3.1764402633895648,11841.0,1.625
1468.3985315999998,2.778088934147997,0.5386361372937392,11784.0,1.625
1468.5985314,,4.936777645428511,11973.0,1.619047619047619
1468.7985311999998,,114.27312580121188,19868.0,1.2916666666666667
1468.998531,13.263737572185509,48.94044901886185,16797.0,1.5081967213114753
1469.1985307999998,11.023896677947372,18.69608875562747,14479.0,1.5789473684210527
1469.3985306,7.285755478662053,16.068152807236537,13872.0,1.5575221238938053
1469.5985303999998,7.974015458225985,10.519255465038503,13585.0,1.5357142857142858
1469.7985302,9.90522360015032,23.26262992277163,13305.0,1.6822429906542056
1469.9985299999998,9.346405720737675,9.316720092319516,13285.0,1.6203703703703705
1470.1985298,8.30092078107636,6.971365322937415,12598.0,1.6285714285714286
1470.3985295999998,11.753758954577659,24.348735503803923,12703.0,1.6415094339622642
1470.5985294,14.790076335877863,78.68627422418838,13362.0,1.5585585585585586
1470.7985291999998,15.566317873303168,56.951047052884924,14144.0,1.4152542372881356
1470.998529,23.11551933662163,98.82352907518346,13989.0,1.5267857142857142
1471.1985287999998,30.084994200147634,60.69922360326873,18966.0,1.484375
1471.3985286,24.84527786927674,66.18075845214787,21251.0,1.079268292682927
1471.5985283999999,,562.4237653723264,39438.0,3.1346153846153846
1471.7985282,,533.9776622485043,14011.0,2.0
1471.9985279999999,19.525730343656694,17.666930897549015,17081.0,2.1009174311926606
1472.1985278,16.74883697411003,55.33445090558418,19776.0,2.290909090909091
1472.3985275999999,13.315166087808354,53.82072337259065,22458.0,2.327433628318584
1472.5985274,,406.8451644642268,46682.0,2.9221556886227544
1472.7985271999999,,401.3088705870116,23137.0,2.122950819672131
1472.998527,,394.27893531774413,47160.0,3.01840490797546
1473.1985267999999,,377.97634952698445,22731.0,2.4272727272727272
1473.3985266,,401.5999917975683,47599.0,3.031055900621118
1473.5985263999999,3.1844009250811567,8.378116316374541,47131.0,3.121019108280255
1473.7985262,3.46499967721805,14.181908403754504,46471.0,3.1948051948051948
1473.9985259999999,2.4869780990398103,1.7041451008586521,46345.0,3.236842105263158
1474.1985258,2.3556208035579353,1.1410837337037267,46319.0,3.236842105263158
1474.3985255999999,2.384997730858168,0.08283179902748317,46273.0,3.236842105263158
1474.5985254,,395.01618190028597,22188.0,2.5619047619047617
1474.7985251999999,,395.8661581288812,46167.0,3.236842105263158
1474.998525,2.44568106671277,0.9697610997096097,46273.0,3.236842105263158
1475.1985247999999,2.3799246688024938,0.9080679659879067,46196.0,3.236842105263158
1475.3985246,2.4026456054034226,1.9210201684257038,46341.0,3.236842105263158
1475.5985243999999,2.4334004198316346,0.8912411634481019,46209.0,3.236842105263158
1475.7985242,9.980480818414323,31.071462563365255,48875.0,2.910179640718563
1475.9985239999999,,376.5654311481028,25319.0,2.2857142857142856
1476.1985238,,368.46506697133236,49020.0,2.9518072289156625
1476.3985235999999,2.4470475099234767,1.366195165493149,48874.0,2.9696969696969697
1476.5985234,2.444657774872853,0.8651818965520391,48959.0,2.9878048780487805
1476.7985231999999,3.3072756370798966,3.295940280770764,48738.0,2.934131736526946
1476.998523,2.7706268236657494,5.389153130573849,48323.0,2.9757575757575756
1477.1985227999999,,376.1809939348629,24342.0,2.299145299145299
1477.3985226,,378.8062673832035,48227.0,2.9939024390243905
1477.5985223999999,2.3919444386683577,1.555239596681669,48091.0,3.0122699386503067
1477.7985222,2.3959500394207227,1.0421446160880476,48198.0,2.9878048780487805
1477.9985219999999,,374.87208771005106,24284.0,2.3275862068965516
1478.1985218,,377.0558039345888,47993.0,3.0122699386503067
1478.3985215999999,,380.2392342763886,23840.0,2.3684210526315788
1478.5985214,,379.50378394871655,47731.0,3.0308641975308643
1478.7985211999999,2.3393380199179847,1.4944638916220376,47796.0,3.0308641975308643
1478.998521,2.401062694809949,1.4994835851549364,47803.0,3.0308641975308643
1479.1985207999999,2.443210573645356,1.0076609132944103,47817.0,3.0308641975308643
1479.3985206,2.4429745858198055,1.0519212617808387,47926.0,3.0308641975308643
1479.5985203999999,3.136296326765662,4.547469163630065,48622.0,2.9878048780487805
1479.7985202,2.9,3.5284530642172482,47900.0,2.9878048780487805
1479.9985199999999,3.8718791201891887,16.49609560986328,47783.0,2.9634146341463414
1480.1985198,4.6405136993372285,12.472992916877564,48433.0,2.9036144578313254
1480.3985195999999,8.19659816603897,47.97148530586577,48856.0,2.834319526627219
1480.5985194,7.954032756489493,21.50543530935279,51776.0,2.691011235955056
1480.7985191999999,5.857314148681056,40.71551944953381,50040.0,2.727272727272727
1480.998519,4.655297862664848,31.19885123250657,48378.0,2.834319526627219
1481.1985187999999,3.632605590695776,5.166533666091552,49010.0,2.834319526627219
1481.3985186,5.32396366837388,36.697508705382575,49984.0,2.7906976744186047
1481.5985183999999,3.3389012696530433,7.603457848829441,48911.0,2.857142857142857
1481.7985182,2.87968785203695,5.356039834650528,48823.0,2.891566265060241
1481.9985179999999,2.3736284058685735,0.8132074175086201,48666.0,2.909090909090909
1482.1985178,2.369782335619118,1.6472722138963185,48561.0,2.909090909090909
1482.3985175999999,,345.20827928545623,24805.0,2.41025641025641
1482.5985174,2.484838696652804,1.3397551544530635,24767.0,2.439655172413793
1482.7985171999999,,346.98546372890473,48383.0,2.926829268292683
1482.998517,2.3213930760311414,1.1342240612616246,48296.0,2.9447852760736195
1483.1985167999999,2.3307851667702506,0.5080414997549648,48270.0,2.9447852760736195
1483.3985166,2.362463233771076,0.9662020151991094,48278.0,2.938650306748466
1483.5985163999999,2.422782287363242,1.0636267856874781,48169.0,2.9447852760736195
1483.7985162,2.3280951193148747,0.6589386347258273,48108.0,2.938650306748466
1483.9985159999999,2.321245139423177,0.2662631373518919,48091.0,2.938650306748466
1484.1985158,2.516163860224654,3.057832993620518,48163.0,2.95679012345679
1484.3985155999999,2.5063714226028826,3.387409616727924,47870.0,2.95679012345679
1484.5985154,2.3208090675684137,0.5995962638737923,47907.0,2.981366459627329
1484.7985151999999,2.346131386861314,0.7407255964679089,47950.0,2.95679012345679
1484.998515,2.3709579902011884,0.3396986204547336,47965.0,2.962962962962963
1485.1985147999999,,347.1626747591352,24171.0,2.482456140350877
1485.3985146,,347.2470266967922,47762.0,2.9751552795031055
1485.5985143999999,2.301136244742514,0.5136365006702968,47789.0,2.9751552795031055
1485.7985142,2.3115866169758386,0.8011939781193848,47762.0,2.99375
1485.998514,2.5416919123331176,2.0418367093765655,47863.0,2.99375
1486.1985138,2.592548303858015,2.892723477663936,47667.0,3.0
1486.3985136,2.3377323654064033,1.8563791649275991,47662.0,2.99375
1486.5985134,,348.16742467562864,24051.0,2.495575221238938
1486.7985132,,348.31704542963814,47829.0,3.0
1486.998513,,348.7470471954939,24009.0,2.504424778761062
1487.1985128,,346.27768671269905,47730.0,3.0
1487.3985126,,345.81423812027515,25069.0,2.4224137931034484
1487.5985124,3.491700494353121,14.258863236336564,24881.0,2.393162393162393
1487.7985122,,351.30709116567783,50839.0,2.834319526627219
1487.998512,4.714280171493976,16.5535226501222,51547.0,2.823529411764706
1488.1985118,10.111075005734383,71.03797654951572,52316.0,2.7528735632183907
1488.3985116,3.829541602320238,6.923490552390075,53098.0,2.7848837209302326
1488.5985114,6.2472243360846065,8.593904772812692,51249.0,2.6464088397790055
1488.7985112,3.681256095182368,16.908744711214535,51270.0,2.5698924731182795
1488.998511,,260.0302739555653,27169.0,2.2265625
1489.1985108,4.81700974287598,28.598336783887035,27302.0,2.1846153846153844
1489.3985106,,305.4188108432535,49373.0,2.7848837209302326
1489.5985104,3.281779357976256,7.867624866713383,48939.0,2.8622754491017965
1489.7985102,2.6729074665744115,3.446434504064331,49139.0,2.8682634730538923
1489.99851,2.433263295322413,3.5743623863376905,49021.0,2.8682634730538923
1490.1985098,2.336526285690944,1.4474266931085014,48962.0,2.8682634730538923
1490.3985096,2.3287962830300675,2.1811658765069906,48857.0,2.874251497005988
1490.5985094,2.3313369159453585,0.6641918816383606,48754.0,2.8855421686746987
1490.7985092,2.4931759498340096,4.3500379012338195,48798.0,2.8855421686746987
1490.998509,2.4526605919740008,1.9355309389623245,48617.0,2.903030303030303
1491.1985088,,293.11650557093,25556.0,2.483050847457627
1491.3985086,,294.9821122977569,48642.0,2.8855421686746987
1491.5985084,2.448415485683593,2.4007992524439685,48406.0,2.903030303030303
1491.7985082,2.3768868021663474,1.2827631699010948,48561.0,2.903030303030303
1491.998508,2.3370927835051547,0.10723331882026066,48500.0,2.903030303030303
1492.1985078,2.318736347525038,0.7231975733811224,48526.0,2.909090909090909
1492.3985076,2.584152270611358,2.6094583200430708,48335.0,2.909090909090909
1492.5985074,2.6301247771836005,2.9594743017402245,48246.0,2.9207317073170733
1492.7985072,2.3115331248576223,0.5532462253637953,48287.0,2.9207317073170733
1492.998507,2.3284304598771177,0.8661341024831355,48339.0,2.926829268292683
1493.1985068,2.538447216533234,2.092587368931723,48339.0,2.926829268292683
1493.3985066,2.5329750145264383,3.2164987605840825,48188.0,2.926829268292683
1493.5985064,2.3077576913508584,0.7197532807088692,48236.0,2.926829268292683
1493.7985062,2.513696222943499,1.4370714601796133,48371.0,2.926829268292683
1493.998506,2.4,2.5298726093221484,48280.0,2.926829268292683
1494.1985058,2.448659417282311,1.7078826659539277,48188.0,2.938650306748466
1494.3985056,2.375942817960812,0.85524013565319,48127.0,2.9447852760736195
1494.5985054,2.3370707049695256,0.6109475019598947,48073.0,2.938650306748466
1494.7985052,,290.117430676661,25328.0,2.5172413793103448
1494.998505,,290.92889681179986,48267.0,2.926829268292683
1495.1985048,2.3504216692285325,2.2425907819537,48142.0,2.938650306748466
1495.3985046,2.4782979964177114,3.130358270874896,48014.0,2.938650306748466
1495.5985044,2.3075545560553055,0.44359420860878845,48024.0,2.9447852760736195
1495.7985042,2.3095376683851656,0.5821262877189392,48104.0,2.938650306748466
1495.998504,2.3480103015701586,0.46728574020911307,48148.0,2.9447852760736195
1496.1985038,2.4324470294972995,2.817937476613271,48140.0,2.9447852760736195
1496.3985036,2.3322159528618127,1.375103313385479,48029.0,2.9447852760736195
1496.5985034,2.4032574240907576,1.0738926345163557,47952.0,2.9447852760736195
1496.7985032,2.3977492563393175,1.5017941168174513,48073.0,2.9447852760736195
1496.998503,2.368347862183479,1.0394568563736768,48180.0,2.926829268292683
1497.1985028,12.53468991161687,31.48173231733874,53517.0,2.737142857142857
1497.3985026,7.705001173136968,19.406395628879444,55407.0,2.742857142857143
1497.5985024,4.474736664225764,29.946745831552644,53259.0,2.7062146892655368
1497.7985022,4.1988645324081375,11.77002287843871,50728.0,2.742857142857143
1497.998502,6.107147034740906,26.742457396648472,51294.0,2.691011235955056
1498.1985018,3.911485754103438,11.00187195641795,51664.0,2.737142857142857
1498.3985016,3.1207084045362747,3.9462172928855668,51496.0,2.7062146892655368
1498.5985014,2.991926004432026,1.9048765089914639,51895.0,2.721590909090909
1498.7985012,,207.98049185314022,29057.0,2.3858267716535435
1498.998501,4.307640159989154,8.547069204735392,29502.0,2.3076923076923075
1499.1985008,,243.19931212304928,50766.0,2.7528735632183907
1499.3985006,4.435560261840585,14.19933917568942,51940.0,2.696629213483146
1499.5985004,3.3076523060922436,16.51759031271211,49998.0,2.834319526627219
1499.7985002,2.6672790406589413,4.706900425888196,49534.0,2.8682634730538923
1499.9985,2.361785402851291,1.9283651192883233,49311.0,2.8855421686746987
1500.1984998,2.4498998198781647,1.5602903614378318,49411.0,2.891566265060241
1500.3984996,2.3767019975540156,3.1848034200489557,49060.0,2.903030303030303
1500.5984994,2.362784799770933,1.5913880158329445,48894.0,2.9207317073170733
1500.7984992,2.8018258739701625,3.696816024518999,49401.0,2.891566265060241
1500.998499,2.628206436340632,3.776606780276677,49003.0,2.903030303030303
1501.1984988,2.297462156758742,1.64712473001196,49018.0,2.903030303030303
1501.3984985999998,2.547352965168448,2.707712822022213,49036.0,2.903030303030303
1501.5984984,2.4490299679716028,1.8362303925532775,49019.0,2.9207317073170733
1501.7984981999998,2.2899140752864158,1.0672929521095116,48880.0,2.9207317073170733
1501.998498,2.4039394687063083,2.4129749549258555,48636.0,2.938650306748466
1502.1984977999998,2.300026749521595,1.3532294304511951,48599.0,2.938650306748466
1502.3984976,2.4513593187029152,1.6922718071636809,48848.0,2.9207317073170733
1502.5984973999998,2.494996418704594,3.8444484876223206,48865.0,2.938650306748466
1502.7984972,2.4184879824002303,2.1390853874500593,48637.0,2.938650306748466
1502.9984969999998,2.373558246828143,1.3920779432126653,48552.0,2.938650306748466
1503.1984968,2.2866532058678093,0.6581819631685403,48536.0,2.938650306748466
1503.3984965999998,2.2988907867388306,1.1558574148532859,48593.0,2.938650306748466
1503.5984964,2.356675083656669,0.6666909714775612,48711.0,2.9447852760736195
1503.7984961999998,2.5895975079924582,2.5444044706627276,48796.0,2.938650306748466
1503.998496,2.395498723334157,2.050256823665751,48564.0,2.9447852760736195
1504.1984957999998,2.4467425025853156,2.073436600258269,48350.0,2.95679012345679
1504.3984956,2.289380475983347,0.8655288934977339,48279.0,2.95679012345679
1504.5984953999998,2.4053179429042566,1.6185844898799824,48515.0,2.9447852760736195
1504.7984952,2.5126710070875227,3.6551202359400707,48536.0,2.95679012345679
1504.9984949999998,2.430079483358172,2.5265492738039343,48312.0,2.95679012345679
1505.1984948,2.2750005183603226,1.105141400647703,48229.0,2.962962962962963
1505.3984945999998,2.294401824590504,1.0464451004622581,48230.0,2.95679012345679
1505.5984944,2.2895799258814518,0.2635679207550448,48301.0,2.95679012345679
1505.7984941999998,,1006.9277267053226,8968.0,4.533333333333333
1505.998494,,1006.7007042726266,48247.0,2.95679012345679
1506.1984937999998,2.309012430222665,1.330725549469675,48189.0,2.95679012345679
1506.3984936,2.296171802054155,0.8101695658015362,48195.0,2.9751552795031055
1506.5984933999998,2.2787283021215705,0.598570963019368,48219.0,2.9751552795031055
1506.7984932,2.491671488798876,1.8193484190963887,48388.0,2.9751552795031055
1506.9984929999998,,198.04525383219246,26982.0,3.8053097345132745
1507.1984928,,198.59810233650722,48132.0,2.981366459627329
1507.3984925999998,2.3397016162453377,0.7302612993094704,48260.0,2.9751552795031055
1507.5984924,2.389224655379393,1.088390624377764,48314.0,2.9751552795031055
1507.7984921999998,2.279113635421417,2.161857872254547,48242.0,2.9751552795031055
1507.998492,2.4643599767113034,2.690008012045712,48092.0,2.981366459627329
1508.1984917999998,2.2724195223260644,0.6355760459559798,48150.0,3.0
1508.3984916,2.3007984695999335,0.664897192541972,48092.0,2.99375
1508.5984913999998,2.5441194721383362,2.702295898382962,48346.0,2.981366459627329
1508.7984912,2.2961547250555707,1.2327926396626767,48137.0,2.99375
1508.9984909999998,2.391671871746825,1.5598115667182462,48030.0,3.0
1509.1984908,2.2498178563250693,0.13079468427515586,48039.0,2.99375
1509.3984905999998,2.3147278770253426,0.7270051938805778,48140.0,2.99375
1509.5984904,2.4768898398388,1.1426049356407553,48139.0,2.99375
1509.7984901999998,2.381850741296019,1.2098716921237087,48024.0,2.99375
1509.99849,2.3050237242986764,0.5359448835175188,48052.0,3.0
1510.1984897999998,2.2800965922101715,0.3473021245101871,48037.0,2.99375
1510.3984896,2.400460609581509,1.2387169244260925,48197.0,3.0
1510.5984893999998,2.3532218078790024,1.3355856908332848,48001.0,2.99375
1510.7984892,2.312058216393169,1.3344812713714462,47959.0,2.99375
1510.9984889999998,2.2744485408985815,0.8634095324104263,48009.0,3.0
1511.1984888,2.406661534940812,1.6325951299927803,48067.0,2.99375
1511.3984885999998,2.3378265587179703,1.712746145936972,47924.0,3.0
1511.5984884,2.295163109310388,0.3240284938944764,47882.0,3.0
1511.7984881999998,2.2941458633131036,1.011949588889405,47949.0,2.99375
1511.998488,2.304279912527335,0.893883835780218,48015.0,2.99375
1512.1984877999998,2.526809289174411,1.2939884609500012,48099.0,2.99375
1512.3984876,2.429039324084698,1.678145901109367,47935.0,2.99375
1512.5984873999998,2.2684352236438396,0.22513018797847037,47911.0,2.99375
1512.7984872,2.2749150209580216,0.35974183570797047,47953.0,2.99375
1512.9984869999998,2.54759678324294,2.227609553677724,48123.0,2.99375
1513.1984868,2.2677697991466332,1.033951997611035,48045.0,2.99375
1513.3984865999998,2.3597987431887932,1.782997364905283,47899.0,3.0125786163522013
1513.5984864,,198.9219768121165,26643.0,3.873873873873874
1513.7984861999998,,198.66601126431635,47790.0,3.018867924528302
1513.998486,2.2562045625470044,0.6908022713174117,47868.0,3.0125786163522013
1514.1984857999998,2.3013775712231417,0.6826842766522468,47983.0,3.0
1514.3984856,2.324097467270791,1.259952781647463,47893.0,3.0125786163522013
1514.5984853999998,,199.0397179819488,26576.0,3.873873873873874
1514.7984852,,198.78084561259695,47766.0,3.0125786163522013
1514.9984849999998,2.2763754992785294,0.24091371251896926,47819.0,3.018867924528302
1515.1984848,2.2887434390748833,0.34554379007923414,47821.0,3.0125786163522013
1515.3984845999998,2.267006945025521,0.5108027579288564,47804.0,3.0125786163522013
1515.5984844,11.2702537567067,44.84965419337582,52373.0,2.76878612716763
1515.7984841999998,4.900328878581069,27.59155155323216,52603.0,2.7586206896551726
1515.998484,3.133214885391854,15.93150799212921,51218.0,2.8176470588235296
1516.1984837999998,2.9330278806784946,1.1442464609333254,51290.0,2.801169590643275
1516.3984836,,1035.1820852675128,7397.0,5.513513513513513
1516.5984833999999,,1035.46035428951,50552.0,2.8511904761904763
1516.7984832,,1030.7661673198652,7484.0,5.513513513513513
1516.9984829999999,,1029.865933895016,50498.0,2.8511904761904763
1517.1984828,,1037.432699895303,7342.0,5.513513513513513
1517.3984825999999,4.703344120819849,4.976072806038141,7416.0,5.513513513513513
1517.5984824,4.589079688757714,2.5003232598375114,7454.0,5.486486486486487
1517.7984821999999,,6.423376224133114,6996.0,5.828571428571428
1517.998482,,1028.998150120122,53730.0,2.7528735632183907
1518.1984817999999,3.5754472782641797,2.6181384977033053,52540.0,2.721590909090909
1518.3984816,3.0995385120392362,11.992203241690191,51789.0,2.801169590643275
1518.5984813999999,,1032.2890261852335,6604.0,6.181818181818182
1518.7984812,,1005.0436959121663,50478.0,2.721590909090909
1518.9984809999999,3.867102571302499,17.047091165582344,49858.0,2.7790697674418605
1519.1984808,3.9276048849713177,10.278364716214117,50031.0,2.737142857142857
1519.3984805999999,4.189316994942226,23.949847303529396,48638.0,2.801169590643275
1519.5984804,,233.3038456856116,26389.0,2.3524590163934427
1519.7984801999999,,233.22792069287422,50049.0,2.801169590643275
1519.99848,,185.35110380771394,29736.0,3.4672131147540983
1520.1984797999999,,199.44440632982557,48923.0,2.8855421686746987
1520.3984796,3.1086229460520576,7.2974421023369125,48139.0,2.9207317073170733
1520.5984793999999,2.84070553443177,8.622744112781774,47340.0,3.006289308176101
1520.7984792,2.277681367984424,2.1458447901475495,47252.0,3.0316455696202533
1520.9984789999999,2.3554934704848987,1.249556557170967,47247.0,3.0316455696202533
1521.1984788,,192.213916157526,26407.0,3.8454545454545452
1521.3984785999999,,188.37795390956342,48207.0,2.938650306748466
1521.5984784,,236.09479756369487,25656.0,2.5526315789473686
1521.7984781999999,2.8497914804885314,57.4211386513299,26856.0,3.734513274336283
1521.998478,,192.30960306541428,47759.0,2.99375
1522.1984777999999,2.5202399113916116,4.142982638997481,47851.0,3.0
1522.3984776,2.215993473759073,0.4570606864990425,47807.0,2.99375
1522.5984773999999,2.53219343333683,3.689782464345613,47665.0,2.99375
1522.7984772,2.302335358291468,1.107171303969259,47573.0,3.0125786163522013
1522.9984769999999,,189.11005930446228,26712.0,3.767857142857143
1523.1984768,,190.35413716620852,47579.0,3.006289308176101
1523.3984765999999,2.380523182694726,1.4641197041318437,47708.0,3.018867924528302
1523.5984764,,186.65031633577772,26457.0,3.8363636363636364
1523.7984761999999,,188.37997019122412,47275.0,3.0316455696202533
1523.998476,2.2629949452401013,2.0011332607180994,47480.0,3.0125786163522013
1524.1984757999999,2.336740261920752,1.5149003568155732,47648.0,3.0125786163522013
1524.3984756,2.3354883544623677,2.3774169589850724,47486.0,3.0253164556962027
1524.5984753999999,2.2490976253298154,1.2426890504435126,47375.0,3.0316455696202533
1524.7984752,2.2386438098459065,1.2763172531824385,47309.0,3.0316455696202533
1524.9984749999999,2.4685211682518307,2.372160521042592,47524.0,3.0316455696202533
1525.1984748,,188.93637371805042,26452.0,3.8363636363636364
1525.3984745999999,,189.42236091589223,47428.0,3.0316455696202533
1525.5984744,,989.5153792412821,8786.0,4.4
1525.7984741999999,,1000.5147707655118,49086.0,2.8855421686746987
1525.998474,3.168858927984216,15.7256328688232,48656.0,2.8855421686746987
1526.1984737999999,2.747248823924731,7.750526053087597,47616.0,2.938650306748466
1526.3984736,2.4156122577661945,3.2296625525558484,47578.0,2.9751552795031055
1526.5984733999999,,994.4778952724381,8804.0,4.466666666666667
1526.7984732,,994.3118627574431,47441.0,2.99375
1526.9984729999999,,988.448887798166,9271.0,4.319148936170213
1527.1984728,,987.0698285398959,47531.0,2.99375
1527.3984725999999,2.2906974300783793,0.5228474840963169,47589.0,2.99375
1527.5984724,,994.2767259750001,8770.0,4.466666666666667
1527.7984721999999,,991.523665349812,47626.0,3.0125786163522013
1527.998472,2.267851876816784,1.2775577352285998,47474.0,3.0125786163522013
1528.1984717999999,2.3260961392244655,2.2596764632099102,47348.0,3.0125786163522013
1528.3984716,2.2805435584114613,1.7459314080892705,47465.0,3.0125786163522013
1528.5984713999999,2.2300204378331685,0.0837020898902877,47461.0,3.018867924528302
1528.7984712,2.3150300008450944,1.3741784013328833,47332.0,3.0125786163522013
1528.9984709999999,2.208416833667335,0.4057346120081705,47405.0,3.0125786163522013
1529.1984708,2.2107521880681578,1.1211722414841399,47302.0,3.0125786163522013
1529.3984705999999,2.4810094690209747,2.5981770202629426,47629.0,2.99375
1529.5984704,2.4688129617192747,2.2950302306695067,47648.0,2.99375
1529.7984701999999,2.6707850654221184,8.422480144387919,47996.0,2.95679012345679
1529.99847,2.514046060200389,7.25178437190683,47807.0,2.99375
1530.1984697999999,,188.7833185638893,26690.0,3.767857142857143
1530.3984696,,189.8961192381163,47540.0,2.99375
1530.5984693999999,2.32984732984733,1.6423218918697056,47619.0,2.99375
1530.7984692,2.208510191216642,0.7088635715340139,47590.0,2.99375
1530.998469,2.265792409539647,1.3331791526096795,47507.0,3.006289308176101
1531.1984688,2.305059492581789,1.0113594622083317,47653.0,2.99375
1531.3984686,2.3337883815684464,2.029542967864803,47614.0,3.006289308176101
1531.5984684,2.3783145735845874,2.806057063081608,47442.0,3.0125786163522013
1531.7984682,2.2009825626752693,0.27551554895842084,47427.0,3.0125786163522013
1531.998468,2.5557322175732216,3.2671285322489156,47800.0,2.99375
1532.1984678,2.2553947009013933,1.4731018512065233,47593.0,3.0125786163522013
1532.3984676,2.3118725401469074,1.342320304925843,47513.0,3.0125786163522013
1532.5984674,2.2224162231524915,1.0103468337751933,47537.0,2.99375
1532.7984672,2.4716735857759886,2.4771952411607003,47694.0,3.018867924528302
1532.998467,2.3390330188679247,2.0203946715427827,47488.0,3.0125786163522013
1533.1984668,2.278833565606656,1.1894245798369842,47358.0,3.0125786163522013
1533.3984666,,985.4425663556428,9380.0,4.25
1533.5984664,,982.3635317194663,47610.0,3.0125786163522013
1533.7984662,2.258340353833193,1.05372139510265,47480.0,3.0125786163522013
1533.998466,2.28132732694626,1.6032123803468026,47283.0,3.018867924528302
1534.1984658,,236.74744028001362,26055.0,2.5526315789473686
1534.3984656,,189.21351063072447,40900.0,3.0482758620689654
1534.5984654,,50.75861844198183,47780.0,2.99375
1534.7984652,2.240647203068346,1.5518669210251697,47713.0,2.99375
1534.998465,2.2255249522770657,1.009671173337132,47671.0,2.99375
1535.1984648,2.266425658917987,1.0480929101332748,47578.0,3.0125786163522013
1535.3984646,,187.48556444830731,26616.0,3.7927927927927927
1535.5984644,,188.07048821886733,47690.0,3.0125786163522013
1535.7984642,2.2109279737627716,0.7693166836434762,47566.0,3.0125786163522013
1535.998464,2.34925694503082,3.116731626065924,47372.0,3.018867924528302
1536.1984638,2.1878070896860042,1.2133751597590812,47421.0,3.0125786163522013
1536.3984636,2.2083430042411325,0.3385652178908453,47393.0,3.006289308176101
1536.5984634,2.2765405542199164,0.629664994871997,47418.0,3.0125786163522013
1536.7984632,2.271838703535236,1.6128992654425867,47267.0,3.0125786163522013
1536.998463,2.2443942877634107,0.8020577789491964,47407.0,3.018867924528302
1537.1984628,2.524849096683282,4.443773623099366,47547.0,3.037974683544304
1537.3984626,2.1888574923031503,0.6629249623579542,47422.0,3.0316455696202533
1537.5984624,2.403852272968329,3.3378484690655275,47141.0,3.0316455696202533
1537.7984622,2.187969447559402,0.8972813012892621,47263.0,3.0316455696202533
1537.998462,2.2139853342068005,0.5879631626414891,47321.0,3.0316455696202533
1538.1984618,2.3111518368722614,1.0737706892196088,47472.0,3.0316455696202533
1538.3984616,2.228921258180283,0.9961745952381407,47370.0,3.0316455696202533
1538.5984614,2.3513628168416587,2.576434608414098,47145.0,3.0316455696202533
1538.7984612,2.2131085031563784,0.6858254700432743,47206.0,3.0316455696202533
1538.998461,2.1977868522946067,2.01297872188137,47263.0,3.0316455696202533
1539.1984608,,188.22450153595707,26409.0,3.8181818181818183
1539.3984606,,188.11063367486986,47192.0,3.0316455696202533
1539.5984604,2.2138046424940696,0.3737324529569851,47216.0,3.037974683544304
1539.7984602,2.204324117884195,1.1852268218807962,47131.0,3.0316455696202533
1539.99846,2.2015594211496494,0.9392084470793198,47197.0,3.0316455696202533
1540.1984598,2.4122934734443247,2.561706360760684,47391.0,3.0316455696202533
1540.3984596,2.253185454853321,1.3978982638491317,47246.0,3.0316455696202533
1540.5984594,2.2789832741801797,2.3225199056576864,47053.0,3.0316455696202533
1540.7984592,2.227107003561133,1.2545886399113941,47176.0,3.0316455696202533
1540.998459,,982.8240581087771,9359.0,4.208333333333333
1541.1984588,,982.8429696678651,47126.0,3.0316455696202533
1541.3984586,2.279360903053322,0.45457878655873124,47129.0,3.0316455696202533
1541.5984584,2.3494011595920266,1.231187310185935,47258.0,3.0316455696202533
1541.7984582,13.838481410760417,57.80496156006327,53418.0,2.742857142857143
1541.998458,3.363946732685128,26.477734319771645,50087.0,2.8855421686746987
1542.1984578,4.007947233596224,8.680917781833744,49577.0,2.8176470588235296
1542.3984576,,187.27779689357985,28414.0,3.5
1542.5984574,,192.2587184736775,48591.0,2.903030303030303
1542.7984572,2.54007162262287,4.476113997821459,48588.0,2.926829268292683
1542.998457,2.4121912812862587,1.7895144836637513,48264.0,2.9207317073170733
1543.1984568,2.3795365197599834,1.1478286802870694,48330.0,2.9207317073170733
1543.3984566,2.389372985338463,2.602008380944224,48085.0,2.932515337423313
1543.5984564,2.208823223389866,0.7920819000916558,48055.0,2.95679012345679
1543.7984562,,192.55891795286877,26978.0,3.710526315789474
1543.998456,,995.1005739484925,8919.0,4.533333333333333
1544.1984558,,986.3364772669917,47978.0,2.9751552795031055
1544.3984556,2.46585447402516,1.9896674588553762,47854.0,2.9751552795031055
1544.5984554,2.4581780322748568,1.3977812847357654,48025.0,2.95679012345679
1544.7984552,2.5527589142940212,2.7627897070047234,48153.0,2.95679012345679
1544.998455,2.384789156626506,4.023125808500294,47808.0,2.9751552795031055
1545.1984548,,191.50478427736414,27318.0,3.710526315789474
1545.3984546,2.809463534492387,6.47532040141304,26861.0,3.710526315789474
1545.5984543999998,,193.52657907590904,47870.0,2.9751552795031055
1545.7984542,,194.06491783303727,27050.0,3.710526315789474
1545.9984539999998,,193.4741691895227,47840.0,2.9751552795031055
1546.1984538,,195.1176094900164,26987.0,3.719298245614035
1546.3984535999998,,179.9254558446961,49534.0,2.896969696969697
1546.5984534,8.056821510163434,34.40328726069072,51213.0,2.664804469273743
1546.7984531999998,,234.7374505543028,27667.0,2.346774193548387
1546.998453,,236.88522710114813,49232.0,2.8176470588235296
1547.1984527999998,,191.5023048760835,28478.0,3.442622950819672
1547.3984526,25.304656217824046,116.24480967352035,34964.0,2.12751677852349
1547.5984523999998,,267.2949466041222,53739.0,2.5343915343915344
1547.7984522,,203.1511970651553,33478.0,2.033333333333333
1547.9984519999998,,219.9160929918528,54704.0,2.1792452830188678
1548.1984518,4.042065496114471,42.92942986295231,51087.0,2.325242718446602
1548.3984515999998,6.081704753812441,83.63622024564496,44722.0,2.407035175879397
1548.5984514,6.2722900480947095,83.42471526195612,37842.0,2.661111111111111
1548.7984511999998,6.562867314647378,37.888787057653055,35392.0,2.742857142857143
1548.998451,13.89743450963412,37.549247973530186,36952.0,2.6853932584269664
1549.1984507999998,15.714571805006587,55.1964628883622,37950.0,2.891566265060241
1549.3984506,4.43596159599641,13.00553393918876,36767.0,3.018867924528302
1549.5984503999998,4.2209191936114365,20.84416203810071,35814.0,3.0903225806451613
1549.7984502,2.9768628216207174,2.573604141085621,35873.0,3.116883116883117
1549.9984499999998,2.355454469343901,1.8199392598583044,35833.0,3.1103896103896105
1550.1984498,2.342020637006795,1.1446420819798377,35761.0,3.1578947368421053
1550.3984495999998,,178.25253608352568,16907.0,3.142857142857143
1550.5984494,,153.46400717487606,37781.0,2.9447852760736195
1550.7984491999998,5.059793924510171,12.035609665636409,37462.0,3.0573248407643314
1550.998449,,171.67677686018814,18482.0,3.185185185185185
1551.1984487999998,,173.72839876251473,38904.0,2.99375
1551.3984486,19.82154855848113,122.68540590402722,38397.0,2.938650306748466
1551.5984483999998,6.780449752528513,25.86551475852795,37176.0,3.2432432432432434
1551.7984482,6.513265720081136,22.347378687352816,36975.0,3.076923076923077
1551.9984479999998,4.046803403883919,5.202136625910064,36664.0,3.1578947368421053
1552.1984478,5.946672012830794,4.358901739886687,37410.0,3.2
1552.3984475999998,6.961832260764925,11.758613683054074,38226.0,3.1933333333333334
1552.5984474,6.136834704718258,14.898442350321995,38404.0,3.2653061224489797
1552.7984471999998,4.969438447733243,9.020245007053173,38447.0,3.3496503496503496
1552.998447,3.4663122888789966,3.7648746701620146,38189.0,3.3732394366197185
1553.1984467999998,3.024718807219461,4.161808853621384,38230.0,3.3732394366197185
1553.3984466,2.8165973149093193,3.6466128387988586,38211.0,3.397163120567376
1553.5984463999998,3.1653685311029798,5.764504656743354,38260.0,3.380281690140845
1553.7984462,2.8802297396985983,3.6862618462592946,37956.0,3.4285714285714284
1553.9984459999998,4.008655645664379,7.614767585280845,38472.0,3.3566433566433567
1554.1984458,9.607019121419693,60.17703933608833,37811.0,3.1372549019607843
1554.3984455999998,5.86530137431014,1.9273600803782422,36964.0,3.076923076923077
1554.5984454,5.828856379315095,10.257158586453128,36297.0,3.151315789473684
1554.7984451999998,9.354595868942052,14.447325824168319,37327.0,3.151315789473684
1554.998445,4.191053951306317,8.175206039493391,37089.0,3.2653061224489797
1555.1984447999998,3.265900321109582,2.7162853605395982,37059.0,3.287671232876712
1555.3984446,5.439451933211294,7.794941418179442,36054.0,3.151315789473684
1555.5984443999998,5.542971315962339,15.806993679790773,36536.0,3.1788079470198674
1555.7984442,7.847359335383287,18.242366815709545,37074.0,3.1933333333333334
1555.9984439999998,4.685159500693481,8.395080834617922,36050.0,3.1372549019607843
1556.1984438,8.48512585812357,23.26363801203229,38019.0,3.172185430463576
1556.3984435999998,10.968072396349678,27.002674448937274,39339.0,2.9207317073170733
1556.5984434,12.17839049912798,42.93432390984834,36123.0,3.2432432432432434
1556.7984431999998,13.264604354753054,40.93187043692911,37660.0,3.076923076923077
1556.998443,7.149210864629777,19.12636794857364,36559.0,3.2432432432432434
1557.1984427999998,6.207750899807483,1.7150851340441782,35841.0,3.2364864864864864
1557.3984426,4.787234637652785,5.92659770186153,35753.0,3.310344827586207
1557.5984423999998,5.73513362249895,7.795213523272013,35735.0,3.1788079470198674
1557.7984422,4.0028896002719625,11.496765086728495,35299.0,3.2364864864864864
1557.9984419999998,9.36018691588785,27.8715844631493,37450.0,3.1788079470198674
1558.1984418,9.4905030596837,33.006863798998396,37749.0,2.9751552795031055
1558.3984415999998,8.326213172747158,24.07366892459342,37031.0,3.2653061224489797
1558.5984414,5.377936366339577,14.958038098003225,36993.0,3.280821917808219
1558.7984411999998,3.815747692473292,7.0811600602205,37161.0,3.3333333333333335
1558.998441,,305.9629127080086,17083.0,2.0792079207920793
1559.1984407999998,,303.8918436389739,37822.0,3.310344827586207
1559.3984406,3.2263123445477158,6.09458830523383,38195.0,3.258503401360544
1559.5984403999998,4.9092045306600705,11.46495086715464,38405.0,3.1788079470198674
1559.7984402,4.025836139746523,7.313787722438465,38899.0,3.1933333333333334
1559.9984399999998,7.473063109286814,17.75637489141274,38980.0,2.99375
1560.1984398,6.367242412684575,17.00047502323647,36706.0,3.1103896103896105
1560.3984395999998,7.383341491271007,16.867111216794996,36774.0,3.050955414012739
1560.5984394,7.095902137294969,28.347139477619674,36214.0,3.1103896103896105
1560.7984391999998,10.347782925215089,38.290140256610066,36264.0,3.221476510067114
1560.998439,7.144285912176202,18.74248240827486,36095.0,3.2653061224489797
1561.1984387999998,5.48323301805675,5.283110752576976,36053.0,3.1933333333333334
1561.3984386,5.362588501840838,9.481955836566973,35310.0,3.221476510067114
1561.5984383999998,3.9994025944469733,5.964849617588112,35152.0,3.287671232876712
1561.7984382,,324.4446879622902,14282.0,1.801980198019802
1561.9984379999999,,321.44341182185343,35267.0,3.214765100671141
1562.1984378,14.341734255075934,48.239955475122834,36742.0,3.0
1562.3984375999999,14.335156563629065,71.15451195469048,39856.0,2.95679012345679
1562.5984374,7.529697370961958,67.60904481898693,36249.0,3.1788079470198674
1562.7984371999999,5.852555533433829,6.759283182249988,35159.0,3.310344827586207
1562.998437,13.021010412239693,29.831344536523495,37648.0,2.938650306748466
1563.1984367999999,6.560143727367151,35.44954844060741,35623.0,3.096774193548387
1563.3984366,11.214069372382733,31.859844395351846,37969.0,2.938650306748466
1563.5984363999999,6.88005921622301,29.518136802348263,35801.0,3.130718954248366
1563.7984362,3.8080526210883,9.476030561372221,35119.0,3.116883116883117
1563.9984359999999,4.853584079716614,1.7346020430442206,34723.0,3.151315789473684
1564.1984358,13.431705535555903,57.660704424357874,38334.0,2.9207317073170733
1564.3984355999999,9.459269556426134,37.84025562193523,39565.0,2.938650306748466
1564.5984354,8.359284999594365,47.60414345165438,36979.0,3.303448275862069
1564.7984351999999,10.12543008267858,37.02721562353516,38946.0,3.096774193548387
1564.998435,4.057908052439243,2.806230993756711,39131.0,3.0316455696202533
1565.1984347999999,11.988690756677661,53.652794308314505,40321.0,3.050955414012739
1565.3984346,13.004669927325983,123.52234425792045,36189.0,3.1372549019607843
1565.5984343999999,5.543382854027532,16.108168473467675,36685.0,3.116883116883117
1565.7984342,9.034628444052773,34.739804886745326,38581.0,3.1103896103896105
1565.9984339999999,7.745433101821518,19.727391492840916,38155.0,3.2364864864864864
1566.1984338,12.06368169277886,45.47950245637082,39509.0,3.0
1566.3984335999999,8.473855862544413,23.340942679211004,37714.0,3.2
1566.5984334,9.487103492470363,43.964546412463704,37452.0,3.3333333333333335
1566.7984331999999,15.888772193048261,50.201942496759244,39990.0,2.962962962962963
1566.998433,3.9740461514950844,11.852066230917375,39262.0,2.99375
1567.1984327999999,5.758167558302603,12.38120967422042,38506.0,3.0903225806451613
1567.3984326,4.292177215848487,4.872410255347136,38439.0,3.1933333333333334
1567.5984323999999,3.687980882854967,5.741196509344083,38081.0,3.2653061224489797
1567.7984322,2.867136150234742,4.30203455631955,38340.0,3.258503401360544
1567.9984319999999,2.9759125049413626,4.285984871638805,37945.0,3.287671232876712
1568.1984318,3.9854143588120485,6.91781509202485,37914.0,3.172185430463576
1568.3984315999999,5.252785081180712,13.70017595611088,36893.0,3.172185430463576
1568.5984314,11.515605006954102,50.095213477238744,35950.0,3.258503401360544
1568.7984311999999,11.507574330687476,31.542733008238567,37165.0,3.310344827586207
1568.998431,13.36339859125751,32.19437728593839,38616.0,2.981366459627329
1569.1984307999999,5.7533228329050266,35.620514065237835,36189.0,3.1578947368421053
1569.3984306,5.497577835066149,13.38604688499553,35299.0,3.2653061224489797
1569.5984303999999,4.739144910246095,9.54943616753797,36043.0,3.1372549019607843
1569.7984302,4.545553115182519,1.461623663316771,35969.0,3.1103896103896105
1569.9984299999999,3.383954719531426,5.805158624381528,35512.0,3.1103896103896105
1570.1984298,3.666676117033341,7.798052000822263,35272.0,3.1103896103896105
1570.3984295999999,,226.0694199022899,18047.0,3.168141592920354
1570.5984294,,230.29625619218368,35053.0,3.1578947368421053
1570.7984291999999,4.615556959843741,5.812462138580622,34814.0,3.116883116883117
1570.998429,6.381251621458015,3.60773475668966,34691.0,3.0903225806451613
1571.1984287999999,5.331535469952025,13.39971267306134,35227.0,3.1788079470198674
1571.3984286,4.421153297173851,2.6898602736451647,35030.0,3.1103896103896105
1571.5984283999999,6.993986598705687,18.365556986815466,34922.0,3.1103896103896105
1571.7984282,5.4855134093099736,16.63684473407937,35274.0,3.0705128205128207
1571.9984279999999,6.455207182711644,10.242359257863253,35307.0,3.1578947368421053
1572.1984278,10.028646415010051,30.547501586309274,35816.0,3.0705128205128207
1572.3984275999999,12.926701712551486,48.152795514748256,36904.0,2.8855421686746987
1572.5984274,3.66457773798866,4.69486883845039,36861.0,2.95679012345679
1572.7984271999999,4.691071334004131,10.35115268490662,37766.0,2.9447852760736195
1572.998427,4.918053233553592,5.111616988189867,37683.0,2.926829268292683
1573.1984267999999,7.259576917542092,46.72728965344575,34745.0,3.076923076923077
1573.3984266,9.640558181408958,29.566532670056624,35544.0,3.050955414012739
1573.5984263999999,7.063638440015988,16.969898463481776,35026.0,3.2364864864864864
1573.7984262,6.479730727213676,32.56989876321061,33869.0,3.2364864864864864
1573.9984259999999,6.345458833239984,10.26657628493728,33923.0,3.172185430463576
1574.1984258,4.499665084311384,5.948621359807722,34337.0,3.1372549019607843
1574.3984255999999,5.3704136480486095,4.1393250070073835,34232.0,3.076923076923077
1574.5984254,3.094134769320332,3.0770358944646667,34355.0,2.99375
1574.7984251999999,5.098241713232498,6.4267582201655635,34181.0,3.116883116883117
1574.998425,7.375155964367583,13.532455973676957,34463.0,3.0316455696202533
1575.1984247999999,15.826336525165027,72.70708554116783,38327.0,2.9207317073170733
1575.3984246,6.625476778101862,45.721244428850916,35656.0,3.018867924528302
1575.5984243999999,3.4937664963216712,3.4168635083281815,35614.0,3.0125786163522013
1575.7984242,6.277293207024029,12.274700939816164,34624.0,3.1103896103896105
1575.9984239999999,9.253764332090068,21.901138448508096,36195.0,2.8682634730538923
1576.1984238,7.330898525538328,9.280207688084532,36827.0,2.9207317073170733
1576.3984236,12.076377681949259,46.44072405796857,37799.0,2.95679012345679
1576.5984234,7.570569800569801,53.522488547638325,35100.0,3.2653061224489797
1576.7984232,5.584506434061663,7.694063454758002,34737.0,3.287671232876712
1576.998423,4.655828592879212,11.452295530695984,34631.0,3.310344827586207
1577.1984228,8.32285947574401,8.314887509738488,35517.0,3.076923076923077
1577.3984226,8.809593303411626,26.912555753597665,36317.0,3.2
1577.5984224,9.224399290437026,20.84607585656514,37206.0,3.0125786163522013
1577.7984222,6.100524111921467,17.344155670132466,36061.0,3.1103896103896105
1577.998422,7.4855657736905235,29.33396122269971,37515.0,3.116883116883117
1578.1984218,6.251130703612526,43.36910604942792,34934.0,3.214765100671141
1578.3984216,5.37364043506078,16.58737278855504,34386.0,3.214765100671141
1578.5984214,8.49414875661078,21.124239187952483,35548.0,3.0705128205128207
1578.7984212,6.043871643441073,16.54094180463386,34373.0,3.172185430463576
1578.998421,14.024237706678118,51.20718777144001,37256.0,2.8176470588235296
1579.1984208,6.786783114992722,47.05998686992839,34350.0,3.1103896103896105
1579.3984206,4.05264876094376,8.447678446759866,33695.0,3.1933333333333334
1579.5984204,21.073385151433932,106.57838838007045,37310.0,3.1103896103896105
1579.7984202,10.493057556029267,88.31536585832986,34714.0,3.221476510067114
1579.99842,7.5898830120283405,23.931570428561976,36414.0,3.050955414012739
1580.1984198,6.518623008748682,28.788608423144236,35091.0,2.9751552795031055
1580.3984196,5.464295939987402,11.311031115224118,34926.0,3.050955414012739
1580.5984194,3.6569290127933627,5.580541412082084,34471.0,3.116883116883117
1580.7984192,3.9126474056603775,8.290135044650988,33920.0,3.1103896103896105
1580.998419,6.416409249689656,8.809274511015957,34639.0,3.018867924528302
1581.1984188,5.014675858804035,10.71229748170981,33797.0,3.1103896103896105
1581.3984186,13.215393043001917,55.35125910790302,36510.0,2.95679012345679
1581.5984184,7.207621396277377,40.56603819282154,34062.0,3.2432432432432434
1581.7984182,4.04067756872399,1.0707767292456647,34122.0,3.221476510067114
1581.998418,3.5532865907099036,3.184197872851357,34230.0,3.221476510067114
1582.1984178,2.822161782768907,1.196945104050914,34194.0,3.214765100671141
1582.3984176,3.2472305257605063,3.220101935347643,34122.0,3.2432432432432434
1582.5984174,3.5996741533806587,4.747718999055735,34372.0,3.1788079470198674
1582.7984172,4.553957696686441,13.787808193251058,33378.0,3.2653061224489797
1582.998417,6.422083029861617,14.283762496778884,34325.0,3.116883116883117
1583.1984168,7.154064826211828,14.34671121180659,34122.0,3.1788079470198674
1583.3984166,7.271651843536827,10.201226676970428,34743.0,3.018867924528302
1583.5984164,7.223593924951911,10.030659033459157,34831.0,3.0705128205128207
1583.7984162,4.2338088700531245,17.022588143784194,33506.0,3.1372549019607843
1583.998416,6.023836858006042,7.430466857606807,33100.0,3.221476510067114
1584.1984158,15.930460306139244,65.4208253289832,36454.0,2.9751552795031055
1584.3984156,6.300262354767896,12.973860273101021,37354.0,2.938650306748466
1584.5984154,7.573235509904622,51.99855343658141,34075.0,3.2653061224489797
1584.7984152,9.545731436851288,26.57672816784921,33817.0,3.1933333333333334
1584.998415,10.362914460852606,35.00511085554165,35890.0,3.0316455696202533
1585.1984148,9.625165416850463,28.755663565001207,36272.0,3.2364864864864864
1585.3984146,11.293019898958656,30.58194073603792,38796.0,3.096774193548387
1585.5984144,7.854683862191645,29.89471919787663,38227.0,3.1933333333333334
1585.7984142,7.562635862696527,21.732311366361504,39562.0,2.981366459627329
1585.998414,5.837147131680279,21.305722052882942,40773.0,2.8682634730538923
1586.1984138,5.9414415471636115,14.949436726710397,42607.0,2.8176470588235296
1586.3984136,10.388450903772766,46.369326086574645,43761.0,2.6666666666666665
1586.5984134,3.732440632342542,4.973804709280654,43837.0,2.631868131868132
1586.7984132,3.6907570621468926,11.690526629034194,44250.0,2.6519337016574585
1586.998413,3.6367160210037635,7.513126005147407,44373.0,2.575268817204301
1587.1984128,3.937420662316549,10.211022261100114,44903.0,2.526315789473684
1587.3984126,4.469355406833392,10.205565795930049,45424.0,2.4564102564102566
1587.5984124,5.9455202570051755,20.754357857159597,44824.0,2.5891891891891894
1587.7984122,4.481417687976151,9.951873690444755,45285.0,2.526315789473684
1587.998412,4.583325936445943,18.725561023648854,45064.0,2.5614973262032086
1588.1984118,3.5184477799748337,5.429867282584736,44504.0,2.575268817204301
1588.3984116,3.5946060972604887,6.1971909869572315,44643.0,2.5614973262032086
1588.5984114,8.255372011818427,26.838157703426756,44676.0,2.6032608695652173
1588.7984112,5.747058563340411,23.415946517193,45216.0,2.5945945945945947
1588.998411,3.9622529282576866,32.0207114768105,43712.0,2.575268817204301
1589.1984108,4.870888550451208,6.135067778899537,43993.0,2.6373626373626373
1589.3984106,5.578654447921323,18.977155340681303,44740.0,2.5891891891891894
1589.5984104,3.409844299347062,6.525021754830659,43802.0,2.6263736263736264
1589.7984101999998,3.666950073213358,21.13305400058301,42342.0,2.6373626373626373
1589.99841,6.725677515159015,26.878603615753935,40405.0,2.721590909090909
1590.1984097999998,5.239685137932694,13.195647829338014,41542.0,2.661111111111111
1590.3984096,9.136050584114896,24.278615511019122,42543.0,2.7848837209302326
1590.5984093999998,6.08562058057313,19.672655475124095,42992.0,2.691011235955056
1590.7984092,4.4983332550823985,8.187997686106188,42598.0,2.7528735632183907
1590.9984089999998,5.711533130024952,22.09110334703415,43284.0,2.6032608695652173
1591.1984088,5.783635023720694,13.940528879281088,43422.0,2.6464088397790055
1591.3984085999998,5.986990814216322,26.46761283946957,41586.0,2.8855421686746987
1591.5984084,7.641032368866732,35.56490314257876,41923.0,2.801169590643275
1591.7984081999998,4.06813265184833,13.042953062262615,42065.0,2.8176470588235296
1591.998408,3.0904378568186703,4.76826158566758,41863.0,2.7745664739884393
1592.1984077999998,3.2224968207884443,4.188686261285731,41677.0,2.8176470588235296
1592.3984076,5.2759409845644445,18.307163244335907,41074.0,2.95679012345679
1592.5984073999998,2.8720168800931316,3.8300903663749106,41232.0,2.9447852760736195
1592.7984072,5.990995090408334,19.399028072218155,41755.0,2.857142857142857
1592.9984069999998,4.651615358995099,15.443898865372484,42034.0,2.874251497005988
1593.1984068,3.6653287230698552,5.573649075278637,41357.0,2.891566265060241
1593.3984065999998,3.281994352873036,4.566879059029184,41437.0,2.909090909090909
1593.5984064,2.692870512166071,3.8465421956166663,41139.0,2.9447852760736195
1593.7984061999998,3.196074133606098,4.241528437974609,41061.0,2.962962962962963
1593.998406,3.7613207547169814,10.187192519555152,41340.0,2.938650306748466
1594.1984057999998,2.9468469123240544,4.765052166643157,41277.0,2.9447852760736195
1594.3984056,4.471601832292977,13.930407252669722,42133.0,2.891566265060241
1594.5984053999998,4.028263763430636,5.664008200892473,42068.0,2.9447852760736195
1594.7984052,5.5350671910058145,27.747840737144976,41449.0,2.8855421686746987
1594.9984049999998,3.063546209887673,6.366299863274106,41041.0,2.938650306748466
1595.1984048,2.832365185400329,4.363374798615598,41316.0,2.938650306748466
1595.3984045999998,3.5541421490831846,6.477545473952464,40957.0,2.95679012345679
1595.5984044,2.823596792668958,4.764798087748844,41031.0,2.95679012345679
1595.7984041999998,2.953769039855954,3.6786004718807703,41098.0,2.981366459627329
1595.998404,2.537046934214362,2.5876323666796837,41164.0,2.981366459627329
1596.1984037999998,2.551359701821927,5.5356940911249195,40781.0,2.9751552795031055
1596.3984036,2.459573107755865,1.3996707486763609,40666.0,2.9751552795031055
1596.5984033999998,6.365301204819277,20.06858569915738,41500.0,2.874251497005988
1596.7984032,3.8136894173834643,1.448506367581201,41039.0,2.874251497005988
1596.9984029999998,6.646882350117602,20.921526436121596,41666.0,2.7005649717514126
1597.1984028,3.446463923673226,1.9947831340349564,41925.0,2.691011235955056
1597.3984025999998,3.8008556609861612,6.001273432032315,41839.0,2.691011235955056
1597.5984024,4.622058012043857,4.044340451707871,41681.0,2.7528735632183907
1597.7984021999998,5.131355038323606,11.378816550337218,42663.0,2.7745664739884393
1597.998402,4.337687831553364,9.481735895341123,42791.0,2.76878612716763
1598.1984017999998,4.911035880429275,10.928027986752179,43422.0,2.691011235955056
1598.3984016,4.465450577602771,17.563831293349313,42157.0,2.7848837209302326
1598.5984013999998,3.377093489068005,11.10167780475811,41438.0,2.874251497005988
1598.7984012,3.7182533932280344,6.345761094116061,41406.0,2.903030303030303
1598.9984009999998,3.436912602678902,9.15180439547729,40539.0,2.95679012345679
1599.1984008,3.4764482547458666,6.107312396703646,40825.0,2.9751552795031055
1599.3984005999998,2.5941034125141984,4.966150482357463,40498.0,2.9875
1599.5984004,3.627009329690077,4.780793384047154,40623.0,2.981366459627329
1599.7984001999998,3.925852874570823,2.5306798684287104,41067.0,2.95679012345679
1599.9984,3.1083723323450863,4.988631420043558,40813.0,3.0125786163522013
1600.1983997999998,4.233661680651831,0.5789551505088892,41115.0,2.95679012345679
1600.3983996,4.144591105426993,6.754415315326908,41441.0,2.903030303030303
1600.5983993999998,,183.3078433484021,22513.0,3.1271186440677967
1600.7983992,,190.79937174525713,42949.0,2.8982035928143715
1600.9983989999998,,6.753431453777602,41212.0,2.95679012345679
1601.1983988,2.8594060377173407,4.351554616715918,40777.0,2.962962962962963
1601.3983985999998,3.210308056872038,5.440781718324452,40512.0,3.0
1601.5983984,2.4737321965403383,2.4297522052607103,40582.0,2.99375
1601.7983981999998,3.811507312945727,12.537681243987755,41365.0,2.987577639751553
1601.998398,3.8416670833541677,8.343534337316873,39998.0,2.962962962962963
1602.1983977999998,6.0397073934530505,16.037663369401148,40874.0,2.8855421686746987
1602.3983976,6.0372626210106715,28.373485095719676,40389.0,2.823529411764706
1602.5983973999998,7.158313648967854,22.152509812783098,38948.0,3.018867924528302
1602.7983972,5.455735644523579,13.11294242572669,38191.0,3.0316455696202533
1602.9983969999998,6.3365494941066025,5.305828427148969,38348.0,3.0316455696202533
1603.1983968,5.502597132765427,15.480170854468316,38504.0,3.0705128205128207
1603.3983965999998,4.189915748541802,11.518765927154039,38575.0,3.0573248407643314
1603.5983964,4.811563169164883,8.491414466410795,39228.0,3.076923076923077
1603.7983961999998,4.414931603299135,12.53846277198043,39768.0,3.050955414012739
1603.998396,6.4040279593684,33.42821253691114,39772.0,2.938650306748466
1604.1983957999998,4.166712968809193,9.32840436975721,39595.0,3.018867924528302
1604.3983956,3.718152087142379,7.248691159651345,38833.0,3.0573248407643314
1604.5983953999998,3.4100642953437728,3.6816967514789463,38572.0,3.0573248407643314
1604.7983952,3.4637726420986885,6.431031822868658,38424.0,3.076923076923077
1604.9983949999998,,192.4305323194828,19664.0,3.036363636363636
1605.1983948,,191.3479076494671,37898.0,3.096774193548387
1605.3983945999998,4.3777591579167865,5.165499053260469,38191.0,3.037974683544304
1605.5983944,6.429595546177898,14.630135022529645,39337.0,2.891566265060241
1605.7983941999998,3.838762088974855,7.272677218987284,38775.0,2.938650306748466
1605.998394,4.32908811692438,12.829115074591423,37768.0,3.0573248407643314
1606.1983937999998,10.202762068269037,28.70801517425836,39608.0,2.8511904761904763
1606.3983936,7.504471318130044,30.815175340281318,41263.0,2.7848837209302326
1606.5983933999998,4.543909145248057,8.221328975521812,41825.0,2.737142857142857
1606.7983932,4.8667410025859414,15.731564107239379,42151.0,2.721590909090909
1606.9983929999999,3.383439675877629,15.64459784718971,41219.0,2.737142857142857
1607.1983928,3.682101205771892,8.514212341648832,40472.0,2.823529411764706
1607.3983925999999,2.9155801988111296,6.11374160779553,40038.0,2.834319526627219
1607.5983924,3.1714365031294167,5.6956687780131885,39624.0,2.874251497005988
1607.7983921999999,2.537751912373885,4.4241008632104935,39349.0,2.874251497005988
1607.998392,2.482161034201954,1.9076304032904687,39296.0,2.857142857142857
1608.1983917999999,3.197665881876408,8.001385383070946,39501.0,2.801169590643275
1608.3983916,3.2058627922443343,6.636817944866216,39094.0,2.8511904761904763
1608.5983913999999,2.3332566638554524,1.0089835516992949,39129.0,2.8511904761904763
1608.7983912,3.2394373388476168,8.490891497089425,39171.0,2.8682634730538923
1608.9983909999999,2.4971810505370033,2.368784233449371,39199.0,2.874251497005988
1609.1983908,4.714806400878747,14.828118560471262,40057.0,2.903030303030303
1609.3983905999999,2.8326485341937437,3.095205691673008,39671.0,2.926829268292683
1609.5983904,2.6009016310404216,2.193940479607777,39484.0,2.938650306748466
1609.7983901999999,2.388862059324403,1.1709908560604132,39343.0,2.9447852760736195
1609.99839,2.2782949285314613,0.5249758661383574,39318.0,2.938650306748466
1610.1983897999999,2.254428382367912,0.3910102742569348,39292.0,2.938650306748466
1610.3983896,2.2701346981386705,0.28466373266876943,39273.0,2.9447852760736195
1610.5983893999999,2.2650495074706645,0.304587830610417,39287.0,2.9447852760736195
1610.7983892,2.287672978414333,0.3200363450377389,39239.0,2.95679012345679
1610.9983889999999,2.3462392486154005,1.8266046163402745,39181.0,2.95679012345679
1611.1983888,4.3521091375021985,10.455938380296443,39803.0,2.891566265060241
1611.3983885999999,3.687429566642762,6.76589813732024,39044.0,2.8855421686746987
1611.5983884,,181.93273284363744,18925.0,3.267857142857143
1611.7983881999999,,197.62858011599883,37398.0,3.1788079470198674
1611.998388,3.3620786742820368,2.5791365704664413,37293.0,3.2432432432432434
1612.1983877999999,4.487619307335697,7.392635988765873,36670.0,3.258503401360544
1612.3983876,5.074037059045972,8.525145879485033,37022.0,3.280821917808219
1612.5983873999999,6.528430543815159,14.002562849219458,35490.0,3.3732394366197185
1612.7983872,9.172383705077166,25.69775781805001,36674.0,3.1933333333333334
1612.9983869999999,4.87090816626964,11.876464575383093,37361.0,3.0705128205128207
1613.1983868,3.7330141728875907,6.517932821722111,36972.0,3.037974683544304
1613.3983865999999,4.033521505376344,4.445362971357914,37200.0,2.99375
1613.5983864,3.238574287414138,4.367145761800937,36978.0,2.99375
1613.7983861999999,2.6532284319045036,1.542199756789595,36860.0,3.018867924528302
1613.998386,3.2639913525199296,3.7161541893147225,37005.0,3.0
1614.1983857999999,2.977625249959466,1.7297491746335003,37006.0,3.0
1614.3983856,3.5777132408303753,3.6349143557976906,37188.0,2.9447852760736195
1614.5983853999999,4.868155482414384,8.127889982465037,36763.0,3.018867924528302
1614.7983852,5.2340449095993575,17.288546042777398,36117.0,3.172185430463576
1614.9983849999999,4.473956489775914,14.977527440141525,36727.0,3.2
1615.1983848,6.996049471971907,20.66094513204607,38729.0,3.0125786163522013
1615.3983845999999,4.461800712846738,11.792500792771548,38718.0,3.0573248407643314
1615.5983844,8.088248524781033,23.27434818842109,37791.0,3.214765100671141
1615.7983841999999,5.060524878404037,13.540172863640512,38447.0,3.0903225806451613
1615.998384,4.2781838664885115,13.671706847017399,38169.0,3.1933333333333334
1616.1983837999999,2.6575681735231242,1.3775506664931336,38358.0,3.172185430463576
1616.3983836,3.174045364686297,2.9655279550119023,38444.0,3.1933333333333334
1616.5983833999999,2.404493796267334,2.1525134573722755,38364.0,3.2
1616.7983832,2.320487397589104,1.1320819497063024,38326.0,3.2
1616.9983829999999,2.303687127579298,0.4021648206619405,38431.0,3.1933333333333334
1617.1983828,2.326870455789227,0.32762697249136336,38373.0,3.2
1617.3983825999999,2.3361627664020057,1.3409316834661014,38288.0,3.2
1617.5983824,2.4964264209231093,1.7089016601996025,38197.0,3.214765100671141
1617.7983821999999,2.2788353276950066,0.04320777514907839,38191.0,3.221476510067114
1617.998382,2.2822916393914796,0.23539080295294215,38191.0,3.214765100671141
1618.1983817999999,2.309624634044333,0.8293138003189631,38256.0,3.214765100671141
1618.3983816,3.737217598097503,11.21154003224847,38686.0,3.2
1618.5983813999999,3.6379809351849395,3.8781697711519283,37661.0,3.2432432432432434
1618.7983812,2.9521385198737837,2.1392299067732456,37713.0,3.2432432432432434
1618.9983809999999,2.6579906852960744,3.0310621941149543,37575.0,3.2945205479452055
1619.1983808,2.3960301200010643,0.7155613738046669,37583.0,3.287671232876712
1619.3983805999999,2.3745880727118105,0.8513890025641588,37628.0,3.2653061224489797
1619.5983804,2.4345495279244678,1.7127546384797725,37494.0,3.280821917808219
1619.7983801999999,2.3125333049131407,0.7851799966499915,37532.0,3.280821917808219
1619.99838,2.2945808614222245,0.5373547481060221,37589.0,3.280821917808219
1620.1983797999999,2.3302459278185883,0.5226237705834429,37572.0,3.280821917808219
1620.3983796,2.2908994145822246,0.5407370613405383,37580.0,3.280821917808219
1620.5983793999999,2.4898949713558243,1.0307663754965122,37704.0,3.2653061224489797
1620.7983792,2.47983484283431,1.8398564896904417,37540.0,3.287671232876712
1620.9983789999999,2.353255950162398,0.9159030109473766,37562.0,3.287671232876712
1621.1983788,2.394212612037554,0.5395046808466339,37599.0,3.287671232876712
1621.3983786,5.258464297015083,9.848477637984654,37924.0,3.151315789473684
1621.5983784,3.494021782547333,7.990026483338718,37553.0,3.2364864864864864
1621.7983782,3.22655198796929,4.384120816302874,37903.0,3.2
1621.998378,3.514176003366472,2.5248611087152195,38022.0,3.2653061224489797
1622.1983778,2.8911989093673807,5.616827835385411,38143.0,3.258503401360544
1622.3983776,2.316364780203937,1.2459560640104788,38149.0,3.2653061224489797
1622.5983774,2.2992662335954552,0.6640548923331291,38023.0,3.258503401360544
1622.7983772,2.356595051741346,1.434513530668563,38074.0,3.2653061224489797
1622.998377,2.4502637130801688,3.011035583532898,37920.0,3.2653061224489797
1623.1983768,2.3310528116201352,0.8891508292518047,38003.0,3.2653061224489797
1623.3983766,3.6419050629576946,8.129590100941648,37962.0,3.1933333333333334
1623.5983764,,270.51948591259685,15849.0,2.1584158415841586
1623.7983762,,275.53077751342386,37081.0,3.3333333333333335
1623.998376,,290.4700099968793,16155.0,2.336734693877551
1624.1983758,,264.7577087997847,37808.0,3.303448275862069
1624.3983756,3.965219692959238,13.94025449965806,37780.0,3.310344827586207
1624.5983754,3.5916907377912155,12.544542159017514,37043.0,3.404255319148936
1624.7983752,3.4430721522709655,5.3462619232245165,37407.0,3.3566433566433567
1624.998375,2.9688346883468837,11.360406165588126,36900.0,3.3732394366197185
1625.1983748,4.180279576466665,22.576710448605983,35983.0,3.380281690140845
1625.3983746,4.698501670798749,15.596228217582802,37108.0,3.287671232876712
1625.5983744,3.088144653230425,5.782938863302988,36667.0,3.3333333333333335
1625.7983742,3.1522506379975024,6.034491137853168,36834.0,3.3732394366197185
1625.998374,2.759803520261973,2.8286221474089617,36645.0,3.404255319148936
1626.1983738,8.790928867752706,52.384987399870646,39532.0,3.303448275862069
1626.3983736,3.2769646874447056,2.344087989567874,39561.0,3.3333333333333335
1626.5983734,3.066616650281989,13.229526309940866,38654.0,3.3496503496503496
1626.7983732,2.6416362837121508,1.996292127143149,38673.0,3.326388888888889
1626.998373,2.8024275990579466,3.345777160771917,38639.0,3.3566433566433567
1627.1983728,,254.91641265214483,16666.0,2.7291666666666665
1627.3983726,,280.48913433712056,37561.0,3.326388888888889
1627.5983724,3.8934004713949,11.501870131883043,37336.0,3.380281690140845
1627.7983722,3.009139111667688,6.408492830130822,37531.0,3.3566433566433567
1627.998372,2.9684032349069023,6.36590832005777,37219.0,3.397163120567376
1628.1983718,2.448452358503273,1.4977534072282026,37121.0,3.4285714285714284
1628.3983716,2.9159042927515832,3.2098136347923125,36946.0,3.4532374100719423
1628.5983714,,270.58396688628187,15024.0,2.5714285714285716
1628.7983712,,271.61202963210303,36932.0,3.4532374100719423
1628.998371,,275.2722411127217,15143.0,2.5217391304347827
1629.1983708,,274.9852476700753,36877.0,3.4532374100719423
1629.3983706,2.3040138952967677,0.6943067367530574,36847.0,3.471014492753623
1629.5983704,2.3037318496403856,0.3884468803949131,36845.0,3.4532374100719423
1629.7983702,2.2670176962327653,0.5119663077107243,36844.0,3.471014492753623
1629.99837,2.3037291994146023,1.233297069972917,36898.0,3.4532374100719423
1630.1983698,2.84285176014641,3.4612333620660256,37156.0,3.4285714285714284
1630.3983696,2.872621890680763,1.0474291163028187,37267.0,3.446043165467626
1630.5983694,2.4118535703687716,1.7991073082563402,37069.0,3.4782608695652173
1630.7983692,2.337415666404747,0.9386041179995273,36907.0,3.471014492753623
1630.998369,2.344699016535178,0.767671873649922,37012.0,3.446043165467626
1631.1983688,2.291185771819337,0.6295286525382884,36997.0,3.446043165467626
1631.3983686,2.286451996647471,0.38514039321585697,36987.0,3.4782608695652173
1631.5983684,2.5512277958974634,1.7673584208057487,37099.0,3.446043165467626
1631.7983682,2.572530864197531,2.186312544598456,36936.0,3.4782608695652173
1631.998368,2.3908326552752914,1.6317225333674534,36870.0,3.471014492753623
1632.1983678,2.2946527985226624,0.4528149625620726,36823.0,3.471014492753623
1632.3983676,2.2970601021628085,0.5181344112850016,36804.0,3.4782608695652173
1632.5983674,2.3193747116454526,0.46162912017693347,36847.0,3.471014492753623
1632.7983672,2.4048194734983293,0.3277580220349354,36809.0,3.4532374100719423
1632.998367,2.547003893169258,1.8687853811786552,36731.0,3.4782608695652173
1633.1983668,2.3888783295772353,1.3406859789553445,36829.0,3.4782608695652173
1633.3983666,2.3735668182684715,1.4567678124726864,36719.0,3.471014492753623
1633.5983664,2.344451397012814,0.11998592864143655,36757.0,3.4782608695652173
1633.7983662,2.343711793952237,1.1178414644595234,36807.0,3.471014492753623
1633.9983659999998,2.5585475648118017,1.8092831215038883,36876.0,3.4532374100719423
1634.1983658,2.581320232343521,1.707542692145882,36842.0,3.471014492753623
1634.3983655999998,2.5064325263272176,1.1173319757411044,36844.0,3.471014492753623
1634.5983654,2.3852385726284986,1.7956434859581603,36907.0,3.446043165467626
1634.7983651999998,2.6520022867721122,3.6777343691342272,36733.0,3.4782608695652173
1634.998365,2.4456331877729256,0.6106488468075327,36640.0,3.471014492753623
1635.1983647999998,2.3508872352604464,1.7042292098288994,36687.0,3.4782608695652173
1635.3983646,2.336409418810399,2.1929983250869505,36735.0,3.4782608695652173
1635.5983643999998,2.3071331336781924,1.1261393826080939,36730.0,3.4782608695652173
1635.7983642,2.789669298174222,2.937927833129457,36861.0,3.4532374100719423
1635.9983639999998,2.4862232649498037,2.641595915218815,36656.0,3.4782608695652173
1636.1983638,2.424770541958042,1.5940717054774585,36608.0,3.471014492753623
1636.3983635999998,2.294556077317899,1.3917806479273793,36628.0,3.4782608695652173
1636.5983634,2.2876600381367473,0.5218176264306462,36710.0,3.471014492753623
1636.7983631999998,2.2697958404884564,0.8611668803753001,36687.0,3.4782608695652173
1636.998363,2.3169281134906563,2.1738882805062003,36655.0,3.471014492753623
1637.1983627999998,2.307944129201222,0.5442337254703262,36656.0,3.4782608695652173
1637.3983626,2.300671617341924,0.6310984259856154,36628.0,3.471014492753623
1637.5983623999998,2.353394935535748,0.3680619945916258,36687.0,3.4782608695652173
1637.7983622,2.739522748274175,2.527329243014683,36794.0,3.4782608695652173
1637.9983619999998,2.341664631333279,0.9857602565793815,36849.0,3.4532374100719423
1638.1983618,2.3536217713680436,1.8405920423774804,36819.0,3.4532374100719423
1638.3983615999998,2.535144986671019,1.0552486406721528,36762.0,3.471014492753623
1638.5983614,2.4338460703724802,2.193050648277309,36861.0,3.4782608695652173
1638.7983611999998,2.28337675024422,0.4953126114731874,36852.0,3.4532374100719423
1638.998361,2.302717849661289,1.3550317202493565,36757.0,3.4782608695652173
1639.1983607999998,2.318533871495582,1.2112334929590647,36668.0,3.4782608695652173
1639.3983606,2.520867385855944,0.9030795252491264,36708.0,3.471014492753623
1639.5983603999998,2.4375494178913217,0.5983752222152224,36677.0,3.4782608695652173
1639.7983602,2.3627587335351388,0.6602850143573152,36669.0,3.4782608695652173
1639.9983599999998,2.3498556566261777,0.4785430431189913,36718.0,3.4782608695652173
1640.1983598,2.3008225616921267,1.9844640316229605,36593.0,3.4782608695652173
1640.3983595999998,2.332006760071962,1.3303358537797518,36686.0,3.4782608695652173
1640.5983594,2.303686159207231,1.0230424969380392,36732.0,3.4782608695652173
1640.7983591999998,2.341236102027469,0.6608750970694828,36696.0,3.471014492753623
1640.998359,2.2797743930683088,0.4269158937603427,36701.0,3.471014492753623
1641.1983587999998,2.3953887195121952,1.8373326397288856,36736.0,3.4782608695652173
1641.3983586,3.39781666399101,10.890096835601497,37374.0,3.4532374100719423
1641.5983583999998,2.4559203444564046,4.445532805647273,37160.0,3.4532374100719423
1641.7983582,2.3695722618276087,1.818006034452529,37032.0,3.4782608695652173
1641.9983579999998,2.51469551542758,2.168365704524242,36882.0,3.471014492753623
1642.1983578,2.3412646851821775,0.481230727598322,36942.0,3.471014492753623
1642.3983575999998,2.28658172946598,0.2136775659446375,36890.0,3.471014492753623
1642.5983574,2.323746073014841,0.47918059707923294,36924.0,3.4782608695652173
1642.7983571999998,2.2843278119662753,0.4954875541694505,36887.0,3.4782608695652173
1642.998357,2.4553157042633567,1.5715526577814192,37060.0,3.4782608695652173
1643.1983567999998,2.2929658977202045,0.7636632728661927,36977.0,3.471014492753623
1643.3983566,2.5800596852957134,3.561074204192296,36860.0,3.4782608695652173
1643.5983563999998,2.329869286352196,1.5279511256732887,36951.0,3.471014492753623
1643.7983562,3.7364508134899257,4.6685115121379495,37124.0,3.446043165467626
1643.9983559999998,2.8067029332166973,7.8055718364820725,36581.0,3.4782608695652173
1644.1983558,3.4264159135933134,5.68127449363843,36849.0,3.380281690140845
1644.3983555999998,3.103659369790386,3.9378289064392065,36591.0,3.4532374100719423
1644.5983554,2.634433962264151,2.1684090222832975,36464.0,3.446043165467626
1644.7983551999998,2.420862125699243,1.0650990048438465,36468.0,3.4782608695652173
1644.998355,5.3872200263504615,14.046090319149403,37950.0,3.380281690140845
1645.1983547999998,3.2974770039421815,3.355447849492961,38050.0,3.3496503496503496
1645.3983546,2.711587531237669,0.9836364751202457,38015.0,3.3566433566433567
1645.5983543999998,2.962816856358451,7.22559347364237,37517.0,3.4285714285714284
1645.7983542,2.6881751594034884,6.323428737380411,37954.0,3.404255319148936
1645.9983539999998,2.6056045390373193,4.965487521044189,37541.0,3.446043165467626
1646.1983538,2.3818752159927694,3.0437503629608025,37617.0,3.4532374100719423
1646.3983535999998,2.356886799968135,0.9108034187072979,37659.0,3.4532374100719423
1646.5983534,2.345872657184634,0.8153736263022956,37615.0,3.446043165467626
1646.7983531999998,2.302699245916491,1.1812662878492337,37529.0,3.4782608695652173
1646.998353,2.48929737250495,1.8971488718813148,37374.0,3.471014492753623
1647.1983527999998,2.3035866780529464,2.1990093706384624,37472.0,3.471014492753623
1647.3983526,2.3008143105059404,1.3360200189227045,37455.0,3.4782608695652173
1647.5983523999998,2.494297591131955,1.565296270356656,37528.0,3.446043165467626
1647.7983522,2.5847928121228376,3.8379372326821963,37285.0,3.4782608695652173
1647.9983519999998,2.4668572497261483,3.268368170739387,37429.0,3.4782608695652173
1648.1983518,3.3250013183568,5.464495846553234,37926.0,3.471014492753623
1648.3983515999998,2.4271404722155974,2.5088527454416627,37737.0,3.471014492753623
1648.5983514,2.375269131602031,1.0732334588019161,37621.0,3.471014492753623
1648.7983511999998,2.309165890647865,0.9430213078222844,37585.0,3.4782608695652173
1648.998351,2.6736083512174442,1.7810204381649066,37743.0,3.4782608695652173
1649.1983507999998,2.367858282796042,0.9808075533673511,37596.0,3.4782608695652173
1649.3983506,2.5598893204916724,1.406434066913915,37586.0,3.4782608695652173
1649.5983503999998,2.748613580279672,2.2521905352396336,37687.0,3.4532374100719423
1649.7983502,2.639396684965091,2.7534925763483327,37526.0,3.471014492753623
1649.9983499999998,2.731657355679702,1.6225244886636399,37590.0,3.471014492753623
1650.1983498,2.645203538876861,2.1906363448766695,37413.0,3.5036496350364965
1650.3983495999998,2.328550090686013,0.25874430712682056,37492.0,3.471014492753623
1650.5983494,2.3584001278193485,1.608789171971623,37553.0,3.4782608695652173
1650.7983491999998,2.525117195823567,1.4303427416827859,37544.0,3.471014492753623
1650.998349,2.5154074351230724,3.953433741808356,37417.0,3.4963503649635035
1651.1983487999998,2.337665456874466,1.8605058478531329,37472.0,3.4963503649635035
1651.3983486,2.3231879426958515,1.1682395440299314,37554.0,3.5036496350364965
1651.5983483999998,2.32978610194743,0.8047997002747251,37588.0,3.4963503649635035
1651.7983482,2.3560026648900734,0.262892209437958,37525.0,3.4963503649635035
1651.9983479999999,5.132176059667,12.279484525327014,38078.0,3.4285714285714284
1652.1983478,3.3409755711913984,5.083866661128334,37947.0,3.4285714285714284
1652.3983475999999,2.6600929934263267,9.177901965080787,37422.0,3.4532374100719423
1652.5983474,2.61906665600597,3.0277873689102397,37521.0,3.4214285714285713
1652.7983471999999,2.563160140830044,2.115354256811122,37492.0,3.446043165467626
1652.998347,2.5434950576825726,4.280697438716839,37533.0,3.4532374100719423
1653.1983467999999,2.4115983781476737,0.9913443817414824,37488.0,3.446043165467626
1653.3983466,2.37178596247394,0.9514685453860553,37414.0,3.4782608695652173
1653.5983463999999,2.5391452900194857,1.956315642110057,37463.0,3.4782608695652173
1653.7983462,2.5523159303882195,2.4896740672678597,37350.0,3.471014492753623
1653.9983459999999,2.304681237642281,0.6169811335139317,37426.0,3.4963503649635035
1654.1983458,2.635899492114408,1.38129120343276,37410.0,3.471014492753623
1654.3983455999999,2.2992328049399875,0.17556234790118944,37409.0,3.471014492753623
1654.5983454,2.690023214238066,1.3163449896010726,37477.0,3.4782608695652173
1654.7983451999999,2.312884749210428,0.7671211755345152,37362.0,3.4782608695652173
1654.998345,2.5599296825058597,2.4787387002913928,37544.0,3.4532374100719423
1655.1983447999999,2.3309866666666665,1.4863755140024157,37500.0,3.4782608695652173
1655.3983446,2.4461184404185286,1.7555830061398086,37369.0,3.5036496350364965
1655.5983443999999,2.339424260260046,0.8084917915068623,37378.0,3.4963503649635035
1655.7983442,2.316617686347849,0.6904621686863318,37430.0,3.4963503649635035
1655.9983439999999,2.2921693999304424,0.6647146122316591,37379.0,3.4782608695652173
1656.1983438,2.300902010117502,0.11872507493170319,37361.0,3.4963503649635035
1656.3983435999999,2.3311097473116846,1.2169392036707192,37477.0,3.471014492753623
1656.5983434,2.3135832755586367,0.9697034722913012,37502.0,3.4782608695652173
1656.7983431999999,2.3326296662480295,0.2947903946558727,37423.0,3.471014492753623
1656.998343,2.3734654203616414,1.8930532971353693,37551.0,3.4782608695652173
1657.1983427999999,3.0053005851636097,10.659346484753112,38109.0,3.4782608695652173
1657.3983426,2.678245687184031,3.463571592389368,38374.0,3.471014492753623
1657.5983423999999,2.520997375328084,6.377195944387223,38100.0,3.471014492753623
1657.7983422,2.5659511629133482,2.228225694766027,37922.0,3.5036496350364965
1657.9983419999999,2.3028759894459103,0.47361820343476746,37900.0,3.5036496350364965
1658.1983418,2.346201513593334,0.5978331105675865,37923.0,3.4782608695652173
1658.3983415999999,2.374567816516667,0.9112314142662871,37889.0,3.5036496350364965
1658.5983414,2.2803654414871146,0.7032321365478963,37872.0,3.4963503649635035
1658.7983411999999,6.83129839189994,37.78623693262184,40296.0,3.3732394366197185
1658.998341,4.189234443869887,4.409474715798255,40611.0,3.4285714285714284
1659.1983407999999,3.5671428199724193,38.12612264642513,38433.0,3.4285714285714284
1659.3983406,3.1113774951790276,1.1487543701074758,38374.0,3.446043165467626
1659.5983403999999,2.824396502068388,3.503984086517035,38194.0,3.4782608695652173
1659.7983402,2.9769760885454737,1.563388729837442,38308.0,3.4782608695652173
1659.9983399999999,2.7224896656375908,2.568996606632782,38222.0,3.4782608695652173
1660.1983398,2.617251454291806,5.588203434756333,37991.0,3.4782608695652173
1660.3983395999999,5.810002355342703,22.345769280462154,38211.0,3.258503401360544
1660.5983394,3.0376581115834775,1.6975763770489831,38106.0,3.221476510067114
1660.7983391999999,3.6098957530940274,12.473289279742941,38946.0,3.172185430463576
1660.998339,,257.35434759637684,17271.0,2.2549019607843137
1661.1983387999999,,250.49534824292294,39090.0,3.2
1661.3983386,3.5902550770893926,15.4069036962407,38851.0,3.221476510067114
1661.5983383999999,2.9366907224552534,7.739190825944869,38383.0,3.310344827586207
1661.7983382,2.5630450153193496,2.255367977908875,38187.0,3.3333333333333335
1661.9983379999999,3.267586680035886,8.91895790830273,37898.0,3.3732394366197185
1662.1983378,2.531377321551405,3.471515749054005,37798.0,3.3732394366197185
1662.3983375999999,2.5137313985145244,2.5420491118138933,37833.0,3.3566433566433567
1662.5983374,2.533919398400678,2.1712088567439523,37766.0,3.3496503496503496
1662.7983371999999,2.9340973446599348,4.476740053826996,37434.0,3.380281690140845
1662.998337,3.017264843228819,6.167777523503776,37475.0,3.4285714285714284
1663.1983367999999,3.3806572423251398,13.126411677463143,37916.0,3.397163120567376
1663.3983366,2.9193791879651454,4.027971311800668,37757.0,3.446043165467626
1663.5983363999999,2.616822677032101,0.42387053629012195,37818.0,3.4532374100719423
1663.7983362,2.4875580932147123,0.9067229151097823,37655.0,3.4782608695652173
1663.9983359999999,2.638284199534099,3.7807138346006117,37347.0,3.5294117647058822
1664.1983358,2.8359257265877287,3.9557137092359214,37160.0,3.5481481481481483
1664.3983355999999,2.3960086299892125,0.8250549272915344,37080.0,3.574626865671642
1664.5983354,2.8495083368961094,3.2426305140846754,37424.0,3.5555555555555554
1664.7983351999999,2.524067632068603,5.820733080367129,37083.0,3.5481481481481483
1664.998335,2.6201974962227497,2.8444700708572515,37064.0,3.582089552238806
1665.1983347999999,2.596762404915947,2.3120994378220496,36941.0,3.582089552238806
1665.3983346,2.6666846128997523,3.8499289772253222,37148.0,3.582089552238806
1665.5983343999999,2.3656912373785226,1.303934514128441,36941.0,3.601503759398496
1665.7983342,2.5058404867977835,3.82036106263741,36812.0,3.6090225563909772
1665.9983339999999,3.1567790889206924,3.991471609789423,37033.0,3.582089552238806
1666.1983338,2.77250525281742,6.993272169477791,36647.0,3.628787878787879
1666.3983336,2.3509603596240294,1.1860237692786912,36705.0,3.6090225563909772
1666.5983334,3.0149629308945287,4.538884928096435,36958.0,3.582089552238806
1666.7983332,2.876363040091826,4.5613945476172715,36591.0,3.6363636363636362
1666.998333,2.3294578920140494,0.4324133766259887,36727.0,3.628787878787879
1667.1983328,2.365245330283723,0.36206639721011075,36726.0,3.6363636363636362
1667.3983326,2.555646236295873,2.9114765103559224,36759.0,3.6090225563909772
1667.5983324,2.6151055588893133,2.9074338775415023,36662.0,3.628787878787879
1667.7983322,2.4639664195377233,0.8806648854000967,36688.0,3.628787878787879
1667.998332,2.7570786638514426,4.394642226769354,36942.0,3.6090225563909772
1668.1983318,2.7077216916780356,3.5931775865438924,36650.0,3.628787878787879
1668.3983316,2.3083028749113526,0.48516456442217676,36662.0,3.628787878787879
1668.5983314,2.40681275764808,3.60078941795348,36872.0,3.628787878787879
1668.7983312,2.469594321034306,1.8911575793319921,37049.0,3.6090225563909772
1668.998331,2.469632348971549,2.2175475876405746,37046.0,3.6090225563909772
1669.1983308,2.3104266041447707,0.960687134282316,37107.0,3.582089552238806
1669.3983306,2.5194256299105935,3.1616586814717738,36910.0,3.628787878787879
1669.5983304,2.4768904708855257,2.1294359933996962,36803.0,3.6363636363636362
1669.7983302,2.7801986629496307,1.9768013965240452,36947.0,3.601503759398496
1669.99833,2.395358251248145,3.2985372750810886,37055.0,3.6090225563909772
1670.1983298,2.7176972397304935,4.939870620124749,36808.0,3.6363636363636362
1670.3983296,2.3051077826406066,0.08378605297435374,36787.0,3.628787878787879
1670.5983294,2.3282186136037084,0.6958155365923244,36887.0,3.6363636363636362
1670.7983292,2.3529204403709527,1.0194957032866512,36878.0,3.628787878787879
1670.998329,2.902298230470436,3.77733059057059,37072.0,3.601503759398496
1671.1983288,2.4249628127112914,2.371338531238919,36975.0,3.601503759398496
1671.3983286,2.6445774972230502,2.5779058378608086,36911.0,3.6363636363636362
1671.5983284,2.3902896266913003,0.5124967881391631,36806.0,3.6363636363636362
1671.7983282,2.30731905665492,1.5419475784056074,36890.0,3.628787878787879
1671.998328,2.329606816270046,0.7208974181212338,36853.0,3.628787878787879
1672.1983278,2.352299192980556,0.5515590462911893,36926.0,3.6363636363636362
1672.3983276,2.323844671786383,0.846303916476937,36851.0,3.6363636363636362
1672.5983274,2.718838699213365,3.258449970686474,36993.0,3.601503759398496
1672.7983272,2.5026582759181903,2.545791967764285,36866.0,3.6363636363636362
1672.998327,2.4465623981753013,0.8115360277761279,36828.0,3.6363636363636362
1673.1983268,2.3373173970783534,2.272717195967455,36897.0,3.628787878787879
1673.3983266,2.373134733300776,3.107135530151511,36858.0,3.6363636363636362
1673.5983264,2.3309295957925555,0.4677569060510379,36887.0,3.6363636363636362
1673.7983262,2.6577888225601685,2.7085315891636457,37021.0,3.6090225563909772
1673.998326,,276.47982009704316,14772.0,2.8452380952380953
1674.1983258,,278.94069341817044,37065.0,3.582089552238806
1674.3983256,3.7095128108717836,11.508221358842937,37234.0,3.5036496350364965
1674.5983254,3.069081786793267,8.257468572897457,37072.0,3.4963503649635035
1674.7983252,2.9753143290700197,4.192480540953483,36904.0,3.5481481481481483
1674.998325,2.500771291710644,1.5525986349169403,36951.0,3.574626865671642
1675.1983248,3.107477385858802,8.87946014589781,37366.0,3.574626865671642
1675.3983246,3.99231295740536,8.225701611177616,37986.0,3.471014492753623
1675.5983244,3.339374014380028,17.532549774528313,37413.0,3.446043165467626
1675.7983242,3.090179139283443,8.036359481323274,37736.0,3.397163120567376
1675.998324,2.728828515656336,4.387949104546234,37397.0,3.4532374100719423
1676.1983238,2.879495775781145,2.8546472630927267,37285.0,3.4285714285714284
1676.3983236,2.9707002557266446,5.924619797560221,36758.0,3.5036496350364965
1676.5983234,3.1062575371834384,8.840858903163111,37315.0,3.4532374100719423
1676.7983232,2.7079634040710263,5.345537240383938,36944.0,3.4782608695652173
1676.998323,3.2546883803289246,5.666042233865055,37273.0,3.404255319148936
1677.1983228,2.832295960984022,3.9227237557800145,37113.0,3.4782608695652173
1677.3983226,3.005976368670669,8.201627930977722,36477.0,3.5555555555555554
1677.5983224,2.8342457172426943,3.7107438023050454,36717.0,3.5294117647058822
1677.7983222,2.4916207216551123,3.7947512549830074,36638.0,3.5481481481481483
1677.998322,2.8536352214999727,4.568019947658733,36614.0,3.574626865671642
1678.1983217999998,2.692703577654188,5.557432259310541,36141.0,3.6363636363636362
1678.3983216,2.395830464597505,2.048491050043571,36311.0,3.6363636363636362
1678.5983213999998,2.513814739391271,2.295382150647441,36338.0,3.601503759398496
1678.7983212,2.607085877757606,1.4789461555775107,36354.0,3.601503759398496
1678.9983209999998,2.685722995067339,3.8867266947454544,36086.0,3.628787878787879
1679.1983208,2.5479097197343403,3.3529063258603706,36287.0,3.6363636363636362
1679.3983205999998,2.346020284422886,0.7300858876645447,36284.0,3.6363636363636362
1679.5983204,2.521524464662155,2.6277043407015523,36052.0,3.66412213740458
1679.7983201999998,2.645243862160079,2.910051469669363,36332.0,3.6363636363636362
1679.99832,2.3553728161253704,1.9797191155260354,36117.0,3.6363636363636362
1680.1983197999998,2.5253776853776855,1.4794559182879043,36075.0,3.6564885496183206
1680.3983196,2.3815040088471107,1.030472739358465,36170.0,3.66412213740458
1680.5983193999998,2.5496261140697,2.9728385540612225,36241.0,3.6363636363636362
1680.7983192,2.6233398951950537,3.145333558775399,36067.0,3.6564885496183206
1680.9983189999998,2.3222548151427937,1.2823522400580765,36136.0,3.66412213740458
1681.1983188,2.901186096315414,5.229613706397306,36422.0,3.6363636363636362
1681.3983185999998,2.563172600769082,4.690136993716037,36147.0,3.66412213740458
1681.5983184,2.4280579517805796,0.6604013205643592,36168.0,3.6564885496183206
1681.7983181999998,2.328960088385582,0.6781350543191833,36205.0,3.66412213740458
1681.998318,2.7383382724179564,4.614299628940959,36444.0,3.6363636363636362
1682.1983177999998,2.299140385457731,0.6143774974887811,36528.0,3.6363636363636362
1682.3983176,2.804454086115993,3.118889248225707,36416.0,3.628787878787879
1682.5983173999998,2.36821344436531,1.155178457187302,36506.0,3.628787878787879
